onset	duration	nwb_table	treelevel
9.585999965667725	0.09999999999999964	epochs	0.0
9.585999965667725	0.04499999999999993	epochs	1.0
9.630999965667725	0.009999999999999787	epochs	1.0
9.640999965667724	0.04499999999999993	epochs	1.0
9.685999965667724	0.7049950000000003	epochs	0.0
9.685999965667724	0.5	epochs	-1.0
9.685999965667724	0.5	epochs	-1.0
9.685999965667724	0.5	epochs	1.0
10.185999965667724	0.0600000000000005	epochs	-1.0
10.185999965667724	0.025000000000000355	epochs	-1.0
10.185999965667724	0.025000000000000355	epochs	1.0
10.210999965667725	0.009999999999999787	epochs	-1.0
10.210999965667725	0.009999999999999787	epochs	1.0
10.220999965667724	0.025000000000000355	epochs	-1.0
10.220999965667724	0.025000000000000355	epochs	1.0
10.245999965667725	0.0600000000000005	epochs	-1.0
10.245999965667725	0.025000000000000355	epochs	-1.0
10.245999965667725	0.025000000000000355	epochs	1.0
10.270999965667725	0.009999999999999787	epochs	-1.0
10.270999965667725	0.009999999999999787	epochs	1.0
10.280999965667725	0.025000000000000355	epochs	-1.0
10.280999965667725	0.025000000000000355	epochs	1.0
10.305999965667725	0.05999999999999872	epochs	-1.0
10.305999965667725	0.02499999999999858	epochs	-1.0
10.305999965667725	0.02499999999999858	epochs	1.0
10.330999965667724	0.010000000000001563	epochs	-1.0
10.330999965667724	0.010000000000001563	epochs	1.0
10.340999965667725	0.02499999999999858	epochs	-1.0
10.340999965667725	0.02499999999999858	epochs	1.0
10.365999965667724	0.024995000000000545	epochs	1.0
421.09299993515015	0.10000000000002274	epochs	0.0
421.09299993515015	0.045000000000015916	epochs	1.0
421.13799993515016	0.009999999999990905	epochs	1.0
421.14799993515015	0.045000000000015916	epochs	1.0
421.19299993515017	0.7049949999999967	epochs	0.0
421.19299993515017	0.5	epochs	-1.0
421.19299993515017	0.5	epochs	1.0
421.69299993515017	0.060000000000002274	epochs	-1.0
421.69299993515017	0.024999999999977263	epochs	-1.0
421.69299993515017	0.024999999999977263	epochs	1.0
421.71799993515015	0.009999999999990905	epochs	-1.0
421.71799993515015	0.009999999999990905	epochs	1.0
421.72799993515014	0.025000000000034106	epochs	-1.0
421.72799993515014	0.025000000000034106	epochs	1.0
421.75299993515017	0.060000000000002274	epochs	-1.0
421.75299993515017	0.024999999999977263	epochs	-1.0
421.75299993515017	0.024999999999977263	epochs	1.0
421.77799993515015	0.009999999999990905	epochs	-1.0
421.77799993515015	0.009999999999990905	epochs	1.0
421.78799993515014	0.025000000000034106	epochs	-1.0
421.78799993515014	0.025000000000034106	epochs	1.0
421.8129999351502	0.05999999999994543	epochs	-1.0
421.8129999351502	0.024999999999977263	epochs	-1.0
421.8129999351502	0.024999999999977263	epochs	1.0
421.83799993515015	0.009999999999990905	epochs	-1.0
421.83799993515015	0.009999999999990905	epochs	1.0
421.84799993515014	0.024999999999977263	epochs	-1.0
421.84799993515014	0.024999999999977263	epochs	1.0
421.8729999351501	0.02499500000004673	epochs	1.0
461.90700006484985	0.10000000000002274	epochs	0.0
461.90700006484985	0.045000000000015916	epochs	1.0
461.95200006484987	0.009999999999990905	epochs	1.0
461.96200006484986	0.045000000000015916	epochs	1.0
462.0070000648499	61.384995	epochs	0.0
462.0070000648499	0.5	epochs	-1.0
462.0070000648499	0.5	epochs	-1.0
462.0070000648499	0.5	epochs	1.0
462.5070000648499	0.060000000000002274	epochs	-1.0
462.5070000648499	0.024999999999977263	epochs	-1.0
462.5070000648499	0.024999999999977263	epochs	1.0
462.53200006484985	0.009999999999990905	epochs	-1.0
462.53200006484985	0.009999999999990905	epochs	1.0
462.54200006484984	0.025000000000034106	epochs	-1.0
462.54200006484984	0.025000000000034106	epochs	1.0
462.5670000648499	0.060000000000002274	epochs	-1.0
462.5670000648499	0.024999999999977263	epochs	-1.0
462.5670000648499	0.024999999999977263	epochs	1.0
462.59200006484986	0.009999999999990905	epochs	-1.0
462.59200006484986	0.009999999999990905	epochs	1.0
462.60200006484985	0.025000000000034106	epochs	-1.0
462.60200006484985	0.025000000000034106	epochs	1.0
462.6270000648499	0.05999999999994543	epochs	-1.0
462.6270000648499	0.024999999999977263	epochs	-1.0
462.6270000648499	0.024999999999977263	epochs	1.0
462.65200006484986	0.009999999999990905	epochs	-1.0
462.65200006484986	0.009999999999990905	epochs	1.0
462.66200006484985	0.024999999999977263	epochs	-1.0
462.66200006484985	0.024999999999977263	epochs	1.0
462.6870000648498	60.0	epochs	1.0
522.6870000648498	0.5	epochs	-1.0
522.6870000648498	0.5	epochs	-1.0
522.6870000648498	0.5	epochs	1.0
523.1870000648498	0.06000000000005912	epochs	-1.0
523.1870000648498	0.024999999999977263	epochs	-1.0
523.1870000648498	0.024999999999977263	epochs	1.0
523.2120000648498	0.010000000000104592	epochs	-1.0
523.2120000648498	0.010000000000104592	epochs	1.0
523.2220000648499	0.024999999999977263	epochs	-1.0
523.2220000648499	0.024999999999977263	epochs	1.0
523.2470000648499	0.05999999999994543	epochs	-1.0
523.2470000648499	0.024999999999977263	epochs	-1.0
523.2470000648499	0.024999999999977263	epochs	1.0
523.2720000648499	0.009999999999990905	epochs	-1.0
523.2720000648499	0.009999999999990905	epochs	1.0
523.2820000648499	0.024999999999977263	epochs	-1.0
523.2820000648499	0.024999999999977263	epochs	1.0
523.3070000648498	0.06000000000005912	epochs	-1.0
523.3070000648498	0.024999999999977263	epochs	-1.0
523.3070000648498	0.024999999999977263	epochs	1.0
523.3320000648498	0.009999999999990905	epochs	-1.0
523.3320000648498	0.009999999999990905	epochs	1.0
523.3420000648498	0.02500000000009095	epochs	-1.0
523.3420000648498	0.02500000000009095	epochs	1.0
523.3670000648499	0.024994999999989886	epochs	1.0
545.9099998474121	0.10000000000002274	epochs	0.0
545.9099998474121	0.04499999999995907	epochs	1.0
545.9549998474121	0.009999999999990905	epochs	1.0
545.9649998474121	0.04500000000007276	epochs	1.0
546.0099998474121	0.7049949999999399	epochs	0.0
546.0099998474121	0.5	epochs	-1.0
546.0099998474121	0.5	epochs	-1.0
546.0099998474121	0.5	epochs	1.0
546.5099998474121	0.05999999999994543	epochs	-1.0
546.5099998474121	0.024999999999977263	epochs	-1.0
546.5099998474121	0.024999999999977263	epochs	1.0
546.5349998474121	0.009999999999990905	epochs	-1.0
546.5349998474121	0.009999999999990905	epochs	1.0
546.5449998474121	0.024999999999977263	epochs	-1.0
546.5449998474121	0.024999999999977263	epochs	1.0
546.5699998474121	0.06000000000005912	epochs	-1.0
546.5699998474121	0.024999999999977263	epochs	-1.0
546.5699998474121	0.024999999999977263	epochs	1.0
546.594999847412	0.010000000000104592	epochs	-1.0
546.594999847412	0.010000000000104592	epochs	1.0
546.6049998474122	0.024999999999977263	epochs	-1.0
546.6049998474122	0.024999999999977263	epochs	1.0
546.6299998474121	0.05999999999994543	epochs	-1.0
546.6299998474121	0.024999999999977263	epochs	-1.0
546.6299998474121	0.024999999999977263	epochs	1.0
546.6549998474121	0.009999999999990905	epochs	-1.0
546.6549998474121	0.009999999999990905	epochs	1.0
546.6649998474121	0.024999999999977263	epochs	-1.0
546.6649998474121	0.024999999999977263	epochs	1.0
546.6899998474121	0.024994999999989886	epochs	1.0
622.5260000228882	0.10000000000002274	epochs	0.0
622.5260000228882	0.04499999999995907	epochs	1.0
622.5710000228881	0.009999999999990905	epochs	1.0
622.5810000228881	0.04500000000007276	epochs	1.0
622.6260000228882	5.999979999999937	epochs	0.0
622.6260000228882	0.5	epochs	-1.0
622.6260000228882	0.5	epochs	-1.0
622.6260000228882	0.5	epochs	1.0
623.1260000228882	5.0	epochs	1.0
628.1260000228882	0.4999799999999368	epochs	-1.0
628.1260000228882	0.4999799999999368	epochs	1.0
638.0099997520447	0.10000000000002274	epochs	0.0
638.0099997520447	0.04499999999995907	epochs	1.0
638.0549997520446	0.009999999999990905	epochs	1.0
638.0649997520446	0.04500000000007276	epochs	1.0
638.1099997520447	0.5395999999999503	epochs	0.0
638.1099997520447	0.5	epochs	-1.0
638.1099997520447	0.5	epochs	1.0
638.6099997520447	0.03959999999995034	epochs	1.0
638.6495997520447	2.9603799999999865	epochs	0.0
638.9260001182556	0.10000000000002274	epochs	0.0
638.9260001182556	0.04499999999995907	epochs	1.0
638.9710001182556	0.009999999999990905	epochs	1.0
638.9810001182556	0.04500000000007276	epochs	1.0
639.0260001182556	0.5002399999999625	epochs	0.0
639.0260001182556	0.5	epochs	-1.0
639.0260001182556	0.5	epochs	1.0
639.5260001182556	0.00023999999996249244	epochs	1.0
639.5262401182556	2.9997399999999743	epochs	0.0
639.7929997444153	0.10000000000002274	epochs	0.0
639.7929997444153	0.04499999999995907	epochs	1.0
639.8379997444152	0.009999999999990905	epochs	1.0
639.8479997444152	0.04500000000007276	epochs	1.0
639.8929997444153	0.500479999999925	epochs	0.0
639.8929997444153	0.5	epochs	-1.0
639.8929997444153	0.5	epochs	1.0
640.3929997444153	0.0004799999999249849	epochs	1.0
640.3934797444152	2.999500000000012	epochs	0.0
640.6760001182556	0.10000000000002274	epochs	0.0
640.6760001182556	0.04499999999995907	epochs	1.0
640.7210001182556	0.009999999999990905	epochs	1.0
640.7310001182556	0.04500000000007276	epochs	1.0
640.7760001182556	0.5394800000000259	epochs	0.0
640.7760001182556	0.5	epochs	-1.0
640.7760001182556	0.5	epochs	1.0
641.2760001182556	0.03948000000002594	epochs	1.0
641.3154801182557	2.960499999999911	epochs	0.0
641.6259999275208	0.10000000000002274	epochs	0.0
641.6259999275208	0.04499999999995907	epochs	1.0
641.6709999275207	0.009999999999990905	epochs	1.0
641.6809999275207	0.04500000000007276	epochs	1.0
641.7259999275208	0.5003600000000006	epochs	0.0
641.7259999275208	0.5	epochs	-1.0
641.7259999275208	0.5	epochs	1.0
642.2259999275208	0.0003600000000005821	epochs	1.0
642.2263599275208	2.9996199999999362	epochs	0.0
642.558000087738	0.10000000000002274	epochs	0.0
642.558000087738	0.04499999999995907	epochs	1.0
642.603000087738	0.009999999999990905	epochs	1.0
642.613000087738	0.04500000000007276	epochs	1.0
642.6580000877381	0.539859999999976	epochs	0.0
642.6580000877381	0.5	epochs	-1.0
642.6580000877381	0.5	epochs	1.0
643.1580000877381	0.039859999999976026	epochs	1.0
643.197860087738	2.960119999999961	epochs	0.0
643.4749999046326	0.10000000000002274	epochs	0.0
643.4749999046326	0.04499999999995907	epochs	1.0
643.5199999046325	0.009999999999990905	epochs	1.0
643.5299999046325	0.04500000000007276	epochs	1.0
643.5749999046326	0.5399800000000141	epochs	0.0
643.5749999046326	0.5	epochs	-1.0
643.5749999046326	0.5	epochs	1.0
644.0749999046326	0.039980000000014115	epochs	1.0
644.1149799046326	2.9599999999999227	epochs	0.0
644.4909996986389	0.10000000000002274	epochs	0.0
644.4909996986389	0.04499999999995907	epochs	1.0
644.5359996986389	0.009999999999990905	epochs	1.0
644.5459996986389	0.04500000000007276	epochs	1.0
644.5909996986389	3.0194000000000187	epochs	0.0
644.5909996986389	0.5	epochs	-1.0
644.5909996986389	0.5	epochs	1.0
645.0909996986389	1.0	epochs	1.0
646.0909996986389	1.5194000000000187	epochs	1.0
646.5909996986389	0.5	epochs	-1.0
647.0909996986389	0.5	epochs	-1.0
647.610399698639	0.4805799999999181	epochs	0.0
647.9909996986389	0.10000000000002274	epochs	0.0
647.9909996986389	0.04499999999995907	epochs	1.0
648.0359996986389	0.009999999999990905	epochs	1.0
648.0459996986389	0.04500000000007276	epochs	1.0
648.0909996986389	0.5003600000000006	epochs	0.0
648.0909996986389	0.5	epochs	-1.0
648.0909996986389	0.5	epochs	1.0
648.5909996986389	0.0003600000000005821	epochs	1.0
648.5913596986389	2.9996199999999362	epochs	0.0
648.9579997062683	0.10000000000002274	epochs	0.0
648.9579997062683	0.04499999999995907	epochs	1.0
649.0029997062683	0.009999999999990905	epochs	1.0
649.0129997062683	0.04500000000007276	epochs	1.0
649.0579997062683	0.5394800000000259	epochs	0.0
649.0579997062683	0.5	epochs	-1.0
649.0579997062683	0.5	epochs	1.0
649.5579997062683	0.03948000000002594	epochs	1.0
649.5974797062684	2.960499999999911	epochs	0.0
649.9579997062683	0.10000000000002274	epochs	0.0
649.9579997062683	0.04499999999995907	epochs	1.0
650.0029997062683	0.009999999999990905	epochs	1.0
650.0129997062683	0.04500000000007276	epochs	1.0
650.0579997062683	0.5	epochs	-1.0
650.0579997062683	0.5	epochs	0.0
650.0579997062683	0.5	epochs	1.0
650.5579997062683	2.999979999999937	epochs	0.0
650.9409999847412	0.10000000000002274	epochs	0.0
650.9409999847412	0.04499999999995907	epochs	1.0
650.9859999847412	0.009999999999990905	epochs	1.0
650.9959999847412	0.04500000000007276	epochs	1.0
651.0409999847412	0.5389799999999241	epochs	0.0
651.0409999847412	0.5	epochs	-1.0
651.0409999847412	0.5	epochs	1.0
651.5409999847412	0.038979999999924075	epochs	1.0
651.5799799847412	2.9610000000000127	epochs	0.0
651.9749999046326	0.10000000000002274	epochs	0.0
651.9749999046326	0.04499999999995907	epochs	1.0
652.0199999046325	0.009999999999990905	epochs	1.0
652.0299999046325	0.04500000000007276	epochs	1.0
652.0749999046326	0.5394800000000259	epochs	0.0
652.0749999046326	0.5	epochs	-1.0
652.0749999046326	0.5	epochs	1.0
652.5749999046326	0.03948000000002594	epochs	1.0
652.6144799046326	2.960499999999911	epochs	0.0
653.08899974823	0.10000000000002274	epochs	0.0
653.08899974823	0.04499999999995907	epochs	1.0
653.1339997482299	0.009999999999990905	epochs	1.0
653.1439997482299	0.04500000000007276	epochs	1.0
653.18899974823	0.5387200000000121	epochs	0.0
653.18899974823	0.5	epochs	-1.0
653.18899974823	0.5	epochs	1.0
653.68899974823	0.03872000000001208	epochs	1.0
653.72771974823	2.9612599999999247	epochs	0.0
654.1389999389648	0.10000000000002274	epochs	0.0
654.1389999389648	0.04499999999995907	epochs	1.0
654.1839999389648	0.009999999999990905	epochs	1.0
654.1939999389648	0.04500000000007276	epochs	1.0
654.2389999389649	0.5386199999999235	epochs	0.0
654.2389999389649	0.5	epochs	-1.0
654.2389999389649	0.5	epochs	1.0
654.7389999389649	0.03861999999992349	epochs	1.0
654.7776199389648	2.9613600000000133	epochs	0.0
655.2389998435974	0.10000000000002274	epochs	0.0
655.2389998435974	0.04499999999995907	epochs	1.0
655.2839998435974	0.009999999999990905	epochs	1.0
655.2939998435974	0.04500000000007276	epochs	1.0
655.3389998435974	0.5404800000000023	epochs	0.0
655.3389998435974	0.5	epochs	-1.0
655.3389998435974	0.5	epochs	1.0
655.8389998435974	0.04048000000000229	epochs	1.0
655.8794798435974	2.9594999999999345	epochs	0.0
656.3719997406006	0.10000000000002274	epochs	0.0
656.3719997406006	0.04499999999995907	epochs	1.0
656.4169997406005	0.009999999999990905	epochs	1.0
656.4269997406005	0.04500000000007276	epochs	1.0
656.4719997406006	0.5397399999999379	epochs	0.0
656.4719997406006	0.5	epochs	-1.0
656.4719997406006	0.5	epochs	1.0
656.9719997406006	0.039739999999937936	epochs	1.0
657.0117397406005	2.960239999999999	epochs	0.0
657.4719996452332	0.10000000000002274	epochs	0.0
657.4719996452332	0.04499999999995907	epochs	1.0
657.5169996452331	0.009999999999990905	epochs	1.0
657.5269996452331	0.04500000000007276	epochs	1.0
657.5719996452332	0.5399599999999509	epochs	0.0
657.5719996452332	0.5	epochs	-1.0
657.5719996452332	0.5	epochs	1.0
658.0719996452332	0.039959999999950924	epochs	1.0
658.1119596452331	2.960019999999986	epochs	0.0
658.6389999389648	0.10000000000002274	epochs	0.0
658.6389999389648	0.04499999999995907	epochs	1.0
658.6839999389648	0.009999999999990905	epochs	1.0
658.6939999389648	0.04500000000007276	epochs	1.0
658.7389999389649	0.5394800000000259	epochs	0.0
658.7389999389649	0.5	epochs	-1.0
658.7389999389649	0.5	epochs	1.0
659.2389999389649	0.03948000000002594	epochs	1.0
659.2784799389649	2.960499999999911	epochs	0.0
659.8059997558594	0.10000000000002274	epochs	0.0
659.8059997558594	0.04499999999995907	epochs	1.0
659.8509997558593	0.009999999999990905	epochs	1.0
659.8609997558593	0.04500000000007276	epochs	1.0
659.9059997558594	0.5388399999999365	epochs	0.0
659.9059997558594	0.5	epochs	-1.0
659.9059997558594	0.5	epochs	1.0
660.4059997558594	0.03883999999993648	epochs	1.0
660.4448397558593	2.9611400000000003	epochs	0.0
660.905999660492	0.10000000000002274	epochs	0.0
660.905999660492	0.04499999999995907	epochs	1.0
660.9509996604919	0.009999999999990905	epochs	1.0
660.9609996604919	0.04500000000007276	epochs	1.0
661.005999660492	0.539859999999976	epochs	0.0
661.005999660492	0.5	epochs	-1.0
661.005999660492	0.5	epochs	1.0
661.505999660492	0.039859999999976026	epochs	1.0
661.5458596604919	2.960119999999961	epochs	0.0
662.1389999389648	0.10000000000002274	epochs	0.0
662.1389999389648	0.04499999999995907	epochs	1.0
662.1839999389648	0.009999999999990905	epochs	1.0
662.1939999389648	0.04500000000007276	epochs	1.0
662.2389999389649	0.500479999999925	epochs	0.0
662.2389999389649	0.5	epochs	-1.0
662.2389999389649	0.5	epochs	1.0
662.7389999389649	0.0004799999999249849	epochs	1.0
662.7394799389648	2.999500000000012	epochs	0.0
723.3289999961853	0.10000000000002274	epochs	0.0
723.3289999961853	0.04499999999995907	epochs	1.0
723.3739999961853	0.009999999999990905	epochs	1.0
723.3839999961853	0.04500000000007276	epochs	1.0
723.4289999961853	5.999979999999937	epochs	0.0
723.4289999961853	0.5	epochs	-1.0
723.4289999961853	0.5	epochs	-1.0
723.4289999961853	0.5	epochs	1.0
723.9289999961853	5.0	epochs	1.0
728.9289999961853	0.4999799999999368	epochs	-1.0
728.9289999961853	0.4999799999999368	epochs	1.0
737.3289999961853	0.10000000000002274	epochs	0.0
737.3289999961853	0.04499999999995907	epochs	1.0
737.3739999961853	0.009999999999990905	epochs	1.0
737.3839999961853	0.04500000000007276	epochs	1.0
737.4289999961853	0.500479999999925	epochs	0.0
737.4289999961853	0.5	epochs	-1.0
737.4289999961853	0.5	epochs	1.0
737.9289999961853	0.0004799999999249849	epochs	1.0
737.9294799961853	2.999500000000012	epochs	0.0
738.3959999084473	0.10000000000002274	epochs	0.0
738.3959999084473	0.04499999999995907	epochs	1.0
738.4409999084472	0.009999999999990905	epochs	1.0
738.4509999084472	0.04500000000007276	epochs	1.0
738.4959999084473	0.5003600000000006	epochs	0.0
738.4959999084473	0.5	epochs	-1.0
738.4959999084473	0.5	epochs	1.0
738.9959999084473	0.0003600000000005821	epochs	1.0
738.9963599084473	2.9996199999999362	epochs	0.0
739.4959998130798	0.10000000000002274	epochs	0.0
739.4959998130798	0.04499999999995907	epochs	1.0
739.5409998130798	0.009999999999990905	epochs	1.0
739.5509998130798	0.04500000000007276	epochs	1.0
739.5959998130799	0.5401200000000017	epochs	0.0
739.5959998130799	0.5	epochs	-1.0
739.5959998130799	0.5	epochs	1.0
740.0959998130799	0.04012000000000171	epochs	1.0
740.1361198130799	2.959859999999935	epochs	0.0
752.6349997520447	0.10000000000002274	epochs	0.0
752.6349997520447	0.04499999999995907	epochs	1.0
752.6799997520446	0.009999999999990905	epochs	1.0
752.6899997520446	0.04500000000007276	epochs	1.0
752.7349997520447	0.5395999999999503	epochs	0.0
752.7349997520447	0.5	epochs	-1.0
752.7349997520447	0.5	epochs	1.0
753.2349997520447	0.03959999999995034	epochs	1.0
753.2745997520447	2.9603799999999865	epochs	0.0
753.7420001029968	0.10000000000002274	epochs	0.0
753.7420001029968	0.04499999999995907	epochs	1.0
753.7870001029968	0.009999999999990905	epochs	1.0
753.7970001029968	0.04500000000007276	epochs	1.0
753.8420001029968	0.5397399999999379	epochs	0.0
753.8420001029968	0.5	epochs	-1.0
753.8420001029968	0.5	epochs	1.0
754.3420001029968	0.039739999999937936	epochs	1.0
754.3817401029968	2.960239999999999	epochs	0.0
754.8919997215271	0.10000000000002274	epochs	0.0
754.8919997215271	0.04499999999995907	epochs	1.0
754.9369997215271	0.009999999999990905	epochs	1.0
754.946999721527	0.04500000000007276	epochs	1.0
754.9919997215271	3.499979999999937	epochs	0.0
754.9919997215271	0.5	epochs	-1.0
754.9919997215271	0.5	epochs	1.0
755.4919997215271	1.0	epochs	1.0
756.4919997215271	1.9999799999999368	epochs	1.0
756.9919997215271	0.5	epochs	-1.0
757.4919997215271	0.5	epochs	-1.0
759.0419998168945	0.10000000000002274	epochs	0.0
759.0419998168945	0.04499999999995907	epochs	1.0
759.0869998168945	0.009999999999990905	epochs	1.0
759.0969998168945	0.04500000000007276	epochs	1.0
759.1419998168946	0.5002399999999625	epochs	0.0
759.1419998168946	0.5	epochs	-1.0
759.1419998168946	0.5	epochs	1.0
759.6419998168946	0.00023999999996249244	epochs	1.0
759.6422398168945	2.9997399999999743	epochs	0.0
760.2259998321533	0.10000000000002274	epochs	0.0
760.2259998321533	0.04499999999995907	epochs	1.0
760.2709998321533	0.009999999999990905	epochs	1.0
760.2809998321533	0.04500000000007276	epochs	1.0
760.3259998321533	0.540520000000015	epochs	0.0
760.3259998321533	0.5	epochs	-1.0
760.3259998321533	0.5	epochs	1.0
760.8259998321533	0.04052000000001499	epochs	1.0
760.8665198321534	2.959459999999922	epochs	0.0
761.441999912262	0.10000000000002274	epochs	0.0
761.441999912262	0.04499999999995907	epochs	1.0
761.4869999122619	0.009999999999990905	epochs	1.0
761.4969999122619	0.04500000000007276	epochs	1.0
761.541999912262	0.5396200000000135	epochs	0.0
761.541999912262	0.5	epochs	-1.0
761.541999912262	0.5	epochs	1.0
762.041999912262	0.03962000000001353	epochs	1.0
762.081619912262	2.9603599999999233	epochs	0.0
762.6419997215271	0.10000000000002274	epochs	0.0
762.6419997215271	0.04499999999995907	epochs	1.0
762.6869997215271	0.009999999999990905	epochs	1.0
762.696999721527	0.04500000000007276	epochs	1.0
762.7419997215271	0.5401200000000017	epochs	0.0
762.7419997215271	0.5	epochs	-1.0
762.7419997215271	0.5	epochs	1.0
763.2419997215271	0.04012000000000171	epochs	1.0
763.2821197215271	2.959859999999935	epochs	0.0
763.8929996490479	0.10000000000002274	epochs	0.0
763.8929996490479	0.04499999999995907	epochs	1.0
763.9379996490478	0.009999999999990905	epochs	1.0
763.9479996490478	0.04500000000007276	epochs	1.0
763.9929996490479	0.5003399999999374	epochs	0.0
763.9929996490479	0.5	epochs	-1.0
763.9929996490479	0.5	epochs	1.0
764.4929996490479	0.0003399999999373904	epochs	1.0
764.4933396490478	2.9996399999999994	epochs	0.0
777.0599999427795	0.10000000000002274	epochs	0.0
777.0599999427795	0.04499999999995907	epochs	1.0
777.1049999427795	0.009999999999990905	epochs	1.0
777.1149999427795	0.04500000000007276	epochs	1.0
777.1599999427796	0.5399800000000141	epochs	0.0
777.1599999427796	0.5	epochs	-1.0
777.1599999427796	0.5	epochs	1.0
777.6599999427796	0.039980000000014115	epochs	1.0
777.6999799427796	2.9599999999999227	epochs	0.0
778.293999671936	0.10000000000002274	epochs	0.0
778.293999671936	0.04499999999995907	epochs	1.0
778.338999671936	0.009999999999990905	epochs	1.0
778.348999671936	0.04500000000007276	epochs	1.0
778.3939996719361	0.5002399999999625	epochs	0.0
778.3939996719361	0.5	epochs	-1.0
778.3939996719361	0.5	epochs	1.0
778.8939996719361	0.00023999999996249244	epochs	1.0
778.894239671936	2.9997399999999743	epochs	0.0
779.5269999504089	0.10000000000002274	epochs	0.0
779.5269999504089	0.04499999999995907	epochs	1.0
779.5719999504089	0.009999999999990905	epochs	1.0
779.5819999504089	0.04500000000007276	epochs	1.0
779.626999950409	0.5005999999999631	epochs	0.0
779.626999950409	0.5	epochs	-1.0
779.626999950409	0.5	epochs	1.0
780.126999950409	0.0005999999999630745	epochs	1.0
780.1275999504089	2.9993799999999737	epochs	0.0
780.7769999504089	0.10000000000002274	epochs	0.0
780.7769999504089	0.04499999999995907	epochs	1.0
780.8219999504089	0.009999999999990905	epochs	1.0
780.8319999504089	0.04500000000007276	epochs	1.0
780.876999950409	0.5003600000000006	epochs	0.0
780.876999950409	0.5	epochs	-1.0
780.876999950409	0.5	epochs	1.0
781.376999950409	0.0003600000000005821	epochs	1.0
781.377359950409	2.9996199999999362	epochs	0.0
782.0269999504089	0.10000000000002274	epochs	0.0
782.0269999504089	0.04499999999995907	epochs	1.0
782.0719999504089	0.009999999999990905	epochs	1.0
782.0819999504089	0.04500000000007276	epochs	1.0
782.126999950409	0.5399800000000141	epochs	0.0
782.126999950409	0.5	epochs	-1.0
782.126999950409	0.5	epochs	1.0
782.626999950409	0.039980000000014115	epochs	1.0
782.666979950409	2.9599999999999227	epochs	0.0
783.3410000801086	0.10000000000002274	epochs	0.0
783.3410000801086	0.04499999999995907	epochs	1.0
783.3860000801086	0.009999999999990905	epochs	1.0
783.3960000801086	0.04500000000007276	epochs	1.0
783.4410000801087	0.539859999999976	epochs	0.0
783.4410000801087	0.5	epochs	-1.0
783.4410000801087	0.5	epochs	1.0
783.9410000801087	0.039859999999976026	epochs	1.0
783.9808600801086	2.960119999999961	epochs	0.0
784.6909999847412	0.10000000000002274	epochs	0.0
784.6909999847412	0.04499999999995907	epochs	1.0
784.7359999847412	0.009999999999990905	epochs	1.0
784.7459999847412	0.04500000000007276	epochs	1.0
784.7909999847412	0.5005999999999631	epochs	0.0
784.7909999847412	0.5	epochs	-1.0
784.7909999847412	0.5	epochs	1.0
785.2909999847412	0.0005999999999630745	epochs	1.0
785.2915999847412	2.9993799999999737	epochs	0.0
785.9909996986389	0.10000000000002274	epochs	0.0
785.9909996986389	0.04499999999995907	epochs	1.0
786.0359996986389	0.009999999999990905	epochs	1.0
786.0459996986389	0.04500000000007276	epochs	1.0
786.0909996986389	0.5003600000000006	epochs	0.0
786.0909996986389	0.5	epochs	-1.0
786.0909996986389	0.5	epochs	1.0
786.5909996986389	0.0003600000000005821	epochs	1.0
786.5913596986389	2.9996199999999362	epochs	0.0
787.2739996910095	0.10000000000002274	epochs	0.0
787.2739996910095	0.04499999999995907	epochs	1.0
787.3189996910095	0.009999999999990905	epochs	1.0
787.3289996910095	0.04500000000007276	epochs	1.0
787.3739996910095	0.5002399999999625	epochs	0.0
787.3739996910095	0.5	epochs	-1.0
787.3739996910095	0.5	epochs	1.0
787.8739996910095	0.00023999999996249244	epochs	1.0
787.8742396910095	2.9997399999999743	epochs	0.0
788.5910000801086	0.10000000000002274	epochs	0.0
788.5910000801086	0.04499999999995907	epochs	1.0
788.6360000801086	0.009999999999990905	epochs	1.0
788.6460000801086	0.04500000000007276	epochs	1.0
788.6910000801087	0.5001199999999244	epochs	0.0
788.6910000801087	0.5	epochs	-1.0
788.6910000801087	0.5	epochs	1.0
789.1910000801087	0.0001199999999244028	epochs	1.0
789.1911200801086	2.9998600000000124	epochs	0.0
798.579999923706	0.6499800000000278	epochs	0.0
798.579999923706	0.049999999999954525	epochs	1.0
798.629999923706	0.5	epochs	1.0
799.129999923706	0.09998000000007323	epochs	1.0
800.0469999313354	0.6499800000000278	epochs	0.0
800.0469999313354	0.049999999999954525	epochs	1.0
800.0969999313354	0.5	epochs	1.0
800.5969999313354	0.09998000000007323	epochs	1.0
801.46399974823	0.6499800000000278	epochs	0.0
801.46399974823	0.049999999999954525	epochs	1.0
801.5139997482299	0.5	epochs	1.0
802.0139997482299	0.09998000000007323	epochs	1.0
802.8759999275208	0.6499800000000278	epochs	0.0
802.8759999275208	0.049999999999954525	epochs	1.0
802.9259999275207	0.5	epochs	1.0
803.4259999275207	0.09998000000007323	epochs	1.0
804.2589998245239	0.6499800000000278	epochs	0.0
804.2589998245239	0.049999999999954525	epochs	1.0
804.3089998245239	0.5	epochs	1.0
804.8089998245239	0.09998000000007323	epochs	1.0
805.7760000228882	0.10000000000002274	epochs	0.0
805.7760000228882	0.04499999999995907	epochs	1.0
805.8210000228881	0.009999999999990905	epochs	1.0
805.8310000228881	0.04500000000007276	epochs	1.0
805.8760000228882	0.5399800000000141	epochs	0.0
805.8760000228882	0.5	epochs	-1.0
805.8760000228882	0.5	epochs	1.0
806.3760000228882	0.039980000000014115	epochs	1.0
806.4159800228882	4.959999999999923	epochs	0.0
825.9730000495911	0.10000000000002274	epochs	0.0
825.9730000495911	0.04499999999995907	epochs	1.0
826.018000049591	0.009999999999990905	epochs	1.0
826.028000049591	0.04500000000007276	epochs	1.0
826.0730000495911	0.5400999999999385	epochs	0.0
826.0730000495911	0.5	epochs	-1.0
826.0730000495911	0.5	epochs	1.0
826.5730000495911	0.04009999999993852	epochs	1.0
826.613100049591	4.959879999999998	epochs	0.0
831.1900000572205	0.10000000000002274	epochs	0.0
831.1900000572205	0.04499999999995907	epochs	1.0
831.2350000572204	0.009999999999990905	epochs	1.0
831.2450000572204	0.04500000000007276	epochs	1.0
831.2900000572205	0.5403400000000147	epochs	0.0
831.2900000572205	0.5	epochs	-1.0
831.2900000572205	0.5	epochs	1.0
831.7900000572205	0.0403400000000147	epochs	1.0
831.8303400572205	4.959639999999922	epochs	0.0
851.3729996681213	0.10000000000002274	epochs	0.0
851.3729996681213	0.04499999999995907	epochs	1.0
851.4179996681213	0.009999999999990905	epochs	1.0
851.4279996681213	0.04500000000007276	epochs	1.0
851.4729996681214	0.5403599999999642	epochs	0.0
851.4729996681214	0.5	epochs	-1.0
851.4729996681214	0.5	epochs	1.0
851.9729996681214	0.0403599999999642	epochs	1.0
852.0133596681213	4.959619999999973	epochs	0.0
856.5190000534058	0.10000000000002274	epochs	0.0
856.5190000534058	0.04499999999995907	epochs	1.0
856.5640000534057	0.009999999999990905	epochs	1.0
856.5740000534057	0.04500000000007276	epochs	1.0
856.6190000534058	0.5404800000000023	epochs	0.0
856.6190000534058	0.5	epochs	-1.0
856.6190000534058	0.5	epochs	1.0
857.1190000534058	0.04048000000000229	epochs	1.0
857.1594800534058	4.9594999999999345	epochs	0.0
861.7030000686646	0.10000000000002274	epochs	0.0
861.7030000686646	0.04499999999995907	epochs	1.0
861.7480000686645	0.009999999999990905	epochs	1.0
861.7580000686645	0.04500000000007276	epochs	1.0
861.8030000686646	0.5395999999999503	epochs	0.0
861.8030000686646	0.5	epochs	-1.0
861.8030000686646	0.5	epochs	1.0
862.3030000686646	0.03959999999995034	epochs	1.0
862.3426000686645	4.9603799999999865	epochs	0.0
866.9130001068115	0.10000000000002274	epochs	0.0
866.9130001068115	0.04499999999995907	epochs	1.0
866.9580001068115	0.009999999999990905	epochs	1.0
866.9680001068115	0.04500000000007276	epochs	1.0
867.0130001068115	0.5400999999999385	epochs	0.0
867.0130001068115	0.5	epochs	-1.0
867.0130001068115	0.5	epochs	1.0
867.5130001068115	0.04009999999993852	epochs	1.0
867.5531001068115	4.959879999999998	epochs	0.0
872.2459998130798	0.10000000000002274	epochs	0.0
872.2459998130798	0.04499999999995907	epochs	1.0
872.2909998130798	0.009999999999990905	epochs	1.0
872.3009998130798	0.04500000000007276	epochs	1.0
872.3459998130799	0.5002399999999625	epochs	0.0
872.3459998130799	0.5	epochs	-1.0
872.3459998130799	0.5	epochs	1.0
872.8459998130799	0.00023999999996249244	epochs	1.0
872.8462398130798	4.999739999999974	epochs	0.0
877.4029998779297	0.10000000000002274	epochs	0.0
877.4029998779297	0.04499999999995907	epochs	1.0
877.4479998779296	0.009999999999990905	epochs	1.0
877.4579998779296	0.04500000000007276	epochs	1.0
877.5029998779297	0.5402399999999261	epochs	0.0
877.5029998779297	0.5	epochs	-1.0
877.5029998779297	0.5	epochs	1.0
878.0029998779297	0.04023999999992611	epochs	1.0
878.0432398779296	4.959740000000011	epochs	0.0
882.670000076294	0.10000000000002274	epochs	0.0
882.670000076294	0.04499999999995907	epochs	1.0
882.7150000762939	0.009999999999990905	epochs	1.0
882.7250000762939	0.04500000000007276	epochs	1.0
882.770000076294	0.5003600000000006	epochs	0.0
882.770000076294	0.5	epochs	-1.0
882.770000076294	0.5	epochs	1.0
883.270000076294	0.0003600000000005821	epochs	1.0
883.270360076294	4.999619999999936	epochs	0.0
890.481999874115	0.15297999999995682	epochs	0.0
890.481999874115	0.049999999999954525	epochs	1.0
890.531999874115	0.0030000000000427463	epochs	1.0
890.534999874115	0.09997999999995955	epochs	1.0
891.5659999847412	0.15297999999995682	epochs	0.0
891.5659999847412	0.049999999999954525	epochs	1.0
891.6159999847412	0.0030000000000427463	epochs	1.0
891.6189999847412	0.09997999999995955	epochs	1.0
892.5819997787476	0.15297999999995682	epochs	0.0
892.5819997787476	0.049999999999954525	epochs	1.0
892.6319997787475	0.0030000000000427463	epochs	1.0
892.6349997787476	0.09997999999995955	epochs	1.0
893.6419997215271	0.15297999999995682	epochs	0.0
893.6419997215271	0.049999999999954525	epochs	1.0
893.691999721527	0.0030000000000427463	epochs	1.0
893.6949997215271	0.09997999999995955	epochs	1.0
894.7420001029968	0.15297999999995682	epochs	0.0
894.7420001029968	0.049999999999954525	epochs	1.0
894.7920001029968	0.0030000000000427463	epochs	1.0
894.7950001029968	0.09997999999995955	epochs	1.0
895.7760000228882	0.15297999999995682	epochs	0.0
895.7760000228882	0.049999999999954525	epochs	1.0
895.8260000228881	0.0030000000000427463	epochs	1.0
895.8290000228882	0.09997999999995955	epochs	1.0
896.7589998245239	0.15297999999995682	epochs	0.0
896.7589998245239	0.049999999999954525	epochs	1.0
896.8089998245239	0.0030000000000427463	epochs	1.0
896.8119998245239	0.09997999999995955	epochs	1.0
897.8090000152588	0.15297999999995682	epochs	0.0
897.8090000152588	0.049999999999954525	epochs	1.0
897.8590000152587	0.0030000000000427463	epochs	1.0
897.8620000152588	0.09997999999995955	epochs	1.0
898.941999912262	0.15297999999995682	epochs	0.0
898.941999912262	0.049999999999954525	epochs	1.0
898.9919999122619	0.0030000000000427463	epochs	1.0
898.994999912262	0.09997999999995955	epochs	1.0
900.0419998168945	0.10000000000002274	epochs	0.0
900.0419998168945	0.04499999999995907	epochs	1.0
900.0869998168945	0.009999999999990905	epochs	1.0
900.0969998168945	0.04500000000007276	epochs	1.0
900.1419998168946	1.5601599999999962	epochs	0.0
900.1419998168946	0.5	epochs	-1.0
900.1419998168946	0.5	epochs	1.0
900.6419998168946	0.0029999999999290594	epochs	1.0
900.6449998168945	1.0571600000000672	epochs	1.0
901.1449998168945	0.5	epochs	-1.0
901.7021598168946	0.042820000000006075	epochs	0.0
902.691999912262	0.10000000000002274	epochs	0.0
902.691999912262	0.04499999999995907	epochs	1.0
902.7369999122619	0.009999999999990905	epochs	1.0
902.7469999122619	0.04500000000007276	epochs	1.0
902.791999912262	0.5000999999999749	epochs	0.0
902.791999912262	0.5	epochs	-1.0
902.791999912262	0.5	epochs	1.0
903.291999912262	9.999999997489795e-05	epochs	1.0
903.292099912262	1.1028800000000274	epochs	0.0
904.9109997749329	0.10000000000002274	epochs	0.0
904.9109997749329	0.04499999999995907	epochs	1.0
904.9559997749328	0.009999999999990905	epochs	1.0
904.9659997749328	0.04500000000007276	epochs	1.0
905.0109997749329	0.5001199999999244	epochs	0.0
905.0109997749329	0.5	epochs	-1.0
905.0109997749329	0.5	epochs	1.0
905.5109997749329	0.0001199999999244028	epochs	1.0
905.5111197749328	1.102860000000078	epochs	0.0
907.1440000534058	0.10000000000002274	epochs	0.0
907.1440000534058	0.04499999999995907	epochs	1.0
907.1890000534057	0.009999999999990905	epochs	1.0
907.1990000534057	0.04500000000007276	epochs	1.0
907.2440000534058	0.5397199999999884	epochs	0.0
907.2440000534058	0.5	epochs	-1.0
907.2440000534058	0.5	epochs	1.0
907.7440000534058	0.0029999999999290594	epochs	1.0
907.7470000534057	0.03672000000005937	epochs	1.0
907.7837200534058	1.0632600000000139	epochs	0.0
909.3940000534058	0.10000000000002274	epochs	0.0
909.3940000534058	0.04499999999995907	epochs	1.0
909.4390000534057	0.009999999999990905	epochs	1.0
909.4490000534057	0.04500000000007276	epochs	1.0
909.4940000534058	0.5393599999999878	epochs	0.0
909.4940000534058	0.5	epochs	-1.0
909.4940000534058	0.5	epochs	1.0
909.9940000534058	0.0029999999999290594	epochs	1.0
909.9970000534057	0.03636000000005879	epochs	1.0
910.0333600534058	1.0636200000000144	epochs	0.0
911.5769996643066	0.10000000000002274	epochs	0.0
911.5769996643066	0.04499999999995907	epochs	1.0
911.6219996643066	0.009999999999990905	epochs	1.0
911.6319996643066	0.04500000000007276	epochs	1.0
911.6769996643067	0.5002399999999625	epochs	0.0
911.6769996643067	0.5	epochs	-1.0
911.6769996643067	0.5	epochs	1.0
912.1769996643067	0.00023999999996249244	epochs	1.0
912.1772396643066	1.1027400000000398	epochs	0.0
913.7459998130798	0.10000000000002274	epochs	0.0
913.7459998130798	0.04499999999995907	epochs	1.0
913.7909998130798	0.009999999999990905	epochs	1.0
913.8009998130798	0.04500000000007276	epochs	1.0
913.8459998130799	0.5396200000000135	epochs	0.0
913.8459998130799	0.5	epochs	-1.0
913.8459998130799	0.5	epochs	1.0
914.3459998130799	0.0029999999999290594	epochs	1.0
914.3489998130798	0.036620000000084474	epochs	1.0
914.3856198130799	1.0633599999999888	epochs	0.0
915.9959998130798	0.10000000000002274	epochs	0.0
915.9959998130798	0.04499999999995907	epochs	1.0
916.0409998130798	0.009999999999990905	epochs	1.0
916.0509998130798	0.04500000000007276	epochs	1.0
916.0959998130799	0.5002399999999625	epochs	0.0
916.0959998130799	0.5	epochs	-1.0
916.0959998130799	0.5	epochs	1.0
916.5959998130799	0.00023999999996249244	epochs	1.0
916.5962398130798	1.1027400000000398	epochs	0.0
918.1960000991821	0.10000000000002274	epochs	0.0
918.1960000991821	0.04499999999995907	epochs	1.0
918.2410000991821	0.009999999999990905	epochs	1.0
918.2510000991821	0.04500000000007276	epochs	1.0
918.2960000991822	0.5404800000000023	epochs	0.0
918.2960000991822	0.5	epochs	-1.0
918.2960000991822	0.5	epochs	1.0
918.7960000991822	0.0029999999999290594	epochs	1.0
918.7990000991821	0.03748000000007323	epochs	1.0
918.8364800991822	1.0625	epochs	0.0
920.4130001068115	0.10000000000002274	epochs	0.0
920.4130001068115	0.04499999999995907	epochs	1.0
920.4580001068115	0.009999999999990905	epochs	1.0
920.4680001068115	0.04500000000007276	epochs	1.0
920.5130001068115	0.5001199999999244	epochs	0.0
920.5130001068115	0.5	epochs	-1.0
920.5130001068115	0.5	epochs	1.0
921.0130001068115	0.0001199999999244028	epochs	1.0
921.0131201068115	1.102860000000078	epochs	0.0
935.0260000228882	0.10000000000002274	epochs	0.0
935.0260000228882	0.04499999999995907	epochs	1.0
935.0710000228881	0.009999999999990905	epochs	1.0
935.0810000228881	0.04500000000007276	epochs	1.0
935.1260000228882	0.5397399999999379	epochs	0.0
935.1260000228882	0.5	epochs	-1.0
935.1260000228882	0.5	epochs	1.0
935.6260000228882	0.039739999999937936	epochs	1.0
935.6657400228881	18.96024	epochs	0.0
964.1549997329712	0.10000000000002274	epochs	0.0
964.1549997329712	0.04499999999995907	epochs	1.0
964.1999997329712	0.009999999999990905	epochs	1.0
964.2099997329711	0.04500000000007276	epochs	1.0
964.2549997329712	4.300099999999929	epochs	0.0
964.2549997329712	0.5	epochs	-1.0
964.2549997329712	0.5	epochs	1.0
964.7549997329712	3.8000999999999294	epochs	1.0
966.5545997329712	2.000499999999988	epochs	-1.0
966.5545997329712	0.04032000000006519	epochs	-1.0
967.0520796329712	0.5	epochs	-1.0
967.5520796329712	0.5	epochs	-1.0
968.0520796329712	0.5	epochs	-1.0
968.5550997329711	15.199880000000007	epochs	0.0
969.7890000343323	0.10000000000002274	epochs	0.0
969.7890000343323	0.04499999999995907	epochs	1.0
969.8340000343322	0.009999999999990905	epochs	1.0
969.8440000343322	0.04500000000007276	epochs	1.0
969.8890000343323	0.539859999999976	epochs	0.0
969.8890000343323	0.5	epochs	-1.0
969.8890000343323	0.5	epochs	1.0
970.3890000343323	0.039859999999976026	epochs	1.0
970.4288600343323	18.96011999999996	epochs	0.0
998.9319996833801	0.10000000000002274	epochs	0.0
998.9319996833801	0.04499999999995907	epochs	1.0
998.9769996833801	0.009999999999990905	epochs	1.0
998.9869996833801	0.04500000000007276	epochs	1.0
999.0319996833801	0.5400999999999385	epochs	0.0
999.0319996833801	0.5	epochs	-1.0
999.0319996833801	0.5	epochs	1.0
999.5319996833801	0.04009999999993852	epochs	1.0
999.5720996833801	18.95988	epochs	0.0
1028.115999698639	0.09999999999990905	epochs	0.0
1028.115999698639	0.04500000000007276	epochs	1.0
1028.160999698639	0.009999999999990905	epochs	1.0
1028.170999698639	0.044999999999845386	epochs	1.0
1028.2159996986388	0.5402400000000398	epochs	0.0
1028.2159996986388	0.5	epochs	-1.0
1028.2159996986388	0.5	epochs	1.0
1028.7159996986388	0.0402400000000398	epochs	1.0
1028.7562396986389	18.95974000000001	epochs	0.0
1057.253999710083	0.09999999999990905	epochs	0.0
1057.253999710083	0.04500000000007276	epochs	1.0
1057.298999710083	0.009999999999990905	epochs	1.0
1057.308999710083	0.044999999999845386	epochs	1.0
1057.353999710083	4.299580000000105	epochs	0.0
1057.353999710083	0.5	epochs	-1.0
1057.353999710083	0.5	epochs	1.0
1057.853999710083	3.7995800000001054	epochs	1.0
1059.653719710083	1.999860000000126	epochs	-1.0
1059.653719710083	0.03956000000016502	epochs	-1.0
1060.151199610083	0.5	epochs	-1.0
1060.651199610083	0.5	epochs	-1.0
1061.151199610083	0.5	epochs	-1.0
1061.653579710083	15.200399999999945	epochs	0.0
1062.753999710083	0.09999999999990905	epochs	0.0
1062.753999710083	0.04500000000007276	epochs	1.0
1062.798999710083	0.009999999999990905	epochs	1.0
1062.808999710083	0.044999999999845386	epochs	1.0
1062.853999710083	5.459500000000162	epochs	0.0
1062.853999710083	0.5	epochs	-1.0
1062.853999710083	0.5	epochs	1.0
1063.353999710083	4.959500000000162	epochs	1.0
1065.313959710083	2.9995400000000245	epochs	-1.0
1065.313959710083	0.040199999999913416	epochs	-1.0
1065.811439610083	0.5	epochs	-1.0
1066.311439610083	0.5	epochs	-1.0
1066.811439610083	0.5	epochs	-1.0
1067.311439610083	0.5	epochs	-1.0
1067.811439610083	0.5	epochs	-1.0
1068.313499710083	14.040479999999889	epochs	0.0
1141.4779996871948	0.09999999999990905	epochs	0.0
1141.4779996871948	0.04500000000007276	epochs	1.0
1141.522999687195	0.009999999999990905	epochs	1.0
1141.532999687195	0.044999999999845386	epochs	1.0
1141.5779996871947	3.4999800000000505	epochs	0.0
1141.5779996871947	0.5	epochs	-1.0
1141.5779996871947	0.5	epochs	1.0
1142.0779996871947	1.0	epochs	1.0
1143.0779996871947	1.9999800000000505	epochs	1.0
1143.5779996871947	0.5	epochs	-1.0
1144.0779996871947	0.5	epochs	-1.0
1146.1570000648499	0.09999999999990905	epochs	0.0
1146.1570000648499	0.04500000000007276	epochs	1.0
1146.20200006485	0.009999999999990905	epochs	1.0
1146.21200006485	0.044999999999845386	epochs	1.0
1146.2570000648498	0.5004800000001524	epochs	0.0
1146.2570000648498	0.5	epochs	-1.0
1146.2570000648498	0.5	epochs	1.0
1146.7570000648498	0.00048000000015235855	epochs	1.0
1146.75748006485	2.999499999999898	epochs	0.0
1147.8410000801086	0.09999999999990905	epochs	0.0
1147.8410000801086	0.04500000000007276	epochs	1.0
1147.8860000801087	0.009999999999990905	epochs	1.0
1147.8960000801087	0.044999999999845386	epochs	1.0
1147.9410000801086	0.5002400000000762	epochs	0.0
1147.9410000801086	0.5	epochs	-1.0
1147.9410000801086	0.5	epochs	1.0
1148.4410000801086	0.00024000000007617928	epochs	1.0
1148.4412400801086	2.9997399999999743	epochs	0.0
1149.5239996910095	0.09999999999990905	epochs	0.0
1149.5239996910095	0.04500000000007276	epochs	1.0
1149.5689996910096	0.009999999999990905	epochs	1.0
1149.5789996910096	0.044999999999845386	epochs	1.0
1149.6239996910094	0.5001000000002023	epochs	0.0
1149.6239996910094	0.5	epochs	-1.0
1149.6239996910094	0.5	epochs	1.0
1150.1239996910094	0.00010000000020227162	epochs	1.0
1150.1240996910096	2.9998799999998482	epochs	0.0
1151.1909999847412	0.09999999999990905	epochs	0.0
1151.1909999847412	0.04500000000007276	epochs	1.0
1151.2359999847413	0.009999999999990905	epochs	1.0
1151.2459999847413	0.044999999999845386	epochs	1.0
1151.2909999847411	0.5398400000001402	epochs	0.0
1151.2909999847411	0.5	epochs	-1.0
1151.2909999847411	0.5	epochs	1.0
1151.7909999847411	0.03984000000014021	epochs	1.0
1151.8308399847413	2.9601399999999103	epochs	0.0
1152.9739999771118	0.09999999999990905	epochs	0.0
1152.9739999771118	0.04500000000007276	epochs	1.0
1153.018999977112	0.009999999999990905	epochs	1.0
1153.0289999771119	0.044999999999845386	epochs	1.0
1153.0739999771117	0.5004800000001524	epochs	0.0
1153.0739999771117	0.5	epochs	-1.0
1153.0739999771117	0.5	epochs	1.0
1153.5739999771117	0.00048000000015235855	epochs	1.0
1153.5744799771119	2.999499999999898	epochs	0.0
1154.6979999542236	0.09999999999990905	epochs	0.0
1154.6979999542236	0.04500000000007276	epochs	1.0
1154.7429999542237	0.009999999999990905	epochs	1.0
1154.7529999542237	0.044999999999845386	epochs	1.0
1154.7979999542235	2.5003200000001016	epochs	0.0
1154.7979999542235	0.5	epochs	-1.0
1154.7979999542235	0.5	epochs	1.0
1155.2979999542235	1.0	epochs	1.0
1156.2979999542235	1.0003200000001016	epochs	1.0
1156.7979999542235	0.5	epochs	-1.0
1157.2983199542236	0.9996599999999489	epochs	0.0
1158.5149998664856	0.09999999999990905	epochs	0.0
1158.5149998664856	0.04500000000007276	epochs	1.0
1158.5599998664857	0.009999999999990905	epochs	1.0
1158.5699998664857	0.044999999999845386	epochs	1.0
1158.6149998664855	0.5	epochs	-1.0
1158.6149998664855	0.5	epochs	0.0
1158.6149998664855	0.5	epochs	1.0
1159.1149998664855	2.9999800000000505	epochs	0.0
1160.2820000648499	0.09999999999990905	epochs	0.0
1160.2820000648499	0.04500000000007276	epochs	1.0
1160.32700006485	0.009999999999990905	epochs	1.0
1160.33700006485	0.044999999999845386	epochs	1.0
1160.3820000648498	2.5608000000001994	epochs	0.0
1160.3820000648498	0.5	epochs	-1.0
1160.3820000648498	0.5	epochs	1.0
1160.8820000648498	1.0	epochs	1.0
1161.8820000648498	1.0608000000001994	epochs	1.0
1162.3820000648498	0.5	epochs	-1.0
1162.94280006485	0.9391799999998511	epochs	0.0
1164.1149997711182	0.09999999999990905	epochs	0.0
1164.1149997711182	0.04500000000007276	epochs	1.0
1164.1599997711182	0.009999999999990905	epochs	1.0
1164.1699997711182	0.044999999999845386	epochs	1.0
1164.214999771118	0.5005000000001019	epochs	0.0
1164.214999771118	0.5	epochs	-1.0
1164.214999771118	0.5	epochs	1.0
1164.714999771118	0.0005000000001018634	epochs	1.0
1164.7154997711182	2.9994799999999486	epochs	0.0
1177.289999961853	0.09999999999990905	epochs	0.0
1177.289999961853	0.04500000000007276	epochs	1.0
1177.334999961853	0.009999999999990905	epochs	1.0
1177.344999961853	0.044999999999845386	epochs	1.0
1177.389999961853	0.5002400000000762	epochs	0.0
1177.389999961853	0.5	epochs	-1.0
1177.389999961853	0.5	epochs	1.0
1177.889999961853	0.00024000000007617928	epochs	1.0
1177.890239961853	2.9997399999999743	epochs	0.0
1179.0899996757507	0.09999999999990905	epochs	0.0
1179.0899996757507	0.04500000000007276	epochs	1.0
1179.1349996757508	0.009999999999990905	epochs	1.0
1179.1449996757508	0.044999999999845386	epochs	1.0
1179.1899996757506	0.5003600000000006	epochs	0.0
1179.1899996757506	0.5	epochs	-1.0
1179.1899996757506	0.5	epochs	1.0
1179.6899996757506	0.0003600000000005821	epochs	1.0
1179.6903596757506	2.99962000000005	epochs	0.0
1192.2420001029968	0.09999999999990905	epochs	0.0
1192.2420001029968	0.04500000000007276	epochs	1.0
1192.287000102997	0.009999999999990905	epochs	1.0
1192.297000102997	0.044999999999845386	epochs	1.0
1192.3420001029967	0.5003600000000006	epochs	0.0
1192.3420001029967	0.5	epochs	-1.0
1192.3420001029967	0.5	epochs	1.0
1192.8420001029967	0.0003600000000005821	epochs	1.0
1192.8423601029967	2.99962000000005	epochs	0.0
1194.1579999923706	0.09999999999990905	epochs	0.0
1194.1579999923706	0.04500000000007276	epochs	1.0
1194.2029999923707	0.009999999999990905	epochs	1.0
1194.2129999923707	0.044999999999845386	epochs	1.0
1194.2579999923705	0.5002400000000762	epochs	0.0
1194.2579999923705	0.5	epochs	-1.0
1194.2579999923705	0.5	epochs	1.0
1194.7579999923705	0.00024000000007617928	epochs	1.0
1194.7582399923706	2.9997399999999743	epochs	0.0
1196.0260000228882	0.09999999999990905	epochs	0.0
1196.0260000228882	0.04500000000007276	epochs	1.0
1196.0710000228883	0.009999999999990905	epochs	1.0
1196.0810000228882	0.044999999999845386	epochs	1.0
1196.126000022888	0.5003600000000006	epochs	0.0
1196.126000022888	0.5	epochs	-1.0
1196.126000022888	0.5	epochs	1.0
1196.626000022888	0.0003600000000005821	epochs	1.0
1196.626360022888	2.99962000000005	epochs	0.0
1197.9759998321533	0.09999999999990905	epochs	0.0
1197.9759998321533	0.04500000000007276	epochs	1.0
1198.0209998321534	0.009999999999990905	epochs	1.0
1198.0309998321534	0.044999999999845386	epochs	1.0
1198.0759998321532	0.5001000000002023	epochs	0.0
1198.0759998321532	0.5	epochs	-1.0
1198.0759998321532	0.5	epochs	1.0
1198.5759998321532	0.00010000000020227162	epochs	1.0
1198.5760998321534	2.9998799999998482	epochs	0.0
1199.8929996490479	0.09999999999990905	epochs	0.0
1199.8929996490479	0.04500000000007276	epochs	1.0
1199.937999649048	0.009999999999990905	epochs	1.0
1199.947999649048	0.044999999999845386	epochs	1.0
1199.9929996490478	0.539600000000064	epochs	0.0
1199.9929996490478	0.5	epochs	-1.0
1199.9929996490478	0.5	epochs	1.0
1200.4929996490478	0.03960000000006403	epochs	1.0
1200.5325996490478	2.9603799999999865	epochs	0.0
1201.8599996566772	0.09999999999990905	epochs	0.0
1201.8599996566772	0.04500000000007276	epochs	1.0
1201.9049996566773	0.009999999999990905	epochs	1.0
1201.9149996566773	0.044999999999845386	epochs	1.0
1201.9599996566772	0.5003600000000006	epochs	0.0
1201.9599996566772	0.5	epochs	-1.0
1201.9599996566772	0.5	epochs	1.0
1202.4599996566772	0.0003600000000005821	epochs	1.0
1202.4603596566772	2.99962000000005	epochs	0.0
1203.7259998321533	0.09999999999990905	epochs	0.0
1203.7259998321533	0.04500000000007276	epochs	1.0
1203.7709998321534	0.009999999999990905	epochs	1.0
1203.7809998321534	0.044999999999845386	epochs	1.0
1203.8259998321532	0.5401000000001659	epochs	0.0
1203.8259998321532	0.5	epochs	-1.0
1203.8259998321532	0.5	epochs	1.0
1204.3259998321532	0.04010000000016589	epochs	1.0
1204.3660998321534	2.9598799999998846	epochs	0.0
1216.896999835968	0.09999999999990905	epochs	0.0
1216.896999835968	0.04500000000007276	epochs	1.0
1216.941999835968	0.009999999999990905	epochs	1.0
1216.951999835968	0.044999999999845386	epochs	1.0
1216.996999835968	0.5004800000001524	epochs	0.0
1216.996999835968	0.5	epochs	-1.0
1216.996999835968	0.5	epochs	1.0
1217.496999835968	0.00048000000015235855	epochs	1.0
1217.497479835968	2.999499999999898	epochs	0.0
1218.880000114441	0.09999999999990905	epochs	0.0
1218.880000114441	0.04500000000007276	epochs	1.0
1218.925000114441	0.009999999999990905	epochs	1.0
1218.935000114441	0.044999999999845386	epochs	1.0
1218.9800001144408	2.5003200000001016	epochs	0.0
1218.9800001144408	0.5	epochs	-1.0
1218.9800001144408	0.5	epochs	1.0
1219.4800001144408	1.0	epochs	1.0
1220.4800001144408	1.0003200000001016	epochs	1.0
1220.9800001144408	0.5	epochs	-1.0
1221.480320114441	0.9996599999999489	epochs	0.0
1222.880000114441	0.09999999999990905	epochs	0.0
1222.880000114441	0.04500000000007276	epochs	1.0
1222.925000114441	0.009999999999990905	epochs	1.0
1222.935000114441	0.044999999999845386	epochs	1.0
1222.9800001144408	3.059640000000172	epochs	0.0
1222.9800001144408	0.5	epochs	-1.0
1222.9800001144408	0.5	epochs	1.0
1223.4800001144408	1.0	epochs	1.0
1224.4800001144408	1.5596400000001722	epochs	1.0
1224.9800001144408	0.5	epochs	-1.0
1225.4800001144408	0.5	epochs	-1.0
1226.039640114441	0.4403399999998783	epochs	0.0
1227.505000114441	0.09999999999990905	epochs	0.0
1227.505000114441	0.04500000000007276	epochs	1.0
1227.550000114441	0.009999999999990905	epochs	1.0
1227.560000114441	0.044999999999845386	epochs	1.0
1227.6050001144408	2.5003200000001016	epochs	0.0
1227.6050001144408	0.5	epochs	-1.0
1227.6050001144408	0.5	epochs	1.0
1228.1050001144408	1.0	epochs	1.0
1229.1050001144408	1.0003200000001016	epochs	1.0
1229.6050001144408	0.5	epochs	-1.0
1230.105320114441	0.9996599999999489	epochs	0.0
1246.005000114441	0.6499799999999141	epochs	0.0
1246.005000114441	0.049999999999954525	epochs	1.0
1246.0550001144409	0.5	epochs	1.0
1246.5550001144409	0.09997999999995955	epochs	1.0
1248.255000114441	0.6499799999999141	epochs	0.0
1248.255000114441	0.049999999999954525	epochs	1.0
1248.3050001144409	0.5	epochs	1.0
1248.8050001144409	0.09997999999995955	epochs	1.0
1250.3379998207092	0.6499799999999141	epochs	0.0
1250.3379998207092	0.049999999999954525	epochs	1.0
1250.3879998207092	0.5	epochs	1.0
1250.8879998207092	0.09997999999995955	epochs	1.0
1252.4049997329712	0.6499799999999141	epochs	0.0
1252.4049997329712	0.049999999999954525	epochs	1.0
1252.4549997329711	0.5	epochs	1.0
1252.9549997329711	0.09997999999995955	epochs	1.0
1254.4879999160767	0.6499799999999141	epochs	0.0
1254.4879999160767	0.049999999999954525	epochs	1.0
1254.5379999160766	0.5	epochs	1.0
1255.0379999160766	0.09997999999995955	epochs	1.0
1256.6349997520447	0.09999999999990905	epochs	0.0
1256.6349997520447	0.04500000000007276	epochs	1.0
1256.6799997520448	0.009999999999990905	epochs	1.0
1256.6899997520447	0.044999999999845386	epochs	1.0
1256.7349997520446	0.5005000000001019	epochs	0.0
1256.7349997520446	0.5	epochs	-1.0
1256.7349997520446	0.5	epochs	1.0
1257.2349997520446	0.0005000000001018634	epochs	1.0
1257.2354997520447	4.999479999999949	epochs	0.0
1276.8889999389648	0.09999999999990905	epochs	0.0
1276.8889999389648	0.04500000000007276	epochs	1.0
1276.933999938965	0.009999999999990905	epochs	1.0
1276.943999938965	0.044999999999845386	epochs	1.0
1276.9889999389648	0.5399800000000141	epochs	0.0
1276.9889999389648	0.5	epochs	-1.0
1276.9889999389648	0.5	epochs	1.0
1277.4889999389648	0.039980000000014115	epochs	1.0
1277.5289799389648	4.960000000000036	epochs	0.0
1282.1219997406006	0.09999999999990905	epochs	0.0
1282.1219997406006	0.04500000000007276	epochs	1.0
1282.1669997406007	0.009999999999990905	epochs	1.0
1282.1769997406006	0.044999999999845386	epochs	1.0
1282.2219997406005	0.5002400000000762	epochs	0.0
1282.2219997406005	0.5	epochs	-1.0
1282.2219997406005	0.5	epochs	1.0
1282.7219997406005	0.00024000000007617928	epochs	1.0
1282.7222397406006	4.999739999999974	epochs	0.0
1287.3540000915527	0.09999999999990905	epochs	0.0
1287.3540000915527	0.04500000000007276	epochs	1.0
1287.3990000915528	0.009999999999990905	epochs	1.0
1287.4090000915528	0.044999999999845386	epochs	1.0
1287.4540000915526	0.5001200000001518	epochs	0.0
1287.4540000915526	0.5	epochs	-1.0
1287.4540000915526	0.5	epochs	1.0
1287.9540000915526	0.00012000000015177648	epochs	1.0
1287.9541200915528	4.999859999999899	epochs	0.0
1292.5369997024536	0.09999999999990905	epochs	0.0
1292.5369997024536	0.04500000000007276	epochs	1.0
1292.5819997024537	0.009999999999990905	epochs	1.0
1292.5919997024537	0.044999999999845386	epochs	1.0
1292.6369997024535	0.539600000000064	epochs	0.0
1292.6369997024535	0.5	epochs	-1.0
1292.6369997024535	0.5	epochs	1.0
1293.1369997024535	0.03960000000006403	epochs	1.0
1293.1765997024536	4.9603799999999865	epochs	0.0
1297.6819996833801	0.09999999999990905	epochs	0.0
1297.6819996833801	0.04500000000007276	epochs	1.0
1297.7269996833802	0.009999999999990905	epochs	1.0
1297.7369996833802	0.044999999999845386	epochs	1.0
1297.78199968338	2.500200000000177	epochs	0.0
1297.78199968338	0.5	epochs	-1.0
1297.78199968338	0.5	epochs	1.0
1298.28199968338	1.0	epochs	1.0
1299.28199968338	1.0002000000001772	epochs	1.0
1299.78199938338	0.5	epochs	-1.0
1300.2821996833802	2.9997799999998733	epochs	0.0
1302.8159999847412	0.09999999999990905	epochs	0.0
1302.8159999847412	0.04500000000007276	epochs	1.0
1302.8609999847413	0.009999999999990905	epochs	1.0
1302.8709999847413	0.044999999999845386	epochs	1.0
1302.9159999847411	2.560560000000123	epochs	0.0
1302.9159999847411	0.5	epochs	-1.0
1302.9159999847411	0.5	epochs	1.0
1303.4159999847411	1.0	epochs	1.0
1304.4159999847411	1.0605600000001232	epochs	1.0
1304.9159994847412	0.5	epochs	-1.0
1305.4765599847412	2.9394199999999273	epochs	0.0
1308.0289998054504	0.09999999999990905	epochs	0.0
1308.0289998054504	0.04500000000007276	epochs	1.0
1308.0739998054505	0.009999999999990905	epochs	1.0
1308.0839998054505	0.044999999999845386	epochs	1.0
1308.1289998054503	0.5	epochs	-1.0
1308.1289998054503	0.5	epochs	0.0
1308.1289998054503	0.5	epochs	1.0
1308.6289998054503	4.9999800000000505	epochs	0.0
1313.2290000915527	0.09999999999990905	epochs	0.0
1313.2290000915527	0.04500000000007276	epochs	1.0
1313.2740000915528	0.009999999999990905	epochs	1.0
1313.2840000915528	0.044999999999845386	epochs	1.0
1313.3290000915526	2.500060000000076	epochs	0.0
1313.3290000915526	0.5	epochs	-1.0
1313.3290000915526	0.5	epochs	1.0
1313.8290000915526	1.0	epochs	1.0
1314.8290000915526	1.0000600000000759	epochs	1.0
1315.3289996915528	0.5	epochs	-1.0
1315.8290600915527	2.9999199999999746	epochs	0.0
1318.436999797821	0.09999999999990905	epochs	0.0
1318.436999797821	0.04500000000007276	epochs	1.0
1318.4819997978211	0.009999999999990905	epochs	1.0
1318.491999797821	0.044999999999845386	epochs	1.0
1318.536999797821	2.559560000000147	epochs	0.0
1318.536999797821	0.5	epochs	-1.0
1318.536999797821	0.5	epochs	1.0
1319.036999797821	1.0	epochs	1.0
1320.036999797821	1.0595600000001468	epochs	1.0
1320.536999397821	0.5	epochs	-1.0
1321.096559797821	2.9404199999999037	epochs	0.0
1330.6900000572205	0.09999999999990905	epochs	0.0
1330.6900000572205	0.04500000000007276	epochs	1.0
1330.7350000572205	0.009999999999990905	epochs	1.0
1330.7450000572205	0.044999999999845386	epochs	1.0
1330.7900000572204	0.5398800000000392	epochs	0.0
1330.7900000572204	0.5	epochs	-1.0
1330.7900000572204	0.5	epochs	1.0
1331.2900000572204	0.03988000000003922	epochs	1.0
1331.3298800572204	4.960100000000011	epochs	0.0
1335.8740000724792	0.09999999999990905	epochs	0.0
1335.8740000724792	0.04500000000007276	epochs	1.0
1335.9190000724793	0.009999999999990905	epochs	1.0
1335.9290000724793	0.044999999999845386	epochs	1.0
1335.9740000724792	0.5	epochs	-1.0
1335.9740000724792	0.5	epochs	0.0
1335.9740000724792	0.5	epochs	1.0
1336.4740000724792	4.9999800000000505	epochs	0.0
1341.0739998817444	0.09999999999990905	epochs	0.0
1341.0739998817444	0.04500000000007276	epochs	1.0
1341.1189998817445	0.009999999999990905	epochs	1.0
1341.1289998817444	0.044999999999845386	epochs	1.0
1341.1739998817443	0.5001000000002023	epochs	0.0
1341.1739998817443	0.5	epochs	-1.0
1341.1739998817443	0.5	epochs	1.0
1341.6739998817443	0.00010000000020227162	epochs	1.0
1341.6740998817445	4.999879999999848	epochs	0.0
1346.2059998512268	0.09999999999990905	epochs	0.0
1346.2059998512268	0.04500000000007276	epochs	1.0
1346.2509998512269	0.009999999999990905	epochs	1.0
1346.2609998512269	0.044999999999845386	epochs	1.0
1346.3059998512267	2.5600600000000213	epochs	0.0
1346.3059998512267	0.5	epochs	-1.0
1346.3059998512267	0.5	epochs	1.0
1346.8059998512267	1.0	epochs	1.0
1347.8059998512267	1.0600600000000213	epochs	1.0
1348.3059995512267	0.5	epochs	-1.0
1348.8660598512267	2.939920000000029	epochs	0.0
1351.4889998435974	0.09999999999990905	epochs	0.0
1351.4889998435974	0.04500000000007276	epochs	1.0
1351.5339998435975	0.009999999999990905	epochs	1.0
1351.5439998435975	0.044999999999845386	epochs	1.0
1351.5889998435973	2.500680000000102	epochs	0.0
1351.5889998435973	0.5	epochs	-1.0
1351.5889998435973	0.5	epochs	1.0
1352.0889998435973	1.0	epochs	1.0
1353.0889998435973	1.0006800000001022	epochs	1.0
1353.5889993435974	0.5	epochs	-1.0
1354.0896798435974	2.9992999999999483	epochs	0.0
1356.6529998779297	0.09999999999990905	epochs	0.0
1356.6529998779297	0.04500000000007276	epochs	1.0
1356.6979998779298	0.009999999999990905	epochs	1.0
1356.7079998779298	0.044999999999845386	epochs	1.0
1356.7529998779296	0.5	epochs	-1.0
1356.7529998779296	0.5	epochs	0.0
1356.7529998779296	0.5	epochs	1.0
1357.2529998779296	4.9999800000000505	epochs	0.0
1361.8359999656677	0.09999999999990905	epochs	0.0
1361.8359999656677	0.04500000000007276	epochs	1.0
1361.8809999656678	0.009999999999990905	epochs	1.0
1361.8909999656678	0.044999999999845386	epochs	1.0
1361.9359999656676	2.5001800000000003	epochs	0.0
1361.9359999656676	0.5	epochs	-1.0
1361.9359999656676	0.5	epochs	1.0
1362.4359999656676	1.0	epochs	1.0
1363.4359999656676	1.0001800000000003	epochs	1.0
1363.9359995656678	0.5	epochs	-1.0
1364.4361799656676	2.99980000000005	epochs	0.0
1367.106999874115	0.09999999999990905	epochs	0.0
1367.106999874115	0.04500000000007276	epochs	1.0
1367.151999874115	0.009999999999990905	epochs	1.0
1367.161999874115	0.044999999999845386	epochs	1.0
1367.206999874115	0.5001200000001518	epochs	0.0
1367.206999874115	0.5	epochs	-1.0
1367.206999874115	0.5	epochs	1.0
1367.706999874115	0.00012000000015177648	epochs	1.0
1367.707119874115	4.999859999999899	epochs	0.0
1387.3150000572205	0.09999999999990905	epochs	0.0
1387.3150000572205	0.04500000000007276	epochs	1.0
1387.3600000572205	0.009999999999990905	epochs	1.0
1387.3700000572205	0.044999999999845386	epochs	1.0
1387.4150000572204	2.520080000000007	epochs	0.0
1387.4150000572204	0.5	epochs	-1.0
1387.4150000572204	0.5	epochs	1.0
1387.9150000572204	1.0	epochs	1.0
1388.9150000572204	1.0200800000000072	epochs	1.0
1389.4149996572205	0.5	epochs	-1.0
1389.9350800572204	2.9799000000000433	epochs	0.0
1392.4979996681213	0.09999999999990905	epochs	0.0
1392.4979996681213	0.04500000000007276	epochs	1.0
1392.5429996681214	0.009999999999990905	epochs	1.0
1392.5529996681214	0.044999999999845386	epochs	1.0
1392.5979996681212	0.5003800000001775	epochs	0.0
1392.5979996681212	0.5	epochs	-1.0
1392.5979996681212	0.5	epochs	1.0
1393.0979996681212	0.0003800000001774606	epochs	1.0
1393.0983796681214	4.999599999999873	epochs	0.0
1407.1149997711182	0.09999999999990905	epochs	0.0
1407.1149997711182	0.04500000000007276	epochs	1.0
1407.1599997711182	0.009999999999990905	epochs	1.0
1407.1699997711182	0.044999999999845386	epochs	1.0
1407.214999771118	2.0	epochs	0.0
1409.214999771118	0.5001600000000508	epochs	0.0
1409.214999771118	0.5001600000000508	epochs	1.0
1409.214999771118	0.5	epochs	-1.0
1409.714999771118	0.00016000000005078618	epochs	-1.0
1409.7151597711181	21.49976000000015	epochs	0.0
1411.9649996757507	0.09999999999990905	epochs	0.0
1411.9649996757507	0.04500000000007276	epochs	1.0
1412.0099996757508	0.009999999999990905	epochs	1.0
1412.0199996757508	0.044999999999845386	epochs	1.0
1412.0649996757506	2.0	epochs	0.0
1414.0649996757506	0.5192799999999806	epochs	0.0
1414.0649996757506	0.5192799999999806	epochs	1.0
1414.0649996757506	0.5	epochs	-1.0
1414.5649996757506	0.019279999999980646	epochs	-1.0
1414.5842796757506	21.48064000000022	epochs	0.0
1416.2129998207092	0.09999999999990905	epochs	0.0
1416.2129998207092	0.04500000000007276	epochs	1.0
1416.2579998207093	0.009999999999990905	epochs	1.0
1416.2679998207093	0.044999999999845386	epochs	1.0
1416.3129998207091	2.0	epochs	0.0
1418.3129998207091	0.5600800000001982	epochs	0.0
1418.3129998207091	0.5600800000001982	epochs	1.0
1418.3129998207091	0.5	epochs	-1.0
1418.8129998207091	0.0600800000001982	epochs	-1.0
1418.8730798207093	21.439840000000004	epochs	0.0
1420.5460000038147	0.09999999999990905	epochs	0.0
1420.5460000038147	0.04500000000007276	epochs	1.0
1420.5910000038148	0.009999999999990905	epochs	1.0
1420.6010000038148	0.044999999999845386	epochs	1.0
1420.6460000038146	2.0	epochs	0.0
1422.6460000038146	0.5595200000000204	epochs	0.0
1422.6460000038146	0.5595200000000204	epochs	1.0
1422.6460000038146	0.5	epochs	-1.0
1423.1460000038146	0.059520000000020445	epochs	-1.0
1423.2055200038146	21.44040000000018	epochs	0.0
1424.8629999160767	0.09999999999990905	epochs	0.0
1424.8629999160767	0.04500000000007276	epochs	1.0
1424.9079999160767	0.009999999999990905	epochs	1.0
1424.9179999160767	0.044999999999845386	epochs	1.0
1424.9629999160766	2.0	epochs	0.0
1426.9629999160766	0.5201600000000326	epochs	0.0
1426.9629999160766	0.5201600000000326	epochs	1.0
1426.9629999160766	0.5	epochs	-1.0
1427.4629999160766	0.020160000000032596	epochs	-1.0
1427.4831599160766	21.47976000000017	epochs	0.0
1429.1349997520447	0.09999999999990905	epochs	0.0
1429.1349997520447	0.04500000000007276	epochs	1.0
1429.1799997520448	0.009999999999990905	epochs	1.0
1429.1899997520447	0.044999999999845386	epochs	1.0
1429.2349997520446	2.0	epochs	0.0
1431.2349997520446	0.5001600000000508	epochs	0.0
1431.2349997520446	0.5001600000000508	epochs	1.0
1431.2349997520446	0.5	epochs	-1.0
1431.7349997520446	0.00016000000005078618	epochs	-1.0
1431.7351597520446	21.49976000000015	epochs	0.0
1433.4179997444153	0.09999999999990905	epochs	0.0
1433.4179997444153	0.04500000000007276	epochs	1.0
1433.4629997444154	0.009999999999990905	epochs	1.0
1433.4729997444153	0.044999999999845386	epochs	1.0
1433.5179997444152	2.0	epochs	0.0
1435.5179997444152	0.5601599999999962	epochs	0.0
1435.5179997444152	0.5601599999999962	epochs	1.0
1435.5179997444152	0.5	epochs	-1.0
1436.0179997444152	0.060159999999996217	epochs	-1.0
1436.0781597444152	21.439760000000206	epochs	0.0
1437.8189997673035	0.09999999999990905	epochs	0.0
1437.8189997673035	0.04500000000007276	epochs	1.0
1437.8639997673035	0.009999999999990905	epochs	1.0
1437.8739997673035	0.044999999999845386	epochs	1.0
1437.9189997673034	2.0	epochs	0.0
1439.9189997673034	0.5596800000000712	epochs	0.0
1439.9189997673034	0.5596800000000712	epochs	1.0
1439.9189997673034	0.5	epochs	-1.0
1440.4189997673034	0.05968000000007123	epochs	-1.0
1440.4786797673034	21.44024000000013	epochs	0.0
1442.168999671936	0.09999999999990905	epochs	0.0
1442.168999671936	0.04500000000007276	epochs	1.0
1442.213999671936	0.009999999999990905	epochs	1.0
1442.223999671936	0.044999999999845386	epochs	1.0
1442.268999671936	2.0	epochs	0.0
1444.268999671936	0.5601599999999962	epochs	0.0
1444.268999671936	0.5601599999999962	epochs	1.0
1444.268999671936	0.5	epochs	-1.0
1444.768999671936	0.060159999999996217	epochs	-1.0
1444.829159671936	21.439760000000206	epochs	0.0
1452.585000038147	0.09999999999990905	epochs	0.0
1452.585000038147	0.04500000000007276	epochs	1.0
1452.630000038147	0.009999999999990905	epochs	1.0
1452.640000038147	0.044999999999845386	epochs	1.0
1452.6850000381469	2.0	epochs	0.0
1454.6850000381469	21.520160000000033	epochs	0.0
1454.6850000381469	1.0	epochs	1.0
1454.6850000381469	0.5	epochs	-1.0
1455.1850000381469	19.997680000000173	epochs	-1.0
1455.6850000381469	20.0	epochs	1.0
1455.6850000381469	4.356753900000058	epochs	-1.0
1455.6850000381469	1.9745872000000873	epochs	2.0
1455.6850000381469	1.0985622000000603	epochs	3.0
1456.783562238147	0.8760250000000269	epochs	3.0
1457.659587238147	1.3524075000000266	epochs	2.0
1457.659587238147	0.7286355000001095	epochs	3.0
1458.388222738147	0.6237719999999172	epochs	3.0
1459.011994738147	1.029759199999944	epochs	2.0
1459.011994738147	0.5453293000000485	epochs	3.0
1459.557324038147	0.4844298999998955	epochs	3.0
1460.041753938147	0.8317862000001242	epochs	2.0
1460.041753938147	0.4357763000000432	epochs	3.0
1460.477530238147	0.39600990000008096	epochs	3.0
1460.873540138147	0.6977969999998095	epochs	2.0
1460.873540138147	0.3628982000000178	epochs	3.0
1461.236438338147	0.33489879999979166	epochs	3.0
1461.5713371381469	0.601045699999986	epochs	2.0
1461.5713371381469	0.3109123000001546	epochs	3.0
1461.882249438147	0.29013339999983145	epochs	3.0
1462.1723828381469	0.5278859000000011	epochs	2.0
1462.1723828381469	0.2719586000000618	epochs	3.0
1462.444341438147	0.25592729999993935	epochs	3.0
1462.7002687381469	0.4706193000001804	epochs	2.0
1462.7002687381469	0.24168130000020938	epochs	3.0
1462.941950038147	0.228937999999971	epochs	3.0
1463.170888038147	0.42457039999999324	epochs	2.0
1463.170888038147	0.21747140000002219	epochs	3.0
1463.388359438147	0.20709899999997106	epochs	3.0
1463.595458438147	0.3867353999999068	epochs	2.0
1463.595458438147	0.19767109999997956	epochs	3.0
1463.793129538147	0.18906429999992724	epochs	3.0
1463.982193838147	0.35509530000013	epochs	2.0
1463.982193838147	0.18117589999997108	epochs	3.0
1464.163369738147	0.17391940000015893	epochs	3.0
1464.337289138147	0.3282431000000088	epochs	2.0
1464.337289138147	0.16722189999995862	epochs	3.0
1464.504511038147	0.16102120000005016	epochs	3.0
1464.665532238147	0.3051679999998669	epochs	2.0
1464.665532238147	0.15526389999990897	epochs	3.0
1464.820796138147	0.1499040999999579	epochs	3.0
1464.970700238147	0.28512530000011793	epochs	2.0
1464.970700238147	0.1449021000000812	epochs	3.0
1465.115602338147	0.14022320000003674	epochs	3.0
1465.255825538147	0.2675537999998596	epochs	2.0
1465.255825538147	0.1358368999999584	epochs	3.0
1465.391662438147	0.13171689999990122	epochs	3.0
1465.523379338147	0.25202290000015637	epochs	2.0
1465.523379338147	0.1278393000000051	epochs	3.0
1465.651218638147	0.12418360000015127	epochs	3.0
1465.775402238147	0.23819649999995818	epochs	2.0
1465.775402238147	0.1207310999998299	epochs	3.0
1465.896133338147	0.11746540000012828	epochs	3.0
1466.013598738147	0.22580879999986792	epochs	2.0
1466.013598738147	0.1143718999999237	epochs	3.0
1466.127970638147	0.11143689999994422	epochs	3.0
1466.239407538147	0.2146460000001298	epochs	2.0
1466.239407538147	0.10864890000016203	epochs	3.0
1466.348056438147	0.10599709999996776	epochs	3.0
1466.454053538147	0.2045349999998507	epochs	2.0
1466.454053538147	0.1034714999998414	epochs	3.0
1466.5575250381469	0.1010635000000093	epochs	3.0
1466.658588538147	0.19533400000000256	epochs	2.0
1466.658588538147	0.09876510000003691	epochs	3.0
1466.757353638147	0.09656889999996565	epochs	3.0
1466.853922538147	0.18692529999998442	epochs	2.0
1466.853922538147	0.09446830000001682	epochs	3.0
1466.948390838147	0.09245699999996759	epochs	3.0
1467.0408478381469	0.1792107000001124	epochs	2.0
1467.0408478381469	0.0905296000000817	epochs	3.0
1467.131377438147	0.08868110000003071	epochs	3.0
1467.220058538147	0.17210769999996955	epochs	2.0
1467.220058538147	0.08690630000000965	epochs	3.0
1467.306964838147	0.0852013999999599	epochs	3.0
1467.392166238147	0.16554640000003928	epochs	2.0
1467.392166238147	0.08356189999994967	epochs	3.0
1467.475728138147	0.08198450000008961	epochs	3.0
1467.557712638147	0.15946710000002895	epochs	2.0
1467.557712638147	0.08046539999986635	epochs	3.0
1467.6381780381469	0.0790017000001626	epochs	3.0
1467.717179738147	0.1538183999998637	epochs	2.0
1467.717179738147	0.07759009999995214	epochs	3.0
1467.794769838147	0.07622829999991154	epochs	3.0
1467.870998138147	0.14855640000018866	epochs	2.0
1467.870998138147	0.07491330000016205	epochs	3.0
1467.945911438147	0.0736431000000266	epochs	3.0
1468.019554538147	0.1436423999998624	epochs	2.0
1468.019554538147	0.07241499999986445	epochs	3.0
1468.091969538147	0.07122739999999794	epochs	3.0
1468.163196938147	0.13904309999998077	epochs	2.0
1468.163196938147	0.07007799999996678	epochs	3.0
1468.233274938147	0.06896510000001399	epochs	3.0
1468.302240038147	0.1347293000001173	epochs	2.0
1468.302240038147	0.0678871000000072	epochs	3.0
1468.370127138147	0.0668422000001101	epochs	3.0
1468.436969338147	0.1306752000000415	epochs	2.0
1468.436969338147	0.06582909999997355	epochs	3.0
1468.502798438147	0.06484610000006796	epochs	3.0
1468.567644538147	0.1268577999999252	epochs	2.0
1468.567644538147	0.06389199999989614	epochs	3.0
1468.631536538147	0.06296580000002905	epochs	3.0
1468.694502338147	0.12325719999989815	epochs	2.0
1468.694502338147	0.06206580000002759	epochs	3.0
1468.756568138147	0.061191399999870555	epochs	3.0
1468.817759538147	0.11985540000000583	epochs	2.0
1468.817759538147	0.060341099999959624	epochs	3.0
1468.8781006381469	0.059514300000046205	epochs	3.0
1468.937614938147	0.11663620000012997	epochs	2.0
1468.937614938147	0.05870960000015657	epochs	3.0
1468.996324538147	0.057926599999973405	epochs	3.0
1469.054251138147	0.11358559999985118	epochs	2.0
1469.054251138147	0.05716419999998834	epochs	3.0
1469.111415338147	0.05642139999986284	epochs	3.0
1469.167836738147	0.11069050000014613	epochs	2.0
1469.167836738147	0.055697900000041045	epochs	3.0
1469.223534638147	0.054992600000105085	epochs	3.0
1469.278527238147	0.10793909999983953	epochs	2.0
1469.278527238147	0.05430490000003374	epochs	3.0
1469.332832138147	0.05363419999980579	epochs	3.0
1469.3864663381469	0.10532150000017282	epochs	2.0
1469.3864663381469	0.052980000000161453	epochs	3.0
1469.439446338147	0.052341500000011365	epochs	3.0
1469.491787838147	0.10282759999995505	epochs	2.0
1469.491787838147	0.05171810000001642	epochs	3.0
1469.543505938147	0.051109499999938635	epochs	3.0
1469.594615438147	0.10044909999987794	epochs	2.0
1469.594615438147	0.050514900000052876	epochs	3.0
1469.645130338147	0.04993419999982507	epochs	3.0
1469.6950645381469	0.09817830000019967	epochs	2.0
1469.6950645381469	0.04936659999998483	epochs	3.0
1469.7444311381469	0.04881170000021484	epochs	3.0
1469.793242838147	0.09600779999982478	epochs	2.0
1469.793242838147	0.048269199999822376	epochs	3.0
1469.841512038147	0.04773860000000241	epochs	3.0
1469.889250638147	0.09393120000004274	epochs	2.0
1469.889250638147	0.04721949999998287	epochs	3.0
1469.936470138147	0.046711700000059864	epochs	3.0
1469.983181838147	0.09194260000003851	epochs	2.0
1469.983181838147	0.046214599999984785	epochs	3.0
1470.029396438147	0.045728000000053726	epochs	3.0
1470.075124438147	0.09003630000006524	epochs	2.0
1470.075124438147	0.045251499999949374	epochs	3.0
1470.120375938147	0.044784800000115865	epochs	3.0
1470.165160738147	0.08820760000003247	epochs	2.0
1470.165160738147	0.044327800000019124	epochs	3.0
1470.209488538147	0.04387980000001335	epochs	3.0
1470.253368338147	0.0864516999999978	epochs	2.0
1470.253368338147	0.04344099999980244	epochs	3.0
1470.2968093381469	0.04301070000019536	epochs	3.0
1470.339820038147	0.08476429999996071	epochs	2.0
1470.339820038147	0.04258899999990717	epochs	3.0
1470.382409038147	0.04217530000005354	epochs	3.0
1470.424584338147	0.08314150000001064	epochs	2.0
1470.424584338147	0.04176970000003166	epochs	3.0
1470.466354038147	0.041371799999978975	epochs	3.0
1470.507725838147	0.08157970000002024	epochs	2.0
1470.507725838147	0.040981399999964196	epochs	3.0
1470.548707238147	0.04059830000005604	epochs	3.0
1470.589305538147	0.08007549999979346	epochs	2.0
1470.589305538147	0.04022229999986848	epochs	3.0
1470.629527838147	0.03985319999992498	epochs	3.0
1470.6693810381469	0.07862570000020241	epochs	2.0
1470.6693810381469	0.039490800000066884	epochs	3.0
1470.708871838147	0.03913490000013553	epochs	3.0
1470.748006738147	0.07722760000001472	epochs	2.0
1470.748006738147	0.03878539999982422	epochs	3.0
1470.786792138147	0.038442200000190496	epochs	3.0
1470.825234338147	0.07587819999980638	epochs	2.0
1470.825234338147	0.03810479999992822	epochs	3.0
1470.863339138147	0.037773399999878166	epochs	3.0
1470.901112538147	0.0745752000000266	epochs	2.0
1470.901112538147	0.03744770000002973	epochs	3.0
1470.938560238147	0.03712749999999687	epochs	3.0
1470.975687738147	0.07331629999998768	epochs	2.0
1470.975687738147	0.0368129000000863	epochs	3.0
1471.012500638147	0.036503399999901376	epochs	3.0
1471.049004038147	0.07209899999998015	epochs	2.0
1471.049004038147	0.03619909999997617	epochs	3.0
1471.0852031381469	0.03589990000000398	epochs	3.0
1471.1211030381469	0.07092170000009901	epochs	2.0
1471.1211030381469	0.03560560000005353	epochs	3.0
1471.156708638147	0.03531610000004548	epochs	3.0
1471.192024738147	0.06978200000003199	epochs	2.0
1471.192024738147	0.03503120000004856	epochs	3.0
1471.227055938147	0.03475079999998343	epochs	3.0
1471.261806738147	0.06867859999988468	epochs	2.0
1471.261806738147	0.03447510000000875	epochs	3.0
1471.296281838147	0.03420349999987593	epochs	3.0
1471.330485338147	0.06760930000018561	epochs	2.0
1471.330485338147	0.033936199999970995	epochs	3.0
1471.3644215381469	0.03367310000021462	epochs	3.0
1471.398094638147	0.06657289999998284	epochs	2.0
1471.398094638147	0.03341399999999339	epochs	3.0
1471.431508638147	0.033158899999989444	epochs	3.0
1471.464667538147	0.06556779999982609	epochs	2.0
1471.464667538147	0.03290769999989607	epochs	3.0
1471.497575238147	0.032660099999930026	epochs	3.0
1471.530235338147	0.06459259999996902	epochs	2.0
1471.530235338147	0.03241640000010193	epochs	3.0
1471.562651738147	0.032176199999867094	epochs	3.0
1471.5948279381469	0.06364600000006249	epochs	2.0
1471.5948279381469	0.03193960000021434	epochs	3.0
1471.626767538147	0.031706399999848145	epochs	3.0
1471.658473938147	0.0627266999999847	epochs	2.0
1471.658473938147	0.03147660000013275	epochs	3.0
1471.689950538147	0.031250099999851955	epochs	3.0
1471.721200638147	0.06183359999999993	epochs	2.0
1471.721200638147	0.031026900000142632	epochs	3.0
1471.752227538147	0.0308066999998573	epochs	3.0
1471.783034238147	0.06096560000014506	epochs	2.0
1471.783034238147	0.03058980000014344	epochs	3.0
1471.813624038147	0.030375800000001618	epochs	3.0
1471.843999838147	0.06012160000000222	epochs	2.0
1471.843999838147	0.030164899999817862	epochs	3.0
1471.8741647381469	0.029956700000184355	epochs	3.0
1471.904121438147	0.05930069999999432	epochs	2.0
1471.904121438147	0.029751599999826794	epochs	3.0
1471.9338730381469	0.029549100000167527	epochs	3.0
1471.963422138147	0.05850179999993088	epochs	2.0
1471.963422138147	0.02934940000000097	epochs	3.0
1471.992771538147	0.029152399999929912	epochs	3.0
1472.021923938147	0.05772419999993872	epochs	2.0
1472.021923938147	0.028958000000102402	epochs	3.0
1472.050881938147	0.028766199999836317	epochs	3.0
1472.079648138147	0.05696710000006533	epochs	2.0
1472.079648138147	0.028577000000041153	epochs	3.0
1472.108225138147	0.028390100000024177	epochs	3.0
1472.136615238147	0.05622949999997218	epochs	2.0
1472.136615238147	0.028205699999944045	epochs	3.0
1472.164820938147	0.028023800000028132	epochs	3.0
1472.192844738147	0.05551070000001346	epochs	2.0
1472.192844738147	0.027843999999959124	epochs	3.0
1472.220688738147	0.027666700000054334	epochs	3.0
1472.248355438147	0.054810200000019904	epochs	2.0
1472.248355438147	0.02749149999999645	epochs	3.0
1472.275846938147	0.027318700000023455	epochs	3.0
1472.303165638147	0.054126999999880354	epochs	2.0
1472.303165638147	0.027147799999966082	epochs	3.0
1472.330313438147	0.026979199999914272	epochs	3.0
1472.3572926381469	0.05346070000018699	epochs	2.0
1472.3572926381469	0.026812600000084785	epochs	3.0
1472.384105238147	0.026648100000102204	epochs	3.0
1472.410753338147	0.05281070000000909	epochs	2.0
1472.410753338147	0.0264855999998872	epochs	3.0
1472.437238938147	0.026325100000121893	epochs	3.0
1472.463564038147	0.052176199999848905	epochs	2.0
1472.463564038147	0.026166399999965506	epochs	3.0
1472.489730438147	0.0260097999998834	epochs	3.0
1472.515740238147	0.051556699999991906	epochs	2.0
1472.515740238147	0.02585480000016105	epochs	3.0
1472.541595038147	0.025701899999830857	epochs	3.0
1472.567296938147	0.05095189999997274	epochs	2.0
1472.567296938147	0.025550700000167126	epochs	3.0
1472.592847638147	0.025401199999805613	epochs	3.0
1472.6182488381469	0.05036100000006627	epochs	2.0
1472.6182488381469	0.025253500000189888	epochs	3.0
1472.643502338147	0.02510749999987638	epochs	3.0
1472.668609838147	0.04978380000011384	epochs	2.0
1472.668609838147	0.02496320000000196	epochs	3.0
1472.693573038147	0.02482060000011188	epochs	3.0
1472.718393638147	0.04921949999993558	epochs	2.0
1472.718393638147	0.024679399999968155	epochs	3.0
1472.743073038147	0.024540099999967424	epochs	3.0
1472.767613138147	0.04866790000005494	epochs	2.0
1472.767613138147	0.024402100000088467	epochs	3.0
1472.792015238147	0.024265799999966475	epochs	3.0
1472.816281038147	0.048128599999927246	epochs	2.0
1472.816281038147	0.02413099999989754	epochs	3.0
1472.840412038147	0.023997600000029706	epochs	3.0
1472.864409638147	0.047601100000065344	epochs	2.0
1472.864409638147	0.023865800000066884	epochs	3.0
1472.888275438147	0.02373529999999846	epochs	3.0
1472.912010738147	0.04708499999992455	epochs	2.0
1472.912010738147	0.023606299999983094	epochs	3.0
1472.935617038147	0.023478699999941455	epochs	3.0
1472.959095738147	0.046579999999948996	epochs	2.0
1472.959095738147	0.023352500000100918	epochs	3.0
1472.982448238147	0.023227499999848078	epochs	3.0
1473.005675738147	0.046085700000048746	epochs	2.0
1473.005675738147	0.023104000000103042	epochs	3.0
1473.028779738147	0.022981699999945704	epochs	3.0
1473.051761438147	0.045601799999985815	epochs	2.0
1473.051761438147	0.02286069999991014	epochs	3.0
1473.0746221381469	0.022741100000075676	epochs	3.0
1473.097363238147	0.04512790000012501	epochs	2.0
1473.097363238147	0.022622500000125	epochs	3.0
1473.119985738147	0.02250540000000001	epochs	3.0
1473.142491138147	0.04466379999985293	epochs	2.0
1473.142491138147	0.02238929999998618	epochs	3.0
1473.164880438147	0.022274499999866748	epochs	3.0
1473.187154938147	0.04420920000006845	epochs	2.0
1473.187154938147	0.022160799999937808	epochs	3.0
1473.2093157381469	0.02204840000013064	epochs	3.0
1473.231364138147	0.04376359999992019	epochs	2.0
1473.231364138147	0.02193689999990056	epochs	3.0
1473.253301038147	0.021826700000019628	epochs	3.0
1473.275127738147	0.04332709999994222	epochs	2.0
1473.275127738147	0.02171760000010181	epochs	3.0
1473.296845338147	0.02160949999984041	epochs	3.0
1473.3184548381469	0.04289900000003399	epochs	2.0
1473.3184548381469	0.021502500000224245	epochs	3.0
1473.339957338147	0.021396499999809748	epochs	3.0
1473.361353838147	0.04247950000012679	epochs	2.0
1473.361353838147	0.021291700000119818	epochs	3.0
1473.382645538147	0.021187800000006973	epochs	3.0
1473.403833338147	0.04206789999989269	epochs	2.0
1473.403833338147	0.02108490000000529	epochs	3.0
1473.424918238147	0.020982999999887397	epochs	3.0
1473.445901238147	0.04166439999994509	epochs	2.0
1473.445901238147	0.020882199999959994	epochs	3.0
1473.4667834381469	0.020782199999985096	epochs	3.0
1473.4875656381469	0.04126850000011473	epochs	2.0
1473.4875656381469	0.02068330000020069	epochs	3.0
1473.508248938147	0.02058519999991404	epochs	3.0
1473.528834138147	0.04088000000001557	epochs	2.0
1473.528834138147	0.020488099999965925	epochs	3.0
1473.549322238147	0.020391900000049645	epochs	3.0
1473.569714138147	0.04049880000002304	epochs	2.0
1473.569714138147	0.020296599999937825	epochs	3.0
1473.590010738147	0.020202200000085213	epochs	3.0
1473.610212938147	0.040124599999899146	epochs	2.0
1473.610212938147	0.02010870000003706	epochs	3.0
1473.630321638147	0.020015899999862086	epochs	3.0
1473.650337538147	0.03975730000001931	epochs	2.0
1473.650337538147	0.019924200000104975	epochs	3.0
1473.670261738147	0.01983309999991434	epochs	3.0
1473.690094838147	0.03939669999999751	epochs	2.0
1473.690094838147	0.01974300000006224	epochs	3.0
1473.709837838147	0.01965369999993527	epochs	3.0
1473.729491538147	0.03904239999997117	epochs	2.0
1473.729491538147	0.019565100000136226	epochs	3.0
1473.749056638147	0.01947729999983494	epochs	3.0
1473.768533938147	0.038694600000098944	epochs	2.0
1473.768533938147	0.019390400000020236	epochs	3.0
1473.787924338147	0.01930420000007871	epochs	3.0
1473.807228538147	0.03835290000006353	epochs	2.0
1473.807228538147	0.019218799999862313	epochs	3.0
1473.8264473381469	0.019134100000201215	epochs	3.0
1473.845581438147	0.03801720000001296	epochs	2.0
1473.845581438147	0.019050199999810502	epochs	3.0
1473.8646316381469	0.01896700000020246	epochs	3.0
1473.883598638147	0.03768719999993664	epochs	2.0
1473.883598638147	0.018884499999785476	epochs	3.0
1473.9024831381469	0.018802700000151162	epochs	3.0
1473.921285838147	0.03736309999999321	epochs	2.0
1473.921285838147	0.018721700000014607	epochs	3.0
1473.940007538147	0.018641399999978603	epochs	3.0
1473.958648938147	0.03704429999993408	epochs	2.0
1473.958648938147	0.018561599999884493	epochs	3.0
1473.977210538147	0.01848270000004959	epochs	3.0
1473.995693238147	0.036731000000145286	epochs	2.0
1473.995693238147	0.018404299999929208	epochs	3.0
1474.0140975381469	0.01832670000021608	epochs	3.0
1474.032424238147	0.03642289999993409	epochs	2.0
1474.032424238147	0.018249599999990096	epochs	3.0
1474.050673838147	0.018173299999943993	epochs	3.0
1474.068847138147	0.03612010000006194	epochs	2.0
1474.068847138147	0.01809759999991911	epochs	3.0
1474.086944738147	0.018022500000142827	epochs	3.0
1474.104967238147	0.03582209999990482	epochs	2.0
1474.104967238147	0.01794789999985369	epochs	3.0
1474.122915138147	0.017874200000051133	epochs	3.0
1474.140789338147	0.03552899999999681	epochs	2.0
1474.140789338147	0.017800800000031813	epochs	3.0
1474.158590138147	0.017728199999965	epochs	3.0
1474.176318338147	0.03524070000003121	epochs	2.0
1474.176318338147	0.017656100000067454	epochs	3.0
1474.193974438147	0.017584599999963757	epochs	3.0
1474.211559038147	0.03495709999992869	epochs	2.0
1474.211559038147	0.017513699999881283	epochs	3.0
1474.229072738147	0.017443400000047404	epochs	3.0
1474.246516138147	0.03467790000013338	epochs	2.0
1474.246516138147	0.017373599999928047	epochs	3.0
1474.2638897381469	0.01730430000020533	epochs	3.0
1474.281194038147	0.03440329999989444	epochs	2.0
1474.281194038147	0.017235699999901044	epochs	3.0
1474.298429738147	0.0171675999999934	epochs	3.0
1474.315597338147	0.03413279999995211	epochs	2.0
1474.315597338147	0.01709989999994832	epochs	3.0
1474.332697238147	0.017032900000003792	epochs	3.0
1474.349730138147	0.03386670000008962	epochs	2.0
1474.349730138147	0.01696640000000116	epochs	3.0
1474.366696538147	0.016900300000088464	epochs	3.0
1474.383596838147	0.03360459999998966	epochs	2.0
1474.383596838147	0.01683479999996962	epochs	3.0
1474.400431638147	0.01676980000002004	epochs	3.0
1474.417201438147	0.033346599999958926	epochs	2.0
1474.417201438147	0.016705300000012357	epochs	3.0
1474.433906738147	0.01664129999994657	epochs	3.0
1474.450548038147	0.03309250000006614	epochs	2.0
1474.450548038147	0.016577800000050047	epochs	3.0
1474.467125838147	0.01651470000001609	epochs	3.0
1474.483640538147	0.03284229999985655	epochs	2.0
1474.483640538147	0.01645220000000336	epochs	3.0
1474.500092738147	0.01639009999985319	epochs	3.0
1474.5164828381469	0.03259570000000167	epochs	2.0
1474.5164828381469	0.016328400000020338	epochs	3.0
1474.532811238147	0.016267299999981333	epochs	3.0
1474.549078538147	0.032352899999978035	epochs	2.0
1474.549078538147	0.016206600000032267	epochs	3.0
1474.565285138147	0.016146299999945768	epochs	3.0
1474.5814314381469	0.032113700000081735	epochs	2.0
1474.5814314381469	0.016086600000107865	epochs	3.0
1474.597518038147	0.01602709999997387	epochs	3.0
1474.613545138147	0.03187800000000607	epochs	2.0
1474.613545138147	0.015968200000088473	epochs	3.0
1474.629513338147	0.015909799999917595	epochs	3.0
1474.645423138147	0.03164570000012645	epochs	2.0
1474.645423138147	0.015851599999905375	epochs	3.0
1474.6612747381469	0.01579410000022108	epochs	3.0
1474.677068838147	0.031416699999908815	epochs	2.0
1474.677068838147	0.01573669999993399	epochs	3.0
1474.692805538147	0.015679999999974825	epochs	3.0
1474.708485538147	0.03119109999988723	epochs	2.0
1474.708485538147	0.015623600000026272	epochs	3.0
1474.724109138147	0.015567499999860956	epochs	3.0
1474.7396766381469	0.03096870000013041	epochs	2.0
1474.7396766381469	0.01551200000017161	epochs	3.0
1474.755188638147	0.0154566999999588	epochs	3.0
1474.770645338147	0.030749499999956242	epochs	2.0
1474.770645338147	0.015401999999994587	epochs	3.0
1474.786047338147	0.015347499999961656	epochs	3.0
1474.801394838147	0.03053320000003623	epochs	2.0
1474.801394838147	0.015293400000018664	epochs	3.0
1474.816688238147	0.015239800000017567	epochs	3.0
1474.831928038147	0.030320099999926242	epochs	2.0
1474.831928038147	0.015186500000027081	epochs	3.0
1474.847114538147	0.015133599999899161	epochs	3.0
1474.862248138147	0.03010990000007041	epochs	2.0
1474.862248138147	0.015081000000009226	epochs	3.0
1474.877329138147	0.015028900000061185	epochs	3.0
1474.892358038147	0.029902499999934662	epochs	2.0
1474.892358038147	0.014977000000044427	epochs	3.0
1474.907335038147	0.014925499999890235	epochs	3.0
1474.922260538147	0.0296981000001324	epochs	2.0
1474.922260538147	0.014874400000053356	epochs	3.0
1474.937134938147	0.014823700000079043	epochs	3.0
1474.951958638147	0.029496299999891562	epochs	2.0
1474.951958638147	0.01477319999980864	epochs	3.0
1474.9667318381469	0.014723100000082923	epochs	3.0
1474.981454938147	0.029297400000132257	epochs	2.0
1474.981454938147	0.014673399999992398	epochs	3.0
1474.996128338147	0.014624000000139858	epochs	3.0
1475.010752338147	0.029101099999934377	epochs	2.0
1475.010752338147	0.014574899999843183	epochs	3.0
1475.025327238147	0.014526200000091194	epochs	3.0
1475.039853438147	0.028907399999980044	epochs	2.0
1475.039853438147	0.014477700000043114	epochs	3.0
1475.054331138147	0.014429699999936929	epochs	3.0
1475.068760838147	0.028716199999962555	epochs	2.0
1475.068760838147	0.014381799999910072	epochs	3.0
1475.083142638147	0.014334400000052483	epochs	3.0
1475.097477038147	0.02852759999996124	epochs	2.0
1475.097477038147	0.014287199999898803	epochs	3.0
1475.1117642381469	0.014240400000062436	epochs	3.0
1475.126004638147	0.028341400000044814	epochs	2.0
1475.126004638147	0.014193800000157353	epochs	3.0
1475.140198438147	0.014147599999887461	epochs	3.0
1475.154346038147	0.028157700000065233	epochs	2.0
1475.154346038147	0.014101700000082928	epochs	3.0
1475.168447738147	0.014055999999982305	epochs	3.0
1475.182503738147	0.02797629999986384	epochs	2.0
1475.182503738147	0.014010599999892293	epochs	3.0
1475.196514338147	0.013965699999971548	epochs	3.0
1475.210480038147	0.027797200000122757	epochs	2.0
1475.210480038147	0.013920800000050804	epochs	3.0
1475.224400838147	0.013876400000071953	epochs	3.0
1475.238277238147	0.027620399999932488	epochs	2.0
1475.238277238147	0.013832200000024386	epochs	3.0
1475.252109438147	0.013788199999908102	epochs	3.0
1475.265897638147	0.027445899999975154	epochs	2.0
1475.265897638147	0.01374460000010913	epochs	3.0
1475.279642238147	0.013701299999866023	epochs	3.0
1475.293343538147	0.0272735000000921	epochs	2.0
1475.293343538147	0.013658200000008947	epochs	3.0
1475.307001738147	0.013615300000083153	epochs	3.0
1475.320617038147	0.027103399999987232	epochs	2.0
1475.320617038147	0.013572800000019924	epochs	3.0
1475.334189838147	0.013530599999967308	epochs	3.0
1475.347720438147	0.02693520000002536	epochs	2.0
1475.347720438147	0.01348839999991469	epochs	3.0
1475.361208838147	0.01344680000011067	epochs	3.0
1475.374655638147	0.026769199999989723	epochs	2.0
1475.374655638147	0.013405199999851902	epochs	3.0
1475.3880608381469	0.013364000000137821	epochs	3.0
1475.401424838147	0.026605199999949036	epochs	2.0
1475.401424838147	0.013322900000048321	epochs	3.0
1475.414747738147	0.013282299999900715	epochs	3.0
1475.428030038147	0.0264431999999033	epochs	2.0
1475.428030038147	0.013241699999980483	epochs	3.0
1475.441271738147	0.013201499999922817	epochs	3.0
1475.4544732381469	0.026283200000079887	epochs	2.0
1475.4544732381469	0.013161500000023807	epochs	3.0
1475.467634738147	0.01312170000005608	epochs	3.0
1475.480756438147	0.02612500000009277	epochs	2.0
1475.480756438147	0.013082100000019636	epochs	3.0
1475.493838538147	0.013042900000073132	epochs	3.0
1475.506881438147	0.025968899999952555	epochs	2.0
1475.506881438147	0.013003899999830537	epochs	3.0
1475.5198853381469	0.012965000000122018	epochs	3.0
1475.532850338147	0.025814500000024054	epochs	2.0
1475.532850338147	0.012926399999969362	epochs	3.0
1475.545776738147	0.012888100000054692	epochs	3.0
1475.558664838147	0.025661899999931848	epochs	2.0
1475.558664838147	0.012849899999991976	epochs	3.0
1475.571514738147	0.012811999999939871	epochs	3.0
1475.584326738147	0.025511199999982637	epochs	2.0
1475.584326738147	0.012774400000125752	epochs	3.0
1475.597101138147	0.012736799999856885	epochs	3.0
1475.609837938147	0.025362300000097093	epochs	2.0
1475.609837938147	0.01269969999998466	epochs	3.0
1475.622537638147	0.012662600000112434	epochs	3.0
1475.635200238147	0.025214999999889187	epochs	2.0
1475.635200238147	0.012625800000023446	epochs	3.0
1475.647826038147	0.012589199999865741	epochs	3.0
1475.660415238147	0.024584799999956886	epochs	2.0
1475.682680038147	0.5	epochs	-1.0
1475.6850000381469	0.5201600000000326	epochs	1.0
1476.205160038147	0.4797600000001694	epochs	0.0
1478.325999736786	0.09999999999990905	epochs	0.0
1478.325999736786	0.04500000000007276	epochs	1.0
1478.370999736786	0.009999999999990905	epochs	1.0
1478.380999736786	0.044999999999845386	epochs	1.0
1478.4259997367858	2.0	epochs	0.0
1480.4259997367858	0.5192799999999806	epochs	0.0
1480.4259997367858	0.5192799999999806	epochs	1.0
1480.4259997367858	0.5	epochs	-1.0
1480.9259997367858	0.019279999999980646	epochs	-1.0
1480.9452797367858	21.48064000000022	epochs	0.0
1482.6929998397827	0.09999999999990905	epochs	0.0
1482.6929998397827	0.04500000000007276	epochs	1.0
1482.7379998397828	0.009999999999990905	epochs	1.0
1482.7479998397828	0.044999999999845386	epochs	1.0
1482.7929998397826	2.0	epochs	0.0
1484.7929998397826	0.5597600000000966	epochs	0.0
1484.7929998397826	0.5597600000000966	epochs	1.0
1484.7929998397826	0.5	epochs	-1.0
1485.2929998397826	0.059760000000096625	epochs	-1.0
1485.3527598397827	21.440160000000105	epochs	0.0
1487.128999710083	0.09999999999990905	epochs	0.0
1487.128999710083	0.04500000000007276	epochs	1.0
1487.173999710083	0.009999999999990905	epochs	1.0
1487.183999710083	0.044999999999845386	epochs	1.0
1487.228999710083	2.0	epochs	0.0
1489.228999710083	0.5592800000001716	epochs	0.0
1489.228999710083	0.5592800000001716	epochs	1.0
1489.228999710083	0.5	epochs	-1.0
1489.728999710083	0.05928000000017164	epochs	-1.0
1489.788279710083	21.44064000000003	epochs	0.0
1491.5629997253418	0.09999999999990905	epochs	0.0
1491.5629997253418	0.04500000000007276	epochs	1.0
1491.6079997253419	0.009999999999990905	epochs	1.0
1491.6179997253419	0.044999999999845386	epochs	1.0
1491.6629997253417	2.0	epochs	0.0
1493.6629997253417	0.5592800000001716	epochs	0.0
1493.6629997253417	0.5592800000001716	epochs	1.0
1493.6629997253417	0.5	epochs	-1.0
1494.1629997253417	0.05928000000017164	epochs	-1.0
1494.2222797253419	21.44064000000003	epochs	0.0
1496.0529999732971	0.09999999999990905	epochs	0.0
1496.0529999732971	0.04500000000007276	epochs	1.0
1496.0979999732972	0.009999999999990905	epochs	1.0
1496.1079999732972	0.044999999999845386	epochs	1.0
1496.152999973297	2.0	epochs	0.0
1498.152999973297	0.5003200000001016	epochs	0.0
1498.152999973297	0.5003200000001016	epochs	1.0
1498.152999973297	0.5	epochs	-1.0
1498.652999973297	0.00032000000010157237	epochs	-1.0
1498.6533199732971	21.4996000000001	epochs	0.0
1500.4530000686646	0.09999999999990905	epochs	0.0
1500.4530000686646	0.04500000000007276	epochs	1.0
1500.4980000686646	0.009999999999990905	epochs	1.0
1500.5080000686646	0.044999999999845386	epochs	1.0
1500.5530000686645	2.0	epochs	0.0
1502.5530000686645	21.520080000000007	epochs	0.0
1502.5530000686645	1.0	epochs	1.0
1502.5530000686645	0.5	epochs	-1.0
1503.0530000686645	19.997680000000173	epochs	-1.0
1503.5530000686645	20.0	epochs	1.0
1503.5530000686645	4.356753900000058	epochs	-1.0
1503.5530000686645	1.9745872000000873	epochs	2.0
1503.5530000686645	1.0985622000000603	epochs	3.0
1504.6515622686645	0.8760250000000269	epochs	3.0
1505.5275872686645	1.3524075000000266	epochs	2.0
1505.5275872686645	0.7286355000001095	epochs	3.0
1506.2562227686647	0.6237719999999172	epochs	3.0
1506.8799947686646	1.029759199999944	epochs	2.0
1506.8799947686646	0.5453293000000485	epochs	3.0
1507.4253240686646	0.4844298999998955	epochs	3.0
1507.9097539686645	0.8317862000001242	epochs	2.0
1507.9097539686645	0.4357763000000432	epochs	3.0
1508.3455302686646	0.39600990000008096	epochs	3.0
1508.7415401686646	0.6977969999998095	epochs	2.0
1508.7415401686646	0.3628982000000178	epochs	3.0
1509.1044383686647	0.33489879999979166	epochs	3.0
1509.4393371686645	0.601045699999986	epochs	2.0
1509.4393371686645	0.3109123000001546	epochs	3.0
1509.7502494686646	0.29013339999983145	epochs	3.0
1510.0403828686644	0.5278859000000011	epochs	2.0
1510.0403828686644	0.2719586000000618	epochs	3.0
1510.3123414686645	0.25592729999993935	epochs	3.0
1510.5682687686644	0.4706193000001804	epochs	2.0
1510.5682687686644	0.24168130000020938	epochs	3.0
1510.8099500686646	0.228937999999971	epochs	3.0
1511.0388880686646	0.42457039999999324	epochs	2.0
1511.0388880686646	0.21747140000002219	epochs	3.0
1511.2563594686646	0.20709899999997106	epochs	3.0
1511.4634584686646	0.3867353999999068	epochs	2.0
1511.4634584686646	0.19767109999997956	epochs	3.0
1511.6611295686646	0.18906429999992724	epochs	3.0
1511.8501938686645	0.35509530000013	epochs	2.0
1511.8501938686645	0.18117589999997108	epochs	3.0
1512.0313697686645	0.17391940000015893	epochs	3.0
1512.2052891686646	0.3282431000000088	epochs	2.0
1512.2052891686646	0.16722189999995862	epochs	3.0
1512.3725110686646	0.16102120000005016	epochs	3.0
1512.5335322686647	0.3051679999998669	epochs	2.0
1512.5335322686647	0.15526389999990897	epochs	3.0
1512.6887961686646	0.1499040999999579	epochs	3.0
1512.8387002686645	0.28512530000011793	epochs	2.0
1512.8387002686645	0.1449021000000812	epochs	3.0
1512.9836023686646	0.14022320000003674	epochs	3.0
1513.1238255686646	0.2675537999998596	epochs	2.0
1513.1238255686646	0.1358368999999584	epochs	3.0
1513.2596624686646	0.13171689999990122	epochs	3.0
1513.3913793686645	0.25202290000015637	epochs	2.0
1513.3913793686645	0.1278393000000051	epochs	3.0
1513.5192186686645	0.12418360000015127	epochs	3.0
1513.6434022686647	0.23819649999995818	epochs	2.0
1513.6434022686647	0.1207310999998299	epochs	3.0
1513.7641333686645	0.11746540000012828	epochs	3.0
1513.8815987686646	0.22580879999986792	epochs	2.0
1513.8815987686646	0.1143718999999237	epochs	3.0
1513.9959706686645	0.11143689999994422	epochs	3.0
1514.1074075686645	0.2146460000001298	epochs	2.0
1514.1074075686645	0.10864890000016203	epochs	3.0
1514.2160564686646	0.10599709999996776	epochs	3.0
1514.3220535686646	0.2045349999998507	epochs	2.0
1514.3220535686646	0.1034714999998414	epochs	3.0
1514.4255250686645	0.1010635000000093	epochs	3.0
1514.5265885686645	0.19533400000000256	epochs	2.0
1514.5265885686645	0.09876510000003691	epochs	3.0
1514.6253536686645	0.09656889999996565	epochs	3.0
1514.7219225686645	0.18692529999998442	epochs	2.0
1514.7219225686645	0.09446830000001682	epochs	3.0
1514.8163908686645	0.09245699999996759	epochs	3.0
1514.9088478686645	0.1792107000001124	epochs	2.0
1514.9088478686645	0.0905296000000817	epochs	3.0
1514.9993774686645	0.08868110000003071	epochs	3.0
1515.0880585686646	0.17210769999996955	epochs	2.0
1515.0880585686646	0.08690630000000965	epochs	3.0
1515.1749648686646	0.0852013999999599	epochs	3.0
1515.2601662686645	0.16554640000003928	epochs	2.0
1515.2601662686645	0.08356189999994967	epochs	3.0
1515.3437281686645	0.08198450000008961	epochs	3.0
1515.4257126686646	0.15946710000002895	epochs	2.0
1515.4257126686646	0.08046539999986635	epochs	3.0
1515.5061780686644	0.0790017000001626	epochs	3.0
1515.5851797686646	0.1538183999998637	epochs	2.0
1515.5851797686646	0.07759009999995214	epochs	3.0
1515.6627698686646	0.07622829999991154	epochs	3.0
1515.7389981686645	0.14855640000018866	epochs	2.0
1515.7389981686645	0.07491330000016205	epochs	3.0
1515.8139114686646	0.0736431000000266	epochs	3.0
1515.8875545686647	0.1436423999998624	epochs	2.0
1515.8875545686647	0.07241499999986445	epochs	3.0
1515.9599695686645	0.07122739999999794	epochs	3.0
1516.0311969686645	0.13904309999998077	epochs	2.0
1516.0311969686645	0.07007799999996678	epochs	3.0
1516.1012749686645	0.06896510000001399	epochs	3.0
1516.1702400686645	0.1347293000001173	epochs	2.0
1516.1702400686645	0.0678871000000072	epochs	3.0
1516.2381271686645	0.0668422000001101	epochs	3.0
1516.3049693686646	0.1306752000000415	epochs	2.0
1516.3049693686646	0.06582909999997355	epochs	3.0
1516.3707984686646	0.06484610000006796	epochs	3.0
1516.4356445686647	0.1268577999999252	epochs	2.0
1516.4356445686647	0.06389199999989614	epochs	3.0
1516.4995365686646	0.06296580000002905	epochs	3.0
1516.5625023686646	0.12325719999989815	epochs	2.0
1516.5625023686646	0.06206580000002759	epochs	3.0
1516.6245681686646	0.061191399999870555	epochs	3.0
1516.6857595686645	0.11985540000000583	epochs	2.0
1516.6857595686645	0.060341099999959624	epochs	3.0
1516.7461006686644	0.059514300000046205	epochs	3.0
1516.8056149686645	0.11663620000012997	epochs	2.0
1516.8056149686645	0.05870960000015657	epochs	3.0
1516.8643245686646	0.057926599999973405	epochs	3.0
1516.9222511686646	0.11358559999985118	epochs	2.0
1516.9222511686646	0.05716419999998834	epochs	3.0
1516.9794153686646	0.05642139999986284	epochs	3.0
1517.0358367686645	0.11069050000014613	epochs	2.0
1517.0358367686645	0.055697900000041045	epochs	3.0
1517.0915346686645	0.054992600000105085	epochs	3.0
1517.1465272686646	0.10793909999983953	epochs	2.0
1517.1465272686646	0.05430490000003374	epochs	3.0
1517.2008321686646	0.05363419999980579	epochs	3.0
1517.2544663686645	0.10532150000017282	epochs	2.0
1517.2544663686645	0.052980000000161453	epochs	3.0
1517.3074463686646	0.052341500000011365	epochs	3.0
1517.3597878686646	0.10282759999995505	epochs	2.0
1517.3597878686646	0.05171810000001642	epochs	3.0
1517.4115059686646	0.051109499999938635	epochs	3.0
1517.4626154686646	0.10044909999987794	epochs	2.0
1517.4626154686646	0.050514900000052876	epochs	3.0
1517.5131303686646	0.04993419999982507	epochs	3.0
1517.5630645686645	0.09817830000019967	epochs	2.0
1517.5630645686645	0.04936659999998483	epochs	3.0
1517.6124311686644	0.04881170000021484	epochs	3.0
1517.6612428686647	0.09600779999982478	epochs	2.0
1517.6612428686647	0.048269199999822376	epochs	3.0
1517.7095120686645	0.04773860000000241	epochs	3.0
1517.7572506686645	0.09393120000004274	epochs	2.0
1517.7572506686645	0.04721949999998287	epochs	3.0
1517.8044701686645	0.046711700000059864	epochs	3.0
1517.8511818686645	0.09194260000003851	epochs	2.0
1517.8511818686645	0.046214599999984785	epochs	3.0
1517.8973964686645	0.045728000000053726	epochs	3.0
1517.9431244686646	0.09003630000006524	epochs	2.0
1517.9431244686646	0.045251499999949374	epochs	3.0
1517.9883759686645	0.044784800000115865	epochs	3.0
1518.0331607686646	0.08820760000003247	epochs	2.0
1518.0331607686646	0.044327800000019124	epochs	3.0
1518.0774885686646	0.04387980000001335	epochs	3.0
1518.1213683686647	0.0864516999999978	epochs	2.0
1518.1213683686647	0.04344099999980244	epochs	3.0
1518.1648093686645	0.04301070000019536	epochs	3.0
1518.2078200686647	0.08476429999996071	epochs	2.0
1518.2078200686647	0.04258899999990717	epochs	3.0
1518.2504090686646	0.04217530000005354	epochs	3.0
1518.2925843686646	0.08314150000001064	epochs	2.0
1518.2925843686646	0.04176970000003166	epochs	3.0
1518.3343540686647	0.041371799999978975	epochs	3.0
1518.3757258686646	0.08157970000002024	epochs	2.0
1518.3757258686646	0.040981399999964196	epochs	3.0
1518.4167072686646	0.04059830000005604	epochs	3.0
1518.4573055686647	0.08007549999979346	epochs	2.0
1518.4573055686647	0.04022229999986848	epochs	3.0
1518.4975278686645	0.03985319999992498	epochs	3.0
1518.5373810686644	0.07862570000020241	epochs	2.0
1518.5373810686644	0.039490800000066884	epochs	3.0
1518.5768718686645	0.03913490000013553	epochs	3.0
1518.6160067686646	0.07722760000001472	epochs	2.0
1518.6160067686646	0.03878539999982422	epochs	3.0
1518.6547921686645	0.038442200000190496	epochs	3.0
1518.6932343686647	0.07587819999980638	epochs	2.0
1518.6932343686647	0.03810479999992822	epochs	3.0
1518.7313391686646	0.037773399999878166	epochs	3.0
1518.7691125686645	0.0745752000000266	epochs	2.0
1518.7691125686645	0.03744770000002973	epochs	3.0
1518.8065602686645	0.03712749999999687	epochs	3.0
1518.8436877686645	0.07331629999998768	epochs	2.0
1518.8436877686645	0.0368129000000863	epochs	3.0
1518.8805006686646	0.036503399999901376	epochs	3.0
1518.9170040686645	0.07209899999998015	epochs	2.0
1518.9170040686645	0.03619909999997617	epochs	3.0
1518.9532031686645	0.03589990000000398	epochs	3.0
1518.9891030686645	0.07092170000009901	epochs	2.0
1518.9891030686645	0.03560560000005353	epochs	3.0
1519.0247086686645	0.03531610000004548	epochs	3.0
1519.0600247686646	0.06978200000003199	epochs	2.0
1519.0600247686646	0.03503120000004856	epochs	3.0
1519.0950559686646	0.03475079999998343	epochs	3.0
1519.1298067686646	0.06867859999988468	epochs	2.0
1519.1298067686646	0.03447510000000875	epochs	3.0
1519.1642818686646	0.03420349999987593	epochs	3.0
1519.1984853686645	0.06760930000018561	epochs	2.0
1519.1984853686645	0.033936199999970995	epochs	3.0
1519.2324215686644	0.03367310000021462	epochs	3.0
1519.2660946686647	0.06657289999998284	epochs	2.0
1519.2660946686647	0.03341399999999339	epochs	3.0
1519.2995086686647	0.033158899999989444	epochs	3.0
1519.3326675686646	0.06556779999982609	epochs	2.0
1519.3326675686646	0.03290769999989607	epochs	3.0
1519.3655752686645	0.032660099999930026	epochs	3.0
1519.3982353686645	0.06459259999996902	epochs	2.0
1519.3982353686645	0.03241640000010193	epochs	3.0
1519.4306517686646	0.032176199999867094	epochs	3.0
1519.4628279686644	0.06364600000006249	epochs	2.0
1519.4628279686644	0.03193960000021434	epochs	3.0
1519.4947675686647	0.031706399999848145	epochs	3.0
1519.5264739686645	0.0627266999999847	epochs	2.0
1519.5264739686645	0.03147660000013275	epochs	3.0
1519.5579505686646	0.031250099999851955	epochs	3.0
1519.5892006686645	0.06183359999999993	epochs	2.0
1519.5892006686645	0.031026900000142632	epochs	3.0
1519.6202275686646	0.0308066999998573	epochs	3.0
1519.6510342686645	0.06096560000014506	epochs	2.0
1519.6510342686645	0.03058980000014344	epochs	3.0
1519.6816240686646	0.030375800000001618	epochs	3.0
1519.7119998686646	0.06012160000000222	epochs	2.0
1519.7119998686646	0.030164899999817862	epochs	3.0
1519.7421647686645	0.029956700000184355	epochs	3.0
1519.7721214686646	0.05930069999999432	epochs	2.0
1519.7721214686646	0.029751599999826794	epochs	3.0
1519.8018730686645	0.029549100000167527	epochs	3.0
1519.8314221686646	0.05850179999993088	epochs	2.0
1519.8314221686646	0.02934940000000097	epochs	3.0
1519.8607715686646	0.029152399999929912	epochs	3.0
1519.8899239686646	0.05772419999993872	epochs	2.0
1519.8899239686646	0.028958000000102402	epochs	3.0
1519.9188819686647	0.028766199999836317	epochs	3.0
1519.9476481686645	0.05696710000006533	epochs	2.0
1519.9476481686645	0.028577000000041153	epochs	3.0
1519.9762251686645	0.028390100000024177	epochs	3.0
1520.0046152686646	0.05622949999997218	epochs	2.0
1520.0046152686646	0.028205699999944045	epochs	3.0
1520.0328209686645	0.028023800000028132	epochs	3.0
1520.0608447686645	0.05551070000001346	epochs	2.0
1520.0608447686645	0.027843999999959124	epochs	3.0
1520.0886887686645	0.027666700000054334	epochs	3.0
1520.1163554686646	0.054810200000019904	epochs	2.0
1520.1163554686646	0.02749149999999645	epochs	3.0
1520.1438469686645	0.027318700000023455	epochs	3.0
1520.1711656686646	0.054126999999880354	epochs	2.0
1520.1711656686646	0.027147799999966082	epochs	3.0
1520.1983134686645	0.026979199999914272	epochs	3.0
1520.2252926686645	0.05346070000018699	epochs	2.0
1520.2252926686645	0.026812600000084785	epochs	3.0
1520.2521052686645	0.026648100000102204	epochs	3.0
1520.2787533686646	0.05281070000000909	epochs	2.0
1520.2787533686646	0.0264855999998872	epochs	3.0
1520.3052389686645	0.026325100000121893	epochs	3.0
1520.3315640686646	0.052176199999848905	epochs	2.0
1520.3315640686646	0.026166399999965506	epochs	3.0
1520.3577304686646	0.0260097999998834	epochs	3.0
1520.3837402686645	0.051556699999991906	epochs	2.0
1520.3837402686645	0.02585480000016105	epochs	3.0
1520.4095950686647	0.025701899999830857	epochs	3.0
1520.4352969686645	0.05095189999997274	epochs	2.0
1520.4352969686645	0.025550700000167126	epochs	3.0
1520.4608476686647	0.025401199999805613	epochs	3.0
1520.4862488686645	0.05036100000006627	epochs	2.0
1520.4862488686645	0.025253500000189888	epochs	3.0
1520.5115023686647	0.02510749999987638	epochs	3.0
1520.5366098686645	0.04978380000011384	epochs	2.0
1520.5366098686645	0.02496320000000196	epochs	3.0
1520.5615730686645	0.02482060000011188	epochs	3.0
1520.5863936686646	0.04921949999993558	epochs	2.0
1520.5863936686646	0.024679399999968155	epochs	3.0
1520.6110730686646	0.024540099999967424	epochs	3.0
1520.6356131686646	0.04866790000005494	epochs	2.0
1520.6356131686646	0.024402100000088467	epochs	3.0
1520.6600152686647	0.024265799999966475	epochs	3.0
1520.6842810686646	0.048128599999927246	epochs	2.0
1520.6842810686646	0.02413099999989754	epochs	3.0
1520.7084120686645	0.023997600000029706	epochs	3.0
1520.7324096686646	0.047601100000065344	epochs	2.0
1520.7324096686646	0.023865800000066884	epochs	3.0
1520.7562754686646	0.02373529999999846	epochs	3.0
1520.7800107686646	0.04708499999992455	epochs	2.0
1520.7800107686646	0.023606299999983094	epochs	3.0
1520.8036170686646	0.023478699999941455	epochs	3.0
1520.8270957686645	0.046579999999948996	epochs	2.0
1520.8270957686645	0.023352500000100918	epochs	3.0
1520.8504482686646	0.023227499999848078	epochs	3.0
1520.8736757686645	0.046085700000048746	epochs	2.0
1520.8736757686645	0.023104000000103042	epochs	3.0
1520.8967797686646	0.022981699999945704	epochs	3.0
1520.9197614686645	0.045601799999985815	epochs	2.0
1520.9197614686645	0.02286069999991014	epochs	3.0
1520.9426221686645	0.022741100000075676	epochs	3.0
1520.9653632686645	0.04512790000012501	epochs	2.0
1520.9653632686645	0.022622500000125	epochs	3.0
1520.9879857686647	0.02250540000000001	epochs	3.0
1521.0104911686647	0.04466379999985293	epochs	2.0
1521.0104911686647	0.02238929999998618	epochs	3.0
1521.0328804686646	0.022274499999866748	epochs	3.0
1521.0551549686645	0.04420920000006845	epochs	2.0
1521.0551549686645	0.022160799999937808	epochs	3.0
1521.0773157686644	0.02204840000013064	epochs	3.0
1521.0993641686646	0.04376359999992019	epochs	2.0
1521.0993641686646	0.02193689999990056	epochs	3.0
1521.1213010686645	0.021826700000019628	epochs	3.0
1521.1431277686645	0.04332709999994222	epochs	2.0
1521.1431277686645	0.02171760000010181	epochs	3.0
1521.1648453686646	0.02160949999984041	epochs	3.0
1521.1864548686644	0.04289900000003399	epochs	2.0
1521.1864548686644	0.021502500000224245	epochs	3.0
1521.2079573686647	0.021396499999809748	epochs	3.0
1521.2293538686645	0.04247950000012679	epochs	2.0
1521.2293538686645	0.021291700000119818	epochs	3.0
1521.2506455686646	0.021187800000006973	epochs	3.0
1521.2718333686646	0.04206789999989269	epochs	2.0
1521.2718333686646	0.02108490000000529	epochs	3.0
1521.2929182686646	0.020982999999887397	epochs	3.0
1521.3139012686645	0.04166439999994509	epochs	2.0
1521.3139012686645	0.020882199999959994	epochs	3.0
1521.3347834686645	0.020782199999985096	epochs	3.0
1521.3555656686644	0.04126850000011473	epochs	2.0
1521.3555656686644	0.02068330000020069	epochs	3.0
1521.3762489686646	0.02058519999991404	epochs	3.0
1521.3968341686646	0.04088000000001557	epochs	2.0
1521.3968341686646	0.020488099999965925	epochs	3.0
1521.4173222686645	0.020391900000049645	epochs	3.0
1521.4377141686646	0.04049880000002304	epochs	2.0
1521.4377141686646	0.020296599999937825	epochs	3.0
1521.4580107686645	0.020202200000085213	epochs	3.0
1521.4782129686646	0.040124599999899146	epochs	2.0
1521.4782129686646	0.02010870000003706	epochs	3.0
1521.4983216686646	0.020015899999862086	epochs	3.0
1521.5183375686645	0.03975730000001931	epochs	2.0
1521.5183375686645	0.019924200000104975	epochs	3.0
1521.5382617686646	0.01983309999991434	epochs	3.0
1521.5580948686645	0.03939669999999751	epochs	2.0
1521.5580948686645	0.01974300000006224	epochs	3.0
1521.5778378686646	0.01965369999993527	epochs	3.0
1521.5974915686645	0.03904239999997117	epochs	2.0
1521.5974915686645	0.019565100000136226	epochs	3.0
1521.6170566686646	0.01947729999983494	epochs	3.0
1521.6365339686645	0.038694600000098944	epochs	2.0
1521.6365339686645	0.019390400000020236	epochs	3.0
1521.6559243686645	0.01930420000007871	epochs	3.0
1521.6752285686646	0.03835290000006353	epochs	2.0
1521.6752285686646	0.019218799999862313	epochs	3.0
1521.6944473686644	0.019134100000201215	epochs	3.0
1521.7135814686646	0.03801720000001296	epochs	2.0
1521.7135814686646	0.019050199999810502	epochs	3.0
1521.7326316686645	0.01896700000020246	epochs	3.0
1521.7515986686647	0.03768719999993664	epochs	2.0
1521.7515986686647	0.018884499999785476	epochs	3.0
1521.7704831686644	0.018802700000151162	epochs	3.0
1521.7892858686646	0.03736309999999321	epochs	2.0
1521.7892858686646	0.018721700000014607	epochs	3.0
1521.8080075686646	0.018641399999978603	epochs	3.0
1521.8266489686646	0.03704429999993408	epochs	2.0
1521.8266489686646	0.018561599999884493	epochs	3.0
1521.8452105686645	0.01848270000004959	epochs	3.0
1521.8636932686645	0.036731000000145286	epochs	2.0
1521.8636932686645	0.018404299999929208	epochs	3.0
1521.8820975686644	0.01832670000021608	epochs	3.0
1521.9004242686647	0.03642289999993409	epochs	2.0
1521.9004242686647	0.018249599999990096	epochs	3.0
1521.9186738686647	0.018173299999943993	epochs	3.0
1521.9368471686646	0.03612010000006194	epochs	2.0
1521.9368471686646	0.01809759999991911	epochs	3.0
1521.9549447686645	0.018022500000142827	epochs	3.0
1521.9729672686647	0.03582209999990482	epochs	2.0
1521.9729672686647	0.01794789999985369	epochs	3.0
1521.9909151686645	0.017874200000051133	epochs	3.0
1522.0087893686646	0.03552899999999681	epochs	2.0
1522.0087893686646	0.017800800000031813	epochs	3.0
1522.0265901686646	0.017728199999965	epochs	3.0
1522.0443183686646	0.03524070000003121	epochs	2.0
1522.0443183686646	0.017656100000067454	epochs	3.0
1522.0619744686646	0.017584599999963757	epochs	3.0
1522.0795590686646	0.03495709999992869	epochs	2.0
1522.0795590686646	0.017513699999881283	epochs	3.0
1522.0970727686645	0.017443400000047404	epochs	3.0
1522.1145161686645	0.03467790000013338	epochs	2.0
1522.1145161686645	0.017373599999928047	epochs	3.0
1522.1318897686645	0.01730430000020533	epochs	3.0
1522.1491940686647	0.03440329999989444	epochs	2.0
1522.1491940686647	0.017235699999901044	epochs	3.0
1522.1664297686646	0.0171675999999934	epochs	3.0
1522.1835973686646	0.03413279999995211	epochs	2.0
1522.1835973686646	0.01709989999994832	epochs	3.0
1522.2006972686645	0.017032900000003792	epochs	3.0
1522.2177301686645	0.03386670000008962	epochs	2.0
1522.2177301686645	0.01696640000000116	epochs	3.0
1522.2346965686645	0.016900300000088464	epochs	3.0
1522.2515968686646	0.03360459999998966	epochs	2.0
1522.2515968686646	0.01683479999996962	epochs	3.0
1522.2684316686646	0.01676980000002004	epochs	3.0
1522.2852014686646	0.033346599999958926	epochs	2.0
1522.2852014686646	0.016705300000012357	epochs	3.0
1522.3019067686646	0.01664129999994657	epochs	3.0
1522.3185480686645	0.03309250000006614	epochs	2.0
1522.3185480686645	0.016577800000050047	epochs	3.0
1522.3351258686646	0.01651470000001609	epochs	3.0
1522.3516405686646	0.03284229999985655	epochs	2.0
1522.3516405686646	0.01645220000000336	epochs	3.0
1522.3680927686646	0.01639009999985319	epochs	3.0
1522.3844828686645	0.03259570000000167	epochs	2.0
1522.3844828686645	0.016328400000020338	epochs	3.0
1522.4008112686645	0.016267299999981333	epochs	3.0
1522.4170785686645	0.032352899999978035	epochs	2.0
1522.4170785686645	0.016206600000032267	epochs	3.0
1522.4332851686645	0.016146299999945768	epochs	3.0
1522.4494314686644	0.032113700000081735	epochs	2.0
1522.4494314686644	0.016086600000107865	epochs	3.0
1522.4655180686646	0.01602709999997387	epochs	3.0
1522.4815451686645	0.03187800000000607	epochs	2.0
1522.4815451686645	0.015968200000088473	epochs	3.0
1522.4975133686646	0.015909799999917595	epochs	3.0
1522.5134231686645	0.03164570000012645	epochs	2.0
1522.5134231686645	0.015851599999905375	epochs	3.0
1522.5292747686644	0.01579410000022108	epochs	3.0
1522.5450688686647	0.031416699999908815	epochs	2.0
1522.5450688686647	0.01573669999993399	epochs	3.0
1522.5608055686646	0.015679999999974825	epochs	3.0
1522.5764855686646	0.03119109999988723	epochs	2.0
1522.5764855686646	0.015623600000026272	epochs	3.0
1522.5921091686646	0.015567499999860956	epochs	3.0
1522.6076766686645	0.03096870000013041	epochs	2.0
1522.6076766686645	0.01551200000017161	epochs	3.0
1522.6231886686646	0.0154566999999588	epochs	3.0
1522.6386453686646	0.030749499999956242	epochs	2.0
1522.6386453686646	0.015401999999994587	epochs	3.0
1522.6540473686646	0.015347499999961656	epochs	3.0
1522.6693948686645	0.03053320000003623	epochs	2.0
1522.6693948686645	0.015293400000018664	epochs	3.0
1522.6846882686646	0.015239800000017567	epochs	3.0
1522.6999280686646	0.030320099999926242	epochs	2.0
1522.6999280686646	0.015186500000027081	epochs	3.0
1522.7151145686646	0.015133599999899161	epochs	3.0
1522.7302481686645	0.03010990000007041	epochs	2.0
1522.7302481686645	0.015081000000009226	epochs	3.0
1522.7453291686645	0.015028900000061185	epochs	3.0
1522.7603580686646	0.029902499999934662	epochs	2.0
1522.7603580686646	0.014977000000044427	epochs	3.0
1522.7753350686646	0.014925499999890235	epochs	3.0
1522.7902605686645	0.0296981000001324	epochs	2.0
1522.7902605686645	0.014874400000053356	epochs	3.0
1522.8051349686646	0.014823700000079043	epochs	3.0
1522.8199586686646	0.029496299999891562	epochs	2.0
1522.8199586686646	0.01477319999980864	epochs	3.0
1522.8347318686644	0.014723100000082923	epochs	3.0
1522.8494549686645	0.029297400000132257	epochs	2.0
1522.8494549686645	0.014673399999992398	epochs	3.0
1522.8641283686645	0.014624000000139858	epochs	3.0
1522.8787523686647	0.029101099999934377	epochs	2.0
1522.8787523686647	0.014574899999843183	epochs	3.0
1522.8933272686645	0.014526200000091194	epochs	3.0
1522.9078534686646	0.028907399999980044	epochs	2.0
1522.9078534686646	0.014477700000043114	epochs	3.0
1522.9223311686646	0.014429699999936929	epochs	3.0
1522.9367608686646	0.028716199999962555	epochs	2.0
1522.9367608686646	0.014381799999910072	epochs	3.0
1522.9511426686645	0.014334400000052483	epochs	3.0
1522.9654770686645	0.02852759999996124	epochs	2.0
1522.9654770686645	0.014287199999898803	epochs	3.0
1522.9797642686644	0.014240400000062436	epochs	3.0
1522.9940046686645	0.028341400000044814	epochs	2.0
1522.9940046686645	0.014193800000157353	epochs	3.0
1523.0081984686647	0.014147599999887461	epochs	3.0
1523.0223460686645	0.028157700000065233	epochs	2.0
1523.0223460686645	0.014101700000082928	epochs	3.0
1523.0364477686646	0.014055999999982305	epochs	3.0
1523.0505037686646	0.02797629999986384	epochs	2.0
1523.0505037686646	0.014010599999892293	epochs	3.0
1523.0645143686645	0.013965699999971548	epochs	3.0
1523.0784800686645	0.027797200000122757	epochs	2.0
1523.0784800686645	0.013920800000050804	epochs	3.0
1523.0924008686645	0.013876400000071953	epochs	3.0
1523.1062772686646	0.027620399999932488	epochs	2.0
1523.1062772686646	0.013832200000024386	epochs	3.0
1523.1201094686646	0.013788199999908102	epochs	3.0
1523.1338976686645	0.027445899999975154	epochs	2.0
1523.1338976686645	0.01374460000010913	epochs	3.0
1523.1476422686646	0.013701299999866023	epochs	3.0
1523.1613435686645	0.0272735000000921	epochs	2.0
1523.1613435686645	0.013658200000008947	epochs	3.0
1523.1750017686645	0.013615300000083153	epochs	3.0
1523.1886170686646	0.027103399999987232	epochs	2.0
1523.1886170686646	0.013572800000019924	epochs	3.0
1523.2021898686646	0.013530599999967308	epochs	3.0
1523.2157204686646	0.02693520000002536	epochs	2.0
1523.2157204686646	0.01348839999991469	epochs	3.0
1523.2292088686645	0.01344680000011067	epochs	3.0
1523.2426556686646	0.026769199999989723	epochs	2.0
1523.2426556686646	0.013405199999851902	epochs	3.0
1523.2560608686645	0.013364000000137821	epochs	3.0
1523.2694248686646	0.026605199999949036	epochs	2.0
1523.2694248686646	0.013322900000048321	epochs	3.0
1523.2827477686646	0.013282299999900715	epochs	3.0
1523.2960300686645	0.0264431999999033	epochs	2.0
1523.2960300686645	0.013241699999980483	epochs	3.0
1523.3092717686645	0.013201499999922817	epochs	3.0
1523.3224732686645	0.026283200000079887	epochs	2.0
1523.3224732686645	0.013161500000023807	epochs	3.0
1523.3356347686645	0.01312170000005608	epochs	3.0
1523.3487564686645	0.02612500000009277	epochs	2.0
1523.3487564686645	0.013082100000019636	epochs	3.0
1523.3618385686646	0.013042900000073132	epochs	3.0
1523.3748814686646	0.025968899999952555	epochs	2.0
1523.3748814686646	0.013003899999830537	epochs	3.0
1523.3878853686645	0.012965000000122018	epochs	3.0
1523.4008503686646	0.025814500000024054	epochs	2.0
1523.4008503686646	0.012926399999969362	epochs	3.0
1523.4137767686645	0.012888100000054692	epochs	3.0
1523.4266648686646	0.025661899999931848	epochs	2.0
1523.4266648686646	0.012849899999991976	epochs	3.0
1523.4395147686646	0.012811999999939871	epochs	3.0
1523.4523267686645	0.025511199999982637	epochs	2.0
1523.4523267686645	0.012774400000125752	epochs	3.0
1523.4651011686647	0.012736799999856885	epochs	3.0
1523.4778379686645	0.025362300000097093	epochs	2.0
1523.4778379686645	0.01269969999998466	epochs	3.0
1523.4905376686645	0.012662600000112434	epochs	3.0
1523.5032002686646	0.025214999999889187	epochs	2.0
1523.5032002686646	0.012625800000023446	epochs	3.0
1523.5158260686646	0.012589199999865741	epochs	3.0
1523.5284152686645	0.024584799999956886	epochs	2.0
1523.5506800686646	0.5	epochs	-1.0
1523.5530000686645	0.5200800000000072	epochs	1.0
1524.0730800686645	0.4798400000001948	epochs	0.0
1525.9439997673035	0.09999999999990905	epochs	0.0
1525.9439997673035	0.04500000000007276	epochs	1.0
1525.9889997673035	0.009999999999990905	epochs	1.0
1525.9989997673035	0.044999999999845386	epochs	1.0
1526.0439997673034	2.0	epochs	0.0
1528.0439997673034	21.999920000000202	epochs	0.0
1528.0439997673034	1.0	epochs	1.0
1528.0439997673034	0.5	epochs	-1.0
1528.5439997673034	19.997680000000173	epochs	-1.0
1529.0439997673034	20.0	epochs	1.0
1529.0439997673034	4.356753900000058	epochs	-1.0
1529.0439997673034	1.9745872000000873	epochs	2.0
1529.0439997673034	1.0985622000000603	epochs	3.0
1530.1425619673034	0.8760250000000269	epochs	3.0
1531.0185869673035	1.3524075000000266	epochs	2.0
1531.0185869673035	0.7286355000001095	epochs	3.0
1531.7472224673036	0.6237719999999172	epochs	3.0
1532.3709944673035	1.029759199999944	epochs	2.0
1532.3709944673035	0.5453293000000485	epochs	3.0
1532.9163237673035	0.4844298999998955	epochs	3.0
1533.4007536673034	0.8317862000001242	epochs	2.0
1533.4007536673034	0.4357763000000432	epochs	3.0
1533.8365299673035	0.39600990000008096	epochs	3.0
1534.2325398673036	0.6977969999998095	epochs	2.0
1534.2325398673036	0.3628982000000178	epochs	3.0
1534.5954380673036	0.33489879999979166	epochs	3.0
1534.9303368673034	0.601045699999986	epochs	2.0
1534.9303368673034	0.3109123000001546	epochs	3.0
1535.2412491673035	0.29013339999983145	epochs	3.0
1535.5313825673034	0.5278859000000011	epochs	2.0
1535.5313825673034	0.2719586000000618	epochs	3.0
1535.8033411673034	0.25592729999993935	epochs	3.0
1536.0592684673034	0.4706193000001804	epochs	2.0
1536.0592684673034	0.24168130000020938	epochs	3.0
1536.3009497673036	0.228937999999971	epochs	3.0
1536.5298877673035	0.42457039999999324	epochs	2.0
1536.5298877673035	0.21747140000002219	epochs	3.0
1536.7473591673036	0.20709899999997106	epochs	3.0
1536.9544581673035	0.3867353999999068	epochs	2.0
1536.9544581673035	0.19767109999997956	epochs	3.0
1537.1521292673035	0.18906429999992724	epochs	3.0
1537.3411935673034	0.35509530000013	epochs	2.0
1537.3411935673034	0.18117589999997108	epochs	3.0
1537.5223694673034	0.17391940000015893	epochs	3.0
1537.6962888673036	0.3282431000000088	epochs	2.0
1537.6962888673036	0.16722189999995862	epochs	3.0
1537.8635107673035	0.16102120000005016	epochs	3.0
1538.0245319673036	0.3051679999998669	epochs	2.0
1538.0245319673036	0.15526389999990897	epochs	3.0
1538.1797958673035	0.1499040999999579	epochs	3.0
1538.3296999673034	0.28512530000011793	epochs	2.0
1538.3296999673034	0.1449021000000812	epochs	3.0
1538.4746020673035	0.14022320000003674	epochs	3.0
1538.6148252673036	0.2675537999998596	epochs	2.0
1538.6148252673036	0.1358368999999584	epochs	3.0
1538.7506621673035	0.13171689999990122	epochs	3.0
1538.8823790673034	0.25202290000015637	epochs	2.0
1538.8823790673034	0.1278393000000051	epochs	3.0
1539.0102183673034	0.12418360000015127	epochs	3.0
1539.1344019673036	0.23819649999995818	epochs	2.0
1539.1344019673036	0.1207310999998299	epochs	3.0
1539.2551330673034	0.11746540000012828	epochs	3.0
1539.3725984673035	0.22580879999986792	epochs	2.0
1539.3725984673035	0.1143718999999237	epochs	3.0
1539.4869703673035	0.11143689999994422	epochs	3.0
1539.5984072673034	0.2146460000001298	epochs	2.0
1539.5984072673034	0.10864890000016203	epochs	3.0
1539.7070561673036	0.10599709999996776	epochs	3.0
1539.8130532673035	0.2045349999998507	epochs	2.0
1539.8130532673035	0.1034714999998414	epochs	3.0
1539.9165247673034	0.1010635000000093	epochs	3.0
1540.0175882673034	0.19533400000000256	epochs	2.0
1540.0175882673034	0.09876510000003691	epochs	3.0
1540.1163533673034	0.09656889999996565	epochs	3.0
1540.2129222673034	0.18692529999998442	epochs	2.0
1540.2129222673034	0.09446830000001682	epochs	3.0
1540.3073905673034	0.09245699999996759	epochs	3.0
1540.3998475673034	0.1792107000001124	epochs	2.0
1540.3998475673034	0.0905296000000817	epochs	3.0
1540.4903771673034	0.08868110000003071	epochs	3.0
1540.5790582673035	0.17210769999996955	epochs	2.0
1540.5790582673035	0.08690630000000965	epochs	3.0
1540.6659645673035	0.0852013999999599	epochs	3.0
1540.7511659673035	0.16554640000003928	epochs	2.0
1540.7511659673035	0.08356189999994967	epochs	3.0
1540.8347278673034	0.08198450000008961	epochs	3.0
1540.9167123673035	0.15946710000002895	epochs	2.0
1540.9167123673035	0.08046539999986635	epochs	3.0
1540.9971777673034	0.0790017000001626	epochs	3.0
1541.0761794673035	0.1538183999998637	epochs	2.0
1541.0761794673035	0.07759009999995214	epochs	3.0
1541.1537695673035	0.07622829999991154	epochs	3.0
1541.2299978673034	0.14855640000018866	epochs	2.0
1541.2299978673034	0.07491330000016205	epochs	3.0
1541.3049111673035	0.0736431000000266	epochs	3.0
1541.3785542673036	0.1436423999998624	epochs	2.0
1541.3785542673036	0.07241499999986445	epochs	3.0
1541.4509692673034	0.07122739999999794	epochs	3.0
1541.5221966673034	0.13904309999998077	epochs	2.0
1541.5221966673034	0.07007799999996678	epochs	3.0
1541.5922746673034	0.06896510000001399	epochs	3.0
1541.6612397673034	0.1347293000001173	epochs	2.0
1541.6612397673034	0.0678871000000072	epochs	3.0
1541.7291268673034	0.0668422000001101	epochs	3.0
1541.7959690673035	0.1306752000000415	epochs	2.0
1541.7959690673035	0.06582909999997355	epochs	3.0
1541.8617981673035	0.06484610000006796	epochs	3.0
1541.9266442673036	0.1268577999999252	epochs	2.0
1541.9266442673036	0.06389199999989614	epochs	3.0
1541.9905362673035	0.06296580000002905	epochs	3.0
1542.0535020673035	0.12325719999989815	epochs	2.0
1542.0535020673035	0.06206580000002759	epochs	3.0
1542.1155678673035	0.061191399999870555	epochs	3.0
1542.1767592673034	0.11985540000000583	epochs	2.0
1542.1767592673034	0.060341099999959624	epochs	3.0
1542.2371003673034	0.059514300000046205	epochs	3.0
1542.2966146673034	0.11663620000012997	epochs	2.0
1542.2966146673034	0.05870960000015657	epochs	3.0
1542.3553242673036	0.057926599999973405	epochs	3.0
1542.4132508673035	0.11358559999985118	epochs	2.0
1542.4132508673035	0.05716419999998834	epochs	3.0
1542.4704150673035	0.05642139999986284	epochs	3.0
1542.5268364673034	0.11069050000014613	epochs	2.0
1542.5268364673034	0.055697900000041045	epochs	3.0
1542.5825343673034	0.054992600000105085	epochs	3.0
1542.6375269673035	0.10793909999983953	epochs	2.0
1542.6375269673035	0.05430490000003374	epochs	3.0
1542.6918318673036	0.05363419999980579	epochs	3.0
1542.7454660673034	0.10532150000017282	epochs	2.0
1542.7454660673034	0.052980000000161453	epochs	3.0
1542.7984460673035	0.052341500000011365	epochs	3.0
1542.8507875673035	0.10282759999995505	epochs	2.0
1542.8507875673035	0.05171810000001642	epochs	3.0
1542.9025056673036	0.051109499999938635	epochs	3.0
1542.9536151673035	0.10044909999987794	epochs	2.0
1542.9536151673035	0.050514900000052876	epochs	3.0
1543.0041300673035	0.04993419999982507	epochs	3.0
1543.0540642673034	0.09817830000019967	epochs	2.0
1543.0540642673034	0.04936659999998483	epochs	3.0
1543.1034308673034	0.04881170000021484	epochs	3.0
1543.1522425673036	0.09600779999982478	epochs	2.0
1543.1522425673036	0.048269199999822376	epochs	3.0
1543.2005117673034	0.04773860000000241	epochs	3.0
1543.2482503673034	0.09393120000004274	epochs	2.0
1543.2482503673034	0.04721949999998287	epochs	3.0
1543.2954698673034	0.046711700000059864	epochs	3.0
1543.3421815673034	0.09194260000003851	epochs	2.0
1543.3421815673034	0.046214599999984785	epochs	3.0
1543.3883961673034	0.045728000000053726	epochs	3.0
1543.4341241673035	0.09003630000006524	epochs	2.0
1543.4341241673035	0.045251499999949374	epochs	3.0
1543.4793756673034	0.044784800000115865	epochs	3.0
1543.5241604673035	0.08820760000003247	epochs	2.0
1543.5241604673035	0.044327800000019124	epochs	3.0
1543.5684882673036	0.04387980000001335	epochs	3.0
1543.6123680673036	0.0864516999999978	epochs	2.0
1543.6123680673036	0.04344099999980244	epochs	3.0
1543.6558090673034	0.04301070000019536	epochs	3.0
1543.6988197673036	0.08476429999996071	epochs	2.0
1543.6988197673036	0.04258899999990717	epochs	3.0
1543.7414087673035	0.04217530000005354	epochs	3.0
1543.7835840673035	0.08314150000001064	epochs	2.0
1543.7835840673035	0.04176970000003166	epochs	3.0
1543.8253537673036	0.041371799999978975	epochs	3.0
1543.8667255673035	0.08157970000002024	epochs	2.0
1543.8667255673035	0.040981399999964196	epochs	3.0
1543.9077069673035	0.04059830000005604	epochs	3.0
1543.9483052673036	0.08007549999979346	epochs	2.0
1543.9483052673036	0.04022229999986848	epochs	3.0
1543.9885275673034	0.03985319999992498	epochs	3.0
1544.0283807673034	0.07862570000020241	epochs	2.0
1544.0283807673034	0.039490800000066884	epochs	3.0
1544.0678715673034	0.03913490000013553	epochs	3.0
1544.1070064673036	0.07722760000001472	epochs	2.0
1544.1070064673036	0.03878539999982422	epochs	3.0
1544.1457918673034	0.038442200000190496	epochs	3.0
1544.1842340673036	0.07587819999980638	epochs	2.0
1544.1842340673036	0.03810479999992822	epochs	3.0
1544.2223388673035	0.037773399999878166	epochs	3.0
1544.2601122673034	0.0745752000000266	epochs	2.0
1544.2601122673034	0.03744770000002973	epochs	3.0
1544.2975599673034	0.03712749999999687	epochs	3.0
1544.3346874673034	0.07331629999998768	epochs	2.0
1544.3346874673034	0.0368129000000863	epochs	3.0
1544.3715003673035	0.036503399999901376	epochs	3.0
1544.4080037673034	0.07209899999998015	epochs	2.0
1544.4080037673034	0.03619909999997617	epochs	3.0
1544.4442028673034	0.03589990000000398	epochs	3.0
1544.4801027673034	0.07092170000009901	epochs	2.0
1544.4801027673034	0.03560560000005353	epochs	3.0
1544.5157083673034	0.03531610000004548	epochs	3.0
1544.5510244673035	0.06978200000003199	epochs	2.0
1544.5510244673035	0.03503120000004856	epochs	3.0
1544.5860556673035	0.03475079999998343	epochs	3.0
1544.6208064673035	0.06867859999988468	epochs	2.0
1544.6208064673035	0.03447510000000875	epochs	3.0
1544.6552815673035	0.03420349999987593	epochs	3.0
1544.6894850673034	0.06760930000018561	epochs	2.0
1544.6894850673034	0.033936199999970995	epochs	3.0
1544.7234212673034	0.03367310000021462	epochs	3.0
1544.7570943673036	0.06657289999998284	epochs	2.0
1544.7570943673036	0.03341399999999339	epochs	3.0
1544.7905083673036	0.033158899999989444	epochs	3.0
1544.8236672673036	0.06556779999982609	epochs	2.0
1544.8236672673036	0.03290769999989607	epochs	3.0
1544.8565749673035	0.032660099999930026	epochs	3.0
1544.8892350673034	0.06459259999996902	epochs	2.0
1544.8892350673034	0.03241640000010193	epochs	3.0
1544.9216514673035	0.032176199999867094	epochs	3.0
1544.9538276673034	0.06364600000006249	epochs	2.0
1544.9538276673034	0.03193960000021434	epochs	3.0
1544.9857672673036	0.031706399999848145	epochs	3.0
1545.0174736673034	0.0627266999999847	epochs	2.0
1545.0174736673034	0.03147660000013275	epochs	3.0
1545.0489502673036	0.031250099999851955	epochs	3.0
1545.0802003673034	0.06183359999999993	epochs	2.0
1545.0802003673034	0.031026900000142632	epochs	3.0
1545.1112272673035	0.0308066999998573	epochs	3.0
1545.1420339673034	0.06096560000014506	epochs	2.0
1545.1420339673034	0.03058980000014344	epochs	3.0
1545.1726237673035	0.030375800000001618	epochs	3.0
1545.2029995673036	0.06012160000000222	epochs	2.0
1545.2029995673036	0.030164899999817862	epochs	3.0
1545.2331644673034	0.029956700000184355	epochs	3.0
1545.2631211673036	0.05930069999999432	epochs	2.0
1545.2631211673036	0.029751599999826794	epochs	3.0
1545.2928727673034	0.029549100000167527	epochs	3.0
1545.3224218673035	0.05850179999993088	epochs	2.0
1545.3224218673035	0.02934940000000097	epochs	3.0
1545.3517712673035	0.029152399999929912	epochs	3.0
1545.3809236673035	0.05772419999993872	epochs	2.0
1545.3809236673035	0.028958000000102402	epochs	3.0
1545.4098816673036	0.028766199999836317	epochs	3.0
1545.4386478673034	0.05696710000006533	epochs	2.0
1545.4386478673034	0.028577000000041153	epochs	3.0
1545.4672248673035	0.028390100000024177	epochs	3.0
1545.4956149673035	0.05622949999997218	epochs	2.0
1545.4956149673035	0.028205699999944045	epochs	3.0
1545.5238206673034	0.028023800000028132	epochs	3.0
1545.5518444673035	0.05551070000001346	epochs	2.0
1545.5518444673035	0.027843999999959124	epochs	3.0
1545.5796884673034	0.027666700000054334	epochs	3.0
1545.6073551673035	0.054810200000019904	epochs	2.0
1545.6073551673035	0.02749149999999645	epochs	3.0
1545.6348466673035	0.027318700000023455	epochs	3.0
1545.6621653673035	0.054126999999880354	epochs	2.0
1545.6621653673035	0.027147799999966082	epochs	3.0
1545.6893131673035	0.026979199999914272	epochs	3.0
1545.7162923673034	0.05346070000018699	epochs	2.0
1545.7162923673034	0.026812600000084785	epochs	3.0
1545.7431049673035	0.026648100000102204	epochs	3.0
1545.7697530673036	0.05281070000000909	epochs	2.0
1545.7697530673036	0.0264855999998872	epochs	3.0
1545.7962386673034	0.026325100000121893	epochs	3.0
1545.8225637673036	0.052176199999848905	epochs	2.0
1545.8225637673036	0.026166399999965506	epochs	3.0
1545.8487301673035	0.0260097999998834	epochs	3.0
1545.8747399673034	0.051556699999991906	epochs	2.0
1545.8747399673034	0.02585480000016105	epochs	3.0
1545.9005947673036	0.025701899999830857	epochs	3.0
1545.9262966673034	0.05095189999997274	epochs	2.0
1545.9262966673034	0.025550700000167126	epochs	3.0
1545.9518473673036	0.025401199999805613	epochs	3.0
1545.9772485673034	0.05036100000006627	epochs	2.0
1545.9772485673034	0.025253500000189888	epochs	3.0
1546.0025020673036	0.02510749999987638	epochs	3.0
1546.0276095673034	0.04978380000011384	epochs	2.0
1546.0276095673034	0.02496320000000196	epochs	3.0
1546.0525727673034	0.02482060000011188	epochs	3.0
1546.0773933673036	0.04921949999993558	epochs	2.0
1546.0773933673036	0.024679399999968155	epochs	3.0
1546.1020727673035	0.024540099999967424	epochs	3.0
1546.1266128673035	0.04866790000005494	epochs	2.0
1546.1266128673035	0.024402100000088467	epochs	3.0
1546.1510149673036	0.024265799999966475	epochs	3.0
1546.1752807673035	0.048128599999927246	epochs	2.0
1546.1752807673035	0.02413099999989754	epochs	3.0
1546.1994117673034	0.023997600000029706	epochs	3.0
1546.2234093673035	0.047601100000065344	epochs	2.0
1546.2234093673035	0.023865800000066884	epochs	3.0
1546.2472751673035	0.02373529999999846	epochs	3.0
1546.2710104673035	0.04708499999992455	epochs	2.0
1546.2710104673035	0.023606299999983094	epochs	3.0
1546.2946167673035	0.023478699999941455	epochs	3.0
1546.3180954673035	0.046579999999948996	epochs	2.0
1546.3180954673035	0.023352500000100918	epochs	3.0
1546.3414479673036	0.023227499999848078	epochs	3.0
1546.3646754673034	0.046085700000048746	epochs	2.0
1546.3646754673034	0.023104000000103042	epochs	3.0
1546.3877794673035	0.022981699999945704	epochs	3.0
1546.4107611673035	0.045601799999985815	epochs	2.0
1546.4107611673035	0.02286069999991014	epochs	3.0
1546.4336218673034	0.022741100000075676	epochs	3.0
1546.4563629673034	0.04512790000012501	epochs	2.0
1546.4563629673034	0.022622500000125	epochs	3.0
1546.4789854673036	0.02250540000000001	epochs	3.0
1546.5014908673036	0.04466379999985293	epochs	2.0
1546.5014908673036	0.02238929999998618	epochs	3.0
1546.5238801673036	0.022274499999866748	epochs	3.0
1546.5461546673034	0.04420920000006845	epochs	2.0
1546.5461546673034	0.022160799999937808	epochs	3.0
1546.5683154673034	0.02204840000013064	epochs	3.0
1546.5903638673035	0.04376359999992019	epochs	2.0
1546.5903638673035	0.02193689999990056	epochs	3.0
1546.6123007673034	0.021826700000019628	epochs	3.0
1546.6341274673034	0.04332709999994222	epochs	2.0
1546.6341274673034	0.02171760000010181	epochs	3.0
1546.6558450673035	0.02160949999984041	epochs	3.0
1546.6774545673034	0.04289900000003399	epochs	2.0
1546.6774545673034	0.021502500000224245	epochs	3.0
1546.6989570673036	0.021396499999809748	epochs	3.0
1546.7203535673034	0.04247950000012679	epochs	2.0
1546.7203535673034	0.021291700000119818	epochs	3.0
1546.7416452673035	0.021187800000006973	epochs	3.0
1546.7628330673035	0.04206789999989269	epochs	2.0
1546.7628330673035	0.02108490000000529	epochs	3.0
1546.7839179673035	0.020982999999887397	epochs	3.0
1546.8049009673034	0.04166439999994509	epochs	2.0
1546.8049009673034	0.020882199999959994	epochs	3.0
1546.8257831673034	0.020782199999985096	epochs	3.0
1546.8465653673034	0.04126850000011473	epochs	2.0
1546.8465653673034	0.02068330000020069	epochs	3.0
1546.8672486673036	0.02058519999991404	epochs	3.0
1546.8878338673035	0.04088000000001557	epochs	2.0
1546.8878338673035	0.020488099999965925	epochs	3.0
1546.9083219673034	0.020391900000049645	epochs	3.0
1546.9287138673035	0.04049880000002304	epochs	2.0
1546.9287138673035	0.020296599999937825	epochs	3.0
1546.9490104673034	0.020202200000085213	epochs	3.0
1546.9692126673035	0.040124599999899146	epochs	2.0
1546.9692126673035	0.02010870000003706	epochs	3.0
1546.9893213673035	0.020015899999862086	epochs	3.0
1547.0093372673034	0.03975730000001931	epochs	2.0
1547.0093372673034	0.019924200000104975	epochs	3.0
1547.0292614673035	0.01983309999991434	epochs	3.0
1547.0490945673034	0.03939669999999751	epochs	2.0
1547.0490945673034	0.01974300000006224	epochs	3.0
1547.0688375673035	0.01965369999993527	epochs	3.0
1547.0884912673034	0.03904239999997117	epochs	2.0
1547.0884912673034	0.019565100000136226	epochs	3.0
1547.1080563673036	0.01947729999983494	epochs	3.0
1547.1275336673034	0.038694600000098944	epochs	2.0
1547.1275336673034	0.019390400000020236	epochs	3.0
1547.1469240673034	0.01930420000007871	epochs	3.0
1547.1662282673035	0.03835290000006353	epochs	2.0
1547.1662282673035	0.019218799999862313	epochs	3.0
1547.1854470673034	0.019134100000201215	epochs	3.0
1547.2045811673036	0.03801720000001296	epochs	2.0
1547.2045811673036	0.019050199999810502	epochs	3.0
1547.2236313673034	0.01896700000020246	epochs	3.0
1547.2425983673036	0.03768719999993664	epochs	2.0
1547.2425983673036	0.018884499999785476	epochs	3.0
1547.2614828673034	0.018802700000151162	epochs	3.0
1547.2802855673035	0.03736309999999321	epochs	2.0
1547.2802855673035	0.018721700000014607	epochs	3.0
1547.2990072673035	0.018641399999978603	epochs	3.0
1547.3176486673035	0.03704429999993408	epochs	2.0
1547.3176486673035	0.018561599999884493	epochs	3.0
1547.3362102673034	0.01848270000004959	epochs	3.0
1547.3546929673034	0.036731000000145286	epochs	2.0
1547.3546929673034	0.018404299999929208	epochs	3.0
1547.3730972673034	0.01832670000021608	epochs	3.0
1547.3914239673036	0.03642289999993409	epochs	2.0
1547.3914239673036	0.018249599999990096	epochs	3.0
1547.4096735673036	0.018173299999943993	epochs	3.0
1547.4278468673035	0.03612010000006194	epochs	2.0
1547.4278468673035	0.01809759999991911	epochs	3.0
1547.4459444673034	0.018022500000142827	epochs	3.0
1547.4639669673036	0.03582209999990482	epochs	2.0
1547.4639669673036	0.01794789999985369	epochs	3.0
1547.4819148673034	0.017874200000051133	epochs	3.0
1547.4997890673035	0.03552899999999681	epochs	2.0
1547.4997890673035	0.017800800000031813	epochs	3.0
1547.5175898673035	0.017728199999965	epochs	3.0
1547.5353180673035	0.03524070000003121	epochs	2.0
1547.5353180673035	0.017656100000067454	epochs	3.0
1547.5529741673035	0.017584599999963757	epochs	3.0
1547.5705587673035	0.03495709999992869	epochs	2.0
1547.5705587673035	0.017513699999881283	epochs	3.0
1547.5880724673034	0.017443400000047404	epochs	3.0
1547.6055158673034	0.03467790000013338	epochs	2.0
1547.6055158673034	0.017373599999928047	epochs	3.0
1547.6228894673034	0.01730430000020533	epochs	3.0
1547.6401937673036	0.03440329999989444	epochs	2.0
1547.6401937673036	0.017235699999901044	epochs	3.0
1547.6574294673035	0.0171675999999934	epochs	3.0
1547.6745970673035	0.03413279999995211	epochs	2.0
1547.6745970673035	0.01709989999994832	epochs	3.0
1547.6916969673034	0.017032900000003792	epochs	3.0
1547.7087298673034	0.03386670000008962	epochs	2.0
1547.7087298673034	0.01696640000000116	epochs	3.0
1547.7256962673034	0.016900300000088464	epochs	3.0
1547.7425965673035	0.03360459999998966	epochs	2.0
1547.7425965673035	0.01683479999996962	epochs	3.0
1547.7594313673035	0.01676980000002004	epochs	3.0
1547.7762011673035	0.033346599999958926	epochs	2.0
1547.7762011673035	0.016705300000012357	epochs	3.0
1547.7929064673035	0.01664129999994657	epochs	3.0
1547.8095477673035	0.03309250000006614	epochs	2.0
1547.8095477673035	0.016577800000050047	epochs	3.0
1547.8261255673035	0.01651470000001609	epochs	3.0
1547.8426402673035	0.03284229999985655	epochs	2.0
1547.8426402673035	0.01645220000000336	epochs	3.0
1547.8590924673035	0.01639009999985319	epochs	3.0
1547.8754825673034	0.03259570000000167	epochs	2.0
1547.8754825673034	0.016328400000020338	epochs	3.0
1547.8918109673034	0.016267299999981333	epochs	3.0
1547.9080782673034	0.032352899999978035	epochs	2.0
1547.9080782673034	0.016206600000032267	epochs	3.0
1547.9242848673034	0.016146299999945768	epochs	3.0
1547.9404311673034	0.032113700000081735	epochs	2.0
1547.9404311673034	0.016086600000107865	epochs	3.0
1547.9565177673035	0.01602709999997387	epochs	3.0
1547.9725448673034	0.03187800000000607	epochs	2.0
1547.9725448673034	0.015968200000088473	epochs	3.0
1547.9885130673035	0.015909799999917595	epochs	3.0
1548.0044228673034	0.03164570000012645	epochs	2.0
1548.0044228673034	0.015851599999905375	epochs	3.0
1548.0202744673034	0.01579410000022108	epochs	3.0
1548.0360685673036	0.031416699999908815	epochs	2.0
1548.0360685673036	0.01573669999993399	epochs	3.0
1548.0518052673035	0.015679999999974825	epochs	3.0
1548.0674852673035	0.03119109999988723	epochs	2.0
1548.0674852673035	0.015623600000026272	epochs	3.0
1548.0831088673035	0.015567499999860956	epochs	3.0
1548.0986763673034	0.03096870000013041	epochs	2.0
1548.0986763673034	0.01551200000017161	epochs	3.0
1548.1141883673035	0.0154566999999588	epochs	3.0
1548.1296450673035	0.030749499999956242	epochs	2.0
1548.1296450673035	0.015401999999994587	epochs	3.0
1548.1450470673035	0.015347499999961656	epochs	3.0
1548.1603945673035	0.03053320000003623	epochs	2.0
1548.1603945673035	0.015293400000018664	epochs	3.0
1548.1756879673035	0.015239800000017567	epochs	3.0
1548.1909277673035	0.030320099999926242	epochs	2.0
1548.1909277673035	0.015186500000027081	epochs	3.0
1548.2061142673035	0.015133599999899161	epochs	3.0
1548.2212478673034	0.03010990000007041	epochs	2.0
1548.2212478673034	0.015081000000009226	epochs	3.0
1548.2363288673034	0.015028900000061185	epochs	3.0
1548.2513577673035	0.029902499999934662	epochs	2.0
1548.2513577673035	0.014977000000044427	epochs	3.0
1548.2663347673035	0.014925499999890235	epochs	3.0
1548.2812602673034	0.0296981000001324	epochs	2.0
1548.2812602673034	0.014874400000053356	epochs	3.0
1548.2961346673035	0.014823700000079043	epochs	3.0
1548.3109583673036	0.029496299999891562	epochs	2.0
1548.3109583673036	0.01477319999980864	epochs	3.0
1548.3257315673034	0.014723100000082923	epochs	3.0
1548.3404546673034	0.029297400000132257	epochs	2.0
1548.3404546673034	0.014673399999992398	epochs	3.0
1548.3551280673034	0.014624000000139858	epochs	3.0
1548.3697520673036	0.029101099999934377	epochs	2.0
1548.3697520673036	0.014574899999843183	epochs	3.0
1548.3843269673034	0.014526200000091194	epochs	3.0
1548.3988531673035	0.028907399999980044	epochs	2.0
1548.3988531673035	0.014477700000043114	epochs	3.0
1548.4133308673036	0.014429699999936929	epochs	3.0
1548.4277605673035	0.028716199999962555	epochs	2.0
1548.4277605673035	0.014381799999910072	epochs	3.0
1548.4421423673034	0.014334400000052483	epochs	3.0
1548.4564767673035	0.02852759999996124	epochs	2.0
1548.4564767673035	0.014287199999898803	epochs	3.0
1548.4707639673034	0.014240400000062436	epochs	3.0
1548.4850043673034	0.028341400000044814	epochs	2.0
1548.4850043673034	0.014193800000157353	epochs	3.0
1548.4991981673036	0.014147599999887461	epochs	3.0
1548.5133457673035	0.028157700000065233	epochs	2.0
1548.5133457673035	0.014101700000082928	epochs	3.0
1548.5274474673035	0.014055999999982305	epochs	3.0
1548.5415034673035	0.02797629999986384	epochs	2.0
1548.5415034673035	0.014010599999892293	epochs	3.0
1548.5555140673034	0.013965699999971548	epochs	3.0
1548.5694797673034	0.027797200000122757	epochs	2.0
1548.5694797673034	0.013920800000050804	epochs	3.0
1548.5834005673034	0.013876400000071953	epochs	3.0
1548.5972769673035	0.027620399999932488	epochs	2.0
1548.5972769673035	0.013832200000024386	epochs	3.0
1548.6111091673035	0.013788199999908102	epochs	3.0
1548.6248973673034	0.027445899999975154	epochs	2.0
1548.6248973673034	0.01374460000010913	epochs	3.0
1548.6386419673036	0.013701299999866023	epochs	3.0
1548.6523432673034	0.0272735000000921	epochs	2.0
1548.6523432673034	0.013658200000008947	epochs	3.0
1548.6660014673034	0.013615300000083153	epochs	3.0
1548.6796167673035	0.027103399999987232	epochs	2.0
1548.6796167673035	0.013572800000019924	epochs	3.0
1548.6931895673035	0.013530599999967308	epochs	3.0
1548.7067201673035	0.02693520000002536	epochs	2.0
1548.7067201673035	0.01348839999991469	epochs	3.0
1548.7202085673034	0.01344680000011067	epochs	3.0
1548.7336553673035	0.026769199999989723	epochs	2.0
1548.7336553673035	0.013405199999851902	epochs	3.0
1548.7470605673034	0.013364000000137821	epochs	3.0
1548.7604245673035	0.026605199999949036	epochs	2.0
1548.7604245673035	0.013322900000048321	epochs	3.0
1548.7737474673036	0.013282299999900715	epochs	3.0
1548.7870297673035	0.0264431999999033	epochs	2.0
1548.7870297673035	0.013241699999980483	epochs	3.0
1548.8002714673034	0.013201499999922817	epochs	3.0
1548.8134729673034	0.026283200000079887	epochs	2.0
1548.8134729673034	0.013161500000023807	epochs	3.0
1548.8266344673034	0.01312170000005608	epochs	3.0
1548.8397561673034	0.02612500000009277	epochs	2.0
1548.8397561673034	0.013082100000019636	epochs	3.0
1548.8528382673035	0.013042900000073132	epochs	3.0
1548.8658811673035	0.025968899999952555	epochs	2.0
1548.8658811673035	0.013003899999830537	epochs	3.0
1548.8788850673034	0.012965000000122018	epochs	3.0
1548.8918500673035	0.025814500000024054	epochs	2.0
1548.8918500673035	0.012926399999969362	epochs	3.0
1548.9047764673035	0.012888100000054692	epochs	3.0
1548.9176645673035	0.025661899999931848	epochs	2.0
1548.9176645673035	0.012849899999991976	epochs	3.0
1548.9305144673035	0.012811999999939871	epochs	3.0
1548.9433264673035	0.025511199999982637	epochs	2.0
1548.9433264673035	0.012774400000125752	epochs	3.0
1548.9561008673036	0.012736799999856885	epochs	3.0
1548.9688376673034	0.025362300000097093	epochs	2.0
1548.9688376673034	0.01269969999998466	epochs	3.0
1548.9815373673034	0.012662600000112434	epochs	3.0
1548.9941999673035	0.025214999999889187	epochs	2.0
1548.9941999673035	0.012625800000023446	epochs	3.0
1549.0068257673036	0.012589199999865741	epochs	3.0
1549.0194149673034	0.024584799999956886	epochs	2.0
1549.0416797673035	0.5	epochs	-1.0
1549.0439997673034	0.999920000000202	epochs	1.0
1549.5416797673035	0.5	epochs	-1.0
1552.3599996566772	0.09999999999990905	epochs	0.0
1552.3599996566772	0.04500000000007276	epochs	1.0
1552.4049996566773	0.009999999999990905	epochs	1.0
1552.4149996566773	0.044999999999845386	epochs	1.0
1552.4599996566772	2.0	epochs	0.0
1554.4599996566772	0.5599200000001474	epochs	0.0
1554.4599996566772	0.5599200000001474	epochs	1.0
1554.4599996566772	0.5	epochs	-1.0
1554.9599996566772	0.05992000000014741	epochs	-1.0
1555.0199196566773	21.440000000000055	epochs	0.0
1556.8629999160767	0.09999999999990905	epochs	0.0
1556.8629999160767	0.04500000000007276	epochs	1.0
1556.9079999160767	0.009999999999990905	epochs	1.0
1556.9179999160767	0.044999999999845386	epochs	1.0
1556.9629999160766	2.0	epochs	0.0
1558.9629999160766	0.5595200000000204	epochs	0.0
1558.9629999160766	0.5595200000000204	epochs	1.0
1558.9629999160766	0.5	epochs	-1.0
1559.4629999160766	0.059520000000020445	epochs	-1.0
1559.5225199160766	21.44040000000018	epochs	0.0
1561.4629998207092	0.09999999999990905	epochs	0.0
1561.4629998207092	0.04500000000007276	epochs	1.0
1561.5079998207093	0.009999999999990905	epochs	1.0
1561.5179998207093	0.044999999999845386	epochs	1.0
1561.5629998207091	2.0	epochs	0.0
1563.5629998207091	0.519760000000133	epochs	0.0
1563.5629998207091	0.519760000000133	epochs	1.0
1563.5629998207091	0.5	epochs	-1.0
1564.0629998207091	0.019760000000133005	epochs	-1.0
1564.0827598207093	21.48016000000007	epochs	0.0
1611.7659997940063	0.09999999999990905	epochs	0.0
1611.7659997940063	0.04500000000007276	epochs	1.0
1611.8109997940064	0.009999999999990905	epochs	1.0
1611.8209997940064	0.044999999999845386	epochs	1.0
1611.8659997940063	0.2299199999999928	epochs	0.0
1611.8659997940063	0.0500000000001819	epochs	1.0
1611.9159997940064	0.009999999999990905	epochs	1.0
1611.9259997940064	0.049999999999954525	epochs	1.0
1611.9759997940064	0.009999999999990905	epochs	1.0
1611.9859997940064	0.049999999999954525	epochs	1.0
1612.0359997940063	0.009999999999990905	epochs	1.0
1612.0459997940063	0.04991999999992913	epochs	1.0
2152.87099981308	0.09999999999990905	epochs	0.0
2152.87099981308	0.04500000000007276	epochs	1.0
2152.91599981308	0.009999999999763531	epochs	1.0
2152.9259998130797	0.04500000000007276	epochs	1.0
2152.9709998130797	0.22992000000022017	epochs	0.0
2152.9709998130797	0.0500000000001819	epochs	1.0
2153.02099981308	0.009999999999763531	epochs	1.0
2153.0309998130797	0.0500000000001819	epochs	1.0
2153.08099981308	0.009999999999763531	epochs	1.0
2153.0909998130796	0.0500000000001819	epochs	1.0
2153.14099981308	0.010000000000218279	epochs	1.0
2153.15099981308	0.04991999999992913	epochs	1.0
2184.447000026703	0.09999999999990905	epochs	0.0
2184.447000026703	0.04500000000007276	epochs	1.0
2184.492000026703	0.009999999999763531	epochs	1.0
2184.5020000267027	0.04500000000007276	epochs	1.0
2184.547000026703	2.999920000000202	epochs	0.0
2184.547000026703	1.0	epochs	1.0
2185.547000026703	1.0	epochs	1.0
2186.547000026703	0.999920000000202	epochs	1.0
2189.4389996528625	0.09999999999990905	epochs	0.0
2189.4389996528625	0.04500000000007276	epochs	1.0
2189.4839996528626	0.009999999999763531	epochs	1.0
2189.4939996528624	0.04500000000007276	epochs	1.0
2189.5389996528625	2.999920000000202	epochs	0.0
2189.5389996528625	1.0	epochs	1.0
2190.5389996528625	1.0	epochs	1.0
2191.5389996528625	0.999920000000202	epochs	1.0
2194.422999858856	0.09999999999990905	epochs	0.0
2194.422999858856	0.04500000000007276	epochs	1.0
2194.4679998588563	0.009999999999763531	epochs	1.0
2194.477999858856	0.04500000000007276	epochs	1.0
2194.522999858856	2.999920000000202	epochs	0.0
2194.522999858856	1.0	epochs	1.0
2195.522999858856	1.0	epochs	1.0
2196.522999858856	0.999920000000202	epochs	1.0
2199.404999732971	0.09999999999990905	epochs	0.0
2199.404999732971	0.04500000000007276	epochs	1.0
2199.4499997329713	0.009999999999763531	epochs	1.0
2199.459999732971	0.04500000000007276	epochs	1.0
2199.504999732971	2.999920000000202	epochs	0.0
2199.504999732971	1.0	epochs	1.0
2200.504999732971	1.0	epochs	1.0
2201.504999732971	0.999920000000202	epochs	1.0
2204.404999732971	0.09999999999990905	epochs	0.0
2204.404999732971	0.04500000000007276	epochs	1.0
2204.4499997329713	0.009999999999763531	epochs	1.0
2204.459999732971	0.04500000000007276	epochs	1.0
2204.504999732971	2.999920000000202	epochs	0.0
2204.504999732971	1.0	epochs	1.0
2205.504999732971	1.0	epochs	1.0
2206.504999732971	0.999920000000202	epochs	1.0
2209.440999984741	0.09999999999990905	epochs	0.0
2209.440999984741	0.04500000000007276	epochs	1.0
2209.4859999847413	0.009999999999763531	epochs	1.0
2209.495999984741	0.04500000000007276	epochs	1.0
2209.540999984741	2.999920000000202	epochs	0.0
2209.540999984741	1.0	epochs	1.0
2210.540999984741	1.0	epochs	1.0
2211.540999984741	0.999920000000202	epochs	1.0
2214.423999786377	0.09999999999990905	epochs	0.0
2214.423999786377	0.04500000000007276	epochs	1.0
2214.468999786377	0.009999999999763531	epochs	1.0
2214.478999786377	0.04500000000007276	epochs	1.0
2214.523999786377	2.999920000000202	epochs	0.0
2214.523999786377	1.0	epochs	1.0
2215.523999786377	1.0	epochs	1.0
2216.523999786377	0.999920000000202	epochs	1.0
2219.4260001182556	0.09999999999990905	epochs	0.0
2219.4260001182556	0.04500000000007276	epochs	1.0
2219.4710001182557	0.009999999999763531	epochs	1.0
2219.4810001182555	0.04500000000007276	epochs	1.0
2219.5260001182555	2.999920000000202	epochs	0.0
2219.5260001182555	1.0	epochs	1.0
2220.5260001182555	1.0	epochs	1.0
2221.5260001182555	0.999920000000202	epochs	1.0
2224.4260001182556	0.09999999999990905	epochs	0.0
2224.4260001182556	0.04500000000007276	epochs	1.0
2224.4710001182557	0.009999999999763531	epochs	1.0
2224.4810001182555	0.04500000000007276	epochs	1.0
2224.5260001182555	2.999920000000202	epochs	0.0
2224.5260001182555	1.0	epochs	1.0
2225.5260001182555	1.0	epochs	1.0
2226.5260001182555	0.999920000000202	epochs	1.0
2229.450999736786	0.09999999999990905	epochs	0.0
2229.450999736786	0.04500000000007276	epochs	1.0
2229.495999736786	0.009999999999763531	epochs	1.0
2229.5059997367857	0.04500000000007276	epochs	1.0
2229.550999736786	2.999920000000202	epochs	0.0
2229.550999736786	1.0	epochs	1.0
2230.550999736786	1.0	epochs	1.0
2231.550999736786	0.999920000000202	epochs	1.0
2234.46799993515	0.09999999999990905	epochs	0.0
2234.46799993515	0.04500000000007276	epochs	1.0
2234.51299993515	0.009999999999763531	epochs	1.0
2234.52299993515	0.04500000000007276	epochs	1.0
2234.56799993515	2.999920000000202	epochs	0.0
2234.56799993515	1.0	epochs	1.0
2235.56799993515	1.0	epochs	1.0
2236.56799993515	0.999920000000202	epochs	1.0
2239.440999984741	0.09999999999990905	epochs	0.0
2239.440999984741	0.04500000000007276	epochs	1.0
2239.4859999847413	0.009999999999763531	epochs	1.0
2239.495999984741	0.04500000000007276	epochs	1.0
2239.540999984741	2.999920000000202	epochs	0.0
2239.540999984741	1.0	epochs	1.0
2240.540999984741	1.0	epochs	1.0
2241.540999984741	0.999920000000202	epochs	1.0
2244.473999977112	0.09999999999990905	epochs	0.0
2244.473999977112	0.04500000000007276	epochs	1.0
2244.518999977112	0.009999999999763531	epochs	1.0
2244.5289999771117	0.04500000000007276	epochs	1.0
2244.5739999771117	2.999920000000202	epochs	0.0
2244.5739999771117	1.0	epochs	1.0
2245.5739999771117	1.0	epochs	1.0
2246.5739999771117	0.999920000000202	epochs	1.0
2249.4709997177124	0.09999999999990905	epochs	0.0
2249.4709997177124	0.04500000000007276	epochs	1.0
2249.5159997177125	0.009999999999763531	epochs	1.0
2249.5259997177122	0.04500000000007276	epochs	1.0
2249.5709997177123	2.999920000000202	epochs	0.0
2249.5709997177123	1.0	epochs	1.0
2250.5709997177123	1.0	epochs	1.0
2251.5709997177123	0.999920000000202	epochs	1.0
2254.4879999160767	0.09999999999990905	epochs	0.0
2254.4879999160767	0.04500000000007276	epochs	1.0
2254.5329999160767	0.009999999999763531	epochs	1.0
2254.5429999160765	0.04500000000007276	epochs	1.0
2254.5879999160766	2.999920000000202	epochs	0.0
2254.5879999160766	1.0	epochs	1.0
2255.5879999160766	1.0	epochs	1.0
2256.5879999160766	0.999920000000202	epochs	1.0
2259.596999645233	0.09999999999990905	epochs	0.0
2259.596999645233	0.04500000000007276	epochs	1.0
2259.641999645233	0.009999999999763531	epochs	1.0
2259.651999645233	0.04500000000007276	epochs	1.0
2259.696999645233	2.999920000000202	epochs	0.0
2259.696999645233	1.0	epochs	1.0
2260.696999645233	1.0	epochs	1.0
2261.696999645233	0.999920000000202	epochs	1.0
2264.630000114441	0.09999999999990905	epochs	0.0
2264.630000114441	0.04500000000007276	epochs	1.0
2264.675000114441	0.009999999999763531	epochs	1.0
2264.6850001144408	0.04500000000007276	epochs	1.0
2264.730000114441	2.999920000000202	epochs	0.0
2264.730000114441	1.0	epochs	1.0
2265.730000114441	1.0	epochs	1.0
2266.730000114441	0.999920000000202	epochs	1.0
2269.6979999542236	0.09999999999990905	epochs	0.0
2269.6979999542236	0.04500000000007276	epochs	1.0
2269.7429999542237	0.009999999999763531	epochs	1.0
2269.7529999542235	0.04500000000007276	epochs	1.0
2269.7979999542235	2.999920000000202	epochs	0.0
2269.7979999542235	1.0	epochs	1.0
2270.7979999542235	1.0	epochs	1.0
2271.7979999542235	0.999920000000202	epochs	1.0
2274.7479996681213	0.09999999999990905	epochs	0.0
2274.7479996681213	0.04500000000007276	epochs	1.0
2274.7929996681214	0.009999999999763531	epochs	1.0
2274.802999668121	0.04500000000007276	epochs	1.0
2274.8479996681212	2.5	epochs	0.0
2274.8479996681212	1.0	epochs	1.0
2275.8479996681212	1.0	epochs	1.0
2276.8479996681212	0.5	epochs	1.0
2277.3479996681212	0.499920000000202	epochs	0.0
