onset	duration	nwb_table	treelevel
10.82699966430664	0.09999999999999964	epochs	0.0
10.82699966430664	0.04499999999999993	epochs	1.0
10.87199966430664	0.009999999999999787	epochs	1.0
10.88199966430664	0.04499999999999993	epochs	1.0
10.92699966430664	0.7049950000000003	epochs	0.0
10.92699966430664	0.5	epochs	-1.0
10.92699966430664	0.5	epochs	-1.0
10.92699966430664	0.5	epochs	1.0
11.42699966430664	0.0600000000000005	epochs	-1.0
11.42699966430664	0.025000000000000355	epochs	-1.0
11.42699966430664	0.025000000000000355	epochs	1.0
11.45199966430664	0.009999999999999787	epochs	-1.0
11.45199966430664	0.009999999999999787	epochs	1.0
11.46199966430664	0.025000000000000355	epochs	-1.0
11.46199966430664	0.025000000000000355	epochs	1.0
11.48699966430664	0.0600000000000005	epochs	-1.0
11.48699966430664	0.025000000000000355	epochs	-1.0
11.48699966430664	0.025000000000000355	epochs	1.0
11.511999664306641	0.009999999999999787	epochs	-1.0
11.511999664306641	0.009999999999999787	epochs	1.0
11.521999664306641	0.025000000000000355	epochs	-1.0
11.521999664306641	0.025000000000000355	epochs	1.0
11.546999664306641	0.05999999999999872	epochs	-1.0
11.546999664306641	0.02499999999999858	epochs	-1.0
11.546999664306641	0.02499999999999858	epochs	1.0
11.57199966430664	0.010000000000001563	epochs	-1.0
11.57199966430664	0.010000000000001563	epochs	1.0
11.581999664306641	0.02499999999999858	epochs	-1.0
11.581999664306641	0.02499999999999858	epochs	1.0
11.60699966430664	0.024995000000000545	epochs	1.0
85.25699996948242	0.09999999999999432	epochs	0.0
85.25699996948242	0.045000000000001705	epochs	1.0
85.30199996948242	0.010000000000005116	epochs	1.0
85.31199996948243	0.044999999999987494	epochs	1.0
85.35699996948242	0.7049950000000109	epochs	0.0
85.35699996948242	0.5	epochs	-1.0
85.35699996948242	0.5	epochs	1.0
85.85699996948242	0.060000000000002274	epochs	-1.0
85.85699996948242	0.025000000000005684	epochs	-1.0
85.85699996948242	0.025000000000005684	epochs	1.0
85.88199996948242	0.010000000000005116	epochs	-1.0
85.88199996948242	0.010000000000005116	epochs	1.0
85.89199996948243	0.024999999999991473	epochs	-1.0
85.89199996948243	0.024999999999991473	epochs	1.0
85.91699996948242	0.060000000000002274	epochs	-1.0
85.91699996948242	0.025000000000005684	epochs	-1.0
85.91699996948242	0.025000000000005684	epochs	1.0
85.94199996948242	0.009999999999990905	epochs	-1.0
85.94199996948242	0.009999999999990905	epochs	1.0
85.95199996948242	0.025000000000005684	epochs	-1.0
85.95199996948242	0.025000000000005684	epochs	1.0
85.97699996948242	0.060000000000002274	epochs	-1.0
85.97699996948242	0.025000000000005684	epochs	-1.0
85.97699996948242	0.025000000000005684	epochs	1.0
86.00199996948243	0.009999999999990905	epochs	-1.0
86.00199996948243	0.009999999999990905	epochs	1.0
86.01199996948242	0.025000000000005684	epochs	-1.0
86.01199996948242	0.025000000000005684	epochs	1.0
86.03699996948242	0.024995000000004097	epochs	1.0
114.48099994659424	0.09999999999999432	epochs	0.0
114.48099994659424	0.045000000000001705	epochs	1.0
114.52599994659424	0.010000000000005116	epochs	1.0
114.53599994659425	0.044999999999987494	epochs	1.0
114.58099994659423	61.384995	epochs	0.0
114.58099994659423	0.5	epochs	-1.0
114.58099994659423	0.5	epochs	-1.0
114.58099994659423	0.5	epochs	1.0
115.08099994659423	0.060000000000002274	epochs	-1.0
115.08099994659423	0.025000000000005684	epochs	-1.0
115.08099994659423	0.025000000000005684	epochs	1.0
115.10599994659424	0.010000000000005116	epochs	-1.0
115.10599994659424	0.010000000000005116	epochs	1.0
115.11599994659424	0.024999999999991473	epochs	-1.0
115.11599994659424	0.024999999999991473	epochs	1.0
115.14099994659423	0.060000000000002274	epochs	-1.0
115.14099994659423	0.025000000000005684	epochs	-1.0
115.14099994659423	0.025000000000005684	epochs	1.0
115.16599994659424	0.009999999999990905	epochs	-1.0
115.16599994659424	0.009999999999990905	epochs	1.0
115.17599994659423	0.025000000000005684	epochs	-1.0
115.17599994659423	0.025000000000005684	epochs	1.0
115.20099994659424	0.060000000000002274	epochs	-1.0
115.20099994659424	0.025000000000005684	epochs	-1.0
115.20099994659424	0.025000000000005684	epochs	1.0
115.22599994659424	0.009999999999990905	epochs	-1.0
115.22599994659424	0.009999999999990905	epochs	1.0
115.23599994659423	0.025000000000005684	epochs	-1.0
115.23599994659423	0.025000000000005684	epochs	1.0
115.26099994659424	60.0	epochs	1.0
175.26099994659424	0.5	epochs	-1.0
175.26099994659424	0.5	epochs	-1.0
175.26099994659424	0.5	epochs	1.0
175.76099994659424	0.060000000000002274	epochs	-1.0
175.76099994659424	0.025000000000005684	epochs	-1.0
175.76099994659424	0.025000000000005684	epochs	1.0
175.78599994659425	0.009999999999990905	epochs	-1.0
175.78599994659425	0.009999999999990905	epochs	1.0
175.79599994659424	0.025000000000005684	epochs	-1.0
175.79599994659424	0.025000000000005684	epochs	1.0
175.82099994659424	0.060000000000002274	epochs	-1.0
175.82099994659424	0.025000000000005684	epochs	-1.0
175.82099994659424	0.025000000000005684	epochs	1.0
175.84599994659425	0.009999999999990905	epochs	-1.0
175.84599994659425	0.009999999999990905	epochs	1.0
175.85599994659424	0.025000000000005684	epochs	-1.0
175.85599994659424	0.025000000000005684	epochs	1.0
175.88099994659424	0.060000000000002274	epochs	-1.0
175.88099994659424	0.025000000000005684	epochs	-1.0
175.88099994659424	0.025000000000005684	epochs	1.0
175.90599994659425	0.009999999999990905	epochs	-1.0
175.90599994659425	0.009999999999990905	epochs	1.0
175.91599994659424	0.025000000000005684	epochs	-1.0
175.91599994659424	0.025000000000005684	epochs	1.0
175.94099994659425	0.024994999999989886	epochs	1.0
205.54899978637695	0.09999999999999432	epochs	0.0
205.54899978637695	0.044999999999987494	epochs	1.0
205.59399978637694	0.010000000000019327	epochs	1.0
205.60399978637696	0.044999999999987494	epochs	1.0
205.64899978637695	0.7049949999999967	epochs	0.0
205.64899978637695	0.5	epochs	-1.0
205.64899978637695	0.5	epochs	-1.0
205.64899978637695	0.5	epochs	1.0
206.14899978637695	0.060000000000002274	epochs	-1.0
206.14899978637695	0.025000000000005684	epochs	-1.0
206.14899978637695	0.025000000000005684	epochs	1.0
206.17399978637695	0.009999999999990905	epochs	-1.0
206.17399978637695	0.009999999999990905	epochs	1.0
206.18399978637694	0.025000000000005684	epochs	-1.0
206.18399978637694	0.025000000000005684	epochs	1.0
206.20899978637695	0.060000000000002274	epochs	-1.0
206.20899978637695	0.025000000000005684	epochs	-1.0
206.20899978637695	0.025000000000005684	epochs	1.0
206.23399978637696	0.009999999999990905	epochs	-1.0
206.23399978637696	0.009999999999990905	epochs	1.0
206.24399978637695	0.025000000000005684	epochs	-1.0
206.24399978637695	0.025000000000005684	epochs	1.0
206.26899978637695	0.060000000000002274	epochs	-1.0
206.26899978637695	0.025000000000005684	epochs	-1.0
206.26899978637695	0.025000000000005684	epochs	1.0
206.29399978637696	0.009999999999990905	epochs	-1.0
206.29399978637696	0.009999999999990905	epochs	1.0
206.30399978637695	0.025000000000005684	epochs	-1.0
206.30399978637695	0.025000000000005684	epochs	1.0
206.32899978637695	0.024994999999989886	epochs	1.0
242.29500007629395	0.09999999999999432	epochs	0.0
242.29500007629395	0.044999999999987494	epochs	1.0
242.34000007629393	0.010000000000019327	epochs	1.0
242.35000007629395	0.044999999999987494	epochs	1.0
242.39500007629394	5.999979999999994	epochs	0.0
242.39500007629394	0.5	epochs	-1.0
242.39500007629394	0.5	epochs	-1.0
242.39500007629394	0.5	epochs	1.0
242.89500007629394	5.0	epochs	1.0
247.89500007629394	0.49997999999999365	epochs	-1.0
247.89500007629394	0.49997999999999365	epochs	1.0
250.6219997406006	0.09999999999999432	epochs	0.0
250.6219997406006	0.044999999999987494	epochs	1.0
250.66699974060057	0.010000000000019327	epochs	1.0
250.6769997406006	0.044999999999987494	epochs	1.0
250.72199974060058	2.5004399999999976	epochs	0.0
250.72199974060058	0.5	epochs	-1.0
250.72199974060058	0.5	epochs	1.0
251.22199974060058	1.0	epochs	1.0
252.22199974060058	1.0004399999999976	epochs	1.0
252.72199974060058	0.5	epochs	-1.0
253.22243974060058	0.9995399999999961	epochs	0.0
253.55599975585938	0.09999999999999432	epochs	0.0
253.55599975585938	0.044999999999987494	epochs	1.0
253.60099975585936	0.010000000000019327	epochs	1.0
253.61099975585938	0.044999999999987494	epochs	1.0
253.65599975585937	2.560059999999993	epochs	0.0
253.65599975585937	0.5	epochs	-1.0
253.65599975585937	0.5	epochs	1.0
254.15599975585937	1.0	epochs	1.0
255.15599975585937	1.060059999999993	epochs	1.0
255.65599975585937	0.5000000000000284	epochs	-1.0
256.21605975585936	0.9399200000000292	epochs	0.0
256.5329999923706	0.10000000000002274	epochs	0.0
256.5329999923706	0.045000000000015916	epochs	1.0
256.5779999923706	0.009999999999990905	epochs	1.0
256.5879999923706	0.045000000000015916	epochs	1.0
256.6329999923706	3.0196399999999812	epochs	0.0
256.6329999923706	0.5	epochs	-1.0
256.6329999923706	0.5	epochs	1.0
257.1329999923706	1.0	epochs	1.0
258.1329999923706	1.5196399999999812	epochs	1.0
258.6329999923706	0.5	epochs	-1.0
259.1329999923706	0.5	epochs	-1.0
259.6526399923706	0.4803400000000124	epochs	0.0
259.99900007247925	0.10000000000002274	epochs	0.0
259.99900007247925	0.045000000000015916	epochs	1.0
260.04400007247926	0.009999999999990905	epochs	1.0
260.05400007247925	0.045000000000015916	epochs	1.0
260.09900007247927	3.0201399999999694	epochs	0.0
260.09900007247927	0.5	epochs	-1.0
260.09900007247927	0.5	epochs	1.0
260.59900007247927	1.0	epochs	1.0
261.59900007247927	1.5201399999999694	epochs	1.0
262.09900007247927	0.5	epochs	-1.0
262.59900007247927	0.5	epochs	-1.0
263.11914007247924	0.47984000000002425	epochs	0.0
263.48299980163574	0.10000000000002274	epochs	0.0
263.48299980163574	0.045000000000015916	epochs	1.0
263.52799980163576	0.009999999999990905	epochs	1.0
263.53799980163575	0.045000000000015916	epochs	1.0
263.58299980163576	0.5402199999999766	epochs	0.0
263.58299980163576	0.5	epochs	-1.0
263.58299980163576	0.5	epochs	1.0
264.08299980163576	0.04021999999997661	epochs	1.0
264.12321980163574	2.959760000000017	epochs	0.0
276.61499977111816	0.10000000000002274	epochs	0.0
276.61499977111816	0.045000000000015916	epochs	1.0
276.6599997711182	0.009999999999990905	epochs	1.0
276.66999977111817	0.045000000000015916	epochs	1.0
276.7149997711182	3.0196399999999812	epochs	0.0
276.7149997711182	0.5	epochs	-1.0
276.7149997711182	0.5	epochs	1.0
277.2149997711182	1.0	epochs	1.0
278.2149997711182	1.5196399999999812	epochs	1.0
278.7149997711182	0.5	epochs	-1.0
279.2149997711182	0.5	epochs	-1.0
279.73463977111817	0.4803400000000124	epochs	0.0
280.11499977111816	0.6499800000000278	epochs	0.0
280.11499977111816	0.05000000000001137	epochs	1.0
280.1649997711182	0.5	epochs	1.0
280.6649997711182	0.09998000000001639	epochs	1.0
281.164999961853	0.6499800000000278	epochs	0.0
281.164999961853	0.05000000000001137	epochs	1.0
281.21499996185304	0.5	epochs	1.0
281.71499996185304	0.09998000000001639	epochs	1.0
282.21499967575073	0.6499800000000278	epochs	0.0
282.21499967575073	0.05000000000001137	epochs	1.0
282.26499967575074	0.5	epochs	1.0
282.76499967575074	0.09998000000001639	epochs	1.0
283.2649998664856	0.6499800000000278	epochs	0.0
283.2649998664856	0.05000000000001137	epochs	1.0
283.3149998664856	0.5	epochs	1.0
283.8149998664856	0.09998000000001639	epochs	1.0
284.34800004959106	0.6499800000000278	epochs	0.0
284.34800004959106	0.05000000000001137	epochs	1.0
284.3980000495911	0.5	epochs	1.0
284.8980000495911	0.09998000000001639	epochs	1.0
285.414999961853	0.6499800000000278	epochs	0.0
285.414999961853	0.05000000000001137	epochs	1.0
285.46499996185304	0.5	epochs	1.0
285.96499996185304	0.09998000000001639	epochs	1.0
286.49799966812134	0.10000000000002274	epochs	0.0
286.49799966812134	0.045000000000015916	epochs	1.0
286.54299966812135	0.009999999999990905	epochs	1.0
286.55299966812134	0.045000000000015916	epochs	1.0
286.59799966812136	2.5001800000000003	epochs	0.0
286.59799966812136	0.5	epochs	-1.0
286.59799966812136	0.5	epochs	1.0
287.09799966812136	1.0	epochs	1.0
288.09799966812136	1.0001800000000003	epochs	1.0
288.59799966812136	0.5	epochs	-1.0
289.09817966812136	2.9997999999999934	epochs	0.0
291.73099994659424	0.10000000000002274	epochs	0.0
291.73099994659424	0.045000000000015916	epochs	1.0
291.77599994659425	0.009999999999990905	epochs	1.0
291.78599994659425	0.045000000000015916	epochs	1.0
291.83099994659426	2.520060000000001	epochs	0.0
291.83099994659426	0.5	epochs	-1.0
291.83099994659426	0.5	epochs	1.0
292.33099994659426	1.0	epochs	1.0
293.33099994659426	1.0200600000000009	epochs	1.0
293.83099994659426	0.5	epochs	-1.0
294.35105994659426	2.979919999999993	epochs	0.0
296.94799995422363	0.10000000000002274	epochs	0.0
296.94799995422363	0.045000000000015916	epochs	1.0
296.99299995422365	0.009999999999990905	epochs	1.0
297.00299995422364	0.045000000000015916	epochs	1.0
297.04799995422366	2.50019999999995	epochs	0.0
297.04799995422366	0.5	epochs	-1.0
297.04799995422366	0.5	epochs	1.0
297.54799995422366	1.0	epochs	1.0
298.54799995422366	1.0001999999999498	epochs	1.0
299.04799995422366	0.5	epochs	-1.0
299.5481999542236	3.999780000000044	epochs	0.0
300.03099966049194	0.10000000000002274	epochs	0.0
300.03099966049194	0.045000000000015916	epochs	1.0
300.07599966049196	0.009999999999990905	epochs	1.0
300.08599966049195	0.045000000000015916	epochs	1.0
300.13099966049197	2.5198199999999815	epochs	0.0
300.13099966049197	0.5	epochs	-1.0
300.13099966049197	0.5	epochs	1.0
300.63099966049197	1.0	epochs	1.0
301.63099966049197	1.0198199999999815	epochs	1.0
302.13099966049197	0.5	epochs	-1.0
302.65081966049195	3.980160000000012	epochs	0.0
303.09800004959106	0.10000000000002274	epochs	0.0
303.09800004959106	0.045000000000015916	epochs	1.0
303.1430000495911	0.009999999999990905	epochs	1.0
303.15300004959107	0.045000000000015916	epochs	1.0
303.1980000495911	0.5001199999999812	epochs	0.0
303.1980000495911	0.5	epochs	-1.0
303.1980000495911	0.5	epochs	1.0
303.6980000495911	0.00011999999998124622	epochs	1.0
303.69812004959107	5.999860000000012	epochs	0.0
319.4539999961853	0.10000000000002274	epochs	0.0
319.4539999961853	0.045000000000015916	epochs	1.0
319.4989999961853	0.009999999999990905	epochs	1.0
319.5089999961853	0.045000000000015916	epochs	1.0
319.5539999961853	0.5000999999999749	epochs	0.0
319.5539999961853	0.5	epochs	-1.0
319.5539999961853	0.5	epochs	1.0
320.0539999961853	9.999999997489795e-05	epochs	1.0
320.0540999961853	5.999880000000019	epochs	0.0
335.7059998512268	0.10000000000002274	epochs	0.0
335.7059998512268	0.045000000000015916	epochs	1.0
335.7509998512268	0.009999999999990905	epochs	1.0
335.7609998512268	0.045000000000015916	epochs	1.0
335.80599985122683	0.539859999999976	epochs	0.0
335.80599985122683	0.5	epochs	-1.0
335.80599985122683	0.5	epochs	1.0
336.30599985122683	0.039859999999976026	epochs	1.0
336.3458598512268	5.960120000000018	epochs	0.0
351.896999835968	0.10000000000002274	epochs	0.0
351.896999835968	0.045000000000015916	epochs	1.0
351.94199983596803	0.009999999999990905	epochs	1.0
351.951999835968	0.045000000000015916	epochs	1.0
351.99699983596804	2.500439999999969	epochs	0.0
351.99699983596804	0.5	epochs	-1.0
351.99699983596804	0.5	epochs	1.0
352.49699983596804	1.0	epochs	1.0
353.49699983596804	1.0004399999999691	epochs	1.0
353.99699983596804	0.5	epochs	-1.0
354.497439835968	3.9995400000000245	epochs	0.0
355.01399993896484	0.10000000000002274	epochs	0.0
355.01399993896484	0.045000000000015916	epochs	1.0
355.05899993896486	0.009999999999990905	epochs	1.0
355.06899993896485	0.045000000000015916	epochs	1.0
355.11399993896487	2.5604399999999714	epochs	0.0
355.11399993896487	0.5	epochs	-1.0
355.11399993896487	0.5	epochs	1.0
355.61399993896487	1.0	epochs	1.0
356.61399993896487	1.0604399999999714	epochs	1.0
357.11399993896487	0.5	epochs	-1.0
357.67443993896484	3.9395400000000222	epochs	0.0
358.17000007629395	0.10000000000002274	epochs	0.0
358.17000007629395	0.045000000000015916	epochs	1.0
358.21500007629396	0.009999999999990905	epochs	1.0
358.22500007629395	0.045000000000015916	epochs	1.0
358.27000007629397	2.5597999999999956	epochs	0.0
358.27000007629397	0.5	epochs	-1.0
358.27000007629397	0.5	epochs	1.0
358.77000007629397	1.0	epochs	1.0
359.77000007629397	1.0597999999999956	epochs	1.0
360.27000007629397	0.5	epochs	-1.0
360.82980007629396	3.940179999999998	epochs	0.0
361.3199996948242	0.10000000000002274	epochs	0.0
361.3199996948242	0.045000000000015916	epochs	1.0
361.36499969482423	0.009999999999990905	epochs	1.0
361.3749996948242	0.045000000000015916	epochs	1.0
361.41999969482424	0.5401200000000017	epochs	0.0
361.41999969482424	0.5	epochs	-1.0
361.41999969482424	0.5	epochs	1.0
361.91999969482424	0.04012000000000171	epochs	1.0
361.96011969482424	5.959859999999992	epochs	0.0
377.45199966430664	0.10000000000002274	epochs	0.0
377.45199966430664	0.045000000000015916	epochs	1.0
377.49699966430666	0.009999999999990905	epochs	1.0
377.50699966430665	0.045000000000015916	epochs	1.0
377.55199966430666	0.5003799999999501	epochs	0.0
377.55199966430666	0.5	epochs	-1.0
377.55199966430666	0.5	epochs	1.0
378.05199966430666	0.00037999999995008693	epochs	1.0
378.0523796643066	5.999600000000044	epochs	0.0
393.68499994277954	0.10000000000002274	epochs	0.0
393.68499994277954	0.045000000000015916	epochs	1.0
393.72999994277956	0.009999999999990905	epochs	1.0
393.73999994277955	0.045000000000015916	epochs	1.0
393.78499994277956	0.5003600000000006	epochs	0.0
393.78499994277956	0.5	epochs	-1.0
393.78499994277956	0.5	epochs	1.0
394.28499994277956	0.0003600000000005821	epochs	1.0
394.28535994277956	5.999619999999993	epochs	0.0
409.85999965667725	0.10000000000002274	epochs	0.0
409.85999965667725	0.045000000000015916	epochs	1.0
409.90499965667726	0.009999999999990905	epochs	1.0
409.91499965667725	0.045000000000015916	epochs	1.0
409.95999965667727	2.5599399999999832	epochs	0.0
409.95999965667727	0.5	epochs	-1.0
409.95999965667727	0.5	epochs	1.0
410.45999965667727	1.0	epochs	1.0
411.45999965667727	1.0599399999999832	epochs	1.0
411.95999965667727	0.5	epochs	-1.0
412.51993965667725	3.9400400000000104	epochs	0.0
413.10999965667725	0.15298000000001366	epochs	0.0
413.10999965667725	0.05000000000001137	epochs	1.0
413.15999965667726	0.002999999999985903	epochs	1.0
413.16299965667724	0.09998000000001639	epochs	1.0
413.82699966430664	0.15298000000001366	epochs	0.0
413.82699966430664	0.05000000000001137	epochs	1.0
413.87699966430665	0.002999999999985903	epochs	1.0
413.87999966430664	0.09998000000001639	epochs	1.0
414.52699995040894	0.15298000000001366	epochs	0.0
414.52699995040894	0.05000000000001137	epochs	1.0
414.57699995040895	0.002999999999985903	epochs	1.0
414.57999995040893	0.09998000000001639	epochs	1.0
415.27699995040894	0.15298000000001366	epochs	0.0
415.27699995040894	0.05000000000001137	epochs	1.0
415.32699995040895	0.002999999999985903	epochs	1.0
415.32999995040893	0.09998000000001639	epochs	1.0
415.99399995803833	0.15298000000001366	epochs	0.0
415.99399995803833	0.05000000000001137	epochs	1.0
416.04399995803834	0.002999999999985903	epochs	1.0
416.0469999580383	0.09998000000001639	epochs	1.0
416.74399995803833	0.15298000000001366	epochs	0.0
416.74399995803833	0.05000000000001137	epochs	1.0
416.79399995803834	0.002999999999985903	epochs	1.0
416.7969999580383	0.09998000000001639	epochs	1.0
417.5199999809265	0.15298000000001366	epochs	0.0
417.5199999809265	0.05000000000001137	epochs	1.0
417.5699999809265	0.002999999999985903	epochs	1.0
417.5729999809265	0.09998000000001639	epochs	1.0
418.3029999732971	0.15298000000001366	epochs	0.0
418.3029999732971	0.05000000000001137	epochs	1.0
418.35299997329713	0.002999999999985903	epochs	1.0
418.3559999732971	0.09998000000001639	epochs	1.0
419.0859999656677	0.15298000000001366	epochs	0.0
419.0859999656677	0.05000000000001137	epochs	1.0
419.13599996566774	0.002999999999985903	epochs	1.0
419.1389999656677	0.09998000000001639	epochs	1.0
419.8699998855591	0.15298000000001366	epochs	0.0
419.8699998855591	0.05000000000001137	epochs	1.0
419.9199998855591	0.002999999999985903	epochs	1.0
419.9229998855591	0.09998000000001639	epochs	1.0
420.67000007629395	0.10000000000002274	epochs	0.0
420.67000007629395	0.045000000000015916	epochs	1.0
420.71500007629396	0.009999999999990905	epochs	1.0
420.72500007629395	0.045000000000015916	epochs	1.0
420.77000007629397	1.5401399999999512	epochs	0.0
420.77000007629397	0.5	epochs	-1.0
420.77000007629397	0.5	epochs	1.0
421.27000007629397	0.002999999999985903	epochs	1.0
421.27300007629395	1.0371399999999653	epochs	1.0
421.77300007629395	0.5	epochs	-1.0
422.3101400762939	0.06284000000005108	epochs	0.0
422.9029998779297	0.10000000000002274	epochs	0.0
422.9029998779297	0.045000000000015916	epochs	1.0
422.9479998779297	0.009999999999990905	epochs	1.0
422.9579998779297	0.045000000000015916	epochs	1.0
423.0029998779297	1.5401599999999576	epochs	0.0
423.0029998779297	0.5	epochs	-1.0
423.0029998779297	0.5	epochs	1.0
423.5029998779297	0.002999999999985903	epochs	1.0
423.5059998779297	1.0371599999999717	epochs	1.0
424.0059998779297	0.5	epochs	-1.0
424.54315987792967	0.06282000000004473	epochs	0.0
425.17000007629395	0.10000000000002274	epochs	0.0
425.17000007629395	0.045000000000015916	epochs	1.0
425.21500007629396	0.009999999999990905	epochs	1.0
425.22500007629395	0.045000000000015916	epochs	1.0
425.27000007629397	6.3408000000000015	epochs	0.0
425.27000007629397	0.5	epochs	-1.0
425.27000007629397	0.5	epochs	1.0
425.77000007629397	5.8408000000000015	epochs	1.0
430.61022007629396	1.0005800000000136	epochs	-1.0
430.61022007629396	0.03955999999999449	epochs	-1.0
431.10770007629395	0.5	epochs	-1.0
431.61080007629397	13.159179999999992	epochs	0.0
432.3819999694824	0.10000000000002274	epochs	0.0
432.3819999694824	0.045000000000015916	epochs	1.0
432.42699996948244	0.009999999999990905	epochs	1.0
432.43699996948243	0.045000000000015916	epochs	1.0
432.48199996948244	6.279399999999953	epochs	0.0
432.48199996948244	0.5	epochs	-1.0
432.48199996948244	0.5	epochs	1.0
432.98199996948244	5.779399999999953	epochs	1.0
437.7615799694824	0.9998199999999997	epochs	-1.0
437.7615799694824	0.04006000000003951	epochs	-1.0
438.25905996948245	0.5	epochs	-1.0
438.7613999694824	13.22058000000004	epochs	0.0
439.4379997253418	0.10000000000002274	epochs	0.0
439.4379997253418	0.045000000000015916	epochs	1.0
439.4829997253418	0.009999999999990905	epochs	1.0
439.4929997253418	0.045000000000015916	epochs	1.0
439.5379997253418	6.080939999999998	epochs	0.0
439.5379997253418	0.5	epochs	-1.0
439.5379997253418	0.5	epochs	1.0
440.0379997253418	5.580939999999998	epochs	1.0
444.6184797253418	1.0004600000000323	epochs	-1.0
444.6184797253418	0.039800000000013824	epochs	-1.0
445.1159597253418	0.5	epochs	-1.0
445.6189397253418	13.419039999999995	epochs	0.0
468.09999990463257	0.10000000000002274	epochs	0.0
468.09999990463257	0.045000000000015916	epochs	1.0
468.1449999046326	0.009999999999990905	epochs	1.0
468.1549999046326	0.045000000000015916	epochs	1.0
468.1999999046326	2.0	epochs	0.0
470.1999999046326	0.5001599999999939	epochs	0.0
470.1999999046326	0.5001599999999939	epochs	1.0
470.1999999046326	0.5	epochs	-1.0
470.6999999046326	0.00015999999999394277	epochs	-1.0
470.7001599046326	21.49975999999998	epochs	0.0
472.0329999923706	0.10000000000002274	epochs	0.0
472.0329999923706	0.045000000000015916	epochs	1.0
472.0779999923706	0.009999999999990905	epochs	1.0
472.0879999923706	0.045000000000015916	epochs	1.0
472.1329999923706	2.0	epochs	0.0
474.1329999923706	0.5192799999999806	epochs	0.0
474.1329999923706	0.5192799999999806	epochs	1.0
474.1329999923706	0.5	epochs	-1.0
474.6329999923706	0.019279999999980646	epochs	-1.0
474.6522799923706	21.480639999999994	epochs	0.0
475.8829998970032	0.10000000000002274	epochs	0.0
475.8829998970032	0.045000000000015916	epochs	1.0
475.9279998970032	0.009999999999990905	epochs	1.0
475.9379998970032	0.045000000000015916	epochs	1.0
475.9829998970032	2.0	epochs	0.0
477.9829998970032	0.5600799999999708	epochs	0.0
477.9829998970032	0.5600799999999708	epochs	1.0
477.9829998970032	0.5	epochs	-1.0
478.4829998970032	0.06007999999997082	epochs	-1.0
478.54307989700317	21.439840000000004	epochs	0.0
479.74399995803833	0.10000000000002274	epochs	0.0
479.74399995803833	0.045000000000015916	epochs	1.0
479.78899995803835	0.009999999999990905	epochs	1.0
479.79899995803834	0.045000000000015916	epochs	1.0
479.84399995803835	2.0	epochs	0.0
481.84399995803835	5.400239999999997	epochs	0.0
481.84399995803835	1.0	epochs	1.0
481.84399995803835	0.5	epochs	-1.0
482.34399995803835	4.900239999999997	epochs	-1.0
482.84399995803835	4.400239999999997	epochs	1.0
482.84399995803835	4.356753900000001	epochs	-1.0
482.84399995803835	1.9745871999999736	epochs	2.0
482.84399995803835	1.0985622000000035	epochs	3.0
483.94256215803836	0.8760249999999701	epochs	3.0
484.8185871580383	1.3524075000000266	epochs	2.0
484.8185871580383	0.7286354999999958	epochs	3.0
485.5472226580383	0.6237720000000309	epochs	3.0
486.17099465803835	1.0297592000000009	epochs	2.0
486.17099465803835	0.5453292999999917	epochs	3.0
486.71632395803834	0.4844299000000092	epochs	3.0
487.20075385803835	0.04348609999999553	epochs	2.0
487.20075385803835	0.04348609999999553	epochs	3.0
487.24423995803835	16.599679999999978	epochs	0.0
488.0349998474121	0.10000000000002274	epochs	0.0
488.0349998474121	0.045000000000015916	epochs	1.0
488.0799998474121	0.009999999999990905	epochs	1.0
488.0899998474121	0.045000000000015916	epochs	1.0
488.13499984741213	2.0	epochs	0.0
490.13499984741213	21.519439999999975	epochs	0.0
490.13499984741213	1.0	epochs	1.0
490.13499984741213	0.5	epochs	-1.0
490.63499984741213	19.99831999999998	epochs	-1.0
491.13499984741213	20.0	epochs	1.0
491.13499984741213	4.356753900000001	epochs	-1.0
491.13499984741213	1.9745871999999736	epochs	2.0
491.13499984741213	1.0985622000000035	epochs	3.0
492.23356204741214	0.8760249999999701	epochs	3.0
493.1095870474121	1.3524075000000266	epochs	2.0
493.1095870474121	0.7286354999999958	epochs	3.0
493.8382225474121	0.6237720000000309	epochs	3.0
494.46199454741213	1.0297592000000009	epochs	2.0
494.46199454741213	0.5453292999999917	epochs	3.0
495.0073238474121	0.4844299000000092	epochs	3.0
495.49175374741213	0.8317861999999536	epochs	2.0
495.49175374741213	0.43577629999998635	epochs	3.0
495.9275300474121	0.3960098999999673	epochs	3.0
496.3235399474121	0.6977970000000369	epochs	2.0
496.3235399474121	0.3628982000000178	epochs	3.0
496.6864381474121	0.33489880000001904	epochs	3.0
497.0213369474121	0.601045699999986	epochs	2.0
497.0213369474121	0.31091229999998404	epochs	3.0
497.3322492474121	0.290133400000002	epochs	3.0
497.6223826474121	0.5278859000000011	epochs	2.0
497.6223826474121	0.27195860000000494	epochs	3.0
497.8943412474121	0.2559272999999962	epochs	3.0
498.1502685474121	0.47061930000000984	epochs	2.0
498.1502685474121	0.241681299999982	epochs	3.0
498.3919498474121	0.22893800000002784	epochs	3.0
498.6208878474121	0.42457039999999324	epochs	2.0
498.6208878474121	0.21747139999996534	epochs	3.0
498.8383592474121	0.2070990000000279	epochs	3.0
499.0454582474121	0.3867354000000205	epochs	2.0
499.0454582474121	0.19767109999997956	epochs	3.0
499.2431293474121	0.18906430000004093	epochs	3.0
499.43219364741213	0.3550952999999595	epochs	2.0
499.43219364741213	0.18117589999997108	epochs	3.0
499.6133695474121	0.1739193999999884	epochs	3.0
499.7872889474121	0.3282431000000088	epochs	2.0
499.7872889474121	0.16722190000001547	epochs	3.0
499.9545108474121	0.16102119999999331	epochs	3.0
500.1155320474121	0.30516799999998057	epochs	2.0
500.1155320474121	0.15526390000002266	epochs	3.0
500.2707959474121	0.1499040999999579	epochs	3.0
500.4207000474121	0.28512530000000424	epochs	2.0
500.4207000474121	0.14490210000002435	epochs	3.0
500.5656021474121	0.1402231999999799	epochs	3.0
500.7058253474121	0.26755380000003015	epochs	2.0
500.7058253474121	0.13583690000001525	epochs	3.0
500.8416622474121	0.1317169000000149	epochs	3.0
500.9733791474121	0.25202289999998584	epochs	2.0
500.9733791474121	0.1278393000000051	epochs	3.0
501.1012184474121	0.12418359999998074	epochs	3.0
501.2254020474121	0.23819650000001502	epochs	2.0
501.2254020474121	0.12073110000000042	epochs	3.0
501.3461331474121	0.1174654000000146	epochs	3.0
501.4635985474121	0.2258087999999816	epochs	2.0
501.4635985474121	0.11437189999998054	epochs	3.0
501.5779704474121	0.11143690000000106	epochs	3.0
501.6894073474121	0.2146460000000161	epochs	2.0
501.6894073474121	0.1086488999999915	epochs	3.0
501.7980562474121	0.1059971000000246	epochs	3.0
501.9040533474121	0.20453500000002123	epochs	2.0
501.9040533474121	0.10347150000001193	epochs	3.0
502.0075248474121	0.1010635000000093	epochs	3.0
502.10858834741214	0.19533399999994572	epochs	2.0
502.10858834741214	0.09876509999998007	epochs	3.0
502.2073534474121	0.09656889999996565	epochs	3.0
502.3039223474121	0.18692530000004126	epochs	2.0
502.3039223474121	0.09446830000001682	epochs	3.0
502.3983906474121	0.09245700000002444	epochs	3.0
502.4908476474121	0.17921069999999872	epochs	2.0
502.4908476474121	0.09052959999996801	epochs	3.0
502.5813772474121	0.08868110000003071	epochs	3.0
502.6700583474121	0.17210769999996955	epochs	2.0
502.6700583474121	0.08690630000000965	epochs	3.0
502.75696464741213	0.0852013999999599	epochs	3.0
502.8421660474121	0.16554640000003928	epochs	2.0
502.8421660474121	0.08356190000000652	epochs	3.0
502.9257279474121	0.08198450000003277	epochs	3.0
503.00771244741213	0.1594670999999721	epochs	2.0
503.00771244741213	0.08046539999998004	epochs	3.0
503.0881778474121	0.07900169999999207	epochs	3.0
503.1671795474121	0.15381840000003422	epochs	2.0
503.1671795474121	0.07759010000000899	epochs	3.0
503.2447696474121	0.07622830000002523	epochs	3.0
503.32099794741214	0.14855639999996129	epochs	2.0
503.32099794741214	0.07491329999999152	epochs	3.0
503.39591124741213	0.07364309999996976	epochs	3.0
503.4695543474121	0.14364240000003292	epochs	2.0
503.4695543474121	0.07241500000003498	epochs	3.0
503.54196934741213	0.07122739999999794	epochs	3.0
503.61319674741213	0.13904309999998077	epochs	2.0
503.61319674741213	0.07007799999996678	epochs	3.0
503.6832747474121	0.06896510000001399	epochs	3.0
503.7522398474121	0.1347293000000036	epochs	2.0
503.7522398474121	0.0678871000000072	epochs	3.0
503.8201269474121	0.06684219999999641	epochs	3.0
503.8869691474121	0.13067519999998467	epochs	2.0
503.8869691474121	0.06582909999997355	epochs	3.0
503.9527982474121	0.06484610000001112	epochs	3.0
504.0176443474121	0.12685779999998203	epochs	2.0
504.0176443474121	0.06389200000000983	epochs	3.0
504.0815363474121	0.0629657999999722	epochs	3.0
504.1445021474121	0.12325720000001184	epochs	2.0
504.1445021474121	0.06206580000002759	epochs	3.0
504.2065679474121	0.06119139999998424	epochs	3.0
504.2677593474121	0.11985540000000583	epochs	2.0
504.2677593474121	0.06034110000001647	epochs	3.0
504.3281004474121	0.05951429999998936	epochs	3.0
504.3876147474121	0.11663620000001629	epochs	2.0
504.3876147474121	0.05870959999998604	epochs	3.0
504.4463243474121	0.05792660000003025	epochs	3.0
504.5042509474121	0.11358560000002171	epochs	2.0
504.5042509474121	0.05716419999998834	epochs	3.0
504.5614151474121	0.05642140000003337	epochs	3.0
504.61783654741214	0.1106904999999756	epochs	2.0
504.61783654741214	0.0556978999999842	epochs	3.0
504.6735344474121	0.0549925999999914	epochs	3.0
504.7285270474121	0.10793910000001006	epochs	2.0
504.7285270474121	0.0543048999999769	epochs	3.0
504.7828319474121	0.05363420000003316	epochs	3.0
504.8364661474121	0.10532150000000229	epochs	2.0
504.8364661474121	0.05297999999999092	epochs	3.0
504.8894461474121	0.052341500000011365	epochs	3.0
504.9417876474121	0.1028276000000119	epochs	2.0
504.9417876474121	0.05171809999995958	epochs	3.0
504.9935057474121	0.05110950000005232	epochs	3.0
505.04461524741214	0.10044909999999163	epochs	2.0
505.04461524741214	0.05051489999999603	epochs	3.0
505.09513014741214	0.0499341999999956	epochs	3.0
505.14506434741213	0.0981782999999723	epochs	2.0
505.14506434741213	0.04936659999998483	epochs	3.0
505.1944309474121	0.04881169999998747	epochs	3.0
505.2432426474121	0.09600779999999531	epochs	2.0
505.2432426474121	0.04826919999999291	epochs	3.0
505.2915118474121	0.04773860000000241	epochs	3.0
505.3392504474121	0.09393119999998589	epochs	2.0
505.3392504474121	0.047219500000039716	epochs	3.0
505.38646994741214	0.04671169999994618	epochs	3.0
505.4331816474121	0.09194260000003851	epochs	2.0
505.4331816474121	0.04621460000004163	epochs	3.0
505.4793962474121	0.04572799999999688	epochs	3.0
505.5251242474121	0.0900363000000084	epochs	2.0
505.5251242474121	0.04525150000000622	epochs	3.0
505.57037574741213	0.04478480000000218	epochs	3.0
505.61516054741213	0.08820759999997563	epochs	2.0
505.61516054741213	0.04432779999996228	epochs	3.0
505.6594883474121	0.04387980000001335	epochs	3.0
505.7033681474121	0.0864516999999978	epochs	2.0
505.7033681474121	0.04344100000002982	epochs	3.0
505.74680914741214	0.04301069999996798	epochs	3.0
505.7898198474121	0.08476430000001756	epochs	2.0
505.7898198474121	0.04258900000002086	epochs	3.0
505.8324088474121	0.042175299999996696	epochs	3.0
505.8745841474121	0.08314150000001064	epochs	2.0
505.8745841474121	0.04176969999997482	epochs	3.0
505.9163538474121	0.04137180000003582	epochs	3.0
505.95772564741213	0.0815796999999634	epochs	2.0
505.95772564741213	0.040981399999964196	epochs	3.0
505.9987070474121	0.0405982999999992	epochs	3.0
506.0393053474121	0.08007550000002084	epochs	2.0
506.0393053474121	0.04022230000003901	epochs	3.0
506.07952764741214	0.039853199999981825	epochs	3.0
506.1193808474121	0.07862569999997504	epochs	2.0
506.1193808474121	0.03949080000001004	epochs	3.0
506.1588716474121	0.039134899999965	epochs	3.0
506.1980065474121	0.07722760000001472	epochs	2.0
506.1980065474121	0.03878539999999475	epochs	3.0
506.2367919474121	0.038442200000019966	epochs	3.0
506.2752341474121	0.07587819999997691	epochs	2.0
506.2752341474121	0.03810479999998506	epochs	3.0
506.3133389474121	0.03777339999999185	epochs	3.0
506.3511123474121	0.0745752000000266	epochs	2.0
506.3511123474121	0.03744770000002973	epochs	3.0
506.3885600474121	0.03712749999999687	epochs	3.0
506.4256875474121	0.07331629999998768	epochs	2.0
506.4256875474121	0.036812899999972615	epochs	3.0
506.4625004474121	0.03650340000001506	epochs	3.0
506.4990038474121	0.072099000000037	epochs	2.0
506.4990038474121	0.03619910000003301	epochs	3.0
506.53520294741213	0.03589990000000398	epochs	3.0
506.57110284741213	0.07092169999998532	epochs	2.0
506.57110284741213	0.035605599999996684	epochs	3.0
506.60670844741213	0.03531609999998864	epochs	3.0
506.6420245474121	0.06978199999997514	epochs	2.0
506.6420245474121	0.03503119999999171	epochs	3.0
506.6770557474121	0.03475079999998343	epochs	3.0
506.7118065474121	0.06867859999999837	epochs	2.0
506.7118065474121	0.03447510000000875	epochs	3.0
506.7462816474121	0.03420349999998962	epochs	3.0
506.7804851474121	0.06760930000001508	epochs	2.0
506.7804851474121	0.03393620000002784	epochs	3.0
506.8144213474121	0.033673099999987244	epochs	3.0
506.8480944474121	0.06657289999998284	epochs	2.0
506.8480944474121	0.03341399999999339	epochs	3.0
506.8815084474121	0.033158899999989444	epochs	3.0
506.9146673474121	0.06556779999999662	epochs	2.0
506.9146673474121	0.032907700000009754	epochs	3.0
506.9475750474121	0.03266009999998687	epochs	3.0
506.9802351474121	0.06459260000002587	epochs	2.0
506.9802351474121	0.03241640000004509	epochs	3.0
507.01265154741213	0.03217619999998078	epochs	3.0
507.0448277474121	0.06364600000000564	epochs	2.0
507.0448277474121	0.03193959999998697	epochs	3.0
507.0767673474121	0.031706400000018675	epochs	3.0
507.1084737474121	0.0627266999999847	epochs	2.0
507.1084737474121	0.03147659999996222	epochs	3.0
507.1399503474121	0.031250100000022485	epochs	3.0
507.1712004474121	0.06183359999999993	epochs	2.0
507.1712004474121	0.031026900000028945	epochs	3.0
507.20222734741213	0.030806699999970988	epochs	3.0
507.2330340474121	0.06096560000003137	epochs	2.0
507.2330340474121	0.030589800000029754	epochs	3.0
507.26362384741213	0.030375800000001618	epochs	3.0
507.29399964741214	0.060121599999945374	epochs	2.0
507.29399964741214	0.030164899999988393	epochs	3.0
507.3241645474121	0.02995669999995698	epochs	3.0
507.3541212474121	0.059300700000051165	epochs	2.0
507.3541212474121	0.029751600000054168	epochs	3.0
507.38387284741214	0.029549099999996997	epochs	3.0
507.41342194741213	0.058501799999987725	epochs	2.0
507.41342194741213	0.02934940000000097	epochs	3.0
507.44277134741213	0.029152399999986756	epochs	3.0
507.4719237474121	0.05772419999999556	epochs	2.0
507.4719237474121	0.028957999999988715	epochs	3.0
507.5008817474121	0.028766200000006847	epochs	3.0
507.5296479474121	0.056967100000008486	epochs	2.0
507.5296479474121	0.02857699999998431	epochs	3.0
507.5582249474121	0.028390100000024177	epochs	3.0
507.5866150474121	0.05622949999997218	epochs	2.0
507.5866150474121	0.02820570000000089	epochs	3.0
507.6148207474121	0.02802379999997129	epochs	3.0
507.6428445474121	0.05551070000001346	epochs	2.0
507.6428445474121	0.027844000000015967	epochs	3.0
507.6706885474121	0.02766669999999749	epochs	3.0
507.6983552474121	0.054810200000019904	epochs	2.0
507.6983552474121	0.02749149999999645	epochs	3.0
507.7258467474121	0.027318700000023455	epochs	3.0
507.75316544741213	0.05412699999999404	epochs	2.0
507.75316544741213	0.027147799999966082	epochs	3.0
507.7803132474121	0.02697920000002796	epochs	3.0
507.8072924474121	0.053460699999959616	epochs	2.0
507.8072924474121	0.0268125999999711	epochs	3.0
507.8341050474121	0.026648099999988517	epochs	3.0
507.8607531474121	0.05281070000000909	epochs	2.0
507.8607531474121	0.026485600000000886	epochs	3.0
507.8872387474121	0.026325100000008206	epochs	3.0
507.9135638474121	0.052176200000019435	epochs	2.0
507.9135638474121	0.02616640000002235	epochs	3.0
507.9397302474121	0.026009799999997085	epochs	3.0
507.9657400474121	0.051556699999991906	epochs	2.0
507.9657400474121	0.02585479999999052	epochs	3.0
507.9915948474121	0.025701900000001388	epochs	3.0
508.0172967474121	0.05095190000002958	epochs	2.0
508.0172967474121	0.025550699999996596	epochs	3.0
508.0428474474121	0.025401200000032986	epochs	3.0
508.06824864741213	0.05036099999995258	epochs	2.0
508.06824864741213	0.025253499999962514	epochs	3.0
508.0935021474121	0.02510749999999007	epochs	3.0
508.1186096474121	0.049783800000000156	epochs	2.0
508.1186096474121	0.02496320000000196	epochs	3.0
508.1435728474121	0.024820599999998194	epochs	3.0
508.1683934474121	0.049219500000049266	epochs	2.0
508.1683934474121	0.024679400000024998	epochs	3.0
508.1930728474121	0.024540100000024268	epochs	3.0
508.21761294741214	0.0486678999999981	epochs	2.0
508.21761294741214	0.02440209999997478	epochs	3.0
508.2420150474121	0.02426580000002332	epochs	3.0
508.26628084741213	0.04812859999998409	epochs	2.0
508.26628084741213	0.024130999999954383	epochs	3.0
508.2904118474121	0.023997600000029706	epochs	3.0
508.3144094474121	0.0476011000000085	epochs	2.0
508.3144094474121	0.02386580000001004	epochs	3.0
508.3382752474121	0.02373529999999846	epochs	3.0
508.3620105474121	0.04708499999998139	epochs	2.0
508.3620105474121	0.023606299999983094	epochs	3.0
508.3856168474121	0.023478699999998298	epochs	3.0
508.4090955474121	0.04658000000000584	epochs	2.0
508.4090955474121	0.02335249999998723	epochs	3.0
508.4324480474121	0.023227500000018608	epochs	3.0
508.4556755474121	0.0460856999999919	epochs	2.0
508.4556755474121	0.023103999999989355	epochs	3.0
508.4787795474121	0.022981700000002547	epochs	3.0
508.5017612474121	0.045601799999985815	epochs	2.0
508.5017612474121	0.022860700000023826	epochs	3.0
508.52462194741213	0.02274109999996199	epochs	3.0
508.5473630474121	0.04512790000001132	epochs	2.0
508.5473630474121	0.022622500000011314	epochs	3.0
508.5699855474121	0.02250540000000001	epochs	3.0
508.5924909474121	0.04466380000002346	epochs	2.0
508.5924909474121	0.02238929999998618	epochs	3.0
508.6148802474121	0.02227450000003728	epochs	3.0
508.6371547474121	0.044209200000011606	epochs	2.0
508.6371547474121	0.02216079999999465	epochs	3.0
508.6593155474121	0.022048400000016954	epochs	3.0
508.68136394741214	0.04376359999997703	epochs	2.0
508.68136394741214	0.021936899999957404	epochs	3.0
508.7033008474121	0.021826700000019628	epochs	3.0
508.7251275474121	0.043327099999999064	epochs	2.0
508.7251275474121	0.021717599999988124	epochs	3.0
508.7468451474121	0.02160950000001094	epochs	3.0
508.7684546474121	0.04289899999997715	epochs	2.0
508.7684546474121	0.02150249999999687	epochs	3.0
508.7899571474121	0.02139649999998028	epochs	3.0
508.8113536474121	0.042479500000013104	epochs	2.0
508.8113536474121	0.02129170000000613	epochs	3.0
508.8326453474121	0.021187800000006973	epochs	3.0
508.8538331474121	0.042067900000006375	epochs	2.0
508.8538331474121	0.02108490000000529	epochs	3.0
508.8749180474121	0.020983000000001084	epochs	3.0
508.8959010474121	0.04166440000000193	epochs	2.0
508.8959010474121	0.020882200000016837	epochs	3.0
508.9167832474121	0.020782199999985096	epochs	3.0
508.9375654474121	0.04126850000000104	epochs	2.0
508.9375654474121	0.020683299999973315	epochs	3.0
508.9582487474121	0.020585200000027726	epochs	3.0
508.9788339474121	0.04088000000001557	epochs	2.0
508.9788339474121	0.02048810000002277	epochs	3.0
508.99932204741214	0.020391899999992802	epochs	3.0
509.01971394741213	0.040498799999966195	epochs	2.0
509.01971394741213	0.02029659999999467	epochs	3.0
509.0400105474121	0.020202199999971526	epochs	3.0
509.0602127474121	0.04012460000001283	epochs	2.0
509.0602127474121	0.02010870000003706	epochs	3.0
509.08032144741213	0.020015899999975773	epochs	3.0
509.1003373474121	0.03975730000001931	epochs	2.0
509.1003373474121	0.019924199999991288	epochs	3.0
509.1202615474121	0.019833100000028026	epochs	3.0
509.1400946474121	0.03939669999999751	epochs	2.0
509.1400946474121	0.019743000000005395	epochs	3.0
509.15983764741213	0.019653699999992114	epochs	3.0
509.1794913474121	0.03904239999997117	epochs	2.0
509.1794913474121	0.019565099999965696	epochs	3.0
509.1990564474121	0.01947730000000547	epochs	3.0
509.2185337474121	0.0386946000000421	epochs	2.0
509.2185337474121	0.019390400000020236	epochs	3.0
509.2379241474121	0.019304200000021865	epochs	3.0
509.25722834741214	0.03835289999994984	epochs	2.0
509.25722834741214	0.019218799999976	epochs	3.0
509.2764471474121	0.01913409999997384	epochs	3.0
509.2955812474121	0.03801720000001296	epochs	2.0
509.2955812474121	0.019050200000037876	epochs	3.0
509.3146314474121	0.018966999999975087	epochs	3.0
509.3335984474121	0.03768719999999348	epochs	2.0
509.3335984474121	0.01888450000001285	epochs	3.0
509.3524829474121	0.018802699999980632	epochs	3.0
509.3712856474121	0.03736309999999321	epochs	2.0
509.3712856474121	0.018721700000014607	epochs	3.0
509.3900073474121	0.018641399999978603	epochs	3.0
509.4086487474121	0.03704430000004777	epochs	2.0
509.4086487474121	0.01856159999999818	epochs	3.0
509.4272103474121	0.01848270000004959	epochs	3.0
509.44569304741214	0.036730999999974756	epochs	2.0
509.44569304741214	0.01840429999998605	epochs	3.0
509.4640973474121	0.018326699999988705	epochs	3.0
509.4824240474121	0.03642289999999093	epochs	2.0
509.4824240474121	0.018249599999990096	epochs	3.0
509.5006736474121	0.018173300000000836	epochs	3.0
509.5188469474121	0.036120100000005095	epochs	2.0
509.5188469474121	0.0180976000000328	epochs	3.0
509.53694454741213	0.018022499999972297	epochs	3.0
509.5549670474121	0.03582210000001851	epochs	2.0
509.5549670474121	0.01794790000002422	epochs	3.0
509.57291494741213	0.01787419999999429	epochs	3.0
509.5907891474121	0.03552899999999681	epochs	2.0
509.5907891474121	0.01780079999997497	epochs	3.0
509.6085899474121	0.017728200000021843	epochs	3.0
509.6263181474121	0.03524069999997437	epochs	2.0
509.6263181474121	0.01765610000001061	epochs	3.0
509.64397424741213	0.017584599999963757	epochs	3.0
509.6615588474121	0.03495709999998553	epochs	2.0
509.6615588474121	0.01751369999999497	epochs	3.0
509.6790725474121	0.01744339999999056	epochs	3.0
509.6965159474121	0.03467790000001969	epochs	2.0
509.6965159474121	0.017373600000041733	epochs	3.0
509.7138895474121	0.017304299999977957	epochs	3.0
509.7311938474121	0.03440330000000813	epochs	2.0
509.7311938474121	0.01723570000001473	epochs	3.0
509.7484295474121	0.0171675999999934	epochs	3.0
509.7655971474121	0.034132800000008956	epochs	2.0
509.7655971474121	0.017099900000005164	epochs	3.0
509.7826970474121	0.017032900000003792	epochs	3.0
509.7997299474121	0.033866699999975935	epochs	2.0
509.7997299474121	0.01696640000000116	epochs	3.0
509.8166963474121	0.016900299999974777	epochs	3.0
509.8335966474121	0.03360459999998966	epochs	2.0
509.8335966474121	0.016834800000026462	epochs	3.0
509.8504314474121	0.016769799999963197	epochs	3.0
509.8672012474121	0.03334660000001577	epochs	2.0
509.8672012474121	0.016705300000012357	epochs	3.0
509.8839065474121	0.01664130000000341	epochs	3.0
509.9005478474121	0.033092500000009295	epochs	2.0
509.9005478474121	0.016577799999993204	epochs	3.0
509.9171256474121	0.01651470000001609	epochs	3.0
509.9336403474121	0.03284230000002708	epochs	2.0
509.9336403474121	0.01645220000000336	epochs	3.0
509.9500925474121	0.016390100000023722	epochs	3.0
509.96648264741214	0.03259570000000167	epochs	2.0
509.96648264741214	0.016328399999963494	epochs	3.0
509.9828110474121	0.016267300000038176	epochs	3.0
509.99907834741214	0.032352899999978035	epochs	2.0
509.99907834741214	0.016206599999975424	epochs	3.0
510.0152849474121	0.01614630000000261	epochs	3.0
510.0314312474121	0.03211369999996805	epochs	2.0
510.0314312474121	0.016086599999994178	epochs	3.0
510.0475178474121	0.01602709999997387	epochs	3.0
510.0635449474121	0.03187800000000607	epochs	2.0
510.0635449474121	0.01596820000003163	epochs	3.0
510.0795131474121	0.01590979999997444	epochs	3.0
510.0954229474121	0.031645700000012766	epochs	2.0
510.0954229474121	0.01585160000001906	epochs	3.0
510.1112745474121	0.015794099999993705	epochs	3.0
510.1270686474121	0.0314167000000225	epochs	2.0
510.1270686474121	0.015736699999990833	epochs	3.0
510.1428053474121	0.01568000000003167	epochs	3.0
510.1584853474121	0.031191100000000915	epochs	2.0
510.1584853474121	0.015623599999969429	epochs	3.0
510.1741089474121	0.015567500000031487	epochs	3.0
510.1896764474121	0.03096869999995988	epochs	2.0
510.1896764474121	0.01551200000000108	epochs	3.0
510.2051884474121	0.0154566999999588	epochs	3.0
510.2206451474121	0.030749500000013086	epochs	2.0
510.2206451474121	0.01540200000005143	epochs	3.0
510.23604714741214	0.015347499999961656	epochs	3.0
510.2513946474121	0.03053320000003623	epochs	2.0
510.2513946474121	0.015293400000018664	epochs	3.0
510.2666880474121	0.015239800000017567	epochs	3.0
510.28192784741213	0.030320099999983086	epochs	2.0
510.28192784741213	0.015186499999970238	epochs	3.0
510.2971143474121	0.015133600000012848	epochs	3.0
510.3122479474121	0.030109900000013567	epochs	2.0
510.3122479474121	0.015081000000009226	epochs	3.0
510.3273289474121	0.015028900000004342	epochs	3.0
510.34235784741213	0.029902499999991505	epochs	2.0
510.34235784741213	0.014976999999987584	epochs	3.0
510.3573348474121	0.014925500000003922	epochs	3.0
510.3722603474121	0.02969809999996187	epochs	2.0
510.3722603474121	0.014874399999996513	epochs	3.0
510.3871347474121	0.014823699999965356	epochs	3.0
510.4019584474121	0.02949630000000525	epochs	2.0
510.4019584474121	0.014773200000036013	epochs	3.0
510.4167316474121	0.014723099999969236	epochs	3.0
510.4314547474121	0.02929740000001857	epochs	2.0
510.4314547474121	0.014673399999992398	epochs	3.0
510.4461281474121	0.014624000000026172	epochs	3.0
510.4607521474121	0.02910109999999122	epochs	2.0
510.4607521474121	0.014574900000013713	epochs	3.0
510.4753270474121	0.014526199999977507	epochs	3.0
510.4898532474121	0.028907400000036887	epochs	2.0
510.4898532474121	0.014477699999986271	epochs	3.0
510.5043309474121	0.014429700000050616	epochs	3.0
510.51876064741214	0.028716199999962555	epochs	2.0
510.51876064741214	0.014381799999966915	epochs	3.0
510.5331424474121	0.01433439999999564	epochs	3.0
510.5474768474121	0.028527600000018083	epochs	2.0
510.5474768474121	0.01428720000001249	epochs	3.0
510.5617640474121	0.014240400000005593	epochs	3.0
510.5760044474121	0.02834139999998797	epochs	2.0
510.5760044474121	0.014193799999986823	epochs	3.0
510.5901982474121	0.014147600000001148	epochs	3.0
510.6043458474121	0.02815770000000839	epochs	2.0
510.6043458474121	0.014101700000026085	epochs	3.0
510.61844754741213	0.014055999999982305	epochs	3.0
510.6325035474121	0.027976299999977527	epochs	2.0
510.6325035474121	0.01401060000000598	epochs	3.0
510.6465141474121	0.013965699999971548	epochs	3.0
510.6604798474121	0.02779720000000907	epochs	2.0
510.6604798474121	0.01392079999999396	epochs	3.0
510.6744006474121	0.01387640000001511	epochs	3.0
510.6882770474121	0.02762039999998933	epochs	2.0
510.6882770474121	0.013832200000024386	epochs	3.0
510.7021092474121	0.013788199999964945	epochs	3.0
510.7158974474121	0.027445900000031997	epochs	2.0
510.7158974474121	0.013744599999995444	epochs	3.0
510.7296420474121	0.013701300000036554	epochs	3.0
510.7433433474121	0.027273499999978412	epochs	2.0
510.7433433474121	0.013658200000008947	epochs	3.0
510.75700154741213	0.013615299999969466	epochs	3.0
510.7706168474121	0.027103399999987232	epochs	2.0
510.7706168474121	0.013572800000019924	epochs	3.0
510.7841896474121	0.013530599999967308	epochs	3.0
510.7977202474121	0.02693520000002536	epochs	2.0
510.7977202474121	0.013488400000028378	epochs	3.0
510.8112086474121	0.013446799999996983	epochs	3.0
510.8246554474121	0.026769199999989723	epochs	2.0
510.8246554474121	0.013405200000022433	epochs	3.0
510.83806064741214	0.013363999999967291	epochs	3.0
510.8514246474121	0.02660520000000588	epochs	2.0
510.8514246474121	0.013322899999991478	epochs	3.0
510.8647475474121	0.013282300000014402	epochs	3.0
510.8780298474121	0.026443200000016986	epochs	2.0
510.8780298474121	0.013241699999980483	epochs	3.0
510.8912715474121	0.013201500000036503	epochs	3.0
510.9044730474121	0.0262831999999662	epochs	2.0
510.9044730474121	0.013161499999966964	epochs	3.0
510.9176345474121	0.013121699999999237	epochs	3.0
510.9307562474121	0.026125000000035925	epochs	2.0
510.9307562474121	0.013082100000019636	epochs	3.0
510.9438383474121	0.013042900000016289	epochs	3.0
510.9568812474121	0.0259689000000094	epochs	2.0
510.9568812474121	0.013003900000001067	epochs	3.0
510.9698851474121	0.012965000000008331	epochs	3.0
510.98285014741214	0.02581449999996721	epochs	2.0
510.98285014741214	0.012926399999969362	epochs	3.0
510.9957765474121	0.012888099999997848	epochs	3.0
511.0086646474121	0.02566189999998869	epochs	2.0
511.0086646474121	0.012849899999991976	epochs	3.0
511.0215145474121	0.012811999999996715	epochs	3.0
511.0343265474121	0.02551120000003948	epochs	2.0
511.0343265474121	0.012774400000012065	epochs	3.0
511.0471009474121	0.012736800000027415	epochs	3.0
511.05983774741213	0.025362299999983406	epochs	2.0
511.05983774741213	0.01269969999998466	epochs	3.0
511.0725374474121	0.012662599999998747	epochs	3.0
511.0852000474121	0.025215000000002874	epochs	2.0
511.0852000474121	0.012625799999966603	epochs	3.0
511.0978258474121	0.012589200000036271	epochs	3.0
511.1104150474121	0.02458480000001373	epochs	2.0
511.1333198474121	0.5	epochs	-1.0
511.13499984741213	0.5194399999999746	epochs	1.0
511.6544398474121	0.48048	epochs	0.0
512.58899974823	0.10000000000002274	epochs	0.0
512.58899974823	0.04499999999995907	epochs	1.0
512.6339997482299	0.009999999999990905	epochs	1.0
512.6439997482299	0.04500000000007276	epochs	1.0
512.68899974823	2.0	epochs	0.0
514.68899974823	21.999919999999975	epochs	0.0
514.68899974823	1.0	epochs	1.0
514.68899974823	0.5	epochs	-1.0
515.18899974823	19.998320000000035	epochs	-1.0
515.68899974823	20.0	epochs	1.0
515.68899974823	4.356753899999944	epochs	-1.0
515.68899974823	1.9745871999999736	epochs	2.0
515.68899974823	1.0985621999999466	epochs	3.0
516.78756194823	0.8760250000000269	epochs	3.0
517.66358694823	1.3524075000000266	epochs	2.0
517.66358694823	0.7286354999999958	epochs	3.0
518.39222244823	0.6237720000000309	epochs	3.0
519.01599444823	1.029759199999944	epochs	2.0
519.01599444823	0.5453292999999348	epochs	3.0
519.5613237482299	0.4844299000000092	epochs	3.0
520.04575364823	0.8317862000000105	epochs	2.0
520.04575364823	0.4357763000000432	epochs	3.0
520.48152994823	0.3960098999999673	epochs	3.0
520.87753984823	0.6977970000000369	epochs	2.0
520.87753984823	0.3628982000000178	epochs	3.0
521.24043804823	0.33489880000001904	epochs	3.0
521.57533684823	0.601045699999986	epochs	2.0
521.57533684823	0.3109123000000409	epochs	3.0
521.88624914823	0.29013339999994514	epochs	3.0
522.17638254823	0.5278859000000011	epochs	2.0
522.17638254823	0.2719585999999481	epochs	3.0
522.4483411482299	0.25592730000005304	epochs	3.0
522.70426844823	0.470619299999953	epochs	2.0
522.70426844823	0.241681299999982	epochs	3.0
522.94594974823	0.228937999999971	epochs	3.0
523.1748877482299	0.42457039999999324	epochs	2.0
523.1748877482299	0.21747140000002219	epochs	3.0
523.39235914823	0.20709899999997106	epochs	3.0
523.5994581482299	0.3867354000000205	epochs	2.0
523.5994581482299	0.19767110000009325	epochs	3.0
523.79712924823	0.18906429999992724	epochs	3.0
523.98619354823	0.3550953000000163	epochs	2.0
523.98619354823	0.18117590000008477	epochs	3.0
524.16736944823	0.17391939999993156	epochs	3.0
524.34128884823	0.3282431000000088	epochs	2.0
524.34128884823	0.1672219000000723	epochs	3.0
524.50851074823	0.16102119999993647	epochs	3.0
524.66953194823	0.30516799999998057	epochs	2.0
524.66953194823	0.15526390000002266	epochs	3.0
524.82479584823	0.1499040999999579	epochs	3.0
524.97469994823	0.28512530000000424	epochs	2.0
524.97469994823	0.1449021000000812	epochs	3.0
525.11960204823	0.14022319999992305	epochs	3.0
525.25982524823	0.2675537999999733	epochs	2.0
525.25982524823	0.1358369000000721	epochs	3.0
525.39566214823	0.13171689999990122	epochs	3.0
525.5273790482299	0.2520229000000427	epochs	2.0
525.5273790482299	0.1278393000000051	epochs	3.0
525.6552183482299	0.12418360000003759	epochs	3.0
525.77940194823	0.23819649999995818	epochs	2.0
525.77940194823	0.12073110000005727	epochs	3.0
525.90013304823	0.11746539999990091	epochs	3.0
526.0175984482299	0.2258088000000953	epochs	2.0
526.0175984482299	0.11437190000003739	epochs	3.0
526.13197034823	0.1114369000000579	epochs	3.0
526.24340724823	0.21464599999990241	epochs	2.0
526.24340724823	0.10864889999993466	epochs	3.0
526.35205614823	0.10599709999996776	epochs	3.0
526.4580532482299	0.20453500000007807	epochs	2.0
526.4580532482299	0.10347150000006877	epochs	3.0
526.56152474823	0.1010635000000093	epochs	3.0
526.66258824823	0.19533400000000256	epochs	2.0
526.66258824823	0.09876509999992322	epochs	3.0
526.7613533482299	0.09656890000007934	epochs	3.0
526.85792224823	0.18692529999998442	epochs	2.0
526.85792224823	0.09446830000001682	epochs	3.0
526.95239054823	0.09245699999996759	epochs	3.0
527.04484754823	0.17921069999999872	epochs	2.0
527.04484754823	0.09052959999996801	epochs	3.0
527.13537714823	0.08868110000003071	epochs	3.0
527.22405824823	0.17210769999996955	epochs	2.0
527.22405824823	0.08690630000000965	epochs	3.0
527.31096454823	0.0852013999999599	epochs	3.0
527.39616594823	0.16554640000003928	epochs	2.0
527.39616594823	0.08356190000006336	epochs	3.0
527.47972784823	0.08198449999997592	epochs	3.0
527.56171234823	0.15946710000002895	epochs	2.0
527.56171234823	0.08046539999998004	epochs	3.0
527.64217774823	0.07900170000004891	epochs	3.0
527.72117944823	0.15381839999997737	epochs	2.0
527.72117944823	0.07759009999995214	epochs	3.0
527.79876954823	0.07622830000002523	epochs	3.0
527.87499784823	0.14855639999996129	epochs	2.0
527.87499784823	0.07491329999993468	epochs	3.0
527.94991114823	0.0736431000000266	epochs	3.0
528.02355424823	0.14364239999997608	epochs	2.0
528.02355424823	0.07241499999997814	epochs	3.0
528.09596924823	0.07122739999999794	epochs	3.0
528.16719664823	0.13904309999998077	epochs	2.0
528.16719664823	0.07007800000008046	epochs	3.0
528.23727464823	0.0689650999999003	epochs	3.0
528.3062397482299	0.1347293000000036	epochs	2.0
528.3062397482299	0.0678871000000072	epochs	3.0
528.3741268482299	0.06684219999999641	epochs	3.0
528.4409690482299	0.1306752000000415	epochs	2.0
528.4409690482299	0.06582910000008724	epochs	3.0
528.50679814823	0.06484609999995428	epochs	3.0
528.57164424823	0.12685780000003888	epochs	2.0
528.57164424823	0.06389200000000983	epochs	3.0
528.63553624823	0.06296580000002905	epochs	3.0
528.69850204823	0.12325720000001184	epochs	2.0
528.69850204823	0.062065799999913907	epochs	3.0
528.7605678482299	0.06119140000009793	epochs	3.0
528.82175924823	0.11985540000000583	epochs	2.0
528.82175924823	0.060341099999959624	epochs	3.0
528.88210034823	0.059514300000046205	epochs	3.0
528.94161464823	0.1166361999999026	epochs	2.0
528.94161464823	0.058709599999929196	epochs	3.0
529.00032424823	0.057926599999973405	epochs	3.0
529.0582508482299	0.11358560000007856	epochs	2.0
529.0582508482299	0.05716420000010203	epochs	3.0
529.11541504823	0.05642139999997653	epochs	3.0
529.17183644823	0.11069049999991876	epochs	2.0
529.17183644823	0.05569789999992736	epochs	3.0
529.2275343482299	0.0549925999999914	epochs	3.0
529.2825269482299	0.1079391000000669	epochs	2.0
529.2825269482299	0.05430490000003374	epochs	3.0
529.33683184823	0.05363420000003316	epochs	3.0
529.39046604823	0.10532149999994544	epochs	2.0
529.39046604823	0.05297999999993408	epochs	3.0
529.4434460482299	0.052341500000011365	epochs	3.0
529.4957875482299	0.10282760000006874	epochs	2.0
529.4957875482299	0.05171810000001642	epochs	3.0
529.54750564823	0.05110950000005232	epochs	3.0
529.59861514823	0.10044909999999163	epochs	2.0
529.59861514823	0.05051489999993919	epochs	3.0
529.64913004823	0.04993420000005244	epochs	3.0
529.69906424823	0.0981782999999723	epochs	2.0
529.69906424823	0.04936659999998483	epochs	3.0
529.74843084823	0.04881169999998747	epochs	3.0
529.79724254823	0.09600780000005216	epochs	2.0
529.79724254823	0.04826920000004975	epochs	3.0
529.84551174823	0.04773860000000241	epochs	3.0
529.89325034823	0.09393119999992905	epochs	2.0
529.89325034823	0.04721949999998287	epochs	3.0
529.94046984823	0.04671169999994618	epochs	3.0
529.98718154823	0.09194260000003851	epochs	2.0
529.98718154823	0.046214599999984785	epochs	3.0
530.0333961482299	0.045728000000053726	epochs	3.0
530.07912414823	0.09003629999995155	epochs	2.0
530.07912414823	0.045251499999949374	epochs	3.0
530.12437564823	0.04478480000000218	epochs	3.0
530.16916044823	0.08820760000003247	epochs	2.0
530.16916044823	0.044327800000019124	epochs	3.0
530.21348824823	0.04387980000001335	epochs	3.0
530.25736804823	0.0864516999999978	epochs	2.0
530.25736804823	0.04344100000002982	epochs	3.0
530.30080904823	0.04301069999996798	epochs	3.0
530.34381974823	0.08476429999996071	epochs	2.0
530.34381974823	0.04258900000002086	epochs	3.0
530.38640874823	0.04217529999993985	epochs	3.0
530.4285840482299	0.08314150000001064	epochs	2.0
530.4285840482299	0.04176970000003166	epochs	3.0
530.47035374823	0.041371799999978975	epochs	3.0
530.51172554823	0.08157970000002024	epochs	2.0
530.51172554823	0.04098140000007788	epochs	3.0
530.55270694823	0.040598299999942355	epochs	3.0
530.59330524823	0.08007550000002084	epochs	2.0
530.59330524823	0.04022229999998217	epochs	3.0
530.63352754823	0.03985320000003867	epochs	3.0
530.67338074823	0.07862569999997504	epochs	2.0
530.67338074823	0.0394907999999532	epochs	3.0
530.7128715482299	0.039134900000021844	epochs	3.0
530.75200644823	0.07722760000001472	epochs	2.0
530.75200644823	0.038785400000051595	epochs	3.0
530.79079184823	0.03844219999996312	epochs	3.0
530.82923404823	0.07587820000003376	epochs	2.0
530.82923404823	0.038104800000041905	epochs	3.0
530.86733884823	0.03777339999999185	epochs	3.0
530.90511224823	0.07457519999991291	epochs	2.0
530.90511224823	0.03744769999991604	epochs	3.0
530.9425599482299	0.03712749999999687	epochs	3.0
530.9796874482299	0.07331630000010136	epochs	2.0
530.9796874482299	0.0368129000000863	epochs	3.0
531.01650034823	0.03650340000001506	epochs	3.0
531.05300374823	0.07209899999998015	epochs	2.0
531.05300374823	0.03619909999997617	epochs	3.0
531.08920284823	0.03589990000000398	epochs	3.0
531.12510274823	0.07092169999998532	epochs	2.0
531.12510274823	0.03560559999993984	epochs	3.0
531.16070834823	0.03531610000004548	epochs	3.0
531.19602444823	0.06978200000003199	epochs	2.0
531.19602444823	0.03503119999993487	epochs	3.0
531.2310556482299	0.034750800000097115	epochs	3.0
531.26580644823	0.06867859999999837	epochs	2.0
531.26580644823	0.03447510000000875	epochs	3.0
531.30028154823	0.03420349999998962	epochs	3.0
531.33448504823	0.06760929999995824	epochs	2.0
531.33448504823	0.033936199999970995	epochs	3.0
531.36842124823	0.033673099999987244	epochs	3.0
531.40209434823	0.06657289999998284	epochs	2.0
531.40209434823	0.03341399999999339	epochs	3.0
531.43550834823	0.033158899999989444	epochs	3.0
531.46866724823	0.06556780000005347	epochs	2.0
531.46866724823	0.032907700000009754	epochs	3.0
531.50157494823	0.03266010000004371	epochs	3.0
531.53423504823	0.06459259999996902	epochs	2.0
531.53423504823	0.032416399999988244	epochs	3.0
531.56665144823	0.03217619999998078	epochs	3.0
531.59882764823	0.0636459999999488	epochs	2.0
531.59882764823	0.03193959999998697	epochs	3.0
531.63076724823	0.03170639999996183	epochs	3.0
531.6624736482299	0.06272670000009839	epochs	2.0
531.6624736482299	0.03147660000001906	epochs	3.0
531.69395024823	0.03125010000007933	epochs	3.0
531.72520034823	0.06183359999999993	epochs	2.0
531.72520034823	0.03102689999991526	epochs	3.0
531.75622724823	0.030806700000084675	epochs	3.0
531.78703394823	0.060965599999917686	epochs	2.0
531.78703394823	0.030589799999916067	epochs	3.0
531.81762374823	0.030375800000001618	epochs	3.0
531.84799954823	0.06012160000000222	epochs	2.0
531.84799954823	0.030164900000045236	epochs	3.0
531.87816444823	0.02995669999995698	epochs	3.0
531.90812114823	0.05930069999999432	epochs	2.0
531.90812114823	0.029751600000054168	epochs	3.0
531.93787274823	0.029549099999940154	epochs	3.0
531.96742184823	0.05850180000004457	epochs	2.0
531.96742184823	0.02934940000000097	epochs	3.0
531.99677124823	0.0291524000000436	epochs	3.0
532.02592364823	0.05772419999993872	epochs	2.0
532.02592364823	0.028957999999988715	epochs	3.0
532.05488164823	0.028766199999950004	epochs	3.0
532.0836478482299	0.05696710000006533	epochs	2.0
532.0836478482299	0.028577000000041153	epochs	3.0
532.11222484823	0.028390100000024177	epochs	3.0
532.14061494823	0.05622949999997218	epochs	2.0
532.14061494823	0.028205699999944045	epochs	3.0
532.1688206482299	0.028023800000028132	epochs	3.0
532.19684444823	0.05551070000001346	epochs	2.0
532.19684444823	0.027843999999959124	epochs	3.0
532.2246884482299	0.027666700000054334	epochs	3.0
532.25235514823	0.054810200000019904	epochs	2.0
532.25235514823	0.02749149999999645	epochs	3.0
532.27984664823	0.027318700000023455	epochs	3.0
532.30716534823	0.05412699999999404	epochs	2.0
532.30716534823	0.027147799999966082	epochs	3.0
532.33431314823	0.02697920000002796	epochs	3.0
532.36129234823	0.053460699999959616	epochs	2.0
532.36129234823	0.0268125999999711	epochs	3.0
532.38810494823	0.026648099999988517	epochs	3.0
532.41475304823	0.05281070000000909	epochs	2.0
532.41475304823	0.026485600000000886	epochs	3.0
532.44123864823	0.026325100000008206	epochs	3.0
532.46756374823	0.05217619999996259	epochs	2.0
532.46756374823	0.026166399999965506	epochs	3.0
532.4937301482299	0.026009799999997085	epochs	3.0
532.5197399482299	0.05155670000010559	epochs	2.0
532.5197399482299	0.025854800000047362	epochs	3.0
532.54559474823	0.02570190000005823	epochs	3.0
532.57129664823	0.05095189999997274	epochs	2.0
532.57129664823	0.025550699999939752	epochs	3.0
532.59684734823	0.025401200000032986	epochs	3.0
532.62224854823	0.05036099999995258	epochs	2.0
532.62224854823	0.025253499999962514	epochs	3.0
532.64750204823	0.02510749999999007	epochs	3.0
532.67260954823	0.049783800000000156	epochs	2.0
532.67260954823	0.02496320000000196	epochs	3.0
532.69757274823	0.024820599999998194	epochs	3.0
532.72239334823	0.049219500000049266	epochs	2.0
532.72239334823	0.02467940000008184	epochs	3.0
532.74707274823	0.024540099999967424	epochs	3.0
532.77161284823	0.048667899999941255	epochs	2.0
532.77161284823	0.02440209999997478	epochs	3.0
532.79601494823	0.024265799999966475	epochs	3.0
532.82028074823	0.04812860000004093	epochs	2.0
532.82028074823	0.024131000000011227	epochs	3.0
532.84441174823	0.023997600000029706	epochs	3.0
532.86840934823	0.04760109999995166	epochs	2.0
532.86840934823	0.023865799999953197	epochs	3.0
532.8922751482299	0.02373529999999846	epochs	3.0
532.9160104482299	0.047085000000038235	epochs	2.0
532.9160104482299	0.02360630000009678	epochs	3.0
532.93961674823	0.023478699999941455	epochs	3.0
532.96309544823	0.046579999999948996	epochs	2.0
532.96309544823	0.02335249999998723	epochs	3.0
532.98644794823	0.023227499999961765	epochs	3.0
533.0096754482299	0.046085700000048746	epochs	2.0
533.0096754482299	0.023104000000103042	epochs	3.0
533.03277944823	0.022981699999945704	epochs	3.0
533.05576114823	0.045601799999985815	epochs	2.0
533.05576114823	0.022860700000023826	epochs	3.0
533.07862184823	0.02274109999996199	epochs	3.0
533.10136294823	0.04512790000001132	epochs	2.0
533.10136294823	0.022622500000011314	epochs	3.0
533.12398544823	0.02250540000000001	epochs	3.0
533.14649084823	0.044663799999966614	epochs	2.0
533.14649084823	0.02238929999998618	epochs	3.0
533.16888014823	0.022274499999980435	epochs	3.0
533.1911546482299	0.04420920000006845	epochs	2.0
533.1911546482299	0.022160800000051495	epochs	3.0
533.21331544823	0.022048400000016954	epochs	3.0
533.23536384823	0.04376359999992019	epochs	2.0
533.23536384823	0.021936900000014248	epochs	3.0
533.25730074823	0.02182669999990594	epochs	3.0
533.2791274482299	0.04332710000005591	epochs	2.0
533.2791274482299	0.02171760000010181	epochs	3.0
533.30084504823	0.021609499999954096	epochs	3.0
533.32245454823	0.04289900000003399	epochs	2.0
533.32245454823	0.02150249999999687	epochs	3.0
533.34395704823	0.021396500000037122	epochs	3.0
533.36535354823	0.042479500000013104	epochs	2.0
533.36535354823	0.02129170000000613	epochs	3.0
533.38664524823	0.021187800000006973	epochs	3.0
533.40783304823	0.04206789999989269	epochs	2.0
533.40783304823	0.02108490000000529	epochs	3.0
533.42891794823	0.020982999999887397	epochs	3.0
533.4499009482299	0.04166440000005878	epochs	2.0
533.4499009482299	0.02088220000007368	epochs	3.0
533.47078314823	0.020782199999985096	epochs	3.0
533.49156534823	0.04126850000000104	epochs	2.0
533.49156534823	0.020683299999973315	epochs	3.0
533.51224864823	0.020585200000027726	epochs	3.0
533.53283384823	0.04088000000001557	epochs	2.0
533.53283384823	0.020488099999965925	epochs	3.0
533.55332194823	0.020391900000049645	epochs	3.0
533.57371384823	0.04049880000002304	epochs	2.0
533.57371384823	0.020296599999937825	epochs	3.0
533.5940104482299	0.020202200000085213	epochs	3.0
533.61421264823	0.040124599999899146	epochs	2.0
533.61421264823	0.020108699999923374	epochs	3.0
533.63432134823	0.020015899999975773	epochs	3.0
533.6543372482299	0.03975730000001931	epochs	2.0
533.6543372482299	0.019924200000104975	epochs	3.0
533.67426144823	0.01983309999991434	epochs	3.0
533.6940945482299	0.03939669999999751	epochs	2.0
533.6940945482299	0.01974300000006224	epochs	3.0
533.71383754823	0.01965369999993527	epochs	3.0
533.7334912482299	0.039042400000084854	epochs	2.0
533.7334912482299	0.01956510000002254	epochs	3.0
533.75305634823	0.019477300000062314	epochs	3.0
533.77253364823	0.03869459999998526	epochs	2.0
533.77253364823	0.01939039999990655	epochs	3.0
533.7919240482299	0.01930420000007871	epochs	3.0
533.81122824823	0.03835289999994984	epochs	2.0
533.81122824823	0.019218799999976	epochs	3.0
533.83044704823	0.01913409999997384	epochs	3.0
533.84958114823	0.03801720000001296	epochs	2.0
533.84958114823	0.019050200000037876	epochs	3.0
533.86863134823	0.018966999999975087	epochs	3.0
533.88759834823	0.037687200000050325	epochs	2.0
533.88759834823	0.01888450000001285	epochs	3.0
533.90648284823	0.018802700000037476	epochs	3.0
533.92528554823	0.03736309999999321	epochs	2.0
533.92528554823	0.018721700000014607	epochs	3.0
533.94400724823	0.018641399999978603	epochs	3.0
533.96264864823	0.03704429999993408	epochs	2.0
533.96264864823	0.01856159999999818	epochs	3.0
533.98121024823	0.018482699999935903	epochs	3.0
533.99969294823	0.0367310000000316	epochs	2.0
533.99969294823	0.018404300000042895	epochs	3.0
534.01809724823	0.018326699999988705	epochs	3.0
534.03642394823	0.036422900000047775	epochs	2.0
534.03642394823	0.018249599999990096	epochs	3.0
534.05467354823	0.01817330000005768	epochs	3.0
534.07284684823	0.03612009999994825	epochs	2.0
534.07284684823	0.01809759999991911	epochs	3.0
534.09094444823	0.01802250000002914	epochs	3.0
534.10896694823	0.03582210000001851	epochs	2.0
534.10896694823	0.017947899999967376	epochs	3.0
534.12691484823	0.017874200000051133	epochs	3.0
534.14478904823	0.03552899999999681	epochs	2.0
534.14478904823	0.017800800000031813	epochs	3.0
534.16258984823	0.017728199999965	epochs	3.0
534.18031804823	0.03524070000003121	epochs	2.0
534.18031804823	0.017656099999953767	epochs	3.0
534.19797414823	0.017584600000077444	epochs	3.0
534.21555874823	0.03495709999992869	epochs	2.0
534.21555874823	0.01751369999999497	epochs	3.0
534.23307244823	0.017443399999933717	epochs	3.0
534.25051584823	0.03467790000001969	epochs	2.0
534.25051584823	0.017373600000041733	epochs	3.0
534.26788944823	0.017304299999977957	epochs	3.0
534.28519374823	0.03440330000000813	epochs	2.0
534.28519374823	0.01723570000001473	epochs	3.0
534.30242944823	0.0171675999999934	epochs	3.0
534.31959704823	0.03413279999995211	epochs	2.0
534.31959704823	0.01709989999994832	epochs	3.0
534.3366969482299	0.017032900000003792	epochs	3.0
534.3537298482299	0.03386670000008962	epochs	2.0
534.3537298482299	0.01696640000000116	epochs	3.0
534.3706962482299	0.016900300000088464	epochs	3.0
534.38759654823	0.03360459999998966	epochs	2.0
534.38759654823	0.01683479999996962	epochs	3.0
534.40443134823	0.01676980000002004	epochs	3.0
534.42120114823	0.033346599999958926	epochs	2.0
534.42120114823	0.016705300000012357	epochs	3.0
534.43790644823	0.01664129999994657	epochs	3.0
534.45454774823	0.03309250000006614	epochs	2.0
534.45454774823	0.016577800000050047	epochs	3.0
534.47112554823	0.01651470000001609	epochs	3.0
534.48764024823	0.03284229999997024	epochs	2.0
534.48764024823	0.016452199999889672	epochs	3.0
534.5040924482299	0.016390100000080565	epochs	3.0
534.52048254823	0.03259570000000167	epochs	2.0
534.52048254823	0.016328400000020338	epochs	3.0
534.53681094823	0.016267299999981333	epochs	3.0
534.55307824823	0.032352899999978035	epochs	2.0
534.55307824823	0.01620659999991858	epochs	3.0
534.5692848482299	0.016146300000059455	epochs	3.0
534.58543114823	0.03211369999996805	epochs	2.0
534.58543114823	0.016086599999994178	epochs	3.0
534.60151774823	0.01602709999997387	epochs	3.0
534.61754484823	0.03187800000000607	epochs	2.0
534.61754484823	0.015968199999974786	epochs	3.0
534.6335130482299	0.015909800000031282	epochs	3.0
534.64942284823	0.031645700000012766	epochs	2.0
534.64942284823	0.01585160000001906	epochs	3.0
534.66527444823	0.015794099999993705	epochs	3.0
534.68106854823	0.0314167000000225	epochs	2.0
534.68106854823	0.015736700000047676	epochs	3.0
534.69680524823	0.015679999999974825	epochs	3.0
534.71248524823	0.031191100000000915	epochs	2.0
534.71248524823	0.015623600000026272	epochs	3.0
534.72810884823	0.015567499999974643	epochs	3.0
534.74367634823	0.030968700000016725	epochs	2.0
534.74367634823	0.015511999999944237	epochs	3.0
534.7591883482299	0.015456700000072487	epochs	3.0
534.77464504823	0.030749499999956242	epochs	2.0
534.77464504823	0.015401999999994587	epochs	3.0
534.79004704823	0.015347499999961656	epochs	3.0
534.80539454823	0.03053320000003623	epochs	2.0
534.80539454823	0.015293400000018664	epochs	3.0
534.82068794823	0.015239800000017567	epochs	3.0
534.83592774823	0.030320099999926242	epochs	2.0
534.83592774823	0.015186500000027081	epochs	3.0
534.85111424823	0.015133599999899161	epochs	3.0
534.8662478482299	0.03010990000007041	epochs	2.0
534.8662478482299	0.015081000000009226	epochs	3.0
534.8813288482299	0.015028900000061185	epochs	3.0
534.89635774823	0.029902499999934662	epochs	2.0
534.89635774823	0.01497699999993074	epochs	3.0
534.9113347482299	0.014925500000003922	epochs	3.0
534.9262602482299	0.029698100000018712	epochs	2.0
534.9262602482299	0.014874400000053356	epochs	3.0
534.94113464823	0.014823699999965356	epochs	3.0
534.95595834823	0.02949630000000525	epochs	2.0
534.95595834823	0.014773200000036013	epochs	3.0
534.97073154823	0.014723099999969236	epochs	3.0
534.98545464823	0.02929740000001857	epochs	2.0
534.98545464823	0.014673399999992398	epochs	3.0
535.00012804823	0.014624000000026172	epochs	3.0
535.01475204823	0.029101100000048064	epochs	2.0
535.01475204823	0.01457489999995687	epochs	3.0
535.0293269482299	0.014526200000091194	epochs	3.0
535.04385314823	0.028907399999980044	epochs	2.0
535.04385314823	0.014477699999929428	epochs	3.0
535.05833084823	0.014429700000050616	epochs	3.0
535.07276054823	0.028716199999962555	epochs	2.0
535.07276054823	0.014381800000023759	epochs	3.0
535.08714234823	0.014334399999938796	epochs	3.0
535.10147674823	0.02852759999996124	epochs	2.0
535.10147674823	0.01428720000001249	epochs	3.0
535.11576394823	0.01424039999994875	epochs	3.0
535.1300043482299	0.028341400000044814	epochs	2.0
535.1300043482299	0.014193800000043666	epochs	3.0
535.14419814823	0.014147600000001148	epochs	3.0
535.15834574823	0.028157699999951546	epochs	2.0
535.15834574823	0.014101699999969242	epochs	3.0
535.17244744823	0.014055999999982305	epochs	3.0
535.1865034482299	0.027976300000091214	epochs	2.0
535.1865034482299	0.01401060000000598	epochs	3.0
535.2005140482299	0.013965700000085235	epochs	3.0
535.21447974823	0.02779720000000907	epochs	2.0
535.21447974823	0.013920799999937117	epochs	3.0
535.22840054823	0.013876400000071953	epochs	3.0
535.24227694823	0.027620399999932488	epochs	2.0
535.24227694823	0.0138321999999107	epochs	3.0
535.2561091482299	0.013788200000021789	epochs	3.0
535.26989734823	0.027445899999975154	epochs	2.0
535.26989734823	0.013744599999995444	epochs	3.0
535.28364194823	0.01370129999997971	epochs	3.0
535.2973432482299	0.0272735000000921	epochs	2.0
535.2973432482299	0.013658200000008947	epochs	3.0
535.31100144823	0.013615300000083153	epochs	3.0
535.32461674823	0.027103399999987232	epochs	2.0
535.32461674823	0.013572799999906238	epochs	3.0
535.3381895482299	0.013530600000080995	epochs	3.0
535.35172014823	0.026935199999911674	epochs	2.0
535.35172014823	0.01348839999991469	epochs	3.0
535.3652085482299	0.013446799999996983	epochs	3.0
535.3786553482299	0.02676920000010341	epochs	2.0
535.3786553482299	0.013405200000079276	epochs	3.0
535.39206054823	0.013364000000024134	epochs	3.0
535.40542454823	0.026605199999949036	epochs	2.0
535.40542454823	0.013322899999934634	epochs	3.0
535.41874744823	0.013282300000014402	epochs	3.0
535.43202974823	0.026443200000016986	epochs	2.0
535.43202974823	0.013241699999980483	epochs	3.0
535.44527144823	0.013201500000036503	epochs	3.0
535.45847294823	0.0262831999999662	epochs	2.0
535.45847294823	0.013161500000023807	epochs	3.0
535.47163444823	0.013121699999942393	epochs	3.0
535.48475614823	0.02612499999997908	epochs	2.0
535.48475614823	0.013082100000019636	epochs	3.0
535.49783824823	0.013042899999959445	epochs	3.0
535.5108811482299	0.025968900000066242	epochs	2.0
535.5108811482299	0.01300390000005791	epochs	3.0
535.52388504823	0.012965000000008331	epochs	3.0
535.53685004823	0.025814500000024054	epochs	2.0
535.53685004823	0.012926399999969362	epochs	3.0
535.54977644823	0.012888100000054692	epochs	3.0
535.56266454823	0.025661899999931848	epochs	2.0
535.56266454823	0.012849899999991976	epochs	3.0
535.57551444823	0.012811999999939871	epochs	3.0
535.58832644823	0.025511199999982637	epochs	2.0
535.58832644823	0.012774400000012065	epochs	3.0
535.60110084823	0.012736799999970572	epochs	3.0
535.61383764823	0.025362299999983406	epochs	2.0
535.61383764823	0.01269969999998466	epochs	3.0
535.6265373482299	0.012662599999998747	epochs	3.0
535.6391999482299	0.025215000000002874	epochs	2.0
535.6391999482299	0.012625800000023446	epochs	3.0
535.65182574823	0.012589199999979428	epochs	3.0
535.6644149482299	0.024584800000070572	epochs	2.0
535.68731974823	0.5	epochs	-1.0
535.68899974823	0.9999199999999746	epochs	1.0
536.18731974823	0.5	epochs	-1.0
537.7239999771118	0.10000000000002274	epochs	0.0
537.7239999771118	0.04499999999995907	epochs	1.0
537.7689999771118	0.009999999999990905	epochs	1.0
537.7789999771118	0.04500000000007276	epochs	1.0
537.8239999771118	2.0	epochs	0.0
539.8239999771118	5.399760000000015	epochs	0.0
539.8239999771118	1.0	epochs	1.0
539.8239999771118	0.5	epochs	-1.0
540.3239999771118	4.899760000000015	epochs	-1.0
540.8239999771118	4.399760000000015	epochs	1.0
540.8239999771118	4.356753899999944	epochs	-1.0
540.8239999771118	1.9745871999999736	epochs	2.0
540.8239999771118	1.0985621999999466	epochs	3.0
541.9225621771118	0.8760250000000269	epochs	3.0
542.7985871771118	1.3524075000000266	epochs	2.0
542.7985871771118	0.7286354999999958	epochs	3.0
543.5272226771118	0.6237720000000309	epochs	3.0
544.1509946771118	1.029759199999944	epochs	2.0
544.1509946771118	0.5453292999999348	epochs	3.0
544.6963239771118	0.4844299000000092	epochs	3.0
545.1807538771118	0.043006100000070546	epochs	2.0
545.1807538771118	0.043006100000070546	epochs	3.0
545.2237599771119	16.60015999999996	epochs	0.0
546.0910000801086	0.10000000000002274	epochs	0.0
546.0910000801086	0.04499999999995907	epochs	1.0
546.1360000801086	0.009999999999990905	epochs	1.0
546.1460000801086	0.04500000000007276	epochs	1.0
546.1910000801087	2.0	epochs	0.0
548.1910000801087	0.5197600000000193	epochs	0.0
548.1910000801087	0.5197600000000193	epochs	1.0
548.1910000801087	0.5	epochs	-1.0
548.6910000801087	0.019760000000019318	epochs	-1.0
548.7107600801087	21.480159999999955	epochs	0.0
550.0229997634888	0.10000000000002274	epochs	0.0
550.0229997634888	0.04499999999995907	epochs	1.0
550.0679997634887	0.009999999999990905	epochs	1.0
550.0779997634887	0.04500000000007276	epochs	1.0
550.1229997634888	2.0	epochs	0.0
552.1229997634888	21.999919999999975	epochs	0.0
552.1229997634888	1.0	epochs	1.0
552.1229997634888	0.5	epochs	-1.0
552.6229997634888	19.997920000000022	epochs	-1.0
553.1229997634888	20.0	epochs	1.0
553.1229997634888	4.356753899999944	epochs	-1.0
553.1229997634888	1.9745871999999736	epochs	2.0
553.1229997634888	1.0985621999999466	epochs	3.0
554.2215619634887	0.8760250000000269	epochs	3.0
555.0975869634888	1.3524075000000266	epochs	2.0
555.0975869634888	0.7286354999999958	epochs	3.0
555.8262224634888	0.6237720000000309	epochs	3.0
556.4499944634888	1.029759199999944	epochs	2.0
556.4499944634888	0.5453292999999348	epochs	3.0
556.9953237634887	0.4844299000000092	epochs	3.0
557.4797536634887	0.8317862000000105	epochs	2.0
557.4797536634887	0.4357763000000432	epochs	3.0
557.9155299634888	0.3960098999999673	epochs	3.0
558.3115398634887	0.6977970000000369	epochs	2.0
558.3115398634887	0.3628982000000178	epochs	3.0
558.6744380634888	0.33489880000001904	epochs	3.0
559.0093368634888	0.601045699999986	epochs	2.0
559.0093368634888	0.3109123000000409	epochs	3.0
559.3202491634888	0.29013339999994514	epochs	3.0
559.6103825634888	0.5278859000000011	epochs	2.0
559.6103825634888	0.2719585999999481	epochs	3.0
559.8823411634887	0.25592730000005304	epochs	3.0
560.1382684634888	0.470619299999953	epochs	2.0
560.1382684634888	0.241681299999982	epochs	3.0
560.3799497634888	0.228937999999971	epochs	3.0
560.6088877634887	0.42457039999999324	epochs	2.0
560.6088877634887	0.21747140000002219	epochs	3.0
560.8263591634887	0.20709899999997106	epochs	3.0
561.0334581634887	0.3867354000000205	epochs	2.0
561.0334581634887	0.19767110000009325	epochs	3.0
561.2311292634888	0.18906429999992724	epochs	3.0
561.4201935634887	0.3550953000000163	epochs	2.0
561.4201935634887	0.18117590000008477	epochs	3.0
561.6013694634888	0.17391939999993156	epochs	3.0
561.7752888634888	0.3282431000000088	epochs	2.0
561.7752888634888	0.1672219000000723	epochs	3.0
561.9425107634888	0.16102119999993647	epochs	3.0
562.1035319634888	0.30516799999998057	epochs	2.0
562.1035319634888	0.15526390000002266	epochs	3.0
562.2587958634888	0.1499040999999579	epochs	3.0
562.4086999634887	0.28512530000000424	epochs	2.0
562.4086999634887	0.1449021000000812	epochs	3.0
562.5536020634888	0.14022319999992305	epochs	3.0
562.6938252634887	0.2675537999999733	epochs	2.0
562.6938252634887	0.1358369000000721	epochs	3.0
562.8296621634888	0.13171689999990122	epochs	3.0
562.9613790634887	0.2520229000000427	epochs	2.0
562.9613790634887	0.1278393000000051	epochs	3.0
563.0892183634887	0.12418360000003759	epochs	3.0
563.2134019634888	0.23819649999995818	epochs	2.0
563.2134019634888	0.12073110000005727	epochs	3.0
563.3341330634888	0.11746539999990091	epochs	3.0
563.4515984634887	0.2258088000000953	epochs	2.0
563.4515984634887	0.11437190000003739	epochs	3.0
563.5659703634888	0.1114369000000579	epochs	3.0
563.6774072634888	0.21464599999990241	epochs	2.0
563.6774072634888	0.10864889999993466	epochs	3.0
563.7860561634888	0.10599709999996776	epochs	3.0
563.8920532634887	0.20453500000007807	epochs	2.0
563.8920532634887	0.10347150000006877	epochs	3.0
563.9955247634888	0.1010635000000093	epochs	3.0
564.0965882634888	0.19533400000000256	epochs	2.0
564.0965882634888	0.09876509999992322	epochs	3.0
564.1953533634887	0.09656890000007934	epochs	3.0
564.2919222634888	0.18692529999998442	epochs	2.0
564.2919222634888	0.09446830000001682	epochs	3.0
564.3863905634888	0.09245699999996759	epochs	3.0
564.4788475634888	0.17921069999999872	epochs	2.0
564.4788475634888	0.09052959999996801	epochs	3.0
564.5693771634888	0.08868110000003071	epochs	3.0
564.6580582634888	0.17210769999996955	epochs	2.0
564.6580582634888	0.08690630000000965	epochs	3.0
564.7449645634888	0.0852013999999599	epochs	3.0
564.8301659634888	0.16554640000003928	epochs	2.0
564.8301659634888	0.08356190000006336	epochs	3.0
564.9137278634888	0.08198449999997592	epochs	3.0
564.9957123634888	0.15946710000002895	epochs	2.0
564.9957123634888	0.08046539999998004	epochs	3.0
565.0761777634888	0.07900170000004891	epochs	3.0
565.1551794634888	0.15381839999997737	epochs	2.0
565.1551794634888	0.07759009999995214	epochs	3.0
565.2327695634888	0.07622830000002523	epochs	3.0
565.3089978634888	0.14855639999996129	epochs	2.0
565.3089978634888	0.07491329999993468	epochs	3.0
565.3839111634887	0.0736431000000266	epochs	3.0
565.4575542634888	0.14364239999997608	epochs	2.0
565.4575542634888	0.07241499999997814	epochs	3.0
565.5299692634887	0.07122739999999794	epochs	3.0
565.6011966634887	0.13904309999998077	epochs	2.0
565.6011966634887	0.07007800000008046	epochs	3.0
565.6712746634888	0.0689650999999003	epochs	3.0
565.7402397634887	0.1347293000000036	epochs	2.0
565.7402397634887	0.0678871000000072	epochs	3.0
565.8081268634887	0.06684219999999641	epochs	3.0
565.8749690634887	0.1306752000000415	epochs	2.0
565.8749690634887	0.06582910000008724	epochs	3.0
565.9407981634888	0.06484609999995428	epochs	3.0
566.0056442634888	0.12685780000003888	epochs	2.0
566.0056442634888	0.06389200000000983	epochs	3.0
566.0695362634888	0.06296580000002905	epochs	3.0
566.1325020634888	0.12325720000001184	epochs	2.0
566.1325020634888	0.062065799999913907	epochs	3.0
566.1945678634887	0.06119140000009793	epochs	3.0
566.2557592634888	0.11985540000000583	epochs	2.0
566.2557592634888	0.060341099999959624	epochs	3.0
566.3161003634888	0.059514300000046205	epochs	3.0
566.3756146634888	0.1166361999999026	epochs	2.0
566.3756146634888	0.058709599999929196	epochs	3.0
566.4343242634887	0.057926599999973405	epochs	3.0
566.4922508634887	0.11358560000007856	epochs	2.0
566.4922508634887	0.05716420000010203	epochs	3.0
566.5494150634888	0.05642139999997653	epochs	3.0
566.6058364634888	0.11069049999991876	epochs	2.0
566.6058364634888	0.05569789999992736	epochs	3.0
566.6615343634887	0.0549925999999914	epochs	3.0
566.7165269634887	0.1079391000000669	epochs	2.0
566.7165269634887	0.05430490000003374	epochs	3.0
566.7708318634888	0.05363420000003316	epochs	3.0
566.8244660634888	0.10532149999994544	epochs	2.0
566.8244660634888	0.05297999999993408	epochs	3.0
566.8774460634887	0.052341500000011365	epochs	3.0
566.9297875634887	0.10282760000006874	epochs	2.0
566.9297875634887	0.05171810000001642	epochs	3.0
566.9815056634887	0.05110950000005232	epochs	3.0
567.0326151634888	0.10044909999999163	epochs	2.0
567.0326151634888	0.05051489999993919	epochs	3.0
567.0831300634887	0.04993420000005244	epochs	3.0
567.1330642634888	0.0981782999999723	epochs	2.0
567.1330642634888	0.04936659999998483	epochs	3.0
567.1824308634888	0.04881169999998747	epochs	3.0
567.2312425634888	0.09600780000005216	epochs	2.0
567.2312425634888	0.04826920000004975	epochs	3.0
567.2795117634888	0.04773860000000241	epochs	3.0
567.3272503634888	0.09393119999992905	epochs	2.0
567.3272503634888	0.04721949999998287	epochs	3.0
567.3744698634888	0.04671169999994618	epochs	3.0
567.4211815634887	0.09194260000003851	epochs	2.0
567.4211815634887	0.046214599999984785	epochs	3.0
567.4673961634887	0.045728000000053726	epochs	3.0
567.5131241634888	0.09003629999995155	epochs	2.0
567.5131241634888	0.045251499999949374	epochs	3.0
567.5583756634887	0.04478480000000218	epochs	3.0
567.6031604634887	0.08820760000003247	epochs	2.0
567.6031604634887	0.044327800000019124	epochs	3.0
567.6474882634888	0.04387980000001335	epochs	3.0
567.6913680634888	0.0864516999999978	epochs	2.0
567.6913680634888	0.04344100000002982	epochs	3.0
567.7348090634888	0.04301069999996798	epochs	3.0
567.7778197634888	0.08476429999996071	epochs	2.0
567.7778197634888	0.04258900000002086	epochs	3.0
567.8204087634888	0.04217529999993985	epochs	3.0
567.8625840634887	0.08314150000001064	epochs	2.0
567.8625840634887	0.04176970000003166	epochs	3.0
567.9043537634888	0.041371799999978975	epochs	3.0
567.9457255634887	0.08157970000002024	epochs	2.0
567.9457255634887	0.04098140000007788	epochs	3.0
567.9867069634888	0.040598299999942355	epochs	3.0
568.0273052634888	0.08007550000002084	epochs	2.0
568.0273052634888	0.04022229999998217	epochs	3.0
568.0675275634887	0.03985320000003867	epochs	3.0
568.1073807634888	0.07862569999997504	epochs	2.0
568.1073807634888	0.0394907999999532	epochs	3.0
568.1468715634887	0.039134900000021844	epochs	3.0
568.1860064634888	0.07722760000001472	epochs	2.0
568.1860064634888	0.038785400000051595	epochs	3.0
568.2247918634888	0.03844219999996312	epochs	3.0
568.2632340634888	0.07587820000003376	epochs	2.0
568.2632340634888	0.038104800000041905	epochs	3.0
568.3013388634888	0.03777339999999185	epochs	3.0
568.3391122634888	0.07457519999991291	epochs	2.0
568.3391122634888	0.03744769999991604	epochs	3.0
568.3765599634887	0.03712749999999687	epochs	3.0
568.4136874634887	0.07331630000010136	epochs	2.0
568.4136874634887	0.0368129000000863	epochs	3.0
568.4505003634888	0.03650340000001506	epochs	3.0
568.4870037634888	0.07209899999998015	epochs	2.0
568.4870037634888	0.03619909999997617	epochs	3.0
568.5232028634888	0.03589990000000398	epochs	3.0
568.5591027634888	0.07092169999998532	epochs	2.0
568.5591027634888	0.03560559999993984	epochs	3.0
568.5947083634887	0.03531610000004548	epochs	3.0
568.6300244634888	0.06978200000003199	epochs	2.0
568.6300244634888	0.03503119999993487	epochs	3.0
568.6650556634887	0.034750800000097115	epochs	3.0
568.6998064634888	0.06867859999999837	epochs	2.0
568.6998064634888	0.03447510000000875	epochs	3.0
568.7342815634888	0.03420349999998962	epochs	3.0
568.7684850634888	0.06760929999995824	epochs	2.0
568.7684850634888	0.033936199999970995	epochs	3.0
568.8024212634888	0.033673099999987244	epochs	3.0
568.8360943634888	0.06657289999998284	epochs	2.0
568.8360943634888	0.03341399999999339	epochs	3.0
568.8695083634888	0.033158899999989444	epochs	3.0
568.9026672634888	0.06556780000005347	epochs	2.0
568.9026672634888	0.032907700000009754	epochs	3.0
568.9355749634888	0.03266010000004371	epochs	3.0
568.9682350634888	0.06459259999996902	epochs	2.0
568.9682350634888	0.032416399999988244	epochs	3.0
569.0006514634888	0.03217619999998078	epochs	3.0
569.0328276634888	0.0636459999999488	epochs	2.0
569.0328276634888	0.03193959999998697	epochs	3.0
569.0647672634888	0.03170639999996183	epochs	3.0
569.0964736634887	0.06272670000009839	epochs	2.0
569.0964736634887	0.03147660000001906	epochs	3.0
569.1279502634887	0.03125010000007933	epochs	3.0
569.1592003634888	0.06183359999999993	epochs	2.0
569.1592003634888	0.03102689999991526	epochs	3.0
569.1902272634887	0.030806700000084675	epochs	3.0
569.2210339634888	0.060965599999917686	epochs	2.0
569.2210339634888	0.030589799999916067	epochs	3.0
569.2516237634887	0.030375800000001618	epochs	3.0
569.2819995634887	0.06012160000000222	epochs	2.0
569.2819995634887	0.030164900000045236	epochs	3.0
569.3121644634888	0.02995669999995698	epochs	3.0
569.3421211634887	0.05930069999999432	epochs	2.0
569.3421211634887	0.029751600000054168	epochs	3.0
569.3718727634888	0.029549099999940154	epochs	3.0
569.4014218634887	0.05850180000004457	epochs	2.0
569.4014218634887	0.02934940000000097	epochs	3.0
569.4307712634887	0.0291524000000436	epochs	3.0
569.4599236634888	0.05772419999993872	epochs	2.0
569.4599236634888	0.028957999999988715	epochs	3.0
569.4888816634888	0.028766199999950004	epochs	3.0
569.5176478634887	0.05696710000006533	epochs	2.0
569.5176478634887	0.028577000000041153	epochs	3.0
569.5462248634888	0.028390100000024177	epochs	3.0
569.5746149634888	0.05622949999997218	epochs	2.0
569.5746149634888	0.028205699999944045	epochs	3.0
569.6028206634887	0.028023800000028132	epochs	3.0
569.6308444634888	0.05551070000001346	epochs	2.0
569.6308444634888	0.027843999999959124	epochs	3.0
569.6586884634887	0.027666700000054334	epochs	3.0
569.6863551634888	0.054810200000019904	epochs	2.0
569.6863551634888	0.02749149999999645	epochs	3.0
569.7138466634888	0.027318700000023455	epochs	3.0
569.7411653634888	0.05412699999999404	epochs	2.0
569.7411653634888	0.027147799999966082	epochs	3.0
569.7683131634888	0.02697920000002796	epochs	3.0
569.7952923634888	0.053460699999959616	epochs	2.0
569.7952923634888	0.0268125999999711	epochs	3.0
569.8221049634888	0.026648099999988517	epochs	3.0
569.8487530634887	0.05281070000000909	epochs	2.0
569.8487530634887	0.026485600000000886	epochs	3.0
569.8752386634887	0.026325100000008206	epochs	3.0
569.9015637634888	0.05217619999996259	epochs	2.0
569.9015637634888	0.026166399999965506	epochs	3.0
569.9277301634887	0.026009799999997085	epochs	3.0
569.9537399634887	0.05155670000010559	epochs	2.0
569.9537399634887	0.025854800000047362	epochs	3.0
569.9795947634888	0.02570190000005823	epochs	3.0
570.0052966634888	0.05095189999997274	epochs	2.0
570.0052966634888	0.025550699999939752	epochs	3.0
570.0308473634888	0.025401200000032986	epochs	3.0
570.0562485634888	0.05036099999995258	epochs	2.0
570.0562485634888	0.025253499999962514	epochs	3.0
570.0815020634888	0.02510749999999007	epochs	3.0
570.1066095634887	0.049783800000000156	epochs	2.0
570.1066095634887	0.02496320000000196	epochs	3.0
570.1315727634887	0.024820599999998194	epochs	3.0
570.1563933634887	0.049219500000049266	epochs	2.0
570.1563933634887	0.02467940000008184	epochs	3.0
570.1810727634888	0.024540099999967424	epochs	3.0
570.2056128634888	0.048667899999941255	epochs	2.0
570.2056128634888	0.02440209999997478	epochs	3.0
570.2300149634888	0.024265799999966475	epochs	3.0
570.2542807634887	0.04812860000004093	epochs	2.0
570.2542807634887	0.024131000000011227	epochs	3.0
570.2784117634887	0.023997600000029706	epochs	3.0
570.3024093634888	0.04760109999995166	epochs	2.0
570.3024093634888	0.023865799999953197	epochs	3.0
570.3262751634887	0.02373529999999846	epochs	3.0
570.3500104634887	0.047085000000038235	epochs	2.0
570.3500104634887	0.02360630000009678	epochs	3.0
570.3736167634888	0.023478699999941455	epochs	3.0
570.3970954634888	0.046579999999948996	epochs	2.0
570.3970954634888	0.02335249999998723	epochs	3.0
570.4204479634888	0.023227499999961765	epochs	3.0
570.4436754634887	0.046085700000048746	epochs	2.0
570.4436754634887	0.023104000000103042	epochs	3.0
570.4667794634888	0.022981699999945704	epochs	3.0
570.4897611634888	0.045601799999985815	epochs	2.0
570.4897611634888	0.022860700000023826	epochs	3.0
570.5126218634888	0.02274109999996199	epochs	3.0
570.5353629634888	0.04512790000001132	epochs	2.0
570.5353629634888	0.022622500000011314	epochs	3.0
570.5579854634888	0.02250540000000001	epochs	3.0
570.5804908634888	0.044663799999966614	epochs	2.0
570.5804908634888	0.02238929999998618	epochs	3.0
570.6028801634887	0.022274499999980435	epochs	3.0
570.6251546634887	0.04420920000006845	epochs	2.0
570.6251546634887	0.022160800000051495	epochs	3.0
570.6473154634888	0.022048400000016954	epochs	3.0
570.6693638634888	0.04376359999992019	epochs	2.0
570.6693638634888	0.021936900000014248	epochs	3.0
570.6913007634888	0.02182669999990594	epochs	3.0
570.7131274634887	0.04332710000005591	epochs	2.0
570.7131274634887	0.02171760000010181	epochs	3.0
570.7348450634888	0.021609499999954096	epochs	3.0
570.7564545634888	0.04289900000003399	epochs	2.0
570.7564545634888	0.02150249999999687	epochs	3.0
570.7779570634888	0.021396500000037122	epochs	3.0
570.7993535634888	0.042479500000013104	epochs	2.0
570.7993535634888	0.02129170000000613	epochs	3.0
570.8206452634888	0.021187800000006973	epochs	3.0
570.8418330634888	0.04206789999989269	epochs	2.0
570.8418330634888	0.02108490000000529	epochs	3.0
570.8629179634888	0.020982999999887397	epochs	3.0
570.8839009634887	0.04166440000005878	epochs	2.0
570.8839009634887	0.02088220000007368	epochs	3.0
570.9047831634888	0.020782199999985096	epochs	3.0
570.9255653634888	0.04126850000000104	epochs	2.0
570.9255653634888	0.020683299999973315	epochs	3.0
570.9462486634887	0.020585200000027726	epochs	3.0
570.9668338634888	0.04088000000001557	epochs	2.0
570.9668338634888	0.020488099999965925	epochs	3.0
570.9873219634887	0.020391900000049645	epochs	3.0
571.0077138634888	0.04049880000002304	epochs	2.0
571.0077138634888	0.020296599999937825	epochs	3.0
571.0280104634887	0.020202200000085213	epochs	3.0
571.0482126634888	0.040124599999899146	epochs	2.0
571.0482126634888	0.020108699999923374	epochs	3.0
571.0683213634887	0.020015899999975773	epochs	3.0
571.0883372634887	0.03975730000001931	epochs	2.0
571.0883372634887	0.019924200000104975	epochs	3.0
571.1082614634888	0.01983309999991434	epochs	3.0
571.1280945634887	0.03939669999999751	epochs	2.0
571.1280945634887	0.01974300000006224	epochs	3.0
571.1478375634888	0.01965369999993527	epochs	3.0
571.1674912634887	0.039042400000084854	epochs	2.0
571.1674912634887	0.01956510000002254	epochs	3.0
571.1870563634888	0.019477300000062314	epochs	3.0
571.2065336634888	0.03869459999998526	epochs	2.0
571.2065336634888	0.01939039999990655	epochs	3.0
571.2259240634887	0.01930420000007871	epochs	3.0
571.2452282634888	0.03835289999994984	epochs	2.0
571.2452282634888	0.019218799999976	epochs	3.0
571.2644470634888	0.01913409999997384	epochs	3.0
571.2835811634887	0.03801720000001296	epochs	2.0
571.2835811634887	0.019050200000037876	epochs	3.0
571.3026313634888	0.018966999999975087	epochs	3.0
571.3215983634888	0.037687200000050325	epochs	2.0
571.3215983634888	0.01888450000001285	epochs	3.0
571.3404828634888	0.018802700000037476	epochs	3.0
571.3592855634888	0.03736309999999321	epochs	2.0
571.3592855634888	0.018721700000014607	epochs	3.0
571.3780072634888	0.018641399999978603	epochs	3.0
571.3966486634888	0.03704429999993408	epochs	2.0
571.3966486634888	0.01856159999999818	epochs	3.0
571.4152102634888	0.018482699999935903	epochs	3.0
571.4336929634887	0.0367310000000316	epochs	2.0
571.4336929634887	0.018404300000042895	epochs	3.0
571.4520972634888	0.018326699999988705	epochs	3.0
571.4704239634888	0.036422900000047775	epochs	2.0
571.4704239634888	0.018249599999990096	epochs	3.0
571.4886735634888	0.01817330000005768	epochs	3.0
571.5068468634888	0.03612009999994825	epochs	2.0
571.5068468634888	0.01809759999991911	epochs	3.0
571.5249444634887	0.01802250000002914	epochs	3.0
571.5429669634888	0.03582210000001851	epochs	2.0
571.5429669634888	0.017947899999967376	epochs	3.0
571.5609148634887	0.017874200000051133	epochs	3.0
571.5787890634888	0.03552899999999681	epochs	2.0
571.5787890634888	0.017800800000031813	epochs	3.0
571.5965898634888	0.017728199999965	epochs	3.0
571.6143180634888	0.03524070000003121	epochs	2.0
571.6143180634888	0.017656099999953767	epochs	3.0
571.6319741634887	0.017584600000077444	epochs	3.0
571.6495587634888	0.03495709999992869	epochs	2.0
571.6495587634888	0.01751369999999497	epochs	3.0
571.6670724634888	0.017443399999933717	epochs	3.0
571.6845158634887	0.03467790000001969	epochs	2.0
571.6845158634887	0.017373600000041733	epochs	3.0
571.7018894634888	0.017304299999977957	epochs	3.0
571.7191937634888	0.03440330000000813	epochs	2.0
571.7191937634888	0.01723570000001473	epochs	3.0
571.7364294634888	0.0171675999999934	epochs	3.0
571.7535970634888	0.03413279999995211	epochs	2.0
571.7535970634888	0.01709989999994832	epochs	3.0
571.7706969634887	0.017032900000003792	epochs	3.0
571.7877298634887	0.03386670000008962	epochs	2.0
571.7877298634887	0.01696640000000116	epochs	3.0
571.8046962634887	0.016900300000088464	epochs	3.0
571.8215965634888	0.03360459999998966	epochs	2.0
571.8215965634888	0.01683479999996962	epochs	3.0
571.8384313634888	0.01676980000002004	epochs	3.0
571.8552011634888	0.033346599999958926	epochs	2.0
571.8552011634888	0.016705300000012357	epochs	3.0
571.8719064634888	0.01664129999994657	epochs	3.0
571.8885477634888	0.03309250000006614	epochs	2.0
571.8885477634888	0.016577800000050047	epochs	3.0
571.9051255634888	0.01651470000001609	epochs	3.0
571.9216402634888	0.03284229999997024	epochs	2.0
571.9216402634888	0.016452199999889672	epochs	3.0
571.9380924634887	0.016390100000080565	epochs	3.0
571.9544825634888	0.03259570000000167	epochs	2.0
571.9544825634888	0.016328400000020338	epochs	3.0
571.9708109634888	0.016267299999981333	epochs	3.0
571.9870782634888	0.032352899999978035	epochs	2.0
571.9870782634888	0.01620659999991858	epochs	3.0
572.0032848634887	0.016146300000059455	epochs	3.0
572.0194311634888	0.03211369999996805	epochs	2.0
572.0194311634888	0.016086599999994178	epochs	3.0
572.0355177634888	0.01602709999997387	epochs	3.0
572.0515448634887	0.03187800000000607	epochs	2.0
572.0515448634887	0.015968199999974786	epochs	3.0
572.0675130634887	0.015909800000031282	epochs	3.0
572.0834228634887	0.031645700000012766	epochs	2.0
572.0834228634887	0.01585160000001906	epochs	3.0
572.0992744634888	0.015794099999993705	epochs	3.0
572.1150685634888	0.0314167000000225	epochs	2.0
572.1150685634888	0.015736700000047676	epochs	3.0
572.1308052634888	0.015679999999974825	epochs	3.0
572.1464852634888	0.031191100000000915	epochs	2.0
572.1464852634888	0.015623600000026272	epochs	3.0
572.1621088634888	0.015567499999974643	epochs	3.0
572.1776763634888	0.030968700000016725	epochs	2.0
572.1776763634888	0.015511999999944237	epochs	3.0
572.1931883634887	0.015456700000072487	epochs	3.0
572.2086450634888	0.030749499999956242	epochs	2.0
572.2086450634888	0.015401999999994587	epochs	3.0
572.2240470634888	0.015347499999961656	epochs	3.0
572.2393945634888	0.03053320000003623	epochs	2.0
572.2393945634888	0.015293400000018664	epochs	3.0
572.2546879634888	0.015239800000017567	epochs	3.0
572.2699277634888	0.030320099999926242	epochs	2.0
572.2699277634888	0.015186500000027081	epochs	3.0
572.2851142634888	0.015133599999899161	epochs	3.0
572.3002478634887	0.03010990000007041	epochs	2.0
572.3002478634887	0.015081000000009226	epochs	3.0
572.3153288634887	0.015028900000061185	epochs	3.0
572.3303577634888	0.029902499999934662	epochs	2.0
572.3303577634888	0.01497699999993074	epochs	3.0
572.3453347634887	0.014925500000003922	epochs	3.0
572.3602602634887	0.029698100000018712	epochs	2.0
572.3602602634887	0.014874400000053356	epochs	3.0
572.3751346634888	0.014823699999965356	epochs	3.0
572.3899583634887	0.02949630000000525	epochs	2.0
572.3899583634887	0.014773200000036013	epochs	3.0
572.4047315634888	0.014723099999969236	epochs	3.0
572.4194546634888	0.02929740000001857	epochs	2.0
572.4194546634888	0.014673399999992398	epochs	3.0
572.4341280634887	0.014624000000026172	epochs	3.0
572.4487520634888	0.029101100000048064	epochs	2.0
572.4487520634888	0.01457489999995687	epochs	3.0
572.4633269634887	0.014526200000091194	epochs	3.0
572.4778531634888	0.028907399999980044	epochs	2.0
572.4778531634888	0.014477699999929428	epochs	3.0
572.4923308634887	0.014429700000050616	epochs	3.0
572.5067605634888	0.028716199999962555	epochs	2.0
572.5067605634888	0.014381800000023759	epochs	3.0
572.5211423634888	0.014334399999938796	epochs	3.0
572.5354767634888	0.02852759999996124	epochs	2.0
572.5354767634888	0.01428720000001249	epochs	3.0
572.5497639634888	0.01424039999994875	epochs	3.0
572.5640043634887	0.028341400000044814	epochs	2.0
572.5640043634887	0.014193800000043666	epochs	3.0
572.5781981634888	0.014147600000001148	epochs	3.0
572.5923457634888	0.028157699999951546	epochs	2.0
572.5923457634888	0.014101699999969242	epochs	3.0
572.6064474634887	0.014055999999982305	epochs	3.0
572.6205034634887	0.027976300000091214	epochs	2.0
572.6205034634887	0.01401060000000598	epochs	3.0
572.6345140634887	0.013965700000085235	epochs	3.0
572.6484797634888	0.02779720000000907	epochs	2.0
572.6484797634888	0.013920799999937117	epochs	3.0
572.6624005634887	0.013876400000071953	epochs	3.0
572.6762769634888	0.027620399999932488	epochs	2.0
572.6762769634888	0.0138321999999107	epochs	3.0
572.6901091634887	0.013788200000021789	epochs	3.0
572.7038973634887	0.027445899999975154	epochs	2.0
572.7038973634887	0.013744599999995444	epochs	3.0
572.7176419634887	0.01370129999997971	epochs	3.0
572.7313432634887	0.0272735000000921	epochs	2.0
572.7313432634887	0.013658200000008947	epochs	3.0
572.7450014634887	0.013615300000083153	epochs	3.0
572.7586167634888	0.027103399999987232	epochs	2.0
572.7586167634888	0.013572799999906238	epochs	3.0
572.7721895634887	0.013530600000080995	epochs	3.0
572.7857201634888	0.026935199999911674	epochs	2.0
572.7857201634888	0.01348839999991469	epochs	3.0
572.7992085634887	0.013446799999996983	epochs	3.0
572.8126553634887	0.02676920000010341	epochs	2.0
572.8126553634887	0.013405200000079276	epochs	3.0
572.8260605634888	0.013364000000024134	epochs	3.0
572.8394245634888	0.026605199999949036	epochs	2.0
572.8394245634888	0.013322899999934634	epochs	3.0
572.8527474634888	0.013282300000014402	epochs	3.0
572.8660297634888	0.026443200000016986	epochs	2.0
572.8660297634888	0.013241699999980483	epochs	3.0
572.8792714634887	0.013201500000036503	epochs	3.0
572.8924729634888	0.0262831999999662	epochs	2.0
572.8924729634888	0.013161500000023807	epochs	3.0
572.9056344634888	0.013121699999942393	epochs	3.0
572.9187561634888	0.02612499999997908	epochs	2.0
572.9187561634888	0.013082100000019636	epochs	3.0
572.9318382634888	0.013042899999959445	epochs	3.0
572.9448811634887	0.025968900000066242	epochs	2.0
572.9448811634887	0.01300390000005791	epochs	3.0
572.9578850634888	0.012965000000008331	epochs	3.0
572.9708500634888	0.025814500000024054	epochs	2.0
572.9708500634888	0.012926399999969362	epochs	3.0
572.9837764634888	0.012888100000054692	epochs	3.0
572.9966645634888	0.025661899999931848	epochs	2.0
572.9966645634888	0.012849899999991976	epochs	3.0
573.0095144634888	0.012811999999939871	epochs	3.0
573.0223264634888	0.025511199999982637	epochs	2.0
573.0223264634888	0.012774400000012065	epochs	3.0
573.0351008634888	0.012736799999970572	epochs	3.0
573.0478376634887	0.025362299999983406	epochs	2.0
573.0478376634887	0.01269969999998466	epochs	3.0
573.0605373634887	0.012662599999998747	epochs	3.0
573.0731999634887	0.025215000000002874	epochs	2.0
573.0731999634887	0.012625800000023446	epochs	3.0
573.0858257634887	0.012589199999979428	epochs	3.0
573.0984149634887	0.024584800000070572	epochs	2.0
573.1209197634888	0.5	epochs	-1.0
573.1229997634888	0.9999199999999746	epochs	1.0
573.6209197634888	0.5	epochs	-1.0
575.0409998893738	0.10000000000002274	epochs	0.0
575.0409998893738	0.04499999999995907	epochs	1.0
575.0859998893737	0.009999999999990905	epochs	1.0
575.0959998893737	0.04500000000007276	epochs	1.0
575.1409998893738	2.0	epochs	0.0
577.1409998893738	0.5197600000000193	epochs	0.0
577.1409998893738	0.5197600000000193	epochs	1.0
577.1409998893738	0.5	epochs	-1.0
577.6409998893738	0.019760000000019318	epochs	-1.0
577.6607598893738	21.480159999999955	epochs	0.0
585.8829998970032	0.10000000000002274	epochs	0.0
585.8829998970032	0.04499999999995907	epochs	1.0
585.9279998970031	0.009999999999990905	epochs	1.0
585.9379998970031	0.04500000000007276	epochs	1.0
585.9829998970032	2.0	epochs	0.0
587.9829998970032	0.5004000000000133	epochs	0.0
587.9829998970032	0.5004000000000133	epochs	1.0
587.9829998970032	0.5	epochs	-1.0
588.4829998970032	0.0004000000000132786	epochs	-1.0
588.4833998970032	21.49951999999996	epochs	0.0
589.7209997177124	0.10000000000002274	epochs	0.0
589.7209997177124	0.04499999999995907	epochs	1.0
589.7659997177124	0.009999999999990905	epochs	1.0
589.7759997177124	0.04500000000007276	epochs	1.0
589.8209997177124	2.0	epochs	0.0
591.8209997177124	0.5194400000000314	epochs	0.0
591.8209997177124	0.5194400000000314	epochs	1.0
591.8209997177124	0.5	epochs	-1.0
592.3209997177124	0.019440000000031432	epochs	-1.0
592.3404397177125	21.480479999999943	epochs	0.0
593.6380000114441	0.10000000000002274	epochs	0.0
593.6380000114441	0.04499999999995907	epochs	1.0
593.683000011444	0.009999999999990905	epochs	1.0
593.693000011444	0.04500000000007276	epochs	1.0
593.7380000114441	2.0	epochs	0.0
595.7380000114441	0.5194400000000314	epochs	0.0
595.7380000114441	0.5194400000000314	epochs	1.0
595.7380000114441	0.5	epochs	-1.0
596.2380000114441	0.019440000000031432	epochs	-1.0
596.2574400114441	21.480479999999943	epochs	0.0
597.5509996414185	0.10000000000002274	epochs	0.0
597.5509996414185	0.04499999999995907	epochs	1.0
597.5959996414184	0.009999999999990905	epochs	1.0
597.6059996414184	0.04500000000007276	epochs	1.0
597.6509996414185	2.0	epochs	0.0
599.6509996414185	0.5197600000000193	epochs	0.0
599.6509996414185	0.5197600000000193	epochs	1.0
599.6509996414185	0.5	epochs	-1.0
600.1509996414185	0.019760000000019318	epochs	-1.0
600.1707596414185	21.480159999999955	epochs	0.0
601.3009996414185	0.10000000000002274	epochs	0.0
601.3009996414185	0.04499999999995907	epochs	1.0
601.3459996414184	0.009999999999990905	epochs	1.0
601.3559996414184	0.04500000000007276	epochs	1.0
601.4009996414185	2.0	epochs	0.0
603.4009996414185	5.3596	epochs	0.0
603.4009996414185	1.0	epochs	1.0
603.4009996414185	0.5	epochs	-1.0
603.9009996414185	4.8596	epochs	-1.0
604.4009996414185	4.3596	epochs	1.0
604.4009996414185	4.356753899999944	epochs	-1.0
604.4009996414185	1.9745871999999736	epochs	2.0
604.4009996414185	1.0985621999999466	epochs	3.0
605.4995618414184	0.8760250000000269	epochs	3.0
606.3755868414185	1.3524075000000266	epochs	2.0
606.3755868414185	0.7286354999999958	epochs	3.0
607.1042223414184	0.6237720000000309	epochs	3.0
607.7279943414185	1.029759199999944	epochs	2.0
607.7279943414185	0.5453292999999348	epochs	3.0
608.2733236414184	0.4844299000000092	epochs	3.0
608.7577535414184	0.00284610000005614	epochs	2.0
608.7577535414184	0.00284610000005614	epochs	3.0
608.7605996414185	16.640319999999974	epochs	0.0
609.6549997329712	0.10000000000002274	epochs	0.0
609.6549997329712	0.04499999999995907	epochs	1.0
609.6999997329712	0.009999999999990905	epochs	1.0
609.7099997329711	0.04500000000007276	epochs	1.0
609.7549997329712	2.0	epochs	0.0
611.7549997329712	0.5601599999999962	epochs	0.0
611.7549997329712	0.5601599999999962	epochs	1.0
611.7549997329712	0.5	epochs	-1.0
612.2549997329712	0.060159999999996217	epochs	-1.0
612.3151597329712	21.43975999999998	epochs	0.0
613.4719996452332	0.10000000000002274	epochs	0.0
613.4719996452332	0.04499999999995907	epochs	1.0
613.5169996452331	0.009999999999990905	epochs	1.0
613.5269996452331	0.04500000000007276	epochs	1.0
613.5719996452332	2.0	epochs	0.0
615.5719996452332	0.5194400000000314	epochs	0.0
615.5719996452332	0.5194400000000314	epochs	1.0
615.5719996452332	0.5	epochs	-1.0
616.0719996452332	0.019440000000031432	epochs	-1.0
616.0914396452332	21.480479999999943	epochs	0.0
617.2389998435974	0.10000000000002274	epochs	0.0
617.2389998435974	0.04499999999995907	epochs	1.0
617.2839998435974	0.009999999999990905	epochs	1.0
617.2939998435974	0.04500000000007276	epochs	1.0
617.3389998435974	2.0	epochs	0.0
619.3389998435974	0.5197600000000193	epochs	0.0
619.3389998435974	0.5197600000000193	epochs	1.0
619.3389998435974	0.5	epochs	-1.0
619.8389998435974	0.019760000000019318	epochs	-1.0
619.8587598435975	21.480159999999955	epochs	0.0
621.0329999923706	0.10000000000002274	epochs	0.0
621.0329999923706	0.04499999999995907	epochs	1.0
621.0779999923706	0.009999999999990905	epochs	1.0
621.0879999923706	0.04500000000007276	epochs	1.0
621.1329999923706	2.0	epochs	0.0
623.1329999923706	21.999919999999975	epochs	0.0
623.1329999923706	1.0	epochs	1.0
623.1329999923706	0.5	epochs	-1.0
623.6329999923706	19.998640000000023	epochs	-1.0
624.1329999923706	20.0	epochs	1.0
624.1329999923706	4.356753899999944	epochs	-1.0
624.1329999923706	1.9745871999999736	epochs	2.0
624.1329999923706	1.0985621999999466	epochs	3.0
625.2315621923706	0.8760250000000269	epochs	3.0
626.1075871923706	1.3524075000000266	epochs	2.0
626.1075871923706	0.7286354999999958	epochs	3.0
626.8362226923706	0.6237720000000309	epochs	3.0
627.4599946923706	1.029759199999944	epochs	2.0
627.4599946923706	0.5453292999999348	epochs	3.0
628.0053239923706	0.4844299000000092	epochs	3.0
628.4897538923706	0.8317862000000105	epochs	2.0
628.4897538923706	0.4357763000000432	epochs	3.0
628.9255301923706	0.3960098999999673	epochs	3.0
629.3215400923706	0.6977970000000369	epochs	2.0
629.3215400923706	0.3628982000000178	epochs	3.0
629.6844382923706	0.33489880000001904	epochs	3.0
630.0193370923706	0.601045699999986	epochs	2.0
630.0193370923706	0.3109123000000409	epochs	3.0
630.3302493923707	0.29013339999994514	epochs	3.0
630.6203827923706	0.5278859000000011	epochs	2.0
630.6203827923706	0.2719585999999481	epochs	3.0
630.8923413923706	0.25592730000005304	epochs	3.0
631.1482686923706	0.470619299999953	epochs	2.0
631.1482686923706	0.241681299999982	epochs	3.0
631.3899499923706	0.228937999999971	epochs	3.0
631.6188879923706	0.42457039999999324	epochs	2.0
631.6188879923706	0.21747140000002219	epochs	3.0
631.8363593923706	0.20709899999997106	epochs	3.0
632.0434583923706	0.3867354000000205	epochs	2.0
632.0434583923706	0.19767110000009325	epochs	3.0
632.2411294923706	0.18906429999992724	epochs	3.0
632.4301937923706	0.3550953000000163	epochs	2.0
632.4301937923706	0.18117590000008477	epochs	3.0
632.6113696923707	0.17391939999993156	epochs	3.0
632.7852890923706	0.3282431000000088	epochs	2.0
632.7852890923706	0.1672219000000723	epochs	3.0
632.9525109923707	0.16102119999993647	epochs	3.0
633.1135321923706	0.30516799999998057	epochs	2.0
633.1135321923706	0.15526390000002266	epochs	3.0
633.2687960923706	0.1499040999999579	epochs	3.0
633.4187001923706	0.28512530000000424	epochs	2.0
633.4187001923706	0.1449021000000812	epochs	3.0
633.5636022923707	0.14022319999992305	epochs	3.0
633.7038254923706	0.2675537999999733	epochs	2.0
633.7038254923706	0.1358369000000721	epochs	3.0
633.8396623923707	0.13171689999990122	epochs	3.0
633.9713792923706	0.2520229000000427	epochs	2.0
633.9713792923706	0.1278393000000051	epochs	3.0
634.0992185923706	0.12418360000003759	epochs	3.0
634.2234021923706	0.23819649999995818	epochs	2.0
634.2234021923706	0.12073110000005727	epochs	3.0
634.3441332923707	0.11746539999990091	epochs	3.0
634.4615986923706	0.2258088000000953	epochs	2.0
634.4615986923706	0.11437190000003739	epochs	3.0
634.5759705923706	0.1114369000000579	epochs	3.0
634.6874074923707	0.21464599999990241	epochs	2.0
634.6874074923707	0.10864889999993466	epochs	3.0
634.7960563923706	0.10599709999996776	epochs	3.0
634.9020534923706	0.20453500000007807	epochs	2.0
634.9020534923706	0.10347150000006877	epochs	3.0
635.0055249923706	0.1010635000000093	epochs	3.0
635.1065884923706	0.19533400000000256	epochs	2.0
635.1065884923706	0.09876509999992322	epochs	3.0
635.2053535923706	0.09656890000007934	epochs	3.0
635.3019224923706	0.18692529999998442	epochs	2.0
635.3019224923706	0.09446830000001682	epochs	3.0
635.3963907923707	0.09245699999996759	epochs	3.0
635.4888477923706	0.17921069999999872	epochs	2.0
635.4888477923706	0.09052959999996801	epochs	3.0
635.5793773923706	0.08868110000003071	epochs	3.0
635.6680584923706	0.17210769999996955	epochs	2.0
635.6680584923706	0.08690630000000965	epochs	3.0
635.7549647923706	0.0852013999999599	epochs	3.0
635.8401661923706	0.16554640000003928	epochs	2.0
635.8401661923706	0.08356190000006336	epochs	3.0
635.9237280923707	0.08198449999997592	epochs	3.0
636.0057125923706	0.15946710000002895	epochs	2.0
636.0057125923706	0.08046539999998004	epochs	3.0
636.0861779923706	0.07900170000004891	epochs	3.0
636.1651796923707	0.15381839999997737	epochs	2.0
636.1651796923707	0.07759009999995214	epochs	3.0
636.2427697923706	0.07622830000002523	epochs	3.0
636.3189980923706	0.14855639999996129	epochs	2.0
636.3189980923706	0.07491329999993468	epochs	3.0
636.3939113923706	0.0736431000000266	epochs	3.0
636.4675544923706	0.14364239999997608	epochs	2.0
636.4675544923706	0.07241499999997814	epochs	3.0
636.5399694923706	0.07122739999999794	epochs	3.0
636.6111968923706	0.13904309999998077	epochs	2.0
636.6111968923706	0.07007800000008046	epochs	3.0
636.6812748923707	0.0689650999999003	epochs	3.0
636.7502399923706	0.1347293000000036	epochs	2.0
636.7502399923706	0.0678871000000072	epochs	3.0
636.8181270923706	0.06684219999999641	epochs	3.0
636.8849692923706	0.1306752000000415	epochs	2.0
636.8849692923706	0.06582910000008724	epochs	3.0
636.9507983923706	0.06484609999995428	epochs	3.0
637.0156444923706	0.12685780000003888	epochs	2.0
637.0156444923706	0.06389200000000983	epochs	3.0
637.0795364923706	0.06296580000002905	epochs	3.0
637.1425022923706	0.12325720000001184	epochs	2.0
637.1425022923706	0.062065799999913907	epochs	3.0
637.2045680923706	0.06119140000009793	epochs	3.0
637.2657594923706	0.11985540000000583	epochs	2.0
637.2657594923706	0.060341099999959624	epochs	3.0
637.3261005923706	0.059514300000046205	epochs	3.0
637.3856148923707	0.1166361999999026	epochs	2.0
637.3856148923707	0.058709599999929196	epochs	3.0
637.4443244923706	0.057926599999973405	epochs	3.0
637.5022510923706	0.11358560000007856	epochs	2.0
637.5022510923706	0.05716420000010203	epochs	3.0
637.5594152923707	0.05642139999997653	epochs	3.0
637.6158366923706	0.11069049999991876	epochs	2.0
637.6158366923706	0.05569789999992736	epochs	3.0
637.6715345923706	0.0549925999999914	epochs	3.0
637.7265271923706	0.1079391000000669	epochs	2.0
637.7265271923706	0.05430490000003374	epochs	3.0
637.7808320923706	0.05363420000003316	epochs	3.0
637.8344662923706	0.10532149999994544	epochs	2.0
637.8344662923706	0.05297999999993408	epochs	3.0
637.8874462923706	0.052341500000011365	epochs	3.0
637.9397877923706	0.10282760000006874	epochs	2.0
637.9397877923706	0.05171810000001642	epochs	3.0
637.9915058923706	0.05110950000005232	epochs	3.0
638.0426153923706	0.10044909999999163	epochs	2.0
638.0426153923706	0.05051489999993919	epochs	3.0
638.0931302923706	0.04993420000005244	epochs	3.0
638.1430644923706	0.0981782999999723	epochs	2.0
638.1430644923706	0.04936659999998483	epochs	3.0
638.1924310923706	0.04881169999998747	epochs	3.0
638.2412427923706	0.09600780000005216	epochs	2.0
638.2412427923706	0.04826920000004975	epochs	3.0
638.2895119923706	0.04773860000000241	epochs	3.0
638.3372505923707	0.09393119999992905	epochs	2.0
638.3372505923707	0.04721949999998287	epochs	3.0
638.3844700923706	0.04671169999994618	epochs	3.0
638.4311817923706	0.09194260000003851	epochs	2.0
638.4311817923706	0.046214599999984785	epochs	3.0
638.4773963923706	0.045728000000053726	epochs	3.0
638.5231243923706	0.09003629999995155	epochs	2.0
638.5231243923706	0.045251499999949374	epochs	3.0
638.5683758923706	0.04478480000000218	epochs	3.0
638.6131606923706	0.08820760000003247	epochs	2.0
638.6131606923706	0.044327800000019124	epochs	3.0
638.6574884923706	0.04387980000001335	epochs	3.0
638.7013682923706	0.0864516999999978	epochs	2.0
638.7013682923706	0.04344100000002982	epochs	3.0
638.7448092923706	0.04301069999996798	epochs	3.0
638.7878199923706	0.08476429999996071	epochs	2.0
638.7878199923706	0.04258900000002086	epochs	3.0
638.8304089923706	0.04217529999993985	epochs	3.0
638.8725842923706	0.08314150000001064	epochs	2.0
638.8725842923706	0.04176970000003166	epochs	3.0
638.9143539923706	0.041371799999978975	epochs	3.0
638.9557257923706	0.08157970000002024	epochs	2.0
638.9557257923706	0.04098140000007788	epochs	3.0
638.9967071923706	0.040598299999942355	epochs	3.0
639.0373054923706	0.08007550000002084	epochs	2.0
639.0373054923706	0.04022229999998217	epochs	3.0
639.0775277923706	0.03985320000003867	epochs	3.0
639.1173809923706	0.07862569999997504	epochs	2.0
639.1173809923706	0.0394907999999532	epochs	3.0
639.1568717923706	0.039134900000021844	epochs	3.0
639.1960066923706	0.07722760000001472	epochs	2.0
639.1960066923706	0.038785400000051595	epochs	3.0
639.2347920923706	0.03844219999996312	epochs	3.0
639.2732342923706	0.07587820000003376	epochs	2.0
639.2732342923706	0.038104800000041905	epochs	3.0
639.3113390923706	0.03777339999999185	epochs	3.0
639.3491124923706	0.07457519999991291	epochs	2.0
639.3491124923706	0.03744769999991604	epochs	3.0
639.3865601923706	0.03712749999999687	epochs	3.0
639.4236876923705	0.07331630000010136	epochs	2.0
639.4236876923705	0.0368129000000863	epochs	3.0
639.4605005923706	0.03650340000001506	epochs	3.0
639.4970039923707	0.07209899999998015	epochs	2.0
639.4970039923707	0.03619909999997617	epochs	3.0
639.5332030923706	0.03589990000000398	epochs	3.0
639.5691029923706	0.07092169999998532	epochs	2.0
639.5691029923706	0.03560559999993984	epochs	3.0
639.6047085923706	0.03531610000004548	epochs	3.0
639.6400246923706	0.06978200000003199	epochs	2.0
639.6400246923706	0.03503119999993487	epochs	3.0
639.6750558923706	0.034750800000097115	epochs	3.0
639.7098066923706	0.06867859999999837	epochs	2.0
639.7098066923706	0.03447510000000875	epochs	3.0
639.7442817923707	0.03420349999998962	epochs	3.0
639.7784852923706	0.06760929999995824	epochs	2.0
639.7784852923706	0.033936199999970995	epochs	3.0
639.8124214923706	0.033673099999987244	epochs	3.0
639.8460945923706	0.06657289999998284	epochs	2.0
639.8460945923706	0.03341399999999339	epochs	3.0
639.8795085923706	0.033158899999989444	epochs	3.0
639.9126674923706	0.06556780000005347	epochs	2.0
639.9126674923706	0.032907700000009754	epochs	3.0
639.9455751923706	0.03266010000004371	epochs	3.0
639.9782352923706	0.06459259999996902	epochs	2.0
639.9782352923706	0.032416399999988244	epochs	3.0
640.0106516923706	0.03217619999998078	epochs	3.0
640.0428278923706	0.0636459999999488	epochs	2.0
640.0428278923706	0.03193959999998697	epochs	3.0
640.0747674923706	0.03170639999996183	epochs	3.0
640.1064738923706	0.06272670000009839	epochs	2.0
640.1064738923706	0.03147660000001906	epochs	3.0
640.1379504923706	0.03125010000007933	epochs	3.0
640.1692005923707	0.06183359999999993	epochs	2.0
640.1692005923707	0.03102689999991526	epochs	3.0
640.2002274923706	0.030806700000084675	epochs	3.0
640.2310341923707	0.060965599999917686	epochs	2.0
640.2310341923707	0.030589799999916067	epochs	3.0
640.2616239923706	0.030375800000001618	epochs	3.0
640.2919997923706	0.06012160000000222	epochs	2.0
640.2919997923706	0.030164900000045236	epochs	3.0
640.3221646923706	0.02995669999995698	epochs	3.0
640.3521213923706	0.05930069999999432	epochs	2.0
640.3521213923706	0.029751600000054168	epochs	3.0
640.3818729923706	0.029549099999940154	epochs	3.0
640.4114220923706	0.05850180000004457	epochs	2.0
640.4114220923706	0.02934940000000097	epochs	3.0
640.4407714923706	0.0291524000000436	epochs	3.0
640.4699238923706	0.05772419999993872	epochs	2.0
640.4699238923706	0.028957999999988715	epochs	3.0
640.4988818923706	0.028766199999950004	epochs	3.0
640.5276480923706	0.05696710000006533	epochs	2.0
640.5276480923706	0.028577000000041153	epochs	3.0
640.5562250923706	0.028390100000024177	epochs	3.0
640.5846151923706	0.05622949999997218	epochs	2.0
640.5846151923706	0.028205699999944045	epochs	3.0
640.6128208923706	0.028023800000028132	epochs	3.0
640.6408446923706	0.05551070000001346	epochs	2.0
640.6408446923706	0.027843999999959124	epochs	3.0
640.6686886923706	0.027666700000054334	epochs	3.0
640.6963553923706	0.054810200000019904	epochs	2.0
640.6963553923706	0.02749149999999645	epochs	3.0
640.7238468923706	0.027318700000023455	epochs	3.0
640.7511655923706	0.05412699999999404	epochs	2.0
640.7511655923706	0.027147799999966082	epochs	3.0
640.7783133923706	0.02697920000002796	epochs	3.0
640.8052925923706	0.053460699999959616	epochs	2.0
640.8052925923706	0.0268125999999711	epochs	3.0
640.8321051923706	0.026648099999988517	epochs	3.0
640.8587532923706	0.05281070000000909	epochs	2.0
640.8587532923706	0.026485600000000886	epochs	3.0
640.8852388923706	0.026325100000008206	epochs	3.0
640.9115639923706	0.05217619999996259	epochs	2.0
640.9115639923706	0.026166399999965506	epochs	3.0
640.9377303923706	0.026009799999997085	epochs	3.0
640.9637401923706	0.05155670000010559	epochs	2.0
640.9637401923706	0.025854800000047362	epochs	3.0
640.9895949923706	0.02570190000005823	epochs	3.0
641.0152968923707	0.05095189999997274	epochs	2.0
641.0152968923707	0.025550699999939752	epochs	3.0
641.0408475923706	0.025401200000032986	epochs	3.0
641.0662487923706	0.05036099999995258	epochs	2.0
641.0662487923706	0.025253499999962514	epochs	3.0
641.0915022923706	0.02510749999999007	epochs	3.0
641.1166097923706	0.049783800000000156	epochs	2.0
641.1166097923706	0.02496320000000196	epochs	3.0
641.1415729923706	0.024820599999998194	epochs	3.0
641.1663935923706	0.049219500000049266	epochs	2.0
641.1663935923706	0.02467940000008184	epochs	3.0
641.1910729923707	0.024540099999967424	epochs	3.0
641.2156130923706	0.048667899999941255	epochs	2.0
641.2156130923706	0.02440209999997478	epochs	3.0
641.2400151923706	0.024265799999966475	epochs	3.0
641.2642809923706	0.04812860000004093	epochs	2.0
641.2642809923706	0.024131000000011227	epochs	3.0
641.2884119923706	0.023997600000029706	epochs	3.0
641.3124095923706	0.04760109999995166	epochs	2.0
641.3124095923706	0.023865799999953197	epochs	3.0
641.3362753923706	0.02373529999999846	epochs	3.0
641.3600106923706	0.047085000000038235	epochs	2.0
641.3600106923706	0.02360630000009678	epochs	3.0
641.3836169923707	0.023478699999941455	epochs	3.0
641.4070956923706	0.046579999999948996	epochs	2.0
641.4070956923706	0.02335249999998723	epochs	3.0
641.4304481923706	0.023227499999961765	epochs	3.0
641.4536756923706	0.046085700000048746	epochs	2.0
641.4536756923706	0.023104000000103042	epochs	3.0
641.4767796923707	0.022981699999945704	epochs	3.0
641.4997613923706	0.045601799999985815	epochs	2.0
641.4997613923706	0.022860700000023826	epochs	3.0
641.5226220923706	0.02274109999996199	epochs	3.0
641.5453631923706	0.04512790000001132	epochs	2.0
641.5453631923706	0.022622500000011314	epochs	3.0
641.5679856923706	0.02250540000000001	epochs	3.0
641.5904910923706	0.044663799999966614	epochs	2.0
641.5904910923706	0.02238929999998618	epochs	3.0
641.6128803923706	0.022274499999980435	epochs	3.0
641.6351548923706	0.04420920000006845	epochs	2.0
641.6351548923706	0.022160800000051495	epochs	3.0
641.6573156923706	0.022048400000016954	epochs	3.0
641.6793640923706	0.04376359999992019	epochs	2.0
641.6793640923706	0.021936900000014248	epochs	3.0
641.7013009923706	0.02182669999990594	epochs	3.0
641.7231276923706	0.04332710000005591	epochs	2.0
641.7231276923706	0.02171760000010181	epochs	3.0
641.7448452923707	0.021609499999954096	epochs	3.0
641.7664547923706	0.04289900000003399	epochs	2.0
641.7664547923706	0.02150249999999687	epochs	3.0
641.7879572923706	0.021396500000037122	epochs	3.0
641.8093537923706	0.042479500000013104	epochs	2.0
641.8093537923706	0.02129170000000613	epochs	3.0
641.8306454923706	0.021187800000006973	epochs	3.0
641.8518332923707	0.04206789999989269	epochs	2.0
641.8518332923707	0.02108490000000529	epochs	3.0
641.8729181923707	0.020982999999887397	epochs	3.0
641.8939011923705	0.04166440000005878	epochs	2.0
641.8939011923705	0.02088220000007368	epochs	3.0
641.9147833923706	0.020782199999985096	epochs	3.0
641.9355655923706	0.04126850000000104	epochs	2.0
641.9355655923706	0.020683299999973315	epochs	3.0
641.9562488923706	0.020585200000027726	epochs	3.0
641.9768340923706	0.04088000000001557	epochs	2.0
641.9768340923706	0.020488099999965925	epochs	3.0
641.9973221923706	0.020391900000049645	epochs	3.0
642.0177140923706	0.04049880000002304	epochs	2.0
642.0177140923706	0.020296599999937825	epochs	3.0
642.0380106923706	0.020202200000085213	epochs	3.0
642.0582128923706	0.040124599999899146	epochs	2.0
642.0582128923706	0.020108699999923374	epochs	3.0
642.0783215923706	0.020015899999975773	epochs	3.0
642.0983374923705	0.03975730000001931	epochs	2.0
642.0983374923705	0.019924200000104975	epochs	3.0
642.1182616923707	0.01983309999991434	epochs	3.0
642.1380947923706	0.03939669999999751	epochs	2.0
642.1380947923706	0.01974300000006224	epochs	3.0
642.1578377923706	0.01965369999993527	epochs	3.0
642.1774914923706	0.039042400000084854	epochs	2.0
642.1774914923706	0.01956510000002254	epochs	3.0
642.1970565923706	0.019477300000062314	epochs	3.0
642.2165338923706	0.03869459999998526	epochs	2.0
642.2165338923706	0.01939039999990655	epochs	3.0
642.2359242923706	0.01930420000007871	epochs	3.0
642.2552284923706	0.03835289999994984	epochs	2.0
642.2552284923706	0.019218799999976	epochs	3.0
642.2744472923706	0.01913409999997384	epochs	3.0
642.2935813923706	0.03801720000001296	epochs	2.0
642.2935813923706	0.019050200000037876	epochs	3.0
642.3126315923706	0.018966999999975087	epochs	3.0
642.3315985923706	0.037687200000050325	epochs	2.0
642.3315985923706	0.01888450000001285	epochs	3.0
642.3504830923706	0.018802700000037476	epochs	3.0
642.3692857923706	0.03736309999999321	epochs	2.0
642.3692857923706	0.018721700000014607	epochs	3.0
642.3880074923707	0.018641399999978603	epochs	3.0
642.4066488923706	0.03704429999993408	epochs	2.0
642.4066488923706	0.01856159999999818	epochs	3.0
642.4252104923706	0.018482699999935903	epochs	3.0
642.4436931923706	0.0367310000000316	epochs	2.0
642.4436931923706	0.018404300000042895	epochs	3.0
642.4620974923706	0.018326699999988705	epochs	3.0
642.4804241923706	0.036422900000047775	epochs	2.0
642.4804241923706	0.018249599999990096	epochs	3.0
642.4986737923706	0.01817330000005768	epochs	3.0
642.5168470923707	0.03612009999994825	epochs	2.0
642.5168470923707	0.01809759999991911	epochs	3.0
642.5349446923706	0.01802250000002914	epochs	3.0
642.5529671923706	0.03582210000001851	epochs	2.0
642.5529671923706	0.017947899999967376	epochs	3.0
642.5709150923706	0.017874200000051133	epochs	3.0
642.5887892923706	0.03552899999999681	epochs	2.0
642.5887892923706	0.017800800000031813	epochs	3.0
642.6065900923707	0.017728199999965	epochs	3.0
642.6243182923706	0.03524070000003121	epochs	2.0
642.6243182923706	0.017656099999953767	epochs	3.0
642.6419743923706	0.017584600000077444	epochs	3.0
642.6595589923706	0.03495709999992869	epochs	2.0
642.6595589923706	0.01751369999999497	epochs	3.0
642.6770726923706	0.017443399999933717	epochs	3.0
642.6945160923706	0.03467790000001969	epochs	2.0
642.6945160923706	0.017373600000041733	epochs	3.0
642.7118896923706	0.017304299999977957	epochs	3.0
642.7291939923706	0.03440330000000813	epochs	2.0
642.7291939923706	0.01723570000001473	epochs	3.0
642.7464296923706	0.0171675999999934	epochs	3.0
642.7635972923706	0.03413279999995211	epochs	2.0
642.7635972923706	0.01709989999994832	epochs	3.0
642.7806971923706	0.017032900000003792	epochs	3.0
642.7977300923706	0.03386670000008962	epochs	2.0
642.7977300923706	0.01696640000000116	epochs	3.0
642.8146964923706	0.016900300000088464	epochs	3.0
642.8315967923706	0.03360459999998966	epochs	2.0
642.8315967923706	0.01683479999996962	epochs	3.0
642.8484315923706	0.01676980000002004	epochs	3.0
642.8652013923706	0.033346599999958926	epochs	2.0
642.8652013923706	0.016705300000012357	epochs	3.0
642.8819066923706	0.01664129999994657	epochs	3.0
642.8985479923706	0.03309250000006614	epochs	2.0
642.8985479923706	0.016577800000050047	epochs	3.0
642.9151257923706	0.01651470000001609	epochs	3.0
642.9316404923707	0.03284229999997024	epochs	2.0
642.9316404923707	0.016452199999889672	epochs	3.0
642.9480926923706	0.016390100000080565	epochs	3.0
642.9644827923706	0.03259570000000167	epochs	2.0
642.9644827923706	0.016328400000020338	epochs	3.0
642.9808111923707	0.016267299999981333	epochs	3.0
642.9970784923706	0.032352899999978035	epochs	2.0
642.9970784923706	0.01620659999991858	epochs	3.0
643.0132850923706	0.016146300000059455	epochs	3.0
643.0294313923706	0.03211369999996805	epochs	2.0
643.0294313923706	0.016086599999994178	epochs	3.0
643.0455179923706	0.01602709999997387	epochs	3.0
643.0615450923706	0.03187800000000607	epochs	2.0
643.0615450923706	0.015968199999974786	epochs	3.0
643.0775132923706	0.015909800000031282	epochs	3.0
643.0934230923706	0.031645700000012766	epochs	2.0
643.0934230923706	0.01585160000001906	epochs	3.0
643.1092746923706	0.015794099999993705	epochs	3.0
643.1250687923706	0.0314167000000225	epochs	2.0
643.1250687923706	0.015736700000047676	epochs	3.0
643.1408054923706	0.015679999999974825	epochs	3.0
643.1564854923706	0.031191100000000915	epochs	2.0
643.1564854923706	0.015623600000026272	epochs	3.0
643.1721090923706	0.015567499999974643	epochs	3.0
643.1876765923706	0.030968700000016725	epochs	2.0
643.1876765923706	0.015511999999944237	epochs	3.0
643.2031885923706	0.015456700000072487	epochs	3.0
643.2186452923706	0.030749499999956242	epochs	2.0
643.2186452923706	0.015401999999994587	epochs	3.0
643.2340472923706	0.015347499999961656	epochs	3.0
643.2493947923706	0.03053320000003623	epochs	2.0
643.2493947923706	0.015293400000018664	epochs	3.0
643.2646881923706	0.015239800000017567	epochs	3.0
643.2799279923706	0.030320099999926242	epochs	2.0
643.2799279923706	0.015186500000027081	epochs	3.0
643.2951144923707	0.015133599999899161	epochs	3.0
643.3102480923706	0.03010990000007041	epochs	2.0
643.3102480923706	0.015081000000009226	epochs	3.0
643.3253290923706	0.015028900000061185	epochs	3.0
643.3403579923706	0.029902499999934662	epochs	2.0
643.3403579923706	0.01497699999993074	epochs	3.0
643.3553349923706	0.014925500000003922	epochs	3.0
643.3702604923706	0.029698100000018712	epochs	2.0
643.3702604923706	0.014874400000053356	epochs	3.0
643.3851348923706	0.014823699999965356	epochs	3.0
643.3999585923706	0.02949630000000525	epochs	2.0
643.3999585923706	0.014773200000036013	epochs	3.0
643.4147317923706	0.014723099999969236	epochs	3.0
643.4294548923706	0.02929740000001857	epochs	2.0
643.4294548923706	0.014673399999992398	epochs	3.0
643.4441282923706	0.014624000000026172	epochs	3.0
643.4587522923706	0.029101100000048064	epochs	2.0
643.4587522923706	0.01457489999995687	epochs	3.0
643.4733271923706	0.014526200000091194	epochs	3.0
643.4878533923707	0.028907399999980044	epochs	2.0
643.4878533923707	0.014477699999929428	epochs	3.0
643.5023310923706	0.014429700000050616	epochs	3.0
643.5167607923706	0.028716199999962555	epochs	2.0
643.5167607923706	0.014381800000023759	epochs	3.0
643.5311425923707	0.014334399999938796	epochs	3.0
643.5454769923706	0.02852759999996124	epochs	2.0
643.5454769923706	0.01428720000001249	epochs	3.0
643.5597641923706	0.01424039999994875	epochs	3.0
643.5740045923706	0.028341400000044814	epochs	2.0
643.5740045923706	0.014193800000043666	epochs	3.0
643.5881983923706	0.014147600000001148	epochs	3.0
643.6023459923706	0.028157699999951546	epochs	2.0
643.6023459923706	0.014101699999969242	epochs	3.0
643.6164476923706	0.014055999999982305	epochs	3.0
643.6305036923706	0.027976300000091214	epochs	2.0
643.6305036923706	0.01401060000000598	epochs	3.0
643.6445142923706	0.013965700000085235	epochs	3.0
643.6584799923706	0.02779720000000907	epochs	2.0
643.6584799923706	0.013920799999937117	epochs	3.0
643.6724007923706	0.013876400000071953	epochs	3.0
643.6862771923707	0.027620399999932488	epochs	2.0
643.6862771923707	0.0138321999999107	epochs	3.0
643.7001093923706	0.013788200000021789	epochs	3.0
643.7138975923706	0.027445899999975154	epochs	2.0
643.7138975923706	0.013744599999995444	epochs	3.0
643.7276421923706	0.01370129999997971	epochs	3.0
643.7413434923706	0.0272735000000921	epochs	2.0
643.7413434923706	0.013658200000008947	epochs	3.0
643.7550016923706	0.013615300000083153	epochs	3.0
643.7686169923707	0.027103399999987232	epochs	2.0
643.7686169923707	0.013572799999906238	epochs	3.0
643.7821897923706	0.013530600000080995	epochs	3.0
643.7957203923706	0.026935199999911674	epochs	2.0
643.7957203923706	0.01348839999991469	epochs	3.0
643.8092087923706	0.013446799999996983	epochs	3.0
643.8226555923706	0.02676920000010341	epochs	2.0
643.8226555923706	0.013405200000079276	epochs	3.0
643.8360607923706	0.013364000000024134	epochs	3.0
643.8494247923707	0.026605199999949036	epochs	2.0
643.8494247923707	0.013322899999934634	epochs	3.0
643.8627476923706	0.013282300000014402	epochs	3.0
643.8760299923706	0.026443200000016986	epochs	2.0
643.8760299923706	0.013241699999980483	epochs	3.0
643.8892716923706	0.013201500000036503	epochs	3.0
643.9024731923706	0.0262831999999662	epochs	2.0
643.9024731923706	0.013161500000023807	epochs	3.0
643.9156346923706	0.013121699999942393	epochs	3.0
643.9287563923706	0.02612499999997908	epochs	2.0
643.9287563923706	0.013082100000019636	epochs	3.0
643.9418384923706	0.013042899999959445	epochs	3.0
643.9548813923706	0.025968900000066242	epochs	2.0
643.9548813923706	0.01300390000005791	epochs	3.0
643.9678852923706	0.012965000000008331	epochs	3.0
643.9808502923706	0.025814500000024054	epochs	2.0
643.9808502923706	0.012926399999969362	epochs	3.0
643.9937766923706	0.012888100000054692	epochs	3.0
644.0066647923707	0.025661899999931848	epochs	2.0
644.0066647923707	0.012849899999991976	epochs	3.0
644.0195146923706	0.012811999999939871	epochs	3.0
644.0323266923706	0.025511199999982637	epochs	2.0
644.0323266923706	0.012774400000012065	epochs	3.0
644.0451010923706	0.012736799999970572	epochs	3.0
644.0578378923706	0.025362299999983406	epochs	2.0
644.0578378923706	0.01269969999998466	epochs	3.0
644.0705375923706	0.012662599999998747	epochs	3.0
644.0832001923706	0.025215000000002874	epochs	2.0
644.0832001923706	0.012625800000023446	epochs	3.0
644.0958259923706	0.012589199999979428	epochs	3.0
644.1084151923706	0.024584800000070572	epochs	2.0
644.1316399923707	0.5	epochs	-1.0
644.1329999923706	0.9999199999999746	epochs	1.0
644.6316399923707	0.5	epochs	-1.0
660.6419997215271	0.10000000000002274	epochs	0.0
660.6419997215271	0.04499999999995907	epochs	1.0
660.6869997215271	0.009999999999990905	epochs	1.0
660.696999721527	0.04500000000007276	epochs	1.0
660.7419997215271	2.0	epochs	0.0
662.7419997215271	5.3993600000000015	epochs	0.0
662.7419997215271	1.0	epochs	1.0
662.7419997215271	0.5	epochs	-1.0
663.2419997215271	4.8993600000000015	epochs	-1.0
663.7419997215271	4.3993600000000015	epochs	1.0
663.7419997215271	4.356753899999944	epochs	-1.0
663.7419997215271	1.9745871999999736	epochs	2.0
663.7419997215271	1.0985621999999466	epochs	3.0
664.8405619215271	0.8760250000000269	epochs	3.0
665.7165869215271	1.3524075000000266	epochs	2.0
665.7165869215271	0.7286354999999958	epochs	3.0
666.4452224215271	0.6237720000000309	epochs	3.0
667.0689944215271	1.029759199999944	epochs	2.0
667.0689944215271	0.5453292999999348	epochs	3.0
667.6143237215271	0.4844299000000092	epochs	3.0
668.0987536215271	0.04260610000005727	epochs	2.0
668.0987536215271	0.04260610000005727	epochs	3.0
668.1413597215271	16.600559999999973	epochs	0.0
669.1159996986389	0.10000000000002274	epochs	0.0
669.1159996986389	0.04499999999995907	epochs	1.0
669.1609996986389	0.009999999999990905	epochs	1.0
669.1709996986389	0.04500000000007276	epochs	1.0
669.2159996986389	2.0	epochs	0.0
671.2159996986389	0.5000800000000254	epochs	0.0
671.2159996986389	0.5000800000000254	epochs	1.0
671.2159996986389	0.5	epochs	-1.0
671.7159996986389	8.000000002539309e-05	epochs	-1.0
671.716079698639	21.49983999999995	epochs	0.0
672.933000087738	0.10000000000002274	epochs	0.0
672.933000087738	0.04499999999995907	epochs	1.0
672.978000087738	0.009999999999990905	epochs	1.0
672.988000087738	0.04500000000007276	epochs	1.0
673.0330000877381	2.0	epochs	0.0
675.0330000877381	5.3998399999999265	epochs	0.0
675.0330000877381	1.0	epochs	1.0
675.0330000877381	0.5	epochs	-1.0
675.5330000877381	4.8998399999999265	epochs	-1.0
676.0330000877381	4.3998399999999265	epochs	1.0
676.0330000877381	4.356753899999944	epochs	-1.0
676.0330000877381	1.9745871999999736	epochs	2.0
676.0330000877381	1.0985621999999466	epochs	3.0
677.131562287738	0.8760250000000269	epochs	3.0
678.007587287738	1.3524075000000266	epochs	2.0
678.007587287738	0.7286354999999958	epochs	3.0
678.736222787738	0.6237720000000309	epochs	3.0
679.3599947877381	1.029759199999944	epochs	2.0
679.3599947877381	0.5453292999999348	epochs	3.0
679.905324087738	0.4844299000000092	epochs	3.0
680.389753987738	0.04308609999998225	epochs	2.0
680.389753987738	0.04308609999998225	epochs	3.0
680.432840087738	16.600080000000048	epochs	0.0
681.3819999694824	0.10000000000002274	epochs	0.0
681.3819999694824	0.04499999999995907	epochs	1.0
681.4269999694824	0.009999999999990905	epochs	1.0
681.4369999694824	0.04500000000007276	epochs	1.0
681.4819999694824	2.0	epochs	0.0
683.4819999694824	0.5194400000000314	epochs	0.0
683.4819999694824	0.5194400000000314	epochs	1.0
683.4819999694824	0.5	epochs	-1.0
683.9819999694824	0.019440000000031432	epochs	-1.0
684.0014399694825	21.480479999999943	epochs	0.0
685.1989998817444	0.10000000000002274	epochs	0.0
685.1989998817444	0.04499999999995907	epochs	1.0
685.2439998817443	0.009999999999990905	epochs	1.0
685.2539998817443	0.04500000000007276	epochs	1.0
685.2989998817444	2.0	epochs	0.0
687.2989998817444	21.539440000000013	epochs	0.0
687.2989998817444	1.0	epochs	1.0
687.2989998817444	0.5	epochs	-1.0
687.7989998817444	19.997920000000022	epochs	-1.0
688.2989998817444	20.0	epochs	1.0
688.2989998817444	4.356753899999944	epochs	-1.0
688.2989998817444	1.9745871999999736	epochs	2.0
688.2989998817444	1.0985621999999466	epochs	3.0
689.3975620817444	0.8760250000000269	epochs	3.0
690.2735870817444	1.3524075000000266	epochs	2.0
690.2735870817444	0.7286354999999958	epochs	3.0
691.0022225817444	0.6237720000000309	epochs	3.0
691.6259945817444	1.029759199999944	epochs	2.0
691.6259945817444	0.5453292999999348	epochs	3.0
692.1713238817443	0.4844299000000092	epochs	3.0
692.6557537817444	0.8317862000000105	epochs	2.0
692.6557537817444	0.4357763000000432	epochs	3.0
693.0915300817444	0.3960098999999673	epochs	3.0
693.4875399817444	0.6977970000000369	epochs	2.0
693.4875399817444	0.3628982000000178	epochs	3.0
693.8504381817444	0.33489880000001904	epochs	3.0
694.1853369817444	0.601045699999986	epochs	2.0
694.1853369817444	0.3109123000000409	epochs	3.0
694.4962492817444	0.29013339999994514	epochs	3.0
694.7863826817444	0.5278859000000011	epochs	2.0
694.7863826817444	0.2719585999999481	epochs	3.0
695.0583412817443	0.25592730000005304	epochs	3.0
695.3142685817444	0.470619299999953	epochs	2.0
695.3142685817444	0.241681299999982	epochs	3.0
695.5559498817444	0.228937999999971	epochs	3.0
695.7848878817443	0.42457039999999324	epochs	2.0
695.7848878817443	0.21747140000002219	epochs	3.0
696.0023592817444	0.20709899999997106	epochs	3.0
696.2094582817443	0.3867354000000205	epochs	2.0
696.2094582817443	0.19767110000009325	epochs	3.0
696.4071293817444	0.18906429999992724	epochs	3.0
696.5961936817444	0.3550953000000163	epochs	2.0
696.5961936817444	0.18117590000008477	epochs	3.0
696.7773695817444	0.17391939999993156	epochs	3.0
696.9512889817444	0.3282431000000088	epochs	2.0
696.9512889817444	0.1672219000000723	epochs	3.0
697.1185108817444	0.16102119999993647	epochs	3.0
697.2795320817444	0.30516799999998057	epochs	2.0
697.2795320817444	0.15526390000002266	epochs	3.0
697.4347959817444	0.1499040999999579	epochs	3.0
697.5847000817444	0.28512530000000424	epochs	2.0
697.5847000817444	0.1449021000000812	epochs	3.0
697.7296021817444	0.14022319999992305	epochs	3.0
697.8698253817444	0.2675537999999733	epochs	2.0
697.8698253817444	0.1358369000000721	epochs	3.0
698.0056622817444	0.13171689999990122	epochs	3.0
698.1373791817443	0.2520229000000427	epochs	2.0
698.1373791817443	0.1278393000000051	epochs	3.0
698.2652184817443	0.12418360000003759	epochs	3.0
698.3894020817444	0.23819649999995818	epochs	2.0
698.3894020817444	0.12073110000005727	epochs	3.0
698.5101331817444	0.11746539999990091	epochs	3.0
698.6275985817443	0.2258088000000953	epochs	2.0
698.6275985817443	0.11437190000003739	epochs	3.0
698.7419704817444	0.1114369000000579	epochs	3.0
698.8534073817444	0.21464599999990241	epochs	2.0
698.8534073817444	0.10864889999993466	epochs	3.0
698.9620562817444	0.10599709999996776	epochs	3.0
699.0680533817443	0.20453500000007807	epochs	2.0
699.0680533817443	0.10347150000006877	epochs	3.0
699.1715248817444	0.1010635000000093	epochs	3.0
699.2725883817444	0.19533400000000256	epochs	2.0
699.2725883817444	0.09876509999992322	epochs	3.0
699.3713534817443	0.09656890000007934	epochs	3.0
699.4679223817444	0.18692529999998442	epochs	2.0
699.4679223817444	0.09446830000001682	epochs	3.0
699.5623906817444	0.09245699999996759	epochs	3.0
699.6548476817444	0.17921069999999872	epochs	2.0
699.6548476817444	0.09052959999996801	epochs	3.0
699.7453772817444	0.08868110000003071	epochs	3.0
699.8340583817444	0.17210769999996955	epochs	2.0
699.8340583817444	0.08690630000000965	epochs	3.0
699.9209646817444	0.0852013999999599	epochs	3.0
700.0061660817444	0.16554640000003928	epochs	2.0
700.0061660817444	0.08356190000006336	epochs	3.0
700.0897279817444	0.08198449999997592	epochs	3.0
700.1717124817444	0.15946710000002895	epochs	2.0
700.1717124817444	0.08046539999998004	epochs	3.0
700.2521778817444	0.07900170000004891	epochs	3.0
700.3311795817444	0.15381839999997737	epochs	2.0
700.3311795817444	0.07759009999995214	epochs	3.0
700.4087696817444	0.07622830000002523	epochs	3.0
700.4849979817444	0.14855639999996129	epochs	2.0
700.4849979817444	0.07491329999993468	epochs	3.0
700.5599112817443	0.0736431000000266	epochs	3.0
700.6335543817444	0.14364239999997608	epochs	2.0
700.6335543817444	0.07241499999997814	epochs	3.0
700.7059693817444	0.07122739999999794	epochs	3.0
700.7771967817444	0.13904309999998077	epochs	2.0
700.7771967817444	0.07007800000008046	epochs	3.0
700.8472747817444	0.0689650999999003	epochs	3.0
700.9162398817443	0.1347293000000036	epochs	2.0
700.9162398817443	0.0678871000000072	epochs	3.0
700.9841269817443	0.06684219999999641	epochs	3.0
701.0509691817443	0.1306752000000415	epochs	2.0
701.0509691817443	0.06582910000008724	epochs	3.0
701.1167982817444	0.06484609999995428	epochs	3.0
701.1816443817444	0.12685780000003888	epochs	2.0
701.1816443817444	0.06389200000000983	epochs	3.0
701.2455363817444	0.06296580000002905	epochs	3.0
701.3085021817444	0.12325720000001184	epochs	2.0
701.3085021817444	0.062065799999913907	epochs	3.0
701.3705679817443	0.06119140000009793	epochs	3.0
701.4317593817444	0.11985540000000583	epochs	2.0
701.4317593817444	0.060341099999959624	epochs	3.0
701.4921004817444	0.059514300000046205	epochs	3.0
701.5516147817444	0.1166361999999026	epochs	2.0
701.5516147817444	0.058709599999929196	epochs	3.0
701.6103243817444	0.057926599999973405	epochs	3.0
701.6682509817443	0.11358560000007856	epochs	2.0
701.6682509817443	0.05716420000010203	epochs	3.0
701.7254151817444	0.05642139999997653	epochs	3.0
701.7818365817444	0.11069049999991876	epochs	2.0
701.7818365817444	0.05569789999992736	epochs	3.0
701.8375344817443	0.0549925999999914	epochs	3.0
701.8925270817443	0.1079391000000669	epochs	2.0
701.8925270817443	0.05430490000003374	epochs	3.0
701.9468319817444	0.05363420000003316	epochs	3.0
702.0004661817444	0.10532149999994544	epochs	2.0
702.0004661817444	0.05297999999993408	epochs	3.0
702.0534461817443	0.052341500000011365	epochs	3.0
702.1057876817443	0.10282760000006874	epochs	2.0
702.1057876817443	0.05171810000001642	epochs	3.0
702.1575057817444	0.05110950000005232	epochs	3.0
702.2086152817444	0.10044909999999163	epochs	2.0
702.2086152817444	0.05051489999993919	epochs	3.0
702.2591301817444	0.04993420000005244	epochs	3.0
702.3090643817444	0.0981782999999723	epochs	2.0
702.3090643817444	0.04936659999998483	epochs	3.0
702.3584309817444	0.04881169999998747	epochs	3.0
702.4072426817444	0.09600780000005216	epochs	2.0
702.4072426817444	0.04826920000004975	epochs	3.0
702.4555118817444	0.04773860000000241	epochs	3.0
702.5032504817444	0.09393119999992905	epochs	2.0
702.5032504817444	0.04721949999998287	epochs	3.0
702.5504699817444	0.04671169999994618	epochs	3.0
702.5971816817444	0.09194260000003851	epochs	2.0
702.5971816817444	0.046214599999984785	epochs	3.0
702.6433962817443	0.045728000000053726	epochs	3.0
702.6891242817444	0.09003629999995155	epochs	2.0
702.6891242817444	0.045251499999949374	epochs	3.0
702.7343757817443	0.04478480000000218	epochs	3.0
702.7791605817443	0.08820760000003247	epochs	2.0
702.7791605817443	0.044327800000019124	epochs	3.0
702.8234883817444	0.04387980000001335	epochs	3.0
702.8673681817444	0.0864516999999978	epochs	2.0
702.8673681817444	0.04344100000002982	epochs	3.0
702.9108091817444	0.04301069999996798	epochs	3.0
702.9538198817444	0.08476429999996071	epochs	2.0
702.9538198817444	0.04258900000002086	epochs	3.0
702.9964088817444	0.04217529999993985	epochs	3.0
703.0385841817443	0.08314150000001064	epochs	2.0
703.0385841817443	0.04176970000003166	epochs	3.0
703.0803538817444	0.041371799999978975	epochs	3.0
703.1217256817444	0.08157970000002024	epochs	2.0
703.1217256817444	0.04098140000007788	epochs	3.0
703.1627070817444	0.040598299999942355	epochs	3.0
703.2033053817444	0.08007550000002084	epochs	2.0
703.2033053817444	0.04022229999998217	epochs	3.0
703.2435276817444	0.03985320000003867	epochs	3.0
703.2833808817444	0.07862569999997504	epochs	2.0
703.2833808817444	0.0394907999999532	epochs	3.0
703.3228716817443	0.039134900000021844	epochs	3.0
703.3620065817444	0.07722760000001472	epochs	2.0
703.3620065817444	0.038785400000051595	epochs	3.0
703.4007919817444	0.03844219999996312	epochs	3.0
703.4392341817444	0.07587820000003376	epochs	2.0
703.4392341817444	0.038104800000041905	epochs	3.0
703.4773389817444	0.03777339999999185	epochs	3.0
703.5151123817444	0.07457519999991291	epochs	2.0
703.5151123817444	0.03744769999991604	epochs	3.0
703.5525600817443	0.03712749999999687	epochs	3.0
703.5896875817443	0.07331630000010136	epochs	2.0
703.5896875817443	0.0368129000000863	epochs	3.0
703.6265004817444	0.03650340000001506	epochs	3.0
703.6630038817444	0.07209899999998015	epochs	2.0
703.6630038817444	0.03619909999997617	epochs	3.0
703.6992029817444	0.03589990000000398	epochs	3.0
703.7351028817444	0.07092169999998532	epochs	2.0
703.7351028817444	0.03560559999993984	epochs	3.0
703.7707084817444	0.03531610000004548	epochs	3.0
703.8060245817444	0.06978200000003199	epochs	2.0
703.8060245817444	0.03503119999993487	epochs	3.0
703.8410557817443	0.034750800000097115	epochs	3.0
703.8758065817444	0.06867859999999837	epochs	2.0
703.8758065817444	0.03447510000000875	epochs	3.0
703.9102816817444	0.03420349999998962	epochs	3.0
703.9444851817444	0.06760929999995824	epochs	2.0
703.9444851817444	0.033936199999970995	epochs	3.0
703.9784213817444	0.033673099999987244	epochs	3.0
704.0120944817444	0.06657289999998284	epochs	2.0
704.0120944817444	0.03341399999999339	epochs	3.0
704.0455084817444	0.033158899999989444	epochs	3.0
704.0786673817444	0.06556780000005347	epochs	2.0
704.0786673817444	0.032907700000009754	epochs	3.0
704.1115750817444	0.03266010000004371	epochs	3.0
704.1442351817444	0.06459259999996902	epochs	2.0
704.1442351817444	0.032416399999988244	epochs	3.0
704.1766515817444	0.03217619999998078	epochs	3.0
704.2088277817444	0.0636459999999488	epochs	2.0
704.2088277817444	0.03193959999998697	epochs	3.0
704.2407673817444	0.03170639999996183	epochs	3.0
704.2724737817443	0.06272670000009839	epochs	2.0
704.2724737817443	0.03147660000001906	epochs	3.0
704.3039503817444	0.03125010000007933	epochs	3.0
704.3352004817444	0.06183359999999993	epochs	2.0
704.3352004817444	0.03102689999991526	epochs	3.0
704.3662273817444	0.030806700000084675	epochs	3.0
704.3970340817444	0.060965599999917686	epochs	2.0
704.3970340817444	0.030589799999916067	epochs	3.0
704.4276238817444	0.030375800000001618	epochs	3.0
704.4579996817444	0.06012160000000222	epochs	2.0
704.4579996817444	0.030164900000045236	epochs	3.0
704.4881645817444	0.02995669999995698	epochs	3.0
704.5181212817444	0.05930069999999432	epochs	2.0
704.5181212817444	0.029751600000054168	epochs	3.0
704.5478728817444	0.029549099999940154	epochs	3.0
704.5774219817444	0.05850180000004457	epochs	2.0
704.5774219817444	0.02934940000000097	epochs	3.0
704.6067713817444	0.0291524000000436	epochs	3.0
704.6359237817444	0.05772419999993872	epochs	2.0
704.6359237817444	0.028957999999988715	epochs	3.0
704.6648817817444	0.028766199999950004	epochs	3.0
704.6936479817443	0.05696710000006533	epochs	2.0
704.6936479817443	0.028577000000041153	epochs	3.0
704.7222249817444	0.028390100000024177	epochs	3.0
704.7506150817444	0.05622949999997218	epochs	2.0
704.7506150817444	0.028205699999944045	epochs	3.0
704.7788207817443	0.028023800000028132	epochs	3.0
704.8068445817444	0.05551070000001346	epochs	2.0
704.8068445817444	0.027843999999959124	epochs	3.0
704.8346885817443	0.027666700000054334	epochs	3.0
704.8623552817444	0.054810200000019904	epochs	2.0
704.8623552817444	0.02749149999999645	epochs	3.0
704.8898467817444	0.027318700000023455	epochs	3.0
704.9171654817444	0.05412699999999404	epochs	2.0
704.9171654817444	0.027147799999966082	epochs	3.0
704.9443132817444	0.02697920000002796	epochs	3.0
704.9712924817444	0.053460699999959616	epochs	2.0
704.9712924817444	0.0268125999999711	epochs	3.0
704.9981050817444	0.026648099999988517	epochs	3.0
705.0247531817444	0.05281070000000909	epochs	2.0
705.0247531817444	0.026485600000000886	epochs	3.0
705.0512387817444	0.026325100000008206	epochs	3.0
705.0775638817444	0.05217619999996259	epochs	2.0
705.0775638817444	0.026166399999965506	epochs	3.0
705.1037302817443	0.026009799999997085	epochs	3.0
705.1297400817443	0.05155670000010559	epochs	2.0
705.1297400817443	0.025854800000047362	epochs	3.0
705.1555948817444	0.02570190000005823	epochs	3.0
705.1812967817444	0.05095189999997274	epochs	2.0
705.1812967817444	0.025550699999939752	epochs	3.0
705.2068474817444	0.025401200000032986	epochs	3.0
705.2322486817444	0.05036099999995258	epochs	2.0
705.2322486817444	0.025253499999962514	epochs	3.0
705.2575021817444	0.02510749999999007	epochs	3.0
705.2826096817444	0.049783800000000156	epochs	2.0
705.2826096817444	0.02496320000000196	epochs	3.0
705.3075728817444	0.024820599999998194	epochs	3.0
705.3323934817444	0.049219500000049266	epochs	2.0
705.3323934817444	0.02467940000008184	epochs	3.0
705.3570728817444	0.024540099999967424	epochs	3.0
705.3816129817444	0.048667899999941255	epochs	2.0
705.3816129817444	0.02440209999997478	epochs	3.0
705.4060150817444	0.024265799999966475	epochs	3.0
705.4302808817444	0.04812860000004093	epochs	2.0
705.4302808817444	0.024131000000011227	epochs	3.0
705.4544118817444	0.023997600000029706	epochs	3.0
705.4784094817444	0.04760109999995166	epochs	2.0
705.4784094817444	0.023865799999953197	epochs	3.0
705.5022752817443	0.02373529999999846	epochs	3.0
705.5260105817443	0.047085000000038235	epochs	2.0
705.5260105817443	0.02360630000009678	epochs	3.0
705.5496168817444	0.023478699999941455	epochs	3.0
705.5730955817444	0.046579999999948996	epochs	2.0
705.5730955817444	0.02335249999998723	epochs	3.0
705.5964480817444	0.023227499999961765	epochs	3.0
705.6196755817443	0.046085700000048746	epochs	2.0
705.6196755817443	0.023104000000103042	epochs	3.0
705.6427795817444	0.022981699999945704	epochs	3.0
705.6657612817444	0.045601799999985815	epochs	2.0
705.6657612817444	0.022860700000023826	epochs	3.0
705.6886219817444	0.02274109999996199	epochs	3.0
705.7113630817444	0.04512790000001132	epochs	2.0
705.7113630817444	0.022622500000011314	epochs	3.0
705.7339855817444	0.02250540000000001	epochs	3.0
705.7564909817444	0.044663799999966614	epochs	2.0
705.7564909817444	0.02238929999998618	epochs	3.0
705.7788802817444	0.022274499999980435	epochs	3.0
705.8011547817443	0.04420920000006845	epochs	2.0
705.8011547817443	0.022160800000051495	epochs	3.0
705.8233155817444	0.022048400000016954	epochs	3.0
705.8453639817444	0.04376359999992019	epochs	2.0
705.8453639817444	0.021936900000014248	epochs	3.0
705.8673008817444	0.02182669999990594	epochs	3.0
705.8891275817443	0.04332710000005591	epochs	2.0
705.8891275817443	0.02171760000010181	epochs	3.0
705.9108451817444	0.021609499999954096	epochs	3.0
705.9324546817444	0.04289900000003399	epochs	2.0
705.9324546817444	0.02150249999999687	epochs	3.0
705.9539571817444	0.021396500000037122	epochs	3.0
705.9753536817444	0.042479500000013104	epochs	2.0
705.9753536817444	0.02129170000000613	epochs	3.0
705.9966453817444	0.021187800000006973	epochs	3.0
706.0178331817444	0.04206789999989269	epochs	2.0
706.0178331817444	0.02108490000000529	epochs	3.0
706.0389180817444	0.020982999999887397	epochs	3.0
706.0599010817443	0.04166440000005878	epochs	2.0
706.0599010817443	0.02088220000007368	epochs	3.0
706.0807832817444	0.020782199999985096	epochs	3.0
706.1015654817444	0.04126850000000104	epochs	2.0
706.1015654817444	0.020683299999973315	epochs	3.0
706.1222487817444	0.020585200000027726	epochs	3.0
706.1428339817444	0.04088000000001557	epochs	2.0
706.1428339817444	0.020488099999965925	epochs	3.0
706.1633220817444	0.020391900000049645	epochs	3.0
706.1837139817444	0.04049880000002304	epochs	2.0
706.1837139817444	0.020296599999937825	epochs	3.0
706.2040105817443	0.020202200000085213	epochs	3.0
706.2242127817444	0.040124599999899146	epochs	2.0
706.2242127817444	0.020108699999923374	epochs	3.0
706.2443214817444	0.020015899999975773	epochs	3.0
706.2643373817443	0.03975730000001931	epochs	2.0
706.2643373817443	0.019924200000104975	epochs	3.0
706.2842615817444	0.01983309999991434	epochs	3.0
706.3040946817443	0.03939669999999751	epochs	2.0
706.3040946817443	0.01974300000006224	epochs	3.0
706.3238376817444	0.01965369999993527	epochs	3.0
706.3434913817443	0.039042400000084854	epochs	2.0
706.3434913817443	0.01956510000002254	epochs	3.0
706.3630564817444	0.019477300000062314	epochs	3.0
706.3825337817444	0.03869459999998526	epochs	2.0
706.3825337817444	0.01939039999990655	epochs	3.0
706.4019241817443	0.01930420000007871	epochs	3.0
706.4212283817444	0.03835289999994984	epochs	2.0
706.4212283817444	0.019218799999976	epochs	3.0
706.4404471817444	0.01913409999997384	epochs	3.0
706.4595812817444	0.03801720000001296	epochs	2.0
706.4595812817444	0.019050200000037876	epochs	3.0
706.4786314817444	0.018966999999975087	epochs	3.0
706.4975984817444	0.037687200000050325	epochs	2.0
706.4975984817444	0.01888450000001285	epochs	3.0
706.5164829817444	0.018802700000037476	epochs	3.0
706.5352856817444	0.03736309999999321	epochs	2.0
706.5352856817444	0.018721700000014607	epochs	3.0
706.5540073817444	0.018641399999978603	epochs	3.0
706.5726487817444	0.03704429999993408	epochs	2.0
706.5726487817444	0.01856159999999818	epochs	3.0
706.5912103817444	0.018482699999935903	epochs	3.0
706.6096930817444	0.0367310000000316	epochs	2.0
706.6096930817444	0.018404300000042895	epochs	3.0
706.6280973817444	0.018326699999988705	epochs	3.0
706.6464240817444	0.036422900000047775	epochs	2.0
706.6464240817444	0.018249599999990096	epochs	3.0
706.6646736817444	0.01817330000005768	epochs	3.0
706.6828469817444	0.03612009999994825	epochs	2.0
706.6828469817444	0.01809759999991911	epochs	3.0
706.7009445817444	0.01802250000002914	epochs	3.0
706.7189670817444	0.03582210000001851	epochs	2.0
706.7189670817444	0.017947899999967376	epochs	3.0
706.7369149817443	0.017874200000051133	epochs	3.0
706.7547891817444	0.03552899999999681	epochs	2.0
706.7547891817444	0.017800800000031813	epochs	3.0
706.7725899817444	0.017728199999965	epochs	3.0
706.7903181817444	0.03524070000003121	epochs	2.0
706.7903181817444	0.017656099999953767	epochs	3.0
706.8079742817444	0.017584600000077444	epochs	3.0
706.8255588817444	0.03495709999992869	epochs	2.0
706.8255588817444	0.01751369999999497	epochs	3.0
706.8430725817444	0.017443399999933717	epochs	3.0
706.8605159817444	0.03467790000001969	epochs	2.0
706.8605159817444	0.017373600000041733	epochs	3.0
706.8778895817444	0.017304299999977957	epochs	3.0
706.8951938817444	0.03440330000000813	epochs	2.0
706.8951938817444	0.01723570000001473	epochs	3.0
706.9124295817444	0.0171675999999934	epochs	3.0
706.9295971817444	0.03413279999995211	epochs	2.0
706.9295971817444	0.01709989999994832	epochs	3.0
706.9466970817443	0.017032900000003792	epochs	3.0
706.9637299817443	0.03386670000008962	epochs	2.0
706.9637299817443	0.01696640000000116	epochs	3.0
706.9806963817443	0.016900300000088464	epochs	3.0
706.9975966817444	0.03360459999998966	epochs	2.0
706.9975966817444	0.01683479999996962	epochs	3.0
707.0144314817444	0.01676980000002004	epochs	3.0
707.0312012817444	0.033346599999958926	epochs	2.0
707.0312012817444	0.016705300000012357	epochs	3.0
707.0479065817444	0.01664129999994657	epochs	3.0
707.0645478817444	0.03309250000006614	epochs	2.0
707.0645478817444	0.016577800000050047	epochs	3.0
707.0811256817444	0.01651470000001609	epochs	3.0
707.0976403817444	0.03284229999997024	epochs	2.0
707.0976403817444	0.016452199999889672	epochs	3.0
707.1140925817443	0.016390100000080565	epochs	3.0
707.1304826817444	0.03259570000000167	epochs	2.0
707.1304826817444	0.016328400000020338	epochs	3.0
707.1468110817444	0.016267299999981333	epochs	3.0
707.1630783817444	0.032352899999978035	epochs	2.0
707.1630783817444	0.01620659999991858	epochs	3.0
707.1792849817443	0.016146300000059455	epochs	3.0
707.1954312817444	0.03211369999996805	epochs	2.0
707.1954312817444	0.016086599999994178	epochs	3.0
707.2115178817444	0.01602709999997387	epochs	3.0
707.2275449817444	0.03187800000000607	epochs	2.0
707.2275449817444	0.015968199999974786	epochs	3.0
707.2435131817443	0.015909800000031282	epochs	3.0
707.2594229817444	0.031645700000012766	epochs	2.0
707.2594229817444	0.01585160000001906	epochs	3.0
707.2752745817444	0.015794099999993705	epochs	3.0
707.2910686817444	0.0314167000000225	epochs	2.0
707.2910686817444	0.015736700000047676	epochs	3.0
707.3068053817444	0.015679999999974825	epochs	3.0
707.3224853817444	0.031191100000000915	epochs	2.0
707.3224853817444	0.015623600000026272	epochs	3.0
707.3381089817444	0.015567499999974643	epochs	3.0
707.3536764817444	0.030968700000016725	epochs	2.0
707.3536764817444	0.015511999999944237	epochs	3.0
707.3691884817443	0.015456700000072487	epochs	3.0
707.3846451817444	0.030749499999956242	epochs	2.0
707.3846451817444	0.015401999999994587	epochs	3.0
707.4000471817444	0.015347499999961656	epochs	3.0
707.4153946817444	0.03053320000003623	epochs	2.0
707.4153946817444	0.015293400000018664	epochs	3.0
707.4306880817444	0.015239800000017567	epochs	3.0
707.4459278817444	0.030320099999926242	epochs	2.0
707.4459278817444	0.015186500000027081	epochs	3.0
707.4611143817444	0.015133599999899161	epochs	3.0
707.4762479817443	0.03010990000007041	epochs	2.0
707.4762479817443	0.015081000000009226	epochs	3.0
707.4913289817443	0.015028900000061185	epochs	3.0
707.5063578817444	0.029902499999934662	epochs	2.0
707.5063578817444	0.01497699999993074	epochs	3.0
707.5213348817443	0.014925500000003922	epochs	3.0
707.5362603817443	0.029698100000018712	epochs	2.0
707.5362603817443	0.014874400000053356	epochs	3.0
707.5511347817444	0.014823699999965356	epochs	3.0
707.5659584817444	0.02949630000000525	epochs	2.0
707.5659584817444	0.014773200000036013	epochs	3.0
707.5807316817444	0.014723099999969236	epochs	3.0
707.5954547817444	0.02929740000001857	epochs	2.0
707.5954547817444	0.014673399999992398	epochs	3.0
707.6101281817444	0.014624000000026172	epochs	3.0
707.6247521817444	0.029101100000048064	epochs	2.0
707.6247521817444	0.01457489999995687	epochs	3.0
707.6393270817443	0.014526200000091194	epochs	3.0
707.6538532817444	0.028907399999980044	epochs	2.0
707.6538532817444	0.014477699999929428	epochs	3.0
707.6683309817444	0.014429700000050616	epochs	3.0
707.6827606817444	0.028716199999962555	epochs	2.0
707.6827606817444	0.014381800000023759	epochs	3.0
707.6971424817444	0.014334399999938796	epochs	3.0
707.7114768817444	0.02852759999996124	epochs	2.0
707.7114768817444	0.01428720000001249	epochs	3.0
707.7257640817444	0.01424039999994875	epochs	3.0
707.7400044817443	0.028341400000044814	epochs	2.0
707.7400044817443	0.014193800000043666	epochs	3.0
707.7541982817444	0.014147600000001148	epochs	3.0
707.7683458817444	0.028157699999951546	epochs	2.0
707.7683458817444	0.014101699999969242	epochs	3.0
707.7824475817443	0.014055999999982305	epochs	3.0
707.7965035817443	0.027976300000091214	epochs	2.0
707.7965035817443	0.01401060000000598	epochs	3.0
707.8105141817443	0.013965700000085235	epochs	3.0
707.8244798817444	0.02779720000000907	epochs	2.0
707.8244798817444	0.013920799999937117	epochs	3.0
707.8384006817444	0.013876400000071953	epochs	3.0
707.8522770817444	0.027620399999932488	epochs	2.0
707.8522770817444	0.0138321999999107	epochs	3.0
707.8661092817443	0.013788200000021789	epochs	3.0
707.8798974817444	0.027445899999975154	epochs	2.0
707.8798974817444	0.013744599999995444	epochs	3.0
707.8936420817444	0.01370129999997971	epochs	3.0
707.9073433817443	0.0272735000000921	epochs	2.0
707.9073433817443	0.013658200000008947	epochs	3.0
707.9210015817443	0.013615300000083153	epochs	3.0
707.9346168817444	0.027103399999987232	epochs	2.0
707.9346168817444	0.013572799999906238	epochs	3.0
707.9481896817443	0.013530600000080995	epochs	3.0
707.9617202817444	0.026935199999911674	epochs	2.0
707.9617202817444	0.01348839999991469	epochs	3.0
707.9752086817443	0.013446799999996983	epochs	3.0
707.9886554817443	0.02676920000010341	epochs	2.0
707.9886554817443	0.013405200000079276	epochs	3.0
708.0020606817444	0.013364000000024134	epochs	3.0
708.0154246817444	0.026605199999949036	epochs	2.0
708.0154246817444	0.013322899999934634	epochs	3.0
708.0287475817444	0.013282300000014402	epochs	3.0
708.0420298817444	0.026443200000016986	epochs	2.0
708.0420298817444	0.013241699999980483	epochs	3.0
708.0552715817444	0.013201500000036503	epochs	3.0
708.0684730817444	0.0262831999999662	epochs	2.0
708.0684730817444	0.013161500000023807	epochs	3.0
708.0816345817444	0.013121699999942393	epochs	3.0
708.0947562817444	0.02612499999997908	epochs	2.0
708.0947562817444	0.013082100000019636	epochs	3.0
708.1078383817444	0.013042899999959445	epochs	3.0
708.1208812817443	0.025968900000066242	epochs	2.0
708.1208812817443	0.01300390000005791	epochs	3.0
708.1338851817444	0.012965000000008331	epochs	3.0
708.1468501817444	0.025814500000024054	epochs	2.0
708.1468501817444	0.012926399999969362	epochs	3.0
708.1597765817444	0.012888100000054692	epochs	3.0
708.1726646817444	0.025661899999931848	epochs	2.0
708.1726646817444	0.012849899999991976	epochs	3.0
708.1855145817444	0.012811999999939871	epochs	3.0
708.1983265817444	0.025511199999982637	epochs	2.0
708.1983265817444	0.012774400000012065	epochs	3.0
708.2111009817444	0.012736799999970572	epochs	3.0
708.2238377817444	0.025362299999983406	epochs	2.0
708.2238377817444	0.01269969999998466	epochs	3.0
708.2365374817443	0.012662599999998747	epochs	3.0
708.2492000817443	0.025215000000002874	epochs	2.0
708.2492000817443	0.012625800000023446	epochs	3.0
708.2618258817444	0.012589199999979428	epochs	3.0
708.2744150817443	0.024584800000070572	epochs	2.0
708.2969198817444	0.5	epochs	-1.0
708.2989998817444	0.5394400000000132	epochs	1.0
708.8384398817444	0.46047999999996136	epochs	0.0
709.9359998703003	0.10000000000002274	epochs	0.0
709.9359998703003	0.04499999999995907	epochs	1.0
709.9809998703003	0.009999999999990905	epochs	1.0
709.9909998703002	0.04500000000007276	epochs	1.0
710.0359998703003	2.0	epochs	0.0
712.0359998703003	21.999919999999975	epochs	0.0
712.0359998703003	1.0	epochs	1.0
712.0359998703003	0.5	epochs	-1.0
712.5359998703003	19.997920000000022	epochs	-1.0
713.0359998703003	20.0	epochs	1.0
713.0359998703003	4.356753899999944	epochs	-1.0
713.0359998703003	1.9745871999999736	epochs	2.0
713.0359998703003	1.0985621999999466	epochs	3.0
714.1345620703003	0.8760250000000269	epochs	3.0
715.0105870703003	1.3524075000000266	epochs	2.0
715.0105870703003	0.7286354999999958	epochs	3.0
715.7392225703003	0.6237720000000309	epochs	3.0
716.3629945703003	1.029759199999944	epochs	2.0
716.3629945703003	0.5453292999999348	epochs	3.0
716.9083238703003	0.4844299000000092	epochs	3.0
717.3927537703003	0.8317862000000105	epochs	2.0
717.3927537703003	0.4357763000000432	epochs	3.0
717.8285300703003	0.3960098999999673	epochs	3.0
718.2245399703003	0.6977970000000369	epochs	2.0
718.2245399703003	0.3628982000000178	epochs	3.0
718.5874381703003	0.33489880000001904	epochs	3.0
718.9223369703003	0.601045699999986	epochs	2.0
718.9223369703003	0.3109123000000409	epochs	3.0
719.2332492703003	0.29013339999994514	epochs	3.0
719.5233826703003	0.5278859000000011	epochs	2.0
719.5233826703003	0.2719585999999481	epochs	3.0
719.7953412703002	0.25592730000005304	epochs	3.0
720.0512685703003	0.470619299999953	epochs	2.0
720.0512685703003	0.241681299999982	epochs	3.0
720.2929498703003	0.228937999999971	epochs	3.0
720.5218878703002	0.42457039999999324	epochs	2.0
720.5218878703002	0.21747140000002219	epochs	3.0
720.7393592703003	0.20709899999997106	epochs	3.0
720.9464582703002	0.3867354000000205	epochs	2.0
720.9464582703002	0.19767110000009325	epochs	3.0
721.1441293703003	0.18906429999992724	epochs	3.0
721.3331936703003	0.3550953000000163	epochs	2.0
721.3331936703003	0.18117590000008477	epochs	3.0
721.5143695703003	0.17391939999993156	epochs	3.0
721.6882889703003	0.3282431000000088	epochs	2.0
721.6882889703003	0.1672219000000723	epochs	3.0
721.8555108703003	0.16102119999993647	epochs	3.0
722.0165320703003	0.30516799999998057	epochs	2.0
722.0165320703003	0.15526390000002266	epochs	3.0
722.1717959703003	0.1499040999999579	epochs	3.0
722.3217000703003	0.28512530000000424	epochs	2.0
722.3217000703003	0.1449021000000812	epochs	3.0
722.4666021703003	0.14022319999992305	epochs	3.0
722.6068253703003	0.2675537999999733	epochs	2.0
722.6068253703003	0.1358369000000721	epochs	3.0
722.7426622703003	0.13171689999990122	epochs	3.0
722.8743791703002	0.2520229000000427	epochs	2.0
722.8743791703002	0.1278393000000051	epochs	3.0
723.0022184703002	0.12418360000003759	epochs	3.0
723.1264020703003	0.23819649999995818	epochs	2.0
723.1264020703003	0.12073110000005727	epochs	3.0
723.2471331703003	0.11746539999990091	epochs	3.0
723.3645985703002	0.2258088000000953	epochs	2.0
723.3645985703002	0.11437190000003739	epochs	3.0
723.4789704703003	0.1114369000000579	epochs	3.0
723.5904073703003	0.21464599999990241	epochs	2.0
723.5904073703003	0.10864889999993466	epochs	3.0
723.6990562703003	0.10599709999996776	epochs	3.0
723.8050533703002	0.20453500000007807	epochs	2.0
723.8050533703002	0.10347150000006877	epochs	3.0
723.9085248703003	0.1010635000000093	epochs	3.0
724.0095883703003	0.19533400000000256	epochs	2.0
724.0095883703003	0.09876509999992322	epochs	3.0
724.1083534703002	0.09656890000007934	epochs	3.0
724.2049223703003	0.18692529999998442	epochs	2.0
724.2049223703003	0.09446830000001682	epochs	3.0
724.2993906703003	0.09245699999996759	epochs	3.0
724.3918476703003	0.17921069999999872	epochs	2.0
724.3918476703003	0.09052959999996801	epochs	3.0
724.4823772703003	0.08868110000003071	epochs	3.0
724.5710583703003	0.17210769999996955	epochs	2.0
724.5710583703003	0.08690630000000965	epochs	3.0
724.6579646703003	0.0852013999999599	epochs	3.0
724.7431660703003	0.16554640000003928	epochs	2.0
724.7431660703003	0.08356190000006336	epochs	3.0
724.8267279703003	0.08198449999997592	epochs	3.0
724.9087124703003	0.15946710000002895	epochs	2.0
724.9087124703003	0.08046539999998004	epochs	3.0
724.9891778703003	0.07900170000004891	epochs	3.0
725.0681795703003	0.15381839999997737	epochs	2.0
725.0681795703003	0.07759009999995214	epochs	3.0
725.1457696703003	0.07622830000002523	epochs	3.0
725.2219979703003	0.14855639999996129	epochs	2.0
725.2219979703003	0.07491329999993468	epochs	3.0
725.2969112703003	0.0736431000000266	epochs	3.0
725.3705543703003	0.14364239999997608	epochs	2.0
725.3705543703003	0.07241499999997814	epochs	3.0
725.4429693703003	0.07122739999999794	epochs	3.0
725.5141967703003	0.13904309999998077	epochs	2.0
725.5141967703003	0.07007800000008046	epochs	3.0
725.5842747703003	0.0689650999999003	epochs	3.0
725.6532398703002	0.1347293000000036	epochs	2.0
725.6532398703002	0.0678871000000072	epochs	3.0
725.7211269703002	0.06684219999999641	epochs	3.0
725.7879691703002	0.1306752000000415	epochs	2.0
725.7879691703002	0.06582910000008724	epochs	3.0
725.8537982703003	0.06484609999995428	epochs	3.0
725.9186443703003	0.12685780000003888	epochs	2.0
725.9186443703003	0.06389200000000983	epochs	3.0
725.9825363703003	0.06296580000002905	epochs	3.0
726.0455021703003	0.12325720000001184	epochs	2.0
726.0455021703003	0.062065799999913907	epochs	3.0
726.1075679703002	0.06119140000009793	epochs	3.0
726.1687593703003	0.11985540000000583	epochs	2.0
726.1687593703003	0.060341099999959624	epochs	3.0
726.2291004703003	0.059514300000046205	epochs	3.0
726.2886147703003	0.1166361999999026	epochs	2.0
726.2886147703003	0.058709599999929196	epochs	3.0
726.3473243703003	0.057926599999973405	epochs	3.0
726.4052509703002	0.11358560000007856	epochs	2.0
726.4052509703002	0.05716420000010203	epochs	3.0
726.4624151703003	0.05642139999997653	epochs	3.0
726.5188365703003	0.11069049999991876	epochs	2.0
726.5188365703003	0.05569789999992736	epochs	3.0
726.5745344703003	0.0549925999999914	epochs	3.0
726.6295270703002	0.1079391000000669	epochs	2.0
726.6295270703002	0.05430490000003374	epochs	3.0
726.6838319703003	0.05363420000003316	epochs	3.0
726.7374661703003	0.10532149999994544	epochs	2.0
726.7374661703003	0.05297999999993408	epochs	3.0
726.7904461703002	0.052341500000011365	epochs	3.0
726.8427876703003	0.10282760000006874	epochs	2.0
726.8427876703003	0.05171810000001642	epochs	3.0
726.8945057703003	0.05110950000005232	epochs	3.0
726.9456152703003	0.10044909999999163	epochs	2.0
726.9456152703003	0.05051489999993919	epochs	3.0
726.9961301703003	0.04993420000005244	epochs	3.0
727.0460643703003	0.0981782999999723	epochs	2.0
727.0460643703003	0.04936659999998483	epochs	3.0
727.0954309703003	0.04881169999998747	epochs	3.0
727.1442426703003	0.09600780000005216	epochs	2.0
727.1442426703003	0.04826920000004975	epochs	3.0
727.1925118703003	0.04773860000000241	epochs	3.0
727.2402504703003	0.09393119999992905	epochs	2.0
727.2402504703003	0.04721949999998287	epochs	3.0
727.2874699703003	0.04671169999994618	epochs	3.0
727.3341816703003	0.09194260000003851	epochs	2.0
727.3341816703003	0.046214599999984785	epochs	3.0
727.3803962703003	0.045728000000053726	epochs	3.0
727.4261242703003	0.09003629999995155	epochs	2.0
727.4261242703003	0.045251499999949374	epochs	3.0
727.4713757703003	0.04478480000000218	epochs	3.0
727.5161605703003	0.08820760000003247	epochs	2.0
727.5161605703003	0.044327800000019124	epochs	3.0
727.5604883703003	0.04387980000001335	epochs	3.0
727.6043681703003	0.0864516999999978	epochs	2.0
727.6043681703003	0.04344100000002982	epochs	3.0
727.6478091703003	0.04301069999996798	epochs	3.0
727.6908198703003	0.08476429999996071	epochs	2.0
727.6908198703003	0.04258900000002086	epochs	3.0
727.7334088703003	0.04217529999993985	epochs	3.0
727.7755841703002	0.08314150000001064	epochs	2.0
727.7755841703002	0.04176970000003166	epochs	3.0
727.8173538703003	0.041371799999978975	epochs	3.0
727.8587256703003	0.08157970000002024	epochs	2.0
727.8587256703003	0.04098140000007788	epochs	3.0
727.8997070703003	0.040598299999942355	epochs	3.0
727.9403053703003	0.08007550000002084	epochs	2.0
727.9403053703003	0.04022229999998217	epochs	3.0
727.9805276703003	0.03985320000003867	epochs	3.0
728.0203808703003	0.07862569999997504	epochs	2.0
728.0203808703003	0.0394907999999532	epochs	3.0
728.0598716703003	0.039134900000021844	epochs	3.0
728.0990065703003	0.07722760000001472	epochs	2.0
728.0990065703003	0.038785400000051595	epochs	3.0
728.1377919703003	0.03844219999996312	epochs	3.0
728.1762341703003	0.07587820000003376	epochs	2.0
728.1762341703003	0.038104800000041905	epochs	3.0
728.2143389703003	0.03777339999999185	epochs	3.0
728.2521123703003	0.07457519999991291	epochs	2.0
728.2521123703003	0.03744769999991604	epochs	3.0
728.2895600703002	0.03712749999999687	epochs	3.0
728.3266875703002	0.07331630000010136	epochs	2.0
728.3266875703002	0.0368129000000863	epochs	3.0
728.3635004703003	0.03650340000001506	epochs	3.0
728.4000038703003	0.07209899999998015	epochs	2.0
728.4000038703003	0.03619909999997617	epochs	3.0
728.4362029703003	0.03589990000000398	epochs	3.0
728.4721028703003	0.07092169999998532	epochs	2.0
728.4721028703003	0.03560559999993984	epochs	3.0
728.5077084703003	0.03531610000004548	epochs	3.0
728.5430245703003	0.06978200000003199	epochs	2.0
728.5430245703003	0.03503119999993487	epochs	3.0
728.5780557703002	0.034750800000097115	epochs	3.0
728.6128065703003	0.06867859999999837	epochs	2.0
728.6128065703003	0.03447510000000875	epochs	3.0
728.6472816703003	0.03420349999998962	epochs	3.0
728.6814851703003	0.06760929999995824	epochs	2.0
728.6814851703003	0.033936199999970995	epochs	3.0
728.7154213703003	0.033673099999987244	epochs	3.0
728.7490944703003	0.06657289999998284	epochs	2.0
728.7490944703003	0.03341399999999339	epochs	3.0
728.7825084703003	0.033158899999989444	epochs	3.0
728.8156673703003	0.06556780000005347	epochs	2.0
728.8156673703003	0.032907700000009754	epochs	3.0
728.8485750703003	0.03266010000004371	epochs	3.0
728.8812351703003	0.06459259999996902	epochs	2.0
728.8812351703003	0.032416399999988244	epochs	3.0
728.9136515703003	0.03217619999998078	epochs	3.0
728.9458277703003	0.0636459999999488	epochs	2.0
728.9458277703003	0.03193959999998697	epochs	3.0
728.9777673703003	0.03170639999996183	epochs	3.0
729.0094737703002	0.06272670000009839	epochs	2.0
729.0094737703002	0.03147660000001906	epochs	3.0
729.0409503703003	0.03125010000007933	epochs	3.0
729.0722004703003	0.06183359999999993	epochs	2.0
729.0722004703003	0.03102689999991526	epochs	3.0
729.1032273703003	0.030806700000084675	epochs	3.0
729.1340340703003	0.060965599999917686	epochs	2.0
729.1340340703003	0.030589799999916067	epochs	3.0
729.1646238703003	0.030375800000001618	epochs	3.0
729.1949996703003	0.06012160000000222	epochs	2.0
729.1949996703003	0.030164900000045236	epochs	3.0
729.2251645703003	0.02995669999995698	epochs	3.0
729.2551212703003	0.05930069999999432	epochs	2.0
729.2551212703003	0.029751600000054168	epochs	3.0
729.2848728703003	0.029549099999940154	epochs	3.0
729.3144219703003	0.05850180000004457	epochs	2.0
729.3144219703003	0.02934940000000097	epochs	3.0
729.3437713703003	0.0291524000000436	epochs	3.0
729.3729237703003	0.05772419999993872	epochs	2.0
729.3729237703003	0.028957999999988715	epochs	3.0
729.4018817703003	0.028766199999950004	epochs	3.0
729.4306479703002	0.05696710000006533	epochs	2.0
729.4306479703002	0.028577000000041153	epochs	3.0
729.4592249703003	0.028390100000024177	epochs	3.0
729.4876150703003	0.05622949999997218	epochs	2.0
729.4876150703003	0.028205699999944045	epochs	3.0
729.5158207703003	0.028023800000028132	epochs	3.0
729.5438445703003	0.05551070000001346	epochs	2.0
729.5438445703003	0.027843999999959124	epochs	3.0
729.5716885703002	0.027666700000054334	epochs	3.0
729.5993552703003	0.054810200000019904	epochs	2.0
729.5993552703003	0.02749149999999645	epochs	3.0
729.6268467703003	0.027318700000023455	epochs	3.0
729.6541654703003	0.05412699999999404	epochs	2.0
729.6541654703003	0.027147799999966082	epochs	3.0
729.6813132703003	0.02697920000002796	epochs	3.0
729.7082924703003	0.053460699999959616	epochs	2.0
729.7082924703003	0.0268125999999711	epochs	3.0
729.7351050703003	0.026648099999988517	epochs	3.0
729.7617531703003	0.05281070000000909	epochs	2.0
729.7617531703003	0.026485600000000886	epochs	3.0
729.7882387703003	0.026325100000008206	epochs	3.0
729.8145638703003	0.05217619999996259	epochs	2.0
729.8145638703003	0.026166399999965506	epochs	3.0
729.8407302703002	0.026009799999997085	epochs	3.0
729.8667400703002	0.05155670000010559	epochs	2.0
729.8667400703002	0.025854800000047362	epochs	3.0
729.8925948703003	0.02570190000005823	epochs	3.0
729.9182967703003	0.05095189999997274	epochs	2.0
729.9182967703003	0.025550699999939752	epochs	3.0
729.9438474703003	0.025401200000032986	epochs	3.0
729.9692486703003	0.05036099999995258	epochs	2.0
729.9692486703003	0.025253499999962514	epochs	3.0
729.9945021703003	0.02510749999999007	epochs	3.0
730.0196096703003	0.049783800000000156	epochs	2.0
730.0196096703003	0.02496320000000196	epochs	3.0
730.0445728703003	0.024820599999998194	epochs	3.0
730.0693934703003	0.049219500000049266	epochs	2.0
730.0693934703003	0.02467940000008184	epochs	3.0
730.0940728703004	0.024540099999967424	epochs	3.0
730.1186129703003	0.048667899999941255	epochs	2.0
730.1186129703003	0.02440209999997478	epochs	3.0
730.1430150703003	0.024265799999966475	epochs	3.0
730.1672808703003	0.04812860000004093	epochs	2.0
730.1672808703003	0.024131000000011227	epochs	3.0
730.1914118703003	0.023997600000029706	epochs	3.0
730.2154094703003	0.04760109999995166	epochs	2.0
730.2154094703003	0.023865799999953197	epochs	3.0
730.2392752703003	0.02373529999999846	epochs	3.0
730.2630105703003	0.047085000000038235	epochs	2.0
730.2630105703003	0.02360630000009678	epochs	3.0
730.2866168703003	0.023478699999941455	epochs	3.0
730.3100955703003	0.046579999999948996	epochs	2.0
730.3100955703003	0.02335249999998723	epochs	3.0
730.3334480703003	0.023227499999961765	epochs	3.0
730.3566755703002	0.046085700000048746	epochs	2.0
730.3566755703002	0.023104000000103042	epochs	3.0
730.3797795703003	0.022981699999945704	epochs	3.0
730.4027612703003	0.045601799999985815	epochs	2.0
730.4027612703003	0.022860700000023826	epochs	3.0
730.4256219703003	0.02274109999996199	epochs	3.0
730.4483630703003	0.04512790000001132	epochs	2.0
730.4483630703003	0.022622500000011314	epochs	3.0
730.4709855703003	0.02250540000000001	epochs	3.0
730.4934909703003	0.044663799999966614	epochs	2.0
730.4934909703003	0.02238929999998618	epochs	3.0
730.5158802703003	0.022274499999980435	epochs	3.0
730.5381547703003	0.04420920000006845	epochs	2.0
730.5381547703003	0.022160800000051495	epochs	3.0
730.5603155703003	0.022048400000016954	epochs	3.0
730.5823639703003	0.04376359999992019	epochs	2.0
730.5823639703003	0.021936900000014248	epochs	3.0
730.6043008703003	0.02182669999990594	epochs	3.0
730.6261275703002	0.04332710000005591	epochs	2.0
730.6261275703002	0.02171760000010181	epochs	3.0
730.6478451703003	0.021609499999954096	epochs	3.0
730.6694546703003	0.04289900000003399	epochs	2.0
730.6694546703003	0.02150249999999687	epochs	3.0
730.6909571703003	0.021396500000037122	epochs	3.0
730.7123536703003	0.042479500000013104	epochs	2.0
730.7123536703003	0.02129170000000613	epochs	3.0
730.7336453703003	0.021187800000006973	epochs	3.0
730.7548331703003	0.04206789999989269	epochs	2.0
730.7548331703003	0.02108490000000529	epochs	3.0
730.7759180703003	0.020982999999887397	epochs	3.0
730.7969010703002	0.04166440000005878	epochs	2.0
730.7969010703002	0.02088220000007368	epochs	3.0
730.8177832703003	0.020782199999985096	epochs	3.0
730.8385654703003	0.04126850000000104	epochs	2.0
730.8385654703003	0.020683299999973315	epochs	3.0
730.8592487703003	0.020585200000027726	epochs	3.0
730.8798339703003	0.04088000000001557	epochs	2.0
730.8798339703003	0.020488099999965925	epochs	3.0
730.9003220703003	0.020391900000049645	epochs	3.0
730.9207139703003	0.04049880000002304	epochs	2.0
730.9207139703003	0.020296599999937825	epochs	3.0
730.9410105703003	0.020202200000085213	epochs	3.0
730.9612127703003	0.040124599999899146	epochs	2.0
730.9612127703003	0.020108699999923374	epochs	3.0
730.9813214703003	0.020015899999975773	epochs	3.0
731.0013373703002	0.03975730000001931	epochs	2.0
731.0013373703002	0.019924200000104975	epochs	3.0
731.0212615703003	0.01983309999991434	epochs	3.0
731.0410946703003	0.03939669999999751	epochs	2.0
731.0410946703003	0.01974300000006224	epochs	3.0
731.0608376703003	0.01965369999993527	epochs	3.0
731.0804913703003	0.039042400000084854	epochs	2.0
731.0804913703003	0.01956510000002254	epochs	3.0
731.1000564703003	0.019477300000062314	epochs	3.0
731.1195337703003	0.03869459999998526	epochs	2.0
731.1195337703003	0.01939039999990655	epochs	3.0
731.1389241703002	0.01930420000007871	epochs	3.0
731.1582283703003	0.03835289999994984	epochs	2.0
731.1582283703003	0.019218799999976	epochs	3.0
731.1774471703003	0.01913409999997384	epochs	3.0
731.1965812703003	0.03801720000001296	epochs	2.0
731.1965812703003	0.019050200000037876	epochs	3.0
731.2156314703003	0.018966999999975087	epochs	3.0
731.2345984703003	0.037687200000050325	epochs	2.0
731.2345984703003	0.01888450000001285	epochs	3.0
731.2534829703003	0.018802700000037476	epochs	3.0
731.2722856703003	0.03736309999999321	epochs	2.0
731.2722856703003	0.018721700000014607	epochs	3.0
731.2910073703003	0.018641399999978603	epochs	3.0
731.3096487703003	0.03704429999993408	epochs	2.0
731.3096487703003	0.01856159999999818	epochs	3.0
731.3282103703003	0.018482699999935903	epochs	3.0
731.3466930703003	0.0367310000000316	epochs	2.0
731.3466930703003	0.018404300000042895	epochs	3.0
731.3650973703003	0.018326699999988705	epochs	3.0
731.3834240703003	0.036422900000047775	epochs	2.0
731.3834240703003	0.018249599999990096	epochs	3.0
731.4016736703003	0.01817330000005768	epochs	3.0
731.4198469703003	0.03612009999994825	epochs	2.0
731.4198469703003	0.01809759999991911	epochs	3.0
731.4379445703003	0.01802250000002914	epochs	3.0
731.4559670703003	0.03582210000001851	epochs	2.0
731.4559670703003	0.017947899999967376	epochs	3.0
731.4739149703003	0.017874200000051133	epochs	3.0
731.4917891703003	0.03552899999999681	epochs	2.0
731.4917891703003	0.017800800000031813	epochs	3.0
731.5095899703003	0.017728199999965	epochs	3.0
731.5273181703003	0.03524070000003121	epochs	2.0
731.5273181703003	0.017656099999953767	epochs	3.0
731.5449742703003	0.017584600000077444	epochs	3.0
731.5625588703003	0.03495709999992869	epochs	2.0
731.5625588703003	0.01751369999999497	epochs	3.0
731.5800725703003	0.017443399999933717	epochs	3.0
731.5975159703003	0.03467790000001969	epochs	2.0
731.5975159703003	0.017373600000041733	epochs	3.0
731.6148895703003	0.017304299999977957	epochs	3.0
731.6321938703003	0.03440330000000813	epochs	2.0
731.6321938703003	0.01723570000001473	epochs	3.0
731.6494295703003	0.0171675999999934	epochs	3.0
731.6665971703003	0.03413279999995211	epochs	2.0
731.6665971703003	0.01709989999994832	epochs	3.0
731.6836970703002	0.017032900000003792	epochs	3.0
731.7007299703002	0.03386670000008962	epochs	2.0
731.7007299703002	0.01696640000000116	epochs	3.0
731.7176963703002	0.016900300000088464	epochs	3.0
731.7345966703003	0.03360459999998966	epochs	2.0
731.7345966703003	0.01683479999996962	epochs	3.0
731.7514314703003	0.01676980000002004	epochs	3.0
731.7682012703003	0.033346599999958926	epochs	2.0
731.7682012703003	0.016705300000012357	epochs	3.0
731.7849065703003	0.01664129999994657	epochs	3.0
731.8015478703003	0.03309250000006614	epochs	2.0
731.8015478703003	0.016577800000050047	epochs	3.0
731.8181256703003	0.01651470000001609	epochs	3.0
731.8346403703003	0.03284229999997024	epochs	2.0
731.8346403703003	0.016452199999889672	epochs	3.0
731.8510925703002	0.016390100000080565	epochs	3.0
731.8674826703003	0.03259570000000167	epochs	2.0
731.8674826703003	0.016328400000020338	epochs	3.0
731.8838110703003	0.016267299999981333	epochs	3.0
731.9000783703003	0.032352899999978035	epochs	2.0
731.9000783703003	0.01620659999991858	epochs	3.0
731.9162849703002	0.016146300000059455	epochs	3.0
731.9324312703003	0.03211369999996805	epochs	2.0
731.9324312703003	0.016086599999994178	epochs	3.0
731.9485178703003	0.01602709999997387	epochs	3.0
731.9645449703003	0.03187800000000607	epochs	2.0
731.9645449703003	0.015968199999974786	epochs	3.0
731.9805131703002	0.015909800000031282	epochs	3.0
731.9964229703003	0.031645700000012766	epochs	2.0
731.9964229703003	0.01585160000001906	epochs	3.0
732.0122745703003	0.015794099999993705	epochs	3.0
732.0280686703003	0.0314167000000225	epochs	2.0
732.0280686703003	0.015736700000047676	epochs	3.0
732.0438053703003	0.015679999999974825	epochs	3.0
732.0594853703003	0.031191100000000915	epochs	2.0
732.0594853703003	0.015623600000026272	epochs	3.0
732.0751089703003	0.015567499999974643	epochs	3.0
732.0906764703003	0.030968700000016725	epochs	2.0
732.0906764703003	0.015511999999944237	epochs	3.0
732.1061884703003	0.015456700000072487	epochs	3.0
732.1216451703003	0.030749499999956242	epochs	2.0
732.1216451703003	0.015401999999994587	epochs	3.0
732.1370471703003	0.015347499999961656	epochs	3.0
732.1523946703003	0.03053320000003623	epochs	2.0
732.1523946703003	0.015293400000018664	epochs	3.0
732.1676880703003	0.015239800000017567	epochs	3.0
732.1829278703003	0.030320099999926242	epochs	2.0
732.1829278703003	0.015186500000027081	epochs	3.0
732.1981143703003	0.015133599999899161	epochs	3.0
732.2132479703002	0.03010990000007041	epochs	2.0
732.2132479703002	0.015081000000009226	epochs	3.0
732.2283289703003	0.015028900000061185	epochs	3.0
732.2433578703003	0.029902499999934662	epochs	2.0
732.2433578703003	0.01497699999993074	epochs	3.0
732.2583348703002	0.014925500000003922	epochs	3.0
732.2732603703002	0.029698100000018712	epochs	2.0
732.2732603703002	0.014874400000053356	epochs	3.0
732.2881347703003	0.014823699999965356	epochs	3.0
732.3029584703003	0.02949630000000525	epochs	2.0
732.3029584703003	0.014773200000036013	epochs	3.0
732.3177316703003	0.014723099999969236	epochs	3.0
732.3324547703003	0.02929740000001857	epochs	2.0
732.3324547703003	0.014673399999992398	epochs	3.0
732.3471281703003	0.014624000000026172	epochs	3.0
732.3617521703003	0.029101100000048064	epochs	2.0
732.3617521703003	0.01457489999995687	epochs	3.0
732.3763270703002	0.014526200000091194	epochs	3.0
732.3908532703003	0.028907399999980044	epochs	2.0
732.3908532703003	0.014477699999929428	epochs	3.0
732.4053309703003	0.014429700000050616	epochs	3.0
732.4197606703003	0.028716199999962555	epochs	2.0
732.4197606703003	0.014381800000023759	epochs	3.0
732.4341424703003	0.014334399999938796	epochs	3.0
732.4484768703003	0.02852759999996124	epochs	2.0
732.4484768703003	0.01428720000001249	epochs	3.0
732.4627640703003	0.01424039999994875	epochs	3.0
732.4770044703002	0.028341400000044814	epochs	2.0
732.4770044703002	0.014193800000043666	epochs	3.0
732.4911982703003	0.014147600000001148	epochs	3.0
732.5053458703003	0.028157699999951546	epochs	2.0
732.5053458703003	0.014101699999969242	epochs	3.0
732.5194475703003	0.014055999999982305	epochs	3.0
732.5335035703002	0.027976300000091214	epochs	2.0
732.5335035703002	0.01401060000000598	epochs	3.0
732.5475141703002	0.013965700000085235	epochs	3.0
732.5614798703003	0.02779720000000907	epochs	2.0
732.5614798703003	0.013920799999937117	epochs	3.0
732.5754006703003	0.013876400000071953	epochs	3.0
732.5892770703003	0.027620399999932488	epochs	2.0
732.5892770703003	0.0138321999999107	epochs	3.0
732.6031092703003	0.013788200000021789	epochs	3.0
732.6168974703003	0.027445899999975154	epochs	2.0
732.6168974703003	0.013744599999995444	epochs	3.0
732.6306420703003	0.01370129999997971	epochs	3.0
732.6443433703002	0.0272735000000921	epochs	2.0
732.6443433703002	0.013658200000008947	epochs	3.0
732.6580015703003	0.013615300000083153	epochs	3.0
732.6716168703003	0.027103399999987232	epochs	2.0
732.6716168703003	0.013572799999906238	epochs	3.0
732.6851896703002	0.013530600000080995	epochs	3.0
732.6987202703003	0.026935199999911674	epochs	2.0
732.6987202703003	0.01348839999991469	epochs	3.0
732.7122086703002	0.013446799999996983	epochs	3.0
732.7256554703002	0.02676920000010341	epochs	2.0
732.7256554703002	0.013405200000079276	epochs	3.0
732.7390606703003	0.013364000000024134	epochs	3.0
732.7524246703003	0.026605199999949036	epochs	2.0
732.7524246703003	0.013322899999934634	epochs	3.0
732.7657475703003	0.013282300000014402	epochs	3.0
732.7790298703003	0.026443200000016986	epochs	2.0
732.7790298703003	0.013241699999980483	epochs	3.0
732.7922715703003	0.013201500000036503	epochs	3.0
732.8054730703003	0.0262831999999662	epochs	2.0
732.8054730703003	0.013161500000023807	epochs	3.0
732.8186345703003	0.013121699999942393	epochs	3.0
732.8317562703003	0.02612499999997908	epochs	2.0
732.8317562703003	0.013082100000019636	epochs	3.0
732.8448383703003	0.013042899999959445	epochs	3.0
732.8578812703003	0.025968900000066242	epochs	2.0
732.8578812703003	0.01300390000005791	epochs	3.0
732.8708851703003	0.012965000000008331	epochs	3.0
732.8838501703003	0.025814500000024054	epochs	2.0
732.8838501703003	0.012926399999969362	epochs	3.0
732.8967765703003	0.012888100000054692	epochs	3.0
732.9096646703003	0.025661899999931848	epochs	2.0
732.9096646703003	0.012849899999991976	epochs	3.0
732.9225145703003	0.012811999999939871	epochs	3.0
732.9353265703003	0.025511199999982637	epochs	2.0
732.9353265703003	0.012774400000012065	epochs	3.0
732.9481009703003	0.012736799999970572	epochs	3.0
732.9608377703003	0.025362299999983406	epochs	2.0
732.9608377703003	0.01269969999998466	epochs	3.0
732.9735374703002	0.012662599999998747	epochs	3.0
732.9862000703002	0.025215000000002874	epochs	2.0
732.9862000703002	0.012625800000023446	epochs	3.0
732.9988258703003	0.012589199999979428	epochs	3.0
733.0114150703002	0.024584800000070572	epochs	2.0
733.0339198703003	0.5	epochs	-1.0
733.0359998703003	0.9999199999999746	epochs	1.0
733.5339198703003	0.5	epochs	-1.0
735.2289996147156	0.10000000000002274	epochs	0.0
735.2289996147156	0.04499999999995907	epochs	1.0
735.2739996147155	0.009999999999990905	epochs	1.0
735.2839996147155	0.04500000000007276	epochs	1.0
735.3289996147156	2.0	epochs	0.0
737.3289996147156	0.5597599999999829	epochs	0.0
737.3289996147156	0.5597599999999829	epochs	1.0
737.3289996147156	0.5	epochs	-1.0
737.8289996147156	0.05975999999998294	epochs	-1.0
737.8887596147156	21.44015999999999	epochs	0.0
738.9409999847412	0.10000000000002274	epochs	0.0
738.9409999847412	0.04499999999995907	epochs	1.0
738.9859999847412	0.009999999999990905	epochs	1.0
738.9959999847412	0.04500000000007276	epochs	1.0
739.0409999847412	2.0	epochs	0.0
741.0409999847412	0.5399199999999382	epochs	0.0
741.0409999847412	0.5399199999999382	epochs	1.0
741.0409999847412	0.5	epochs	-1.0
741.5409999847412	0.03991999999993823	epochs	-1.0
741.5809199847412	21.460000000000036	epochs	0.0
742.6409997940063	0.10000000000002274	epochs	0.0
742.6409997940063	0.04499999999995907	epochs	1.0
742.6859997940063	0.009999999999990905	epochs	1.0
742.6959997940063	0.04500000000007276	epochs	1.0
742.7409997940064	2.0	epochs	0.0
744.7409997940064	0.5004000000000133	epochs	0.0
744.7409997940064	0.5004000000000133	epochs	1.0
744.7409997940064	0.5	epochs	-1.0
745.2409997940064	0.0004000000000132786	epochs	-1.0
745.2413997940064	21.49951999999996	epochs	0.0
746.6079998016357	0.10000000000002274	epochs	0.0
746.6079998016357	0.04499999999995907	epochs	1.0
746.6529998016357	0.009999999999990905	epochs	1.0
746.6629998016357	0.04500000000007276	epochs	1.0
746.7079998016358	2.0	epochs	0.0
748.7079998016358	0.5596799999999575	epochs	0.0
748.7079998016358	0.5596799999999575	epochs	1.0
748.7079998016358	0.5	epochs	-1.0
749.2079998016358	0.059679999999957545	epochs	-1.0
749.2676798016357	21.440240000000017	epochs	0.0
765.7089996337891	0.10000000000002274	epochs	0.0
765.7089996337891	0.04499999999995907	epochs	1.0
765.753999633789	0.009999999999990905	epochs	1.0
765.763999633789	0.04500000000007276	epochs	1.0
765.8089996337891	0.2299199999999928	epochs	0.0
765.8089996337891	0.049999999999954525	epochs	1.0
765.858999633789	0.009999999999990905	epochs	1.0
765.868999633789	0.05000000000006821	epochs	1.0
765.9189996337891	0.009999999999990905	epochs	1.0
765.9289996337891	0.049999999999954525	epochs	1.0
765.978999633789	0.009999999999990905	epochs	1.0
765.988999633789	0.04992000000004282	epochs	1.0
1306.3239998817444	0.09999999999990905	epochs	0.0
1306.3239998817444	0.04500000000007276	epochs	1.0
1306.3689998817445	0.009999999999990905	epochs	1.0
1306.3789998817444	0.044999999999845386	epochs	1.0
1306.4239998817443	0.2299199999999928	epochs	0.0
1306.4239998817443	0.0500000000001819	epochs	1.0
1306.4739998817445	0.009999999999990905	epochs	1.0
1306.4839998817445	0.049999999999954525	epochs	1.0
1306.5339998817444	0.009999999999990905	epochs	1.0
1306.5439998817444	0.049999999999954525	epochs	1.0
1306.5939998817444	0.009999999999990905	epochs	1.0
1306.6039998817444	0.04991999999992913	epochs	1.0
1329.4289999008179	0.09999999999990905	epochs	0.0
1329.4289999008179	0.04500000000007276	epochs	1.0
1329.473999900818	0.009999999999990905	epochs	1.0
1329.483999900818	0.044999999999845386	epochs	1.0
1329.5289999008178	2.999920000000202	epochs	0.0
1329.5289999008178	1.0	epochs	1.0
1330.5289999008178	1.0	epochs	1.0
1331.5289999008178	0.999920000000202	epochs	1.0
1333.5949997901917	0.09999999999990905	epochs	0.0
1333.5949997901917	0.04500000000007276	epochs	1.0
1333.6399997901917	0.009999999999990905	epochs	1.0
1333.6499997901917	0.044999999999845386	epochs	1.0
1333.6949997901916	2.999920000000202	epochs	0.0
1333.6949997901916	1.0	epochs	1.0
1334.6949997901916	1.0	epochs	1.0
1335.6949997901916	0.999920000000202	epochs	1.0
1337.7779998779297	0.09999999999990905	epochs	0.0
1337.7779998779297	0.04500000000007276	epochs	1.0
1337.8229998779298	0.009999999999990905	epochs	1.0
1337.8329998779298	0.044999999999845386	epochs	1.0
1337.8779998779296	2.999920000000202	epochs	0.0
1337.8779998779296	1.0	epochs	1.0
1338.8779998779296	1.0	epochs	1.0
1339.8779998779296	0.999920000000202	epochs	1.0
1341.9319996833801	0.09999999999990905	epochs	0.0
1341.9319996833801	0.04500000000007276	epochs	1.0
1341.9769996833802	0.009999999999990905	epochs	1.0
1341.9869996833802	0.044999999999845386	epochs	1.0
1342.03199968338	2.999920000000202	epochs	0.0
1342.03199968338	1.0	epochs	1.0
1343.03199968338	1.0	epochs	1.0
1344.03199968338	0.999920000000202	epochs	1.0
1346.098000049591	0.09999999999990905	epochs	0.0
1346.098000049591	0.04500000000007276	epochs	1.0
1346.1430000495911	0.009999999999990905	epochs	1.0
1346.1530000495911	0.044999999999845386	epochs	1.0
1346.198000049591	2.999920000000202	epochs	0.0
1346.198000049591	1.0	epochs	1.0
1347.198000049591	1.0	epochs	1.0
1348.198000049591	0.999920000000202	epochs	1.0
1350.3319997787476	0.09999999999990905	epochs	0.0
1350.3319997787476	0.04500000000007276	epochs	1.0
1350.3769997787476	0.009999999999990905	epochs	1.0
1350.3869997787476	0.044999999999845386	epochs	1.0
1350.4319997787475	2.999920000000202	epochs	0.0
1350.4319997787475	1.0	epochs	1.0
1351.4319997787475	1.0	epochs	1.0
1352.4319997787475	0.999920000000202	epochs	1.0
1354.5460000038147	0.09999999999990905	epochs	0.0
1354.5460000038147	0.04500000000007276	epochs	1.0
1354.5910000038148	0.009999999999990905	epochs	1.0
1354.6010000038148	0.044999999999845386	epochs	1.0
1354.6460000038146	2.999920000000202	epochs	0.0
1354.6460000038146	1.0	epochs	1.0
1355.6460000038146	1.0	epochs	1.0
1356.6460000038146	0.999920000000202	epochs	1.0
1358.7289996147156	0.09999999999990905	epochs	0.0
1358.7289996147156	0.04500000000007276	epochs	1.0
1358.7739996147156	0.009999999999990905	epochs	1.0
1358.7839996147156	0.044999999999845386	epochs	1.0
1358.8289996147155	2.999920000000202	epochs	0.0
1358.8289996147155	1.0	epochs	1.0
1359.8289996147155	1.0	epochs	1.0
1360.8289996147155	0.999920000000202	epochs	1.0
1362.9519996643066	0.09999999999990905	epochs	0.0
1362.9519996643066	0.04500000000007276	epochs	1.0
1362.9969996643067	0.009999999999990905	epochs	1.0
1363.0069996643067	0.044999999999845386	epochs	1.0
1363.0519996643065	2.999920000000202	epochs	0.0
1363.0519996643065	1.0	epochs	1.0
1364.0519996643065	1.0	epochs	1.0
1365.0519996643065	0.999920000000202	epochs	1.0
1367.1189999580383	0.09999999999990905	epochs	0.0
1367.1189999580383	0.04500000000007276	epochs	1.0
1367.1639999580384	0.009999999999990905	epochs	1.0
1367.1739999580384	0.044999999999845386	epochs	1.0
1367.2189999580382	2.999920000000202	epochs	0.0
1367.2189999580382	1.0	epochs	1.0
1368.2189999580382	1.0	epochs	1.0
1369.2189999580382	0.999920000000202	epochs	1.0
1371.3369998931885	0.09999999999990905	epochs	0.0
1371.3369998931885	0.04500000000007276	epochs	1.0
1371.3819998931885	0.009999999999990905	epochs	1.0
1371.3919998931885	0.044999999999845386	epochs	1.0
1371.4369998931884	2.999920000000202	epochs	0.0
1371.4369998931884	1.0	epochs	1.0
1372.4369998931884	1.0	epochs	1.0
1373.4369998931884	0.999920000000202	epochs	1.0
1375.5029997825623	0.09999999999990905	epochs	0.0
1375.5029997825623	0.04500000000007276	epochs	1.0
1375.5479997825623	0.009999999999990905	epochs	1.0
1375.5579997825623	0.044999999999845386	epochs	1.0
1375.6029997825622	1.2999200000001565	epochs	0.0
1375.6029997825622	1.0	epochs	1.0
1376.6029997825622	0.2999200000001565	epochs	1.0
1376.9029197825623	1.7000000000000455	epochs	0.0
