onset	duration	nwb_table	treelevel
11.125	0.09999999999999964	epochs	0.0
11.125	0.04499999999999993	epochs	1.0
11.17	0.009999999999999787	epochs	1.0
11.18	0.04499999999999993	epochs	1.0
11.225	0.7049950000000003	epochs	0.0
11.225	0.5	epochs	-1.0
11.225	0.5	epochs	-1.0
11.225	0.5	epochs	1.0
11.725	0.0600000000000005	epochs	-1.0
11.725	0.025000000000000355	epochs	-1.0
11.725	0.025000000000000355	epochs	1.0
11.75	0.009999999999999787	epochs	-1.0
11.75	0.009999999999999787	epochs	1.0
11.76	0.025000000000000355	epochs	-1.0
11.76	0.025000000000000355	epochs	1.0
11.785	0.0600000000000005	epochs	-1.0
11.785	0.025000000000000355	epochs	-1.0
11.785	0.025000000000000355	epochs	1.0
11.81	0.009999999999999787	epochs	-1.0
11.81	0.009999999999999787	epochs	1.0
11.82	0.025000000000000355	epochs	-1.0
11.82	0.025000000000000355	epochs	1.0
11.845	0.05999999999999872	epochs	-1.0
11.845	0.02499999999999858	epochs	-1.0
11.845	0.02499999999999858	epochs	1.0
11.87	0.010000000000001563	epochs	-1.0
11.87	0.010000000000001563	epochs	1.0
11.88	0.02499999999999858	epochs	-1.0
11.88	0.02499999999999858	epochs	1.0
11.905	0.024995000000000545	epochs	1.0
527.5590000152588	0.10000000000002274	epochs	0.0
527.5590000152588	0.04499999999995907	epochs	1.0
527.6040000152587	0.009999999999990905	epochs	1.0
527.6140000152587	0.04500000000007276	epochs	1.0
527.6590000152588	0.7049949999999399	epochs	0.0
527.6590000152588	0.5	epochs	-1.0
527.6590000152588	0.5	epochs	1.0
528.1590000152588	0.05999999999994543	epochs	-1.0
528.1590000152588	0.024999999999977263	epochs	-1.0
528.1590000152588	0.024999999999977263	epochs	1.0
528.1840000152588	0.009999999999990905	epochs	-1.0
528.1840000152588	0.009999999999990905	epochs	1.0
528.1940000152588	0.024999999999977263	epochs	-1.0
528.1940000152588	0.024999999999977263	epochs	1.0
528.2190000152588	0.06000000000005912	epochs	-1.0
528.2190000152588	0.024999999999977263	epochs	-1.0
528.2190000152588	0.024999999999977263	epochs	1.0
528.2440000152587	0.010000000000104592	epochs	-1.0
528.2440000152587	0.010000000000104592	epochs	1.0
528.2540000152588	0.024999999999977263	epochs	-1.0
528.2540000152588	0.024999999999977263	epochs	1.0
528.2790000152588	0.05999999999994543	epochs	-1.0
528.2790000152588	0.024999999999977263	epochs	-1.0
528.2790000152588	0.024999999999977263	epochs	1.0
528.3040000152588	0.009999999999990905	epochs	-1.0
528.3040000152588	0.009999999999990905	epochs	1.0
528.3140000152588	0.024999999999977263	epochs	-1.0
528.3140000152588	0.024999999999977263	epochs	1.0
528.3390000152588	0.024994999999989886	epochs	1.0
596.579999923706	0.10000000000002274	epochs	0.0
596.579999923706	0.04499999999995907	epochs	1.0
596.624999923706	0.009999999999990905	epochs	1.0
596.634999923706	0.04500000000007276	epochs	1.0
596.6799999237061	61.384995	epochs	0.0
596.6799999237061	0.5	epochs	-1.0
596.6799999237061	0.5	epochs	-1.0
596.6799999237061	0.5	epochs	1.0
597.1799999237061	0.05999999999994543	epochs	-1.0
597.1799999237061	0.024999999999977263	epochs	-1.0
597.1799999237061	0.024999999999977263	epochs	1.0
597.204999923706	0.009999999999990905	epochs	-1.0
597.204999923706	0.009999999999990905	epochs	1.0
597.214999923706	0.024999999999977263	epochs	-1.0
597.214999923706	0.024999999999977263	epochs	1.0
597.239999923706	0.06000000000005912	epochs	-1.0
597.239999923706	0.024999999999977263	epochs	-1.0
597.239999923706	0.024999999999977263	epochs	1.0
597.264999923706	0.010000000000104592	epochs	-1.0
597.264999923706	0.010000000000104592	epochs	1.0
597.2749999237061	0.024999999999977263	epochs	-1.0
597.2749999237061	0.024999999999977263	epochs	1.0
597.2999999237061	0.05999999999994543	epochs	-1.0
597.2999999237061	0.024999999999977263	epochs	-1.0
597.2999999237061	0.024999999999977263	epochs	1.0
597.3249999237061	0.009999999999990905	epochs	-1.0
597.3249999237061	0.009999999999990905	epochs	1.0
597.334999923706	0.024999999999977263	epochs	-1.0
597.334999923706	0.024999999999977263	epochs	1.0
597.359999923706	60.0	epochs	1.0
657.359999923706	0.5	epochs	-1.0
657.359999923706	0.5	epochs	-1.0
657.359999923706	0.5	epochs	1.0
657.859999923706	0.06000000000005912	epochs	-1.0
657.859999923706	0.024999999999977263	epochs	-1.0
657.859999923706	0.024999999999977263	epochs	1.0
657.884999923706	0.010000000000104592	epochs	-1.0
657.884999923706	0.010000000000104592	epochs	1.0
657.8949999237061	0.024999999999977263	epochs	-1.0
657.8949999237061	0.024999999999977263	epochs	1.0
657.9199999237061	0.05999999999994543	epochs	-1.0
657.9199999237061	0.024999999999977263	epochs	-1.0
657.9199999237061	0.024999999999977263	epochs	1.0
657.9449999237061	0.009999999999990905	epochs	-1.0
657.9449999237061	0.009999999999990905	epochs	1.0
657.954999923706	0.024999999999977263	epochs	-1.0
657.954999923706	0.024999999999977263	epochs	1.0
657.979999923706	0.06000000000005912	epochs	-1.0
657.979999923706	0.024999999999977263	epochs	-1.0
657.979999923706	0.024999999999977263	epochs	1.0
658.004999923706	0.009999999999990905	epochs	-1.0
658.004999923706	0.009999999999990905	epochs	1.0
658.014999923706	0.02500000000009095	epochs	-1.0
658.014999923706	0.02500000000009095	epochs	1.0
658.0399999237061	0.024994999999989886	epochs	1.0
693.6370000839233	0.10000000000002274	epochs	0.0
693.6370000839233	0.04499999999995907	epochs	1.0
693.6820000839233	0.009999999999990905	epochs	1.0
693.6920000839233	0.04500000000007276	epochs	1.0
693.7370000839234	0.7049949999999399	epochs	0.0
693.7370000839234	0.5	epochs	-1.0
693.7370000839234	0.5	epochs	-1.0
693.7370000839234	0.5	epochs	1.0
694.2370000839234	0.05999999999994543	epochs	-1.0
694.2370000839234	0.024999999999977263	epochs	-1.0
694.2370000839234	0.024999999999977263	epochs	1.0
694.2620000839233	0.009999999999990905	epochs	-1.0
694.2620000839233	0.009999999999990905	epochs	1.0
694.2720000839233	0.024999999999977263	epochs	-1.0
694.2720000839233	0.024999999999977263	epochs	1.0
694.2970000839233	0.06000000000005912	epochs	-1.0
694.2970000839233	0.024999999999977263	epochs	-1.0
694.2970000839233	0.024999999999977263	epochs	1.0
694.3220000839233	0.010000000000104592	epochs	-1.0
694.3220000839233	0.010000000000104592	epochs	1.0
694.3320000839234	0.024999999999977263	epochs	-1.0
694.3320000839234	0.024999999999977263	epochs	1.0
694.3570000839234	0.05999999999994543	epochs	-1.0
694.3570000839234	0.024999999999977263	epochs	-1.0
694.3570000839234	0.024999999999977263	epochs	1.0
694.3820000839233	0.009999999999990905	epochs	-1.0
694.3820000839233	0.009999999999990905	epochs	1.0
694.3920000839233	0.024999999999977263	epochs	-1.0
694.3920000839233	0.024999999999977263	epochs	1.0
694.4170000839233	0.024994999999989886	epochs	1.0
731.3689999580383	0.08303999999998268	epochs	0.0
731.3689999580383	0.036520999999993364	epochs	1.0
731.4055209580383	0.009997999999995955	epochs	1.0
731.4155189580383	0.036520999999993364	epochs	1.0
731.4520399580383	5.9999800000000505	epochs	0.0
731.4520399580383	0.5	epochs	1.0
731.4520564580383	0.5	epochs	-1.0
731.4520564580383	0.5	epochs	-1.0
731.9520399580383	5.0	epochs	1.0
736.9520399580383	0.4999800000000505	epochs	1.0
736.9520564580383	0.4999635000000353	epochs	-1.0
739.576000213623	0.08303999999998268	epochs	0.0
739.576000213623	0.036520999999993364	epochs	1.0
739.612521213623	0.009997999999995955	epochs	1.0
739.622519213623	0.036520999999993364	epochs	1.0
739.659040213623	2.5166600000000017	epochs	0.0
739.659040213623	0.5	epochs	1.0
739.659056713623	0.5	epochs	-1.0
740.159040213623	1.0	epochs	1.0
741.159040213623	1.0166600000000017	epochs	1.0
741.659056713623	0.5	epochs	-1.0
742.175700213623	0.9833200000000488	epochs	0.0
742.5430002212524	0.08303999999998268	epochs	0.0
742.5430002212524	0.036520999999993364	epochs	1.0
742.5795212212524	0.009997999999995955	epochs	1.0
742.5895192212524	0.036520999999993364	epochs	1.0
742.6260402212524	2.5368799999999965	epochs	0.0
742.6260402212524	0.5	epochs	1.0
742.6260567212524	0.5	epochs	-1.0
743.1260402212524	1.0	epochs	1.0
744.1260402212524	1.0368799999999965	epochs	1.0
744.6260567212524	0.5	epochs	-1.0
745.1629202212524	0.963100000000054	epochs	0.0
745.4429998397827	0.08303999999998268	epochs	0.0
745.4429998397827	0.036520999999993364	epochs	1.0
745.4795208397827	0.009997999999995955	epochs	1.0
745.4895188397827	0.036520999999993364	epochs	1.0
745.5260398397827	2.516520000000014	epochs	0.0
745.5260398397827	0.5	epochs	1.0
745.5260563397827	0.5	epochs	-1.0
746.0260398397827	1.0	epochs	1.0
747.0260398397827	1.016520000000014	epochs	1.0
747.5260563397827	0.5	epochs	-1.0
748.0425598397827	0.9834600000000364	epochs	0.0
748.3629999160767	0.08303999999998268	epochs	0.0
748.3629999160767	0.036520999999993364	epochs	1.0
748.3995209160767	0.009997999999995955	epochs	1.0
748.4095189160766	0.036520999999993364	epochs	1.0
748.4460399160766	2.5172599999999647	epochs	0.0
748.4460399160766	0.5	epochs	1.0
748.4460564160767	0.5	epochs	-1.0
748.9460399160766	1.0	epochs	1.0
749.9460399160766	1.0172599999999647	epochs	1.0
750.4460564160767	0.5	epochs	-1.0
750.9632999160766	0.9827200000000857	epochs	0.0
751.329999923706	0.08303999999998268	epochs	0.0
751.329999923706	0.036520999999993364	epochs	1.0
751.366520923706	0.009997999999995955	epochs	1.0
751.376518923706	0.036520999999993364	epochs	1.0
751.413039923706	3.036740000000009	epochs	0.0
751.413039923706	0.5	epochs	1.0
751.413056423706	0.5	epochs	-1.0
751.913039923706	1.0	epochs	1.0
752.913039923706	1.5367400000000089	epochs	1.0
753.413056423706	0.5	epochs	-1.0
753.913056423706	0.5	epochs	-1.0
754.449779923706	0.4632400000000416	epochs	0.0
754.896999835968	0.6499800000000278	epochs	0.0
754.896999835968	0.049999999999954525	epochs	1.0
754.946999835968	0.5	epochs	1.0
755.446999835968	0.09998000000007323	epochs	1.0
755.9970002174377	0.6499800000000278	epochs	0.0
755.9970002174377	0.049999999999954525	epochs	1.0
756.0470002174377	0.5	epochs	1.0
756.5470002174377	0.09998000000007323	epochs	1.0
757.063000202179	0.6499800000000278	epochs	0.0
757.063000202179	0.049999999999954525	epochs	1.0
757.1130002021789	0.5	epochs	1.0
757.6130002021789	0.09998000000007323	epochs	1.0
758.0989999771118	0.6499800000000278	epochs	0.0
758.0989999771118	0.049999999999954525	epochs	1.0
758.1489999771118	0.5	epochs	1.0
758.6489999771118	0.09998000000007323	epochs	1.0
759.183000087738	0.6499800000000278	epochs	0.0
759.183000087738	0.049999999999954525	epochs	1.0
759.233000087738	0.5	epochs	1.0
759.733000087738	0.09998000000007323	epochs	1.0
760.298999786377	0.6499800000000278	epochs	0.0
760.298999786377	0.049999999999954525	epochs	1.0
760.3489997863769	0.5	epochs	1.0
760.8489997863769	0.09998000000007323	epochs	1.0
761.3990001678467	0.6499800000000278	epochs	0.0
761.3990001678467	0.049999999999954525	epochs	1.0
761.4490001678466	0.5	epochs	1.0
761.9490001678466	0.09998000000007323	epochs	1.0
762.5329999923706	0.08303999999998268	epochs	0.0
762.5329999923706	0.036520999999993364	epochs	1.0
762.5695209923706	0.009997999999995955	epochs	1.0
762.5795189923706	0.036520999999993364	epochs	1.0
762.6160399923706	2.51715999999999	epochs	0.0
762.6160399923706	0.5	epochs	1.0
762.6160564923706	0.5	epochs	-1.0
763.1160399923706	1.0	epochs	1.0
764.1160399923706	1.0171599999999899	epochs	1.0
764.6160563923706	0.5	epochs	-1.0
765.1331999923706	2.9828200000000606	epochs	0.0
767.7490000724792	0.08303999999998268	epochs	0.0
767.7490000724792	0.036520999999993364	epochs	1.0
767.7855210724792	0.009997999999995955	epochs	1.0
767.7955190724792	0.036520999999993364	epochs	1.0
767.8320400724792	2.516899999999964	epochs	0.0
767.8320400724792	0.5	epochs	1.0
767.8320565724792	0.5	epochs	-1.0
768.3320400724792	1.0	epochs	1.0
769.3320400724792	1.0168999999999642	epochs	1.0
769.8320564724793	0.5	epochs	-1.0
770.3489400724792	2.9830800000000863	epochs	0.0
773.0069999694824	0.08303999999998268	epochs	0.0
773.0069999694824	0.036520999999993364	epochs	1.0
773.0435209694824	0.009997999999995955	epochs	1.0
773.0535189694824	0.036520999999993364	epochs	1.0
773.0900399694824	2.516640000000052	epochs	0.0
773.0900399694824	0.5	epochs	1.0
773.0900564694824	0.5	epochs	-1.0
773.5900399694824	1.0	epochs	1.0
774.5900399694824	1.0166400000000522	epochs	1.0
775.0900564694824	0.5	epochs	-1.0
775.6066799694825	3.9833399999999983	epochs	0.0
776.1240000724792	0.08303999999998268	epochs	0.0
776.1240000724792	0.036520999999993364	epochs	1.0
776.1605210724792	0.009997999999995955	epochs	1.0
776.1705190724792	0.036520999999993364	epochs	1.0
776.2070400724792	2.5166600000000017	epochs	0.0
776.2070400724792	0.5	epochs	1.0
776.2070565724792	0.5	epochs	-1.0
776.7070400724792	1.0	epochs	1.0
777.7070400724792	1.0166600000000017	epochs	1.0
778.2070565724792	0.5	epochs	-1.0
778.7237000724792	3.983320000000049	epochs	0.0
779.2020001411438	0.08303999999998268	epochs	0.0
779.2020001411438	0.036520999999993364	epochs	1.0
779.2385211411438	0.009997999999995955	epochs	1.0
779.2485191411438	0.036520999999993364	epochs	1.0
779.2850401411438	2.5170200000000023	epochs	0.0
779.2850401411438	0.5	epochs	1.0
779.2850566411438	0.5	epochs	-1.0
779.7850401411438	1.0	epochs	1.0
780.7850401411438	1.0170200000000023	epochs	1.0
781.2850566411438	0.5	epochs	-1.0
781.8020601411438	3.9829600000000482	epochs	0.0
782.3020000457764	0.08303999999998268	epochs	0.0
782.3020000457764	0.036520999999993364	epochs	1.0
782.3385210457764	0.009997999999995955	epochs	1.0
782.3485190457764	0.036520999999993364	epochs	1.0
782.3850400457763	2.536519999999996	epochs	0.0
782.3850400457763	0.5	epochs	1.0
782.3850565457764	0.5	epochs	-1.0
782.8850400457763	1.0	epochs	1.0
783.8850400457763	1.036519999999996	epochs	1.0
784.3850565457764	0.5	epochs	-1.0
784.9215600457763	3.9634600000000546	epochs	0.0
785.3860001564026	0.08303999999998268	epochs	0.0
785.3860001564026	0.036520999999993364	epochs	1.0
785.4225211564026	0.009997999999995955	epochs	1.0
785.4325191564026	0.036520999999993364	epochs	1.0
785.4690401564026	2.537140000000022	epochs	0.0
785.4690401564026	0.5	epochs	1.0
785.4690566564026	0.5	epochs	-1.0
785.9690401564026	1.0	epochs	1.0
786.9690401564026	1.0371400000000222	epochs	1.0
787.4690566564026	0.5	epochs	-1.0
788.0061801564026	3.9628400000000283	epochs	0.0
788.5	0.08303999999998268	epochs	0.0
788.5	0.036520999999993364	epochs	1.0
788.536521	0.009997999999995955	epochs	1.0
788.546519	0.036520999999993364	epochs	1.0
788.58304	0.517439999999965	epochs	0.0
788.58304	0.5	epochs	1.0
788.5830565	0.5	epochs	-1.0
789.08304	0.01743999999996504	epochs	1.0
789.10048	5.9825400000000855	epochs	0.0
804.7210001945496	0.08303999999998268	epochs	0.0
804.7210001945496	0.036520999999993364	epochs	1.0
804.7575211945496	0.009997999999995955	epochs	1.0
804.7675191945495	0.036520999999993364	epochs	1.0
804.8040401945495	2.516899999999964	epochs	0.0
804.8040401945495	0.5	epochs	1.0
804.8040566945496	0.5	epochs	-1.0
805.3040401945495	1.0	epochs	1.0
806.3040401945495	1.0168999999999642	epochs	1.0
806.8040566945496	0.5	epochs	-1.0
807.3209401945495	3.9830800000000863	epochs	0.0
807.8870000839233	0.15297999999995682	epochs	0.0
807.8870000839233	0.049999999999954525	epochs	1.0
807.9370000839233	0.0030000000000427463	epochs	1.0
807.9400000839233	0.09997999999995955	epochs	1.0
808.6119999885559	0.15297999999995682	epochs	0.0
808.6119999885559	0.049999999999954525	epochs	1.0
808.6619999885559	0.0030000000000427463	epochs	1.0
808.6649999885559	0.09997999999995955	epochs	1.0
809.2779998779297	0.15297999999995682	epochs	0.0
809.2779998779297	0.049999999999954525	epochs	1.0
809.3279998779296	0.0030000000000427463	epochs	1.0
809.3309998779297	0.09997999999995955	epochs	1.0
810.0279998779297	0.15297999999995682	epochs	0.0
810.0279998779297	0.049999999999954525	epochs	1.0
810.0779998779296	0.0030000000000427463	epochs	1.0
810.0809998779297	0.09997999999995955	epochs	1.0
810.7119998931885	0.15297999999995682	epochs	0.0
810.7119998931885	0.049999999999954525	epochs	1.0
810.7619998931884	0.0030000000000427463	epochs	1.0
810.7649998931885	0.09997999999995955	epochs	1.0
811.4619998931885	0.15297999999995682	epochs	0.0
811.4619998931885	0.049999999999954525	epochs	1.0
811.5119998931884	0.0030000000000427463	epochs	1.0
811.5149998931885	0.09997999999995955	epochs	1.0
812.1779999732971	0.15297999999995682	epochs	0.0
812.1779999732971	0.049999999999954525	epochs	1.0
812.2279999732971	0.0030000000000427463	epochs	1.0
812.2309999732971	0.09997999999995955	epochs	1.0
812.9120001792908	0.15297999999995682	epochs	0.0
812.9120001792908	0.049999999999954525	epochs	1.0
812.9620001792907	0.0030000000000427463	epochs	1.0
812.9650001792908	0.09997999999995955	epochs	1.0
813.6279997825623	0.15297999999995682	epochs	0.0
813.6279997825623	0.049999999999954525	epochs	1.0
813.6779997825622	0.0030000000000427463	epochs	1.0
813.6809997825623	0.09997999999995955	epochs	1.0
814.3449997901917	0.15297999999995682	epochs	0.0
814.3449997901917	0.049999999999954525	epochs	1.0
814.3949997901916	0.0030000000000427463	epochs	1.0
814.3979997901916	0.09997999999995955	epochs	1.0
815.1279997825623	0.15297999999995682	epochs	0.0
815.1279997825623	0.049999999999954525	epochs	1.0
815.1779997825622	0.0030000000000427463	epochs	1.0
815.1809997825623	0.09997999999995955	epochs	1.0
815.8949999809265	0.15297999999995682	epochs	0.0
815.8949999809265	0.049999999999954525	epochs	1.0
815.9449999809265	0.0030000000000427463	epochs	1.0
815.9479999809265	0.09997999999995955	epochs	1.0
816.6779999732971	0.15297999999995682	epochs	0.0
816.6779999732971	0.049999999999954525	epochs	1.0
816.7279999732971	0.0030000000000427463	epochs	1.0
816.7309999732971	0.09997999999995955	epochs	1.0
817.4279999732971	0.15297999999995682	epochs	0.0
817.4279999732971	0.049999999999954525	epochs	1.0
817.4779999732971	0.0030000000000427463	epochs	1.0
817.4809999732971	0.09997999999995955	epochs	1.0
818.2750000953674	0.08303999999998268	epochs	0.0
818.2750000953674	0.036520999999993364	epochs	1.0
818.3115210953674	0.009997999999995955	epochs	1.0
818.3215190953674	0.036520999999993364	epochs	1.0
818.3580400953674	1.516740000000027	epochs	0.0
818.3580400953674	0.5	epochs	1.0
818.3580565953674	0.5	epochs	-1.0
818.8580400953674	0.0030000000000427463	epochs	1.0
818.8610400953675	1.0137399999999843	epochs	1.0
819.3610565953675	0.5	epochs	-1.0
819.8747800953674	0.08623999999997523	epochs	0.0
820.4079999923706	0.08303999999998268	epochs	0.0
820.4079999923706	0.036520999999993364	epochs	1.0
820.4445209923706	0.009997999999995955	epochs	1.0
820.4545189923706	0.036520999999993364	epochs	1.0
820.4910399923706	1.516619999999989	epochs	0.0
820.4910399923706	0.5	epochs	1.0
820.4910564923706	0.5	epochs	-1.0
820.9910399923706	0.0030000000000427463	epochs	1.0
820.9940399923706	1.0136199999999462	epochs	1.0
821.4940564923706	0.5	epochs	-1.0
822.0076599923706	0.08636000000001332	epochs	0.0
822.6750001907349	0.08303999999998268	epochs	0.0
822.6750001907349	0.036520999999993364	epochs	1.0
822.7115211907349	0.009997999999995955	epochs	1.0
822.7215191907349	0.036520999999993364	epochs	1.0
822.7580401907348	7.257039999999961	epochs	0.0
822.7580401907348	0.5	epochs	1.0
822.7580566907349	0.5	epochs	-1.0
823.2580401907348	6.757039999999961	epochs	1.0
829.0147601907348	1.0003199999999879	epochs	-1.0
829.0147601907348	0.040300000000002	epochs	-1.0
829.5122566907348	0.5	epochs	-1.0
830.0150801907348	12.24294000000009	epochs	0.0
830.835000038147	0.08303999999998268	epochs	0.0
830.835000038147	0.036520999999993364	epochs	1.0
830.871521038147	0.009997999999995955	epochs	1.0
830.881519038147	0.036520999999993364	epochs	1.0
830.918040038147	7.217039999999997	epochs	0.0
830.918040038147	0.5	epochs	1.0
830.918056538147	0.5	epochs	-1.0
831.418040038147	6.717039999999997	epochs	1.0
837.134880038147	1.0001999999999498	epochs	-1.0
837.134880038147	0.04017999999996391	epochs	-1.0
837.632376538147	0.5	epochs	-1.0
838.135080038147	12.282940000000053	epochs	0.0
838.7890000343323	0.08303999999998268	epochs	0.0
838.7890000343323	0.036520999999993364	epochs	1.0
838.8255210343323	0.009997999999995955	epochs	1.0
838.8355190343323	0.036520999999993364	epochs	1.0
838.8720400343323	6.956800000000044	epochs	0.0
838.8720400343323	0.5	epochs	1.0
838.8720565343323	0.5	epochs	-1.0
839.3720400343323	6.456800000000044	epochs	1.0
844.8286400343322	1.0002000000000635	epochs	-1.0
844.8286400343322	0.03956000000005133	epochs	-1.0
845.3261365343322	0.5	epochs	-1.0
845.8288400343323	12.543180000000007	epochs	0.0
962.6230001449585	0.08303999999998268	epochs	0.0
962.6230001449585	0.036520999999993364	epochs	1.0
962.6595211449585	0.009997999999995955	epochs	1.0
962.6695191449585	0.036520999999993364	epochs	1.0
962.7060401449585	2.0	epochs	0.0
964.7060401449585	5.3767199999999775	epochs	0.0
964.7060401449585	1.0	epochs	1.0
964.7060566449585	0.5	epochs	-1.0
965.2060566449585	4.876703499999962	epochs	-1.0
965.7060401449585	4.3767199999999775	epochs	1.0
965.7060401449585	4.356753900000058	epochs	-1.0
965.7060401449585	1.9745871999999736	epochs	2.0
965.7060401449585	1.0985622000000603	epochs	3.0
966.8046023449585	0.8760249999999132	epochs	3.0
967.6806273449585	1.3524075000000266	epochs	2.0
967.6806273449585	0.7286354999999958	epochs	3.0
968.4092628449584	0.6237720000000309	epochs	3.0
969.0330348449585	1.0297592000000577	epochs	2.0
969.0330348449585	0.5453293000000485	epochs	3.0
969.5783641449585	0.4844299000000092	epochs	3.0
970.0627940449585	0.019966099999919606	epochs	2.0
970.0627940449585	0.019966099999919606	epochs	3.0
970.0827601449585	16.623199999999997	epochs	0.0
970.8959999084473	0.08303999999998268	epochs	0.0
970.8959999084473	0.036520999999993364	epochs	1.0
970.9325209084473	0.009997999999995955	epochs	1.0
970.9425189084473	0.036520999999993364	epochs	1.0
970.9790399084472	2.0	epochs	0.0
972.9790399084472	21.537040000000047	epochs	0.0
972.9790399084472	1.0	epochs	1.0
972.9790564084473	0.5	epochs	-1.0
973.4790564084473	19.99896000000001	epochs	-1.0
973.9790399084472	20.0	epochs	1.0
973.9790399084472	4.356753900000058	epochs	-1.0
973.9790399084472	1.9745871999999736	epochs	2.0
973.9790399084472	1.0985622000000603	epochs	3.0
975.0776021084473	0.8760249999999132	epochs	3.0
975.9536271084472	1.3524075000000266	epochs	2.0
975.9536271084472	0.7286354999999958	epochs	3.0
976.6822626084472	0.6237720000000309	epochs	3.0
977.3060346084472	1.0297592000000577	epochs	2.0
977.3060346084472	0.5453293000000485	epochs	3.0
977.8513639084473	0.4844299000000092	epochs	3.0
978.3357938084473	0.8317862000000105	epochs	2.0
978.3357938084473	0.4357762999999295	epochs	3.0
978.7715701084472	0.39600990000008096	epochs	3.0
979.1675800084473	0.6977969999999232	epochs	2.0
979.1675800084473	0.36289819999990414	epochs	3.0
979.5304782084472	0.33489880000001904	epochs	3.0
979.8653770084472	0.601045699999986	epochs	2.0
979.8653770084472	0.3109123000000409	epochs	3.0
980.1762893084473	0.29013339999994514	epochs	3.0
980.4664227084472	0.5278859000000011	epochs	2.0
980.4664227084472	0.2719586000000618	epochs	3.0
980.7383813084473	0.25592729999993935	epochs	3.0
980.9943086084472	0.4706193000000667	epochs	2.0
980.9943086084472	0.241681299999982	epochs	3.0
981.2359899084472	0.22893800000008468	epochs	3.0
981.4649279084473	0.42457039999999324	epochs	2.0
981.4649279084473	0.21747140000002219	epochs	3.0
981.6823993084473	0.20709899999997106	epochs	3.0
981.8894983084473	0.3867354000000205	epochs	2.0
981.8894983084473	0.19767109999997956	epochs	3.0
982.0871694084473	0.18906430000004093	epochs	3.0
982.2762337084473	0.35509529999990264	epochs	2.0
982.2762337084473	0.18117589999997108	epochs	3.0
982.4574096084473	0.17391939999993156	epochs	3.0
982.6313290084472	0.3282431000000088	epochs	2.0
982.6313290084472	0.1672219000000723	epochs	3.0
982.7985509084473	0.16102119999993647	epochs	3.0
982.9595721084472	0.30516800000009425	epochs	2.0
982.9595721084472	0.15526390000002266	epochs	3.0
983.1148360084472	0.1499041000000716	epochs	3.0
983.2647401084473	0.28512530000000424	epochs	2.0
983.2647401084473	0.1449020999999675	epochs	3.0
983.4096422084473	0.14022320000003674	epochs	3.0
983.5498654084473	0.2675537999999733	epochs	2.0
983.5498654084473	0.1358368999999584	epochs	3.0
983.6857023084473	0.1317169000000149	epochs	3.0
983.8174192084473	0.252022899999929	epochs	2.0
983.8174192084473	0.1278393000000051	epochs	3.0
983.9452585084473	0.1241835999999239	epochs	3.0
984.0694421084472	0.23819650000007186	epochs	2.0
984.0694421084472	0.12073110000005727	epochs	3.0
984.1901732084473	0.1174654000000146	epochs	3.0
984.3076386084473	0.2258087999999816	epochs	2.0
984.3076386084473	0.1143718999999237	epochs	3.0
984.4220105084472	0.1114369000000579	epochs	3.0
984.5334474084473	0.2146460000000161	epochs	2.0
984.5334474084473	0.10864890000004834	epochs	3.0
984.6420963084473	0.10599709999996776	epochs	3.0
984.7480934084473	0.20453499999996438	epochs	2.0
984.7480934084473	0.10347149999995509	epochs	3.0
984.8515649084472	0.1010635000000093	epochs	3.0
984.9526284084473	0.19533400000000256	epochs	2.0
984.9526284084473	0.09876510000003691	epochs	3.0
985.0513935084473	0.09656889999996565	epochs	3.0
985.1479624084473	0.18692529999998442	epochs	2.0
985.1479624084473	0.09446830000001682	epochs	3.0
985.2424307084473	0.09245699999996759	epochs	3.0
985.3348877084472	0.17921069999999872	epochs	2.0
985.3348877084472	0.0905296000000817	epochs	3.0
985.4254173084473	0.08868109999991702	epochs	3.0
985.5140984084472	0.17210770000008324	epochs	2.0
985.5140984084472	0.08690630000000965	epochs	3.0
985.6010047084472	0.08520140000007359	epochs	3.0
985.6862061084473	0.1655463999999256	epochs	2.0
985.6862061084473	0.08356189999994967	epochs	3.0
985.7697680084473	0.08198449999997592	epochs	3.0
985.8517525084472	0.15946710000002895	epochs	2.0
985.8517525084472	0.08046539999998004	epochs	3.0
985.9322179084472	0.07900170000004891	epochs	3.0
986.0112196084473	0.15381839999997737	epochs	2.0
986.0112196084473	0.07759009999995214	epochs	3.0
986.0888097084472	0.07622830000002523	epochs	3.0
986.1650380084473	0.14855639999996129	epochs	2.0
986.1650380084473	0.07491330000004837	epochs	3.0
986.2399513084473	0.07364309999991292	epochs	3.0
986.3135944084472	0.14364240000008976	epochs	2.0
986.3135944084472	0.07241500000009182	epochs	3.0
986.3860094084473	0.07122739999999794	epochs	3.0
986.4572368084473	0.13904309999998077	epochs	2.0
986.4572368084473	0.07007799999996678	epochs	3.0
986.5273148084473	0.06896510000001399	epochs	3.0
986.5962799084473	0.1347293000000036	epochs	2.0
986.5962799084473	0.0678871000000072	epochs	3.0
986.6641670084473	0.06684219999999641	epochs	3.0
986.7310092084473	0.13067519999992783	epochs	2.0
986.7310092084473	0.06582909999997355	epochs	3.0
986.7968383084473	0.06484609999995428	epochs	3.0
986.8616844084472	0.12685780000003888	epochs	2.0
986.8616844084472	0.06389200000000983	epochs	3.0
986.9255764084472	0.06296580000002905	epochs	3.0
986.9885422084473	0.12325720000001184	epochs	2.0
986.9885422084473	0.06206580000002759	epochs	3.0
987.0506080084473	0.06119139999998424	epochs	3.0
987.1117994084473	0.11985540000000583	epochs	2.0
987.1117994084473	0.060341099999959624	epochs	3.0
987.1721405084472	0.059514300000046205	epochs	3.0
987.2316548084473	0.11663620000001629	epochs	2.0
987.2316548084473	0.05870960000004288	epochs	3.0
987.2903644084473	0.057926599999973405	epochs	3.0
987.3482910084473	0.11358559999996487	epochs	2.0
987.3482910084473	0.05716419999998834	epochs	3.0
987.4054552084473	0.05642139999997653	epochs	3.0
987.4618766084473	0.11069050000003244	epochs	2.0
987.4618766084473	0.055697900000041045	epochs	3.0
987.5175745084473	0.0549925999999914	epochs	3.0
987.5725671084473	0.10793909999995321	epochs	2.0
987.5725671084473	0.05430489999992005	epochs	3.0
987.6268720084472	0.05363420000003316	epochs	3.0
987.6805062084472	0.10532150000005913	epochs	2.0
987.6805062084472	0.05298000000004777	epochs	3.0
987.7334862084473	0.052341500000011365	epochs	3.0
987.7858277084473	0.10282759999995505	epochs	2.0
987.7858277084473	0.05171810000001642	epochs	3.0
987.8375458084473	0.051109499999938635	epochs	3.0
987.8886553084473	0.10044909999999163	epochs	2.0
987.8886553084473	0.050514900000052876	epochs	3.0
987.9391702084473	0.049934199999938755	epochs	3.0
987.9891044084472	0.0981782999999723	epochs	2.0
987.9891044084472	0.04936659999998483	epochs	3.0
988.0384710084472	0.04881169999998747	epochs	3.0
988.0872827084472	0.09600780000005216	epochs	2.0
988.0872827084472	0.04826920000004975	epochs	3.0
988.1355519084473	0.04773860000000241	epochs	3.0
988.1832905084473	0.09393120000004274	epochs	2.0
988.1832905084473	0.04721949999998287	epochs	3.0
988.2305100084473	0.046711700000059864	epochs	3.0
988.2772217084473	0.09194259999992482	epochs	2.0
988.2772217084473	0.046214599999984785	epochs	3.0
988.3234363084473	0.04572799999994004	epochs	3.0
988.3691643084472	0.09003630000006524	epochs	2.0
988.3691643084472	0.04525150000006306	epochs	3.0
988.4144158084473	0.04478480000000218	epochs	3.0
988.4592006084473	0.08820759999991878	epochs	2.0
988.4592006084473	0.04432779999990544	epochs	3.0
988.5035284084472	0.04387980000001335	epochs	3.0
988.5474082084472	0.0864516999999978	epochs	2.0
988.5474082084472	0.04344100000002982	epochs	3.0
988.5908492084473	0.04301069999996798	epochs	3.0
988.6338599084472	0.0847643000000744	epochs	2.0
988.6338599084472	0.04258900000002086	epochs	3.0
988.6764489084472	0.04217530000005354	epochs	3.0
988.7186242084473	0.08314150000001064	epochs	2.0
988.7186242084473	0.041769699999917975	epochs	3.0
988.7603939084472	0.04137180000009266	epochs	3.0
988.8017657084473	0.08157969999990655	epochs	2.0
988.8017657084473	0.040981399999964196	epochs	3.0
988.8427471084473	0.040598299999942355	epochs	3.0
988.8833454084472	0.08007550000002084	epochs	2.0
988.8833454084472	0.040222300000095856	epochs	3.0
988.9235677084473	0.03985319999992498	epochs	3.0
988.9634209084472	0.07862569999997504	epochs	2.0
988.9634209084472	0.039490800000066884	epochs	3.0
989.0029117084473	0.03913489999990816	epochs	3.0
989.0420466084472	0.07722760000001472	epochs	2.0
989.0420466084472	0.038785400000051595	epochs	3.0
989.0808320084473	0.03844219999996312	epochs	3.0
989.1192742084472	0.07587820000003376	epochs	2.0
989.1192742084472	0.038104800000041905	epochs	3.0
989.1573790084473	0.03777339999999185	epochs	3.0
989.1951524084473	0.0745752000000266	epochs	2.0
989.1951524084473	0.03744770000002973	epochs	3.0
989.2326001084473	0.03712749999999687	epochs	3.0
989.2697276084473	0.07331629999998768	epochs	2.0
989.2697276084473	0.036812899999972615	epochs	3.0
989.3065405084473	0.03650340000001506	epochs	3.0
989.3430439084473	0.07209899999998015	epochs	2.0
989.3430439084473	0.03619909999997617	epochs	3.0
989.3792430084472	0.03589990000000398	epochs	3.0
989.4151429084473	0.07092169999998532	epochs	2.0
989.4151429084473	0.03560560000005353	epochs	3.0
989.4507485084473	0.035316099999931794	epochs	3.0
989.4860646084472	0.06978200000003199	epochs	2.0
989.4860646084472	0.03503120000004856	epochs	3.0
989.5210958084473	0.03475079999998343	epochs	3.0
989.5558466084473	0.06867859999999837	epochs	2.0
989.5558466084473	0.03447510000000875	epochs	3.0
989.5903217084473	0.03420349999998962	epochs	3.0
989.6245252084473	0.06760929999995824	epochs	2.0
989.6245252084473	0.033936199999970995	epochs	3.0
989.6584614084472	0.033673099999987244	epochs	3.0
989.6921345084472	0.06657289999998284	epochs	2.0
989.6921345084472	0.03341399999999339	epochs	3.0
989.7255485084472	0.033158899999989444	epochs	3.0
989.7587074084472	0.06556780000005347	epochs	2.0
989.7587074084472	0.032907700000009754	epochs	3.0
989.7916151084472	0.03266010000004371	epochs	3.0
989.8242752084473	0.06459259999996902	epochs	2.0
989.8242752084473	0.032416399999988244	epochs	3.0
989.8566916084472	0.03217619999998078	epochs	3.0
989.8888678084472	0.06364600000006249	epochs	2.0
989.8888678084472	0.03193959999998697	epochs	3.0
989.9208074084472	0.03170640000007552	epochs	3.0
989.9525138084473	0.0627266999999847	epochs	2.0
989.9525138084473	0.03147660000001906	epochs	3.0
989.9839904084473	0.03125009999996564	epochs	3.0
990.0152405084473	0.06183359999999993	epochs	2.0
990.0152405084473	0.031026900000028945	epochs	3.0
990.0462674084473	0.030806699999970988	epochs	3.0
990.0770741084473	0.06096560000003137	epochs	2.0
990.0770741084473	0.030589800000029754	epochs	3.0
990.1076639084473	0.030375800000001618	epochs	3.0
990.1380397084473	0.06012160000000222	epochs	2.0
990.1380397084473	0.03016489999993155	epochs	3.0
990.1682046084472	0.02995670000007067	epochs	3.0
990.1981613084473	0.05930069999999432	epochs	2.0
990.1981613084473	0.02975159999994048	epochs	3.0
990.2279129084473	0.02954910000005384	epochs	3.0
990.2574620084473	0.05850179999993088	epochs	2.0
990.2574620084473	0.02934940000000097	epochs	3.0
990.2868114084473	0.029152399999929912	epochs	3.0
990.3159638084472	0.057724200000052406	epochs	2.0
990.3159638084472	0.028957999999988715	epochs	3.0
990.3449218084472	0.02876620000006369	epochs	3.0
990.3736880084473	0.05696709999995164	epochs	2.0
990.3736880084473	0.028576999999927466	epochs	3.0
990.4022650084472	0.028390100000024177	epochs	3.0
990.4306551084472	0.05622949999997218	epochs	2.0
990.4306551084472	0.028205700000057732	epochs	3.0
990.4588608084473	0.028023799999914445	epochs	3.0
990.4868846084472	0.05551070000001346	epochs	2.0
990.4868846084472	0.02784400000007281	epochs	3.0
990.5147286084473	0.027666699999940647	epochs	3.0
990.5423953084472	0.054810200000019904	epochs	2.0
990.5423953084472	0.02749149999999645	epochs	3.0
990.5698868084472	0.027318700000023455	epochs	3.0
990.5972055084472	0.05412699999999404	epochs	2.0
990.5972055084472	0.027147799999966082	epochs	3.0
990.6243533084472	0.02697920000002796	epochs	3.0
990.6513325084472	0.0534607000000733	epochs	2.0
990.6513325084472	0.0268125999999711	epochs	3.0
990.6781451084472	0.026648100000102204	epochs	3.0
990.7047932084473	0.052810699999895405	epochs	2.0
990.7047932084473	0.026485600000000886	epochs	3.0
990.7312788084473	0.02632509999989452	epochs	3.0
990.7576039084472	0.05217620000007628	epochs	2.0
990.7576039084472	0.026166400000079193	epochs	3.0
990.7837703084473	0.026009799999997085	epochs	3.0
990.8097801084473	0.051556699999991906	epochs	2.0
990.8097801084473	0.025854799999933675	epochs	3.0
990.8356349084472	0.02570190000005823	epochs	3.0
990.8613368084473	0.05095189999997274	epochs	2.0
990.8613368084473	0.025550699999939752	epochs	3.0
990.8868875084472	0.025401200000032986	epochs	3.0
990.9122887084472	0.05036100000006627	epochs	2.0
990.9122887084472	0.025253499999962514	epochs	3.0
990.9375422084472	0.025107500000103755	epochs	3.0
990.9626497084473	0.049783800000000156	epochs	2.0
990.9626497084473	0.02496320000000196	epochs	3.0
990.9876129084473	0.024820599999998194	epochs	3.0
991.0124335084473	0.04921949999993558	epochs	2.0
991.0124335084473	0.024679399999968155	epochs	3.0
991.0371129084473	0.024540099999967424	epochs	3.0
991.0616530084473	0.04866790000005494	epochs	2.0
991.0616530084473	0.02440209999997478	epochs	3.0
991.0860551084472	0.024265800000080162	epochs	3.0
991.1103209084473	0.048128599999927246	epochs	2.0
991.1103209084473	0.024131000000011227	epochs	3.0
991.1344519084473	0.02399759999991602	epochs	3.0
991.1584495084472	0.047601100000065344	epochs	2.0
991.1584495084472	0.023865800000066884	epochs	3.0
991.1823153084473	0.02373529999999846	epochs	3.0
991.2060506084473	0.04708499999992455	epochs	2.0
991.2060506084473	0.023606299999983094	epochs	3.0
991.2296569084473	0.023478699999941455	epochs	3.0
991.2531356084472	0.04658000000006268	epochs	2.0
991.2531356084472	0.02335249999998723	epochs	3.0
991.2764881084472	0.02322750000007545	epochs	3.0
991.2997156084473	0.04608569999993506	epochs	2.0
991.2997156084473	0.023103999999989355	epochs	3.0
991.3228196084473	0.022981699999945704	epochs	3.0
991.3458013084472	0.0456018000000995	epochs	2.0
991.3458013084472	0.022860700000023826	epochs	3.0
991.3686620084472	0.022741100000075676	epochs	3.0
991.3914031084473	0.045127899999897636	epochs	2.0
991.3914031084473	0.022622499999897627	epochs	3.0
991.4140256084472	0.02250540000000001	epochs	3.0
991.4365310084472	0.0446638000000803	epochs	2.0
991.4365310084472	0.022389300000099865	epochs	3.0
991.4589203084473	0.022274499999980435	epochs	3.0
991.4811948084473	0.04420919999995476	epochs	2.0
991.4811948084473	0.022160799999937808	epochs	3.0
991.5033556084472	0.022048400000016954	epochs	3.0
991.5254040084473	0.043763600000033875	epochs	2.0
991.5254040084473	0.021936900000014248	epochs	3.0
991.5473409084473	0.021826700000019628	epochs	3.0
991.5691676084473	0.04332709999994222	epochs	2.0
991.5691676084473	0.021717599999988124	epochs	3.0
991.5908852084473	0.021609499999954096	epochs	3.0
991.6124947084472	0.04289900000003399	epochs	2.0
991.6124947084472	0.02150249999999687	epochs	3.0
991.6339972084472	0.021396500000037122	epochs	3.0
991.6553937084473	0.042479500000013104	epochs	2.0
991.6553937084473	0.02129170000000613	epochs	3.0
991.6766854084473	0.021187800000006973	epochs	3.0
991.6978732084473	0.042067900000006375	epochs	2.0
991.6978732084473	0.02108490000000529	epochs	3.0
991.7189581084473	0.020983000000001084	epochs	3.0
991.7399411084473	0.04166439999994509	epochs	2.0
991.7399411084473	0.020882199999959994	epochs	3.0
991.7608233084472	0.020782199999985096	epochs	3.0
991.7816055084472	0.04126850000000104	epochs	2.0
991.7816055084472	0.020683300000087	epochs	3.0
991.8022888084473	0.02058519999991404	epochs	3.0
991.8228740084472	0.04088000000001557	epochs	2.0
991.8228740084472	0.020488100000079612	epochs	3.0
991.8433621084473	0.02039189999993596	epochs	3.0
991.8637540084472	0.04049880000002304	epochs	2.0
991.8637540084472	0.020296600000051512	epochs	3.0
991.8840506084473	0.020202199999971526	epochs	3.0
991.9042528084473	0.04012460000001283	epochs	2.0
991.9042528084473	0.02010870000003706	epochs	3.0
991.9243615084473	0.020015899999975773	epochs	3.0
991.9443774084473	0.03975730000001931	epochs	2.0
991.9443774084473	0.019924199999991288	epochs	3.0
991.9643016084473	0.019833100000028026	epochs	3.0
991.9841347084473	0.03939669999999751	epochs	2.0
991.9841347084473	0.01974299999994855	epochs	3.0
992.0038777084472	0.019653700000048957	epochs	3.0
992.0235314084473	0.03904239999997117	epochs	2.0
992.0235314084473	0.01956510000002254	epochs	3.0
992.0430965084473	0.019477299999948627	epochs	3.0
992.0625738084473	0.03869459999998526	epochs	2.0
992.0625738084473	0.019390400000020236	epochs	3.0
992.0819642084473	0.01930419999996502	epochs	3.0
992.1012684084473	0.03835290000006353	epochs	2.0
992.1012684084473	0.019218799999976	epochs	3.0
992.1204872084472	0.01913410000008753	epochs	3.0
992.1396213084473	0.038017199999899276	epochs	2.0
992.1396213084473	0.01905019999992419	epochs	3.0
992.1586715084472	0.018966999999975087	epochs	3.0
992.1776385084472	0.037687200000050325	epochs	2.0
992.1776385084472	0.01888450000001285	epochs	3.0
992.1965230084472	0.018802700000037476	epochs	3.0
992.2153257084473	0.03736309999999321	epochs	2.0
992.2153257084473	0.018721700000014607	epochs	3.0
992.2340474084473	0.018641399999978603	epochs	3.0
992.2526888084473	0.03704430000004777	epochs	2.0
992.2526888084473	0.01856159999999818	epochs	3.0
992.2712504084473	0.01848270000004959	epochs	3.0
992.2897331084473	0.03673099999991791	epochs	2.0
992.2897331084473	0.018404299999929208	epochs	3.0
992.3081374084472	0.018326699999988705	epochs	3.0
992.3264641084472	0.036422900000047775	epochs	2.0
992.3264641084472	0.018249599999990096	epochs	3.0
992.3447137084472	0.01817330000005768	epochs	3.0
992.3628870084473	0.03612009999994825	epochs	2.0
992.3628870084473	0.0180976000000328	epochs	3.0
992.3809846084473	0.018022499999915453	epochs	3.0
992.3990071084472	0.03582210000001851	epochs	2.0
992.3990071084472	0.017947900000081063	epochs	3.0
992.4169550084473	0.017874199999937446	epochs	3.0
992.4348292084472	0.03552899999999681	epochs	2.0
992.4348292084472	0.017800800000031813	epochs	3.0
992.4526300084473	0.017728199999965	epochs	3.0
992.4703582084472	0.03524070000003121	epochs	2.0
992.4703582084472	0.017656100000067454	epochs	3.0
992.4880143084473	0.017584599999963757	epochs	3.0
992.5055989084473	0.034957100000042374	epochs	2.0
992.5055989084473	0.01751369999999497	epochs	3.0
992.5231126084473	0.017443400000047404	epochs	3.0
992.5405560084473	0.034677899999906	epochs	2.0
992.5405560084473	0.017373599999928047	epochs	3.0
992.5579296084472	0.017304299999977957	epochs	3.0
992.5752339084472	0.03440330000000813	epochs	2.0
992.5752339084472	0.01723570000001473	epochs	3.0
992.5924696084472	0.0171675999999934	epochs	3.0
992.6096372084472	0.0341328000000658	epochs	2.0
992.6096372084472	0.017099900000062007	epochs	3.0
992.6267371084473	0.017032900000003792	epochs	3.0
992.6437700084473	0.033866699999975935	epochs	2.0
992.6437700084473	0.01696640000000116	epochs	3.0
992.6607364084473	0.016900299999974777	epochs	3.0
992.6776367084473	0.03360459999998966	epochs	2.0
992.6776367084473	0.01683479999996962	epochs	3.0
992.6944715084472	0.01676980000002004	epochs	3.0
992.7112413084473	0.033346599999958926	epochs	2.0
992.7112413084473	0.016705300000012357	epochs	3.0
992.7279466084473	0.01664129999994657	epochs	3.0
992.7445879084472	0.03309250000006614	epochs	2.0
992.7445879084472	0.016577800000050047	epochs	3.0
992.7611657084473	0.01651470000001609	epochs	3.0
992.7776804084473	0.03284229999997024	epochs	2.0
992.7776804084473	0.01645220000000336	epochs	3.0
992.7941326084473	0.01639009999996688	epochs	3.0
992.8105227084473	0.03259570000000167	epochs	2.0
992.8105227084473	0.016328400000020338	epochs	3.0
992.8268511084473	0.016267299999981333	epochs	3.0
992.8431184084473	0.032352899999978035	epochs	2.0
992.8431184084473	0.016206600000032267	epochs	3.0
992.8593250084473	0.016146299999945768	epochs	3.0
992.8754713084472	0.032113700000081735	epochs	2.0
992.8754713084472	0.016086599999994178	epochs	3.0
992.8915579084472	0.016027100000087557	epochs	3.0
992.9075850084473	0.03187800000000607	epochs	2.0
992.9075850084473	0.015968199999974786	epochs	3.0
992.9235532084473	0.015909800000031282	epochs	3.0
992.9394630084473	0.03164569999989908	epochs	2.0
992.9394630084473	0.015851599999905375	epochs	3.0
992.9553146084472	0.015794099999993705	epochs	3.0
992.9711087084472	0.0314167000000225	epochs	2.0
992.9711087084472	0.015736700000047676	epochs	3.0
992.9868454084473	0.015679999999974825	epochs	3.0
993.0025254084472	0.031191100000000915	epochs	2.0
993.0025254084472	0.015623600000026272	epochs	3.0
993.0181490084473	0.015567499999974643	epochs	3.0
993.0337165084472	0.030968700000016725	epochs	2.0
993.0337165084472	0.015512000000057924	epochs	3.0
993.0492285084473	0.0154566999999588	epochs	3.0
993.0646852084473	0.030749499999956242	epochs	2.0
993.0646852084473	0.015401999999994587	epochs	3.0
993.0800872084473	0.015347499999961656	epochs	3.0
993.0954347084472	0.03053320000003623	epochs	2.0
993.0954347084472	0.015293400000018664	epochs	3.0
993.1107281084472	0.015239800000017567	epochs	3.0
993.1259679084473	0.03032010000003993	epochs	2.0
993.1259679084473	0.015186500000027081	epochs	3.0
993.1411544084473	0.015133600000012848	epochs	3.0
993.1562880084473	0.030109899999956724	epochs	2.0
993.1562880084473	0.015081000000009226	epochs	3.0
993.1713690084473	0.015028899999947498	epochs	3.0
993.1863979084472	0.02990250000004835	epochs	2.0
993.1863979084472	0.014977000000044427	epochs	3.0
993.2013749084473	0.014925500000003922	epochs	3.0
993.2163004084473	0.029698100000018712	epochs	2.0
993.2163004084473	0.01487439999993967	epochs	3.0
993.2311748084472	0.014823700000079043	epochs	3.0
993.2459985084473	0.02949630000000525	epochs	2.0
993.2459985084473	0.014773199999922326	epochs	3.0
993.2607717084472	0.014723100000082923	epochs	3.0
993.2754948084473	0.029297399999904883	epochs	2.0
993.2754948084473	0.014673399999992398	epochs	3.0
993.2901682084473	0.014623999999912485	epochs	3.0
993.3047922084472	0.029101100000048064	epochs	2.0
993.3047922084472	0.014574900000070556	epochs	3.0
993.3193671084473	0.014526199999977507	epochs	3.0
993.3338933084473	0.028907399999980044	epochs	2.0
993.3338933084473	0.014477700000043114	epochs	3.0
993.3483710084473	0.014429699999936929	epochs	3.0
993.3628007084473	0.028716199999962555	epochs	2.0
993.3628007084473	0.014381800000023759	epochs	3.0
993.3771825084473	0.014334399999938796	epochs	3.0
993.3915169084472	0.028527600000074926	epochs	2.0
993.3915169084472	0.01428720000001249	epochs	3.0
993.4058041084472	0.014240400000062436	epochs	3.0
993.4200445084473	0.028341399999931127	epochs	2.0
993.4200445084473	0.014193799999929979	epochs	3.0
993.4342383084472	0.014147600000001148	epochs	3.0
993.4483859084472	0.028157700000065233	epochs	2.0
993.4483859084472	0.014101700000082928	epochs	3.0
993.4624876084473	0.014055999999982305	epochs	3.0
993.4765436084473	0.027976299999977527	epochs	2.0
993.4765436084473	0.01401060000000598	epochs	3.0
993.4905542084473	0.013965699999971548	epochs	3.0
993.5045199084473	0.02779720000000907	epochs	2.0
993.5045199084473	0.013920800000050804	epochs	3.0
993.5184407084473	0.013876399999958267	epochs	3.0
993.5323171084473	0.027620400000046175	epochs	2.0
993.5323171084473	0.013832200000024386	epochs	3.0
993.5461493084473	0.013788200000021789	epochs	3.0
993.5599375084473	0.027445899999975154	epochs	2.0
993.5599375084473	0.013744599999995444	epochs	3.0
993.5736821084473	0.01370129999997971	epochs	3.0
993.5873834084473	0.027273499999978412	epochs	2.0
993.5873834084473	0.013658200000008947	epochs	3.0
993.6010416084473	0.013615299999969466	epochs	3.0
993.6146569084473	0.027103399999987232	epochs	2.0
993.6146569084473	0.013572800000019924	epochs	3.0
993.6282297084473	0.013530599999967308	epochs	3.0
993.6417603084473	0.02693520000002536	epochs	2.0
993.6417603084473	0.013488400000028378	epochs	3.0
993.6552487084473	0.013446799999996983	epochs	3.0
993.6686955084473	0.026769199999989723	epochs	2.0
993.6686955084473	0.013405199999965589	epochs	3.0
993.6821007084473	0.013364000000024134	epochs	3.0
993.6954647084473	0.026605199999949036	epochs	2.0
993.6954647084473	0.013322899999934634	epochs	3.0
993.7087876084472	0.013282300000014402	epochs	3.0
993.7220699084472	0.026443200000016986	epochs	2.0
993.7220699084472	0.01324170000009417	epochs	3.0
993.7353116084473	0.013201499999922817	epochs	3.0
993.7485131084472	0.026283200000079887	epochs	2.0
993.7485131084472	0.013161500000023807	epochs	3.0
993.7616746084473	0.01312170000005608	epochs	3.0
993.7747963084473	0.02612499999997908	epochs	2.0
993.7747963084473	0.01308209999990595	epochs	3.0
993.7878784084472	0.013042900000073132	epochs	3.0
993.8009213084473	0.025968899999952555	epochs	2.0
993.8009213084473	0.013003899999944224	epochs	3.0
993.8139252084472	0.012965000000008331	epochs	3.0
993.8268902084473	0.025814500000024054	epochs	2.0
993.8268902084473	0.012926399999969362	epochs	3.0
993.8398166084472	0.012888100000054692	epochs	3.0
993.8527047084473	0.025661900000045534	epochs	2.0
993.8527047084473	0.012849899999991976	epochs	3.0
993.8655546084473	0.012812000000053558	epochs	3.0
993.8783666084473	0.025511199999982637	epochs	2.0
993.8783666084473	0.012774399999898378	epochs	3.0
993.8911410084472	0.012736800000084258	epochs	3.0
993.9038778084473	0.025362299999983406	epochs	2.0
993.9038778084473	0.01269969999998466	epochs	3.0
993.9165775084473	0.012662599999998747	epochs	3.0
993.9292401084473	0.025215000000002874	epochs	2.0
993.9292401084473	0.012625800000023446	epochs	3.0
993.9418659084473	0.012589199999979428	epochs	3.0
993.9544551084473	0.024584799999956886	epochs	2.0
993.9780164084473	0.5	epochs	-1.0
993.9790399084472	0.5370400000000473	epochs	1.0
994.5160799084473	0.46287999999992735	epochs	0.0
995.3610000610352	0.08303999999998268	epochs	0.0
995.3610000610352	0.036520999999993364	epochs	1.0
995.3975210610351	0.009997999999995955	epochs	1.0
995.4075190610351	0.036520999999993364	epochs	1.0
995.4440400610351	2.0	epochs	0.0
997.4440400610351	21.516640000000052	epochs	0.0
997.4440400610351	1.0	epochs	1.0
997.4440565610352	0.5	epochs	-1.0
997.9440565610352	19.99896000000001	epochs	-1.0
998.4440400610351	20.0	epochs	1.0
998.4440400610351	4.356753900000058	epochs	-1.0
998.4440400610351	1.9745871999999736	epochs	2.0
998.4440400610351	1.0985622000000603	epochs	3.0
999.5426022610352	0.8760249999999132	epochs	3.0
1000.4186272610351	1.3524075000000266	epochs	2.0
1000.4186272610351	0.7286354999999958	epochs	3.0
1001.1472627610351	0.6237720000000309	epochs	3.0
1001.7710347610351	1.0297592000000577	epochs	2.0
1001.7710347610351	0.5453293000000485	epochs	3.0
1002.3163640610352	0.4844299000000092	epochs	3.0
1002.8007939610352	0.8317862000000105	epochs	2.0
1002.8007939610352	0.4357762999999295	epochs	3.0
1003.2365702610351	0.39600990000008096	epochs	3.0
1003.6325801610352	0.6977969999999232	epochs	2.0
1003.6325801610352	0.36289819999990414	epochs	3.0
1003.9954783610351	0.33489880000001904	epochs	3.0
1004.3303771610351	0.601045699999986	epochs	2.0
1004.3303771610351	0.3109123000000409	epochs	3.0
1004.6412894610352	0.29013339999994514	epochs	3.0
1004.9314228610351	0.5278859000000011	epochs	2.0
1004.9314228610351	0.2719586000000618	epochs	3.0
1005.2033814610352	0.25592729999993935	epochs	3.0
1005.4593087610351	0.4706193000000667	epochs	2.0
1005.4593087610351	0.241681299999982	epochs	3.0
1005.7009900610351	0.22893800000008468	epochs	3.0
1005.9299280610352	0.42457039999999324	epochs	2.0
1005.9299280610352	0.21747140000002219	epochs	3.0
1006.1473994610352	0.20709899999997106	epochs	3.0
1006.3544984610352	0.3867354000000205	epochs	2.0
1006.3544984610352	0.19767109999997956	epochs	3.0
1006.5521695610352	0.18906430000004093	epochs	3.0
1006.7412338610352	0.35509529999990264	epochs	2.0
1006.7412338610352	0.18117589999997108	epochs	3.0
1006.9224097610352	0.17391939999993156	epochs	3.0
1007.0963291610351	0.3282431000000088	epochs	2.0
1007.0963291610351	0.1672219000000723	epochs	3.0
1007.2635510610352	0.16102119999993647	epochs	3.0
1007.4245722610351	0.30516800000009425	epochs	2.0
1007.4245722610351	0.15526390000002266	epochs	3.0
1007.5798361610351	0.1499041000000716	epochs	3.0
1007.7297402610352	0.28512530000000424	epochs	2.0
1007.7297402610352	0.1449020999999675	epochs	3.0
1007.8746423610352	0.14022320000003674	epochs	3.0
1008.0148655610352	0.2675537999999733	epochs	2.0
1008.0148655610352	0.1358368999999584	epochs	3.0
1008.1507024610352	0.1317169000000149	epochs	3.0
1008.2824193610352	0.252022899999929	epochs	2.0
1008.2824193610352	0.1278393000000051	epochs	3.0
1008.4102586610352	0.1241835999999239	epochs	3.0
1008.5344422610351	0.23819650000007186	epochs	2.0
1008.5344422610351	0.12073110000005727	epochs	3.0
1008.6551733610352	0.1174654000000146	epochs	3.0
1008.7726387610352	0.2258087999999816	epochs	2.0
1008.7726387610352	0.1143718999999237	epochs	3.0
1008.8870106610351	0.1114369000000579	epochs	3.0
1008.9984475610352	0.2146460000000161	epochs	2.0
1008.9984475610352	0.10864890000004834	epochs	3.0
1009.1070964610352	0.10599709999996776	epochs	3.0
1009.2130935610352	0.20453499999996438	epochs	2.0
1009.2130935610352	0.10347149999995509	epochs	3.0
1009.3165650610351	0.1010635000000093	epochs	3.0
1009.4176285610351	0.19533400000000256	epochs	2.0
1009.4176285610351	0.09876510000003691	epochs	3.0
1009.5163936610352	0.09656889999996565	epochs	3.0
1009.6129625610351	0.18692529999998442	epochs	2.0
1009.6129625610351	0.09446830000001682	epochs	3.0
1009.7074308610352	0.09245699999996759	epochs	3.0
1009.7998878610351	0.17921069999999872	epochs	2.0
1009.7998878610351	0.0905296000000817	epochs	3.0
1009.8904174610352	0.08868109999991702	epochs	3.0
1009.9790985610351	0.17210770000008324	epochs	2.0
1009.9790985610351	0.08690630000000965	epochs	3.0
1010.0660048610351	0.08520140000007359	epochs	3.0
1010.1512062610352	0.1655463999999256	epochs	2.0
1010.1512062610352	0.08356189999994967	epochs	3.0
1010.2347681610352	0.08198449999997592	epochs	3.0
1010.3167526610351	0.15946710000002895	epochs	2.0
1010.3167526610351	0.08046539999998004	epochs	3.0
1010.3972180610351	0.07900170000004891	epochs	3.0
1010.4762197610352	0.15381839999997737	epochs	2.0
1010.4762197610352	0.07759009999995214	epochs	3.0
1010.5538098610351	0.07622830000002523	epochs	3.0
1010.6300381610351	0.14855639999996129	epochs	2.0
1010.6300381610351	0.07491330000004837	epochs	3.0
1010.7049514610352	0.07364309999991292	epochs	3.0
1010.7785945610351	0.14364240000008976	epochs	2.0
1010.7785945610351	0.07241500000009182	epochs	3.0
1010.8510095610352	0.07122739999999794	epochs	3.0
1010.9222369610352	0.13904309999998077	epochs	2.0
1010.9222369610352	0.07007799999996678	epochs	3.0
1010.9923149610352	0.06896510000001399	epochs	3.0
1011.0612800610352	0.1347293000000036	epochs	2.0
1011.0612800610352	0.0678871000000072	epochs	3.0
1011.1291671610352	0.06684219999999641	epochs	3.0
1011.1960093610352	0.13067519999992783	epochs	2.0
1011.1960093610352	0.06582909999997355	epochs	3.0
1011.2618384610352	0.06484609999995428	epochs	3.0
1011.3266845610351	0.12685780000003888	epochs	2.0
1011.3266845610351	0.06389200000000983	epochs	3.0
1011.3905765610351	0.06296580000002905	epochs	3.0
1011.4535423610351	0.12325720000001184	epochs	2.0
1011.4535423610351	0.06206580000002759	epochs	3.0
1011.5156081610352	0.06119139999998424	epochs	3.0
1011.5767995610352	0.11985540000000583	epochs	2.0
1011.5767995610352	0.060341099999959624	epochs	3.0
1011.6371406610351	0.059514300000046205	epochs	3.0
1011.6966549610352	0.11663620000001629	epochs	2.0
1011.6966549610352	0.05870960000004288	epochs	3.0
1011.7553645610352	0.057926599999973405	epochs	3.0
1011.8132911610352	0.11358559999996487	epochs	2.0
1011.8132911610352	0.05716419999998834	epochs	3.0
1011.8704553610352	0.05642139999997653	epochs	3.0
1011.9268767610351	0.11069050000003244	epochs	2.0
1011.9268767610351	0.055697900000041045	epochs	3.0
1011.9825746610352	0.0549925999999914	epochs	3.0
1012.0375672610352	0.10793909999995321	epochs	2.0
1012.0375672610352	0.05430489999992005	epochs	3.0
1012.0918721610351	0.05363420000003316	epochs	3.0
1012.1455063610351	0.10532150000005913	epochs	2.0
1012.1455063610351	0.05298000000004777	epochs	3.0
1012.1984863610352	0.052341500000011365	epochs	3.0
1012.2508278610352	0.10282759999995505	epochs	2.0
1012.2508278610352	0.05171810000001642	epochs	3.0
1012.3025459610352	0.051109499999938635	epochs	3.0
1012.3536554610351	0.10044909999999163	epochs	2.0
1012.3536554610351	0.050514900000052876	epochs	3.0
1012.4041703610352	0.049934199999938755	epochs	3.0
1012.4541045610351	0.0981782999999723	epochs	2.0
1012.4541045610351	0.04936659999998483	epochs	3.0
1012.5034711610351	0.04881169999998747	epochs	3.0
1012.5522828610351	0.09600780000005216	epochs	2.0
1012.5522828610351	0.04826920000004975	epochs	3.0
1012.6005520610352	0.04773860000000241	epochs	3.0
1012.6482906610352	0.09393120000004274	epochs	2.0
1012.6482906610352	0.04721949999998287	epochs	3.0
1012.6955101610351	0.046711700000059864	epochs	3.0
1012.7422218610352	0.09194259999992482	epochs	2.0
1012.7422218610352	0.046214599999984785	epochs	3.0
1012.7884364610352	0.04572799999994004	epochs	3.0
1012.8341644610351	0.09003630000006524	epochs	2.0
1012.8341644610351	0.04525150000006306	epochs	3.0
1012.8794159610352	0.04478480000000218	epochs	3.0
1012.9242007610352	0.08820759999991878	epochs	2.0
1012.9242007610352	0.04432779999990544	epochs	3.0
1012.9685285610351	0.04387980000001335	epochs	3.0
1013.0124083610351	0.0864516999999978	epochs	2.0
1013.0124083610351	0.04344100000002982	epochs	3.0
1013.0558493610351	0.04301069999996798	epochs	3.0
1013.0988600610351	0.0847643000000744	epochs	2.0
1013.0988600610351	0.04258900000002086	epochs	3.0
1013.1414490610351	0.04217530000005354	epochs	3.0
1013.1836243610352	0.08314150000001064	epochs	2.0
1013.1836243610352	0.041769699999917975	epochs	3.0
1013.2253940610351	0.04137180000009266	epochs	3.0
1013.2667658610352	0.08157969999990655	epochs	2.0
1013.2667658610352	0.040981399999964196	epochs	3.0
1013.3077472610352	0.040598299999942355	epochs	3.0
1013.3483455610351	0.08007550000002084	epochs	2.0
1013.3483455610351	0.040222300000095856	epochs	3.0
1013.3885678610352	0.03985319999992498	epochs	3.0
1013.4284210610351	0.07862569999997504	epochs	2.0
1013.4284210610351	0.039490800000066884	epochs	3.0
1013.4679118610352	0.03913489999990816	epochs	3.0
1013.5070467610351	0.07722760000001472	epochs	2.0
1013.5070467610351	0.038785400000051595	epochs	3.0
1013.5458321610352	0.03844219999996312	epochs	3.0
1013.5842743610351	0.07587820000003376	epochs	2.0
1013.5842743610351	0.038104800000041905	epochs	3.0
1013.6223791610352	0.03777339999999185	epochs	3.0
1013.6601525610351	0.0745752000000266	epochs	2.0
1013.6601525610351	0.03744770000002973	epochs	3.0
1013.6976002610352	0.03712749999999687	epochs	3.0
1013.7347277610352	0.07331629999998768	epochs	2.0
1013.7347277610352	0.036812899999972615	epochs	3.0
1013.7715406610351	0.03650340000001506	epochs	3.0
1013.8080440610352	0.07209899999998015	epochs	2.0
1013.8080440610352	0.03619909999997617	epochs	3.0
1013.8442431610351	0.03589990000000398	epochs	3.0
1013.8801430610351	0.07092169999998532	epochs	2.0
1013.8801430610351	0.03560560000005353	epochs	3.0
1013.9157486610352	0.035316099999931794	epochs	3.0
1013.9510647610351	0.06978200000003199	epochs	2.0
1013.9510647610351	0.03503120000004856	epochs	3.0
1013.9860959610352	0.03475079999998343	epochs	3.0
1014.0208467610352	0.06867859999999837	epochs	2.0
1014.0208467610352	0.03447510000000875	epochs	3.0
1014.0553218610352	0.03420349999998962	epochs	3.0
1014.0895253610352	0.06760929999995824	epochs	2.0
1014.0895253610352	0.033936199999970995	epochs	3.0
1014.1234615610351	0.033673099999987244	epochs	3.0
1014.1571346610351	0.06657289999998284	epochs	2.0
1014.1571346610351	0.03341399999999339	epochs	3.0
1014.1905486610351	0.033158899999989444	epochs	3.0
1014.2237075610351	0.06556780000005347	epochs	2.0
1014.2237075610351	0.032907700000009754	epochs	3.0
1014.2566152610351	0.03266010000004371	epochs	3.0
1014.2892753610352	0.06459259999996902	epochs	2.0
1014.2892753610352	0.032416399999988244	epochs	3.0
1014.3216917610351	0.03217619999998078	epochs	3.0
1014.3538679610351	0.06364600000006249	epochs	2.0
1014.3538679610351	0.03193959999998697	epochs	3.0
1014.3858075610351	0.03170640000007552	epochs	3.0
1014.4175139610352	0.0627266999999847	epochs	2.0
1014.4175139610352	0.03147660000001906	epochs	3.0
1014.4489905610352	0.03125009999996564	epochs	3.0
1014.4802406610352	0.06183359999999993	epochs	2.0
1014.4802406610352	0.031026900000028945	epochs	3.0
1014.5112675610352	0.030806699999970988	epochs	3.0
1014.5420742610352	0.06096560000003137	epochs	2.0
1014.5420742610352	0.030589800000029754	epochs	3.0
1014.5726640610352	0.030375800000001618	epochs	3.0
1014.6030398610352	0.06012160000000222	epochs	2.0
1014.6030398610352	0.03016489999993155	epochs	3.0
1014.6332047610351	0.02995670000007067	epochs	3.0
1014.6631614610352	0.05930069999999432	epochs	2.0
1014.6631614610352	0.02975159999994048	epochs	3.0
1014.6929130610351	0.02954910000005384	epochs	3.0
1014.7224621610352	0.05850179999993088	epochs	2.0
1014.7224621610352	0.02934940000000097	epochs	3.0
1014.7518115610352	0.029152399999929912	epochs	3.0
1014.7809639610351	0.057724200000052406	epochs	2.0
1014.7809639610351	0.028957999999988715	epochs	3.0
1014.8099219610351	0.02876620000006369	epochs	3.0
1014.8386881610352	0.05696709999995164	epochs	2.0
1014.8386881610352	0.028576999999927466	epochs	3.0
1014.8672651610351	0.028390100000024177	epochs	3.0
1014.8956552610351	0.05622949999997218	epochs	2.0
1014.8956552610351	0.028205700000057732	epochs	3.0
1014.9238609610352	0.028023799999914445	epochs	3.0
1014.9518847610351	0.05551070000001346	epochs	2.0
1014.9518847610351	0.02784400000007281	epochs	3.0
1014.9797287610352	0.027666699999940647	epochs	3.0
1015.0073954610351	0.054810200000019904	epochs	2.0
1015.0073954610351	0.02749149999999645	epochs	3.0
1015.0348869610351	0.027318700000023455	epochs	3.0
1015.0622056610351	0.05412699999999404	epochs	2.0
1015.0622056610351	0.027147799999966082	epochs	3.0
1015.0893534610351	0.02697920000002796	epochs	3.0
1015.1163326610351	0.0534607000000733	epochs	2.0
1015.1163326610351	0.0268125999999711	epochs	3.0
1015.1431452610351	0.026648100000102204	epochs	3.0
1015.1697933610352	0.052810699999895405	epochs	2.0
1015.1697933610352	0.026485600000000886	epochs	3.0
1015.1962789610352	0.02632509999989452	epochs	3.0
1015.2226040610351	0.05217620000007628	epochs	2.0
1015.2226040610351	0.026166400000079193	epochs	3.0
1015.2487704610352	0.026009799999997085	epochs	3.0
1015.2747802610352	0.051556699999991906	epochs	2.0
1015.2747802610352	0.025854799999933675	epochs	3.0
1015.3006350610351	0.02570190000005823	epochs	3.0
1015.3263369610352	0.05095189999997274	epochs	2.0
1015.3263369610352	0.025550699999939752	epochs	3.0
1015.3518876610351	0.025401200000032986	epochs	3.0
1015.3772888610351	0.05036100000006627	epochs	2.0
1015.3772888610351	0.025253499999962514	epochs	3.0
1015.4025423610351	0.025107500000103755	epochs	3.0
1015.4276498610352	0.049783800000000156	epochs	2.0
1015.4276498610352	0.02496320000000196	epochs	3.0
1015.4526130610352	0.024820599999998194	epochs	3.0
1015.4774336610352	0.04921949999993558	epochs	2.0
1015.4774336610352	0.024679399999968155	epochs	3.0
1015.5021130610352	0.024540099999967424	epochs	3.0
1015.5266531610351	0.04866790000005494	epochs	2.0
1015.5266531610351	0.02440209999997478	epochs	3.0
1015.5510552610351	0.024265800000080162	epochs	3.0
1015.5753210610352	0.048128599999927246	epochs	2.0
1015.5753210610352	0.024131000000011227	epochs	3.0
1015.5994520610352	0.02399759999991602	epochs	3.0
1015.6234496610351	0.047601100000065344	epochs	2.0
1015.6234496610351	0.023865800000066884	epochs	3.0
1015.6473154610352	0.02373529999999846	epochs	3.0
1015.6710507610352	0.04708499999992455	epochs	2.0
1015.6710507610352	0.023606299999983094	epochs	3.0
1015.6946570610352	0.023478699999941455	epochs	3.0
1015.7181357610351	0.04658000000006268	epochs	2.0
1015.7181357610351	0.02335249999998723	epochs	3.0
1015.7414882610351	0.02322750000007545	epochs	3.0
1015.7647157610352	0.04608569999993506	epochs	2.0
1015.7647157610352	0.023103999999989355	epochs	3.0
1015.7878197610352	0.022981699999945704	epochs	3.0
1015.8108014610351	0.0456018000000995	epochs	2.0
1015.8108014610351	0.022860700000023826	epochs	3.0
1015.8336621610351	0.022741100000075676	epochs	3.0
1015.8564032610352	0.045127899999897636	epochs	2.0
1015.8564032610352	0.022622499999897627	epochs	3.0
1015.8790257610351	0.02250540000000001	epochs	3.0
1015.9015311610351	0.0446638000000803	epochs	2.0
1015.9015311610351	0.022389300000099865	epochs	3.0
1015.9239204610352	0.022274499999980435	epochs	3.0
1015.9461949610352	0.04420919999995476	epochs	2.0
1015.9461949610352	0.022160799999937808	epochs	3.0
1015.9683557610351	0.022048400000016954	epochs	3.0
1015.9904041610351	0.043763600000033875	epochs	2.0
1015.9904041610351	0.021936900000014248	epochs	3.0
1016.0123410610352	0.021826700000019628	epochs	3.0
1016.0341677610352	0.04332709999994222	epochs	2.0
1016.0341677610352	0.021717599999988124	epochs	3.0
1016.0558853610352	0.021609499999954096	epochs	3.0
1016.0774948610351	0.04289900000003399	epochs	2.0
1016.0774948610351	0.02150249999999687	epochs	3.0
1016.0989973610351	0.021396500000037122	epochs	3.0
1016.1203938610352	0.042479500000013104	epochs	2.0
1016.1203938610352	0.02129170000000613	epochs	3.0
1016.1416855610352	0.021187800000006973	epochs	3.0
1016.1628733610352	0.042067900000006375	epochs	2.0
1016.1628733610352	0.02108490000000529	epochs	3.0
1016.1839582610352	0.020983000000001084	epochs	3.0
1016.2049412610352	0.04166439999994509	epochs	2.0
1016.2049412610352	0.020882199999959994	epochs	3.0
1016.2258234610351	0.020782199999985096	epochs	3.0
1016.2466056610351	0.04126850000000104	epochs	2.0
1016.2466056610351	0.020683300000087	epochs	3.0
1016.2672889610352	0.02058519999991404	epochs	3.0
1016.2878741610351	0.04088000000001557	epochs	2.0
1016.2878741610351	0.020488100000079612	epochs	3.0
1016.3083622610352	0.02039189999993596	epochs	3.0
1016.3287541610351	0.04049880000002304	epochs	2.0
1016.3287541610351	0.020296600000051512	epochs	3.0
1016.3490507610352	0.020202199999971526	epochs	3.0
1016.3692529610352	0.04012460000001283	epochs	2.0
1016.3692529610352	0.02010870000003706	epochs	3.0
1016.3893616610352	0.020015899999975773	epochs	3.0
1016.4093775610352	0.03975730000001931	epochs	2.0
1016.4093775610352	0.019924199999991288	epochs	3.0
1016.4293017610352	0.019833100000028026	epochs	3.0
1016.4491348610352	0.03939669999999751	epochs	2.0
1016.4491348610352	0.01974299999994855	epochs	3.0
1016.4688778610351	0.019653700000048957	epochs	3.0
1016.4885315610352	0.03904239999997117	epochs	2.0
1016.4885315610352	0.01956510000002254	epochs	3.0
1016.5080966610352	0.019477299999948627	epochs	3.0
1016.5275739610352	0.03869459999998526	epochs	2.0
1016.5275739610352	0.019390400000020236	epochs	3.0
1016.5469643610352	0.01930419999996502	epochs	3.0
1016.5662685610351	0.03835290000006353	epochs	2.0
1016.5662685610351	0.019218799999976	epochs	3.0
1016.5854873610351	0.01913410000008753	epochs	3.0
1016.6046214610352	0.038017199999899276	epochs	2.0
1016.6046214610352	0.01905019999992419	epochs	3.0
1016.6236716610351	0.018966999999975087	epochs	3.0
1016.6426386610351	0.037687200000050325	epochs	2.0
1016.6426386610351	0.01888450000001285	epochs	3.0
1016.6615231610351	0.018802700000037476	epochs	3.0
1016.6803258610352	0.03736309999999321	epochs	2.0
1016.6803258610352	0.018721700000014607	epochs	3.0
1016.6990475610352	0.018641399999978603	epochs	3.0
1016.7176889610352	0.03704430000004777	epochs	2.0
1016.7176889610352	0.01856159999999818	epochs	3.0
1016.7362505610351	0.01848270000004959	epochs	3.0
1016.7547332610352	0.03673099999991791	epochs	2.0
1016.7547332610352	0.018404299999929208	epochs	3.0
1016.7731375610351	0.018326699999988705	epochs	3.0
1016.7914642610351	0.036422900000047775	epochs	2.0
1016.7914642610351	0.018249599999990096	epochs	3.0
1016.8097138610351	0.01817330000005768	epochs	3.0
1016.8278871610352	0.03612009999994825	epochs	2.0
1016.8278871610352	0.0180976000000328	epochs	3.0
1016.8459847610352	0.018022499999915453	epochs	3.0
1016.8640072610351	0.03582210000001851	epochs	2.0
1016.8640072610351	0.017947900000081063	epochs	3.0
1016.8819551610352	0.017874199999937446	epochs	3.0
1016.8998293610351	0.03552899999999681	epochs	2.0
1016.8998293610351	0.017800800000031813	epochs	3.0
1016.9176301610352	0.017728199999965	epochs	3.0
1016.9353583610351	0.03524070000003121	epochs	2.0
1016.9353583610351	0.017656100000067454	epochs	3.0
1016.9530144610352	0.017584599999963757	epochs	3.0
1016.9705990610352	0.034957100000042374	epochs	2.0
1016.9705990610352	0.01751369999999497	epochs	3.0
1016.9881127610352	0.017443400000047404	epochs	3.0
1017.0055561610352	0.034677899999906	epochs	2.0
1017.0055561610352	0.017373599999928047	epochs	3.0
1017.0229297610351	0.017304299999977957	epochs	3.0
1017.0402340610351	0.03440330000000813	epochs	2.0
1017.0402340610351	0.01723570000001473	epochs	3.0
1017.0574697610351	0.0171675999999934	epochs	3.0
1017.0746373610351	0.0341328000000658	epochs	2.0
1017.0746373610351	0.017099900000062007	epochs	3.0
1017.0917372610352	0.017032900000003792	epochs	3.0
1017.1087701610352	0.033866699999975935	epochs	2.0
1017.1087701610352	0.01696640000000116	epochs	3.0
1017.1257365610352	0.016900299999974777	epochs	3.0
1017.1426368610352	0.03360459999998966	epochs	2.0
1017.1426368610352	0.01683479999996962	epochs	3.0
1017.1594716610351	0.01676980000002004	epochs	3.0
1017.1762414610351	0.033346599999958926	epochs	2.0
1017.1762414610351	0.016705300000012357	epochs	3.0
1017.1929467610352	0.01664129999994657	epochs	3.0
1017.2095880610351	0.03309250000006614	epochs	2.0
1017.2095880610351	0.016577800000050047	epochs	3.0
1017.2261658610352	0.01651470000001609	epochs	3.0
1017.2426805610352	0.03284229999997024	epochs	2.0
1017.2426805610352	0.01645220000000336	epochs	3.0
1017.2591327610352	0.01639009999996688	epochs	3.0
1017.2755228610351	0.03259570000000167	epochs	2.0
1017.2755228610351	0.016328400000020338	epochs	3.0
1017.2918512610352	0.016267299999981333	epochs	3.0
1017.3081185610351	0.032352899999978035	epochs	2.0
1017.3081185610351	0.016206600000032267	epochs	3.0
1017.3243251610352	0.016146299999945768	epochs	3.0
1017.3404714610351	0.032113700000081735	epochs	2.0
1017.3404714610351	0.016086599999994178	epochs	3.0
1017.3565580610351	0.016027100000087557	epochs	3.0
1017.3725851610352	0.03187800000000607	epochs	2.0
1017.3725851610352	0.015968199999974786	epochs	3.0
1017.3885533610352	0.015909800000031282	epochs	3.0
1017.4044631610352	0.03164569999989908	epochs	2.0
1017.4044631610352	0.015851599999905375	epochs	3.0
1017.4203147610351	0.015794099999993705	epochs	3.0
1017.4361088610351	0.0314167000000225	epochs	2.0
1017.4361088610351	0.015736700000047676	epochs	3.0
1017.4518455610352	0.015679999999974825	epochs	3.0
1017.4675255610351	0.031191100000000915	epochs	2.0
1017.4675255610351	0.015623600000026272	epochs	3.0
1017.4831491610352	0.015567499999974643	epochs	3.0
1017.4987166610351	0.030968700000016725	epochs	2.0
1017.4987166610351	0.015512000000057924	epochs	3.0
1017.5142286610352	0.0154566999999588	epochs	3.0
1017.5296853610351	0.030749499999956242	epochs	2.0
1017.5296853610351	0.015401999999994587	epochs	3.0
1017.5450873610351	0.015347499999961656	epochs	3.0
1017.5604348610351	0.03053320000003623	epochs	2.0
1017.5604348610351	0.015293400000018664	epochs	3.0
1017.5757282610351	0.015239800000017567	epochs	3.0
1017.5909680610351	0.03032010000003993	epochs	2.0
1017.5909680610351	0.015186500000027081	epochs	3.0
1017.6061545610352	0.015133600000012848	epochs	3.0
1017.6212881610352	0.030109899999956724	epochs	2.0
1017.6212881610352	0.015081000000009226	epochs	3.0
1017.6363691610352	0.015028899999947498	epochs	3.0
1017.6513980610351	0.02990250000004835	epochs	2.0
1017.6513980610351	0.014977000000044427	epochs	3.0
1017.6663750610352	0.014925500000003922	epochs	3.0
1017.6813005610352	0.029698100000018712	epochs	2.0
1017.6813005610352	0.01487439999993967	epochs	3.0
1017.6961749610351	0.014823700000079043	epochs	3.0
1017.7109986610352	0.02949630000000525	epochs	2.0
1017.7109986610352	0.014773199999922326	epochs	3.0
1017.7257718610351	0.014723100000082923	epochs	3.0
1017.7404949610352	0.029297399999904883	epochs	2.0
1017.7404949610352	0.014673399999992398	epochs	3.0
1017.7551683610352	0.014623999999912485	epochs	3.0
1017.7697923610351	0.029101100000048064	epochs	2.0
1017.7697923610351	0.014574900000070556	epochs	3.0
1017.7843672610352	0.014526199999977507	epochs	3.0
1017.7988934610352	0.028907399999980044	epochs	2.0
1017.7988934610352	0.014477700000043114	epochs	3.0
1017.8133711610352	0.014429699999936929	epochs	3.0
1017.8278008610351	0.028716199999962555	epochs	2.0
1017.8278008610351	0.014381800000023759	epochs	3.0
1017.8421826610352	0.014334399999938796	epochs	3.0
1017.8565170610351	0.028527600000074926	epochs	2.0
1017.8565170610351	0.01428720000001249	epochs	3.0
1017.8708042610351	0.014240400000062436	epochs	3.0
1017.8850446610352	0.028341399999931127	epochs	2.0
1017.8850446610352	0.014193799999929979	epochs	3.0
1017.8992384610351	0.014147600000001148	epochs	3.0
1017.9133860610351	0.028157700000065233	epochs	2.0
1017.9133860610351	0.014101700000082928	epochs	3.0
1017.9274877610352	0.014055999999982305	epochs	3.0
1017.9415437610352	0.027976299999977527	epochs	2.0
1017.9415437610352	0.01401060000000598	epochs	3.0
1017.9555543610352	0.013965699999971548	epochs	3.0
1017.9695200610352	0.02779720000000907	epochs	2.0
1017.9695200610352	0.013920800000050804	epochs	3.0
1017.9834408610352	0.013876399999958267	epochs	3.0
1017.9973172610352	0.027620400000046175	epochs	2.0
1017.9973172610352	0.013832200000024386	epochs	3.0
1018.0111494610352	0.013788200000021789	epochs	3.0
1018.0249376610352	0.027445899999975154	epochs	2.0
1018.0249376610352	0.013744599999995444	epochs	3.0
1018.0386822610352	0.01370129999997971	epochs	3.0
1018.0523835610352	0.027273499999978412	epochs	2.0
1018.0523835610352	0.013658200000008947	epochs	3.0
1018.0660417610352	0.013615299999969466	epochs	3.0
1018.0796570610352	0.027103399999987232	epochs	2.0
1018.0796570610352	0.013572800000019924	epochs	3.0
1018.0932298610352	0.013530599999967308	epochs	3.0
1018.1067604610352	0.02693520000002536	epochs	2.0
1018.1067604610352	0.013488400000028378	epochs	3.0
1018.1202488610352	0.013446799999996983	epochs	3.0
1018.1336956610352	0.026769199999989723	epochs	2.0
1018.1336956610352	0.013405199999965589	epochs	3.0
1018.1471008610351	0.013364000000024134	epochs	3.0
1018.1604648610352	0.026605199999949036	epochs	2.0
1018.1604648610352	0.013322899999934634	epochs	3.0
1018.1737877610351	0.013282300000014402	epochs	3.0
1018.1870700610351	0.026443200000016986	epochs	2.0
1018.1870700610351	0.01324170000009417	epochs	3.0
1018.2003117610352	0.013201499999922817	epochs	3.0
1018.2135132610351	0.026283200000079887	epochs	2.0
1018.2135132610351	0.013161500000023807	epochs	3.0
1018.2266747610352	0.01312170000005608	epochs	3.0
1018.2397964610352	0.02612499999997908	epochs	2.0
1018.2397964610352	0.01308209999990595	epochs	3.0
1018.2528785610351	0.013042900000073132	epochs	3.0
1018.2659214610352	0.025968899999952555	epochs	2.0
1018.2659214610352	0.013003899999944224	epochs	3.0
1018.2789253610351	0.012965000000008331	epochs	3.0
1018.2918903610351	0.025814500000024054	epochs	2.0
1018.2918903610351	0.012926399999969362	epochs	3.0
1018.3048167610351	0.012888100000054692	epochs	3.0
1018.3177048610352	0.025661900000045534	epochs	2.0
1018.3177048610352	0.012849899999991976	epochs	3.0
1018.3305547610352	0.012812000000053558	epochs	3.0
1018.3433667610352	0.025511199999982637	epochs	2.0
1018.3433667610352	0.012774399999898378	epochs	3.0
1018.3561411610351	0.012736800000084258	epochs	3.0
1018.3688779610352	0.025362299999983406	epochs	2.0
1018.3688779610352	0.01269969999998466	epochs	3.0
1018.3815776610352	0.012662599999998747	epochs	3.0
1018.3942402610352	0.025215000000002874	epochs	2.0
1018.3942402610352	0.012625800000023446	epochs	3.0
1018.4068660610352	0.012589199999979428	epochs	3.0
1018.4194552610352	0.024584799999956886	epochs	2.0
1018.4430165610352	0.5	epochs	-1.0
1018.4440400610351	0.5166400000000522	epochs	1.0
1018.9606800610352	0.48327999999992244	epochs	0.0
1019.686999797821	0.08303999999998268	epochs	0.0
1019.686999797821	0.036520999999993364	epochs	1.0
1019.723520797821	0.009997999999995955	epochs	1.0
1019.733518797821	0.036520999999993364	epochs	1.0
1019.770039797821	2.0	epochs	0.0
1021.770039797821	21.536800000000085	epochs	0.0
1021.770039797821	1.0	epochs	1.0
1021.770056297821	0.5	epochs	-1.0
1022.270056297821	19.99896000000001	epochs	-1.0
1022.770039797821	20.0	epochs	1.0
1022.770039797821	4.356753900000058	epochs	-1.0
1022.770039797821	1.9745872000000873	epochs	2.0
1022.770039797821	1.0985622000000603	epochs	3.0
1023.8686019978211	0.8760250000000269	epochs	3.0
1024.7446269978211	1.3524075000000266	epochs	2.0
1024.7446269978211	0.7286354999998821	epochs	3.0
1025.473262497821	0.6237720000001445	epochs	3.0
1026.0970344978211	1.029759199999944	epochs	2.0
1026.0970344978211	0.5453292999998212	epochs	3.0
1026.642363797821	0.48442990000012287	epochs	3.0
1027.126793697821	0.8317861999998968	epochs	2.0
1027.126793697821	0.4357763000000432	epochs	3.0
1027.5625699978211	0.3960098999998536	epochs	3.0
1027.958579897821	0.6977970000000369	epochs	2.0
1027.958579897821	0.3628982000000178	epochs	3.0
1028.321478097821	0.33489880000001904	epochs	3.0
1028.656376897821	0.601045699999986	epochs	2.0
1028.656376897821	0.3109122999999272	epochs	3.0
1028.967289197821	0.2901334000000588	epochs	3.0
1029.257422597821	0.5278859000000011	epochs	2.0
1029.257422597821	0.2719586000000618	epochs	3.0
1029.529381197821	0.25592729999993935	epochs	3.0
1029.785308497821	0.470619299999953	epochs	2.0
1029.785308497821	0.241681299999982	epochs	3.0
1030.026989797821	0.228937999999971	epochs	3.0
1030.255927797821	0.42457039999999324	epochs	2.0
1030.255927797821	0.21747140000002219	epochs	3.0
1030.473399197821	0.20709899999997106	epochs	3.0
1030.680498197821	0.3867354000001342	epochs	2.0
1030.680498197821	0.19767109999997956	epochs	3.0
1030.878169297821	0.18906430000015462	epochs	3.0
1031.067233597821	0.35509529999990264	epochs	2.0
1031.067233597821	0.18117589999997108	epochs	3.0
1031.248409497821	0.17391939999993156	epochs	3.0
1031.422328897821	0.3282431000000088	epochs	2.0
1031.422328897821	0.16722189999995862	epochs	3.0
1031.589550797821	0.16102120000005016	epochs	3.0
1031.750571997821	0.30516800000009425	epochs	2.0
1031.750571997821	0.15526390000013635	epochs	3.0
1031.9058358978211	0.1499040999999579	epochs	3.0
1032.055739997821	0.28512529999989056	epochs	2.0
1032.055739997821	0.14490209999985382	epochs	3.0
1032.200642097821	0.14022320000003674	epochs	3.0
1032.340865297821	0.267553800000087	epochs	2.0
1032.340865297821	0.1358368999999584	epochs	3.0
1032.476702197821	0.1317169000001286	epochs	3.0
1032.608419097821	0.252022899999929	epochs	2.0
1032.608419097821	0.1278393000000051	epochs	3.0
1032.736258397821	0.1241835999999239	epochs	3.0
1032.860441997821	0.23819649999995818	epochs	2.0
1032.860441997821	0.12073110000005727	epochs	3.0
1032.981173097821	0.11746539999990091	epochs	3.0
1033.098638497821	0.2258088000000953	epochs	2.0
1033.098638497821	0.11437190000015107	epochs	3.0
1033.213010397821	0.11143689999994422	epochs	3.0
1033.324447297821	0.21464599999990241	epochs	2.0
1033.324447297821	0.10864889999993466	epochs	3.0
1033.433096197821	0.10599709999996776	epochs	3.0
1033.539093297821	0.20453500000007807	epochs	2.0
1033.539093297821	0.10347150000006877	epochs	3.0
1033.642564797821	0.1010635000000093	epochs	3.0
1033.743628297821	0.19533400000000256	epochs	2.0
1033.743628297821	0.09876510000003691	epochs	3.0
1033.842393397821	0.09656889999996565	epochs	3.0
1033.938962297821	0.18692529999998442	epochs	2.0
1033.938962297821	0.09446830000001682	epochs	3.0
1034.033430597821	0.09245699999996759	epochs	3.0
1034.125887597821	0.1792107000001124	epochs	2.0
1034.125887597821	0.0905296000000817	epochs	3.0
1034.216417197821	0.08868110000003071	epochs	3.0
1034.3050982978211	0.17210769999996955	epochs	2.0
1034.3050982978211	0.08690630000000965	epochs	3.0
1034.3920045978211	0.0852013999999599	epochs	3.0
1034.477205997821	0.16554640000003928	epochs	2.0
1034.477205997821	0.08356189999994967	epochs	3.0
1034.560767897821	0.08198450000008961	epochs	3.0
1034.6427523978211	0.15946709999980158	epochs	2.0
1034.6427523978211	0.08046539999986635	epochs	3.0
1034.723217797821	0.07900169999993523	epochs	3.0
1034.802219497821	0.15381840000009106	epochs	2.0
1034.802219497821	0.07759010000017952	epochs	3.0
1034.8798095978211	0.07622829999991154	epochs	3.0
1034.956037897821	0.14855639999996129	epochs	2.0
1034.956037897821	0.07491329999993468	epochs	3.0
1035.030951197821	0.0736431000000266	epochs	3.0
1035.104594297821	0.14364240000008976	epochs	2.0
1035.104594297821	0.07241500000009182	epochs	3.0
1035.177009297821	0.07122739999999794	epochs	3.0
1035.248236697821	0.13904309999998077	epochs	2.0
1035.248236697821	0.07007799999996678	epochs	3.0
1035.318314697821	0.06896510000001399	epochs	3.0
1035.387279797821	0.13472929999988992	epochs	2.0
1035.387279797821	0.0678871000000072	epochs	3.0
1035.455166897821	0.06684219999988272	epochs	3.0
1035.522009097821	0.1306752000000415	epochs	2.0
1035.522009097821	0.06582910000020092	epochs	3.0
1035.5878381978212	0.06484609999984059	epochs	3.0
1035.652684297821	0.12685780000015257	epochs	2.0
1035.652684297821	0.06389200000012352	epochs	3.0
1035.7165762978211	0.06296580000002905	epochs	3.0
1035.7795420978211	0.12325719999989815	epochs	2.0
1035.7795420978211	0.06206579999980022	epochs	3.0
1035.841607897821	0.06119140000009793	epochs	3.0
1035.902799297821	0.11985540000000583	epochs	2.0
1035.902799297821	0.060341099999959624	epochs	3.0
1035.963140397821	0.059514300000046205	epochs	3.0
1036.022654697821	0.1166361999999026	epochs	2.0
1036.022654697821	0.058709599999929196	epochs	3.0
1036.081364297821	0.057926599999973405	epochs	3.0
1036.139290897821	0.11358560000007856	epochs	2.0
1036.139290897821	0.05716419999998834	epochs	3.0
1036.196455097821	0.056421400000090216	epochs	3.0
1036.252876497821	0.11069049999991876	epochs	2.0
1036.252876497821	0.055697900000041045	epochs	3.0
1036.308574397821	0.05499259999987771	epochs	3.0
1036.363566997821	0.1079391000000669	epochs	2.0
1036.363566997821	0.05430490000003374	epochs	3.0
1036.417871897821	0.05363420000003316	epochs	3.0
1036.471506097821	0.10532149999994544	epochs	2.0
1036.471506097821	0.05297999999993408	epochs	3.0
1036.524486097821	0.052341500000011365	epochs	3.0
1036.576827597821	0.10282760000018243	epochs	2.0
1036.576827597821	0.05171810000001642	epochs	3.0
1036.628545697821	0.05110950000016601	epochs	3.0
1036.6796551978211	0.10044909999987794	epochs	2.0
1036.6796551978211	0.0505148999998255	epochs	3.0
1036.730170097821	0.04993420000005244	epochs	3.0
1036.780104297821	0.0981782999999723	epochs	2.0
1036.780104297821	0.04936659999998483	epochs	3.0
1036.829470897821	0.04881169999998747	epochs	3.0
1036.878282597821	0.09600780000005216	epochs	2.0
1036.878282597821	0.04826920000004975	epochs	3.0
1036.926551797821	0.04773860000000241	epochs	3.0
1036.974290397821	0.09393120000004274	epochs	2.0
1036.974290397821	0.04721949999998287	epochs	3.0
1037.021509897821	0.046711700000059864	epochs	3.0
1037.068221597821	0.09194260000003851	epochs	2.0
1037.068221597821	0.046214599999984785	epochs	3.0
1037.114436197821	0.045728000000053726	epochs	3.0
1037.1601641978211	0.09003629999983787	epochs	2.0
1037.1601641978211	0.045251499999949374	epochs	3.0
1037.205415697821	0.04478479999988849	epochs	3.0
1037.250200497821	0.08820760000003247	epochs	2.0
1037.250200497821	0.044327800000019124	epochs	3.0
1037.294528297821	0.04387980000001335	epochs	3.0
1037.338408097821	0.0864516999999978	epochs	2.0
1037.338408097821	0.04344100000002982	epochs	3.0
1037.381849097821	0.04301069999996798	epochs	3.0
1037.424859797821	0.08476429999996071	epochs	2.0
1037.424859797821	0.04258900000013455	epochs	3.0
1037.4674487978211	0.042175299999826166	epochs	3.0
1037.509624097821	0.08314150000001064	epochs	2.0
1037.509624097821	0.04176970000003166	epochs	3.0
1037.551393797821	0.041371799999978975	epochs	3.0
1037.592765597821	0.08157970000002024	epochs	2.0
1037.592765597821	0.040981399999964196	epochs	3.0
1037.633746997821	0.04059830000005604	epochs	3.0
1037.674345297821	0.08007550000002084	epochs	2.0
1037.674345297821	0.040222300000095856	epochs	3.0
1037.714567597821	0.03985319999992498	epochs	3.0
1037.754420797821	0.07862569999997504	epochs	2.0
1037.754420797821	0.039490800000066884	epochs	3.0
1037.793911597821	0.03913489999990816	epochs	3.0
1037.833046497821	0.07722760000001472	epochs	2.0
1037.833046497821	0.038785400000051595	epochs	3.0
1037.871831897821	0.03844219999996312	epochs	3.0
1037.910274097821	0.07587820000003376	epochs	2.0
1037.910274097821	0.03810479999992822	epochs	3.0
1037.948378897821	0.03777340000010554	epochs	3.0
1037.986152297821	0.0745752000000266	epochs	2.0
1037.986152297821	0.03744770000002973	epochs	3.0
1038.023599997821	0.03712749999999687	epochs	3.0
1038.060727497821	0.07331629999998768	epochs	2.0
1038.060727497821	0.0368129000000863	epochs	3.0
1038.0975403978211	0.036503399999901376	epochs	3.0
1038.134043797821	0.07209899999998015	epochs	2.0
1038.134043797821	0.03619909999997617	epochs	3.0
1038.170242897821	0.03589990000000398	epochs	3.0
1038.206142797821	0.07092170000009901	epochs	2.0
1038.206142797821	0.03560560000005353	epochs	3.0
1038.241748397821	0.03531610000004548	epochs	3.0
1038.2770644978211	0.06978199999980461	epochs	2.0
1038.2770644978211	0.03503119999982118	epochs	3.0
1038.312095697821	0.03475079999998343	epochs	3.0
1038.346846497821	0.06867860000011206	epochs	2.0
1038.346846497821	0.03447510000000875	epochs	3.0
1038.381321597821	0.034203500000103304	epochs	3.0
1038.415525097821	0.06760929999995824	epochs	2.0
1038.415525097821	0.033936199999970995	epochs	3.0
1038.449461297821	0.033673099999987244	epochs	3.0
1038.483134397821	0.06657289999998284	epochs	2.0
1038.483134397821	0.03341399999999339	epochs	3.0
1038.516548397821	0.033158899999989444	epochs	3.0
1038.549707297821	0.06556780000005347	epochs	2.0
1038.549707297821	0.03290770000012344	epochs	3.0
1038.582614997821	0.032660099999930026	epochs	3.0
1038.615275097821	0.06459259999996902	epochs	2.0
1038.615275097821	0.03241640000010193	epochs	3.0
1038.6476914978211	0.032176199999867094	epochs	3.0
1038.679867697821	0.06364600000006249	epochs	2.0
1038.679867697821	0.03193959999998697	epochs	3.0
1038.711807297821	0.03170640000007552	epochs	3.0
1038.743513697821	0.0627266999999847	epochs	2.0
1038.743513697821	0.031476599999905375	epochs	3.0
1038.774990297821	0.03125010000007933	epochs	3.0
1038.806240397821	0.06183359999999993	epochs	2.0
1038.806240397821	0.03102689999991526	epochs	3.0
1038.837267297821	0.030806700000084675	epochs	3.0
1038.868073997821	0.060965599999917686	epochs	2.0
1038.868073997821	0.030589799999916067	epochs	3.0
1038.898663797821	0.030375800000001618	epochs	3.0
1038.929039597821	0.06012160000000222	epochs	2.0
1038.929039597821	0.030164900000045236	epochs	3.0
1038.959204497821	0.02995669999995698	epochs	3.0
1038.989161197821	0.05930069999999432	epochs	2.0
1038.989161197821	0.029751600000054168	epochs	3.0
1039.018912797821	0.029549099999940154	epochs	3.0
1039.048461897821	0.058501800000158255	epochs	2.0
1039.048461897821	0.02934940000000097	epochs	3.0
1039.077811297821	0.029152400000157286	epochs	3.0
1039.1069636978211	0.05772419999993872	epochs	2.0
1039.1069636978211	0.028957999999875028	epochs	3.0
1039.135921697821	0.02876620000006369	epochs	3.0
1039.164687897821	0.05696710000006533	epochs	2.0
1039.164687897821	0.028577000000041153	epochs	3.0
1039.193264897821	0.028390100000024177	epochs	3.0
1039.2216549978211	0.05622949999997218	epochs	2.0
1039.2216549978211	0.028205699999944045	epochs	3.0
1039.249860697821	0.028023800000028132	epochs	3.0
1039.277884497821	0.05551070000001346	epochs	2.0
1039.277884497821	0.027843999999959124	epochs	3.0
1039.305728497821	0.027666700000054334	epochs	3.0
1039.3333951978211	0.054810200000019904	epochs	2.0
1039.3333951978211	0.02749149999999645	epochs	3.0
1039.3608866978211	0.027318700000023455	epochs	3.0
1039.3882053978211	0.054126999999880354	epochs	2.0
1039.3882053978211	0.027147799999966082	epochs	3.0
1039.415353197821	0.026979199999914272	epochs	3.0
1039.442332397821	0.053460699999959616	epochs	2.0
1039.442332397821	0.026812600000084785	epochs	3.0
1039.469144997821	0.02664809999987483	epochs	3.0
1039.495793097821	0.05281070000000909	epochs	2.0
1039.495793097821	0.026485600000114573	epochs	3.0
1039.522278697821	0.02632509999989452	epochs	3.0
1039.548603797821	0.05217620000007628	epochs	2.0
1039.548603797821	0.026166399999965506	epochs	3.0
1039.574770197821	0.026009800000110772	epochs	3.0
1039.600779997821	0.051556699999991906	epochs	2.0
1039.600779997821	0.025854799999933675	epochs	3.0
1039.626634797821	0.02570190000005823	epochs	3.0
1039.652336697821	0.05095189999997274	epochs	2.0
1039.652336697821	0.025550699999939752	epochs	3.0
1039.677887397821	0.025401200000032986	epochs	3.0
1039.703288597821	0.05036100000006627	epochs	2.0
1039.703288597821	0.025253499999962514	epochs	3.0
1039.728542097821	0.025107500000103755	epochs	3.0
1039.753649597821	0.04978379999988647	epochs	2.0
1039.753649597821	0.02496320000000196	epochs	3.0
1039.778612797821	0.024820599999884507	epochs	3.0
1039.803433397821	0.04921950000016295	epochs	2.0
1039.803433397821	0.024679399999968155	epochs	3.0
1039.828112797821	0.024540100000194798	epochs	3.0
1039.8526528978211	0.04866789999982757	epochs	2.0
1039.8526528978211	0.024402099999861093	epochs	3.0
1039.877054997821	0.024265799999966475	epochs	3.0
1039.901320797821	0.04812860000015462	epochs	2.0
1039.901320797821	0.024131000000124914	epochs	3.0
1039.925451797821	0.023997600000029706	epochs	3.0
1039.9494493978211	0.04760109999983797	epochs	2.0
1039.9494493978211	0.02386579999983951	epochs	3.0
1039.973315197821	0.02373529999999846	epochs	3.0
1039.997050497821	0.04708500000015192	epochs	2.0
1039.997050497821	0.023606299999983094	epochs	3.0
1040.020656797821	0.02347870000016883	epochs	3.0
1040.0441354978211	0.046579999999948996	epochs	2.0
1040.0441354978211	0.023352499999873544	epochs	3.0
1040.067487997821	0.02322750000007545	epochs	3.0
1040.090715497821	0.046085700000048746	epochs	2.0
1040.090715497821	0.02310399999987567	epochs	3.0
1040.113819497821	0.022981700000173078	epochs	3.0
1040.1368011978211	0.045601799999985815	epochs	2.0
1040.1368011978211	0.02286069999991014	epochs	3.0
1040.159661897821	0.022741100000075676	epochs	3.0
1040.182402997821	0.045127899999897636	epochs	2.0
1040.182402997821	0.022622499999897627	epochs	3.0
1040.205025497821	0.02250540000000001	epochs	3.0
1040.227530897821	0.0446638000000803	epochs	2.0
1040.227530897821	0.02238929999998618	epochs	3.0
1040.249920197821	0.022274500000094122	epochs	3.0
1040.272194697821	0.04420920000006845	epochs	2.0
1040.272194697821	0.022160799999937808	epochs	3.0
1040.294355497821	0.02204840000013064	epochs	3.0
1040.3164038978211	0.04376359999992019	epochs	2.0
1040.3164038978211	0.02193689999990056	epochs	3.0
1040.338340797821	0.021826700000019628	epochs	3.0
1040.360167497821	0.04332709999994222	epochs	2.0
1040.360167497821	0.021717599999874437	epochs	3.0
1040.381885097821	0.021609500000067783	epochs	3.0
1040.403494597821	0.04289900000003399	epochs	2.0
1040.403494597821	0.02150249999999687	epochs	3.0
1040.424997097821	0.021396500000037122	epochs	3.0
1040.446393597821	0.04247949999989942	epochs	2.0
1040.446393597821	0.021291699999892444	epochs	3.0
1040.467685297821	0.021187800000006973	epochs	3.0
1040.488873097821	0.04206790000012006	epochs	2.0
1040.488873097821	0.02108490000000529	epochs	3.0
1040.509957997821	0.02098300000011477	epochs	3.0
1040.530940997821	0.04166439999994509	epochs	2.0
1040.530940997821	0.020882199999959994	epochs	3.0
1040.551823197821	0.020782199999985096	epochs	3.0
1040.572605397821	0.04126850000011473	epochs	2.0
1040.572605397821	0.020683299999973315	epochs	3.0
1040.593288697821	0.020585200000141413	epochs	3.0
1040.6138738978211	0.04088000000001557	epochs	2.0
1040.6138738978211	0.020488099999965925	epochs	3.0
1040.634361997821	0.020391900000049645	epochs	3.0
1040.6547538978211	0.040498799999795665	epochs	2.0
1040.6547538978211	0.020296599999937825	epochs	3.0
1040.675050497821	0.02020219999985784	epochs	3.0
1040.695252697821	0.04012460000012652	epochs	2.0
1040.695252697821	0.02010870000003706	epochs	3.0
1040.715361397821	0.02001590000008946	epochs	3.0
1040.735377297821	0.03975730000001931	epochs	2.0
1040.735377297821	0.0199241999998776	epochs	3.0
1040.755301497821	0.019833100000141712	epochs	3.0
1040.775134597821	0.03939669999999751	epochs	2.0
1040.775134597821	0.01974300000006224	epochs	3.0
1040.7948775978211	0.01965369999993527	epochs	3.0
1040.814531297821	0.03904239999997117	epochs	2.0
1040.814531297821	0.019565099999908853	epochs	3.0
1040.834096397821	0.019477300000062314	epochs	3.0
1040.853573697821	0.038694600000098944	epochs	2.0
1040.853573697821	0.019390400000020236	epochs	3.0
1040.872964097821	0.01930420000007871	epochs	3.0
1040.8922682978211	0.038352899999836154	epochs	2.0
1040.8922682978211	0.019218799999862313	epochs	3.0
1040.911487097821	0.01913409999997384	epochs	3.0
1040.930621197821	0.03801720000001296	epochs	2.0
1040.930621197821	0.019050200000037876	epochs	3.0
1040.949671397821	0.018966999999975087	epochs	3.0
1040.968638397821	0.03768720000016401	epochs	2.0
1040.968638397821	0.01888450000001285	epochs	3.0
1040.987522897821	0.018802700000151162	epochs	3.0
1041.0063255978212	0.03736309999999321	epochs	2.0
1041.0063255978212	0.018721699999787234	epochs	3.0
1041.025047297821	0.018641400000205977	epochs	3.0
1041.0436886978212	0.03704429999993408	epochs	2.0
1041.0436886978212	0.018561599999884493	epochs	3.0
1041.062250297821	0.01848270000004959	epochs	3.0
1041.080732997821	0.03673099999991791	epochs	2.0
1041.080732997821	0.018404299999929208	epochs	3.0
1041.099137297821	0.018326699999988705	epochs	3.0
1041.117463997821	0.03642289999993409	epochs	2.0
1041.117463997821	0.018249599999990096	epochs	3.0
1041.135713597821	0.018173299999943993	epochs	3.0
1041.153886897821	0.03612010000006194	epochs	2.0
1041.153886897821	0.018097600000146485	epochs	3.0
1041.171984497821	0.018022499999915453	epochs	3.0
1041.190006997821	0.035822100000132195	epochs	2.0
1041.190006997821	0.017947900000081063	epochs	3.0
1041.207954897821	0.017874200000051133	epochs	3.0
1041.2258290978211	0.03552899999999681	epochs	2.0
1041.2258290978211	0.01780079999980444	epochs	3.0
1041.243629897821	0.017728200000192373	epochs	3.0
1041.2613580978211	0.03524069999980384	epochs	2.0
1041.2613580978211	0.01765609999984008	epochs	3.0
1041.279014197821	0.017584599999963757	epochs	3.0
1041.296598797821	0.03495710000015606	epochs	2.0
1041.296598797821	0.017513700000108656	epochs	3.0
1041.314112497821	0.017443400000047404	epochs	3.0
1041.331555897821	0.034677899999906	epochs	2.0
1041.331555897821	0.017373599999928047	epochs	3.0
1041.348929497821	0.017304299999977957	epochs	3.0
1041.366233797821	0.03440330000012182	epochs	2.0
1041.366233797821	0.017235700000128418	epochs	3.0
1041.3834694978211	0.0171675999999934	epochs	3.0
1041.4006370978211	0.03413279999995211	epochs	2.0
1041.4006370978211	0.01709989999994832	epochs	3.0
1041.417736997821	0.017032900000003792	epochs	3.0
1041.434769897821	0.03386669999986225	epochs	2.0
1041.434769897821	0.01696640000000116	epochs	3.0
1041.451736297821	0.01690029999986109	epochs	3.0
1041.468636597821	0.03360460000021703	epochs	2.0
1041.468636597821	0.016834800000196992	epochs	3.0
1041.4854713978211	0.01676980000002004	epochs	3.0
1041.5022411978211	0.033346599999958926	epochs	2.0
1041.5022411978211	0.016705299999784984	epochs	3.0
1041.518946497821	0.016641300000173942	epochs	3.0
1041.535587797821	0.033092499999838765	epochs	2.0
1041.535587797821	0.016577799999822673	epochs	3.0
1041.552165597821	0.01651470000001609	epochs	3.0
1041.568680297821	0.032842300000083924	epochs	2.0
1041.568680297821	0.01645220000000336	epochs	3.0
1041.585132497821	0.016390100000080565	epochs	3.0
1041.601522597821	0.03259570000000167	epochs	2.0
1041.601522597821	0.016328400000020338	epochs	3.0
1041.617850997821	0.016267299999981333	epochs	3.0
1041.634118297821	0.032352899999978035	epochs	2.0
1041.634118297821	0.016206600000032267	epochs	3.0
1041.650324897821	0.016146299999945768	epochs	3.0
1041.666471197821	0.032113700000081735	epochs	2.0
1041.666471197821	0.016086600000107865	epochs	3.0
1041.6825577978211	0.01602709999997387	epochs	3.0
1041.698584897821	0.03187800000000607	epochs	2.0
1041.698584897821	0.0159681999998611	epochs	3.0
1041.714553097821	0.01590980000014497	epochs	3.0
1041.730462897821	0.03164569999989908	epochs	2.0
1041.730462897821	0.015851599999905375	epochs	3.0
1041.746314497821	0.015794099999993705	epochs	3.0
1041.762108597821	0.03141670000013619	epochs	2.0
1041.762108597821	0.01573669999993399	epochs	3.0
1041.777845297821	0.0156800000002022	epochs	3.0
1041.7935252978211	0.03119109999988723	epochs	2.0
1041.7935252978211	0.015623600000026272	epochs	3.0
1041.8091488978212	0.015567499999860956	epochs	3.0
1041.824716397821	0.03096870000013041	epochs	2.0
1041.824716397821	0.015511999999944237	epochs	3.0
1041.840228397821	0.015456700000186174	epochs	3.0
1041.8556850978212	0.030749499999956242	epochs	2.0
1041.8556850978212	0.015401999999994587	epochs	3.0
1041.8710870978211	0.015347499999961656	epochs	3.0
1041.886434597821	0.03053320000003623	epochs	2.0
1041.886434597821	0.015293400000018664	epochs	3.0
1041.9017279978211	0.015239800000017567	epochs	3.0
1041.9169677978211	0.030320099999926242	epochs	2.0
1041.9169677978211	0.015186499999799707	epochs	3.0
1041.932154297821	0.015133600000126535	epochs	3.0
1041.947287897821	0.03010990000007041	epochs	2.0
1041.947287897821	0.015081000000009226	epochs	3.0
1041.962368897821	0.015028900000061185	epochs	3.0
1041.9773977978211	0.029902499999934662	epochs	2.0
1041.9773977978211	0.014976999999817053	epochs	3.0
1041.992374797821	0.014925500000117609	epochs	3.0
1042.007300297821	0.029698099999905025	epochs	2.0
1042.007300297821	0.014874400000053356	epochs	3.0
1042.0221746978211	0.01482369999985167	epochs	3.0
1042.036998397821	0.029496300000118936	epochs	2.0
1042.036998397821	0.014773200000036013	epochs	3.0
1042.051771597821	0.014723100000082923	epochs	3.0
1042.066494697821	0.029297399999904883	epochs	2.0
1042.066494697821	0.014673399999992398	epochs	3.0
1042.081168097821	0.014623999999912485	epochs	3.0
1042.095792097821	0.029101099999934377	epochs	2.0
1042.095792097821	0.014574900000070556	epochs	3.0
1042.110366997821	0.01452619999986382	epochs	3.0
1042.124893197821	0.028907400000207417	epochs	2.0
1042.124893197821	0.014477700000043114	epochs	3.0
1042.139370897821	0.014429700000164303	epochs	3.0
1042.1538005978211	0.028716199999962555	epochs	2.0
1042.1538005978211	0.014381799999910072	epochs	3.0
1042.168182397821	0.014334400000052483	epochs	3.0
1042.182516797821	0.02852759999996124	epochs	2.0
1042.182516797821	0.014287199999898803	epochs	3.0
1042.196803997821	0.014240400000062436	epochs	3.0
1042.211044397821	0.028341400000044814	epochs	2.0
1042.211044397821	0.014193799999929979	epochs	3.0
1042.225238197821	0.014147600000114835	epochs	3.0
1042.2393857978211	0.02815769999983786	epochs	2.0
1042.2393857978211	0.014101699999855555	epochs	3.0
1042.253487497821	0.014055999999982305	epochs	3.0
1042.267543497821	0.027976300000091214	epochs	2.0
1042.267543497821	0.014010600000119666	epochs	3.0
1042.281554097821	0.013965699999971548	epochs	3.0
1042.295519797821	0.027797199999895383	epochs	2.0
1042.295519797821	0.013920800000050804	epochs	3.0
1042.309440597821	0.01387639999984458	epochs	3.0
1042.323316997821	0.02762040000015986	epochs	2.0
1042.323316997821	0.013832200000024386	epochs	3.0
1042.337149197821	0.013788200000135475	epochs	3.0
1042.350937397821	0.027445899999975154	epochs	2.0
1042.350937397821	0.013744599999881757	epochs	3.0
1042.364681997821	0.013701300000093397	epochs	3.0
1042.378383297821	0.027273499999864725	epochs	2.0
1042.378383297821	0.013658200000008947	epochs	3.0
1042.392041497821	0.013615299999855779	epochs	3.0
1042.405656797821	0.027103400000214606	epochs	2.0
1042.405656797821	0.013572800000019924	epochs	3.0
1042.419229597821	0.013530600000194681	epochs	3.0
1042.4327601978212	0.026935199999797987	epochs	2.0
1042.4327601978212	0.01348839999991469	epochs	3.0
1042.446248597821	0.013446799999883297	epochs	3.0
1042.459695397821	0.026769199999989723	epochs	2.0
1042.459695397821	0.013405200000079276	epochs	3.0
1042.473100597821	0.013363999999910448	epochs	3.0
1042.486464597821	0.02660520000017641	epochs	2.0
1042.486464597821	0.013322900000048321	epochs	3.0
1042.499787497821	0.013282300000128089	epochs	3.0
1042.5130697978211	0.0264431999999033	epochs	2.0
1042.5130697978211	0.013241699999980483	epochs	3.0
1042.526311497821	0.013201499999922817	epochs	3.0
1042.539512997821	0.026283200000079887	epochs	2.0
1042.539512997821	0.013161500000023807	epochs	3.0
1042.552674497821	0.01312170000005608	epochs	3.0
1042.565796197821	0.026124999999865395	epochs	2.0
1042.565796197821	0.013082100000019636	epochs	3.0
1042.5788782978211	0.013042899999845758	epochs	3.0
1042.591921197821	0.02596890000017993	epochs	2.0
1042.591921197821	0.01300390000005791	epochs	3.0
1042.604925097821	0.012965000000122018	epochs	3.0
1042.6178900978211	0.02581449999979668	epochs	2.0
1042.6178900978211	0.012926399999969362	epochs	3.0
1042.6308164978211	0.012888099999827318	epochs	3.0
1042.643704597821	0.02566190000015922	epochs	2.0
1042.643704597821	0.012849899999991976	epochs	3.0
1042.656554497821	0.012812000000167245	epochs	3.0
1042.669366497821	0.025511199999982637	epochs	2.0
1042.669366497821	0.012774399999898378	epochs	3.0
1042.682140897821	0.012736800000084258	epochs	3.0
1042.694877697821	0.02536229999986972	epochs	2.0
1042.694877697821	0.01269969999998466	epochs	3.0
1042.707577397821	0.01266259999988506	epochs	3.0
1042.720239997821	0.02521500000011656	epochs	2.0
1042.720239997821	0.012625800000023446	epochs	3.0
1042.732865797821	0.012589200000093115	epochs	3.0
1042.745454997821	0.024584799999956886	epochs	2.0
1042.769016297821	0.5	epochs	-1.0
1042.770039797821	0.5368000000000848	epochs	1.0
1043.306839797821	0.46311999999988984	epochs	0.0
1074.9169998168945	0.08303999999998268	epochs	0.0
1074.9169998168945	0.036520999999993364	epochs	1.0
1074.9535208168945	0.009997999999995955	epochs	1.0
1074.9635188168945	0.036520999999993364	epochs	1.0
1075.0000398168945	2.0	epochs	0.0
1077.0000398168945	5.416960000000017	epochs	0.0
1077.0000398168945	1.0	epochs	1.0
1077.0000563168946	0.5	epochs	-1.0
1077.5000563168946	4.9169434999998884	epochs	-1.0
1078.0000398168945	4.416960000000017	epochs	1.0
1078.0000398168945	4.356753900000058	epochs	-1.0
1078.0000398168945	1.9745872000000873	epochs	2.0
1078.0000398168945	1.0985622000000603	epochs	3.0
1079.0986020168946	0.8760250000000269	epochs	3.0
1079.9746270168946	1.3524075000000266	epochs	2.0
1079.9746270168946	0.7286354999998821	epochs	3.0
1080.7032625168945	0.6237720000001445	epochs	3.0
1081.3270345168946	1.029759199999944	epochs	2.0
1081.3270345168946	0.5453292999998212	epochs	3.0
1081.8723638168944	0.48442990000012287	epochs	3.0
1082.3567937168946	0.060206099999959406	epochs	2.0
1082.3567937168946	0.060206099999959406	epochs	3.0
1082.4169998168945	16.582959999999957	epochs	0.0
1083.201000213623	0.08303999999998268	epochs	0.0
1083.201000213623	0.036520999999993364	epochs	1.0
1083.237521213623	0.009997999999995955	epochs	1.0
1083.247519213623	0.036520999999993364	epochs	1.0
1083.284040213623	2.0	epochs	0.0
1085.284040213623	21.516800000000103	epochs	0.0
1085.284040213623	1.0	epochs	1.0
1085.2840567136232	0.5	epochs	-1.0
1085.7840567136232	19.998799999999846	epochs	-1.0
1086.284040213623	20.0	epochs	1.0
1086.284040213623	4.356753900000058	epochs	-1.0
1086.284040213623	1.9745872000000873	epochs	2.0
1086.284040213623	1.0985622000000603	epochs	3.0
1087.382602413623	0.8760250000000269	epochs	3.0
1088.2586274136231	1.3524075000000266	epochs	2.0
1088.2586274136231	0.7286354999998821	epochs	3.0
1088.987262913623	0.6237720000001445	epochs	3.0
1089.6110349136231	1.029759199999944	epochs	2.0
1089.6110349136231	0.5453292999998212	epochs	3.0
1090.156364213623	0.48442990000012287	epochs	3.0
1090.640794113623	0.8317861999998968	epochs	2.0
1090.640794113623	0.4357763000000432	epochs	3.0
1091.0765704136231	0.3960098999998536	epochs	3.0
1091.472580313623	0.6977970000000369	epochs	2.0
1091.472580313623	0.3628982000000178	epochs	3.0
1091.835478513623	0.33489880000001904	epochs	3.0
1092.170377313623	0.601045699999986	epochs	2.0
1092.170377313623	0.3109122999999272	epochs	3.0
1092.481289613623	0.2901334000000588	epochs	3.0
1092.771423013623	0.5278859000000011	epochs	2.0
1092.771423013623	0.2719586000000618	epochs	3.0
1093.043381613623	0.25592729999993935	epochs	3.0
1093.299308913623	0.470619299999953	epochs	2.0
1093.299308913623	0.241681299999982	epochs	3.0
1093.540990213623	0.228937999999971	epochs	3.0
1093.769928213623	0.42457039999999324	epochs	2.0
1093.769928213623	0.21747140000002219	epochs	3.0
1093.987399613623	0.20709899999997106	epochs	3.0
1094.194498613623	0.3867354000001342	epochs	2.0
1094.194498613623	0.19767109999997956	epochs	3.0
1094.392169713623	0.18906430000015462	epochs	3.0
1094.581234013623	0.35509529999990264	epochs	2.0
1094.581234013623	0.18117589999997108	epochs	3.0
1094.762409913623	0.17391939999993156	epochs	3.0
1094.936329313623	0.3282431000000088	epochs	2.0
1094.936329313623	0.16722189999995862	epochs	3.0
1095.103551213623	0.16102120000005016	epochs	3.0
1095.264572413623	0.30516800000009425	epochs	2.0
1095.264572413623	0.15526390000013635	epochs	3.0
1095.4198363136231	0.1499040999999579	epochs	3.0
1095.569740413623	0.28512529999989056	epochs	2.0
1095.569740413623	0.14490209999985382	epochs	3.0
1095.714642513623	0.14022320000003674	epochs	3.0
1095.854865713623	0.267553800000087	epochs	2.0
1095.854865713623	0.1358368999999584	epochs	3.0
1095.990702613623	0.1317169000001286	epochs	3.0
1096.122419513623	0.252022899999929	epochs	2.0
1096.122419513623	0.1278393000000051	epochs	3.0
1096.250258813623	0.1241835999999239	epochs	3.0
1096.374442413623	0.23819649999995818	epochs	2.0
1096.374442413623	0.12073110000005727	epochs	3.0
1096.495173513623	0.11746539999990091	epochs	3.0
1096.612638913623	0.2258088000000953	epochs	2.0
1096.612638913623	0.11437190000015107	epochs	3.0
1096.727010813623	0.11143689999994422	epochs	3.0
1096.838447713623	0.21464599999990241	epochs	2.0
1096.838447713623	0.10864889999993466	epochs	3.0
1096.947096613623	0.10599709999996776	epochs	3.0
1097.053093713623	0.20453500000007807	epochs	2.0
1097.053093713623	0.10347150000006877	epochs	3.0
1097.156565213623	0.1010635000000093	epochs	3.0
1097.257628713623	0.19533400000000256	epochs	2.0
1097.257628713623	0.09876510000003691	epochs	3.0
1097.356393813623	0.09656889999996565	epochs	3.0
1097.452962713623	0.18692529999998442	epochs	2.0
1097.452962713623	0.09446830000001682	epochs	3.0
1097.547431013623	0.09245699999996759	epochs	3.0
1097.639888013623	0.1792107000001124	epochs	2.0
1097.639888013623	0.0905296000000817	epochs	3.0
1097.730417613623	0.08868110000003071	epochs	3.0
1097.8190987136231	0.17210769999996955	epochs	2.0
1097.8190987136231	0.08690630000000965	epochs	3.0
1097.9060050136231	0.0852013999999599	epochs	3.0
1097.991206413623	0.16554640000003928	epochs	2.0
1097.991206413623	0.08356189999994967	epochs	3.0
1098.074768313623	0.08198450000008961	epochs	3.0
1098.1567528136231	0.15946709999980158	epochs	2.0
1098.1567528136231	0.08046539999986635	epochs	3.0
1098.237218213623	0.07900169999993523	epochs	3.0
1098.316219913623	0.15381840000009106	epochs	2.0
1098.316219913623	0.07759010000017952	epochs	3.0
1098.3938100136231	0.07622829999991154	epochs	3.0
1098.470038313623	0.14855639999996129	epochs	2.0
1098.470038313623	0.07491329999993468	epochs	3.0
1098.544951613623	0.0736431000000266	epochs	3.0
1098.618594713623	0.14364240000008976	epochs	2.0
1098.618594713623	0.07241500000009182	epochs	3.0
1098.691009713623	0.07122739999999794	epochs	3.0
1098.762237113623	0.13904309999998077	epochs	2.0
1098.762237113623	0.07007799999996678	epochs	3.0
1098.832315113623	0.06896510000001399	epochs	3.0
1098.901280213623	0.13472929999988992	epochs	2.0
1098.901280213623	0.0678871000000072	epochs	3.0
1098.969167313623	0.06684219999988272	epochs	3.0
1099.036009513623	0.1306752000000415	epochs	2.0
1099.036009513623	0.06582910000020092	epochs	3.0
1099.1018386136232	0.06484609999984059	epochs	3.0
1099.166684713623	0.12685780000015257	epochs	2.0
1099.166684713623	0.06389200000012352	epochs	3.0
1099.2305767136231	0.06296580000002905	epochs	3.0
1099.2935425136232	0.12325719999989815	epochs	2.0
1099.2935425136232	0.06206579999980022	epochs	3.0
1099.355608313623	0.06119140000009793	epochs	3.0
1099.416799713623	0.11985540000000583	epochs	2.0
1099.416799713623	0.060341099999959624	epochs	3.0
1099.477140813623	0.059514300000046205	epochs	3.0
1099.536655113623	0.1166361999999026	epochs	2.0
1099.536655113623	0.058709599999929196	epochs	3.0
1099.595364713623	0.057926599999973405	epochs	3.0
1099.653291313623	0.11358560000007856	epochs	2.0
1099.653291313623	0.05716419999998834	epochs	3.0
1099.710455513623	0.056421400000090216	epochs	3.0
1099.766876913623	0.11069049999991876	epochs	2.0
1099.766876913623	0.055697900000041045	epochs	3.0
1099.822574813623	0.05499259999987771	epochs	3.0
1099.877567413623	0.1079391000000669	epochs	2.0
1099.877567413623	0.05430490000003374	epochs	3.0
1099.931872313623	0.05363420000003316	epochs	3.0
1099.985506513623	0.10532149999994544	epochs	2.0
1099.985506513623	0.05297999999993408	epochs	3.0
1100.038486513623	0.052341500000011365	epochs	3.0
1100.090828013623	0.10282760000018243	epochs	2.0
1100.090828013623	0.05171810000001642	epochs	3.0
1100.142546113623	0.05110950000016601	epochs	3.0
1100.1936556136232	0.10044909999987794	epochs	2.0
1100.1936556136232	0.0505148999998255	epochs	3.0
1100.244170513623	0.04993420000005244	epochs	3.0
1100.294104713623	0.0981782999999723	epochs	2.0
1100.294104713623	0.04936659999998483	epochs	3.0
1100.343471313623	0.04881169999998747	epochs	3.0
1100.392283013623	0.09600780000005216	epochs	2.0
1100.392283013623	0.04826920000004975	epochs	3.0
1100.440552213623	0.04773860000000241	epochs	3.0
1100.488290813623	0.09393120000004274	epochs	2.0
1100.488290813623	0.04721949999998287	epochs	3.0
1100.535510313623	0.046711700000059864	epochs	3.0
1100.582222013623	0.09194260000003851	epochs	2.0
1100.582222013623	0.046214599999984785	epochs	3.0
1100.628436613623	0.045728000000053726	epochs	3.0
1100.6741646136231	0.09003629999983787	epochs	2.0
1100.6741646136231	0.045251499999949374	epochs	3.0
1100.719416113623	0.04478479999988849	epochs	3.0
1100.764200913623	0.08820760000003247	epochs	2.0
1100.764200913623	0.044327800000019124	epochs	3.0
1100.808528713623	0.04387980000001335	epochs	3.0
1100.852408513623	0.0864516999999978	epochs	2.0
1100.852408513623	0.04344100000002982	epochs	3.0
1100.895849513623	0.04301069999996798	epochs	3.0
1100.938860213623	0.08476429999996071	epochs	2.0
1100.938860213623	0.04258900000013455	epochs	3.0
1100.9814492136231	0.042175299999826166	epochs	3.0
1101.023624513623	0.08314150000001064	epochs	2.0
1101.023624513623	0.04176970000003166	epochs	3.0
1101.065394213623	0.041371799999978975	epochs	3.0
1101.106766013623	0.08157970000002024	epochs	2.0
1101.106766013623	0.040981399999964196	epochs	3.0
1101.147747413623	0.04059830000005604	epochs	3.0
1101.188345713623	0.08007550000002084	epochs	2.0
1101.188345713623	0.040222300000095856	epochs	3.0
1101.228568013623	0.03985319999992498	epochs	3.0
1101.268421213623	0.07862569999997504	epochs	2.0
1101.268421213623	0.039490800000066884	epochs	3.0
1101.307912013623	0.03913489999990816	epochs	3.0
1101.347046913623	0.07722760000001472	epochs	2.0
1101.347046913623	0.038785400000051595	epochs	3.0
1101.385832313623	0.03844219999996312	epochs	3.0
1101.424274513623	0.07587820000003376	epochs	2.0
1101.424274513623	0.03810479999992822	epochs	3.0
1101.462379313623	0.03777340000010554	epochs	3.0
1101.500152713623	0.0745752000000266	epochs	2.0
1101.500152713623	0.03744770000002973	epochs	3.0
1101.537600413623	0.03712749999999687	epochs	3.0
1101.574727913623	0.07331629999998768	epochs	2.0
1101.574727913623	0.0368129000000863	epochs	3.0
1101.6115408136232	0.036503399999901376	epochs	3.0
1101.648044213623	0.07209899999998015	epochs	2.0
1101.648044213623	0.03619909999997617	epochs	3.0
1101.684243313623	0.03589990000000398	epochs	3.0
1101.720143213623	0.07092170000009901	epochs	2.0
1101.720143213623	0.03560560000005353	epochs	3.0
1101.755748813623	0.03531610000004548	epochs	3.0
1101.7910649136231	0.06978199999980461	epochs	2.0
1101.7910649136231	0.03503119999982118	epochs	3.0
1101.826096113623	0.03475079999998343	epochs	3.0
1101.860846913623	0.06867860000011206	epochs	2.0
1101.860846913623	0.03447510000000875	epochs	3.0
1101.895322013623	0.034203500000103304	epochs	3.0
1101.929525513623	0.06760929999995824	epochs	2.0
1101.929525513623	0.033936199999970995	epochs	3.0
1101.963461713623	0.033673099999987244	epochs	3.0
1101.997134813623	0.06657289999998284	epochs	2.0
1101.997134813623	0.03341399999999339	epochs	3.0
1102.030548813623	0.033158899999989444	epochs	3.0
1102.063707713623	0.06556780000005347	epochs	2.0
1102.063707713623	0.03290770000012344	epochs	3.0
1102.096615413623	0.032660099999930026	epochs	3.0
1102.129275513623	0.06459259999996902	epochs	2.0
1102.129275513623	0.03241640000010193	epochs	3.0
1102.1616919136231	0.032176199999867094	epochs	3.0
1102.193868113623	0.06364600000006249	epochs	2.0
1102.193868113623	0.03193959999998697	epochs	3.0
1102.225807713623	0.03170640000007552	epochs	3.0
1102.257514113623	0.0627266999999847	epochs	2.0
1102.257514113623	0.031476599999905375	epochs	3.0
1102.288990713623	0.03125010000007933	epochs	3.0
1102.320240813623	0.06183359999999993	epochs	2.0
1102.320240813623	0.03102689999991526	epochs	3.0
1102.351267713623	0.030806700000084675	epochs	3.0
1102.382074413623	0.060965599999917686	epochs	2.0
1102.382074413623	0.030589799999916067	epochs	3.0
1102.412664213623	0.030375800000001618	epochs	3.0
1102.443040013623	0.06012160000000222	epochs	2.0
1102.443040013623	0.030164900000045236	epochs	3.0
1102.473204913623	0.02995669999995698	epochs	3.0
1102.503161613623	0.05930069999999432	epochs	2.0
1102.503161613623	0.029751600000054168	epochs	3.0
1102.532913213623	0.029549099999940154	epochs	3.0
1102.562462313623	0.058501800000158255	epochs	2.0
1102.562462313623	0.02934940000000097	epochs	3.0
1102.591811713623	0.029152400000157286	epochs	3.0
1102.6209641136231	0.05772419999993872	epochs	2.0
1102.6209641136231	0.028957999999875028	epochs	3.0
1102.649922113623	0.02876620000006369	epochs	3.0
1102.678688313623	0.05696710000006533	epochs	2.0
1102.678688313623	0.028577000000041153	epochs	3.0
1102.707265313623	0.028390100000024177	epochs	3.0
1102.7356554136231	0.05622949999997218	epochs	2.0
1102.7356554136231	0.028205699999944045	epochs	3.0
1102.763861113623	0.028023800000028132	epochs	3.0
1102.791884913623	0.05551070000001346	epochs	2.0
1102.791884913623	0.027843999999959124	epochs	3.0
1102.819728913623	0.027666700000054334	epochs	3.0
1102.8473956136231	0.054810200000019904	epochs	2.0
1102.8473956136231	0.02749149999999645	epochs	3.0
1102.8748871136231	0.027318700000023455	epochs	3.0
1102.9022058136231	0.054126999999880354	epochs	2.0
1102.9022058136231	0.027147799999966082	epochs	3.0
1102.929353613623	0.026979199999914272	epochs	3.0
1102.956332813623	0.053460699999959616	epochs	2.0
1102.956332813623	0.026812600000084785	epochs	3.0
1102.983145413623	0.02664809999987483	epochs	3.0
1103.009793513623	0.05281070000000909	epochs	2.0
1103.009793513623	0.026485600000114573	epochs	3.0
1103.036279113623	0.02632509999989452	epochs	3.0
1103.062604213623	0.05217620000007628	epochs	2.0
1103.062604213623	0.026166399999965506	epochs	3.0
1103.088770613623	0.026009800000110772	epochs	3.0
1103.114780413623	0.051556699999991906	epochs	2.0
1103.114780413623	0.025854799999933675	epochs	3.0
1103.140635213623	0.02570190000005823	epochs	3.0
1103.166337113623	0.05095189999997274	epochs	2.0
1103.166337113623	0.025550699999939752	epochs	3.0
1103.191887813623	0.025401200000032986	epochs	3.0
1103.217289013623	0.05036100000006627	epochs	2.0
1103.217289013623	0.025253499999962514	epochs	3.0
1103.242542513623	0.025107500000103755	epochs	3.0
1103.267650013623	0.04978379999988647	epochs	2.0
1103.267650013623	0.02496320000000196	epochs	3.0
1103.292613213623	0.024820599999884507	epochs	3.0
1103.317433813623	0.04921950000016295	epochs	2.0
1103.317433813623	0.024679399999968155	epochs	3.0
1103.342113213623	0.024540100000194798	epochs	3.0
1103.3666533136231	0.04866789999982757	epochs	2.0
1103.3666533136231	0.024402099999861093	epochs	3.0
1103.391055413623	0.024265799999966475	epochs	3.0
1103.415321213623	0.04812860000015462	epochs	2.0
1103.415321213623	0.024131000000124914	epochs	3.0
1103.439452213623	0.023997600000029706	epochs	3.0
1103.4634498136231	0.04760109999983797	epochs	2.0
1103.4634498136231	0.02386579999983951	epochs	3.0
1103.487315613623	0.02373529999999846	epochs	3.0
1103.511050913623	0.04708500000015192	epochs	2.0
1103.511050913623	0.023606299999983094	epochs	3.0
1103.534657213623	0.02347870000016883	epochs	3.0
1103.5581359136231	0.046579999999948996	epochs	2.0
1103.5581359136231	0.023352499999873544	epochs	3.0
1103.581488413623	0.02322750000007545	epochs	3.0
1103.604715913623	0.046085700000048746	epochs	2.0
1103.604715913623	0.02310399999987567	epochs	3.0
1103.627819913623	0.022981700000173078	epochs	3.0
1103.6508016136231	0.045601799999985815	epochs	2.0
1103.6508016136231	0.02286069999991014	epochs	3.0
1103.673662313623	0.022741100000075676	epochs	3.0
1103.696403413623	0.045127899999897636	epochs	2.0
1103.696403413623	0.022622499999897627	epochs	3.0
1103.719025913623	0.02250540000000001	epochs	3.0
1103.741531313623	0.0446638000000803	epochs	2.0
1103.741531313623	0.02238929999998618	epochs	3.0
1103.763920613623	0.022274500000094122	epochs	3.0
1103.786195113623	0.04420920000006845	epochs	2.0
1103.786195113623	0.022160799999937808	epochs	3.0
1103.808355913623	0.02204840000013064	epochs	3.0
1103.8304043136231	0.04376359999992019	epochs	2.0
1103.8304043136231	0.02193689999990056	epochs	3.0
1103.852341213623	0.021826700000019628	epochs	3.0
1103.874167913623	0.04332709999994222	epochs	2.0
1103.874167913623	0.021717599999874437	epochs	3.0
1103.895885513623	0.021609500000067783	epochs	3.0
1103.917495013623	0.04289900000003399	epochs	2.0
1103.917495013623	0.02150249999999687	epochs	3.0
1103.938997513623	0.021396500000037122	epochs	3.0
1103.960394013623	0.04247949999989942	epochs	2.0
1103.960394013623	0.021291699999892444	epochs	3.0
1103.981685713623	0.021187800000006973	epochs	3.0
1104.002873513623	0.04206790000012006	epochs	2.0
1104.002873513623	0.02108490000000529	epochs	3.0
1104.023958413623	0.02098300000011477	epochs	3.0
1104.044941413623	0.04166439999994509	epochs	2.0
1104.044941413623	0.020882199999959994	epochs	3.0
1104.065823613623	0.020782199999985096	epochs	3.0
1104.086605813623	0.04126850000011473	epochs	2.0
1104.086605813623	0.020683299999973315	epochs	3.0
1104.107289113623	0.020585200000141413	epochs	3.0
1104.1278743136231	0.04088000000001557	epochs	2.0
1104.1278743136231	0.020488099999965925	epochs	3.0
1104.148362413623	0.020391900000049645	epochs	3.0
1104.1687543136231	0.040498799999795665	epochs	2.0
1104.1687543136231	0.020296599999937825	epochs	3.0
1104.189050913623	0.02020219999985784	epochs	3.0
1104.209253113623	0.04012460000012652	epochs	2.0
1104.209253113623	0.02010870000003706	epochs	3.0
1104.229361813623	0.02001590000008946	epochs	3.0
1104.249377713623	0.03975730000001931	epochs	2.0
1104.249377713623	0.0199241999998776	epochs	3.0
1104.269301913623	0.019833100000141712	epochs	3.0
1104.289135013623	0.03939669999999751	epochs	2.0
1104.289135013623	0.01974300000006224	epochs	3.0
1104.3088780136231	0.01965369999993527	epochs	3.0
1104.328531713623	0.03904239999997117	epochs	2.0
1104.328531713623	0.019565099999908853	epochs	3.0
1104.348096813623	0.019477300000062314	epochs	3.0
1104.367574113623	0.038694600000098944	epochs	2.0
1104.367574113623	0.019390400000020236	epochs	3.0
1104.386964513623	0.01930420000007871	epochs	3.0
1104.4062687136231	0.038352899999836154	epochs	2.0
1104.4062687136231	0.019218799999862313	epochs	3.0
1104.425487513623	0.01913409999997384	epochs	3.0
1104.444621613623	0.03801720000001296	epochs	2.0
1104.444621613623	0.019050200000037876	epochs	3.0
1104.463671813623	0.018966999999975087	epochs	3.0
1104.482638813623	0.03768720000016401	epochs	2.0
1104.482638813623	0.01888450000001285	epochs	3.0
1104.501523313623	0.018802700000151162	epochs	3.0
1104.5203260136232	0.03736309999999321	epochs	2.0
1104.5203260136232	0.018721699999787234	epochs	3.0
1104.539047713623	0.018641400000205977	epochs	3.0
1104.5576891136232	0.03704429999993408	epochs	2.0
1104.5576891136232	0.018561599999884493	epochs	3.0
1104.576250713623	0.01848270000004959	epochs	3.0
1104.594733413623	0.03673099999991791	epochs	2.0
1104.594733413623	0.018404299999929208	epochs	3.0
1104.613137713623	0.018326699999988705	epochs	3.0
1104.631464413623	0.03642289999993409	epochs	2.0
1104.631464413623	0.018249599999990096	epochs	3.0
1104.649714013623	0.018173299999943993	epochs	3.0
1104.667887313623	0.03612010000006194	epochs	2.0
1104.667887313623	0.018097600000146485	epochs	3.0
1104.685984913623	0.018022499999915453	epochs	3.0
1104.704007413623	0.035822100000132195	epochs	2.0
1104.704007413623	0.017947900000081063	epochs	3.0
1104.721955313623	0.017874200000051133	epochs	3.0
1104.7398295136231	0.03552899999999681	epochs	2.0
1104.7398295136231	0.01780079999980444	epochs	3.0
1104.757630313623	0.017728200000192373	epochs	3.0
1104.7753585136231	0.03524069999980384	epochs	2.0
1104.7753585136231	0.01765609999984008	epochs	3.0
1104.793014613623	0.017584599999963757	epochs	3.0
1104.810599213623	0.03495710000015606	epochs	2.0
1104.810599213623	0.017513700000108656	epochs	3.0
1104.828112913623	0.017443400000047404	epochs	3.0
1104.845556313623	0.034677899999906	epochs	2.0
1104.845556313623	0.017373599999928047	epochs	3.0
1104.862929913623	0.017304299999977957	epochs	3.0
1104.880234213623	0.03440330000012182	epochs	2.0
1104.880234213623	0.017235700000128418	epochs	3.0
1104.8974699136231	0.0171675999999934	epochs	3.0
1104.9146375136231	0.03413279999995211	epochs	2.0
1104.9146375136231	0.01709989999994832	epochs	3.0
1104.931737413623	0.017032900000003792	epochs	3.0
1104.948770313623	0.03386669999986225	epochs	2.0
1104.948770313623	0.01696640000000116	epochs	3.0
1104.965736713623	0.01690029999986109	epochs	3.0
1104.982637013623	0.03360460000021703	epochs	2.0
1104.982637013623	0.016834800000196992	epochs	3.0
1104.9994718136231	0.01676980000002004	epochs	3.0
1105.0162416136232	0.033346599999958926	epochs	2.0
1105.0162416136232	0.016705299999784984	epochs	3.0
1105.032946913623	0.016641300000173942	epochs	3.0
1105.049588213623	0.033092499999838765	epochs	2.0
1105.049588213623	0.016577799999822673	epochs	3.0
1105.066166013623	0.01651470000001609	epochs	3.0
1105.082680713623	0.032842300000083924	epochs	2.0
1105.082680713623	0.01645220000000336	epochs	3.0
1105.099132913623	0.016390100000080565	epochs	3.0
1105.115523013623	0.03259570000000167	epochs	2.0
1105.115523013623	0.016328400000020338	epochs	3.0
1105.131851413623	0.016267299999981333	epochs	3.0
1105.148118713623	0.032352899999978035	epochs	2.0
1105.148118713623	0.016206600000032267	epochs	3.0
1105.164325313623	0.016146299999945768	epochs	3.0
1105.180471613623	0.032113700000081735	epochs	2.0
1105.180471613623	0.016086600000107865	epochs	3.0
1105.1965582136231	0.01602709999997387	epochs	3.0
1105.212585313623	0.03187800000000607	epochs	2.0
1105.212585313623	0.0159681999998611	epochs	3.0
1105.228553513623	0.01590980000014497	epochs	3.0
1105.244463313623	0.03164569999989908	epochs	2.0
1105.244463313623	0.015851599999905375	epochs	3.0
1105.260314913623	0.015794099999993705	epochs	3.0
1105.276109013623	0.03141670000013619	epochs	2.0
1105.276109013623	0.01573669999993399	epochs	3.0
1105.291845713623	0.0156800000002022	epochs	3.0
1105.3075257136231	0.03119109999988723	epochs	2.0
1105.3075257136231	0.015623600000026272	epochs	3.0
1105.3231493136232	0.015567499999860956	epochs	3.0
1105.338716813623	0.03096870000013041	epochs	2.0
1105.338716813623	0.015511999999944237	epochs	3.0
1105.354228813623	0.015456700000186174	epochs	3.0
1105.3696855136232	0.030749499999956242	epochs	2.0
1105.3696855136232	0.015401999999994587	epochs	3.0
1105.3850875136231	0.015347499999961656	epochs	3.0
1105.400435013623	0.03053320000003623	epochs	2.0
1105.400435013623	0.015293400000018664	epochs	3.0
1105.4157284136231	0.015239800000017567	epochs	3.0
1105.4309682136231	0.030320099999926242	epochs	2.0
1105.4309682136231	0.015186499999799707	epochs	3.0
1105.446154713623	0.015133600000126535	epochs	3.0
1105.461288313623	0.03010990000007041	epochs	2.0
1105.461288313623	0.015081000000009226	epochs	3.0
1105.476369313623	0.015028900000061185	epochs	3.0
1105.4913982136231	0.029902499999934662	epochs	2.0
1105.4913982136231	0.014976999999817053	epochs	3.0
1105.506375213623	0.014925500000117609	epochs	3.0
1105.521300713623	0.029698099999905025	epochs	2.0
1105.521300713623	0.014874400000053356	epochs	3.0
1105.5361751136231	0.01482369999985167	epochs	3.0
1105.550998813623	0.029496300000118936	epochs	2.0
1105.550998813623	0.014773200000036013	epochs	3.0
1105.565772013623	0.014723100000082923	epochs	3.0
1105.580495113623	0.029297399999904883	epochs	2.0
1105.580495113623	0.014673399999992398	epochs	3.0
1105.595168513623	0.014623999999912485	epochs	3.0
1105.609792513623	0.029101099999934377	epochs	2.0
1105.609792513623	0.014574900000070556	epochs	3.0
1105.624367413623	0.01452619999986382	epochs	3.0
1105.638893613623	0.028907400000207417	epochs	2.0
1105.638893613623	0.014477700000043114	epochs	3.0
1105.653371313623	0.014429700000164303	epochs	3.0
1105.6678010136231	0.028716199999962555	epochs	2.0
1105.6678010136231	0.014381799999910072	epochs	3.0
1105.682182813623	0.014334400000052483	epochs	3.0
1105.696517213623	0.02852759999996124	epochs	2.0
1105.696517213623	0.014287199999898803	epochs	3.0
1105.710804413623	0.014240400000062436	epochs	3.0
1105.725044813623	0.028341400000044814	epochs	2.0
1105.725044813623	0.014193799999929979	epochs	3.0
1105.739238613623	0.014147600000114835	epochs	3.0
1105.7533862136231	0.02815769999983786	epochs	2.0
1105.7533862136231	0.014101699999855555	epochs	3.0
1105.767487913623	0.014055999999982305	epochs	3.0
1105.781543913623	0.027976300000091214	epochs	2.0
1105.781543913623	0.014010600000119666	epochs	3.0
1105.795554513623	0.013965699999971548	epochs	3.0
1105.809520213623	0.027797199999895383	epochs	2.0
1105.809520213623	0.013920800000050804	epochs	3.0
1105.823441013623	0.01387639999984458	epochs	3.0
1105.837317413623	0.02762040000015986	epochs	2.0
1105.837317413623	0.013832200000024386	epochs	3.0
1105.851149613623	0.013788200000135475	epochs	3.0
1105.864937813623	0.027445899999975154	epochs	2.0
1105.864937813623	0.013744599999881757	epochs	3.0
1105.878682413623	0.013701300000093397	epochs	3.0
1105.892383713623	0.027273499999864725	epochs	2.0
1105.892383713623	0.013658200000008947	epochs	3.0
1105.906041913623	0.013615299999855779	epochs	3.0
1105.919657213623	0.027103400000214606	epochs	2.0
1105.919657213623	0.013572800000019924	epochs	3.0
1105.933230013623	0.013530600000194681	epochs	3.0
1105.9467606136232	0.026935199999797987	epochs	2.0
1105.9467606136232	0.01348839999991469	epochs	3.0
1105.960249013623	0.013446799999883297	epochs	3.0
1105.973695813623	0.026769199999989723	epochs	2.0
1105.973695813623	0.013405200000079276	epochs	3.0
1105.987101013623	0.013363999999910448	epochs	3.0
1106.000465013623	0.02660520000017641	epochs	2.0
1106.000465013623	0.013322900000048321	epochs	3.0
1106.013787913623	0.013282300000128089	epochs	3.0
1106.0270702136231	0.0264431999999033	epochs	2.0
1106.0270702136231	0.013241699999980483	epochs	3.0
1106.040311913623	0.013201499999922817	epochs	3.0
1106.053513413623	0.026283200000079887	epochs	2.0
1106.053513413623	0.013161500000023807	epochs	3.0
1106.066674913623	0.01312170000005608	epochs	3.0
1106.079796613623	0.026124999999865395	epochs	2.0
1106.079796613623	0.013082100000019636	epochs	3.0
1106.0928787136231	0.013042899999845758	epochs	3.0
1106.105921613623	0.02596890000017993	epochs	2.0
1106.105921613623	0.01300390000005791	epochs	3.0
1106.118925513623	0.012965000000122018	epochs	3.0
1106.1318905136231	0.02581449999979668	epochs	2.0
1106.1318905136231	0.012926399999969362	epochs	3.0
1106.1448169136231	0.012888099999827318	epochs	3.0
1106.157705013623	0.02566190000015922	epochs	2.0
1106.157705013623	0.012849899999991976	epochs	3.0
1106.170554913623	0.012812000000167245	epochs	3.0
1106.183366913623	0.025511199999982637	epochs	2.0
1106.183366913623	0.012774399999898378	epochs	3.0
1106.196141313623	0.012736800000084258	epochs	3.0
1106.208878113623	0.02536229999986972	epochs	2.0
1106.208878113623	0.01269969999998466	epochs	3.0
1106.221577813623	0.01266259999988506	epochs	3.0
1106.234240413623	0.02521500000011656	epochs	2.0
1106.234240413623	0.012625800000023446	epochs	3.0
1106.246866213623	0.012589200000093115	epochs	3.0
1106.259455413623	0.024584799999956886	epochs	2.0
1106.282856713623	0.5	epochs	-1.0
1106.284040213623	0.516800000000103	epochs	1.0
1106.8008402136231	0.48311999999987165	epochs	0.0
1107.6110000610352	0.08303999999998268	epochs	0.0
1107.6110000610352	0.036520999999993364	epochs	1.0
1107.6475210610351	0.009997999999995955	epochs	1.0
1107.6575190610351	0.036520999999993364	epochs	1.0
1107.6940400610351	2.0	epochs	0.0
1109.6940400610351	0.5162399999999252	epochs	0.0
1109.6940400610351	0.5162399999999252	epochs	1.0
1109.6940565610353	0.5	epochs	-1.0
1110.1940565610353	0.01622349999979633	epochs	-1.0
1110.210280061035	21.48368000000005	epochs	0.0
1111.4749999046326	0.08303999999998268	epochs	0.0
1111.4749999046326	0.036520999999993364	epochs	1.0
1111.5115209046326	0.009997999999995955	epochs	1.0
1111.5215189046326	0.036520999999993364	epochs	1.0
1111.5580399046326	2.0	epochs	0.0
1113.5580399046326	0.5170399999999518	epochs	0.0
1113.5580399046326	0.5170399999999518	epochs	1.0
1113.5580564046327	0.5	epochs	-1.0
1114.0580564046327	0.01702349999982289	epochs	-1.0
1114.0750799046325	21.482880000000023	epochs	0.0
1115.3410000801086	0.08303999999998268	epochs	0.0
1115.3410000801086	0.036520999999993364	epochs	1.0
1115.3775210801086	0.009997999999995955	epochs	1.0
1115.3875190801086	0.036520999999993364	epochs	1.0
1115.4240400801086	2.0	epochs	0.0
1117.4240400801086	5.357199999999921	epochs	0.0
1117.4240400801086	1.0	epochs	1.0
1117.4240565801088	0.5	epochs	-1.0
1117.9240565801088	4.857183499999792	epochs	-1.0
1118.4240400801086	4.357199999999921	epochs	1.0
1118.4240400801086	4.356753900000058	epochs	-1.0
1118.4240400801086	1.9745872000000873	epochs	2.0
1118.4240400801086	1.0985622000000603	epochs	3.0
1119.5226022801087	0.8760250000000269	epochs	3.0
1120.3986272801087	1.3524075000000266	epochs	2.0
1120.3986272801087	0.7286354999998821	epochs	3.0
1121.1272627801086	0.6237720000001445	epochs	3.0
1121.7510347801087	1.029759199999944	epochs	2.0
1121.7510347801087	0.5453292999998212	epochs	3.0
1122.2963640801086	0.48442990000012287	epochs	3.0
1122.7807939801087	0.00044609999986278126	epochs	2.0
1122.7807939801087	0.00044609999986278126	epochs	3.0
1122.7812400801085	16.642720000000054	epochs	0.0
1123.7080001831055	0.08303999999998268	epochs	0.0
1123.7080001831055	0.036520999999993364	epochs	1.0
1123.7445211831055	0.009997999999995955	epochs	1.0
1123.7545191831055	0.036520999999993364	epochs	1.0
1123.7910401831055	2.0	epochs	0.0
1125.7910401831055	5.4163200000000415	epochs	0.0
1125.7910401831055	1.0	epochs	1.0
1125.7910566831056	0.5	epochs	-1.0
1126.2910566831056	4.916303499999913	epochs	-1.0
1126.7910401831055	4.4163200000000415	epochs	1.0
1126.7910401831055	4.356753900000058	epochs	-1.0
1126.7910401831055	1.9745872000000873	epochs	2.0
1126.7910401831055	1.0985622000000603	epochs	3.0
1127.8896023831055	0.8760250000000269	epochs	3.0
1128.7656273831055	1.3524075000000266	epochs	2.0
1128.7656273831055	0.7286354999998821	epochs	3.0
1129.4942628831054	0.6237720000001445	epochs	3.0
1130.1180348831056	1.029759199999944	epochs	2.0
1130.1180348831056	0.5453292999998212	epochs	3.0
1130.6633641831054	0.48442990000012287	epochs	3.0
1131.1477940831055	0.059566099999983635	epochs	2.0
1131.1477940831055	0.059566099999983635	epochs	3.0
1131.2073601831055	16.583599999999933	epochs	0.0
1132.151999950409	0.08303999999998268	epochs	0.0
1132.151999950409	0.036520999999993364	epochs	1.0
1132.188520950409	0.009997999999995955	epochs	1.0
1132.198518950409	0.036520999999993364	epochs	1.0
1132.235039950409	2.0	epochs	0.0
1134.235039950409	21.536319999999932	epochs	0.0
1134.235039950409	1.0	epochs	1.0
1134.235056450409	0.5	epochs	-1.0
1134.735056450409	19.998399999999947	epochs	-1.0
1135.235039950409	20.0	epochs	1.0
1135.235039950409	4.356753900000058	epochs	-1.0
1135.235039950409	1.9745872000000873	epochs	2.0
1135.235039950409	1.0985622000000603	epochs	3.0
1136.333602150409	0.8760250000000269	epochs	3.0
1137.209627150409	1.3524075000000266	epochs	2.0
1137.209627150409	0.7286354999998821	epochs	3.0
1137.938262650409	0.6237720000001445	epochs	3.0
1138.562034650409	1.029759199999944	epochs	2.0
1138.562034650409	0.5453292999998212	epochs	3.0
1139.1073639504089	0.48442990000012287	epochs	3.0
1139.591793850409	0.8317861999998968	epochs	2.0
1139.591793850409	0.4357763000000432	epochs	3.0
1140.027570150409	0.3960098999998536	epochs	3.0
1140.4235800504089	0.6977970000000369	epochs	2.0
1140.4235800504089	0.3628982000000178	epochs	3.0
1140.786478250409	0.33489880000001904	epochs	3.0
1141.121377050409	0.601045699999986	epochs	2.0
1141.121377050409	0.3109122999999272	epochs	3.0
1141.4322893504088	0.2901334000000588	epochs	3.0
1141.722422750409	0.5278859000000011	epochs	2.0
1141.722422750409	0.2719586000000618	epochs	3.0
1141.994381350409	0.25592729999993935	epochs	3.0
1142.250308650409	0.470619299999953	epochs	2.0
1142.250308650409	0.241681299999982	epochs	3.0
1142.4919899504089	0.228937999999971	epochs	3.0
1142.7209279504088	0.42457039999999324	epochs	2.0
1142.7209279504088	0.21747140000002219	epochs	3.0
1142.9383993504089	0.20709899999997106	epochs	3.0
1143.1454983504088	0.3867354000001342	epochs	2.0
1143.1454983504088	0.19767109999997956	epochs	3.0
1143.3431694504088	0.18906430000015462	epochs	3.0
1143.532233750409	0.35509529999990264	epochs	2.0
1143.532233750409	0.18117589999997108	epochs	3.0
1143.713409650409	0.17391939999993156	epochs	3.0
1143.8873290504089	0.3282431000000088	epochs	2.0
1143.8873290504089	0.16722189999995862	epochs	3.0
1144.0545509504088	0.16102120000005016	epochs	3.0
1144.215572150409	0.30516800000009425	epochs	2.0
1144.215572150409	0.15526390000013635	epochs	3.0
1144.370836050409	0.1499040999999579	epochs	3.0
1144.520740150409	0.28512529999989056	epochs	2.0
1144.520740150409	0.14490209999985382	epochs	3.0
1144.6656422504088	0.14022320000003674	epochs	3.0
1144.8058654504089	0.267553800000087	epochs	2.0
1144.8058654504089	0.1358368999999584	epochs	3.0
1144.9417023504088	0.1317169000001286	epochs	3.0
1145.073419250409	0.252022899999929	epochs	2.0
1145.073419250409	0.1278393000000051	epochs	3.0
1145.201258550409	0.1241835999999239	epochs	3.0
1145.325442150409	0.23819649999995818	epochs	2.0
1145.325442150409	0.12073110000005727	epochs	3.0
1145.446173250409	0.11746539999990091	epochs	3.0
1145.5636386504088	0.2258088000000953	epochs	2.0
1145.5636386504088	0.11437190000015107	epochs	3.0
1145.678010550409	0.11143689999994422	epochs	3.0
1145.789447450409	0.21464599999990241	epochs	2.0
1145.789447450409	0.10864889999993466	epochs	3.0
1145.8980963504089	0.10599709999996776	epochs	3.0
1146.0040934504088	0.20453500000007807	epochs	2.0
1146.0040934504088	0.10347150000006877	epochs	3.0
1146.107564950409	0.1010635000000093	epochs	3.0
1146.208628450409	0.19533400000000256	epochs	2.0
1146.208628450409	0.09876510000003691	epochs	3.0
1146.307393550409	0.09656889999996565	epochs	3.0
1146.403962450409	0.18692529999998442	epochs	2.0
1146.403962450409	0.09446830000001682	epochs	3.0
1146.498430750409	0.09245699999996759	epochs	3.0
1146.590887750409	0.1792107000001124	epochs	2.0
1146.590887750409	0.0905296000000817	epochs	3.0
1146.681417350409	0.08868110000003071	epochs	3.0
1146.770098450409	0.17210769999996955	epochs	2.0
1146.770098450409	0.08690630000000965	epochs	3.0
1146.857004750409	0.0852013999999599	epochs	3.0
1146.942206150409	0.16554640000003928	epochs	2.0
1146.942206150409	0.08356189999994967	epochs	3.0
1147.025768050409	0.08198450000008961	epochs	3.0
1147.107752550409	0.15946709999980158	epochs	2.0
1147.107752550409	0.08046539999986635	epochs	3.0
1147.188217950409	0.07900169999993523	epochs	3.0
1147.2672196504088	0.15381840000009106	epochs	2.0
1147.2672196504088	0.07759010000017952	epochs	3.0
1147.344809750409	0.07622829999991154	epochs	3.0
1147.421038050409	0.14855639999996129	epochs	2.0
1147.421038050409	0.07491329999993468	epochs	3.0
1147.4959513504089	0.0736431000000266	epochs	3.0
1147.5695944504089	0.14364240000008976	epochs	2.0
1147.5695944504089	0.07241500000009182	epochs	3.0
1147.642009450409	0.07122739999999794	epochs	3.0
1147.713236850409	0.13904309999998077	epochs	2.0
1147.713236850409	0.07007799999996678	epochs	3.0
1147.783314850409	0.06896510000001399	epochs	3.0
1147.852279950409	0.13472929999988992	epochs	2.0
1147.852279950409	0.0678871000000072	epochs	3.0
1147.920167050409	0.06684219999988272	epochs	3.0
1147.9870092504088	0.1306752000000415	epochs	2.0
1147.9870092504088	0.06582910000020092	epochs	3.0
1148.052838350409	0.06484609999984059	epochs	3.0
1148.117684450409	0.12685780000015257	epochs	2.0
1148.117684450409	0.06389200000012352	epochs	3.0
1148.181576450409	0.06296580000002905	epochs	3.0
1148.244542250409	0.12325719999989815	epochs	2.0
1148.244542250409	0.06206579999980022	epochs	3.0
1148.3066080504088	0.06119140000009793	epochs	3.0
1148.367799450409	0.11985540000000583	epochs	2.0
1148.367799450409	0.060341099999959624	epochs	3.0
1148.428140550409	0.059514300000046205	epochs	3.0
1148.487654850409	0.1166361999999026	epochs	2.0
1148.487654850409	0.058709599999929196	epochs	3.0
1148.5463644504089	0.057926599999973405	epochs	3.0
1148.6042910504088	0.11358560000007856	epochs	2.0
1148.6042910504088	0.05716419999998834	epochs	3.0
1148.6614552504088	0.056421400000090216	epochs	3.0
1148.717876650409	0.11069049999991876	epochs	2.0
1148.717876650409	0.055697900000041045	epochs	3.0
1148.773574550409	0.05499259999987771	epochs	3.0
1148.8285671504088	0.1079391000000669	epochs	2.0
1148.8285671504088	0.05430490000003374	epochs	3.0
1148.8828720504089	0.05363420000003316	epochs	3.0
1148.936506250409	0.10532149999994544	epochs	2.0
1148.936506250409	0.05297999999993408	epochs	3.0
1148.9894862504088	0.052341500000011365	epochs	3.0
1149.0418277504089	0.10282760000018243	epochs	2.0
1149.0418277504089	0.05171810000001642	epochs	3.0
1149.0935458504089	0.05110950000016601	epochs	3.0
1149.144655350409	0.10044909999987794	epochs	2.0
1149.144655350409	0.0505148999998255	epochs	3.0
1149.1951702504089	0.04993420000005244	epochs	3.0
1149.245104450409	0.0981782999999723	epochs	2.0
1149.245104450409	0.04936659999998483	epochs	3.0
1149.294471050409	0.04881169999998747	epochs	3.0
1149.343282750409	0.09600780000005216	epochs	2.0
1149.343282750409	0.04826920000004975	epochs	3.0
1149.391551950409	0.04773860000000241	epochs	3.0
1149.439290550409	0.09393120000004274	epochs	2.0
1149.439290550409	0.04721949999998287	epochs	3.0
1149.486510050409	0.046711700000059864	epochs	3.0
1149.533221750409	0.09194260000003851	epochs	2.0
1149.533221750409	0.046214599999984785	epochs	3.0
1149.579436350409	0.045728000000053726	epochs	3.0
1149.625164350409	0.09003629999983787	epochs	2.0
1149.625164350409	0.045251499999949374	epochs	3.0
1149.670415850409	0.04478479999988849	epochs	3.0
1149.7152006504089	0.08820760000003247	epochs	2.0
1149.7152006504089	0.044327800000019124	epochs	3.0
1149.7595284504089	0.04387980000001335	epochs	3.0
1149.803408250409	0.0864516999999978	epochs	2.0
1149.803408250409	0.04344100000002982	epochs	3.0
1149.846849250409	0.04301069999996798	epochs	3.0
1149.889859950409	0.08476429999996071	epochs	2.0
1149.889859950409	0.04258900000013455	epochs	3.0
1149.932448950409	0.042175299999826166	epochs	3.0
1149.9746242504089	0.08314150000001064	epochs	2.0
1149.9746242504089	0.04176970000003166	epochs	3.0
1150.0163939504089	0.041371799999978975	epochs	3.0
1150.0577657504089	0.08157970000002024	epochs	2.0
1150.0577657504089	0.040981399999964196	epochs	3.0
1150.0987471504088	0.04059830000005604	epochs	3.0
1150.1393454504089	0.08007550000002084	epochs	2.0
1150.1393454504089	0.040222300000095856	epochs	3.0
1150.179567750409	0.03985319999992498	epochs	3.0
1150.219420950409	0.07862569999997504	epochs	2.0
1150.219420950409	0.039490800000066884	epochs	3.0
1150.258911750409	0.03913489999990816	epochs	3.0
1150.2980466504089	0.07722760000001472	epochs	2.0
1150.2980466504089	0.038785400000051595	epochs	3.0
1150.336832050409	0.03844219999996312	epochs	3.0
1150.375274250409	0.07587820000003376	epochs	2.0
1150.375274250409	0.03810479999992822	epochs	3.0
1150.4133790504088	0.03777340000010554	epochs	3.0
1150.451152450409	0.0745752000000266	epochs	2.0
1150.451152450409	0.03744770000002973	epochs	3.0
1150.488600150409	0.03712749999999687	epochs	3.0
1150.525727650409	0.07331629999998768	epochs	2.0
1150.525727650409	0.0368129000000863	epochs	3.0
1150.562540550409	0.036503399999901376	epochs	3.0
1150.599043950409	0.07209899999998015	epochs	2.0
1150.599043950409	0.03619909999997617	epochs	3.0
1150.635243050409	0.03589990000000398	epochs	3.0
1150.671142950409	0.07092170000009901	epochs	2.0
1150.671142950409	0.03560560000005353	epochs	3.0
1150.706748550409	0.03531610000004548	epochs	3.0
1150.742064650409	0.06978199999980461	epochs	2.0
1150.742064650409	0.03503119999982118	epochs	3.0
1150.7770958504088	0.03475079999998343	epochs	3.0
1150.8118466504088	0.06867860000011206	epochs	2.0
1150.8118466504088	0.03447510000000875	epochs	3.0
1150.8463217504088	0.034203500000103304	epochs	3.0
1150.880525250409	0.06760929999995824	epochs	2.0
1150.880525250409	0.033936199999970995	epochs	3.0
1150.914461450409	0.033673099999987244	epochs	3.0
1150.948134550409	0.06657289999998284	epochs	2.0
1150.948134550409	0.03341399999999339	epochs	3.0
1150.981548550409	0.033158899999989444	epochs	3.0
1151.0147074504089	0.06556780000005347	epochs	2.0
1151.0147074504089	0.03290770000012344	epochs	3.0
1151.047615150409	0.032660099999930026	epochs	3.0
1151.080275250409	0.06459259999996902	epochs	2.0
1151.080275250409	0.03241640000010193	epochs	3.0
1151.112691650409	0.032176199999867094	epochs	3.0
1151.144867850409	0.06364600000006249	epochs	2.0
1151.144867850409	0.03193959999998697	epochs	3.0
1151.176807450409	0.03170640000007552	epochs	3.0
1151.208513850409	0.0627266999999847	epochs	2.0
1151.208513850409	0.031476599999905375	epochs	3.0
1151.2399904504089	0.03125010000007933	epochs	3.0
1151.271240550409	0.06183359999999993	epochs	2.0
1151.271240550409	0.03102689999991526	epochs	3.0
1151.3022674504089	0.030806700000084675	epochs	3.0
1151.333074150409	0.060965599999917686	epochs	2.0
1151.333074150409	0.030589799999916067	epochs	3.0
1151.3636639504089	0.030375800000001618	epochs	3.0
1151.3940397504089	0.06012160000000222	epochs	2.0
1151.3940397504089	0.030164900000045236	epochs	3.0
1151.424204650409	0.02995669999995698	epochs	3.0
1151.4541613504089	0.05930069999999432	epochs	2.0
1151.4541613504089	0.029751600000054168	epochs	3.0
1151.483912950409	0.029549099999940154	epochs	3.0
1151.5134620504089	0.058501800000158255	epochs	2.0
1151.5134620504089	0.02934940000000097	epochs	3.0
1151.5428114504089	0.029152400000157286	epochs	3.0
1151.571963850409	0.05772419999993872	epochs	2.0
1151.571963850409	0.028957999999875028	epochs	3.0
1151.600921850409	0.02876620000006369	epochs	3.0
1151.629688050409	0.05696710000006533	epochs	2.0
1151.629688050409	0.028577000000041153	epochs	3.0
1151.658265050409	0.028390100000024177	epochs	3.0
1151.686655150409	0.05622949999997218	epochs	2.0
1151.686655150409	0.028205699999944045	epochs	3.0
1151.714860850409	0.028023800000028132	epochs	3.0
1151.742884650409	0.05551070000001346	epochs	2.0
1151.742884650409	0.027843999999959124	epochs	3.0
1151.770728650409	0.027666700000054334	epochs	3.0
1151.798395350409	0.054810200000019904	epochs	2.0
1151.798395350409	0.02749149999999645	epochs	3.0
1151.825886850409	0.027318700000023455	epochs	3.0
1151.853205550409	0.054126999999880354	epochs	2.0
1151.853205550409	0.027147799999966082	epochs	3.0
1151.880353350409	0.026979199999914272	epochs	3.0
1151.907332550409	0.053460699999959616	epochs	2.0
1151.907332550409	0.026812600000084785	epochs	3.0
1151.934145150409	0.02664809999987483	epochs	3.0
1151.9607932504089	0.05281070000000909	epochs	2.0
1151.9607932504089	0.026485600000114573	epochs	3.0
1151.987278850409	0.02632509999989452	epochs	3.0
1152.0136039504089	0.05217620000007628	epochs	2.0
1152.0136039504089	0.026166399999965506	epochs	3.0
1152.0397703504088	0.026009800000110772	epochs	3.0
1152.065780150409	0.051556699999991906	epochs	2.0
1152.065780150409	0.025854799999933675	epochs	3.0
1152.091634950409	0.02570190000005823	epochs	3.0
1152.117336850409	0.05095189999997274	epochs	2.0
1152.117336850409	0.025550699999939752	epochs	3.0
1152.142887550409	0.025401200000032986	epochs	3.0
1152.168288750409	0.05036100000006627	epochs	2.0
1152.168288750409	0.025253499999962514	epochs	3.0
1152.1935422504089	0.025107500000103755	epochs	3.0
1152.218649750409	0.04978379999988647	epochs	2.0
1152.218649750409	0.02496320000000196	epochs	3.0
1152.243612950409	0.024820599999884507	epochs	3.0
1152.2684335504089	0.04921950000016295	epochs	2.0
1152.2684335504089	0.024679399999968155	epochs	3.0
1152.2931129504088	0.024540100000194798	epochs	3.0
1152.317653050409	0.04866789999982757	epochs	2.0
1152.317653050409	0.024402099999861093	epochs	3.0
1152.342055150409	0.024265799999966475	epochs	3.0
1152.3663209504089	0.04812860000015462	epochs	2.0
1152.3663209504089	0.024131000000124914	epochs	3.0
1152.390451950409	0.023997600000029706	epochs	3.0
1152.414449550409	0.04760109999983797	epochs	2.0
1152.414449550409	0.02386579999983951	epochs	3.0
1152.4383153504089	0.02373529999999846	epochs	3.0
1152.4620506504089	0.04708500000015192	epochs	2.0
1152.4620506504089	0.023606299999983094	epochs	3.0
1152.4856569504088	0.02347870000016883	epochs	3.0
1152.509135650409	0.046579999999948996	epochs	2.0
1152.509135650409	0.023352499999873544	epochs	3.0
1152.5324881504089	0.02322750000007545	epochs	3.0
1152.555715650409	0.046085700000048746	epochs	2.0
1152.555715650409	0.02310399999987567	epochs	3.0
1152.5788196504088	0.022981700000173078	epochs	3.0
1152.601801350409	0.045601799999985815	epochs	2.0
1152.601801350409	0.02286069999991014	epochs	3.0
1152.624662050409	0.022741100000075676	epochs	3.0
1152.647403150409	0.045127899999897636	epochs	2.0
1152.647403150409	0.022622499999897627	epochs	3.0
1152.670025650409	0.02250540000000001	epochs	3.0
1152.692531050409	0.0446638000000803	epochs	2.0
1152.692531050409	0.02238929999998618	epochs	3.0
1152.7149203504089	0.022274500000094122	epochs	3.0
1152.737194850409	0.04420920000006845	epochs	2.0
1152.737194850409	0.022160799999937808	epochs	3.0
1152.759355650409	0.02204840000013064	epochs	3.0
1152.781404050409	0.04376359999992019	epochs	2.0
1152.781404050409	0.02193689999990056	epochs	3.0
1152.803340950409	0.021826700000019628	epochs	3.0
1152.825167650409	0.04332709999994222	epochs	2.0
1152.825167650409	0.021717599999874437	epochs	3.0
1152.8468852504088	0.021609500000067783	epochs	3.0
1152.868494750409	0.04289900000003399	epochs	2.0
1152.868494750409	0.02150249999999687	epochs	3.0
1152.889997250409	0.021396500000037122	epochs	3.0
1152.911393750409	0.04247949999989942	epochs	2.0
1152.911393750409	0.021291699999892444	epochs	3.0
1152.9326854504088	0.021187800000006973	epochs	3.0
1152.9538732504088	0.04206790000012006	epochs	2.0
1152.9538732504088	0.02108490000000529	epochs	3.0
1152.9749581504088	0.02098300000011477	epochs	3.0
1152.995941150409	0.04166439999994509	epochs	2.0
1152.995941150409	0.020882199999959994	epochs	3.0
1153.016823350409	0.020782199999985096	epochs	3.0
1153.037605550409	0.04126850000011473	epochs	2.0
1153.037605550409	0.020683299999973315	epochs	3.0
1153.0582888504089	0.020585200000141413	epochs	3.0
1153.078874050409	0.04088000000001557	epochs	2.0
1153.078874050409	0.020488099999965925	epochs	3.0
1153.099362150409	0.020391900000049645	epochs	3.0
1153.119754050409	0.040498799999795665	epochs	2.0
1153.119754050409	0.020296599999937825	epochs	3.0
1153.140050650409	0.02020219999985784	epochs	3.0
1153.1602528504088	0.04012460000012652	epochs	2.0
1153.1602528504088	0.02010870000003706	epochs	3.0
1153.1803615504089	0.02001590000008946	epochs	3.0
1153.200377450409	0.03975730000001931	epochs	2.0
1153.200377450409	0.0199241999998776	epochs	3.0
1153.2203016504088	0.019833100000141712	epochs	3.0
1153.240134750409	0.03939669999999751	epochs	2.0
1153.240134750409	0.01974300000006224	epochs	3.0
1153.259877750409	0.01965369999993527	epochs	3.0
1153.279531450409	0.03904239999997117	epochs	2.0
1153.279531450409	0.019565099999908853	epochs	3.0
1153.2990965504089	0.019477300000062314	epochs	3.0
1153.318573850409	0.038694600000098944	epochs	2.0
1153.318573850409	0.019390400000020236	epochs	3.0
1153.337964250409	0.01930420000007871	epochs	3.0
1153.357268450409	0.038352899999836154	epochs	2.0
1153.357268450409	0.019218799999862313	epochs	3.0
1153.376487250409	0.01913409999997384	epochs	3.0
1153.3956213504089	0.03801720000001296	epochs	2.0
1153.3956213504089	0.019050200000037876	epochs	3.0
1153.414671550409	0.018966999999975087	epochs	3.0
1153.433638550409	0.03768720000016401	epochs	2.0
1153.433638550409	0.01888450000001285	epochs	3.0
1153.452523050409	0.018802700000151162	epochs	3.0
1153.471325750409	0.03736309999999321	epochs	2.0
1153.471325750409	0.018721699999787234	epochs	3.0
1153.4900474504088	0.018641400000205977	epochs	3.0
1153.508688850409	0.03704429999993408	epochs	2.0
1153.508688850409	0.018561599999884493	epochs	3.0
1153.527250450409	0.01848270000004959	epochs	3.0
1153.545733150409	0.03673099999991791	epochs	2.0
1153.545733150409	0.018404299999929208	epochs	3.0
1153.564137450409	0.018326699999988705	epochs	3.0
1153.582464150409	0.03642289999993409	epochs	2.0
1153.582464150409	0.018249599999990096	epochs	3.0
1153.6007137504089	0.018173299999943993	epochs	3.0
1153.6188870504088	0.03612010000006194	epochs	2.0
1153.6188870504088	0.018097600000146485	epochs	3.0
1153.636984650409	0.018022499999915453	epochs	3.0
1153.655007150409	0.035822100000132195	epochs	2.0
1153.655007150409	0.017947900000081063	epochs	3.0
1153.672955050409	0.017874200000051133	epochs	3.0
1153.690829250409	0.03552899999999681	epochs	2.0
1153.690829250409	0.01780079999980444	epochs	3.0
1153.7086300504088	0.017728200000192373	epochs	3.0
1153.726358250409	0.03524069999980384	epochs	2.0
1153.726358250409	0.01765609999984008	epochs	3.0
1153.7440143504089	0.017584599999963757	epochs	3.0
1153.7615989504088	0.03495710000015606	epochs	2.0
1153.7615989504088	0.017513700000108656	epochs	3.0
1153.779112650409	0.017443400000047404	epochs	3.0
1153.796556050409	0.034677899999906	epochs	2.0
1153.796556050409	0.017373599999928047	epochs	3.0
1153.813929650409	0.017304299999977957	epochs	3.0
1153.831233950409	0.03440330000012182	epochs	2.0
1153.831233950409	0.017235700000128418	epochs	3.0
1153.848469650409	0.0171675999999934	epochs	3.0
1153.865637250409	0.03413279999995211	epochs	2.0
1153.865637250409	0.01709989999994832	epochs	3.0
1153.882737150409	0.017032900000003792	epochs	3.0
1153.899770050409	0.03386669999986225	epochs	2.0
1153.899770050409	0.01696640000000116	epochs	3.0
1153.916736450409	0.01690029999986109	epochs	3.0
1153.9336367504088	0.03360460000021703	epochs	2.0
1153.9336367504088	0.016834800000196992	epochs	3.0
1153.950471550409	0.01676980000002004	epochs	3.0
1153.967241350409	0.033346599999958926	epochs	2.0
1153.967241350409	0.016705299999784984	epochs	3.0
1153.9839466504088	0.016641300000173942	epochs	3.0
1154.000587950409	0.033092499999838765	epochs	2.0
1154.000587950409	0.016577799999822673	epochs	3.0
1154.0171657504088	0.01651470000001609	epochs	3.0
1154.0336804504088	0.032842300000083924	epochs	2.0
1154.0336804504088	0.01645220000000336	epochs	3.0
1154.0501326504088	0.016390100000080565	epochs	3.0
1154.066522750409	0.03259570000000167	epochs	2.0
1154.066522750409	0.016328400000020338	epochs	3.0
1154.082851150409	0.016267299999981333	epochs	3.0
1154.099118450409	0.032352899999978035	epochs	2.0
1154.099118450409	0.016206600000032267	epochs	3.0
1154.115325050409	0.016146299999945768	epochs	3.0
1154.131471350409	0.032113700000081735	epochs	2.0
1154.131471350409	0.016086600000107865	epochs	3.0
1154.147557950409	0.01602709999997387	epochs	3.0
1154.163585050409	0.03187800000000607	epochs	2.0
1154.163585050409	0.0159681999998611	epochs	3.0
1154.1795532504088	0.01590980000014497	epochs	3.0
1154.195463050409	0.03164569999989908	epochs	2.0
1154.195463050409	0.015851599999905375	epochs	3.0
1154.211314650409	0.015794099999993705	epochs	3.0
1154.227108750409	0.03141670000013619	epochs	2.0
1154.227108750409	0.01573669999993399	epochs	3.0
1154.2428454504088	0.0156800000002022	epochs	3.0
1154.258525450409	0.03119109999988723	epochs	2.0
1154.258525450409	0.015623600000026272	epochs	3.0
1154.274149050409	0.015567499999860956	epochs	3.0
1154.289716550409	0.03096870000013041	epochs	2.0
1154.289716550409	0.015511999999944237	epochs	3.0
1154.3052285504089	0.015456700000186174	epochs	3.0
1154.320685250409	0.030749499999956242	epochs	2.0
1154.320685250409	0.015401999999994587	epochs	3.0
1154.336087250409	0.015347499999961656	epochs	3.0
1154.351434750409	0.03053320000003623	epochs	2.0
1154.351434750409	0.015293400000018664	epochs	3.0
1154.366728150409	0.015239800000017567	epochs	3.0
1154.381967950409	0.030320099999926242	epochs	2.0
1154.381967950409	0.015186499999799707	epochs	3.0
1154.3971544504088	0.015133600000126535	epochs	3.0
1154.412288050409	0.03010990000007041	epochs	2.0
1154.412288050409	0.015081000000009226	epochs	3.0
1154.427369050409	0.015028900000061185	epochs	3.0
1154.442397950409	0.029902499999934662	epochs	2.0
1154.442397950409	0.014976999999817053	epochs	3.0
1154.4573749504088	0.014925500000117609	epochs	3.0
1154.472300450409	0.029698099999905025	epochs	2.0
1154.472300450409	0.014874400000053356	epochs	3.0
1154.487174850409	0.01482369999985167	epochs	3.0
1154.5019985504089	0.029496300000118936	epochs	2.0
1154.5019985504089	0.014773200000036013	epochs	3.0
1154.516771750409	0.014723100000082923	epochs	3.0
1154.531494850409	0.029297399999904883	epochs	2.0
1154.531494850409	0.014673399999992398	epochs	3.0
1154.546168250409	0.014623999999912485	epochs	3.0
1154.560792250409	0.029101099999934377	epochs	2.0
1154.560792250409	0.014574900000070556	epochs	3.0
1154.575367150409	0.01452619999986382	epochs	3.0
1154.5898933504088	0.028907400000207417	epochs	2.0
1154.5898933504088	0.014477700000043114	epochs	3.0
1154.6043710504089	0.014429700000164303	epochs	3.0
1154.618800750409	0.028716199999962555	epochs	2.0
1154.618800750409	0.014381799999910072	epochs	3.0
1154.633182550409	0.014334400000052483	epochs	3.0
1154.647516950409	0.02852759999996124	epochs	2.0
1154.647516950409	0.014287199999898803	epochs	3.0
1154.661804150409	0.014240400000062436	epochs	3.0
1154.676044550409	0.028341400000044814	epochs	2.0
1154.676044550409	0.014193799999929979	epochs	3.0
1154.690238350409	0.014147600000114835	epochs	3.0
1154.704385950409	0.02815769999983786	epochs	2.0
1154.704385950409	0.014101699999855555	epochs	3.0
1154.7184876504089	0.014055999999982305	epochs	3.0
1154.7325436504088	0.027976300000091214	epochs	2.0
1154.7325436504088	0.014010600000119666	epochs	3.0
1154.746554250409	0.013965699999971548	epochs	3.0
1154.760519950409	0.027797199999895383	epochs	2.0
1154.760519950409	0.013920800000050804	epochs	3.0
1154.774440750409	0.01387639999984458	epochs	3.0
1154.7883171504088	0.02762040000015986	epochs	2.0
1154.7883171504088	0.013832200000024386	epochs	3.0
1154.8021493504089	0.013788200000135475	epochs	3.0
1154.815937550409	0.027445899999975154	epochs	2.0
1154.815937550409	0.013744599999881757	epochs	3.0
1154.8296821504089	0.013701300000093397	epochs	3.0
1154.843383450409	0.027273499999864725	epochs	2.0
1154.843383450409	0.013658200000008947	epochs	3.0
1154.857041650409	0.013615299999855779	epochs	3.0
1154.8706569504088	0.027103400000214606	epochs	2.0
1154.8706569504088	0.013572800000019924	epochs	3.0
1154.8842297504088	0.013530600000194681	epochs	3.0
1154.897760350409	0.026935199999797987	epochs	2.0
1154.897760350409	0.01348839999991469	epochs	3.0
1154.911248750409	0.013446799999883297	epochs	3.0
1154.9246955504088	0.026769199999989723	epochs	2.0
1154.9246955504088	0.013405200000079276	epochs	3.0
1154.938100750409	0.013363999999910448	epochs	3.0
1154.9514647504088	0.02660520000017641	epochs	2.0
1154.9514647504088	0.013322900000048321	epochs	3.0
1154.9647876504089	0.013282300000128089	epochs	3.0
1154.978069950409	0.0264431999999033	epochs	2.0
1154.978069950409	0.013241699999980483	epochs	3.0
1154.991311650409	0.013201499999922817	epochs	3.0
1155.004513150409	0.026283200000079887	epochs	2.0
1155.004513150409	0.013161500000023807	epochs	3.0
1155.017674650409	0.01312170000005608	epochs	3.0
1155.030796350409	0.026124999999865395	epochs	2.0
1155.030796350409	0.013082100000019636	epochs	3.0
1155.043878450409	0.013042899999845758	epochs	3.0
1155.0569213504089	0.02596890000017993	epochs	2.0
1155.0569213504089	0.01300390000005791	epochs	3.0
1155.069925250409	0.012965000000122018	epochs	3.0
1155.082890250409	0.02581449999979668	epochs	2.0
1155.082890250409	0.012926399999969362	epochs	3.0
1155.095816650409	0.012888099999827318	epochs	3.0
1155.1087047504088	0.02566190000015922	epochs	2.0
1155.1087047504088	0.012849899999991976	epochs	3.0
1155.1215546504088	0.012812000000167245	epochs	3.0
1155.134366650409	0.025511199999982637	epochs	2.0
1155.134366650409	0.012774399999898378	epochs	3.0
1155.147141050409	0.012736800000084258	epochs	3.0
1155.159877850409	0.02536229999986972	epochs	2.0
1155.159877850409	0.01269969999998466	epochs	3.0
1155.172577550409	0.01266259999988506	epochs	3.0
1155.1852401504088	0.02521500000011656	epochs	2.0
1155.1852401504088	0.012625800000023446	epochs	3.0
1155.1978659504089	0.012589200000093115	epochs	3.0
1155.210455150409	0.024584799999956886	epochs	2.0
1155.233456450409	0.5	epochs	-1.0
1155.235039950409	0.5363199999999324	epochs	1.0
1155.7713599504089	0.4636000000000422	epochs	0.0
1156.8179998397827	0.08303999999998268	epochs	0.0
1156.8179998397827	0.036520999999993364	epochs	1.0
1156.8545208397827	0.009997999999995955	epochs	1.0
1156.8645188397827	0.036520999999993364	epochs	1.0
1156.9010398397827	2.0	epochs	0.0
1158.9010398397827	21.516800000000103	epochs	0.0
1158.9010398397827	1.0	epochs	1.0
1158.9010563397828	0.5	epochs	-1.0
1159.4010563397828	19.998399999999947	epochs	-1.0
1159.9010398397827	20.0	epochs	1.0
1159.9010398397827	4.356753900000058	epochs	-1.0
1159.9010398397827	1.9745872000000873	epochs	2.0
1159.9010398397827	1.0985622000000603	epochs	3.0
1160.9996020397828	0.8760250000000269	epochs	3.0
1161.8756270397828	1.3524075000000266	epochs	2.0
1161.8756270397828	0.7286354999998821	epochs	3.0
1162.6042625397827	0.6237720000001445	epochs	3.0
1163.2280345397828	1.029759199999944	epochs	2.0
1163.2280345397828	0.5453292999998212	epochs	3.0
1163.7733638397826	0.48442990000012287	epochs	3.0
1164.2577937397828	0.8317861999998968	epochs	2.0
1164.2577937397828	0.4357763000000432	epochs	3.0
1164.6935700397828	0.3960098999998536	epochs	3.0
1165.0895799397827	0.6977970000000369	epochs	2.0
1165.0895799397827	0.3628982000000178	epochs	3.0
1165.4524781397827	0.33489880000001904	epochs	3.0
1165.7873769397827	0.601045699999986	epochs	2.0
1165.7873769397827	0.3109122999999272	epochs	3.0
1166.0982892397826	0.2901334000000588	epochs	3.0
1166.3884226397827	0.5278859000000011	epochs	2.0
1166.3884226397827	0.2719586000000618	epochs	3.0
1166.6603812397827	0.25592729999993935	epochs	3.0
1166.9163085397827	0.470619299999953	epochs	2.0
1166.9163085397827	0.241681299999982	epochs	3.0
1167.1579898397827	0.228937999999971	epochs	3.0
1167.3869278397826	0.42457039999999324	epochs	2.0
1167.3869278397826	0.21747140000002219	epochs	3.0
1167.6043992397827	0.20709899999997106	epochs	3.0
1167.8114982397826	0.3867354000001342	epochs	2.0
1167.8114982397826	0.19767109999997956	epochs	3.0
1168.0091693397826	0.18906430000015462	epochs	3.0
1168.1982336397828	0.35509529999990264	epochs	2.0
1168.1982336397828	0.18117589999997108	epochs	3.0
1168.3794095397827	0.17391939999993156	epochs	3.0
1168.5533289397827	0.3282431000000088	epochs	2.0
1168.5533289397827	0.16722189999995862	epochs	3.0
1168.7205508397826	0.16102120000005016	epochs	3.0
1168.8815720397827	0.30516800000009425	epochs	2.0
1168.8815720397827	0.15526390000013635	epochs	3.0
1169.0368359397828	0.1499040999999579	epochs	3.0
1169.1867400397828	0.28512529999989056	epochs	2.0
1169.1867400397828	0.14490209999985382	epochs	3.0
1169.3316421397826	0.14022320000003674	epochs	3.0
1169.4718653397827	0.267553800000087	epochs	2.0
1169.4718653397827	0.1358368999999584	epochs	3.0
1169.6077022397826	0.1317169000001286	epochs	3.0
1169.7394191397827	0.252022899999929	epochs	2.0
1169.7394191397827	0.1278393000000051	epochs	3.0
1169.8672584397827	0.1241835999999239	epochs	3.0
1169.9914420397827	0.23819649999995818	epochs	2.0
1169.9914420397827	0.12073110000005727	epochs	3.0
1170.1121731397827	0.11746539999990091	epochs	3.0
1170.2296385397826	0.2258088000000953	epochs	2.0
1170.2296385397826	0.11437190000015107	epochs	3.0
1170.3440104397828	0.11143689999994422	epochs	3.0
1170.4554473397827	0.21464599999990241	epochs	2.0
1170.4554473397827	0.10864889999993466	epochs	3.0
1170.5640962397827	0.10599709999996776	epochs	3.0
1170.6700933397826	0.20453500000007807	epochs	2.0
1170.6700933397826	0.10347150000006877	epochs	3.0
1170.7735648397827	0.1010635000000093	epochs	3.0
1170.8746283397827	0.19533400000000256	epochs	2.0
1170.8746283397827	0.09876510000003691	epochs	3.0
1170.9733934397827	0.09656889999996565	epochs	3.0
1171.0699623397827	0.18692529999998442	epochs	2.0
1171.0699623397827	0.09446830000001682	epochs	3.0
1171.1644306397827	0.09245699999996759	epochs	3.0
1171.2568876397827	0.1792107000001124	epochs	2.0
1171.2568876397827	0.0905296000000817	epochs	3.0
1171.3474172397828	0.08868110000003071	epochs	3.0
1171.4360983397828	0.17210769999996955	epochs	2.0
1171.4360983397828	0.08690630000000965	epochs	3.0
1171.5230046397828	0.0852013999999599	epochs	3.0
1171.6082060397828	0.16554640000003928	epochs	2.0
1171.6082060397828	0.08356189999994967	epochs	3.0
1171.6917679397827	0.08198450000008961	epochs	3.0
1171.7737524397828	0.15946709999980158	epochs	2.0
1171.7737524397828	0.08046539999986635	epochs	3.0
1171.8542178397827	0.07900169999993523	epochs	3.0
1171.9332195397826	0.15381840000009106	epochs	2.0
1171.9332195397826	0.07759010000017952	epochs	3.0
1172.0108096397828	0.07622829999991154	epochs	3.0
1172.0870379397827	0.14855639999996129	epochs	2.0
1172.0870379397827	0.07491329999993468	epochs	3.0
1172.1619512397826	0.0736431000000266	epochs	3.0
1172.2355943397827	0.14364240000008976	epochs	2.0
1172.2355943397827	0.07241500000009182	epochs	3.0
1172.3080093397828	0.07122739999999794	epochs	3.0
1172.3792367397828	0.13904309999998077	epochs	2.0
1172.3792367397828	0.07007799999996678	epochs	3.0
1172.4493147397827	0.06896510000001399	epochs	3.0
1172.5182798397827	0.13472929999988992	epochs	2.0
1172.5182798397827	0.0678871000000072	epochs	3.0
1172.5861669397827	0.06684219999988272	epochs	3.0
1172.6530091397826	0.1306752000000415	epochs	2.0
1172.6530091397826	0.06582910000020092	epochs	3.0
1172.7188382397828	0.06484609999984059	epochs	3.0
1172.7836843397827	0.12685780000015257	epochs	2.0
1172.7836843397827	0.06389200000012352	epochs	3.0
1172.8475763397828	0.06296580000002905	epochs	3.0
1172.9105421397828	0.12325719999989815	epochs	2.0
1172.9105421397828	0.06206579999980022	epochs	3.0
1172.9726079397826	0.06119140000009793	epochs	3.0
1173.0337993397827	0.11985540000000583	epochs	2.0
1173.0337993397827	0.060341099999959624	epochs	3.0
1173.0941404397827	0.059514300000046205	epochs	3.0
1173.1536547397827	0.1166361999999026	epochs	2.0
1173.1536547397827	0.058709599999929196	epochs	3.0
1173.2123643397827	0.057926599999973405	epochs	3.0
1173.2702909397826	0.11358560000007856	epochs	2.0
1173.2702909397826	0.05716419999998834	epochs	3.0
1173.3274551397826	0.056421400000090216	epochs	3.0
1173.3838765397827	0.11069049999991876	epochs	2.0
1173.3838765397827	0.055697900000041045	epochs	3.0
1173.4395744397827	0.05499259999987771	epochs	3.0
1173.4945670397826	0.1079391000000669	epochs	2.0
1173.4945670397826	0.05430490000003374	epochs	3.0
1173.5488719397827	0.05363420000003316	epochs	3.0
1173.6025061397827	0.10532149999994544	epochs	2.0
1173.6025061397827	0.05297999999993408	epochs	3.0
1173.6554861397826	0.052341500000011365	epochs	3.0
1173.7078276397826	0.10282760000018243	epochs	2.0
1173.7078276397826	0.05171810000001642	epochs	3.0
1173.7595457397827	0.05110950000016601	epochs	3.0
1173.8106552397828	0.10044909999987794	epochs	2.0
1173.8106552397828	0.0505148999998255	epochs	3.0
1173.8611701397826	0.04993420000005244	epochs	3.0
1173.9111043397827	0.0981782999999723	epochs	2.0
1173.9111043397827	0.04936659999998483	epochs	3.0
1173.9604709397827	0.04881169999998747	epochs	3.0
1174.0092826397827	0.09600780000005216	epochs	2.0
1174.0092826397827	0.04826920000004975	epochs	3.0
1174.0575518397827	0.04773860000000241	epochs	3.0
1174.1052904397827	0.09393120000004274	epochs	2.0
1174.1052904397827	0.04721949999998287	epochs	3.0
1174.1525099397827	0.046711700000059864	epochs	3.0
1174.1992216397828	0.09194260000003851	epochs	2.0
1174.1992216397828	0.046214599999984785	epochs	3.0
1174.2454362397827	0.045728000000053726	epochs	3.0
1174.2911642397828	0.09003629999983787	epochs	2.0
1174.2911642397828	0.045251499999949374	epochs	3.0
1174.3364157397828	0.04478479999988849	epochs	3.0
1174.3812005397826	0.08820760000003247	epochs	2.0
1174.3812005397826	0.044327800000019124	epochs	3.0
1174.4255283397827	0.04387980000001335	epochs	3.0
1174.4694081397827	0.0864516999999978	epochs	2.0
1174.4694081397827	0.04344100000002982	epochs	3.0
1174.5128491397827	0.04301069999996798	epochs	3.0
1174.5558598397827	0.08476429999996071	epochs	2.0
1174.5558598397827	0.04258900000013455	epochs	3.0
1174.5984488397828	0.042175299999826166	epochs	3.0
1174.6406241397826	0.08314150000001064	epochs	2.0
1174.6406241397826	0.04176970000003166	epochs	3.0
1174.6823938397827	0.041371799999978975	epochs	3.0
1174.7237656397826	0.08157970000002024	epochs	2.0
1174.7237656397826	0.040981399999964196	epochs	3.0
1174.7647470397826	0.04059830000005604	epochs	3.0
1174.8053453397827	0.08007550000002084	epochs	2.0
1174.8053453397827	0.040222300000095856	epochs	3.0
1174.8455676397828	0.03985319999992498	epochs	3.0
1174.8854208397827	0.07862569999997504	epochs	2.0
1174.8854208397827	0.039490800000066884	epochs	3.0
1174.9249116397827	0.03913489999990816	epochs	3.0
1174.9640465397827	0.07722760000001472	epochs	2.0
1174.9640465397827	0.038785400000051595	epochs	3.0
1175.0028319397827	0.03844219999996312	epochs	3.0
1175.0412741397827	0.07587820000003376	epochs	2.0
1175.0412741397827	0.03810479999992822	epochs	3.0
1175.0793789397826	0.03777340000010554	epochs	3.0
1175.1171523397827	0.0745752000000266	epochs	2.0
1175.1171523397827	0.03744770000002973	epochs	3.0
1175.1546000397827	0.03712749999999687	epochs	3.0
1175.1917275397827	0.07331629999998768	epochs	2.0
1175.1917275397827	0.0368129000000863	epochs	3.0
1175.2285404397828	0.036503399999901376	epochs	3.0
1175.2650438397827	0.07209899999998015	epochs	2.0
1175.2650438397827	0.03619909999997617	epochs	3.0
1175.3012429397827	0.03589990000000398	epochs	3.0
1175.3371428397827	0.07092170000009901	epochs	2.0
1175.3371428397827	0.03560560000005353	epochs	3.0
1175.3727484397828	0.03531610000004548	epochs	3.0
1175.4080645397828	0.06978199999980461	epochs	2.0
1175.4080645397828	0.03503119999982118	epochs	3.0
1175.4430957397826	0.03475079999998343	epochs	3.0
1175.4778465397826	0.06867860000011206	epochs	2.0
1175.4778465397826	0.03447510000000875	epochs	3.0
1175.5123216397826	0.034203500000103304	epochs	3.0
1175.5465251397827	0.06760929999995824	epochs	2.0
1175.5465251397827	0.033936199999970995	epochs	3.0
1175.5804613397827	0.033673099999987244	epochs	3.0
1175.6141344397827	0.06657289999998284	epochs	2.0
1175.6141344397827	0.03341399999999339	epochs	3.0
1175.6475484397827	0.033158899999989444	epochs	3.0
1175.6807073397827	0.06556780000005347	epochs	2.0
1175.6807073397827	0.03290770000012344	epochs	3.0
1175.7136150397828	0.032660099999930026	epochs	3.0
1175.7462751397827	0.06459259999996902	epochs	2.0
1175.7462751397827	0.03241640000010193	epochs	3.0
1175.7786915397828	0.032176199999867094	epochs	3.0
1175.8108677397827	0.06364600000006249	epochs	2.0
1175.8108677397827	0.03193959999998697	epochs	3.0
1175.8428073397827	0.03170640000007552	epochs	3.0
1175.8745137397827	0.0627266999999847	epochs	2.0
1175.8745137397827	0.031476599999905375	epochs	3.0
1175.9059903397826	0.03125010000007933	epochs	3.0
1175.9372404397827	0.06183359999999993	epochs	2.0
1175.9372404397827	0.03102689999991526	epochs	3.0
1175.9682673397826	0.030806700000084675	epochs	3.0
1175.9990740397827	0.060965599999917686	epochs	2.0
1175.9990740397827	0.030589799999916067	epochs	3.0
1176.0296638397826	0.030375800000001618	epochs	3.0
1176.0600396397826	0.06012160000000222	epochs	2.0
1176.0600396397826	0.030164900000045236	epochs	3.0
1176.0902045397827	0.02995669999995698	epochs	3.0
1176.1201612397826	0.05930069999999432	epochs	2.0
1176.1201612397826	0.029751600000054168	epochs	3.0
1176.1499128397827	0.029549099999940154	epochs	3.0
1176.1794619397826	0.058501800000158255	epochs	2.0
1176.1794619397826	0.02934940000000097	epochs	3.0
1176.2088113397826	0.029152400000157286	epochs	3.0
1176.2379637397828	0.05772419999993872	epochs	2.0
1176.2379637397828	0.028957999999875028	epochs	3.0
1176.2669217397827	0.02876620000006369	epochs	3.0
1176.2956879397827	0.05696710000006533	epochs	2.0
1176.2956879397827	0.028577000000041153	epochs	3.0
1176.3242649397828	0.028390100000024177	epochs	3.0
1176.3526550397828	0.05622949999997218	epochs	2.0
1176.3526550397828	0.028205699999944045	epochs	3.0
1176.3808607397827	0.028023800000028132	epochs	3.0
1176.4088845397828	0.05551070000001346	epochs	2.0
1176.4088845397828	0.027843999999959124	epochs	3.0
1176.4367285397827	0.027666700000054334	epochs	3.0
1176.4643952397828	0.054810200000019904	epochs	2.0
1176.4643952397828	0.02749149999999645	epochs	3.0
1176.4918867397828	0.027318700000023455	epochs	3.0
1176.5192054397828	0.054126999999880354	epochs	2.0
1176.5192054397828	0.027147799999966082	epochs	3.0
1176.5463532397828	0.026979199999914272	epochs	3.0
1176.5733324397827	0.053460699999959616	epochs	2.0
1176.5733324397827	0.026812600000084785	epochs	3.0
1176.6001450397828	0.02664809999987483	epochs	3.0
1176.6267931397826	0.05281070000000909	epochs	2.0
1176.6267931397826	0.026485600000114573	epochs	3.0
1176.6532787397828	0.02632509999989452	epochs	3.0
1176.6796038397827	0.05217620000007628	epochs	2.0
1176.6796038397827	0.026166399999965506	epochs	3.0
1176.7057702397826	0.026009800000110772	epochs	3.0
1176.7317800397827	0.051556699999991906	epochs	2.0
1176.7317800397827	0.025854799999933675	epochs	3.0
1176.7576348397827	0.02570190000005823	epochs	3.0
1176.7833367397827	0.05095189999997274	epochs	2.0
1176.7833367397827	0.025550699999939752	epochs	3.0
1176.8088874397827	0.025401200000032986	epochs	3.0
1176.8342886397827	0.05036100000006627	epochs	2.0
1176.8342886397827	0.025253499999962514	epochs	3.0
1176.8595421397827	0.025107500000103755	epochs	3.0
1176.8846496397828	0.04978379999988647	epochs	2.0
1176.8846496397828	0.02496320000000196	epochs	3.0
1176.9096128397828	0.024820599999884507	epochs	3.0
1176.9344334397827	0.04921950000016295	epochs	2.0
1176.9344334397827	0.024679399999968155	epochs	3.0
1176.9591128397826	0.024540100000194798	epochs	3.0
1176.9836529397828	0.04866789999982757	epochs	2.0
1176.9836529397828	0.024402099999861093	epochs	3.0
1177.0080550397827	0.024265799999966475	epochs	3.0
1177.0323208397826	0.04812860000015462	epochs	2.0
1177.0323208397826	0.024131000000124914	epochs	3.0
1177.0564518397828	0.023997600000029706	epochs	3.0
1177.0804494397828	0.04760109999983797	epochs	2.0
1177.0804494397828	0.02386579999983951	epochs	3.0
1177.1043152397826	0.02373529999999846	epochs	3.0
1177.1280505397826	0.04708500000015192	epochs	2.0
1177.1280505397826	0.023606299999983094	epochs	3.0
1177.1516568397826	0.02347870000016883	epochs	3.0
1177.1751355397828	0.046579999999948996	epochs	2.0
1177.1751355397828	0.023352499999873544	epochs	3.0
1177.1984880397827	0.02322750000007545	epochs	3.0
1177.2217155397827	0.046085700000048746	epochs	2.0
1177.2217155397827	0.02310399999987567	epochs	3.0
1177.2448195397826	0.022981700000173078	epochs	3.0
1177.2678012397828	0.045601799999985815	epochs	2.0
1177.2678012397828	0.02286069999991014	epochs	3.0
1177.2906619397827	0.022741100000075676	epochs	3.0
1177.3134030397828	0.045127899999897636	epochs	2.0
1177.3134030397828	0.022622499999897627	epochs	3.0
1177.3360255397827	0.02250540000000001	epochs	3.0
1177.3585309397827	0.0446638000000803	epochs	2.0
1177.3585309397827	0.02238929999998618	epochs	3.0
1177.3809202397827	0.022274500000094122	epochs	3.0
1177.4031947397827	0.04420920000006845	epochs	2.0
1177.4031947397827	0.022160799999937808	epochs	3.0
1177.4253555397827	0.02204840000013064	epochs	3.0
1177.4474039397828	0.04376359999992019	epochs	2.0
1177.4474039397828	0.02193689999990056	epochs	3.0
1177.4693408397827	0.021826700000019628	epochs	3.0
1177.4911675397827	0.04332709999994222	epochs	2.0
1177.4911675397827	0.021717599999874437	epochs	3.0
1177.5128851397826	0.021609500000067783	epochs	3.0
1177.5344946397827	0.04289900000003399	epochs	2.0
1177.5344946397827	0.02150249999999687	epochs	3.0
1177.5559971397827	0.021396500000037122	epochs	3.0
1177.5773936397827	0.04247949999989942	epochs	2.0
1177.5773936397827	0.021291699999892444	epochs	3.0
1177.5986853397826	0.021187800000006973	epochs	3.0
1177.6198731397826	0.04206790000012006	epochs	2.0
1177.6198731397826	0.02108490000000529	epochs	3.0
1177.6409580397826	0.02098300000011477	epochs	3.0
1177.6619410397827	0.04166439999994509	epochs	2.0
1177.6619410397827	0.020882199999959994	epochs	3.0
1177.6828232397827	0.020782199999985096	epochs	3.0
1177.7036054397827	0.04126850000011473	epochs	2.0
1177.7036054397827	0.020683299999973315	epochs	3.0
1177.7242887397827	0.020585200000141413	epochs	3.0
1177.7448739397828	0.04088000000001557	epochs	2.0
1177.7448739397828	0.020488099999965925	epochs	3.0
1177.7653620397828	0.020391900000049645	epochs	3.0
1177.7857539397828	0.040498799999795665	epochs	2.0
1177.7857539397828	0.020296599999937825	epochs	3.0
1177.8060505397827	0.02020219999985784	epochs	3.0
1177.8262527397826	0.04012460000012652	epochs	2.0
1177.8262527397826	0.02010870000003706	epochs	3.0
1177.8463614397826	0.02001590000008946	epochs	3.0
1177.8663773397827	0.03975730000001931	epochs	2.0
1177.8663773397827	0.0199241999998776	epochs	3.0
1177.8863015397826	0.019833100000141712	epochs	3.0
1177.9061346397827	0.03939669999999751	epochs	2.0
1177.9061346397827	0.01974300000006224	epochs	3.0
1177.9258776397828	0.01965369999993527	epochs	3.0
1177.9455313397827	0.03904239999997117	epochs	2.0
1177.9455313397827	0.019565099999908853	epochs	3.0
1177.9650964397827	0.019477300000062314	epochs	3.0
1177.9845737397827	0.038694600000098944	epochs	2.0
1177.9845737397827	0.019390400000020236	epochs	3.0
1178.0039641397827	0.01930420000007871	epochs	3.0
1178.0232683397828	0.038352899999836154	epochs	2.0
1178.0232683397828	0.019218799999862313	epochs	3.0
1178.0424871397827	0.01913409999997384	epochs	3.0
1178.0616212397827	0.03801720000001296	epochs	2.0
1178.0616212397827	0.019050200000037876	epochs	3.0
1178.0806714397827	0.018966999999975087	epochs	3.0
1178.0996384397827	0.03768720000016401	epochs	2.0
1178.0996384397827	0.01888450000001285	epochs	3.0
1178.1185229397827	0.018802700000151162	epochs	3.0
1178.1373256397828	0.03736309999999321	epochs	2.0
1178.1373256397828	0.018721699999787234	epochs	3.0
1178.1560473397826	0.018641400000205977	epochs	3.0
1178.1746887397828	0.03704429999993408	epochs	2.0
1178.1746887397828	0.018561599999884493	epochs	3.0
1178.1932503397827	0.01848270000004959	epochs	3.0
1178.2117330397828	0.03673099999991791	epochs	2.0
1178.2117330397828	0.018404299999929208	epochs	3.0
1178.2301373397827	0.018326699999988705	epochs	3.0
1178.2484640397827	0.03642289999993409	epochs	2.0
1178.2484640397827	0.018249599999990096	epochs	3.0
1178.2667136397827	0.018173299999943993	epochs	3.0
1178.2848869397826	0.03612010000006194	epochs	2.0
1178.2848869397826	0.018097600000146485	epochs	3.0
1178.3029845397828	0.018022499999915453	epochs	3.0
1178.3210070397827	0.035822100000132195	epochs	2.0
1178.3210070397827	0.017947900000081063	epochs	3.0
1178.3389549397828	0.017874200000051133	epochs	3.0
1178.3568291397828	0.03552899999999681	epochs	2.0
1178.3568291397828	0.01780079999980444	epochs	3.0
1178.3746299397826	0.017728200000192373	epochs	3.0
1178.3923581397828	0.03524069999980384	epochs	2.0
1178.3923581397828	0.01765609999984008	epochs	3.0
1178.4100142397826	0.017584599999963757	epochs	3.0
1178.4275988397826	0.03495710000015606	epochs	2.0
1178.4275988397826	0.017513700000108656	epochs	3.0
1178.4451125397827	0.017443400000047404	epochs	3.0
1178.4625559397828	0.034677899999906	epochs	2.0
1178.4625559397828	0.017373599999928047	epochs	3.0
1178.4799295397827	0.017304299999977957	epochs	3.0
1178.4972338397827	0.03440330000012182	epochs	2.0
1178.4972338397827	0.017235700000128418	epochs	3.0
1178.5144695397828	0.0171675999999934	epochs	3.0
1178.5316371397828	0.03413279999995211	epochs	2.0
1178.5316371397828	0.01709989999994832	epochs	3.0
1178.5487370397827	0.017032900000003792	epochs	3.0
1178.5657699397827	0.03386669999986225	epochs	2.0
1178.5657699397827	0.01696640000000116	epochs	3.0
1178.5827363397827	0.01690029999986109	epochs	3.0
1178.5996366397826	0.03360460000021703	epochs	2.0
1178.5996366397826	0.016834800000196992	epochs	3.0
1178.6164714397828	0.01676980000002004	epochs	3.0
1178.6332412397828	0.033346599999958926	epochs	2.0
1178.6332412397828	0.016705299999784984	epochs	3.0
1178.6499465397826	0.016641300000173942	epochs	3.0
1178.6665878397828	0.033092499999838765	epochs	2.0
1178.6665878397828	0.016577799999822673	epochs	3.0
1178.6831656397826	0.01651470000001609	epochs	3.0
1178.6996803397826	0.032842300000083924	epochs	2.0
1178.6996803397826	0.01645220000000336	epochs	3.0
1178.7161325397826	0.016390100000080565	epochs	3.0
1178.7325226397827	0.03259570000000167	epochs	2.0
1178.7325226397827	0.016328400000020338	epochs	3.0
1178.7488510397827	0.016267299999981333	epochs	3.0
1178.7651183397827	0.032352899999978035	epochs	2.0
1178.7651183397827	0.016206600000032267	epochs	3.0
1178.7813249397827	0.016146299999945768	epochs	3.0
1178.7974712397827	0.032113700000081735	epochs	2.0
1178.7974712397827	0.016086600000107865	epochs	3.0
1178.8135578397828	0.01602709999997387	epochs	3.0
1178.8295849397828	0.03187800000000607	epochs	2.0
1178.8295849397828	0.0159681999998611	epochs	3.0
1178.8455531397826	0.01590980000014497	epochs	3.0
1178.8614629397828	0.03164569999989908	epochs	2.0
1178.8614629397828	0.015851599999905375	epochs	3.0
1178.8773145397827	0.015794099999993705	epochs	3.0
1178.8931086397827	0.03141670000013619	epochs	2.0
1178.8931086397827	0.01573669999993399	epochs	3.0
1178.9088453397826	0.0156800000002022	epochs	3.0
1178.9245253397828	0.03119109999988723	epochs	2.0
1178.9245253397828	0.015623600000026272	epochs	3.0
1178.9401489397828	0.015567499999860956	epochs	3.0
1178.9557164397827	0.03096870000013041	epochs	2.0
1178.9557164397827	0.015511999999944237	epochs	3.0
1178.9712284397826	0.015456700000186174	epochs	3.0
1178.9866851397828	0.030749499999956242	epochs	2.0
1178.9866851397828	0.015401999999994587	epochs	3.0
1179.0020871397828	0.015347499999961656	epochs	3.0
1179.0174346397828	0.03053320000003623	epochs	2.0
1179.0174346397828	0.015293400000018664	epochs	3.0
1179.0327280397828	0.015239800000017567	epochs	3.0
1179.0479678397828	0.030320099999926242	epochs	2.0
1179.0479678397828	0.015186499999799707	epochs	3.0
1179.0631543397826	0.015133600000126535	epochs	3.0
1179.0782879397827	0.03010990000007041	epochs	2.0
1179.0782879397827	0.015081000000009226	epochs	3.0
1179.0933689397827	0.015028900000061185	epochs	3.0
1179.1083978397828	0.029902499999934662	epochs	2.0
1179.1083978397828	0.014976999999817053	epochs	3.0
1179.1233748397826	0.014925500000117609	epochs	3.0
1179.1383003397827	0.029698099999905025	epochs	2.0
1179.1383003397827	0.014874400000053356	epochs	3.0
1179.1531747397828	0.01482369999985167	epochs	3.0
1179.1679984397827	0.029496300000118936	epochs	2.0
1179.1679984397827	0.014773200000036013	epochs	3.0
1179.1827716397827	0.014723100000082923	epochs	3.0
1179.1974947397828	0.029297399999904883	epochs	2.0
1179.1974947397828	0.014673399999992398	epochs	3.0
1179.2121681397828	0.014623999999912485	epochs	3.0
1179.2267921397827	0.029101099999934377	epochs	2.0
1179.2267921397827	0.014574900000070556	epochs	3.0
1179.2413670397827	0.01452619999986382	epochs	3.0
1179.2558932397826	0.028907400000207417	epochs	2.0
1179.2558932397826	0.014477700000043114	epochs	3.0
1179.2703709397827	0.014429700000164303	epochs	3.0
1179.2848006397828	0.028716199999962555	epochs	2.0
1179.2848006397828	0.014381799999910072	epochs	3.0
1179.2991824397827	0.014334400000052483	epochs	3.0
1179.3135168397828	0.02852759999996124	epochs	2.0
1179.3135168397828	0.014287199999898803	epochs	3.0
1179.3278040397827	0.014240400000062436	epochs	3.0
1179.3420444397827	0.028341400000044814	epochs	2.0
1179.3420444397827	0.014193799999929979	epochs	3.0
1179.3562382397827	0.014147600000114835	epochs	3.0
1179.3703858397828	0.02815769999983786	epochs	2.0
1179.3703858397828	0.014101699999855555	epochs	3.0
1179.3844875397826	0.014055999999982305	epochs	3.0
1179.3985435397826	0.027976300000091214	epochs	2.0
1179.3985435397826	0.014010600000119666	epochs	3.0
1179.4125541397827	0.013965699999971548	epochs	3.0
1179.4265198397827	0.027797199999895383	epochs	2.0
1179.4265198397827	0.013920800000050804	epochs	3.0
1179.4404406397828	0.01387639999984458	epochs	3.0
1179.4543170397826	0.02762040000015986	epochs	2.0
1179.4543170397826	0.013832200000024386	epochs	3.0
1179.4681492397826	0.013788200000135475	epochs	3.0
1179.4819374397828	0.027445899999975154	epochs	2.0
1179.4819374397828	0.013744599999881757	epochs	3.0
1179.4956820397827	0.013701300000093397	epochs	3.0
1179.5093833397827	0.027273499999864725	epochs	2.0
1179.5093833397827	0.013658200000008947	epochs	3.0
1179.5230415397828	0.013615299999855779	epochs	3.0
1179.5366568397826	0.027103400000214606	epochs	2.0
1179.5366568397826	0.013572800000019924	epochs	3.0
1179.5502296397826	0.013530600000194681	epochs	3.0
1179.5637602397828	0.026935199999797987	epochs	2.0
1179.5637602397828	0.01348839999991469	epochs	3.0
1179.5772486397827	0.013446799999883297	epochs	3.0
1179.5906954397826	0.026769199999989723	epochs	2.0
1179.5906954397826	0.013405200000079276	epochs	3.0
1179.6041006397827	0.013363999999910448	epochs	3.0
1179.6174646397826	0.02660520000017641	epochs	2.0
1179.6174646397826	0.013322900000048321	epochs	3.0
1179.6307875397827	0.013282300000128089	epochs	3.0
1179.6440698397828	0.0264431999999033	epochs	2.0
1179.6440698397828	0.013241699999980483	epochs	3.0
1179.6573115397828	0.013201499999922817	epochs	3.0
1179.6705130397827	0.026283200000079887	epochs	2.0
1179.6705130397827	0.013161500000023807	epochs	3.0
1179.6836745397827	0.01312170000005608	epochs	3.0
1179.6967962397828	0.026124999999865395	epochs	2.0
1179.6967962397828	0.013082100000019636	epochs	3.0
1179.7098783397828	0.013042899999845758	epochs	3.0
1179.7229212397826	0.02596890000017993	epochs	2.0
1179.7229212397826	0.01300390000005791	epochs	3.0
1179.7359251397827	0.012965000000122018	epochs	3.0
1179.7488901397828	0.02581449999979668	epochs	2.0
1179.7488901397828	0.012926399999969362	epochs	3.0
1179.7618165397828	0.012888099999827318	epochs	3.0
1179.7747046397826	0.02566190000015922	epochs	2.0
1179.7747046397826	0.012849899999991976	epochs	3.0
1179.7875545397826	0.012812000000167245	epochs	3.0
1179.8003665397828	0.025511199999982637	epochs	2.0
1179.8003665397828	0.012774399999898378	epochs	3.0
1179.8131409397827	0.012736800000084258	epochs	3.0
1179.8258777397828	0.02536229999986972	epochs	2.0
1179.8258777397828	0.01269969999998466	epochs	3.0
1179.8385774397827	0.01266259999988506	epochs	3.0
1179.8512400397826	0.02521500000011656	epochs	2.0
1179.8512400397826	0.012625800000023446	epochs	3.0
1179.8638658397826	0.012589200000093115	epochs	3.0
1179.8764550397827	0.024584799999956886	epochs	2.0
1179.8994563397828	0.5	epochs	-1.0
1179.9010398397827	0.516800000000103	epochs	1.0
1180.4178398397828	0.48311999999987165	epochs	0.0
1181.3949999809265	0.08303999999998268	epochs	0.0
1181.3949999809265	0.036520999999993364	epochs	1.0
1181.4315209809265	0.009997999999995955	epochs	1.0
1181.4415189809265	0.036520999999993364	epochs	1.0
1181.4780399809265	2.0	epochs	0.0
1183.4780399809265	0.5170399999999518	epochs	0.0
1183.4780399809265	0.5170399999999518	epochs	1.0
1183.4780564809266	0.5	epochs	-1.0
1183.9780564809266	0.01702349999982289	epochs	-1.0
1183.9950799809264	21.482880000000023	epochs	0.0
1185.1779999732971	0.08303999999998268	epochs	0.0
1185.1779999732971	0.036520999999993364	epochs	1.0
1185.214520973297	0.009997999999995955	epochs	1.0
1185.224518973297	0.036520999999993364	epochs	1.0
1185.261039973297	2.0	epochs	0.0
1187.261039973297	0.5169599999999264	epochs	0.0
1187.261039973297	0.5169599999999264	epochs	1.0
1187.2610564732972	0.5	epochs	-1.0
1187.7610564732972	0.016943499999797496	epochs	-1.0
1187.777999973297	21.48296000000005	epochs	0.0
1189.045000076294	0.08303999999998268	epochs	0.0
1189.045000076294	0.036520999999993364	epochs	1.0
1189.081521076294	0.009997999999995955	epochs	1.0
1189.091519076294	0.036520999999993364	epochs	1.0
1189.128040076294	2.0	epochs	0.0
1191.128040076294	21.999919999999975	epochs	0.0
1191.128040076294	1.0	epochs	1.0
1191.128056576294	0.5	epochs	-1.0
1191.628056576294	19.998399999999947	epochs	-1.0
1192.128040076294	20.0	epochs	1.0
1192.128040076294	4.356753900000058	epochs	-1.0
1192.128040076294	1.9745872000000873	epochs	2.0
1192.128040076294	1.0985622000000603	epochs	3.0
1193.226602276294	0.8760250000000269	epochs	3.0
1194.102627276294	1.3524075000000266	epochs	2.0
1194.102627276294	0.7286354999998821	epochs	3.0
1194.831262776294	0.6237720000001445	epochs	3.0
1195.455034776294	1.029759199999944	epochs	2.0
1195.455034776294	0.5453292999998212	epochs	3.0
1196.0003640762939	0.48442990000012287	epochs	3.0
1196.484793976294	0.8317861999998968	epochs	2.0
1196.484793976294	0.4357763000000432	epochs	3.0
1196.920570276294	0.3960098999998536	epochs	3.0
1197.3165801762939	0.6977970000000369	epochs	2.0
1197.3165801762939	0.3628982000000178	epochs	3.0
1197.679478376294	0.33489880000001904	epochs	3.0
1198.014377176294	0.601045699999986	epochs	2.0
1198.014377176294	0.3109122999999272	epochs	3.0
1198.3252894762938	0.2901334000000588	epochs	3.0
1198.615422876294	0.5278859000000011	epochs	2.0
1198.615422876294	0.2719586000000618	epochs	3.0
1198.887381476294	0.25592729999993935	epochs	3.0
1199.143308776294	0.470619299999953	epochs	2.0
1199.143308776294	0.241681299999982	epochs	3.0
1199.384990076294	0.228937999999971	epochs	3.0
1199.6139280762939	0.42457039999999324	epochs	2.0
1199.6139280762939	0.21747140000002219	epochs	3.0
1199.8313994762939	0.20709899999997106	epochs	3.0
1200.0384984762939	0.3867354000001342	epochs	2.0
1200.0384984762939	0.19767109999997956	epochs	3.0
1200.2361695762938	0.18906430000015462	epochs	3.0
1200.425233876294	0.35509529999990264	epochs	2.0
1200.425233876294	0.18117589999997108	epochs	3.0
1200.606409776294	0.17391939999993156	epochs	3.0
1200.780329176294	0.3282431000000088	epochs	2.0
1200.780329176294	0.16722189999995862	epochs	3.0
1200.9475510762938	0.16102120000005016	epochs	3.0
1201.108572276294	0.30516800000009425	epochs	2.0
1201.108572276294	0.15526390000013635	epochs	3.0
1201.263836176294	0.1499040999999579	epochs	3.0
1201.413740276294	0.28512529999989056	epochs	2.0
1201.413740276294	0.14490209999985382	epochs	3.0
1201.5586423762938	0.14022320000003674	epochs	3.0
1201.6988655762939	0.267553800000087	epochs	2.0
1201.6988655762939	0.1358368999999584	epochs	3.0
1201.8347024762938	0.1317169000001286	epochs	3.0
1201.966419376294	0.252022899999929	epochs	2.0
1201.966419376294	0.1278393000000051	epochs	3.0
1202.094258676294	0.1241835999999239	epochs	3.0
1202.218442276294	0.23819649999995818	epochs	2.0
1202.218442276294	0.12073110000005727	epochs	3.0
1202.339173376294	0.11746539999990091	epochs	3.0
1202.4566387762939	0.2258088000000953	epochs	2.0
1202.4566387762939	0.11437190000015107	epochs	3.0
1202.571010676294	0.11143689999994422	epochs	3.0
1202.682447576294	0.21464599999990241	epochs	2.0
1202.682447576294	0.10864889999993466	epochs	3.0
1202.791096476294	0.10599709999996776	epochs	3.0
1202.8970935762939	0.20453500000007807	epochs	2.0
1202.8970935762939	0.10347150000006877	epochs	3.0
1203.000565076294	0.1010635000000093	epochs	3.0
1203.101628576294	0.19533400000000256	epochs	2.0
1203.101628576294	0.09876510000003691	epochs	3.0
1203.200393676294	0.09656889999996565	epochs	3.0
1203.296962576294	0.18692529999998442	epochs	2.0
1203.296962576294	0.09446830000001682	epochs	3.0
1203.391430876294	0.09245699999996759	epochs	3.0
1203.483887876294	0.1792107000001124	epochs	2.0
1203.483887876294	0.0905296000000817	epochs	3.0
1203.574417476294	0.08868110000003071	epochs	3.0
1203.663098576294	0.17210769999996955	epochs	2.0
1203.663098576294	0.08690630000000965	epochs	3.0
1203.750004876294	0.0852013999999599	epochs	3.0
1203.835206276294	0.16554640000003928	epochs	2.0
1203.835206276294	0.08356189999994967	epochs	3.0
1203.918768176294	0.08198450000008961	epochs	3.0
1204.000752676294	0.15946709999980158	epochs	2.0
1204.000752676294	0.08046539999986635	epochs	3.0
1204.081218076294	0.07900169999993523	epochs	3.0
1204.1602197762938	0.15381840000009106	epochs	2.0
1204.1602197762938	0.07759010000017952	epochs	3.0
1204.237809876294	0.07622829999991154	epochs	3.0
1204.314038176294	0.14855639999996129	epochs	2.0
1204.314038176294	0.07491329999993468	epochs	3.0
1204.3889514762939	0.0736431000000266	epochs	3.0
1204.462594576294	0.14364240000008976	epochs	2.0
1204.462594576294	0.07241500000009182	epochs	3.0
1204.535009576294	0.07122739999999794	epochs	3.0
1204.606236976294	0.13904309999998077	epochs	2.0
1204.606236976294	0.07007799999996678	epochs	3.0
1204.676314976294	0.06896510000001399	epochs	3.0
1204.745280076294	0.13472929999988992	epochs	2.0
1204.745280076294	0.0678871000000072	epochs	3.0
1204.813167176294	0.06684219999988272	epochs	3.0
1204.8800093762939	0.1306752000000415	epochs	2.0
1204.8800093762939	0.06582910000020092	epochs	3.0
1204.945838476294	0.06484609999984059	epochs	3.0
1205.010684576294	0.12685780000015257	epochs	2.0
1205.010684576294	0.06389200000012352	epochs	3.0
1205.074576576294	0.06296580000002905	epochs	3.0
1205.137542376294	0.12325719999989815	epochs	2.0
1205.137542376294	0.06206579999980022	epochs	3.0
1205.1996081762939	0.06119140000009793	epochs	3.0
1205.260799576294	0.11985540000000583	epochs	2.0
1205.260799576294	0.060341099999959624	epochs	3.0
1205.321140676294	0.059514300000046205	epochs	3.0
1205.380654976294	0.1166361999999026	epochs	2.0
1205.380654976294	0.058709599999929196	epochs	3.0
1205.4393645762939	0.057926599999973405	epochs	3.0
1205.4972911762939	0.11358560000007856	epochs	2.0
1205.4972911762939	0.05716419999998834	epochs	3.0
1205.5544553762938	0.056421400000090216	epochs	3.0
1205.610876776294	0.11069049999991876	epochs	2.0
1205.610876776294	0.055697900000041045	epochs	3.0
1205.666574676294	0.05499259999987771	epochs	3.0
1205.7215672762939	0.1079391000000669	epochs	2.0
1205.7215672762939	0.05430490000003374	epochs	3.0
1205.775872176294	0.05363420000003316	epochs	3.0
1205.829506376294	0.10532149999994544	epochs	2.0
1205.829506376294	0.05297999999993408	epochs	3.0
1205.8824863762939	0.052341500000011365	epochs	3.0
1205.9348278762939	0.10282760000018243	epochs	2.0
1205.9348278762939	0.05171810000001642	epochs	3.0
1205.9865459762939	0.05110950000016601	epochs	3.0
1206.037655476294	0.10044909999987794	epochs	2.0
1206.037655476294	0.0505148999998255	epochs	3.0
1206.0881703762939	0.04993420000005244	epochs	3.0
1206.138104576294	0.0981782999999723	epochs	2.0
1206.138104576294	0.04936659999998483	epochs	3.0
1206.187471176294	0.04881169999998747	epochs	3.0
1206.236282876294	0.09600780000005216	epochs	2.0
1206.236282876294	0.04826920000004975	epochs	3.0
1206.284552076294	0.04773860000000241	epochs	3.0
1206.332290676294	0.09393120000004274	epochs	2.0
1206.332290676294	0.04721949999998287	epochs	3.0
1206.379510176294	0.046711700000059864	epochs	3.0
1206.426221876294	0.09194260000003851	epochs	2.0
1206.426221876294	0.046214599999984785	epochs	3.0
1206.472436476294	0.045728000000053726	epochs	3.0
1206.518164476294	0.09003629999983787	epochs	2.0
1206.518164476294	0.045251499999949374	epochs	3.0
1206.563415976294	0.04478479999988849	epochs	3.0
1206.6082007762939	0.08820760000003247	epochs	2.0
1206.6082007762939	0.044327800000019124	epochs	3.0
1206.652528576294	0.04387980000001335	epochs	3.0
1206.696408376294	0.0864516999999978	epochs	2.0
1206.696408376294	0.04344100000002982	epochs	3.0
1206.739849376294	0.04301069999996798	epochs	3.0
1206.782860076294	0.08476429999996071	epochs	2.0
1206.782860076294	0.04258900000013455	epochs	3.0
1206.825449076294	0.042175299999826166	epochs	3.0
1206.8676243762939	0.08314150000001064	epochs	2.0
1206.8676243762939	0.04176970000003166	epochs	3.0
1206.909394076294	0.041371799999978975	epochs	3.0
1206.9507658762939	0.08157970000002024	epochs	2.0
1206.9507658762939	0.040981399999964196	epochs	3.0
1206.9917472762938	0.04059830000005604	epochs	3.0
1207.032345576294	0.08007550000002084	epochs	2.0
1207.032345576294	0.040222300000095856	epochs	3.0
1207.072567876294	0.03985319999992498	epochs	3.0
1207.112421076294	0.07862569999997504	epochs	2.0
1207.112421076294	0.039490800000066884	epochs	3.0
1207.151911876294	0.03913489999990816	epochs	3.0
1207.191046776294	0.07722760000001472	epochs	2.0
1207.191046776294	0.038785400000051595	epochs	3.0
1207.229832176294	0.03844219999996312	epochs	3.0
1207.268274376294	0.07587820000003376	epochs	2.0
1207.268274376294	0.03810479999992822	epochs	3.0
1207.3063791762938	0.03777340000010554	epochs	3.0
1207.344152576294	0.0745752000000266	epochs	2.0
1207.344152576294	0.03744770000002973	epochs	3.0
1207.381600276294	0.03712749999999687	epochs	3.0
1207.418727776294	0.07331629999998768	epochs	2.0
1207.418727776294	0.0368129000000863	epochs	3.0
1207.455540676294	0.036503399999901376	epochs	3.0
1207.492044076294	0.07209899999998015	epochs	2.0
1207.492044076294	0.03619909999997617	epochs	3.0
1207.528243176294	0.03589990000000398	epochs	3.0
1207.564143076294	0.07092170000009901	epochs	2.0
1207.564143076294	0.03560560000005353	epochs	3.0
1207.599748676294	0.03531610000004548	epochs	3.0
1207.635064776294	0.06978199999980461	epochs	2.0
1207.635064776294	0.03503119999982118	epochs	3.0
1207.6700959762939	0.03475079999998343	epochs	3.0
1207.7048467762938	0.06867860000011206	epochs	2.0
1207.7048467762938	0.03447510000000875	epochs	3.0
1207.7393218762938	0.034203500000103304	epochs	3.0
1207.773525376294	0.06760929999995824	epochs	2.0
1207.773525376294	0.033936199999970995	epochs	3.0
1207.807461576294	0.033673099999987244	epochs	3.0
1207.841134676294	0.06657289999998284	epochs	2.0
1207.841134676294	0.03341399999999339	epochs	3.0
1207.874548676294	0.033158899999989444	epochs	3.0
1207.907707576294	0.06556780000005347	epochs	2.0
1207.907707576294	0.03290770000012344	epochs	3.0
1207.940615276294	0.032660099999930026	epochs	3.0
1207.973275376294	0.06459259999996902	epochs	2.0
1207.973275376294	0.03241640000010193	epochs	3.0
1208.005691776294	0.032176199999867094	epochs	3.0
1208.037867976294	0.06364600000006249	epochs	2.0
1208.037867976294	0.03193959999998697	epochs	3.0
1208.069807576294	0.03170640000007552	epochs	3.0
1208.101513976294	0.0627266999999847	epochs	2.0
1208.101513976294	0.031476599999905375	epochs	3.0
1208.1329905762939	0.03125010000007933	epochs	3.0
1208.164240676294	0.06183359999999993	epochs	2.0
1208.164240676294	0.03102689999991526	epochs	3.0
1208.1952675762939	0.030806700000084675	epochs	3.0
1208.226074276294	0.060965599999917686	epochs	2.0
1208.226074276294	0.030589799999916067	epochs	3.0
1208.2566640762939	0.030375800000001618	epochs	3.0
1208.2870398762939	0.06012160000000222	epochs	2.0
1208.2870398762939	0.030164900000045236	epochs	3.0
1208.317204776294	0.02995669999995698	epochs	3.0
1208.3471614762939	0.05930069999999432	epochs	2.0
1208.3471614762939	0.029751600000054168	epochs	3.0
1208.376913076294	0.029549099999940154	epochs	3.0
1208.4064621762939	0.058501800000158255	epochs	2.0
1208.4064621762939	0.02934940000000097	epochs	3.0
1208.4358115762939	0.029152400000157286	epochs	3.0
1208.464963976294	0.05772419999993872	epochs	2.0
1208.464963976294	0.028957999999875028	epochs	3.0
1208.493921976294	0.02876620000006369	epochs	3.0
1208.522688176294	0.05696710000006533	epochs	2.0
1208.522688176294	0.028577000000041153	epochs	3.0
1208.551265176294	0.028390100000024177	epochs	3.0
1208.579655276294	0.05622949999997218	epochs	2.0
1208.579655276294	0.028205699999944045	epochs	3.0
1208.607860976294	0.028023800000028132	epochs	3.0
1208.635884776294	0.05551070000001346	epochs	2.0
1208.635884776294	0.027843999999959124	epochs	3.0
1208.663728776294	0.027666700000054334	epochs	3.0
1208.691395476294	0.054810200000019904	epochs	2.0
1208.691395476294	0.02749149999999645	epochs	3.0
1208.718886976294	0.027318700000023455	epochs	3.0
1208.746205676294	0.054126999999880354	epochs	2.0
1208.746205676294	0.027147799999966082	epochs	3.0
1208.773353476294	0.026979199999914272	epochs	3.0
1208.800332676294	0.053460699999959616	epochs	2.0
1208.800332676294	0.026812600000084785	epochs	3.0
1208.827145276294	0.02664809999987483	epochs	3.0
1208.8537933762939	0.05281070000000909	epochs	2.0
1208.8537933762939	0.026485600000114573	epochs	3.0
1208.880278976294	0.02632509999989452	epochs	3.0
1208.906604076294	0.05217620000007628	epochs	2.0
1208.906604076294	0.026166399999965506	epochs	3.0
1208.9327704762939	0.026009800000110772	epochs	3.0
1208.958780276294	0.051556699999991906	epochs	2.0
1208.958780276294	0.025854799999933675	epochs	3.0
1208.984635076294	0.02570190000005823	epochs	3.0
1209.010336976294	0.05095189999997274	epochs	2.0
1209.010336976294	0.025550699999939752	epochs	3.0
1209.035887676294	0.025401200000032986	epochs	3.0
1209.061288876294	0.05036100000006627	epochs	2.0
1209.061288876294	0.025253499999962514	epochs	3.0
1209.086542376294	0.025107500000103755	epochs	3.0
1209.111649876294	0.04978379999988647	epochs	2.0
1209.111649876294	0.02496320000000196	epochs	3.0
1209.136613076294	0.024820599999884507	epochs	3.0
1209.1614336762939	0.04921950000016295	epochs	2.0
1209.1614336762939	0.024679399999968155	epochs	3.0
1209.1861130762939	0.024540100000194798	epochs	3.0
1209.210653176294	0.04866789999982757	epochs	2.0
1209.210653176294	0.024402099999861093	epochs	3.0
1209.235055276294	0.024265799999966475	epochs	3.0
1209.2593210762939	0.04812860000015462	epochs	2.0
1209.2593210762939	0.024131000000124914	epochs	3.0
1209.283452076294	0.023997600000029706	epochs	3.0
1209.307449676294	0.04760109999983797	epochs	2.0
1209.307449676294	0.02386579999983951	epochs	3.0
1209.3313154762939	0.02373529999999846	epochs	3.0
1209.3550507762939	0.04708500000015192	epochs	2.0
1209.3550507762939	0.023606299999983094	epochs	3.0
1209.3786570762938	0.02347870000016883	epochs	3.0
1209.402135776294	0.046579999999948996	epochs	2.0
1209.402135776294	0.023352499999873544	epochs	3.0
1209.425488276294	0.02322750000007545	epochs	3.0
1209.448715776294	0.046085700000048746	epochs	2.0
1209.448715776294	0.02310399999987567	epochs	3.0
1209.4718197762938	0.022981700000173078	epochs	3.0
1209.494801476294	0.045601799999985815	epochs	2.0
1209.494801476294	0.02286069999991014	epochs	3.0
1209.517662176294	0.022741100000075676	epochs	3.0
1209.540403276294	0.045127899999897636	epochs	2.0
1209.540403276294	0.022622499999897627	epochs	3.0
1209.563025776294	0.02250540000000001	epochs	3.0
1209.585531176294	0.0446638000000803	epochs	2.0
1209.585531176294	0.02238929999998618	epochs	3.0
1209.6079204762939	0.022274500000094122	epochs	3.0
1209.630194976294	0.04420920000006845	epochs	2.0
1209.630194976294	0.022160799999937808	epochs	3.0
1209.652355776294	0.02204840000013064	epochs	3.0
1209.674404176294	0.04376359999992019	epochs	2.0
1209.674404176294	0.02193689999990056	epochs	3.0
1209.696341076294	0.021826700000019628	epochs	3.0
1209.718167776294	0.04332709999994222	epochs	2.0
1209.718167776294	0.021717599999874437	epochs	3.0
1209.7398853762938	0.021609500000067783	epochs	3.0
1209.761494876294	0.04289900000003399	epochs	2.0
1209.761494876294	0.02150249999999687	epochs	3.0
1209.782997376294	0.021396500000037122	epochs	3.0
1209.804393876294	0.04247949999989942	epochs	2.0
1209.804393876294	0.021291699999892444	epochs	3.0
1209.8256855762938	0.021187800000006973	epochs	3.0
1209.8468733762938	0.04206790000012006	epochs	2.0
1209.8468733762938	0.02108490000000529	epochs	3.0
1209.8679582762938	0.02098300000011477	epochs	3.0
1209.888941276294	0.04166439999994509	epochs	2.0
1209.888941276294	0.020882199999959994	epochs	3.0
1209.909823476294	0.020782199999985096	epochs	3.0
1209.930605676294	0.04126850000011473	epochs	2.0
1209.930605676294	0.020683299999973315	epochs	3.0
1209.9512889762939	0.020585200000141413	epochs	3.0
1209.971874176294	0.04088000000001557	epochs	2.0
1209.971874176294	0.020488099999965925	epochs	3.0
1209.992362276294	0.020391900000049645	epochs	3.0
1210.012754176294	0.040498799999795665	epochs	2.0
1210.012754176294	0.020296599999937825	epochs	3.0
1210.033050776294	0.02020219999985784	epochs	3.0
1210.0532529762938	0.04012460000012652	epochs	2.0
1210.0532529762938	0.02010870000003706	epochs	3.0
1210.0733616762939	0.02001590000008946	epochs	3.0
1210.093377576294	0.03975730000001931	epochs	2.0
1210.093377576294	0.0199241999998776	epochs	3.0
1210.1133017762938	0.019833100000141712	epochs	3.0
1210.133134876294	0.03939669999999751	epochs	2.0
1210.133134876294	0.01974300000006224	epochs	3.0
1210.152877876294	0.01965369999993527	epochs	3.0
1210.172531576294	0.03904239999997117	epochs	2.0
1210.172531576294	0.019565099999908853	epochs	3.0
1210.1920966762939	0.019477300000062314	epochs	3.0
1210.211573976294	0.038694600000098944	epochs	2.0
1210.211573976294	0.019390400000020236	epochs	3.0
1210.230964376294	0.01930420000007871	epochs	3.0
1210.250268576294	0.038352899999836154	epochs	2.0
1210.250268576294	0.019218799999862313	epochs	3.0
1210.269487376294	0.01913409999997384	epochs	3.0
1210.2886214762939	0.03801720000001296	epochs	2.0
1210.2886214762939	0.019050200000037876	epochs	3.0
1210.307671676294	0.018966999999975087	epochs	3.0
1210.326638676294	0.03768720000016401	epochs	2.0
1210.326638676294	0.01888450000001285	epochs	3.0
1210.345523176294	0.018802700000151162	epochs	3.0
1210.364325876294	0.03736309999999321	epochs	2.0
1210.364325876294	0.018721699999787234	epochs	3.0
1210.3830475762938	0.018641400000205977	epochs	3.0
1210.401688976294	0.03704429999993408	epochs	2.0
1210.401688976294	0.018561599999884493	epochs	3.0
1210.420250576294	0.01848270000004959	epochs	3.0
1210.438733276294	0.03673099999991791	epochs	2.0
1210.438733276294	0.018404299999929208	epochs	3.0
1210.457137576294	0.018326699999988705	epochs	3.0
1210.475464276294	0.03642289999993409	epochs	2.0
1210.475464276294	0.018249599999990096	epochs	3.0
1210.493713876294	0.018173299999943993	epochs	3.0
1210.5118871762938	0.03612010000006194	epochs	2.0
1210.5118871762938	0.018097600000146485	epochs	3.0
1210.529984776294	0.018022499999915453	epochs	3.0
1210.548007276294	0.035822100000132195	epochs	2.0
1210.548007276294	0.017947900000081063	epochs	3.0
1210.565955176294	0.017874200000051133	epochs	3.0
1210.583829376294	0.03552899999999681	epochs	2.0
1210.583829376294	0.01780079999980444	epochs	3.0
1210.6016301762938	0.017728200000192373	epochs	3.0
1210.619358376294	0.03524069999980384	epochs	2.0
1210.619358376294	0.01765609999984008	epochs	3.0
1210.6370144762939	0.017584599999963757	epochs	3.0
1210.6545990762938	0.03495710000015606	epochs	2.0
1210.6545990762938	0.017513700000108656	epochs	3.0
1210.672112776294	0.017443400000047404	epochs	3.0
1210.689556176294	0.034677899999906	epochs	2.0
1210.689556176294	0.017373599999928047	epochs	3.0
1210.706929776294	0.017304299999977957	epochs	3.0
1210.724234076294	0.03440330000012182	epochs	2.0
1210.724234076294	0.017235700000128418	epochs	3.0
1210.741469776294	0.0171675999999934	epochs	3.0
1210.758637376294	0.03413279999995211	epochs	2.0
1210.758637376294	0.01709989999994832	epochs	3.0
1210.775737276294	0.017032900000003792	epochs	3.0
1210.792770176294	0.03386669999986225	epochs	2.0
1210.792770176294	0.01696640000000116	epochs	3.0
1210.809736576294	0.01690029999986109	epochs	3.0
1210.8266368762938	0.03360460000021703	epochs	2.0
1210.8266368762938	0.016834800000196992	epochs	3.0
1210.843471676294	0.01676980000002004	epochs	3.0
1210.860241476294	0.033346599999958926	epochs	2.0
1210.860241476294	0.016705299999784984	epochs	3.0
1210.8769467762938	0.016641300000173942	epochs	3.0
1210.893588076294	0.033092499999838765	epochs	2.0
1210.893588076294	0.016577799999822673	epochs	3.0
1210.9101658762938	0.01651470000001609	epochs	3.0
1210.9266805762938	0.032842300000083924	epochs	2.0
1210.9266805762938	0.01645220000000336	epochs	3.0
1210.9431327762939	0.016390100000080565	epochs	3.0
1210.959522876294	0.03259570000000167	epochs	2.0
1210.959522876294	0.016328400000020338	epochs	3.0
1210.975851276294	0.016267299999981333	epochs	3.0
1210.992118576294	0.032352899999978035	epochs	2.0
1210.992118576294	0.016206600000032267	epochs	3.0
1211.008325176294	0.016146299999945768	epochs	3.0
1211.024471476294	0.032113700000081735	epochs	2.0
1211.024471476294	0.016086600000107865	epochs	3.0
1211.040558076294	0.01602709999997387	epochs	3.0
1211.056585176294	0.03187800000000607	epochs	2.0
1211.056585176294	0.0159681999998611	epochs	3.0
1211.0725533762939	0.01590980000014497	epochs	3.0
1211.088463176294	0.03164569999989908	epochs	2.0
1211.088463176294	0.015851599999905375	epochs	3.0
1211.104314776294	0.015794099999993705	epochs	3.0
1211.120108876294	0.03141670000013619	epochs	2.0
1211.120108876294	0.01573669999993399	epochs	3.0
1211.1358455762938	0.0156800000002022	epochs	3.0
1211.151525576294	0.03119109999988723	epochs	2.0
1211.151525576294	0.015623600000026272	epochs	3.0
1211.167149176294	0.015567499999860956	epochs	3.0
1211.182716676294	0.03096870000013041	epochs	2.0
1211.182716676294	0.015511999999944237	epochs	3.0
1211.1982286762939	0.015456700000186174	epochs	3.0
1211.213685376294	0.030749499999956242	epochs	2.0
1211.213685376294	0.015401999999994587	epochs	3.0
1211.229087376294	0.015347499999961656	epochs	3.0
1211.244434876294	0.03053320000003623	epochs	2.0
1211.244434876294	0.015293400000018664	epochs	3.0
1211.259728276294	0.015239800000017567	epochs	3.0
1211.274968076294	0.030320099999926242	epochs	2.0
1211.274968076294	0.015186499999799707	epochs	3.0
1211.2901545762938	0.015133600000126535	epochs	3.0
1211.305288176294	0.03010990000007041	epochs	2.0
1211.305288176294	0.015081000000009226	epochs	3.0
1211.320369176294	0.015028900000061185	epochs	3.0
1211.335398076294	0.029902499999934662	epochs	2.0
1211.335398076294	0.014976999999817053	epochs	3.0
1211.3503750762939	0.014925500000117609	epochs	3.0
1211.365300576294	0.029698099999905025	epochs	2.0
1211.365300576294	0.014874400000053356	epochs	3.0
1211.380174976294	0.01482369999985167	epochs	3.0
1211.3949986762939	0.029496300000118936	epochs	2.0
1211.3949986762939	0.014773200000036013	epochs	3.0
1211.409771876294	0.014723100000082923	epochs	3.0
1211.424494976294	0.029297399999904883	epochs	2.0
1211.424494976294	0.014673399999992398	epochs	3.0
1211.439168376294	0.014623999999912485	epochs	3.0
1211.453792376294	0.029101099999934377	epochs	2.0
1211.453792376294	0.014574900000070556	epochs	3.0
1211.468367276294	0.01452619999986382	epochs	3.0
1211.4828934762938	0.028907400000207417	epochs	2.0
1211.4828934762938	0.014477700000043114	epochs	3.0
1211.4973711762939	0.014429700000164303	epochs	3.0
1211.511800876294	0.028716199999962555	epochs	2.0
1211.511800876294	0.014381799999910072	epochs	3.0
1211.526182676294	0.014334400000052483	epochs	3.0
1211.540517076294	0.02852759999996124	epochs	2.0
1211.540517076294	0.014287199999898803	epochs	3.0
1211.554804276294	0.014240400000062436	epochs	3.0
1211.569044676294	0.028341400000044814	epochs	2.0
1211.569044676294	0.014193799999929979	epochs	3.0
1211.583238476294	0.014147600000114835	epochs	3.0
1211.597386076294	0.02815769999983786	epochs	2.0
1211.597386076294	0.014101699999855555	epochs	3.0
1211.6114877762939	0.014055999999982305	epochs	3.0
1211.6255437762939	0.027976300000091214	epochs	2.0
1211.6255437762939	0.014010600000119666	epochs	3.0
1211.639554376294	0.013965699999971548	epochs	3.0
1211.653520076294	0.027797199999895383	epochs	2.0
1211.653520076294	0.013920800000050804	epochs	3.0
1211.667440876294	0.01387639999984458	epochs	3.0
1211.6813172762938	0.02762040000015986	epochs	2.0
1211.6813172762938	0.013832200000024386	epochs	3.0
1211.6951494762939	0.013788200000135475	epochs	3.0
1211.708937676294	0.027445899999975154	epochs	2.0
1211.708937676294	0.013744599999881757	epochs	3.0
1211.7226822762939	0.013701300000093397	epochs	3.0
1211.736383576294	0.027273499999864725	epochs	2.0
1211.736383576294	0.013658200000008947	epochs	3.0
1211.750041776294	0.013615299999855779	epochs	3.0
1211.7636570762938	0.027103400000214606	epochs	2.0
1211.7636570762938	0.013572800000019924	epochs	3.0
1211.7772298762939	0.013530600000194681	epochs	3.0
1211.790760476294	0.026935199999797987	epochs	2.0
1211.790760476294	0.01348839999991469	epochs	3.0
1211.804248876294	0.013446799999883297	epochs	3.0
1211.8176956762939	0.026769199999989723	epochs	2.0
1211.8176956762939	0.013405200000079276	epochs	3.0
1211.831100876294	0.013363999999910448	epochs	3.0
1211.8444648762938	0.02660520000017641	epochs	2.0
1211.8444648762938	0.013322900000048321	epochs	3.0
1211.857787776294	0.013282300000128089	epochs	3.0
1211.871070076294	0.0264431999999033	epochs	2.0
1211.871070076294	0.013241699999980483	epochs	3.0
1211.884311776294	0.013201499999922817	epochs	3.0
1211.897513276294	0.026283200000079887	epochs	2.0
1211.897513276294	0.013161500000023807	epochs	3.0
1211.910674776294	0.01312170000005608	epochs	3.0
1211.923796476294	0.026124999999865395	epochs	2.0
1211.923796476294	0.013082100000019636	epochs	3.0
1211.936878576294	0.013042899999845758	epochs	3.0
1211.9499214762939	0.02596890000017993	epochs	2.0
1211.9499214762939	0.01300390000005791	epochs	3.0
1211.962925376294	0.012965000000122018	epochs	3.0
1211.975890376294	0.02581449999979668	epochs	2.0
1211.975890376294	0.012926399999969362	epochs	3.0
1211.988816776294	0.012888099999827318	epochs	3.0
1212.0017048762938	0.02566190000015922	epochs	2.0
1212.0017048762938	0.012849899999991976	epochs	3.0
1212.0145547762938	0.012812000000167245	epochs	3.0
1212.027366776294	0.025511199999982637	epochs	2.0
1212.027366776294	0.012774399999898378	epochs	3.0
1212.040141176294	0.012736800000084258	epochs	3.0
1212.052877976294	0.02536229999986972	epochs	2.0
1212.052877976294	0.01269969999998466	epochs	3.0
1212.065577676294	0.01266259999988506	epochs	3.0
1212.0782402762939	0.02521500000011656	epochs	2.0
1212.0782402762939	0.012625800000023446	epochs	3.0
1212.0908660762939	0.012589200000093115	epochs	3.0
1212.103455276294	0.024584799999956886	epochs	2.0
1212.126456576294	0.5	epochs	-1.0
1212.128040076294	0.9999199999999746	epochs	1.0
1212.626456576294	0.5	epochs	-1.0
1228.1409997940063	0.08303999999998268	epochs	0.0
1228.1409997940063	0.036520999999993364	epochs	1.0
1228.1775207940063	0.009997999999995955	epochs	1.0
1228.1875187940063	0.036520999999993364	epochs	1.0
1228.2240397940063	0.2299199999999928	epochs	0.0
1228.2240397940063	0.049999999999954525	epochs	1.0
1228.2740397940063	0.009999999999990905	epochs	1.0
1228.2840397940063	0.0500000000001819	epochs	1.0
1228.3340397940065	0.009999999999990905	epochs	1.0
1228.3440397940064	0.049999999999954525	epochs	1.0
1228.3940397940064	0.009999999999990905	epochs	1.0
1228.4040397940064	0.04991999999992913	epochs	1.0
