onset	duration	nwb_table	treelevel
10.431000232696533	0.09999999999999964	epochs	0.0
10.431000232696533	0.04499999999999993	epochs	1.0
10.476000232696533	0.009999999999999787	epochs	1.0
10.486000232696533	0.04499999999999993	epochs	1.0
10.531000232696533	0.5400349999999996	epochs	0.0
10.531000232696533	0.5	epochs	-1.0
10.531000232696533	0.5	epochs	-1.0
10.531000232696533	0.5	epochs	1.0
11.031000232696533	0.0400349999999996	epochs	-1.0
11.031000232696533	0.025000000000000355	epochs	-1.0
11.031000232696533	0.025000000000000355	epochs	1.0
11.056000232696533	0.009999999999999787	epochs	-1.0
11.056000232696533	0.009999999999999787	epochs	1.0
11.066000232696533	0.005034999999999457	epochs	-1.0
11.066000232696533	0.005034999999999457	epochs	1.0
11.071035232696532	0.16496000000000066	epochs	0.0
11.230999946594238	0.09999999999999964	epochs	0.0
11.230999946594238	0.04499999999999993	epochs	1.0
11.275999946594238	0.009999999999999787	epochs	1.0
11.285999946594238	0.04499999999999993	epochs	1.0
11.330999946594238	0.5004200000000001	epochs	0.0
11.330999946594238	0.5	epochs	-1.0
11.330999946594238	0.5	epochs	-1.0
11.330999946594238	0.5	epochs	1.0
11.830999946594238	0.00042000000000008697	epochs	-1.0
11.830999946594238	0.00042000000000008697	epochs	-1.0
11.830999946594238	0.00042000000000008697	epochs	1.0
11.831419946594238	0.20457500000000017	epochs	0.0
12.013999938964844	0.09999999999999964	epochs	0.0
12.013999938964844	0.04499999999999993	epochs	1.0
12.058999938964844	0.009999999999999787	epochs	1.0
12.068999938964843	0.04499999999999993	epochs	1.0
12.113999938964843	0.540420000000001	epochs	0.0
12.113999938964843	0.5	epochs	-1.0
12.113999938964843	0.5	epochs	-1.0
12.113999938964843	0.5	epochs	1.0
12.613999938964843	0.04042000000000101	epochs	-1.0
12.613999938964843	0.025000000000000355	epochs	-1.0
12.613999938964843	0.025000000000000355	epochs	1.0
12.638999938964844	0.009999999999999787	epochs	-1.0
12.638999938964844	0.009999999999999787	epochs	1.0
12.648999938964844	0.005420000000000869	epochs	-1.0
12.648999938964844	0.005420000000000869	epochs	1.0
12.654419938964844	0.16457499999999925	epochs	0.0
26.24500036239624	0.10000000000000142	epochs	0.0
26.24500036239624	0.045000000000001705	epochs	1.0
26.290000362396242	0.00999999999999801	epochs	1.0
26.30000036239624	0.045000000000001705	epochs	1.0
26.34500036239624	0.7049950000000003	epochs	0.0
26.34500036239624	0.5	epochs	-1.0
26.34500036239624	0.5	epochs	-1.0
26.34500036239624	0.5	epochs	1.0
26.84500036239624	0.05999999999999872	epochs	-1.0
26.84500036239624	0.02499999999999858	epochs	-1.0
26.84500036239624	0.02499999999999858	epochs	1.0
26.87000036239624	0.010000000000001563	epochs	-1.0
26.87000036239624	0.010000000000001563	epochs	1.0
26.880000362396242	0.02499999999999858	epochs	-1.0
26.880000362396242	0.02499999999999858	epochs	1.0
26.90500036239624	0.05999999999999872	epochs	-1.0
26.90500036239624	0.02499999999999858	epochs	-1.0
26.90500036239624	0.02499999999999858	epochs	1.0
26.93000036239624	0.010000000000001563	epochs	-1.0
26.93000036239624	0.010000000000001563	epochs	1.0
26.94000036239624	0.02499999999999858	epochs	-1.0
26.94000036239624	0.02499999999999858	epochs	1.0
26.96500036239624	0.060000000000002274	epochs	-1.0
26.96500036239624	0.02500000000000213	epochs	-1.0
26.96500036239624	0.02500000000000213	epochs	1.0
26.99000036239624	0.00999999999999801	epochs	-1.0
26.99000036239624	0.00999999999999801	epochs	1.0
27.00000036239624	0.02500000000000213	epochs	-1.0
27.00000036239624	0.02500000000000213	epochs	1.0
27.02500036239624	0.024995000000000545	epochs	1.0
27.478000164031982	0.10000000000000142	epochs	0.0
27.478000164031982	0.045000000000001705	epochs	1.0
27.523000164031984	0.00999999999999801	epochs	1.0
27.533000164031982	0.045000000000001705	epochs	1.0
27.578000164031984	0.7049950000000003	epochs	0.0
27.578000164031984	0.5	epochs	-1.0
27.578000164031984	0.5	epochs	-1.0
27.578000164031984	0.5	epochs	1.0
28.078000164031984	0.05999999999999872	epochs	-1.0
28.078000164031984	0.02499999999999858	epochs	-1.0
28.078000164031984	0.02499999999999858	epochs	1.0
28.103000164031982	0.010000000000001563	epochs	-1.0
28.103000164031982	0.010000000000001563	epochs	1.0
28.113000164031984	0.02499999999999858	epochs	-1.0
28.113000164031984	0.02499999999999858	epochs	1.0
28.138000164031983	0.05999999999999872	epochs	-1.0
28.138000164031983	0.02499999999999858	epochs	-1.0
28.138000164031983	0.02499999999999858	epochs	1.0
28.16300016403198	0.010000000000001563	epochs	-1.0
28.16300016403198	0.010000000000001563	epochs	1.0
28.173000164031983	0.02499999999999858	epochs	-1.0
28.173000164031983	0.02499999999999858	epochs	1.0
28.19800016403198	0.060000000000002274	epochs	-1.0
28.19800016403198	0.02500000000000213	epochs	-1.0
28.19800016403198	0.02500000000000213	epochs	1.0
28.223000164031983	0.00999999999999801	epochs	-1.0
28.223000164031983	0.00999999999999801	epochs	1.0
28.23300016403198	0.02500000000000213	epochs	-1.0
28.23300016403198	0.02500000000000213	epochs	1.0
28.258000164031984	0.024995000000000545	epochs	1.0
264.1170001029968	0.10000000000002274	epochs	0.0
264.1170001029968	0.045000000000015916	epochs	1.0
264.16200010299684	0.009999999999990905	epochs	1.0
264.17200010299683	0.045000000000015916	epochs	1.0
264.21700010299685	0.7049949999999967	epochs	0.0
264.21700010299685	0.5	epochs	-1.0
264.21700010299685	0.5	epochs	1.0
264.71700010299685	0.060000000000002274	epochs	-1.0
264.71700010299685	0.024999999999977263	epochs	-1.0
264.71700010299685	0.024999999999977263	epochs	1.0
264.7420001029968	0.009999999999990905	epochs	-1.0
264.7420001029968	0.009999999999990905	epochs	1.0
264.7520001029968	0.025000000000034106	epochs	-1.0
264.7520001029968	0.025000000000034106	epochs	1.0
264.77700010299685	0.060000000000002274	epochs	-1.0
264.77700010299685	0.024999999999977263	epochs	-1.0
264.77700010299685	0.024999999999977263	epochs	1.0
264.80200010299683	0.009999999999990905	epochs	-1.0
264.80200010299683	0.009999999999990905	epochs	1.0
264.8120001029968	0.025000000000034106	epochs	-1.0
264.8120001029968	0.025000000000034106	epochs	1.0
264.83700010299685	0.05999999999994543	epochs	-1.0
264.83700010299685	0.024999999999977263	epochs	-1.0
264.83700010299685	0.024999999999977263	epochs	1.0
264.86200010299683	0.009999999999990905	epochs	-1.0
264.86200010299683	0.009999999999990905	epochs	1.0
264.8720001029968	0.024999999999977263	epochs	-1.0
264.8720001029968	0.024999999999977263	epochs	1.0
264.8970001029968	0.02499500000004673	epochs	1.0
321.29100036621094	0.10000000000002274	epochs	0.0
321.29100036621094	0.045000000000015916	epochs	1.0
321.33600036621095	0.009999999999990905	epochs	1.0
321.34600036621094	0.045000000000015916	epochs	1.0
321.39100036621096	61.384995	epochs	0.0
321.39100036621096	0.5	epochs	-1.0
321.39100036621096	0.5	epochs	-1.0
321.39100036621096	0.5	epochs	1.0
321.89100036621096	0.060000000000002274	epochs	-1.0
321.89100036621096	0.024999999999977263	epochs	-1.0
321.89100036621096	0.024999999999977263	epochs	1.0
321.91600036621094	0.009999999999990905	epochs	-1.0
321.91600036621094	0.009999999999990905	epochs	1.0
321.9260003662109	0.025000000000034106	epochs	-1.0
321.9260003662109	0.025000000000034106	epochs	1.0
321.95100036621096	0.060000000000002274	epochs	-1.0
321.95100036621096	0.024999999999977263	epochs	-1.0
321.95100036621096	0.024999999999977263	epochs	1.0
321.97600036621094	0.009999999999990905	epochs	-1.0
321.97600036621094	0.009999999999990905	epochs	1.0
321.98600036621093	0.025000000000034106	epochs	-1.0
321.98600036621093	0.025000000000034106	epochs	1.0
322.01100036621096	0.05999999999994543	epochs	-1.0
322.01100036621096	0.024999999999977263	epochs	-1.0
322.01100036621096	0.024999999999977263	epochs	1.0
322.03600036621094	0.009999999999990905	epochs	-1.0
322.03600036621094	0.009999999999990905	epochs	1.0
322.04600036621093	0.024999999999977263	epochs	-1.0
322.04600036621093	0.024999999999977263	epochs	1.0
322.0710003662109	60.0	epochs	1.0
382.0710003662109	0.5	epochs	-1.0
382.0710003662109	0.5	epochs	-1.0
382.0710003662109	0.5	epochs	1.0
382.5710003662109	0.06000000000005912	epochs	-1.0
382.5710003662109	0.025000000000034106	epochs	-1.0
382.5710003662109	0.025000000000034106	epochs	1.0
382.59600036621094	0.009999999999990905	epochs	-1.0
382.59600036621094	0.009999999999990905	epochs	1.0
382.60600036621094	0.025000000000034106	epochs	-1.0
382.60600036621094	0.025000000000034106	epochs	1.0
382.63100036621097	0.05999999999994543	epochs	-1.0
382.63100036621097	0.024999999999977263	epochs	-1.0
382.63100036621097	0.024999999999977263	epochs	1.0
382.65600036621095	0.009999999999990905	epochs	-1.0
382.65600036621095	0.009999999999990905	epochs	1.0
382.66600036621094	0.024999999999977263	epochs	-1.0
382.66600036621094	0.024999999999977263	epochs	1.0
382.6910003662109	0.060000000000002274	epochs	-1.0
382.6910003662109	0.025000000000034106	epochs	-1.0
382.6910003662109	0.025000000000034106	epochs	1.0
382.71600036621095	0.009999999999990905	epochs	-1.0
382.71600036621095	0.009999999999990905	epochs	1.0
382.72600036621094	0.024999999999977263	epochs	-1.0
382.72600036621094	0.024999999999977263	epochs	1.0
382.7510003662109	0.02499500000004673	epochs	1.0
437.96200037002563	0.10000000000002274	epochs	0.0
437.96200037002563	0.045000000000015916	epochs	1.0
438.00700037002565	0.009999999999990905	epochs	1.0
438.01700037002564	0.045000000000015916	epochs	1.0
438.06200037002566	0.7049949999999967	epochs	0.0
438.06200037002566	0.5	epochs	-1.0
438.06200037002566	0.5	epochs	-1.0
438.06200037002566	0.5	epochs	1.0
438.56200037002566	0.060000000000002274	epochs	-1.0
438.56200037002566	0.024999999999977263	epochs	-1.0
438.56200037002566	0.024999999999977263	epochs	1.0
438.58700037002563	0.009999999999990905	epochs	-1.0
438.58700037002563	0.009999999999990905	epochs	1.0
438.5970003700256	0.025000000000034106	epochs	-1.0
438.5970003700256	0.025000000000034106	epochs	1.0
438.62200037002566	0.060000000000002274	epochs	-1.0
438.62200037002566	0.024999999999977263	epochs	-1.0
438.62200037002566	0.024999999999977263	epochs	1.0
438.64700037002564	0.009999999999990905	epochs	-1.0
438.64700037002564	0.009999999999990905	epochs	1.0
438.6570003700256	0.025000000000034106	epochs	-1.0
438.6570003700256	0.025000000000034106	epochs	1.0
438.68200037002566	0.05999999999994543	epochs	-1.0
438.68200037002566	0.024999999999977263	epochs	-1.0
438.68200037002566	0.024999999999977263	epochs	1.0
438.70700037002564	0.009999999999990905	epochs	-1.0
438.70700037002564	0.009999999999990905	epochs	1.0
438.71700037002563	0.024999999999977263	epochs	-1.0
438.71700037002563	0.024999999999977263	epochs	1.0
438.7420003700256	0.02499500000004673	epochs	1.0
475.7070002555847	0.09521999999998343	epochs	0.0
475.7070002555847	0.04261100000002216	epochs	1.0
475.74961125558474	0.009997999999995955	epochs	1.0
475.75960925558473	0.042610999999965316	epochs	1.0
475.8022202555847	5.999979999999994	epochs	0.0
475.8022202555847	0.5	epochs	1.0
475.80223835558473	0.5	epochs	-1.0
475.80223835558473	0.5	epochs	-1.0
476.3022202555847	5.0	epochs	1.0
481.3022202555847	0.49997999999999365	epochs	1.0
481.30223835558473	0.49996189999995977	epochs	-1.0
487.2610001564026	0.09521999999998343	epochs	0.0
487.2610001564026	0.04261100000002216	epochs	1.0
487.3036111564026	0.009997999999995955	epochs	1.0
487.3136091564026	0.042610999999965316	epochs	1.0
487.35622015640257	2.504700000000014	epochs	0.0
487.35622015640257	0.5	epochs	1.0
487.3562382564026	0.5	epochs	-1.0
487.85622015640257	1.0	epochs	1.0
488.85622015640257	1.004700000000014	epochs	1.0
489.3562382564026	0.5	epochs	-1.0
489.8609201564026	0.9952799999999797	epochs	0.0
490.1779999732971	0.09521999999998343	epochs	0.0
490.1779999732971	0.04261100000002216	epochs	1.0
490.22061097329714	0.009997999999995955	epochs	1.0
490.23060897329714	0.042610999999965316	epochs	1.0
490.2732199732971	2.5043600000000197	epochs	0.0
490.2732199732971	0.5	epochs	1.0
490.27323807329714	0.5	epochs	-1.0
490.7732199732971	1.0	epochs	1.0
491.7732199732971	1.0043600000000197	epochs	1.0
492.27323807329714	0.5	epochs	-1.0
492.7775799732971	0.995619999999974	epochs	0.0
493.12200021743774	0.09521999999998343	epochs	0.0
493.12200021743774	0.04261100000002216	epochs	1.0
493.16461121743777	0.009997999999995955	epochs	1.0
493.17460921743776	0.042610999999965316	epochs	1.0
493.2172202174377	3.4999799999999937	epochs	0.0
493.2172202174377	0.5	epochs	1.0
493.21723831743776	0.5	epochs	-1.0
493.7172202174377	1.0	epochs	1.0
494.7172202174377	1.9999799999999937	epochs	1.0
495.21723831743776	0.5	epochs	-1.0
495.71723831743776	0.5	epochs	-1.0
497.0550003051758	0.09521999999998343	epochs	0.0
497.0550003051758	0.04261100000002216	epochs	1.0
497.0976113051758	0.009997999999995955	epochs	1.0
497.1076093051758	0.042610999999965316	epochs	1.0
497.15022030517576	3.4999799999999937	epochs	0.0
497.15022030517576	0.5	epochs	1.0
497.1502384051758	0.5	epochs	-1.0
497.65022030517576	1.0	epochs	1.0
498.65022030517576	1.9999799999999937	epochs	1.0
499.1502384051758	0.5	epochs	-1.0
499.6502384051758	0.5	epochs	-1.0
501.02699995040894	0.09521999999998343	epochs	0.0
501.02699995040894	0.04261100000002216	epochs	1.0
501.06961095040896	0.009997999999995955	epochs	1.0
501.07960895040895	0.042610999999965316	epochs	1.0
501.1222199504089	0.5050200000000018	epochs	0.0
501.1222199504089	0.5	epochs	1.0
501.12223805040895	0.5	epochs	-1.0
501.6222199504089	0.005020000000001801	epochs	1.0
501.6272399504089	2.994959999999992	epochs	0.0
514.2910003662109	0.09522000000004027	epochs	0.0
514.2910003662109	0.042610999999965316	epochs	1.0
514.3336113662109	0.009997999999995955	epochs	1.0
514.3436093662109	0.042611000000079	epochs	1.0
514.386220366211	2.5048399999999447	epochs	0.0
514.386220366211	0.5	epochs	1.0
514.3862384662109	0.5	epochs	-1.0
514.886220366211	1.0	epochs	1.0
515.886220366211	1.0048399999999447	epochs	1.0
516.3862384662109	0.5	epochs	-1.0
516.8910603662109	0.9951399999999921	epochs	0.0
517.2239999771118	0.09522000000004027	epochs	0.0
517.2239999771118	0.042610999999965316	epochs	1.0
517.2666109771118	0.009997999999995955	epochs	1.0
517.2766089771118	0.042611000000079	epochs	1.0
517.3192199771119	2.5042199999999184	epochs	0.0
517.3192199771119	0.5	epochs	1.0
517.3192380771118	0.5	epochs	-1.0
517.8192199771119	1.0	epochs	1.0
518.8192199771119	1.0042199999999184	epochs	1.0
519.3192380771118	0.5	epochs	-1.0
519.8234399771118	0.9957600000000184	epochs	0.0
520.1909999847412	0.09522000000004027	epochs	0.0
520.1909999847412	0.042610999999965316	epochs	1.0
520.2336109847412	0.009997999999995955	epochs	1.0
520.2436089847412	0.042611000000079	epochs	1.0
520.2862199847413	3.024659999999926	epochs	0.0
520.2862199847413	0.5	epochs	1.0
520.2862380847412	0.5	epochs	-1.0
520.7862199847413	1.0	epochs	1.0
521.7862199847413	1.5246599999999262	epochs	1.0
522.2862380847412	0.5	epochs	-1.0
522.7862380847412	0.5	epochs	-1.0
523.3108799847412	0.4753200000000106	epochs	0.0
523.7720003128052	0.6499800000000278	epochs	0.0
523.7720003128052	0.049999999999954525	epochs	1.0
523.8220003128051	0.5	epochs	1.0
524.3220003128051	0.09998000000007323	epochs	1.0
524.8720002174377	0.6499800000000278	epochs	0.0
524.8720002174377	0.049999999999954525	epochs	1.0
524.9220002174377	0.5	epochs	1.0
525.4220002174377	0.09998000000007323	epochs	1.0
525.954999923706	0.6499800000000278	epochs	0.0
525.954999923706	0.049999999999954525	epochs	1.0
526.004999923706	0.5	epochs	1.0
526.504999923706	0.09998000000007323	epochs	1.0
527.0880002975464	0.6499800000000278	epochs	0.0
527.0880002975464	0.049999999999954525	epochs	1.0
527.1380002975463	0.5	epochs	1.0
527.6380002975463	0.09998000000007323	epochs	1.0
528.188000202179	0.6499800000000278	epochs	0.0
528.188000202179	0.049999999999954525	epochs	1.0
528.2380002021789	0.5	epochs	1.0
528.7380002021789	0.09998000000007323	epochs	1.0
529.3220000267029	0.09522000000004027	epochs	0.0
529.3220000267029	0.042610999999965316	epochs	1.0
529.3646110267028	0.009997999999995955	epochs	1.0
529.3746090267028	0.042611000000079	epochs	1.0
529.4172200267029	2.5044599999999946	epochs	0.0
529.4172200267029	0.5	epochs	1.0
529.4172381267028	0.5	epochs	-1.0
529.9172200267029	1.0	epochs	1.0
530.9172200267029	1.0044599999999946	epochs	1.0
531.4172381267028	0.5	epochs	-1.0
531.9216800267029	2.9955199999999422	epochs	0.0
534.5920000076294	0.09522000000004027	epochs	0.0
534.5920000076294	0.042610999999965316	epochs	1.0
534.6346110076294	0.009997999999995955	epochs	1.0
534.6446090076294	0.042611000000079	epochs	1.0
534.6872200076294	2.5243399999999383	epochs	0.0
534.6872200076294	0.5	epochs	1.0
534.6872381076294	0.5	epochs	-1.0
535.1872200076294	1.0	epochs	1.0
536.1872200076294	1.0243399999999383	epochs	1.0
536.6872381076294	0.5	epochs	-1.0
537.2115600076294	2.9756399999999985	epochs	0.0
539.8420000076294	0.09522000000004027	epochs	0.0
539.8420000076294	0.042610999999965316	epochs	1.0
539.8846110076294	0.009997999999995955	epochs	1.0
539.8946090076294	0.042611000000079	epochs	1.0
539.9372200076294	2.5252199999999903	epochs	0.0
539.9372200076294	0.5	epochs	1.0
539.9372381076294	0.5	epochs	-1.0
540.4372200076294	1.0	epochs	1.0
541.4372200076294	1.0252199999999903	epochs	1.0
541.9372381076294	0.5	epochs	-1.0
542.4624400076294	2.9747599999999466	epochs	0.0
545.058000087738	0.09522000000004027	epochs	0.0
545.058000087738	0.042610999999965316	epochs	1.0
545.100611087738	0.009997999999995955	epochs	1.0
545.110609087738	0.042611000000079	epochs	1.0
545.1532200877381	2.504699999999957	epochs	0.0
545.1532200877381	0.5	epochs	1.0
545.153238187738	0.5	epochs	-1.0
545.6532200877381	1.0	epochs	1.0
546.6532200877381	1.004699999999957	epochs	1.0
547.153238187738	0.5	epochs	-1.0
547.657920087738	3.9952799999999797	epochs	0.0
548.191999912262	0.09522000000004027	epochs	0.0
548.191999912262	0.042610999999965316	epochs	1.0
548.2346109122619	0.009997999999995955	epochs	1.0
548.2446089122619	0.042611000000079	epochs	1.0
548.287219912262	0.505019999999945	epochs	0.0
548.287219912262	0.5	epochs	1.0
548.2872380122619	0.5	epochs	-1.0
548.787219912262	0.005019999999944957	epochs	1.0
548.792239912262	5.994959999999992	epochs	0.0
549.2750000953674	0.09522000000004027	epochs	0.0
549.2750000953674	0.042610999999965316	epochs	1.0
549.3176110953674	0.009997999999995955	epochs	1.0
549.3276090953674	0.042611000000079	epochs	1.0
549.3702200953675	2.5043399999999565	epochs	0.0
549.3702200953675	0.5	epochs	1.0
549.3702381953674	0.5	epochs	-1.0
549.8702200953675	1.0	epochs	1.0
550.8702200953675	1.0043399999999565	epochs	1.0
551.3702381953674	0.5	epochs	-1.0
551.8745600953674	3.9956399999999803	epochs	0.0
552.326000213623	0.09522000000004027	epochs	0.0
552.326000213623	0.042610999999965316	epochs	1.0
552.368611213623	0.009997999999995955	epochs	1.0
552.378609213623	0.042611000000079	epochs	1.0
552.4212202136231	2.5052200000000084	epochs	0.0
552.4212202136231	0.5	epochs	1.0
552.421238313623	0.5	epochs	-1.0
552.9212202136231	1.0	epochs	1.0
553.9212202136231	1.0052200000000084	epochs	1.0
554.421238313623	0.5	epochs	-1.0
554.9264402136231	3.9947599999999284	epochs	0.0
555.4430003166199	0.09522000000004027	epochs	0.0
555.4430003166199	0.042610999999965316	epochs	1.0
555.4856113166198	0.009997999999995955	epochs	1.0
555.4956093166198	0.042611000000079	epochs	1.0
555.5382203166199	2.5050999999999704	epochs	0.0
555.5382203166199	0.5	epochs	1.0
555.5382384166198	0.5	epochs	-1.0
556.0382203166199	1.0	epochs	1.0
557.0382203166199	1.0050999999999704	epochs	1.0
557.5382384166198	0.5	epochs	-1.0
558.0433203166199	3.9948799999999665	epochs	0.0
558.6100001335144	0.09522000000004027	epochs	0.0
558.6100001335144	0.042610999999965316	epochs	1.0
558.6526111335144	0.009997999999995955	epochs	1.0
558.6626091335144	0.042611000000079	epochs	1.0
558.7052201335144	0.5043999999999187	epochs	0.0
558.7052201335144	0.5	epochs	1.0
558.7052382335144	0.5	epochs	-1.0
559.2052201335144	0.004399999999918691	epochs	1.0
559.2096201335144	5.995580000000018	epochs	0.0
574.7969999313354	0.09522000000004027	epochs	0.0
574.7969999313354	0.042610999999965316	epochs	1.0
574.8396109313354	0.009997999999995955	epochs	1.0
574.8496089313354	0.042611000000079	epochs	1.0
574.8922199313355	2.524599999999964	epochs	0.0
574.8922199313355	0.5	epochs	1.0
574.8922380313354	0.5	epochs	-1.0
575.3922199313355	1.0	epochs	1.0
576.3922199313355	1.024599999999964	epochs	1.0
576.8922380313354	0.5	epochs	-1.0
577.4168199313355	3.975379999999973	epochs	0.0
577.9470000267029	0.09522000000004027	epochs	0.0
577.9470000267029	0.042610999999965316	epochs	1.0
577.9896110267028	0.009997999999995955	epochs	1.0
577.9996090267028	0.042611000000079	epochs	1.0
578.0422200267029	2.5043399999999565	epochs	0.0
578.0422200267029	0.5	epochs	1.0
578.0422381267028	0.5	epochs	-1.0
578.5422200267029	1.0	epochs	1.0
579.5422200267029	1.0043399999999565	epochs	1.0
580.0422381267028	0.5	epochs	-1.0
580.5465600267029	3.9956399999999803	epochs	0.0
581.1160001754761	0.15297999999995682	epochs	0.0
581.1160001754761	0.049999999999954525	epochs	1.0
581.166000175476	0.0030000000000427463	epochs	1.0
581.1690001754761	0.09997999999995955	epochs	1.0
581.8489999771118	0.15297999999995682	epochs	0.0
581.8489999771118	0.049999999999954525	epochs	1.0
581.8989999771118	0.0030000000000427463	epochs	1.0
581.9019999771118	0.09997999999995955	epochs	1.0
582.5659999847412	0.15297999999995682	epochs	0.0
582.5659999847412	0.049999999999954525	epochs	1.0
582.6159999847412	0.0030000000000427463	epochs	1.0
582.6189999847412	0.09997999999995955	epochs	1.0
583.2490000724792	0.15297999999995682	epochs	0.0
583.2490000724792	0.049999999999954525	epochs	1.0
583.2990000724792	0.0030000000000427463	epochs	1.0
583.3020000724792	0.09997999999995955	epochs	1.0
583.9830002784729	0.15297999999995682	epochs	0.0
583.9830002784729	0.049999999999954525	epochs	1.0
584.0330002784729	0.0030000000000427463	epochs	1.0
584.0360002784729	0.09997999999995955	epochs	1.0
584.683000087738	0.15297999999995682	epochs	0.0
584.683000087738	0.049999999999954525	epochs	1.0
584.733000087738	0.0030000000000427463	epochs	1.0
584.736000087738	0.09997999999995955	epochs	1.0
585.433000087738	0.15297999999995682	epochs	0.0
585.433000087738	0.049999999999954525	epochs	1.0
585.483000087738	0.0030000000000427463	epochs	1.0
585.486000087738	0.09997999999995955	epochs	1.0
586.1990003585815	0.15297999999995682	epochs	0.0
586.1990003585815	0.049999999999954525	epochs	1.0
586.2490003585815	0.0030000000000427463	epochs	1.0
586.2520003585815	0.09997999999995955	epochs	1.0
586.9830002784729	0.15297999999995682	epochs	0.0
586.9830002784729	0.049999999999954525	epochs	1.0
587.0330002784729	0.0030000000000427463	epochs	1.0
587.0360002784729	0.09997999999995955	epochs	1.0
587.7990002632141	0.15297999999995682	epochs	0.0
587.7990002632141	0.049999999999954525	epochs	1.0
587.8490002632141	0.0030000000000427463	epochs	1.0
587.8520002632141	0.09997999999995955	epochs	1.0
588.5329999923706	0.15297999999995682	epochs	0.0
588.5329999923706	0.049999999999954525	epochs	1.0
588.5829999923706	0.0030000000000427463	epochs	1.0
588.5859999923706	0.09997999999995955	epochs	1.0
589.3830003738403	0.15297999999995682	epochs	0.0
589.3830003738403	0.049999999999954525	epochs	1.0
589.4330003738403	0.0030000000000427463	epochs	1.0
589.4360003738403	0.09997999999995955	epochs	1.0
590.183000087738	0.09522000000004027	epochs	0.0
590.183000087738	0.042610999999965316	epochs	1.0
590.225611087738	0.009997999999995955	epochs	1.0
590.235609087738	0.042611000000079	epochs	1.0
590.2782200877381	0.5045199999999568	epochs	0.0
590.2782200877381	0.5	epochs	1.0
590.278238187738	0.5	epochs	-1.0
590.7782200877381	0.0029999999999290594	epochs	1.0
590.781220087738	0.0015200000000277214	epochs	1.0
590.782740087738	1.0984600000000455	epochs	0.0
592.4320001602173	0.09522000000004027	epochs	0.0
592.4320001602173	0.042610999999965316	epochs	1.0
592.4746111602173	0.009997999999995955	epochs	1.0
592.4846091602172	0.042611000000079	epochs	1.0
592.5272201602173	1.5044199999999819	epochs	0.0
592.5272201602173	0.5	epochs	1.0
592.5272382602172	0.5	epochs	-1.0
593.0272201602173	0.0029999999999290594	epochs	1.0
593.0302201602173	1.0014200000000528	epochs	1.0
593.5302382602173	0.5	epochs	-1.0
594.0316401602173	0.09856000000002041	epochs	0.0
594.6319999694824	0.09522000000004027	epochs	0.0
594.6319999694824	0.042610999999965316	epochs	1.0
594.6746109694824	0.009997999999995955	epochs	1.0
594.6846089694824	0.042611000000079	epochs	1.0
594.7272199694825	1.5045599999999695	epochs	0.0
594.7272199694825	0.5	epochs	1.0
594.7272380694824	0.5	epochs	-1.0
595.2272199694825	0.0029999999999290594	epochs	1.0
595.2302199694824	1.0015600000000404	epochs	1.0
595.7302380694824	0.5	epochs	-1.0
596.2317799694824	0.09842000000003281	epochs	0.0
596.8819999694824	0.09522000000004027	epochs	0.0
596.8819999694824	0.042610999999965316	epochs	1.0
596.9246109694824	0.009997999999995955	epochs	1.0
596.9346089694824	0.042611000000079	epochs	1.0
596.9772199694825	9.36415999999997	epochs	0.0
596.9772199694825	0.5	epochs	1.0
596.9772380694824	0.5	epochs	-1.0
597.4772199694825	8.86415999999997	epochs	1.0
605.3416799694825	0.9996999999999616	epochs	-1.0
605.3416799694825	0.039679999999975735	epochs	-1.0
605.8391780694824	0.5	epochs	-1.0
606.3413799694824	10.135819999999967	epochs	0.0
607.2920002937317	0.09522000000004027	epochs	0.0
607.2920002937317	0.042610999999965316	epochs	1.0
607.3346112937317	0.009997999999995955	epochs	1.0
607.3446092937317	0.042611000000079	epochs	1.0
607.3872202937317	9.104839999999967	epochs	0.0
607.3872202937317	0.5	epochs	1.0
607.3872383937316	0.5	epochs	-1.0
607.8872202937317	8.604839999999967	epochs	1.0
615.4923402937317	0.9997200000000248	epochs	-1.0
615.4923402937317	0.04032000000006519	epochs	-1.0
615.9898383937317	0.5	epochs	-1.0
616.4920602937317	10.39513999999997	epochs	0.0
617.2109999656677	0.09522000000004027	epochs	0.0
617.2109999656677	0.042610999999965316	epochs	1.0
617.2536109656677	0.009997999999995955	epochs	1.0
617.2636089656677	0.042611000000079	epochs	1.0
617.3062199656678	8.904859999999985	epochs	0.0
617.3062199656678	0.5	epochs	1.0
617.3062380656677	0.5	epochs	-1.0
617.8062199656678	8.404859999999985	epochs	1.0
625.2106199656678	1.0004599999999755	epochs	-1.0
625.2106199656678	0.039559999999937645	epochs	-1.0
625.7081180656677	0.5	epochs	-1.0
626.2110799656678	10.595119999999952	epochs	0.0
638.5209999084473	0.09519999999997708	epochs	0.0
638.5209999084473	0.04260199999998804	epochs	1.0
638.5636019084473	0.009996000000001004	epochs	1.0
638.5735979084473	0.04260199999998804	epochs	1.0
638.6161999084472	2.0	epochs	0.0
640.6161999084472	0.5240800000000263	epochs	0.0
640.6161999084472	0.5240800000000263	epochs	1.0
640.6162380084472	0.5	epochs	-1.0
641.1162380084472	0.024041900000042915	epochs	-1.0
641.1402799084473	21.47583999999995	epochs	0.0
642.3830003738403	0.09519999999997708	epochs	0.0
642.3830003738403	0.04260199999998804	epochs	1.0
642.4256023738403	0.009996000000001004	epochs	1.0
642.4355983738403	0.04260199999998804	epochs	1.0
642.4782003738403	2.0	epochs	0.0
644.4782003738403	0.524560000000065	epochs	0.0
644.4782003738403	0.524560000000065	epochs	1.0
644.4782384738403	0.5	epochs	-1.0
644.9782384738403	0.024521900000081587	epochs	-1.0
645.0027603738404	21.47535999999991	epochs	0.0
646.183000087738	0.09519999999997708	epochs	0.0
646.183000087738	0.04260199999998804	epochs	1.0
646.225602087738	0.009996000000001004	epochs	1.0
646.235598087738	0.04260199999998804	epochs	1.0
646.278200087738	2.0	epochs	0.0
648.278200087738	0.5240800000000263	epochs	0.0
648.278200087738	0.5240800000000263	epochs	1.0
648.278238187738	0.5	epochs	-1.0
648.778238187738	0.024041900000042915	epochs	-1.0
648.802280087738	21.47583999999995	epochs	0.0
650.0989999771118	0.09519999999997708	epochs	0.0
650.0989999771118	0.04260199999998804	epochs	1.0
650.1416019771118	0.009996000000001004	epochs	1.0
650.1515979771118	0.04260199999998804	epochs	1.0
650.1941999771118	2.0	epochs	0.0
652.1941999771118	5.40440000000001	epochs	0.0
652.1941999771118	1.0	epochs	1.0
652.1942380771118	0.5	epochs	-1.0
652.6942380771118	4.904361900000026	epochs	-1.0
653.1941999771118	4.40440000000001	epochs	1.0
653.1941999771118	4.356753900000058	epochs	-1.0
653.1941999771118	1.9745871999999736	epochs	2.0
653.1941999771118	1.0985622000000603	epochs	3.0
654.2927621771119	0.8760249999999132	epochs	3.0
655.1687871771118	1.3524075000000266	epochs	2.0
655.1687871771118	0.7286354999999958	epochs	3.0
655.8974226771118	0.6237720000000309	epochs	3.0
656.5211946771118	1.0297592000000577	epochs	2.0
656.5211946771118	0.5453293000000485	epochs	3.0
657.0665239771118	0.4844299000000092	epochs	3.0
657.5509538771119	0.04764609999995173	epochs	2.0
657.5509538771119	0.04764609999995173	epochs	3.0
657.5985999771118	16.595519999999965	epochs	0.0
658.4210000038147	0.09519999999997708	epochs	0.0
658.4210000038147	0.04260199999998804	epochs	1.0
658.4636020038147	0.009996000000001004	epochs	1.0
658.4735980038147	0.04260199999998804	epochs	1.0
658.5162000038147	2.0	epochs	0.0
660.5162000038147	21.52503999999999	epochs	0.0
660.5162000038147	1.0	epochs	1.0
660.5162381038147	0.5	epochs	-1.0
661.0162381038147	19.998320000000035	epochs	-1.0
661.5162000038147	20.0	epochs	1.0
661.5162000038147	4.356753900000058	epochs	-1.0
661.5162000038147	1.9745871999999736	epochs	2.0
661.5162000038147	1.0985622000000603	epochs	3.0
662.6147622038147	0.8760249999999132	epochs	3.0
663.4907872038146	1.3524075000000266	epochs	2.0
663.4907872038146	0.7286354999999958	epochs	3.0
664.2194227038146	0.6237720000000309	epochs	3.0
664.8431947038147	1.0297592000000577	epochs	2.0
664.8431947038147	0.5453293000000485	epochs	3.0
665.3885240038147	0.4844299000000092	epochs	3.0
665.8729539038147	0.8317862000000105	epochs	2.0
665.8729539038147	0.4357762999999295	epochs	3.0
666.3087302038147	0.39600990000008096	epochs	3.0
666.7047401038147	0.6977969999999232	epochs	2.0
666.7047401038147	0.36289819999990414	epochs	3.0
667.0676383038146	0.33489880000001904	epochs	3.0
667.4025371038147	0.601045699999986	epochs	2.0
667.4025371038147	0.3109123000000409	epochs	3.0
667.7134494038147	0.29013339999994514	epochs	3.0
668.0035828038147	0.5278859000000011	epochs	2.0
668.0035828038147	0.2719586000000618	epochs	3.0
668.2755414038147	0.25592729999993935	epochs	3.0
668.5314687038147	0.4706193000000667	epochs	2.0
668.5314687038147	0.2416813000000957	epochs	3.0
668.7731500038147	0.228937999999971	epochs	3.0
669.0020880038147	0.42457039999999324	epochs	2.0
669.0020880038147	0.21747140000002219	epochs	3.0
669.2195594038147	0.20709899999997106	epochs	3.0
669.4266584038147	0.3867354000000205	epochs	2.0
669.4266584038147	0.19767109999997956	epochs	3.0
669.6243295038147	0.18906430000004093	epochs	3.0
669.8133938038147	0.3550953000000163	epochs	2.0
669.8133938038147	0.18117589999997108	epochs	3.0
669.9945697038147	0.17391940000004524	epochs	3.0
670.1684891038147	0.3282430999998951	epochs	2.0
670.1684891038147	0.16722189999995862	epochs	3.0
670.3357110038147	0.16102119999993647	epochs	3.0
670.4967322038146	0.30516800000009425	epochs	2.0
670.4967322038146	0.15526390000002266	epochs	3.0
670.6519961038147	0.1499041000000716	epochs	3.0
670.8019002038147	0.28512530000000424	epochs	2.0
670.8019002038147	0.1449020999999675	epochs	3.0
670.9468023038147	0.14022320000003674	epochs	3.0
671.0870255038147	0.2675537999999733	epochs	2.0
671.0870255038147	0.1358368999999584	epochs	3.0
671.2228624038147	0.1317169000000149	epochs	3.0
671.3545793038147	0.252022899999929	epochs	2.0
671.3545793038147	0.1278393000000051	epochs	3.0
671.4824186038147	0.1241835999999239	epochs	3.0
671.6066022038146	0.23819650000007186	epochs	2.0
671.6066022038146	0.12073110000005727	epochs	3.0
671.7273333038147	0.1174654000000146	epochs	3.0
671.8447987038147	0.2258087999999816	epochs	2.0
671.8447987038147	0.11437190000003739	epochs	3.0
671.9591706038148	0.11143689999994422	epochs	3.0
672.0706075038147	0.2146460000000161	epochs	2.0
672.0706075038147	0.10864890000004834	epochs	3.0
672.1792564038147	0.10599709999996776	epochs	3.0
672.2852535038147	0.20453499999996438	epochs	2.0
672.2852535038147	0.10347149999995509	epochs	3.0
672.3887250038147	0.1010635000000093	epochs	3.0
672.4897885038147	0.19533400000000256	epochs	2.0
672.4897885038147	0.09876510000003691	epochs	3.0
672.5885536038147	0.09656889999996565	epochs	3.0
672.6851225038147	0.18692529999998442	epochs	2.0
672.6851225038147	0.09446830000001682	epochs	3.0
672.7795908038147	0.09245699999996759	epochs	3.0
672.8720478038147	0.17921069999999872	epochs	2.0
672.8720478038147	0.0905296000000817	epochs	3.0
672.9625774038147	0.08868109999991702	epochs	3.0
673.0512585038147	0.17210770000008324	epochs	2.0
673.0512585038147	0.08690630000000965	epochs	3.0
673.1381648038147	0.08520140000007359	epochs	3.0
673.2233662038147	0.1655463999999256	epochs	2.0
673.2233662038147	0.08356189999994967	epochs	3.0
673.3069281038147	0.08198449999997592	epochs	3.0
673.3889126038147	0.15946710000002895	epochs	2.0
673.3889126038147	0.08046539999998004	epochs	3.0
673.4693780038147	0.07900170000004891	epochs	3.0
673.5483797038147	0.15381839999997737	epochs	2.0
673.5483797038147	0.07759009999995214	epochs	3.0
673.6259698038147	0.07622830000002523	epochs	3.0
673.7021981038147	0.14855639999996129	epochs	2.0
673.7021981038147	0.07491330000004837	epochs	3.0
673.7771114038147	0.07364309999991292	epochs	3.0
673.8507545038146	0.14364240000008976	epochs	2.0
673.8507545038146	0.07241500000009182	epochs	3.0
673.9231695038147	0.07122739999999794	epochs	3.0
673.9943969038147	0.13904309999998077	epochs	2.0
673.9943969038147	0.07007799999996678	epochs	3.0
674.0644749038147	0.06896510000001399	epochs	3.0
674.1334400038147	0.1347293000000036	epochs	2.0
674.1334400038147	0.0678871000000072	epochs	3.0
674.2013271038147	0.06684219999999641	epochs	3.0
674.2681693038147	0.13067519999992783	epochs	2.0
674.2681693038147	0.06582909999997355	epochs	3.0
674.3339984038147	0.06484609999995428	epochs	3.0
674.3988445038146	0.12685780000003888	epochs	2.0
674.3988445038146	0.06389200000000983	epochs	3.0
674.4627365038147	0.06296580000002905	epochs	3.0
674.5257023038147	0.12325720000001184	epochs	2.0
674.5257023038147	0.06206580000002759	epochs	3.0
674.5877681038147	0.06119139999998424	epochs	3.0
674.6489595038147	0.11985540000000583	epochs	2.0
674.6489595038147	0.060341099999959624	epochs	3.0
674.7093006038147	0.059514300000046205	epochs	3.0
674.7688149038147	0.11663620000001629	epochs	2.0
674.7688149038147	0.05870960000004288	epochs	3.0
674.8275245038147	0.057926599999973405	epochs	3.0
674.8854511038147	0.11358559999996487	epochs	2.0
674.8854511038147	0.05716419999998834	epochs	3.0
674.9426153038147	0.05642139999997653	epochs	3.0
674.9990367038147	0.11069050000003244	epochs	2.0
674.9990367038147	0.055697900000041045	epochs	3.0
675.0547346038147	0.0549925999999914	epochs	3.0
675.1097272038147	0.10793909999995321	epochs	2.0
675.1097272038147	0.05430490000003374	epochs	3.0
675.1640321038147	0.053634199999919474	epochs	3.0
675.2176663038147	0.10532150000005913	epochs	2.0
675.2176663038147	0.05298000000004777	epochs	3.0
675.2706463038147	0.052341500000011365	epochs	3.0
675.3229878038147	0.10282759999995505	epochs	2.0
675.3229878038147	0.05171810000001642	epochs	3.0
675.3747059038147	0.051109499999938635	epochs	3.0
675.4258154038147	0.10044909999999163	epochs	2.0
675.4258154038147	0.050514900000052876	epochs	3.0
675.4763303038147	0.049934199999938755	epochs	3.0
675.5262645038147	0.0981782999999723	epochs	2.0
675.5262645038147	0.04936659999998483	epochs	3.0
675.5756311038147	0.04881169999998747	epochs	3.0
675.6244428038146	0.09600780000005216	epochs	2.0
675.6244428038146	0.04826920000004975	epochs	3.0
675.6727120038147	0.04773860000000241	epochs	3.0
675.7204506038147	0.09393120000004274	epochs	2.0
675.7204506038147	0.04721949999998287	epochs	3.0
675.7676701038147	0.046711700000059864	epochs	3.0
675.8143818038147	0.09194259999992482	epochs	2.0
675.8143818038147	0.046214599999984785	epochs	3.0
675.8605964038147	0.04572799999994004	epochs	3.0
675.9063244038147	0.09003630000006524	epochs	2.0
675.9063244038147	0.04525150000006306	epochs	3.0
675.9515759038147	0.04478480000000218	epochs	3.0
675.9963607038147	0.08820759999991878	epochs	2.0
675.9963607038147	0.044327800000019124	epochs	3.0
676.0406885038147	0.04387979999989966	epochs	3.0
676.0845683038146	0.0864516999999978	epochs	2.0
676.0845683038146	0.04344100000002982	epochs	3.0
676.1280093038147	0.04301069999996798	epochs	3.0
676.1710200038146	0.0847643000000744	epochs	2.0
676.1710200038146	0.04258900000002086	epochs	3.0
676.2136090038147	0.04217530000005354	epochs	3.0
676.2557843038147	0.08314150000001064	epochs	2.0
676.2557843038147	0.041769699999917975	epochs	3.0
676.2975540038146	0.04137180000009266	epochs	3.0
676.3389258038147	0.08157970000002024	epochs	2.0
676.3389258038147	0.040981399999964196	epochs	3.0
676.3799072038147	0.04059830000005604	epochs	3.0
676.4205055038148	0.08007549999990715	epochs	2.0
676.4205055038148	0.04022229999998217	epochs	3.0
676.4607278038147	0.03985319999992498	epochs	3.0
676.5005810038147	0.07862570000008873	epochs	2.0
676.5005810038147	0.039490800000066884	epochs	3.0
676.5400718038147	0.039134900000021844	epochs	3.0
676.5792067038147	0.07722759999990103	epochs	2.0
676.5792067038147	0.03878539999993791	epochs	3.0
676.6179921038147	0.03844219999996312	epochs	3.0
676.6564343038146	0.07587820000003376	epochs	2.0
676.6564343038146	0.038104800000041905	epochs	3.0
676.6945391038147	0.03777339999999185	epochs	3.0
676.7323125038147	0.0745752000000266	epochs	2.0
676.7323125038147	0.03744770000002973	epochs	3.0
676.7697602038147	0.03712749999999687	epochs	3.0
676.8068877038147	0.07331629999998768	epochs	2.0
676.8068877038147	0.036812899999972615	epochs	3.0
676.8437006038147	0.03650340000001506	epochs	3.0
676.8802040038147	0.07209899999998015	epochs	2.0
676.8802040038147	0.03619909999997617	epochs	3.0
676.9164031038147	0.03589990000000398	epochs	3.0
676.9523030038147	0.07092169999998532	epochs	2.0
676.9523030038147	0.03560560000005353	epochs	3.0
676.9879086038147	0.035316099999931794	epochs	3.0
677.0232247038147	0.06978200000003199	epochs	2.0
677.0232247038147	0.03503120000004856	epochs	3.0
677.0582559038147	0.03475079999998343	epochs	3.0
677.0930067038147	0.06867859999999837	epochs	2.0
677.0930067038147	0.03447510000000875	epochs	3.0
677.1274818038147	0.03420349999998962	epochs	3.0
677.1616853038147	0.06760929999995824	epochs	2.0
677.1616853038147	0.033936199999970995	epochs	3.0
677.1956215038147	0.033673099999987244	epochs	3.0
677.2292946038147	0.06657290000009652	epochs	2.0
677.2292946038147	0.03341399999999339	epochs	3.0
677.2627086038146	0.03315890000010313	epochs	3.0
677.2958675038147	0.06556779999993978	epochs	2.0
677.2958675038147	0.03290769999989607	epochs	3.0
677.3287752038146	0.03266010000004371	epochs	3.0
677.3614353038147	0.06459259999996902	epochs	2.0
677.3614353038147	0.032416399999988244	epochs	3.0
677.3938517038147	0.03217619999998078	epochs	3.0
677.4260279038147	0.06364600000006249	epochs	2.0
677.4260279038147	0.03193959999998697	epochs	3.0
677.4579675038146	0.03170640000007552	epochs	3.0
677.4896739038147	0.0627266999999847	epochs	2.0
677.4896739038147	0.03147660000001906	epochs	3.0
677.5211505038147	0.03125009999996564	epochs	3.0
677.5524006038147	0.06183359999999993	epochs	2.0
677.5524006038147	0.031026900000028945	epochs	3.0
677.5834275038147	0.030806699999970988	epochs	3.0
677.6142342038147	0.06096560000003137	epochs	2.0
677.6142342038147	0.030589800000029754	epochs	3.0
677.6448240038147	0.030375800000001618	epochs	3.0
677.6751998038147	0.06012160000000222	epochs	2.0
677.6751998038147	0.03016489999993155	epochs	3.0
677.7053647038147	0.02995670000007067	epochs	3.0
677.7353214038147	0.05930069999999432	epochs	2.0
677.7353214038147	0.02975159999994048	epochs	3.0
677.7650730038147	0.02954910000005384	epochs	3.0
677.7946221038147	0.05850179999993088	epochs	2.0
677.7946221038147	0.02934940000000097	epochs	3.0
677.8239715038147	0.029152399999929912	epochs	3.0
677.8531239038147	0.057724200000052406	epochs	2.0
677.8531239038147	0.028957999999988715	epochs	3.0
677.8820819038147	0.02876620000006369	epochs	3.0
677.9108481038147	0.05696709999995164	epochs	2.0
677.9108481038147	0.028577000000041153	epochs	3.0
677.9394251038148	0.02839009999991049	epochs	3.0
677.9678152038147	0.056229500000085864	epochs	2.0
677.9678152038147	0.028205700000057732	epochs	3.0
677.9960209038147	0.028023800000028132	epochs	3.0
678.0240447038148	0.05551069999989977	epochs	2.0
678.0240447038148	0.027843999999959124	epochs	3.0
678.0518887038147	0.027666699999940647	epochs	3.0
678.0795554038147	0.054810200000019904	epochs	2.0
678.0795554038147	0.02749149999999645	epochs	3.0
678.1070469038146	0.027318700000023455	epochs	3.0
678.1343656038147	0.05412699999999404	epochs	2.0
678.1343656038147	0.02714780000007977	epochs	3.0
678.1615134038148	0.026979199999914272	epochs	3.0
678.1884926038147	0.0534607000000733	epochs	2.0
678.1884926038147	0.026812600000084785	epochs	3.0
678.2153052038148	0.026648099999988517	epochs	3.0
678.2419533038147	0.05281070000000909	epochs	2.0
678.2419533038147	0.026485600000000886	epochs	3.0
678.2684389038147	0.026325100000008206	epochs	3.0
678.2947640038147	0.05217619999996259	epochs	2.0
678.2947640038147	0.026166399999965506	epochs	3.0
678.3209304038147	0.026009799999997085	epochs	3.0
678.3469402038147	0.051556699999991906	epochs	2.0
678.3469402038147	0.025854799999933675	epochs	3.0
678.3727950038146	0.02570190000005823	epochs	3.0
678.3984969038147	0.05095189999997274	epochs	2.0
678.3984969038147	0.025550699999939752	epochs	3.0
678.4240476038146	0.025401200000032986	epochs	3.0
678.4494488038147	0.05036100000006627	epochs	2.0
678.4494488038147	0.0252535000000762	epochs	3.0
678.4747023038148	0.02510749999999007	epochs	3.0
678.4998098038147	0.049783800000000156	epochs	2.0
678.4998098038147	0.02496320000000196	epochs	3.0
678.5247730038147	0.024820599999998194	epochs	3.0
678.5495936038147	0.04921949999993558	epochs	2.0
678.5495936038147	0.024679399999968155	epochs	3.0
678.5742730038147	0.024540099999967424	epochs	3.0
678.5988131038147	0.04866790000005494	epochs	2.0
678.5988131038147	0.02440209999997478	epochs	3.0
678.6232152038147	0.024265800000080162	epochs	3.0
678.6474810038147	0.048128599999927246	epochs	2.0
678.6474810038147	0.024131000000011227	epochs	3.0
678.6716120038147	0.02399759999991602	epochs	3.0
678.6956096038147	0.047601100000065344	epochs	2.0
678.6956096038147	0.023865800000066884	epochs	3.0
678.7194754038147	0.02373529999999846	epochs	3.0
678.7432107038147	0.04708499999992455	epochs	2.0
678.7432107038147	0.023606299999983094	epochs	3.0
678.7668170038147	0.023478699999941455	epochs	3.0
678.7902957038146	0.04658000000006268	epochs	2.0
678.7902957038146	0.023352500000100918	epochs	3.0
678.8136482038148	0.023227499999961765	epochs	3.0
678.8368757038147	0.04608569999993506	epochs	2.0
678.8368757038147	0.023103999999989355	epochs	3.0
678.8599797038147	0.022981699999945704	epochs	3.0
678.8829614038146	0.0456018000000995	epochs	2.0
678.8829614038146	0.022860700000023826	epochs	3.0
678.9058221038147	0.022741100000075676	epochs	3.0
678.9285632038147	0.045127899999897636	epochs	2.0
678.9285632038147	0.022622499999897627	epochs	3.0
678.9511857038146	0.02250540000000001	epochs	3.0
678.9736911038146	0.0446638000000803	epochs	2.0
678.9736911038146	0.022389300000099865	epochs	3.0
678.9960804038147	0.022274499999980435	epochs	3.0
679.0183549038147	0.04420919999995476	epochs	2.0
679.0183549038147	0.022160799999937808	epochs	3.0
679.0405157038147	0.022048400000016954	epochs	3.0
679.0625641038147	0.043763600000033875	epochs	2.0
679.0625641038147	0.021936900000014248	epochs	3.0
679.0845010038147	0.021826700000019628	epochs	3.0
679.1063277038147	0.04332709999994222	epochs	2.0
679.1063277038147	0.021717599999988124	epochs	3.0
679.1280453038147	0.021609499999954096	epochs	3.0
679.1496548038147	0.04289900000003399	epochs	2.0
679.1496548038147	0.02150249999999687	epochs	3.0
679.1711573038147	0.021396500000037122	epochs	3.0
679.1925538038147	0.042479500000013104	epochs	2.0
679.1925538038147	0.02129170000000613	epochs	3.0
679.2138455038147	0.021187800000006973	epochs	3.0
679.2350333038147	0.042067900000006375	epochs	2.0
679.2350333038147	0.02108490000000529	epochs	3.0
679.2561182038147	0.020983000000001084	epochs	3.0
679.2771012038147	0.04166439999994509	epochs	2.0
679.2771012038147	0.020882199999959994	epochs	3.0
679.2979834038147	0.020782199999985096	epochs	3.0
679.3187656038147	0.04126850000000104	epochs	2.0
679.3187656038147	0.020683300000087	epochs	3.0
679.3394489038147	0.02058519999991404	epochs	3.0
679.3600341038147	0.04088000000001557	epochs	2.0
679.3600341038147	0.020488100000079612	epochs	3.0
679.3805222038147	0.02039189999993596	epochs	3.0
679.4009141038147	0.04049880000002304	epochs	2.0
679.4009141038147	0.020296600000051512	epochs	3.0
679.4212107038147	0.020202199999971526	epochs	3.0
679.4414129038147	0.04012460000001283	epochs	2.0
679.4414129038147	0.02010870000003706	epochs	3.0
679.4615216038147	0.020015899999975773	epochs	3.0
679.4815375038147	0.03975730000001931	epochs	2.0
679.4815375038147	0.019924199999991288	epochs	3.0
679.5014617038147	0.019833100000028026	epochs	3.0
679.5212948038147	0.03939669999999751	epochs	2.0
679.5212948038147	0.01974299999994855	epochs	3.0
679.5410378038147	0.019653700000048957	epochs	3.0
679.5606915038147	0.03904239999997117	epochs	2.0
679.5606915038147	0.01956510000002254	epochs	3.0
679.5802566038147	0.019477299999948627	epochs	3.0
679.5997339038147	0.03869459999998526	epochs	2.0
679.5997339038147	0.019390400000020236	epochs	3.0
679.6191243038147	0.01930419999996502	epochs	3.0
679.6384285038147	0.03835290000006353	epochs	2.0
679.6384285038147	0.019218799999976	epochs	3.0
679.6576473038147	0.01913410000008753	epochs	3.0
679.6767814038147	0.038017199999899276	epochs	2.0
679.6767814038147	0.01905019999992419	epochs	3.0
679.6958316038147	0.018966999999975087	epochs	3.0
679.7147986038146	0.037687200000050325	epochs	2.0
679.7147986038146	0.01888450000001285	epochs	3.0
679.7336831038147	0.018802700000037476	epochs	3.0
679.7524858038147	0.03736309999999321	epochs	2.0
679.7524858038147	0.018721700000014607	epochs	3.0
679.7712075038147	0.018641399999978603	epochs	3.0
679.7898489038147	0.03704430000004777	epochs	2.0
679.7898489038147	0.01856159999999818	epochs	3.0
679.8084105038147	0.01848270000004959	epochs	3.0
679.8268932038147	0.03673099999991791	epochs	2.0
679.8268932038147	0.018404299999929208	epochs	3.0
679.8452975038147	0.018326699999988705	epochs	3.0
679.8636242038147	0.036422900000047775	epochs	2.0
679.8636242038147	0.018249599999990096	epochs	3.0
679.8818738038146	0.01817330000005768	epochs	3.0
679.9000471038147	0.03612009999994825	epochs	2.0
679.9000471038147	0.0180976000000328	epochs	3.0
679.9181447038147	0.018022499999915453	epochs	3.0
679.9361672038146	0.03582210000001851	epochs	2.0
679.9361672038146	0.017947900000081063	epochs	3.0
679.9541151038147	0.017874199999937446	epochs	3.0
679.9719893038147	0.03552899999999681	epochs	2.0
679.9719893038147	0.017800800000031813	epochs	3.0
679.9897901038147	0.017728199999965	epochs	3.0
680.0075183038147	0.03524070000003121	epochs	2.0
680.0075183038147	0.017656100000067454	epochs	3.0
680.0251744038147	0.017584599999963757	epochs	3.0
680.0427590038147	0.034957100000042374	epochs	2.0
680.0427590038147	0.01751369999999497	epochs	3.0
680.0602727038147	0.017443400000047404	epochs	3.0
680.0777161038147	0.034677899999906	epochs	2.0
680.0777161038147	0.017373599999928047	epochs	3.0
680.0950897038147	0.017304299999977957	epochs	3.0
680.1123940038146	0.03440330000000813	epochs	2.0
680.1123940038146	0.01723570000001473	epochs	3.0
680.1296297038147	0.0171675999999934	epochs	3.0
680.1467973038147	0.0341328000000658	epochs	2.0
680.1467973038147	0.017099900000062007	epochs	3.0
680.1638972038147	0.017032900000003792	epochs	3.0
680.1809301038147	0.033866699999975935	epochs	2.0
680.1809301038147	0.01696640000000116	epochs	3.0
680.1978965038147	0.016900299999974777	epochs	3.0
680.2147968038147	0.03360459999998966	epochs	2.0
680.2147968038147	0.01683479999996962	epochs	3.0
680.2316316038147	0.01676980000002004	epochs	3.0
680.2484014038147	0.03334660000007261	epochs	2.0
680.2484014038147	0.016705300000012357	epochs	3.0
680.2651067038147	0.016641300000060255	epochs	3.0
680.2817480038148	0.03309249999995245	epochs	2.0
680.2817480038148	0.01657779999993636	epochs	3.0
680.2983258038147	0.01651470000001609	epochs	3.0
680.3148405038147	0.03284229999997024	epochs	2.0
680.3148405038147	0.01645220000000336	epochs	3.0
680.3312927038147	0.01639009999996688	epochs	3.0
680.3476828038147	0.03259570000000167	epochs	2.0
680.3476828038147	0.016328400000020338	epochs	3.0
680.3640112038147	0.016267299999981333	epochs	3.0
680.3802785038147	0.032352899999978035	epochs	2.0
680.3802785038147	0.016206600000032267	epochs	3.0
680.3964851038147	0.016146299999945768	epochs	3.0
680.4126314038147	0.032113700000081735	epochs	2.0
680.4126314038147	0.016086599999994178	epochs	3.0
680.4287180038147	0.016027100000087557	epochs	3.0
680.4447451038147	0.03187800000000607	epochs	2.0
680.4447451038147	0.015968199999974786	epochs	3.0
680.4607133038147	0.015909800000031282	epochs	3.0
680.4766231038147	0.03164569999989908	epochs	2.0
680.4766231038147	0.015851599999905375	epochs	3.0
680.4924747038147	0.015794099999993705	epochs	3.0
680.5082688038146	0.0314167000000225	epochs	2.0
680.5082688038146	0.015736700000047676	epochs	3.0
680.5240055038147	0.015679999999974825	epochs	3.0
680.5396855038147	0.031191100000000915	epochs	2.0
680.5396855038147	0.015623600000026272	epochs	3.0
680.5553091038147	0.015567499999974643	epochs	3.0
680.5708766038147	0.030968700000016725	epochs	2.0
680.5708766038147	0.015512000000057924	epochs	3.0
680.5863886038147	0.0154566999999588	epochs	3.0
680.6018453038147	0.03074950000006993	epochs	2.0
680.6018453038147	0.015401999999994587	epochs	3.0
680.6172473038147	0.015347500000075343	epochs	3.0
680.6325948038148	0.030533199999922545	epochs	2.0
680.6325948038148	0.015293399999904977	epochs	3.0
680.6478882038147	0.015239800000017567	epochs	3.0
680.6631280038147	0.03032010000003993	epochs	2.0
680.6631280038147	0.015186500000027081	epochs	3.0
680.6783145038147	0.015133600000012848	epochs	3.0
680.6934481038147	0.030109899999956724	epochs	2.0
680.6934481038147	0.015081000000009226	epochs	3.0
680.7085291038147	0.015028899999947498	epochs	3.0
680.7235580038147	0.02990250000004835	epochs	2.0
680.7235580038147	0.014977000000044427	epochs	3.0
680.7385350038147	0.014925500000003922	epochs	3.0
680.7534605038147	0.029698100000018712	epochs	2.0
680.7534605038147	0.01487439999993967	epochs	3.0
680.7683349038147	0.014823700000079043	epochs	3.0
680.7831586038147	0.02949630000000525	epochs	2.0
680.7831586038147	0.014773199999922326	epochs	3.0
680.7979318038147	0.014723100000082923	epochs	3.0
680.8126549038147	0.029297399999904883	epochs	2.0
680.8126549038147	0.014673399999992398	epochs	3.0
680.8273283038147	0.014623999999912485	epochs	3.0
680.8419523038147	0.029101100000048064	epochs	2.0
680.8419523038147	0.014574900000070556	epochs	3.0
680.8565272038147	0.014526199999977507	epochs	3.0
680.8710534038147	0.028907399999980044	epochs	2.0
680.8710534038147	0.014477700000043114	epochs	3.0
680.8855311038147	0.014429699999936929	epochs	3.0
680.8999608038147	0.028716200000076242	epochs	2.0
680.8999608038147	0.014381800000023759	epochs	3.0
680.9143426038147	0.014334400000052483	epochs	3.0
680.9286770038148	0.02852759999996124	epochs	2.0
680.9286770038148	0.014287199999898803	epochs	3.0
680.9429642038147	0.014240400000062436	epochs	3.0
680.9572046038147	0.028341399999931127	epochs	2.0
680.9572046038147	0.014193799999929979	epochs	3.0
680.9713984038146	0.014147600000001148	epochs	3.0
680.9855460038146	0.028157700000065233	epochs	2.0
680.9855460038146	0.014101700000082928	epochs	3.0
680.9996477038147	0.014055999999982305	epochs	3.0
681.0137037038147	0.027976299999977527	epochs	2.0
681.0137037038147	0.01401060000000598	epochs	3.0
681.0277143038147	0.013965699999971548	epochs	3.0
681.0416800038147	0.02779720000000907	epochs	2.0
681.0416800038147	0.013920800000050804	epochs	3.0
681.0556008038147	0.013876399999958267	epochs	3.0
681.0694772038147	0.027620400000046175	epochs	2.0
681.0694772038147	0.013832200000024386	epochs	3.0
681.0833094038147	0.013788200000021789	epochs	3.0
681.0970976038147	0.027445899999975154	epochs	2.0
681.0970976038147	0.013744599999995444	epochs	3.0
681.1108422038147	0.01370129999997971	epochs	3.0
681.1245435038147	0.027273499999978412	epochs	2.0
681.1245435038147	0.013658200000008947	epochs	3.0
681.1382017038147	0.013615299999969466	epochs	3.0
681.1518170038147	0.027103399999987232	epochs	2.0
681.1518170038147	0.013572800000019924	epochs	3.0
681.1653898038147	0.013530599999967308	epochs	3.0
681.1789204038147	0.02693520000002536	epochs	2.0
681.1789204038147	0.013488400000028378	epochs	3.0
681.1924088038147	0.013446799999996983	epochs	3.0
681.2058556038147	0.026769199999989723	epochs	2.0
681.2058556038147	0.013405199999965589	epochs	3.0
681.2192608038147	0.013364000000024134	epochs	3.0
681.2326248038147	0.026605199999949036	epochs	2.0
681.2326248038147	0.013322900000048321	epochs	3.0
681.2459477038147	0.013282299999900715	epochs	3.0
681.2592300038147	0.026443200000016986	epochs	2.0
681.2592300038147	0.01324170000009417	epochs	3.0
681.2724717038147	0.013201499999922817	epochs	3.0
681.2856732038147	0.026283200000079887	epochs	2.0
681.2856732038147	0.013161500000023807	epochs	3.0
681.2988347038147	0.01312170000005608	epochs	3.0
681.3119564038147	0.02612499999997908	epochs	2.0
681.3119564038147	0.01308209999990595	epochs	3.0
681.3250385038147	0.013042900000073132	epochs	3.0
681.3380814038147	0.025968899999952555	epochs	2.0
681.3380814038147	0.013003899999944224	epochs	3.0
681.3510853038147	0.012965000000008331	epochs	3.0
681.3640503038147	0.025814500000024054	epochs	2.0
681.3640503038147	0.012926399999969362	epochs	3.0
681.3769767038146	0.012888100000054692	epochs	3.0
681.3898648038147	0.025661900000045534	epochs	2.0
681.3898648038147	0.012849899999991976	epochs	3.0
681.4027147038147	0.012812000000053558	epochs	3.0
681.4155267038147	0.025511199999982637	epochs	2.0
681.4155267038147	0.012774399999898378	epochs	3.0
681.4283011038146	0.012736800000084258	epochs	3.0
681.4410379038147	0.025362299999983406	epochs	2.0
681.4410379038147	0.01269969999998466	epochs	3.0
681.4537376038147	0.012662599999998747	epochs	3.0
681.4664002038147	0.025215000000002874	epochs	2.0
681.4664002038147	0.012625800000023446	epochs	3.0
681.4790260038147	0.012589199999979428	epochs	3.0
681.4916152038147	0.024584799999956886	epochs	2.0
681.5145581038147	0.5	epochs	-1.0
681.5162000038147	0.52503999999999	epochs	1.0
682.0412400038147	0.47487999999998465	epochs	0.0
682.9920001029968	0.09519999999997708	epochs	0.0
682.9920001029968	0.04260199999998804	epochs	1.0
683.0346021029968	0.009996000000001004	epochs	1.0
683.0445981029968	0.04260199999998804	epochs	1.0
683.0872001029968	2.0	epochs	0.0
685.0872001029968	21.524720000000002	epochs	0.0
685.0872001029968	1.0	epochs	1.0
685.0872382029968	0.5	epochs	-1.0
685.5872382029968	19.998320000000035	epochs	-1.0
686.0872001029968	20.0	epochs	1.0
686.0872001029968	4.356753900000058	epochs	-1.0
686.0872001029968	1.9745871999999736	epochs	2.0
686.0872001029968	1.0985622000000603	epochs	3.0
687.1857623029969	0.8760249999999132	epochs	3.0
688.0617873029968	1.3524075000000266	epochs	2.0
688.0617873029968	0.7286354999999958	epochs	3.0
688.7904228029968	0.6237720000000309	epochs	3.0
689.4141948029968	1.0297592000000577	epochs	2.0
689.4141948029968	0.5453293000000485	epochs	3.0
689.9595241029969	0.4844299000000092	epochs	3.0
690.4439540029969	0.8317862000000105	epochs	2.0
690.4439540029969	0.4357762999999295	epochs	3.0
690.8797303029968	0.39600990000008096	epochs	3.0
691.2757402029969	0.6977969999999232	epochs	2.0
691.2757402029969	0.36289819999990414	epochs	3.0
691.6386384029968	0.33489880000001904	epochs	3.0
691.9735372029968	0.601045699999986	epochs	2.0
691.9735372029968	0.3109123000000409	epochs	3.0
692.2844495029968	0.29013339999994514	epochs	3.0
692.5745829029968	0.5278859000000011	epochs	2.0
692.5745829029968	0.2719586000000618	epochs	3.0
692.8465415029968	0.25592729999993935	epochs	3.0
693.1024688029968	0.4706193000000667	epochs	2.0
693.1024688029968	0.2416813000000957	epochs	3.0
693.3441501029969	0.228937999999971	epochs	3.0
693.5730881029968	0.42457039999999324	epochs	2.0
693.5730881029968	0.21747140000002219	epochs	3.0
693.7905595029969	0.20709899999997106	epochs	3.0
693.9976585029968	0.3867354000000205	epochs	2.0
693.9976585029968	0.19767109999997956	epochs	3.0
694.1953296029968	0.18906430000004093	epochs	3.0
694.3843939029969	0.3550953000000163	epochs	2.0
694.3843939029969	0.18117589999997108	epochs	3.0
694.5655698029968	0.17391940000004524	epochs	3.0
694.7394892029969	0.3282430999998951	epochs	2.0
694.7394892029969	0.16722189999995862	epochs	3.0
694.9067111029968	0.16102119999993647	epochs	3.0
695.0677323029968	0.30516800000009425	epochs	2.0
695.0677323029968	0.15526390000002266	epochs	3.0
695.2229962029968	0.1499041000000716	epochs	3.0
695.3729003029969	0.28512530000000424	epochs	2.0
695.3729003029969	0.1449020999999675	epochs	3.0
695.5178024029968	0.14022320000003674	epochs	3.0
695.6580256029969	0.2675537999999733	epochs	2.0
695.6580256029969	0.1358368999999584	epochs	3.0
695.7938625029968	0.1317169000000149	epochs	3.0
695.9255794029968	0.252022899999929	epochs	2.0
695.9255794029968	0.1278393000000051	epochs	3.0
696.0534187029969	0.1241835999999239	epochs	3.0
696.1776023029968	0.23819650000007186	epochs	2.0
696.1776023029968	0.12073110000005727	epochs	3.0
696.2983334029968	0.1174654000000146	epochs	3.0
696.4157988029968	0.2258087999999816	epochs	2.0
696.4157988029968	0.11437190000003739	epochs	3.0
696.5301707029969	0.11143689999994422	epochs	3.0
696.6416076029968	0.2146460000000161	epochs	2.0
696.6416076029968	0.10864890000004834	epochs	3.0
696.7502565029969	0.10599709999996776	epochs	3.0
696.8562536029968	0.20453499999996438	epochs	2.0
696.8562536029968	0.10347149999995509	epochs	3.0
696.9597251029968	0.1010635000000093	epochs	3.0
697.0607886029968	0.19533400000000256	epochs	2.0
697.0607886029968	0.09876510000003691	epochs	3.0
697.1595537029968	0.09656889999996565	epochs	3.0
697.2561226029968	0.18692529999998442	epochs	2.0
697.2561226029968	0.09446830000001682	epochs	3.0
697.3505909029968	0.09245699999996759	epochs	3.0
697.4430479029968	0.17921069999999872	epochs	2.0
697.4430479029968	0.0905296000000817	epochs	3.0
697.5335775029969	0.08868109999991702	epochs	3.0
697.6222586029968	0.17210770000008324	epochs	2.0
697.6222586029968	0.08690630000000965	epochs	3.0
697.7091649029968	0.08520140000007359	epochs	3.0
697.7943663029969	0.1655463999999256	epochs	2.0
697.7943663029969	0.08356189999994967	epochs	3.0
697.8779282029968	0.08198449999997592	epochs	3.0
697.9599127029968	0.15946710000002895	epochs	2.0
697.9599127029968	0.08046539999998004	epochs	3.0
698.0403781029968	0.07900170000004891	epochs	3.0
698.1193798029968	0.15381839999997737	epochs	2.0
698.1193798029968	0.07759009999995214	epochs	3.0
698.1969699029968	0.07622830000002523	epochs	3.0
698.2731982029968	0.14855639999996129	epochs	2.0
698.2731982029968	0.07491330000004837	epochs	3.0
698.3481115029969	0.07364309999991292	epochs	3.0
698.4217546029968	0.14364240000008976	epochs	2.0
698.4217546029968	0.07241500000009182	epochs	3.0
698.4941696029969	0.07122739999999794	epochs	3.0
698.5653970029969	0.13904309999998077	epochs	2.0
698.5653970029969	0.07007799999996678	epochs	3.0
698.6354750029968	0.06896510000001399	epochs	3.0
698.7044401029968	0.1347293000000036	epochs	2.0
698.7044401029968	0.0678871000000072	epochs	3.0
698.7723272029968	0.06684219999999641	epochs	3.0
698.8391694029968	0.13067519999992783	epochs	2.0
698.8391694029968	0.06582909999997355	epochs	3.0
698.9049985029968	0.06484609999995428	epochs	3.0
698.9698446029968	0.12685780000003888	epochs	2.0
698.9698446029968	0.06389200000000983	epochs	3.0
699.0337366029968	0.06296580000002905	epochs	3.0
699.0967024029968	0.12325720000001184	epochs	2.0
699.0967024029968	0.06206580000002759	epochs	3.0
699.1587682029968	0.06119139999998424	epochs	3.0
699.2199596029968	0.11985540000000583	epochs	2.0
699.2199596029968	0.060341099999959624	epochs	3.0
699.2803007029968	0.059514300000046205	epochs	3.0
699.3398150029968	0.11663620000001629	epochs	2.0
699.3398150029968	0.05870960000004288	epochs	3.0
699.3985246029969	0.057926599999973405	epochs	3.0
699.4564512029968	0.11358559999996487	epochs	2.0
699.4564512029968	0.05716419999998834	epochs	3.0
699.5136154029968	0.05642139999997653	epochs	3.0
699.5700368029968	0.11069050000003244	epochs	2.0
699.5700368029968	0.055697900000041045	epochs	3.0
699.6257347029969	0.0549925999999914	epochs	3.0
699.6807273029968	0.10793909999995321	epochs	2.0
699.6807273029968	0.05430490000003374	epochs	3.0
699.7350322029969	0.053634199999919474	epochs	3.0
699.7886664029968	0.10532150000005913	epochs	2.0
699.7886664029968	0.05298000000004777	epochs	3.0
699.8416464029968	0.052341500000011365	epochs	3.0
699.8939879029969	0.10282759999995505	epochs	2.0
699.8939879029969	0.05171810000001642	epochs	3.0
699.9457060029969	0.051109499999938635	epochs	3.0
699.9968155029968	0.10044909999999163	epochs	2.0
699.9968155029968	0.050514900000052876	epochs	3.0
700.0473304029969	0.049934199999938755	epochs	3.0
700.0972646029968	0.0981782999999723	epochs	2.0
700.0972646029968	0.04936659999998483	epochs	3.0
700.1466312029968	0.04881169999998747	epochs	3.0
700.1954429029968	0.09600780000005216	epochs	2.0
700.1954429029968	0.04826920000004975	epochs	3.0
700.2437121029968	0.04773860000000241	epochs	3.0
700.2914507029968	0.09393120000004274	epochs	2.0
700.2914507029968	0.04721949999998287	epochs	3.0
700.3386702029968	0.046711700000059864	epochs	3.0
700.3853819029969	0.09194259999992482	epochs	2.0
700.3853819029969	0.046214599999984785	epochs	3.0
700.4315965029969	0.04572799999994004	epochs	3.0
700.4773245029968	0.09003630000006524	epochs	2.0
700.4773245029968	0.04525150000006306	epochs	3.0
700.5225760029969	0.04478480000000218	epochs	3.0
700.5673608029969	0.08820759999991878	epochs	2.0
700.5673608029969	0.044327800000019124	epochs	3.0
700.6116886029969	0.04387979999989966	epochs	3.0
700.6555684029968	0.0864516999999978	epochs	2.0
700.6555684029968	0.04344100000002982	epochs	3.0
700.6990094029968	0.04301069999996798	epochs	3.0
700.7420201029968	0.0847643000000744	epochs	2.0
700.7420201029968	0.04258900000002086	epochs	3.0
700.7846091029968	0.04217530000005354	epochs	3.0
700.8267844029969	0.08314150000001064	epochs	2.0
700.8267844029969	0.041769699999917975	epochs	3.0
700.8685541029968	0.04137180000009266	epochs	3.0
700.9099259029969	0.08157970000002024	epochs	2.0
700.9099259029969	0.040981399999964196	epochs	3.0
700.9509073029968	0.04059830000005604	epochs	3.0
700.9915056029969	0.08007549999990715	epochs	2.0
700.9915056029969	0.04022229999998217	epochs	3.0
701.0317279029969	0.03985319999992498	epochs	3.0
701.0715811029968	0.07862570000008873	epochs	2.0
701.0715811029968	0.039490800000066884	epochs	3.0
701.1110719029969	0.039134900000021844	epochs	3.0
701.1502068029969	0.07722759999990103	epochs	2.0
701.1502068029969	0.03878539999993791	epochs	3.0
701.1889922029968	0.03844219999996312	epochs	3.0
701.2274344029968	0.07587820000003376	epochs	2.0
701.2274344029968	0.038104800000041905	epochs	3.0
701.2655392029968	0.03777339999999185	epochs	3.0
701.3033126029968	0.0745752000000266	epochs	2.0
701.3033126029968	0.03744770000002973	epochs	3.0
701.3407603029968	0.03712749999999687	epochs	3.0
701.3778878029968	0.07331629999998768	epochs	2.0
701.3778878029968	0.036812899999972615	epochs	3.0
701.4147007029968	0.03650340000001506	epochs	3.0
701.4512041029968	0.07209899999998015	epochs	2.0
701.4512041029968	0.03619909999997617	epochs	3.0
701.4874032029968	0.03589990000000398	epochs	3.0
701.5233031029968	0.07092169999998532	epochs	2.0
701.5233031029968	0.03560560000005353	epochs	3.0
701.5589087029969	0.035316099999931794	epochs	3.0
701.5942248029968	0.06978200000003199	epochs	2.0
701.5942248029968	0.03503120000004856	epochs	3.0
701.6292560029968	0.03475079999998343	epochs	3.0
701.6640068029968	0.06867859999999837	epochs	2.0
701.6640068029968	0.03447510000000875	epochs	3.0
701.6984819029968	0.03420349999998962	epochs	3.0
701.7326854029968	0.06760929999995824	epochs	2.0
701.7326854029968	0.033936199999970995	epochs	3.0
701.7666216029968	0.033673099999987244	epochs	3.0
701.8002947029968	0.06657290000009652	epochs	2.0
701.8002947029968	0.03341399999999339	epochs	3.0
701.8337087029968	0.03315890000010313	epochs	3.0
701.8668676029969	0.06556779999993978	epochs	2.0
701.8668676029969	0.03290769999989607	epochs	3.0
701.8997753029968	0.03266010000004371	epochs	3.0
701.9324354029968	0.06459259999996902	epochs	2.0
701.9324354029968	0.032416399999988244	epochs	3.0
701.9648518029968	0.03217619999998078	epochs	3.0
701.9970280029968	0.06364600000006249	epochs	2.0
701.9970280029968	0.03193959999998697	epochs	3.0
702.0289676029968	0.03170640000007552	epochs	3.0
702.0606740029968	0.0627266999999847	epochs	2.0
702.0606740029968	0.03147660000001906	epochs	3.0
702.0921506029969	0.03125009999996564	epochs	3.0
702.1234007029968	0.06183359999999993	epochs	2.0
702.1234007029968	0.031026900000028945	epochs	3.0
702.1544276029969	0.030806699999970988	epochs	3.0
702.1852343029968	0.06096560000003137	epochs	2.0
702.1852343029968	0.030589800000029754	epochs	3.0
702.2158241029969	0.030375800000001618	epochs	3.0
702.2461999029969	0.06012160000000222	epochs	2.0
702.2461999029969	0.03016489999993155	epochs	3.0
702.2763648029968	0.02995670000007067	epochs	3.0
702.3063215029969	0.05930069999999432	epochs	2.0
702.3063215029969	0.02975159999994048	epochs	3.0
702.3360731029968	0.02954910000005384	epochs	3.0
702.3656222029969	0.05850179999993088	epochs	2.0
702.3656222029969	0.02934940000000097	epochs	3.0
702.3949716029969	0.029152399999929912	epochs	3.0
702.4241240029968	0.057724200000052406	epochs	2.0
702.4241240029968	0.028957999999988715	epochs	3.0
702.4530820029968	0.02876620000006369	epochs	3.0
702.4818482029968	0.05696709999995164	epochs	2.0
702.4818482029968	0.028577000000041153	epochs	3.0
702.5104252029969	0.02839009999991049	epochs	3.0
702.5388153029968	0.056229500000085864	epochs	2.0
702.5388153029968	0.028205700000057732	epochs	3.0
702.5670210029969	0.028023800000028132	epochs	3.0
702.5950448029969	0.05551069999989977	epochs	2.0
702.5950448029969	0.027843999999959124	epochs	3.0
702.6228888029968	0.027666699999940647	epochs	3.0
702.6505555029968	0.054810200000019904	epochs	2.0
702.6505555029968	0.02749149999999645	epochs	3.0
702.6780470029968	0.027318700000023455	epochs	3.0
702.7053657029968	0.05412699999999404	epochs	2.0
702.7053657029968	0.02714780000007977	epochs	3.0
702.7325135029969	0.026979199999914272	epochs	3.0
702.7594927029968	0.0534607000000733	epochs	2.0
702.7594927029968	0.026812600000084785	epochs	3.0
702.7863053029969	0.026648099999988517	epochs	3.0
702.8129534029969	0.05281070000000909	epochs	2.0
702.8129534029969	0.026485600000000886	epochs	3.0
702.8394390029969	0.026325100000008206	epochs	3.0
702.8657641029969	0.05217619999996259	epochs	2.0
702.8657641029969	0.026166399999965506	epochs	3.0
702.8919305029968	0.026009799999997085	epochs	3.0
702.9179403029968	0.051556699999991906	epochs	2.0
702.9179403029968	0.025854799999933675	epochs	3.0
702.9437951029968	0.02570190000005823	epochs	3.0
702.9694970029968	0.05095189999997274	epochs	2.0
702.9694970029968	0.025550699999939752	epochs	3.0
702.9950477029968	0.025401200000032986	epochs	3.0
703.0204489029968	0.05036100000006627	epochs	2.0
703.0204489029968	0.0252535000000762	epochs	3.0
703.0457024029969	0.02510749999999007	epochs	3.0
703.0708099029969	0.049783800000000156	epochs	2.0
703.0708099029969	0.02496320000000196	epochs	3.0
703.0957731029969	0.024820599999998194	epochs	3.0
703.1205937029969	0.04921949999993558	epochs	2.0
703.1205937029969	0.024679399999968155	epochs	3.0
703.1452731029968	0.024540099999967424	epochs	3.0
703.1698132029968	0.04866790000005494	epochs	2.0
703.1698132029968	0.02440209999997478	epochs	3.0
703.1942153029968	0.024265800000080162	epochs	3.0
703.2184811029969	0.048128599999927246	epochs	2.0
703.2184811029969	0.024131000000011227	epochs	3.0
703.2426121029969	0.02399759999991602	epochs	3.0
703.2666097029968	0.047601100000065344	epochs	2.0
703.2666097029968	0.023865800000066884	epochs	3.0
703.2904755029969	0.02373529999999846	epochs	3.0
703.3142108029969	0.04708499999992455	epochs	2.0
703.3142108029969	0.023606299999983094	epochs	3.0
703.3378171029968	0.023478699999941455	epochs	3.0
703.3612958029968	0.04658000000006268	epochs	2.0
703.3612958029968	0.023352500000100918	epochs	3.0
703.3846483029969	0.023227499999961765	epochs	3.0
703.4078758029968	0.04608569999993506	epochs	2.0
703.4078758029968	0.023103999999989355	epochs	3.0
703.4309798029968	0.022981699999945704	epochs	3.0
703.4539615029968	0.0456018000000995	epochs	2.0
703.4539615029968	0.022860700000023826	epochs	3.0
703.4768222029968	0.022741100000075676	epochs	3.0
703.4995633029969	0.045127899999897636	epochs	2.0
703.4995633029969	0.022622499999897627	epochs	3.0
703.5221858029968	0.02250540000000001	epochs	3.0
703.5446912029968	0.0446638000000803	epochs	2.0
703.5446912029968	0.022389300000099865	epochs	3.0
703.5670805029969	0.022274499999980435	epochs	3.0
703.5893550029969	0.04420919999995476	epochs	2.0
703.5893550029969	0.022160799999937808	epochs	3.0
703.6115158029968	0.022048400000016954	epochs	3.0
703.6335642029968	0.043763600000033875	epochs	2.0
703.6335642029968	0.021936900000014248	epochs	3.0
703.6555011029968	0.021826700000019628	epochs	3.0
703.6773278029968	0.04332709999994222	epochs	2.0
703.6773278029968	0.021717599999988124	epochs	3.0
703.6990454029968	0.021609499999954096	epochs	3.0
703.7206549029968	0.04289900000003399	epochs	2.0
703.7206549029968	0.02150249999999687	epochs	3.0
703.7421574029968	0.021396500000037122	epochs	3.0
703.7635539029968	0.042479500000013104	epochs	2.0
703.7635539029968	0.02129170000000613	epochs	3.0
703.7848456029968	0.021187800000006973	epochs	3.0
703.8060334029968	0.042067900000006375	epochs	2.0
703.8060334029968	0.02108490000000529	epochs	3.0
703.8271183029968	0.020983000000001084	epochs	3.0
703.8481013029968	0.04166439999994509	epochs	2.0
703.8481013029968	0.020882199999959994	epochs	3.0
703.8689835029968	0.020782199999985096	epochs	3.0
703.8897657029968	0.04126850000000104	epochs	2.0
703.8897657029968	0.020683300000087	epochs	3.0
703.9104490029969	0.02058519999991404	epochs	3.0
703.9310342029968	0.04088000000001557	epochs	2.0
703.9310342029968	0.020488100000079612	epochs	3.0
703.9515223029969	0.02039189999993596	epochs	3.0
703.9719142029968	0.04049880000002304	epochs	2.0
703.9719142029968	0.020296600000051512	epochs	3.0
703.9922108029969	0.020202199999971526	epochs	3.0
704.0124130029968	0.04012460000001283	epochs	2.0
704.0124130029968	0.02010870000003706	epochs	3.0
704.0325217029969	0.020015899999975773	epochs	3.0
704.0525376029968	0.03975730000001931	epochs	2.0
704.0525376029968	0.019924199999991288	epochs	3.0
704.0724618029968	0.019833100000028026	epochs	3.0
704.0922949029969	0.03939669999999751	epochs	2.0
704.0922949029969	0.01974299999994855	epochs	3.0
704.1120379029968	0.019653700000048957	epochs	3.0
704.1316916029969	0.03904239999997117	epochs	2.0
704.1316916029969	0.01956510000002254	epochs	3.0
704.1512567029969	0.019477299999948627	epochs	3.0
704.1707340029968	0.03869459999998526	epochs	2.0
704.1707340029968	0.019390400000020236	epochs	3.0
704.1901244029968	0.01930419999996502	epochs	3.0
704.2094286029968	0.03835290000006353	epochs	2.0
704.2094286029968	0.019218799999976	epochs	3.0
704.2286474029968	0.01913410000008753	epochs	3.0
704.2477815029969	0.038017199999899276	epochs	2.0
704.2477815029969	0.01905019999992419	epochs	3.0
704.2668317029968	0.018966999999975087	epochs	3.0
704.2857987029968	0.037687200000050325	epochs	2.0
704.2857987029968	0.01888450000001285	epochs	3.0
704.3046832029968	0.018802700000037476	epochs	3.0
704.3234859029968	0.03736309999999321	epochs	2.0
704.3234859029968	0.018721700000014607	epochs	3.0
704.3422076029968	0.018641399999978603	epochs	3.0
704.3608490029968	0.03704430000004777	epochs	2.0
704.3608490029968	0.01856159999999818	epochs	3.0
704.3794106029968	0.01848270000004959	epochs	3.0
704.3978933029969	0.03673099999991791	epochs	2.0
704.3978933029969	0.018404299999929208	epochs	3.0
704.4162976029968	0.018326699999988705	epochs	3.0
704.4346243029968	0.036422900000047775	epochs	2.0
704.4346243029968	0.018249599999990096	epochs	3.0
704.4528739029968	0.01817330000005768	epochs	3.0
704.4710472029968	0.03612009999994825	epochs	2.0
704.4710472029968	0.0180976000000328	epochs	3.0
704.4891448029969	0.018022499999915453	epochs	3.0
704.5071673029968	0.03582210000001851	epochs	2.0
704.5071673029968	0.017947900000081063	epochs	3.0
704.5251152029969	0.017874199999937446	epochs	3.0
704.5429894029968	0.03552899999999681	epochs	2.0
704.5429894029968	0.017800800000031813	epochs	3.0
704.5607902029968	0.017728199999965	epochs	3.0
704.5785184029968	0.03524070000003121	epochs	2.0
704.5785184029968	0.017656100000067454	epochs	3.0
704.5961745029969	0.017584599999963757	epochs	3.0
704.6137591029968	0.034957100000042374	epochs	2.0
704.6137591029968	0.01751369999999497	epochs	3.0
704.6312728029968	0.017443400000047404	epochs	3.0
704.6487162029969	0.034677899999906	epochs	2.0
704.6487162029969	0.017373599999928047	epochs	3.0
704.6660898029968	0.017304299999977957	epochs	3.0
704.6833941029968	0.03440330000000813	epochs	2.0
704.6833941029968	0.01723570000001473	epochs	3.0
704.7006298029968	0.0171675999999934	epochs	3.0
704.7177974029968	0.0341328000000658	epochs	2.0
704.7177974029968	0.017099900000062007	epochs	3.0
704.7348973029968	0.017032900000003792	epochs	3.0
704.7519302029968	0.033866699999975935	epochs	2.0
704.7519302029968	0.01696640000000116	epochs	3.0
704.7688966029968	0.016900299999974777	epochs	3.0
704.7857969029968	0.03360459999998966	epochs	2.0
704.7857969029968	0.01683479999996962	epochs	3.0
704.8026317029968	0.01676980000002004	epochs	3.0
704.8194015029968	0.03334660000007261	epochs	2.0
704.8194015029968	0.016705300000012357	epochs	3.0
704.8361068029968	0.016641300000060255	epochs	3.0
704.8527481029969	0.03309249999995245	epochs	2.0
704.8527481029969	0.01657779999993636	epochs	3.0
704.8693259029968	0.01651470000001609	epochs	3.0
704.8858406029968	0.03284229999997024	epochs	2.0
704.8858406029968	0.01645220000000336	epochs	3.0
704.9022928029968	0.01639009999996688	epochs	3.0
704.9186829029968	0.03259570000000167	epochs	2.0
704.9186829029968	0.016328400000020338	epochs	3.0
704.9350113029968	0.016267299999981333	epochs	3.0
704.9512786029968	0.032352899999978035	epochs	2.0
704.9512786029968	0.016206600000032267	epochs	3.0
704.9674852029968	0.016146299999945768	epochs	3.0
704.9836315029968	0.032113700000081735	epochs	2.0
704.9836315029968	0.016086599999994178	epochs	3.0
704.9997181029968	0.016027100000087557	epochs	3.0
705.0157452029969	0.03187800000000607	epochs	2.0
705.0157452029969	0.015968199999974786	epochs	3.0
705.0317134029968	0.015909800000031282	epochs	3.0
705.0476232029969	0.03164569999989908	epochs	2.0
705.0476232029969	0.015851599999905375	epochs	3.0
705.0634748029968	0.015794099999993705	epochs	3.0
705.0792689029968	0.0314167000000225	epochs	2.0
705.0792689029968	0.015736700000047676	epochs	3.0
705.0950056029968	0.015679999999974825	epochs	3.0
705.1106856029968	0.031191100000000915	epochs	2.0
705.1106856029968	0.015623600000026272	epochs	3.0
705.1263092029968	0.015567499999974643	epochs	3.0
705.1418767029968	0.030968700000016725	epochs	2.0
705.1418767029968	0.015512000000057924	epochs	3.0
705.1573887029969	0.0154566999999588	epochs	3.0
705.1728454029968	0.03074950000006993	epochs	2.0
705.1728454029968	0.015401999999994587	epochs	3.0
705.1882474029968	0.015347500000075343	epochs	3.0
705.2035949029969	0.030533199999922545	epochs	2.0
705.2035949029969	0.015293399999904977	epochs	3.0
705.2188883029968	0.015239800000017567	epochs	3.0
705.2341281029968	0.03032010000003993	epochs	2.0
705.2341281029968	0.015186500000027081	epochs	3.0
705.2493146029968	0.015133600000012848	epochs	3.0
705.2644482029968	0.030109899999956724	epochs	2.0
705.2644482029968	0.015081000000009226	epochs	3.0
705.2795292029969	0.015028899999947498	epochs	3.0
705.2945581029968	0.02990250000004835	epochs	2.0
705.2945581029968	0.014977000000044427	epochs	3.0
705.3095351029968	0.014925500000003922	epochs	3.0
705.3244606029969	0.029698100000018712	epochs	2.0
705.3244606029969	0.01487439999993967	epochs	3.0
705.3393350029968	0.014823700000079043	epochs	3.0
705.3541587029969	0.02949630000000525	epochs	2.0
705.3541587029969	0.014773199999922326	epochs	3.0
705.3689319029968	0.014723100000082923	epochs	3.0
705.3836550029969	0.029297399999904883	epochs	2.0
705.3836550029969	0.014673399999992398	epochs	3.0
705.3983284029969	0.014623999999912485	epochs	3.0
705.4129524029968	0.029101100000048064	epochs	2.0
705.4129524029968	0.014574900000070556	epochs	3.0
705.4275273029969	0.014526199999977507	epochs	3.0
705.4420535029968	0.028907399999980044	epochs	2.0
705.4420535029968	0.014477700000043114	epochs	3.0
705.4565312029969	0.014429699999936929	epochs	3.0
705.4709609029968	0.028716200000076242	epochs	2.0
705.4709609029968	0.014381800000023759	epochs	3.0
705.4853427029968	0.014334400000052483	epochs	3.0
705.4996771029969	0.02852759999996124	epochs	2.0
705.4996771029969	0.014287199999898803	epochs	3.0
705.5139643029968	0.014240400000062436	epochs	3.0
705.5282047029968	0.028341399999931127	epochs	2.0
705.5282047029968	0.014193799999929979	epochs	3.0
705.5423985029968	0.014147600000001148	epochs	3.0
705.5565461029968	0.028157700000065233	epochs	2.0
705.5565461029968	0.014101700000082928	epochs	3.0
705.5706478029969	0.014055999999982305	epochs	3.0
705.5847038029968	0.027976299999977527	epochs	2.0
705.5847038029968	0.01401060000000598	epochs	3.0
705.5987144029968	0.013965699999971548	epochs	3.0
705.6126801029968	0.02779720000000907	epochs	2.0
705.6126801029968	0.013920800000050804	epochs	3.0
705.6266009029969	0.013876399999958267	epochs	3.0
705.6404773029968	0.027620400000046175	epochs	2.0
705.6404773029968	0.013832200000024386	epochs	3.0
705.6543095029969	0.013788200000021789	epochs	3.0
705.6680977029969	0.027445899999975154	epochs	2.0
705.6680977029969	0.013744599999995444	epochs	3.0
705.6818423029969	0.01370129999997971	epochs	3.0
705.6955436029968	0.027273499999978412	epochs	2.0
705.6955436029968	0.013658200000008947	epochs	3.0
705.7092018029969	0.013615299999969466	epochs	3.0
705.7228171029968	0.027103399999987232	epochs	2.0
705.7228171029968	0.013572800000019924	epochs	3.0
705.7363899029968	0.013530599999967308	epochs	3.0
705.7499205029968	0.02693520000002536	epochs	2.0
705.7499205029968	0.013488400000028378	epochs	3.0
705.7634089029968	0.013446799999996983	epochs	3.0
705.7768557029968	0.026769199999989723	epochs	2.0
705.7768557029968	0.013405199999965589	epochs	3.0
705.7902609029968	0.013364000000024134	epochs	3.0
705.8036249029968	0.026605199999949036	epochs	2.0
705.8036249029968	0.013322900000048321	epochs	3.0
705.8169478029969	0.013282299999900715	epochs	3.0
705.8302301029968	0.026443200000016986	epochs	2.0
705.8302301029968	0.01324170000009417	epochs	3.0
705.8434718029969	0.013201499999922817	epochs	3.0
705.8566733029968	0.026283200000079887	epochs	2.0
705.8566733029968	0.013161500000023807	epochs	3.0
705.8698348029968	0.01312170000005608	epochs	3.0
705.8829565029969	0.02612499999997908	epochs	2.0
705.8829565029969	0.01308209999990595	epochs	3.0
705.8960386029968	0.013042900000073132	epochs	3.0
705.9090815029969	0.025968899999952555	epochs	2.0
705.9090815029969	0.013003899999944224	epochs	3.0
705.9220854029968	0.012965000000008331	epochs	3.0
705.9350504029968	0.025814500000024054	epochs	2.0
705.9350504029968	0.012926399999969362	epochs	3.0
705.9479768029968	0.012888100000054692	epochs	3.0
705.9608649029968	0.025661900000045534	epochs	2.0
705.9608649029968	0.012849899999991976	epochs	3.0
705.9737148029968	0.012812000000053558	epochs	3.0
705.9865268029969	0.025511199999982637	epochs	2.0
705.9865268029969	0.012774399999898378	epochs	3.0
705.9993012029968	0.012736800000084258	epochs	3.0
706.0120380029969	0.025362299999983406	epochs	2.0
706.0120380029969	0.01269969999998466	epochs	3.0
706.0247377029968	0.012662599999998747	epochs	3.0
706.0374003029968	0.025215000000002874	epochs	2.0
706.0374003029968	0.012625800000023446	epochs	3.0
706.0500261029969	0.012589199999979428	epochs	3.0
706.0626153029968	0.024584799999956886	epochs	2.0
706.0855582029968	0.5	epochs	-1.0
706.0872001029968	0.5247200000000021	epochs	1.0
706.6119201029968	0.47519999999997253	epochs	0.0
707.460000038147	0.09519999999997708	epochs	0.0
707.460000038147	0.04260199999998804	epochs	1.0
707.502602038147	0.009996000000001004	epochs	1.0
707.512598038147	0.04260199999998804	epochs	1.0
707.555200038147	2.0	epochs	0.0
709.555200038147	21.52416000000005	epochs	0.0
709.555200038147	1.0	epochs	1.0
709.5552381381469	0.5	epochs	-1.0
710.0552381381469	19.998320000000035	epochs	-1.0
710.555200038147	20.0	epochs	1.0
710.555200038147	4.356753900000058	epochs	-1.0
710.555200038147	1.9745871999999736	epochs	2.0
710.555200038147	1.0985622000000603	epochs	3.0
711.653762238147	0.8760249999999132	epochs	3.0
712.5297872381469	1.3524075000000266	epochs	2.0
712.5297872381469	0.7286354999999958	epochs	3.0
713.2584227381469	0.6237720000000309	epochs	3.0
713.882194738147	1.0297592000000577	epochs	2.0
713.882194738147	0.5453293000000485	epochs	3.0
714.427524038147	0.4844299000000092	epochs	3.0
714.911953938147	0.8317862000000105	epochs	2.0
714.911953938147	0.4357762999999295	epochs	3.0
715.3477302381469	0.39600990000008096	epochs	3.0
715.743740138147	0.6977969999999232	epochs	2.0
715.743740138147	0.36289819999990414	epochs	3.0
716.1066383381469	0.33489880000001904	epochs	3.0
716.4415371381469	0.601045699999986	epochs	2.0
716.4415371381469	0.3109123000000409	epochs	3.0
716.752449438147	0.29013339999994514	epochs	3.0
717.0425828381469	0.5278859000000011	epochs	2.0
717.0425828381469	0.2719586000000618	epochs	3.0
717.314541438147	0.25592729999993935	epochs	3.0
717.5704687381469	0.4706193000000667	epochs	2.0
717.5704687381469	0.2416813000000957	epochs	3.0
717.812150038147	0.228937999999971	epochs	3.0
718.041088038147	0.42457039999999324	epochs	2.0
718.041088038147	0.21747140000002219	epochs	3.0
718.258559438147	0.20709899999997106	epochs	3.0
718.465658438147	0.3867354000000205	epochs	2.0
718.465658438147	0.19767109999997956	epochs	3.0
718.663329538147	0.18906430000004093	epochs	3.0
718.852393838147	0.3550953000000163	epochs	2.0
718.852393838147	0.18117589999997108	epochs	3.0
719.033569738147	0.17391940000004524	epochs	3.0
719.207489138147	0.3282430999998951	epochs	2.0
719.207489138147	0.16722189999995862	epochs	3.0
719.374711038147	0.16102119999993647	epochs	3.0
719.5357322381469	0.30516800000009425	epochs	2.0
719.5357322381469	0.15526390000002266	epochs	3.0
719.6909961381469	0.1499041000000716	epochs	3.0
719.840900238147	0.28512530000000424	epochs	2.0
719.840900238147	0.1449020999999675	epochs	3.0
719.985802338147	0.14022320000003674	epochs	3.0
720.126025538147	0.2675537999999733	epochs	2.0
720.126025538147	0.1358368999999584	epochs	3.0
720.261862438147	0.1317169000000149	epochs	3.0
720.393579338147	0.252022899999929	epochs	2.0
720.393579338147	0.1278393000000051	epochs	3.0
720.521418638147	0.1241835999999239	epochs	3.0
720.6456022381469	0.23819650000007186	epochs	2.0
720.6456022381469	0.12073110000005727	epochs	3.0
720.766333338147	0.1174654000000146	epochs	3.0
720.883798738147	0.2258087999999816	epochs	2.0
720.883798738147	0.11437190000003739	epochs	3.0
720.998170638147	0.11143689999994422	epochs	3.0
721.109607538147	0.2146460000000161	epochs	2.0
721.109607538147	0.10864890000004834	epochs	3.0
721.218256438147	0.10599709999996776	epochs	3.0
721.324253538147	0.20453499999996438	epochs	2.0
721.324253538147	0.10347149999995509	epochs	3.0
721.427725038147	0.1010635000000093	epochs	3.0
721.528788538147	0.19533400000000256	epochs	2.0
721.528788538147	0.09876510000003691	epochs	3.0
721.627553638147	0.09656889999996565	epochs	3.0
721.724122538147	0.18692529999998442	epochs	2.0
721.724122538147	0.09446830000001682	epochs	3.0
721.818590838147	0.09245699999996759	epochs	3.0
721.9110478381469	0.17921069999999872	epochs	2.0
721.9110478381469	0.0905296000000817	epochs	3.0
722.001577438147	0.08868109999991702	epochs	3.0
722.0902585381469	0.17210770000008324	epochs	2.0
722.0902585381469	0.08690630000000965	epochs	3.0
722.177164838147	0.08520140000007359	epochs	3.0
722.262366238147	0.1655463999999256	epochs	2.0
722.262366238147	0.08356189999994967	epochs	3.0
722.345928138147	0.08198449999997592	epochs	3.0
722.427912638147	0.15946710000002895	epochs	2.0
722.427912638147	0.08046539999998004	epochs	3.0
722.5083780381469	0.07900170000004891	epochs	3.0
722.587379738147	0.15381839999997737	epochs	2.0
722.587379738147	0.07759009999995214	epochs	3.0
722.6649698381469	0.07622830000002523	epochs	3.0
722.741198138147	0.14855639999996129	epochs	2.0
722.741198138147	0.07491330000004837	epochs	3.0
722.816111438147	0.07364309999991292	epochs	3.0
722.8897545381469	0.14364240000008976	epochs	2.0
722.8897545381469	0.07241500000009182	epochs	3.0
722.962169538147	0.07122739999999794	epochs	3.0
723.033396938147	0.13904309999998077	epochs	2.0
723.033396938147	0.07007799999996678	epochs	3.0
723.103474938147	0.06896510000001399	epochs	3.0
723.172440038147	0.1347293000000036	epochs	2.0
723.172440038147	0.0678871000000072	epochs	3.0
723.240327138147	0.06684219999999641	epochs	3.0
723.307169338147	0.13067519999992783	epochs	2.0
723.307169338147	0.06582909999997355	epochs	3.0
723.372998438147	0.06484609999995428	epochs	3.0
723.4378445381469	0.12685780000003888	epochs	2.0
723.4378445381469	0.06389200000000983	epochs	3.0
723.5017365381469	0.06296580000002905	epochs	3.0
723.564702338147	0.12325720000001184	epochs	2.0
723.564702338147	0.06206580000002759	epochs	3.0
723.626768138147	0.06119139999998424	epochs	3.0
723.687959538147	0.11985540000000583	epochs	2.0
723.687959538147	0.060341099999959624	epochs	3.0
723.7483006381469	0.059514300000046205	epochs	3.0
723.807814938147	0.11663620000001629	epochs	2.0
723.807814938147	0.05870960000004288	epochs	3.0
723.866524538147	0.057926599999973405	epochs	3.0
723.924451138147	0.11358559999996487	epochs	2.0
723.924451138147	0.05716419999998834	epochs	3.0
723.981615338147	0.05642139999997653	epochs	3.0
724.038036738147	0.11069050000003244	epochs	2.0
724.038036738147	0.055697900000041045	epochs	3.0
724.093734638147	0.0549925999999914	epochs	3.0
724.148727238147	0.10793909999995321	epochs	2.0
724.148727238147	0.05430490000003374	epochs	3.0
724.203032138147	0.053634199999919474	epochs	3.0
724.2566663381469	0.10532150000005913	epochs	2.0
724.2566663381469	0.05298000000004777	epochs	3.0
724.309646338147	0.052341500000011365	epochs	3.0
724.361987838147	0.10282759999995505	epochs	2.0
724.361987838147	0.05171810000001642	epochs	3.0
724.413705938147	0.051109499999938635	epochs	3.0
724.464815438147	0.10044909999999163	epochs	2.0
724.464815438147	0.050514900000052876	epochs	3.0
724.515330338147	0.049934199999938755	epochs	3.0
724.565264538147	0.0981782999999723	epochs	2.0
724.565264538147	0.04936659999998483	epochs	3.0
724.6146311381469	0.04881169999998747	epochs	3.0
724.6634428381469	0.09600780000005216	epochs	2.0
724.6634428381469	0.04826920000004975	epochs	3.0
724.711712038147	0.04773860000000241	epochs	3.0
724.759450638147	0.09393120000004274	epochs	2.0
724.759450638147	0.04721949999998287	epochs	3.0
724.806670138147	0.046711700000059864	epochs	3.0
724.853381838147	0.09194259999992482	epochs	2.0
724.853381838147	0.046214599999984785	epochs	3.0
724.899596438147	0.04572799999994004	epochs	3.0
724.9453244381469	0.09003630000006524	epochs	2.0
724.9453244381469	0.04525150000006306	epochs	3.0
724.990575938147	0.04478480000000218	epochs	3.0
725.035360738147	0.08820759999991878	epochs	2.0
725.035360738147	0.044327800000019124	epochs	3.0
725.079688538147	0.04387979999989966	epochs	3.0
725.1235683381469	0.0864516999999978	epochs	2.0
725.1235683381469	0.04344100000002982	epochs	3.0
725.167009338147	0.04301069999996798	epochs	3.0
725.2100200381469	0.0847643000000744	epochs	2.0
725.2100200381469	0.04258900000002086	epochs	3.0
725.2526090381469	0.04217530000005354	epochs	3.0
725.294784338147	0.08314150000001064	epochs	2.0
725.294784338147	0.041769699999917975	epochs	3.0
725.3365540381469	0.04137180000009266	epochs	3.0
725.377925838147	0.08157970000002024	epochs	2.0
725.377925838147	0.040981399999964196	epochs	3.0
725.418907238147	0.04059830000005604	epochs	3.0
725.459505538147	0.08007549999990715	epochs	2.0
725.459505538147	0.04022229999998217	epochs	3.0
725.499727838147	0.03985319999992498	epochs	3.0
725.5395810381469	0.07862570000008873	epochs	2.0
725.5395810381469	0.039490800000066884	epochs	3.0
725.579071838147	0.039134900000021844	epochs	3.0
725.618206738147	0.07722759999990103	epochs	2.0
725.618206738147	0.03878539999993791	epochs	3.0
725.656992138147	0.03844219999996312	epochs	3.0
725.6954343381469	0.07587820000003376	epochs	2.0
725.6954343381469	0.038104800000041905	epochs	3.0
725.733539138147	0.03777339999999185	epochs	3.0
725.771312538147	0.0745752000000266	epochs	2.0
725.771312538147	0.03744770000002973	epochs	3.0
725.808760238147	0.03712749999999687	epochs	3.0
725.845887738147	0.07331629999998768	epochs	2.0
725.845887738147	0.036812899999972615	epochs	3.0
725.882700638147	0.03650340000001506	epochs	3.0
725.919204038147	0.07209899999998015	epochs	2.0
725.919204038147	0.03619909999997617	epochs	3.0
725.955403138147	0.03589990000000398	epochs	3.0
725.991303038147	0.07092169999998532	epochs	2.0
725.991303038147	0.03560560000005353	epochs	3.0
726.026908638147	0.035316099999931794	epochs	3.0
726.0622247381469	0.06978200000003199	epochs	2.0
726.0622247381469	0.03503120000004856	epochs	3.0
726.097255938147	0.03475079999998343	epochs	3.0
726.132006738147	0.06867859999999837	epochs	2.0
726.132006738147	0.03447510000000875	epochs	3.0
726.166481838147	0.03420349999998962	epochs	3.0
726.200685338147	0.06760929999995824	epochs	2.0
726.200685338147	0.033936199999970995	epochs	3.0
726.2346215381469	0.033673099999987244	epochs	3.0
726.2682946381469	0.06657290000009652	epochs	2.0
726.2682946381469	0.03341399999999339	epochs	3.0
726.3017086381469	0.03315890000010313	epochs	3.0
726.334867538147	0.06556779999993978	epochs	2.0
726.334867538147	0.03290769999989607	epochs	3.0
726.3677752381469	0.03266010000004371	epochs	3.0
726.400435338147	0.06459259999996902	epochs	2.0
726.400435338147	0.032416399999988244	epochs	3.0
726.432851738147	0.03217619999998078	epochs	3.0
726.4650279381469	0.06364600000006249	epochs	2.0
726.4650279381469	0.03193959999998697	epochs	3.0
726.4969675381469	0.03170640000007552	epochs	3.0
726.528673938147	0.0627266999999847	epochs	2.0
726.528673938147	0.03147660000001906	epochs	3.0
726.560150538147	0.03125009999996564	epochs	3.0
726.591400638147	0.06183359999999993	epochs	2.0
726.591400638147	0.031026900000028945	epochs	3.0
726.622427538147	0.030806699999970988	epochs	3.0
726.653234238147	0.06096560000003137	epochs	2.0
726.653234238147	0.030589800000029754	epochs	3.0
726.683824038147	0.030375800000001618	epochs	3.0
726.714199838147	0.06012160000000222	epochs	2.0
726.714199838147	0.03016489999993155	epochs	3.0
726.7443647381469	0.02995670000007067	epochs	3.0
726.774321438147	0.05930069999999432	epochs	2.0
726.774321438147	0.02975159999994048	epochs	3.0
726.804073038147	0.02954910000005384	epochs	3.0
726.833622138147	0.05850179999993088	epochs	2.0
726.833622138147	0.02934940000000097	epochs	3.0
726.862971538147	0.029152399999929912	epochs	3.0
726.8921239381469	0.057724200000052406	epochs	2.0
726.8921239381469	0.028957999999988715	epochs	3.0
726.9210819381469	0.02876620000006369	epochs	3.0
726.949848138147	0.05696709999995164	epochs	2.0
726.949848138147	0.028577000000041153	epochs	3.0
726.978425138147	0.02839009999991049	epochs	3.0
727.0068152381469	0.056229500000085864	epochs	2.0
727.0068152381469	0.028205700000057732	epochs	3.0
727.035020938147	0.028023800000028132	epochs	3.0
727.063044738147	0.05551069999989977	epochs	2.0
727.063044738147	0.027843999999959124	epochs	3.0
727.090888738147	0.027666699999940647	epochs	3.0
727.1185554381469	0.054810200000019904	epochs	2.0
727.1185554381469	0.02749149999999645	epochs	3.0
727.1460469381469	0.027318700000023455	epochs	3.0
727.173365638147	0.05412699999999404	epochs	2.0
727.173365638147	0.02714780000007977	epochs	3.0
727.200513438147	0.026979199999914272	epochs	3.0
727.2274926381469	0.0534607000000733	epochs	2.0
727.2274926381469	0.026812600000084785	epochs	3.0
727.254305238147	0.026648099999988517	epochs	3.0
727.280953338147	0.05281070000000909	epochs	2.0
727.280953338147	0.026485600000000886	epochs	3.0
727.307438938147	0.026325100000008206	epochs	3.0
727.333764038147	0.05217619999996259	epochs	2.0
727.333764038147	0.026166399999965506	epochs	3.0
727.359930438147	0.026009799999997085	epochs	3.0
727.385940238147	0.051556699999991906	epochs	2.0
727.385940238147	0.025854799999933675	epochs	3.0
727.4117950381469	0.02570190000005823	epochs	3.0
727.437496938147	0.05095189999997274	epochs	2.0
727.437496938147	0.025550699999939752	epochs	3.0
727.4630476381469	0.025401200000032986	epochs	3.0
727.488448838147	0.05036100000006627	epochs	2.0
727.488448838147	0.0252535000000762	epochs	3.0
727.513702338147	0.02510749999999007	epochs	3.0
727.538809838147	0.049783800000000156	epochs	2.0
727.538809838147	0.02496320000000196	epochs	3.0
727.563773038147	0.024820599999998194	epochs	3.0
727.588593638147	0.04921949999993558	epochs	2.0
727.588593638147	0.024679399999968155	epochs	3.0
727.613273038147	0.024540099999967424	epochs	3.0
727.637813138147	0.04866790000005494	epochs	2.0
727.637813138147	0.02440209999997478	epochs	3.0
727.6622152381469	0.024265800000080162	epochs	3.0
727.686481038147	0.048128599999927246	epochs	2.0
727.686481038147	0.024131000000011227	epochs	3.0
727.710612038147	0.02399759999991602	epochs	3.0
727.7346096381469	0.047601100000065344	epochs	2.0
727.7346096381469	0.023865800000066884	epochs	3.0
727.758475438147	0.02373529999999846	epochs	3.0
727.782210738147	0.04708499999992455	epochs	2.0
727.782210738147	0.023606299999983094	epochs	3.0
727.805817038147	0.023478699999941455	epochs	3.0
727.8292957381469	0.04658000000006268	epochs	2.0
727.8292957381469	0.023352500000100918	epochs	3.0
727.852648238147	0.023227499999961765	epochs	3.0
727.875875738147	0.04608569999993506	epochs	2.0
727.875875738147	0.023103999999989355	epochs	3.0
727.898979738147	0.022981699999945704	epochs	3.0
727.9219614381469	0.0456018000000995	epochs	2.0
727.9219614381469	0.022860700000023826	epochs	3.0
727.944822138147	0.022741100000075676	epochs	3.0
727.967563238147	0.045127899999897636	epochs	2.0
727.967563238147	0.022622499999897627	epochs	3.0
727.9901857381469	0.02250540000000001	epochs	3.0
728.0126911381469	0.0446638000000803	epochs	2.0
728.0126911381469	0.022389300000099865	epochs	3.0
728.035080438147	0.022274499999980435	epochs	3.0
728.057354938147	0.04420919999995476	epochs	2.0
728.057354938147	0.022160799999937808	epochs	3.0
728.0795157381469	0.022048400000016954	epochs	3.0
728.101564138147	0.043763600000033875	epochs	2.0
728.101564138147	0.021936900000014248	epochs	3.0
728.123501038147	0.021826700000019628	epochs	3.0
728.145327738147	0.04332709999994222	epochs	2.0
728.145327738147	0.021717599999988124	epochs	3.0
728.167045338147	0.021609499999954096	epochs	3.0
728.1886548381469	0.04289900000003399	epochs	2.0
728.1886548381469	0.02150249999999687	epochs	3.0
728.2101573381469	0.021396500000037122	epochs	3.0
728.231553838147	0.042479500000013104	epochs	2.0
728.231553838147	0.02129170000000613	epochs	3.0
728.252845538147	0.021187800000006973	epochs	3.0
728.274033338147	0.042067900000006375	epochs	2.0
728.274033338147	0.02108490000000529	epochs	3.0
728.295118238147	0.020983000000001084	epochs	3.0
728.316101238147	0.04166439999994509	epochs	2.0
728.316101238147	0.020882199999959994	epochs	3.0
728.336983438147	0.020782199999985096	epochs	3.0
728.3577656381469	0.04126850000000104	epochs	2.0
728.3577656381469	0.020683300000087	epochs	3.0
728.378448938147	0.02058519999991404	epochs	3.0
728.3990341381469	0.04088000000001557	epochs	2.0
728.3990341381469	0.020488100000079612	epochs	3.0
728.419522238147	0.02039189999993596	epochs	3.0
728.439914138147	0.04049880000002304	epochs	2.0
728.439914138147	0.020296600000051512	epochs	3.0
728.460210738147	0.020202199999971526	epochs	3.0
728.480412938147	0.04012460000001283	epochs	2.0
728.480412938147	0.02010870000003706	epochs	3.0
728.500521638147	0.020015899999975773	epochs	3.0
728.520537538147	0.03975730000001931	epochs	2.0
728.520537538147	0.019924199999991288	epochs	3.0
728.540461738147	0.019833100000028026	epochs	3.0
728.560294838147	0.03939669999999751	epochs	2.0
728.560294838147	0.01974299999994855	epochs	3.0
728.580037838147	0.019653700000048957	epochs	3.0
728.599691538147	0.03904239999997117	epochs	2.0
728.599691538147	0.01956510000002254	epochs	3.0
728.619256638147	0.019477299999948627	epochs	3.0
728.638733938147	0.03869459999998526	epochs	2.0
728.638733938147	0.019390400000020236	epochs	3.0
728.658124338147	0.01930419999996502	epochs	3.0
728.677428538147	0.03835290000006353	epochs	2.0
728.677428538147	0.019218799999976	epochs	3.0
728.6966473381469	0.01913410000008753	epochs	3.0
728.715781438147	0.038017199999899276	epochs	2.0
728.715781438147	0.01905019999992419	epochs	3.0
728.7348316381469	0.018966999999975087	epochs	3.0
728.7537986381469	0.037687200000050325	epochs	2.0
728.7537986381469	0.01888450000001285	epochs	3.0
728.7726831381469	0.018802700000037476	epochs	3.0
728.791485838147	0.03736309999999321	epochs	2.0
728.791485838147	0.018721700000014607	epochs	3.0
728.810207538147	0.018641399999978603	epochs	3.0
728.828848938147	0.03704430000004777	epochs	2.0
728.828848938147	0.01856159999999818	epochs	3.0
728.847410538147	0.01848270000004959	epochs	3.0
728.865893238147	0.03673099999991791	epochs	2.0
728.865893238147	0.018404299999929208	epochs	3.0
728.8842975381469	0.018326699999988705	epochs	3.0
728.9026242381469	0.036422900000047775	epochs	2.0
728.9026242381469	0.018249599999990096	epochs	3.0
728.9208738381469	0.01817330000005768	epochs	3.0
728.939047138147	0.03612009999994825	epochs	2.0
728.939047138147	0.0180976000000328	epochs	3.0
728.957144738147	0.018022499999915453	epochs	3.0
728.9751672381469	0.03582210000001851	epochs	2.0
728.9751672381469	0.017947900000081063	epochs	3.0
728.993115138147	0.017874199999937446	epochs	3.0
729.0109893381469	0.03552899999999681	epochs	2.0
729.0109893381469	0.017800800000031813	epochs	3.0
729.028790138147	0.017728199999965	epochs	3.0
729.0465183381469	0.03524070000003121	epochs	2.0
729.0465183381469	0.017656100000067454	epochs	3.0
729.064174438147	0.017584599999963757	epochs	3.0
729.081759038147	0.034957100000042374	epochs	2.0
729.081759038147	0.01751369999999497	epochs	3.0
729.099272738147	0.017443400000047404	epochs	3.0
729.116716138147	0.034677899999906	epochs	2.0
729.116716138147	0.017373599999928047	epochs	3.0
729.1340897381469	0.017304299999977957	epochs	3.0
729.1513940381469	0.03440330000000813	epochs	2.0
729.1513940381469	0.01723570000001473	epochs	3.0
729.1686297381469	0.0171675999999934	epochs	3.0
729.1857973381469	0.0341328000000658	epochs	2.0
729.1857973381469	0.017099900000062007	epochs	3.0
729.202897238147	0.017032900000003792	epochs	3.0
729.219930138147	0.033866699999975935	epochs	2.0
729.219930138147	0.01696640000000116	epochs	3.0
729.236896538147	0.016900299999974777	epochs	3.0
729.253796838147	0.03360459999998966	epochs	2.0
729.253796838147	0.01683479999996962	epochs	3.0
729.2706316381469	0.01676980000002004	epochs	3.0
729.287401438147	0.03334660000007261	epochs	2.0
729.287401438147	0.016705300000012357	epochs	3.0
729.304106738147	0.016641300000060255	epochs	3.0
729.320748038147	0.03309249999995245	epochs	2.0
729.320748038147	0.01657779999993636	epochs	3.0
729.337325838147	0.01651470000001609	epochs	3.0
729.353840538147	0.03284229999997024	epochs	2.0
729.353840538147	0.01645220000000336	epochs	3.0
729.370292738147	0.01639009999996688	epochs	3.0
729.386682838147	0.03259570000000167	epochs	2.0
729.386682838147	0.016328400000020338	epochs	3.0
729.403011238147	0.016267299999981333	epochs	3.0
729.419278538147	0.032352899999978035	epochs	2.0
729.419278538147	0.016206600000032267	epochs	3.0
729.435485138147	0.016146299999945768	epochs	3.0
729.4516314381469	0.032113700000081735	epochs	2.0
729.4516314381469	0.016086599999994178	epochs	3.0
729.4677180381469	0.016027100000087557	epochs	3.0
729.483745138147	0.03187800000000607	epochs	2.0
729.483745138147	0.015968199999974786	epochs	3.0
729.499713338147	0.015909800000031282	epochs	3.0
729.515623138147	0.03164569999989908	epochs	2.0
729.515623138147	0.015851599999905375	epochs	3.0
729.5314747381469	0.015794099999993705	epochs	3.0
729.5472688381469	0.0314167000000225	epochs	2.0
729.5472688381469	0.015736700000047676	epochs	3.0
729.563005538147	0.015679999999974825	epochs	3.0
729.5786855381469	0.031191100000000915	epochs	2.0
729.5786855381469	0.015623600000026272	epochs	3.0
729.594309138147	0.015567499999974643	epochs	3.0
729.6098766381469	0.030968700000016725	epochs	2.0
729.6098766381469	0.015512000000057924	epochs	3.0
729.625388638147	0.0154566999999588	epochs	3.0
729.640845338147	0.03074950000006993	epochs	2.0
729.640845338147	0.015401999999994587	epochs	3.0
729.656247338147	0.015347500000075343	epochs	3.0
729.671594838147	0.030533199999922545	epochs	2.0
729.671594838147	0.015293399999904977	epochs	3.0
729.6868882381469	0.015239800000017567	epochs	3.0
729.702128038147	0.03032010000003993	epochs	2.0
729.702128038147	0.015186500000027081	epochs	3.0
729.717314538147	0.015133600000012848	epochs	3.0
729.732448138147	0.030109899999956724	epochs	2.0
729.732448138147	0.015081000000009226	epochs	3.0
729.747529138147	0.015028899999947498	epochs	3.0
729.762558038147	0.02990250000004835	epochs	2.0
729.762558038147	0.014977000000044427	epochs	3.0
729.777535038147	0.014925500000003922	epochs	3.0
729.792460538147	0.029698100000018712	epochs	2.0
729.792460538147	0.01487439999993967	epochs	3.0
729.8073349381469	0.014823700000079043	epochs	3.0
729.822158638147	0.02949630000000525	epochs	2.0
729.822158638147	0.014773199999922326	epochs	3.0
729.8369318381469	0.014723100000082923	epochs	3.0
729.851654938147	0.029297399999904883	epochs	2.0
729.851654938147	0.014673399999992398	epochs	3.0
729.866328338147	0.014623999999912485	epochs	3.0
729.8809523381469	0.029101100000048064	epochs	2.0
729.8809523381469	0.014574900000070556	epochs	3.0
729.895527238147	0.014526199999977507	epochs	3.0
729.910053438147	0.028907399999980044	epochs	2.0
729.910053438147	0.014477700000043114	epochs	3.0
729.924531138147	0.014429699999936929	epochs	3.0
729.938960838147	0.028716200000076242	epochs	2.0
729.938960838147	0.014381800000023759	epochs	3.0
729.953342638147	0.014334400000052483	epochs	3.0
729.967677038147	0.02852759999996124	epochs	2.0
729.967677038147	0.014287199999898803	epochs	3.0
729.9819642381469	0.014240400000062436	epochs	3.0
729.996204638147	0.028341399999931127	epochs	2.0
729.996204638147	0.014193799999929979	epochs	3.0
730.0103984381469	0.014147600000001148	epochs	3.0
730.0245460381469	0.028157700000065233	epochs	2.0
730.0245460381469	0.014101700000082928	epochs	3.0
730.038647738147	0.014055999999982305	epochs	3.0
730.052703738147	0.027976299999977527	epochs	2.0
730.052703738147	0.01401060000000598	epochs	3.0
730.066714338147	0.013965699999971548	epochs	3.0
730.080680038147	0.02779720000000907	epochs	2.0
730.080680038147	0.013920800000050804	epochs	3.0
730.094600838147	0.013876399999958267	epochs	3.0
730.108477238147	0.027620400000046175	epochs	2.0
730.108477238147	0.013832200000024386	epochs	3.0
730.122309438147	0.013788200000021789	epochs	3.0
730.136097638147	0.027445899999975154	epochs	2.0
730.136097638147	0.013744599999995444	epochs	3.0
730.149842238147	0.01370129999997971	epochs	3.0
730.163543538147	0.027273499999978412	epochs	2.0
730.163543538147	0.013658200000008947	epochs	3.0
730.177201738147	0.013615299999969466	epochs	3.0
730.190817038147	0.027103399999987232	epochs	2.0
730.190817038147	0.013572800000019924	epochs	3.0
730.204389838147	0.013530599999967308	epochs	3.0
730.217920438147	0.02693520000002536	epochs	2.0
730.217920438147	0.013488400000028378	epochs	3.0
730.231408838147	0.013446799999996983	epochs	3.0
730.244855638147	0.026769199999989723	epochs	2.0
730.244855638147	0.013405199999965589	epochs	3.0
730.258260838147	0.013364000000024134	epochs	3.0
730.271624838147	0.026605199999949036	epochs	2.0
730.271624838147	0.013322900000048321	epochs	3.0
730.284947738147	0.013282299999900715	epochs	3.0
730.2982300381469	0.026443200000016986	epochs	2.0
730.2982300381469	0.01324170000009417	epochs	3.0
730.311471738147	0.013201499999922817	epochs	3.0
730.3246732381469	0.026283200000079887	epochs	2.0
730.3246732381469	0.013161500000023807	epochs	3.0
730.337834738147	0.01312170000005608	epochs	3.0
730.350956438147	0.02612499999997908	epochs	2.0
730.350956438147	0.01308209999990595	epochs	3.0
730.3640385381469	0.013042900000073132	epochs	3.0
730.377081438147	0.025968899999952555	epochs	2.0
730.377081438147	0.013003899999944224	epochs	3.0
730.390085338147	0.012965000000008331	epochs	3.0
730.403050338147	0.025814500000024054	epochs	2.0
730.403050338147	0.012926399999969362	epochs	3.0
730.4159767381469	0.012888100000054692	epochs	3.0
730.428864838147	0.025661900000045534	epochs	2.0
730.428864838147	0.012849899999991976	epochs	3.0
730.441714738147	0.012812000000053558	epochs	3.0
730.454526738147	0.025511199999982637	epochs	2.0
730.454526738147	0.012774399999898378	epochs	3.0
730.4673011381469	0.012736800000084258	epochs	3.0
730.480037938147	0.025362299999983406	epochs	2.0
730.480037938147	0.01269969999998466	epochs	3.0
730.492737638147	0.012662599999998747	epochs	3.0
730.505400238147	0.025215000000002874	epochs	2.0
730.505400238147	0.012625800000023446	epochs	3.0
730.518026038147	0.012589199999979428	epochs	3.0
730.530615238147	0.024584799999956886	epochs	2.0
730.553558138147	0.5	epochs	-1.0
730.555200038147	0.5241600000000517	epochs	1.0
731.079360038147	0.4757599999999229	epochs	0.0
749.0190000534058	0.09519999999997708	epochs	0.0
749.0190000534058	0.04260199999998804	epochs	1.0
749.0616020534057	0.009996000000001004	epochs	1.0
749.0715980534058	0.04260199999998804	epochs	1.0
749.1142000534057	2.0	epochs	0.0
751.1142000534057	5.404639999999972	epochs	0.0
751.1142000534057	1.0	epochs	1.0
751.1142381534057	0.5	epochs	-1.0
751.6142381534057	4.904601899999989	epochs	-1.0
752.1142000534057	4.404639999999972	epochs	1.0
752.1142000534057	4.356753900000058	epochs	-1.0
752.1142000534057	1.9745871999999736	epochs	2.0
752.1142000534057	1.0985622000000603	epochs	3.0
753.2127622534058	0.8760249999999132	epochs	3.0
754.0887872534057	1.3524075000000266	epochs	2.0
754.0887872534057	0.7286354999999958	epochs	3.0
754.8174227534057	0.6237720000000309	epochs	3.0
755.4411947534057	1.0297592000000577	epochs	2.0
755.4411947534057	0.5453293000000485	epochs	3.0
755.9865240534058	0.4844299000000092	epochs	3.0
756.4709539534058	0.04788609999991422	epochs	2.0
756.4709539534058	0.04788609999991422	epochs	3.0
756.5188400534057	16.595280000000002	epochs	0.0
757.3600001335144	0.09519999999997708	epochs	0.0
757.3600001335144	0.04260199999998804	epochs	1.0
757.4026021335144	0.009996000000001004	epochs	1.0
757.4125981335144	0.04260199999998804	epochs	1.0
757.4552001335144	2.0	epochs	0.0
759.4552001335144	21.999919999999975	epochs	0.0
759.4552001335144	1.0	epochs	1.0
759.4552382335144	0.5	epochs	-1.0
759.9552382335144	19.998160000000098	epochs	-1.0
760.4552001335144	20.0	epochs	1.0
760.4552001335144	4.356753900000058	epochs	-1.0
760.4552001335144	1.9745871999999736	epochs	2.0
760.4552001335144	1.0985622000000603	epochs	3.0
761.5537623335144	0.8760249999999132	epochs	3.0
762.4297873335144	1.3524075000000266	epochs	2.0
762.4297873335144	0.7286354999999958	epochs	3.0
763.1584228335144	0.6237720000000309	epochs	3.0
763.7821948335144	1.0297592000000577	epochs	2.0
763.7821948335144	0.5453293000000485	epochs	3.0
764.3275241335144	0.4844299000000092	epochs	3.0
764.8119540335144	0.8317862000000105	epochs	2.0
764.8119540335144	0.4357762999999295	epochs	3.0
765.2477303335144	0.39600990000008096	epochs	3.0
765.6437402335144	0.6977969999999232	epochs	2.0
765.6437402335144	0.36289819999990414	epochs	3.0
766.0066384335144	0.33489880000001904	epochs	3.0
766.3415372335144	0.601045699999986	epochs	2.0
766.3415372335144	0.3109123000000409	epochs	3.0
766.6524495335144	0.29013339999994514	epochs	3.0
766.9425829335144	0.5278859000000011	epochs	2.0
766.9425829335144	0.2719586000000618	epochs	3.0
767.2145415335144	0.25592729999993935	epochs	3.0
767.4704688335144	0.4706193000000667	epochs	2.0
767.4704688335144	0.2416813000000957	epochs	3.0
767.7121501335145	0.228937999999971	epochs	3.0
767.9410881335144	0.42457039999999324	epochs	2.0
767.9410881335144	0.21747140000002219	epochs	3.0
768.1585595335144	0.20709899999997106	epochs	3.0
768.3656585335144	0.3867354000000205	epochs	2.0
768.3656585335144	0.19767109999997956	epochs	3.0
768.5633296335144	0.18906430000004093	epochs	3.0
768.7523939335144	0.3550953000000163	epochs	2.0
768.7523939335144	0.18117589999997108	epochs	3.0
768.9335698335144	0.17391940000004524	epochs	3.0
769.1074892335145	0.3282430999998951	epochs	2.0
769.1074892335145	0.16722189999995862	epochs	3.0
769.2747111335144	0.16102119999993647	epochs	3.0
769.4357323335144	0.30516800000009425	epochs	2.0
769.4357323335144	0.15526390000002266	epochs	3.0
769.5909962335144	0.1499041000000716	epochs	3.0
769.7409003335144	0.28512530000000424	epochs	2.0
769.7409003335144	0.1449020999999675	epochs	3.0
769.8858024335144	0.14022320000003674	epochs	3.0
770.0260256335145	0.2675537999999733	epochs	2.0
770.0260256335145	0.1358368999999584	epochs	3.0
770.1618625335144	0.1317169000000149	epochs	3.0
770.2935794335144	0.252022899999929	epochs	2.0
770.2935794335144	0.1278393000000051	epochs	3.0
770.4214187335144	0.1241835999999239	epochs	3.0
770.5456023335144	0.23819650000007186	epochs	2.0
770.5456023335144	0.12073110000005727	epochs	3.0
770.6663334335144	0.1174654000000146	epochs	3.0
770.7837988335144	0.2258087999999816	epochs	2.0
770.7837988335144	0.11437190000003739	epochs	3.0
770.8981707335145	0.11143689999994422	epochs	3.0
771.0096076335144	0.2146460000000161	epochs	2.0
771.0096076335144	0.10864890000004834	epochs	3.0
771.1182565335145	0.10599709999996776	epochs	3.0
771.2242536335144	0.20453499999996438	epochs	2.0
771.2242536335144	0.10347149999995509	epochs	3.0
771.3277251335144	0.1010635000000093	epochs	3.0
771.4287886335144	0.19533400000000256	epochs	2.0
771.4287886335144	0.09876510000003691	epochs	3.0
771.5275537335144	0.09656889999996565	epochs	3.0
771.6241226335144	0.18692529999998442	epochs	2.0
771.6241226335144	0.09446830000001682	epochs	3.0
771.7185909335144	0.09245699999996759	epochs	3.0
771.8110479335144	0.17921069999999872	epochs	2.0
771.8110479335144	0.0905296000000817	epochs	3.0
771.9015775335145	0.08868109999991702	epochs	3.0
771.9902586335144	0.17210770000008324	epochs	2.0
771.9902586335144	0.08690630000000965	epochs	3.0
772.0771649335144	0.08520140000007359	epochs	3.0
772.1623663335145	0.1655463999999256	epochs	2.0
772.1623663335145	0.08356189999994967	epochs	3.0
772.2459282335144	0.08198449999997592	epochs	3.0
772.3279127335144	0.15946710000002895	epochs	2.0
772.3279127335144	0.08046539999998004	epochs	3.0
772.4083781335144	0.07900170000004891	epochs	3.0
772.4873798335144	0.15381839999997737	epochs	2.0
772.4873798335144	0.07759009999995214	epochs	3.0
772.5649699335144	0.07622830000002523	epochs	3.0
772.6411982335144	0.14855639999996129	epochs	2.0
772.6411982335144	0.07491330000004837	epochs	3.0
772.7161115335144	0.07364309999991292	epochs	3.0
772.7897546335143	0.14364240000008976	epochs	2.0
772.7897546335143	0.07241500000009182	epochs	3.0
772.8621696335144	0.07122739999999794	epochs	3.0
772.9333970335144	0.13904309999998077	epochs	2.0
772.9333970335144	0.07007799999996678	epochs	3.0
773.0034750335144	0.06896510000001399	epochs	3.0
773.0724401335144	0.1347293000000036	epochs	2.0
773.0724401335144	0.0678871000000072	epochs	3.0
773.1403272335144	0.06684219999999641	epochs	3.0
773.2071694335144	0.13067519999992783	epochs	2.0
773.2071694335144	0.06582909999997355	epochs	3.0
773.2729985335144	0.06484609999995428	epochs	3.0
773.3378446335144	0.12685780000003888	epochs	2.0
773.3378446335144	0.06389200000000983	epochs	3.0
773.4017366335144	0.06296580000002905	epochs	3.0
773.4647024335144	0.12325720000001184	epochs	2.0
773.4647024335144	0.06206580000002759	epochs	3.0
773.5267682335144	0.06119139999998424	epochs	3.0
773.5879596335144	0.11985540000000583	epochs	2.0
773.5879596335144	0.060341099999959624	epochs	3.0
773.6483007335144	0.059514300000046205	epochs	3.0
773.7078150335144	0.11663620000001629	epochs	2.0
773.7078150335144	0.05870960000004288	epochs	3.0
773.7665246335145	0.057926599999973405	epochs	3.0
773.8244512335144	0.11358559999996487	epochs	2.0
773.8244512335144	0.05716419999998834	epochs	3.0
773.8816154335144	0.05642139999997653	epochs	3.0
773.9380368335144	0.11069050000003244	epochs	2.0
773.9380368335144	0.055697900000041045	epochs	3.0
773.9937347335144	0.0549925999999914	epochs	3.0
774.0487273335144	0.10793909999995321	epochs	2.0
774.0487273335144	0.05430490000003374	epochs	3.0
774.1030322335145	0.053634199999919474	epochs	3.0
774.1566664335144	0.10532150000005913	epochs	2.0
774.1566664335144	0.05298000000004777	epochs	3.0
774.2096464335144	0.052341500000011365	epochs	3.0
774.2619879335144	0.10282759999995505	epochs	2.0
774.2619879335144	0.05171810000001642	epochs	3.0
774.3137060335144	0.051109499999938635	epochs	3.0
774.3648155335144	0.10044909999999163	epochs	2.0
774.3648155335144	0.050514900000052876	epochs	3.0
774.4153304335144	0.049934199999938755	epochs	3.0
774.4652646335144	0.0981782999999723	epochs	2.0
774.4652646335144	0.04936659999998483	epochs	3.0
774.5146312335144	0.04881169999998747	epochs	3.0
774.5634429335144	0.09600780000005216	epochs	2.0
774.5634429335144	0.04826920000004975	epochs	3.0
774.6117121335144	0.04773860000000241	epochs	3.0
774.6594507335144	0.09393120000004274	epochs	2.0
774.6594507335144	0.04721949999998287	epochs	3.0
774.7066702335144	0.046711700000059864	epochs	3.0
774.7533819335144	0.09194259999992482	epochs	2.0
774.7533819335144	0.046214599999984785	epochs	3.0
774.7995965335144	0.04572799999994004	epochs	3.0
774.8453245335144	0.09003630000006524	epochs	2.0
774.8453245335144	0.04525150000006306	epochs	3.0
774.8905760335144	0.04478480000000218	epochs	3.0
774.9353608335144	0.08820759999991878	epochs	2.0
774.9353608335144	0.044327800000019124	epochs	3.0
774.9796886335145	0.04387979999989966	epochs	3.0
775.0235684335144	0.0864516999999978	epochs	2.0
775.0235684335144	0.04344100000002982	epochs	3.0
775.0670094335144	0.04301069999996798	epochs	3.0
775.1100201335144	0.0847643000000744	epochs	2.0
775.1100201335144	0.04258900000002086	epochs	3.0
775.1526091335144	0.04217530000005354	epochs	3.0
775.1947844335144	0.08314150000001064	epochs	2.0
775.1947844335144	0.041769699999917975	epochs	3.0
775.2365541335143	0.04137180000009266	epochs	3.0
775.2779259335144	0.08157970000002024	epochs	2.0
775.2779259335144	0.040981399999964196	epochs	3.0
775.3189073335144	0.04059830000005604	epochs	3.0
775.3595056335145	0.08007549999990715	epochs	2.0
775.3595056335145	0.04022229999998217	epochs	3.0
775.3997279335144	0.03985319999992498	epochs	3.0
775.4395811335144	0.07862570000008873	epochs	2.0
775.4395811335144	0.039490800000066884	epochs	3.0
775.4790719335144	0.039134900000021844	epochs	3.0
775.5182068335145	0.07722759999990103	epochs	2.0
775.5182068335145	0.03878539999993791	epochs	3.0
775.5569922335144	0.03844219999996312	epochs	3.0
775.5954344335144	0.07587820000003376	epochs	2.0
775.5954344335144	0.038104800000041905	epochs	3.0
775.6335392335144	0.03777339999999185	epochs	3.0
775.6713126335144	0.0745752000000266	epochs	2.0
775.6713126335144	0.03744770000002973	epochs	3.0
775.7087603335144	0.03712749999999687	epochs	3.0
775.7458878335144	0.07331629999998768	epochs	2.0
775.7458878335144	0.036812899999972615	epochs	3.0
775.7827007335144	0.03650340000001506	epochs	3.0
775.8192041335144	0.07209899999998015	epochs	2.0
775.8192041335144	0.03619909999997617	epochs	3.0
775.8554032335144	0.03589990000000398	epochs	3.0
775.8913031335144	0.07092169999998532	epochs	2.0
775.8913031335144	0.03560560000005353	epochs	3.0
775.9269087335144	0.035316099999931794	epochs	3.0
775.9622248335144	0.06978200000003199	epochs	2.0
775.9622248335144	0.03503120000004856	epochs	3.0
775.9972560335144	0.03475079999998343	epochs	3.0
776.0320068335144	0.06867859999999837	epochs	2.0
776.0320068335144	0.03447510000000875	epochs	3.0
776.0664819335144	0.03420349999998962	epochs	3.0
776.1006854335144	0.06760929999995824	epochs	2.0
776.1006854335144	0.033936199999970995	epochs	3.0
776.1346216335144	0.033673099999987244	epochs	3.0
776.1682947335144	0.06657290000009652	epochs	2.0
776.1682947335144	0.03341399999999339	epochs	3.0
776.2017087335144	0.03315890000010313	epochs	3.0
776.2348676335145	0.06556779999993978	epochs	2.0
776.2348676335145	0.03290769999989607	epochs	3.0
776.2677753335144	0.03266010000004371	epochs	3.0
776.3004354335144	0.06459259999996902	epochs	2.0
776.3004354335144	0.032416399999988244	epochs	3.0
776.3328518335144	0.03217619999998078	epochs	3.0
776.3650280335144	0.06364600000006249	epochs	2.0
776.3650280335144	0.03193959999998697	epochs	3.0
776.3969676335144	0.03170640000007552	epochs	3.0
776.4286740335144	0.0627266999999847	epochs	2.0
776.4286740335144	0.03147660000001906	epochs	3.0
776.4601506335144	0.03125009999996564	epochs	3.0
776.4914007335144	0.06183359999999993	epochs	2.0
776.4914007335144	0.031026900000028945	epochs	3.0
776.5224276335144	0.030806699999970988	epochs	3.0
776.5532343335144	0.06096560000003137	epochs	2.0
776.5532343335144	0.030589800000029754	epochs	3.0
776.5838241335144	0.030375800000001618	epochs	3.0
776.6141999335144	0.06012160000000222	epochs	2.0
776.6141999335144	0.03016489999993155	epochs	3.0
776.6443648335144	0.02995670000007067	epochs	3.0
776.6743215335144	0.05930069999999432	epochs	2.0
776.6743215335144	0.02975159999994048	epochs	3.0
776.7040731335144	0.02954910000005384	epochs	3.0
776.7336222335144	0.05850179999993088	epochs	2.0
776.7336222335144	0.02934940000000097	epochs	3.0
776.7629716335144	0.029152399999929912	epochs	3.0
776.7921240335144	0.057724200000052406	epochs	2.0
776.7921240335144	0.028957999999988715	epochs	3.0
776.8210820335144	0.02876620000006369	epochs	3.0
776.8498482335144	0.05696709999995164	epochs	2.0
776.8498482335144	0.028577000000041153	epochs	3.0
776.8784252335145	0.02839009999991049	epochs	3.0
776.9068153335144	0.056229500000085864	epochs	2.0
776.9068153335144	0.028205700000057732	epochs	3.0
776.9350210335144	0.028023800000028132	epochs	3.0
776.9630448335145	0.05551069999989977	epochs	2.0
776.9630448335145	0.027843999999959124	epochs	3.0
776.9908888335144	0.027666699999940647	epochs	3.0
777.0185555335144	0.054810200000019904	epochs	2.0
777.0185555335144	0.02749149999999645	epochs	3.0
777.0460470335144	0.027318700000023455	epochs	3.0
777.0733657335144	0.05412699999999404	epochs	2.0
777.0733657335144	0.02714780000007977	epochs	3.0
777.1005135335145	0.026979199999914272	epochs	3.0
777.1274927335144	0.0534607000000733	epochs	2.0
777.1274927335144	0.026812600000084785	epochs	3.0
777.1543053335145	0.026648099999988517	epochs	3.0
777.1809534335144	0.05281070000000909	epochs	2.0
777.1809534335144	0.026485600000000886	epochs	3.0
777.2074390335144	0.026325100000008206	epochs	3.0
777.2337641335145	0.05217619999996259	epochs	2.0
777.2337641335145	0.026166399999965506	epochs	3.0
777.2599305335144	0.026009799999997085	epochs	3.0
777.2859403335144	0.051556699999991906	epochs	2.0
777.2859403335144	0.025854799999933675	epochs	3.0
777.3117951335144	0.02570190000005823	epochs	3.0
777.3374970335144	0.05095189999997274	epochs	2.0
777.3374970335144	0.025550699999939752	epochs	3.0
777.3630477335143	0.025401200000032986	epochs	3.0
777.3884489335144	0.05036100000006627	epochs	2.0
777.3884489335144	0.0252535000000762	epochs	3.0
777.4137024335145	0.02510749999999007	epochs	3.0
777.4388099335144	0.049783800000000156	epochs	2.0
777.4388099335144	0.02496320000000196	epochs	3.0
777.4637731335145	0.024820599999998194	epochs	3.0
777.4885937335144	0.04921949999993558	epochs	2.0
777.4885937335144	0.024679399999968155	epochs	3.0
777.5132731335144	0.024540099999967424	epochs	3.0
777.5378132335144	0.04866790000005494	epochs	2.0
777.5378132335144	0.02440209999997478	epochs	3.0
777.5622153335144	0.024265800000080162	epochs	3.0
777.5864811335144	0.048128599999927246	epochs	2.0
777.5864811335144	0.024131000000011227	epochs	3.0
777.6106121335145	0.02399759999991602	epochs	3.0
777.6346097335144	0.047601100000065344	epochs	2.0
777.6346097335144	0.023865800000066884	epochs	3.0
777.6584755335144	0.02373529999999846	epochs	3.0
777.6822108335144	0.04708499999992455	epochs	2.0
777.6822108335144	0.023606299999983094	epochs	3.0
777.7058171335144	0.023478699999941455	epochs	3.0
777.7292958335144	0.04658000000006268	epochs	2.0
777.7292958335144	0.023352500000100918	epochs	3.0
777.7526483335145	0.023227499999961765	epochs	3.0
777.7758758335144	0.04608569999993506	epochs	2.0
777.7758758335144	0.023103999999989355	epochs	3.0
777.7989798335144	0.022981699999945704	epochs	3.0
777.8219615335144	0.0456018000000995	epochs	2.0
777.8219615335144	0.022860700000023826	epochs	3.0
777.8448222335144	0.022741100000075676	epochs	3.0
777.8675633335145	0.045127899999897636	epochs	2.0
777.8675633335145	0.022622499999897627	epochs	3.0
777.8901858335144	0.02250540000000001	epochs	3.0
777.9126912335144	0.0446638000000803	epochs	2.0
777.9126912335144	0.022389300000099865	epochs	3.0
777.9350805335145	0.022274499999980435	epochs	3.0
777.9573550335144	0.04420919999995476	epochs	2.0
777.9573550335144	0.022160799999937808	epochs	3.0
777.9795158335144	0.022048400000016954	epochs	3.0
778.0015642335144	0.043763600000033875	epochs	2.0
778.0015642335144	0.021936900000014248	epochs	3.0
778.0235011335144	0.021826700000019628	epochs	3.0
778.0453278335144	0.04332709999994222	epochs	2.0
778.0453278335144	0.021717599999988124	epochs	3.0
778.0670454335144	0.021609499999954096	epochs	3.0
778.0886549335144	0.04289900000003399	epochs	2.0
778.0886549335144	0.02150249999999687	epochs	3.0
778.1101574335144	0.021396500000037122	epochs	3.0
778.1315539335144	0.042479500000013104	epochs	2.0
778.1315539335144	0.02129170000000613	epochs	3.0
778.1528456335144	0.021187800000006973	epochs	3.0
778.1740334335144	0.042067900000006375	epochs	2.0
778.1740334335144	0.02108490000000529	epochs	3.0
778.1951183335144	0.020983000000001084	epochs	3.0
778.2161013335144	0.04166439999994509	epochs	2.0
778.2161013335144	0.020882199999959994	epochs	3.0
778.2369835335144	0.020782199999985096	epochs	3.0
778.2577657335144	0.04126850000000104	epochs	2.0
778.2577657335144	0.020683300000087	epochs	3.0
778.2784490335144	0.02058519999991404	epochs	3.0
778.2990342335144	0.04088000000001557	epochs	2.0
778.2990342335144	0.020488100000079612	epochs	3.0
778.3195223335144	0.02039189999993596	epochs	3.0
778.3399142335144	0.04049880000002304	epochs	2.0
778.3399142335144	0.020296600000051512	epochs	3.0
778.3602108335144	0.020202199999971526	epochs	3.0
778.3804130335144	0.04012460000001283	epochs	2.0
778.3804130335144	0.02010870000003706	epochs	3.0
778.4005217335144	0.020015899999975773	epochs	3.0
778.4205376335144	0.03975730000001931	epochs	2.0
778.4205376335144	0.019924199999991288	epochs	3.0
778.4404618335144	0.019833100000028026	epochs	3.0
778.4602949335144	0.03939669999999751	epochs	2.0
778.4602949335144	0.01974299999994855	epochs	3.0
778.4800379335144	0.019653700000048957	epochs	3.0
778.4996916335144	0.03904239999997117	epochs	2.0
778.4996916335144	0.01956510000002254	epochs	3.0
778.5192567335145	0.019477299999948627	epochs	3.0
778.5387340335144	0.03869459999998526	epochs	2.0
778.5387340335144	0.019390400000020236	epochs	3.0
778.5581244335144	0.01930419999996502	epochs	3.0
778.5774286335144	0.03835290000006353	epochs	2.0
778.5774286335144	0.019218799999976	epochs	3.0
778.5966474335144	0.01913410000008753	epochs	3.0
778.6157815335145	0.038017199999899276	epochs	2.0
778.6157815335145	0.01905019999992419	epochs	3.0
778.6348317335144	0.018966999999975087	epochs	3.0
778.6537987335143	0.037687200000050325	epochs	2.0
778.6537987335143	0.01888450000001285	epochs	3.0
778.6726832335144	0.018802700000037476	epochs	3.0
778.6914859335144	0.03736309999999321	epochs	2.0
778.6914859335144	0.018721700000014607	epochs	3.0
778.7102076335144	0.018641399999978603	epochs	3.0
778.7288490335144	0.03704430000004777	epochs	2.0
778.7288490335144	0.01856159999999818	epochs	3.0
778.7474106335144	0.01848270000004959	epochs	3.0
778.7658933335144	0.03673099999991791	epochs	2.0
778.7658933335144	0.018404299999929208	epochs	3.0
778.7842976335144	0.018326699999988705	epochs	3.0
778.8026243335144	0.036422900000047775	epochs	2.0
778.8026243335144	0.018249599999990096	epochs	3.0
778.8208739335143	0.01817330000005768	epochs	3.0
778.8390472335144	0.03612009999994825	epochs	2.0
778.8390472335144	0.0180976000000328	epochs	3.0
778.8571448335144	0.018022499999915453	epochs	3.0
778.8751673335144	0.03582210000001851	epochs	2.0
778.8751673335144	0.017947900000081063	epochs	3.0
778.8931152335144	0.017874199999937446	epochs	3.0
778.9109894335144	0.03552899999999681	epochs	2.0
778.9109894335144	0.017800800000031813	epochs	3.0
778.9287902335144	0.017728199999965	epochs	3.0
778.9465184335144	0.03524070000003121	epochs	2.0
778.9465184335144	0.017656100000067454	epochs	3.0
778.9641745335144	0.017584599999963757	epochs	3.0
778.9817591335144	0.034957100000042374	epochs	2.0
778.9817591335144	0.01751369999999497	epochs	3.0
778.9992728335144	0.017443400000047404	epochs	3.0
779.0167162335144	0.034677899999906	epochs	2.0
779.0167162335144	0.017373599999928047	epochs	3.0
779.0340898335144	0.017304299999977957	epochs	3.0
779.0513941335143	0.03440330000000813	epochs	2.0
779.0513941335143	0.01723570000001473	epochs	3.0
779.0686298335144	0.0171675999999934	epochs	3.0
779.0857974335144	0.0341328000000658	epochs	2.0
779.0857974335144	0.017099900000062007	epochs	3.0
779.1028973335144	0.017032900000003792	epochs	3.0
779.1199302335144	0.033866699999975935	epochs	2.0
779.1199302335144	0.01696640000000116	epochs	3.0
779.1368966335144	0.016900299999974777	epochs	3.0
779.1537969335144	0.03360459999998966	epochs	2.0
779.1537969335144	0.01683479999996962	epochs	3.0
779.1706317335144	0.01676980000002004	epochs	3.0
779.1874015335144	0.03334660000007261	epochs	2.0
779.1874015335144	0.016705300000012357	epochs	3.0
779.2041068335144	0.016641300000060255	epochs	3.0
779.2207481335145	0.03309249999995245	epochs	2.0
779.2207481335145	0.01657779999993636	epochs	3.0
779.2373259335144	0.01651470000001609	epochs	3.0
779.2538406335144	0.03284229999997024	epochs	2.0
779.2538406335144	0.01645220000000336	epochs	3.0
779.2702928335144	0.01639009999996688	epochs	3.0
779.2866829335144	0.03259570000000167	epochs	2.0
779.2866829335144	0.016328400000020338	epochs	3.0
779.3030113335144	0.016267299999981333	epochs	3.0
779.3192786335144	0.032352899999978035	epochs	2.0
779.3192786335144	0.016206600000032267	epochs	3.0
779.3354852335144	0.016146299999945768	epochs	3.0
779.3516315335144	0.032113700000081735	epochs	2.0
779.3516315335144	0.016086599999994178	epochs	3.0
779.3677181335144	0.016027100000087557	epochs	3.0
779.3837452335144	0.03187800000000607	epochs	2.0
779.3837452335144	0.015968199999974786	epochs	3.0
779.3997134335144	0.015909800000031282	epochs	3.0
779.4156232335145	0.03164569999989908	epochs	2.0
779.4156232335145	0.015851599999905375	epochs	3.0
779.4314748335144	0.015794099999993705	epochs	3.0
779.4472689335144	0.0314167000000225	epochs	2.0
779.4472689335144	0.015736700000047676	epochs	3.0
779.4630056335144	0.015679999999974825	epochs	3.0
779.4786856335144	0.031191100000000915	epochs	2.0
779.4786856335144	0.015623600000026272	epochs	3.0
779.4943092335144	0.015567499999974643	epochs	3.0
779.5098767335144	0.030968700000016725	epochs	2.0
779.5098767335144	0.015512000000057924	epochs	3.0
779.5253887335144	0.0154566999999588	epochs	3.0
779.5408454335144	0.03074950000006993	epochs	2.0
779.5408454335144	0.015401999999994587	epochs	3.0
779.5562474335144	0.015347500000075343	epochs	3.0
779.5715949335145	0.030533199999922545	epochs	2.0
779.5715949335145	0.015293399999904977	epochs	3.0
779.5868883335144	0.015239800000017567	epochs	3.0
779.6021281335144	0.03032010000003993	epochs	2.0
779.6021281335144	0.015186500000027081	epochs	3.0
779.6173146335144	0.015133600000012848	epochs	3.0
779.6324482335144	0.030109899999956724	epochs	2.0
779.6324482335144	0.015081000000009226	epochs	3.0
779.6475292335144	0.015028899999947498	epochs	3.0
779.6625581335144	0.02990250000004835	epochs	2.0
779.6625581335144	0.014977000000044427	epochs	3.0
779.6775351335144	0.014925500000003922	epochs	3.0
779.6924606335144	0.029698100000018712	epochs	2.0
779.6924606335144	0.01487439999993967	epochs	3.0
779.7073350335144	0.014823700000079043	epochs	3.0
779.7221587335144	0.02949630000000525	epochs	2.0
779.7221587335144	0.014773199999922326	epochs	3.0
779.7369319335144	0.014723100000082923	epochs	3.0
779.7516550335145	0.029297399999904883	epochs	2.0
779.7516550335145	0.014673399999992398	epochs	3.0
779.7663284335144	0.014623999999912485	epochs	3.0
779.7809524335144	0.029101100000048064	epochs	2.0
779.7809524335144	0.014574900000070556	epochs	3.0
779.7955273335144	0.014526199999977507	epochs	3.0
779.8100535335144	0.028907399999980044	epochs	2.0
779.8100535335144	0.014477700000043114	epochs	3.0
779.8245312335144	0.014429699999936929	epochs	3.0
779.8389609335144	0.028716200000076242	epochs	2.0
779.8389609335144	0.014381800000023759	epochs	3.0
779.8533427335144	0.014334400000052483	epochs	3.0
779.8676771335145	0.02852759999996124	epochs	2.0
779.8676771335145	0.014287199999898803	epochs	3.0
779.8819643335144	0.014240400000062436	epochs	3.0
779.8962047335144	0.028341399999931127	epochs	2.0
779.8962047335144	0.014193799999929979	epochs	3.0
779.9103985335144	0.014147600000001148	epochs	3.0
779.9245461335144	0.028157700000065233	epochs	2.0
779.9245461335144	0.014101700000082928	epochs	3.0
779.9386478335144	0.014055999999982305	epochs	3.0
779.9527038335144	0.027976299999977527	epochs	2.0
779.9527038335144	0.01401060000000598	epochs	3.0
779.9667144335144	0.013965699999971548	epochs	3.0
779.9806801335144	0.02779720000000907	epochs	2.0
779.9806801335144	0.013920800000050804	epochs	3.0
779.9946009335144	0.013876399999958267	epochs	3.0
780.0084773335144	0.027620400000046175	epochs	2.0
780.0084773335144	0.013832200000024386	epochs	3.0
780.0223095335144	0.013788200000021789	epochs	3.0
780.0360977335145	0.027445899999975154	epochs	2.0
780.0360977335145	0.013744599999995444	epochs	3.0
780.0498423335144	0.01370129999997971	epochs	3.0
780.0635436335144	0.027273499999978412	epochs	2.0
780.0635436335144	0.013658200000008947	epochs	3.0
780.0772018335144	0.013615299999969466	epochs	3.0
780.0908171335144	0.027103399999987232	epochs	2.0
780.0908171335144	0.013572800000019924	epochs	3.0
780.1043899335144	0.013530599999967308	epochs	3.0
780.1179205335144	0.02693520000002536	epochs	2.0
780.1179205335144	0.013488400000028378	epochs	3.0
780.1314089335144	0.013446799999996983	epochs	3.0
780.1448557335144	0.026769199999989723	epochs	2.0
780.1448557335144	0.013405199999965589	epochs	3.0
780.1582609335144	0.013364000000024134	epochs	3.0
780.1716249335144	0.026605199999949036	epochs	2.0
780.1716249335144	0.013322900000048321	epochs	3.0
780.1849478335145	0.013282299999900715	epochs	3.0
780.1982301335144	0.026443200000016986	epochs	2.0
780.1982301335144	0.01324170000009417	epochs	3.0
780.2114718335145	0.013201499999922817	epochs	3.0
780.2246733335144	0.026283200000079887	epochs	2.0
780.2246733335144	0.013161500000023807	epochs	3.0
780.2378348335144	0.01312170000005608	epochs	3.0
780.2509565335145	0.02612499999997908	epochs	2.0
780.2509565335145	0.01308209999990595	epochs	3.0
780.2640386335144	0.013042900000073132	epochs	3.0
780.2770815335144	0.025968899999952555	epochs	2.0
780.2770815335144	0.013003899999944224	epochs	3.0
780.2900854335144	0.012965000000008331	epochs	3.0
780.3030504335144	0.025814500000024054	epochs	2.0
780.3030504335144	0.012926399999969362	epochs	3.0
780.3159768335144	0.012888100000054692	epochs	3.0
780.3288649335144	0.025661900000045534	epochs	2.0
780.3288649335144	0.012849899999991976	epochs	3.0
780.3417148335144	0.012812000000053558	epochs	3.0
780.3545268335145	0.025511199999982637	epochs	2.0
780.3545268335145	0.012774399999898378	epochs	3.0
780.3673012335144	0.012736800000084258	epochs	3.0
780.3800380335144	0.025362299999983406	epochs	2.0
780.3800380335144	0.01269969999998466	epochs	3.0
780.3927377335144	0.012662599999998747	epochs	3.0
780.4054003335144	0.025215000000002874	epochs	2.0
780.4054003335144	0.012625800000023446	epochs	3.0
780.4180261335144	0.012589199999979428	epochs	3.0
780.4306153335144	0.024584799999956886	epochs	2.0
780.4533982335145	0.5	epochs	-1.0
780.4552001335144	0.9999199999999746	epochs	1.0
780.9533982335145	0.5	epochs	-1.0
782.5410003662109	0.09519999999997708	epochs	0.0
782.5410003662109	0.04260199999998804	epochs	1.0
782.5836023662109	0.009996000000001004	epochs	1.0
782.5935983662109	0.04260199999998804	epochs	1.0
782.6362003662109	2.0	epochs	0.0
784.6362003662109	0.5248800000000529	epochs	0.0
784.6362003662109	0.5248800000000529	epochs	1.0
784.6362384662109	0.5	epochs	-1.0
785.1362384662109	0.024841900000069472	epochs	-1.0
785.161080366211	21.47503999999992	epochs	0.0
786.308000087738	0.09519999999997708	epochs	0.0
786.308000087738	0.04260199999998804	epochs	1.0
786.350602087738	0.009996000000001004	epochs	1.0
786.360598087738	0.04260199999998804	epochs	1.0
786.403200087738	2.0	epochs	0.0
788.403200087738	0.5243199999999888	epochs	0.0
788.403200087738	0.5243199999999888	epochs	1.0
788.403238187738	0.5	epochs	-1.0
788.903238187738	0.024281900000005407	epochs	-1.0
788.927520087738	21.475599999999986	epochs	0.0
790.0750002861023	0.09519999999997708	epochs	0.0
790.0750002861023	0.04260199999998804	epochs	1.0
790.1176022861023	0.009996000000001004	epochs	1.0
790.1275982861023	0.04260199999998804	epochs	1.0
790.1702002861023	2.0	epochs	0.0
792.1702002861023	21.999919999999975	epochs	0.0
792.1702002861023	1.0	epochs	1.0
792.1702383861023	0.5	epochs	-1.0
792.6702383861023	19.998160000000098	epochs	-1.0
793.1702002861023	20.0	epochs	1.0
793.1702002861023	4.356753900000058	epochs	-1.0
793.1702002861023	1.9745871999999736	epochs	2.0
793.1702002861023	1.0985622000000603	epochs	3.0
794.2687624861023	0.8760249999999132	epochs	3.0
795.1447874861022	1.3524075000000266	epochs	2.0
795.1447874861022	0.7286354999999958	epochs	3.0
795.8734229861022	0.6237720000000309	epochs	3.0
796.4971949861023	1.0297592000000577	epochs	2.0
796.4971949861023	0.5453293000000485	epochs	3.0
797.0425242861023	0.4844299000000092	epochs	3.0
797.5269541861023	0.8317862000000105	epochs	2.0
797.5269541861023	0.4357762999999295	epochs	3.0
797.9627304861023	0.39600990000008096	epochs	3.0
798.3587403861023	0.6977969999999232	epochs	2.0
798.3587403861023	0.36289819999990414	epochs	3.0
798.7216385861022	0.33489880000001904	epochs	3.0
799.0565373861023	0.601045699999986	epochs	2.0
799.0565373861023	0.3109123000000409	epochs	3.0
799.3674496861023	0.29013339999994514	epochs	3.0
799.6575830861022	0.5278859000000011	epochs	2.0
799.6575830861022	0.2719586000000618	epochs	3.0
799.9295416861023	0.25592729999993935	epochs	3.0
800.1854689861023	0.4706193000000667	epochs	2.0
800.1854689861023	0.2416813000000957	epochs	3.0
800.4271502861023	0.228937999999971	epochs	3.0
800.6560882861023	0.42457039999999324	epochs	2.0
800.6560882861023	0.21747140000002219	epochs	3.0
800.8735596861023	0.20709899999997106	epochs	3.0
801.0806586861023	0.3867354000000205	epochs	2.0
801.0806586861023	0.19767109999997956	epochs	3.0
801.2783297861023	0.18906430000004093	epochs	3.0
801.4673940861023	0.3550953000000163	epochs	2.0
801.4673940861023	0.18117589999997108	epochs	3.0
801.6485699861023	0.17391940000004524	epochs	3.0
801.8224893861023	0.3282430999998951	epochs	2.0
801.8224893861023	0.16722189999995862	epochs	3.0
801.9897112861023	0.16102119999993647	epochs	3.0
802.1507324861022	0.30516800000009425	epochs	2.0
802.1507324861022	0.15526390000002266	epochs	3.0
802.3059963861023	0.1499041000000716	epochs	3.0
802.4559004861023	0.28512530000000424	epochs	2.0
802.4559004861023	0.1449020999999675	epochs	3.0
802.6008025861023	0.14022320000003674	epochs	3.0
802.7410257861023	0.2675537999999733	epochs	2.0
802.7410257861023	0.1358368999999584	epochs	3.0
802.8768626861023	0.1317169000000149	epochs	3.0
803.0085795861023	0.252022899999929	epochs	2.0
803.0085795861023	0.1278393000000051	epochs	3.0
803.1364188861023	0.1241835999999239	epochs	3.0
803.2606024861022	0.23819650000007186	epochs	2.0
803.2606024861022	0.12073110000005727	epochs	3.0
803.3813335861023	0.1174654000000146	epochs	3.0
803.4987989861023	0.2258087999999816	epochs	2.0
803.4987989861023	0.11437190000003739	epochs	3.0
803.6131708861024	0.11143689999994422	epochs	3.0
803.7246077861023	0.2146460000000161	epochs	2.0
803.7246077861023	0.10864890000004834	epochs	3.0
803.8332566861023	0.10599709999996776	epochs	3.0
803.9392537861023	0.20453499999996438	epochs	2.0
803.9392537861023	0.10347149999995509	epochs	3.0
804.0427252861023	0.1010635000000093	epochs	3.0
804.1437887861023	0.19533400000000256	epochs	2.0
804.1437887861023	0.09876510000003691	epochs	3.0
804.2425538861023	0.09656889999996565	epochs	3.0
804.3391227861023	0.18692529999998442	epochs	2.0
804.3391227861023	0.09446830000001682	epochs	3.0
804.4335910861023	0.09245699999996759	epochs	3.0
804.5260480861023	0.17921069999999872	epochs	2.0
804.5260480861023	0.0905296000000817	epochs	3.0
804.6165776861023	0.08868109999991702	epochs	3.0
804.7052587861023	0.17210770000008324	epochs	2.0
804.7052587861023	0.08690630000000965	epochs	3.0
804.7921650861023	0.08520140000007359	epochs	3.0
804.8773664861023	0.1655463999999256	epochs	2.0
804.8773664861023	0.08356189999994967	epochs	3.0
804.9609283861023	0.08198449999997592	epochs	3.0
805.0429128861023	0.15946710000002895	epochs	2.0
805.0429128861023	0.08046539999998004	epochs	3.0
805.1233782861023	0.07900170000004891	epochs	3.0
805.2023799861023	0.15381839999997737	epochs	2.0
805.2023799861023	0.07759009999995214	epochs	3.0
805.2799700861023	0.07622830000002523	epochs	3.0
805.3561983861023	0.14855639999996129	epochs	2.0
805.3561983861023	0.07491330000004837	epochs	3.0
805.4311116861023	0.07364309999991292	epochs	3.0
805.5047547861022	0.14364240000008976	epochs	2.0
805.5047547861022	0.07241500000009182	epochs	3.0
805.5771697861023	0.07122739999999794	epochs	3.0
805.6483971861023	0.13904309999998077	epochs	2.0
805.6483971861023	0.07007799999996678	epochs	3.0
805.7184751861023	0.06896510000001399	epochs	3.0
805.7874402861023	0.1347293000000036	epochs	2.0
805.7874402861023	0.0678871000000072	epochs	3.0
805.8553273861023	0.06684219999999641	epochs	3.0
805.9221695861023	0.13067519999992783	epochs	2.0
805.9221695861023	0.06582909999997355	epochs	3.0
805.9879986861023	0.06484609999995428	epochs	3.0
806.0528447861022	0.12685780000003888	epochs	2.0
806.0528447861022	0.06389200000000983	epochs	3.0
806.1167367861023	0.06296580000002905	epochs	3.0
806.1797025861023	0.12325720000001184	epochs	2.0
806.1797025861023	0.06206580000002759	epochs	3.0
806.2417683861023	0.06119139999998424	epochs	3.0
806.3029597861023	0.11985540000000583	epochs	2.0
806.3029597861023	0.060341099999959624	epochs	3.0
806.3633008861023	0.059514300000046205	epochs	3.0
806.4228151861023	0.11663620000001629	epochs	2.0
806.4228151861023	0.05870960000004288	epochs	3.0
806.4815247861023	0.057926599999973405	epochs	3.0
806.5394513861023	0.11358559999996487	epochs	2.0
806.5394513861023	0.05716419999998834	epochs	3.0
806.5966155861023	0.05642139999997653	epochs	3.0
806.6530369861023	0.11069050000003244	epochs	2.0
806.6530369861023	0.055697900000041045	epochs	3.0
806.7087348861023	0.0549925999999914	epochs	3.0
806.7637274861023	0.10793909999995321	epochs	2.0
806.7637274861023	0.05430490000003374	epochs	3.0
806.8180323861023	0.053634199999919474	epochs	3.0
806.8716665861023	0.10532150000005913	epochs	2.0
806.8716665861023	0.05298000000004777	epochs	3.0
806.9246465861023	0.052341500000011365	epochs	3.0
806.9769880861023	0.10282759999995505	epochs	2.0
806.9769880861023	0.05171810000001642	epochs	3.0
807.0287061861023	0.051109499999938635	epochs	3.0
807.0798156861023	0.10044909999999163	epochs	2.0
807.0798156861023	0.050514900000052876	epochs	3.0
807.1303305861023	0.049934199999938755	epochs	3.0
807.1802647861023	0.0981782999999723	epochs	2.0
807.1802647861023	0.04936659999998483	epochs	3.0
807.2296313861023	0.04881169999998747	epochs	3.0
807.2784430861022	0.09600780000005216	epochs	2.0
807.2784430861022	0.04826920000004975	epochs	3.0
807.3267122861023	0.04773860000000241	epochs	3.0
807.3744508861023	0.09393120000004274	epochs	2.0
807.3744508861023	0.04721949999998287	epochs	3.0
807.4216703861023	0.046711700000059864	epochs	3.0
807.4683820861023	0.09194259999992482	epochs	2.0
807.4683820861023	0.046214599999984785	epochs	3.0
807.5145966861023	0.04572799999994004	epochs	3.0
807.5603246861023	0.09003630000006524	epochs	2.0
807.5603246861023	0.04525150000006306	epochs	3.0
807.6055761861023	0.04478480000000218	epochs	3.0
807.6503609861023	0.08820759999991878	epochs	2.0
807.6503609861023	0.044327800000019124	epochs	3.0
807.6946887861023	0.04387979999989966	epochs	3.0
807.7385685861022	0.0864516999999978	epochs	2.0
807.7385685861022	0.04344100000002982	epochs	3.0
807.7820095861023	0.04301069999996798	epochs	3.0
807.8250202861022	0.0847643000000744	epochs	2.0
807.8250202861022	0.04258900000002086	epochs	3.0
807.8676092861023	0.04217530000005354	epochs	3.0
807.9097845861023	0.08314150000001064	epochs	2.0
807.9097845861023	0.041769699999917975	epochs	3.0
807.9515542861022	0.04137180000009266	epochs	3.0
807.9929260861023	0.08157970000002024	epochs	2.0
807.9929260861023	0.040981399999964196	epochs	3.0
808.0339074861023	0.04059830000005604	epochs	3.0
808.0745057861023	0.08007549999990715	epochs	2.0
808.0745057861023	0.04022229999998217	epochs	3.0
808.1147280861023	0.03985319999992498	epochs	3.0
808.1545812861023	0.07862570000008873	epochs	2.0
808.1545812861023	0.039490800000066884	epochs	3.0
808.1940720861023	0.039134900000021844	epochs	3.0
808.2332069861023	0.07722759999990103	epochs	2.0
808.2332069861023	0.03878539999993791	epochs	3.0
808.2719923861023	0.03844219999996312	epochs	3.0
808.3104345861022	0.07587820000003376	epochs	2.0
808.3104345861022	0.038104800000041905	epochs	3.0
808.3485393861023	0.03777339999999185	epochs	3.0
808.3863127861023	0.0745752000000266	epochs	2.0
808.3863127861023	0.03744770000002973	epochs	3.0
808.4237604861023	0.03712749999999687	epochs	3.0
808.4608879861023	0.07331629999998768	epochs	2.0
808.4608879861023	0.036812899999972615	epochs	3.0
808.4977008861023	0.03650340000001506	epochs	3.0
808.5342042861023	0.07209899999998015	epochs	2.0
808.5342042861023	0.03619909999997617	epochs	3.0
808.5704033861023	0.03589990000000398	epochs	3.0
808.6063032861023	0.07092169999998532	epochs	2.0
808.6063032861023	0.03560560000005353	epochs	3.0
808.6419088861023	0.035316099999931794	epochs	3.0
808.6772249861023	0.06978200000003199	epochs	2.0
808.6772249861023	0.03503120000004856	epochs	3.0
808.7122561861023	0.03475079999998343	epochs	3.0
808.7470069861023	0.06867859999999837	epochs	2.0
808.7470069861023	0.03447510000000875	epochs	3.0
808.7814820861023	0.03420349999998962	epochs	3.0
808.8156855861023	0.06760929999995824	epochs	2.0
808.8156855861023	0.033936199999970995	epochs	3.0
808.8496217861023	0.033673099999987244	epochs	3.0
808.8832948861022	0.06657290000009652	epochs	2.0
808.8832948861022	0.03341399999999339	epochs	3.0
808.9167088861022	0.03315890000010313	epochs	3.0
808.9498677861023	0.06556779999993978	epochs	2.0
808.9498677861023	0.03290769999989607	epochs	3.0
808.9827754861022	0.03266010000004371	epochs	3.0
809.0154355861023	0.06459259999996902	epochs	2.0
809.0154355861023	0.032416399999988244	epochs	3.0
809.0478519861023	0.03217619999998078	epochs	3.0
809.0800281861023	0.06364600000006249	epochs	2.0
809.0800281861023	0.03193959999998697	epochs	3.0
809.1119677861022	0.03170640000007552	epochs	3.0
809.1436741861023	0.0627266999999847	epochs	2.0
809.1436741861023	0.03147660000001906	epochs	3.0
809.1751507861023	0.03125009999996564	epochs	3.0
809.2064008861023	0.06183359999999993	epochs	2.0
809.2064008861023	0.031026900000028945	epochs	3.0
809.2374277861023	0.030806699999970988	epochs	3.0
809.2682344861023	0.06096560000003137	epochs	2.0
809.2682344861023	0.030589800000029754	epochs	3.0
809.2988242861023	0.030375800000001618	epochs	3.0
809.3292000861023	0.06012160000000222	epochs	2.0
809.3292000861023	0.03016489999993155	epochs	3.0
809.3593649861023	0.02995670000007067	epochs	3.0
809.3893216861023	0.05930069999999432	epochs	2.0
809.3893216861023	0.02975159999994048	epochs	3.0
809.4190732861023	0.02954910000005384	epochs	3.0
809.4486223861023	0.05850179999993088	epochs	2.0
809.4486223861023	0.02934940000000097	epochs	3.0
809.4779717861023	0.029152399999929912	epochs	3.0
809.5071241861023	0.057724200000052406	epochs	2.0
809.5071241861023	0.028957999999988715	epochs	3.0
809.5360821861022	0.02876620000006369	epochs	3.0
809.5648483861023	0.05696709999995164	epochs	2.0
809.5648483861023	0.028577000000041153	epochs	3.0
809.5934253861024	0.02839009999991049	epochs	3.0
809.6218154861023	0.056229500000085864	epochs	2.0
809.6218154861023	0.028205700000057732	epochs	3.0
809.6500211861023	0.028023800000028132	epochs	3.0
809.6780449861023	0.05551069999989977	epochs	2.0
809.6780449861023	0.027843999999959124	epochs	3.0
809.7058889861023	0.027666699999940647	epochs	3.0
809.7335556861022	0.054810200000019904	epochs	2.0
809.7335556861022	0.02749149999999645	epochs	3.0
809.7610471861022	0.027318700000023455	epochs	3.0
809.7883658861023	0.05412699999999404	epochs	2.0
809.7883658861023	0.02714780000007977	epochs	3.0
809.8155136861023	0.026979199999914272	epochs	3.0
809.8424928861023	0.0534607000000733	epochs	2.0
809.8424928861023	0.026812600000084785	epochs	3.0
809.8693054861023	0.026648099999988517	epochs	3.0
809.8959535861023	0.05281070000000909	epochs	2.0
809.8959535861023	0.026485600000000886	epochs	3.0
809.9224391861023	0.026325100000008206	epochs	3.0
809.9487642861023	0.05217619999996259	epochs	2.0
809.9487642861023	0.026166399999965506	epochs	3.0
809.9749306861023	0.026009799999997085	epochs	3.0
810.0009404861023	0.051556699999991906	epochs	2.0
810.0009404861023	0.025854799999933675	epochs	3.0
810.0267952861022	0.02570190000005823	epochs	3.0
810.0524971861023	0.05095189999997274	epochs	2.0
810.0524971861023	0.025550699999939752	epochs	3.0
810.0780478861022	0.025401200000032986	epochs	3.0
810.1034490861023	0.05036100000006627	epochs	2.0
810.1034490861023	0.0252535000000762	epochs	3.0
810.1287025861023	0.02510749999999007	epochs	3.0
810.1538100861023	0.049783800000000156	epochs	2.0
810.1538100861023	0.02496320000000196	epochs	3.0
810.1787732861023	0.024820599999998194	epochs	3.0
810.2035938861023	0.04921949999993558	epochs	2.0
810.2035938861023	0.024679399999968155	epochs	3.0
810.2282732861023	0.024540099999967424	epochs	3.0
810.2528133861023	0.04866790000005494	epochs	2.0
810.2528133861023	0.02440209999997478	epochs	3.0
810.2772154861022	0.024265800000080162	epochs	3.0
810.3014812861023	0.048128599999927246	epochs	2.0
810.3014812861023	0.024131000000011227	epochs	3.0
810.3256122861023	0.02399759999991602	epochs	3.0
810.3496098861023	0.047601100000065344	epochs	2.0
810.3496098861023	0.023865800000066884	epochs	3.0
810.3734756861023	0.02373529999999846	epochs	3.0
810.3972109861023	0.04708499999992455	epochs	2.0
810.3972109861023	0.023606299999983094	epochs	3.0
810.4208172861023	0.023478699999941455	epochs	3.0
810.4442959861022	0.04658000000006268	epochs	2.0
810.4442959861022	0.023352500000100918	epochs	3.0
810.4676484861023	0.023227499999961765	epochs	3.0
810.4908759861023	0.04608569999993506	epochs	2.0
810.4908759861023	0.023103999999989355	epochs	3.0
810.5139799861023	0.022981699999945704	epochs	3.0
810.5369616861022	0.0456018000000995	epochs	2.0
810.5369616861022	0.022860700000023826	epochs	3.0
810.5598223861023	0.022741100000075676	epochs	3.0
810.5825634861023	0.045127899999897636	epochs	2.0
810.5825634861023	0.022622499999897627	epochs	3.0
810.6051859861022	0.02250540000000001	epochs	3.0
810.6276913861022	0.0446638000000803	epochs	2.0
810.6276913861022	0.022389300000099865	epochs	3.0
810.6500806861023	0.022274499999980435	epochs	3.0
810.6723551861023	0.04420919999995476	epochs	2.0
810.6723551861023	0.022160799999937808	epochs	3.0
810.6945159861023	0.022048400000016954	epochs	3.0
810.7165643861023	0.043763600000033875	epochs	2.0
810.7165643861023	0.021936900000014248	epochs	3.0
810.7385012861023	0.021826700000019628	epochs	3.0
810.7603279861023	0.04332709999994222	epochs	2.0
810.7603279861023	0.021717599999988124	epochs	3.0
810.7820455861023	0.021609499999954096	epochs	3.0
810.8036550861023	0.04289900000003399	epochs	2.0
810.8036550861023	0.02150249999999687	epochs	3.0
810.8251575861023	0.021396500000037122	epochs	3.0
810.8465540861023	0.042479500000013104	epochs	2.0
810.8465540861023	0.02129170000000613	epochs	3.0
810.8678457861023	0.021187800000006973	epochs	3.0
810.8890335861023	0.042067900000006375	epochs	2.0
810.8890335861023	0.02108490000000529	epochs	3.0
810.9101184861023	0.020983000000001084	epochs	3.0
810.9311014861023	0.04166439999994509	epochs	2.0
810.9311014861023	0.020882199999959994	epochs	3.0
810.9519836861023	0.020782199999985096	epochs	3.0
810.9727658861023	0.04126850000000104	epochs	2.0
810.9727658861023	0.020683300000087	epochs	3.0
810.9934491861023	0.02058519999991404	epochs	3.0
811.0140343861023	0.04088000000001557	epochs	2.0
811.0140343861023	0.020488100000079612	epochs	3.0
811.0345224861023	0.02039189999993596	epochs	3.0
811.0549143861023	0.04049880000002304	epochs	2.0
811.0549143861023	0.020296600000051512	epochs	3.0
811.0752109861023	0.020202199999971526	epochs	3.0
811.0954131861023	0.04012460000001283	epochs	2.0
811.0954131861023	0.02010870000003706	epochs	3.0
811.1155218861023	0.020015899999975773	epochs	3.0
811.1355377861023	0.03975730000001931	epochs	2.0
811.1355377861023	0.019924199999991288	epochs	3.0
811.1554619861023	0.019833100000028026	epochs	3.0
811.1752950861023	0.03939669999999751	epochs	2.0
811.1752950861023	0.01974299999994855	epochs	3.0
811.1950380861023	0.019653700000048957	epochs	3.0
811.2146917861023	0.03904239999997117	epochs	2.0
811.2146917861023	0.01956510000002254	epochs	3.0
811.2342568861023	0.019477299999948627	epochs	3.0
811.2537341861023	0.03869459999998526	epochs	2.0
811.2537341861023	0.019390400000020236	epochs	3.0
811.2731245861023	0.01930419999996502	epochs	3.0
811.2924287861023	0.03835290000006353	epochs	2.0
811.2924287861023	0.019218799999976	epochs	3.0
811.3116475861023	0.01913410000008753	epochs	3.0
811.3307816861023	0.038017199999899276	epochs	2.0
811.3307816861023	0.01905019999992419	epochs	3.0
811.3498318861023	0.018966999999975087	epochs	3.0
811.3687988861022	0.037687200000050325	epochs	2.0
811.3687988861022	0.01888450000001285	epochs	3.0
811.3876833861023	0.018802700000037476	epochs	3.0
811.4064860861023	0.03736309999999321	epochs	2.0
811.4064860861023	0.018721700000014607	epochs	3.0
811.4252077861023	0.018641399999978603	epochs	3.0
811.4438491861023	0.03704430000004777	epochs	2.0
811.4438491861023	0.01856159999999818	epochs	3.0
811.4624107861023	0.01848270000004959	epochs	3.0
811.4808934861023	0.03673099999991791	epochs	2.0
811.4808934861023	0.018404299999929208	epochs	3.0
811.4992977861023	0.018326699999988705	epochs	3.0
811.5176244861022	0.036422900000047775	epochs	2.0
811.5176244861022	0.018249599999990096	epochs	3.0
811.5358740861022	0.01817330000005768	epochs	3.0
811.5540473861023	0.03612009999994825	epochs	2.0
811.5540473861023	0.0180976000000328	epochs	3.0
811.5721449861023	0.018022499999915453	epochs	3.0
811.5901674861022	0.03582210000001851	epochs	2.0
811.5901674861022	0.017947900000081063	epochs	3.0
811.6081153861023	0.017874199999937446	epochs	3.0
811.6259895861023	0.03552899999999681	epochs	2.0
811.6259895861023	0.017800800000031813	epochs	3.0
811.6437903861023	0.017728199999965	epochs	3.0
811.6615185861023	0.03524070000003121	epochs	2.0
811.6615185861023	0.017656100000067454	epochs	3.0
811.6791746861023	0.017584599999963757	epochs	3.0
811.6967592861023	0.034957100000042374	epochs	2.0
811.6967592861023	0.01751369999999497	epochs	3.0
811.7142729861023	0.017443400000047404	epochs	3.0
811.7317163861023	0.034677899999906	epochs	2.0
811.7317163861023	0.017373599999928047	epochs	3.0
811.7490899861023	0.017304299999977957	epochs	3.0
811.7663942861022	0.03440330000000813	epochs	2.0
811.7663942861022	0.01723570000001473	epochs	3.0
811.7836299861023	0.0171675999999934	epochs	3.0
811.8007975861022	0.0341328000000658	epochs	2.0
811.8007975861022	0.017099900000062007	epochs	3.0
811.8178974861023	0.017032900000003792	epochs	3.0
811.8349303861023	0.033866699999975935	epochs	2.0
811.8349303861023	0.01696640000000116	epochs	3.0
811.8518967861023	0.016900299999974777	epochs	3.0
811.8687970861023	0.03360459999998966	epochs	2.0
811.8687970861023	0.01683479999996962	epochs	3.0
811.8856318861023	0.01676980000002004	epochs	3.0
811.9024016861023	0.03334660000007261	epochs	2.0
811.9024016861023	0.016705300000012357	epochs	3.0
811.9191069861023	0.016641300000060255	epochs	3.0
811.9357482861024	0.03309249999995245	epochs	2.0
811.9357482861024	0.01657779999993636	epochs	3.0
811.9523260861023	0.01651470000001609	epochs	3.0
811.9688407861023	0.03284229999997024	epochs	2.0
811.9688407861023	0.01645220000000336	epochs	3.0
811.9852929861023	0.01639009999996688	epochs	3.0
812.0016830861023	0.03259570000000167	epochs	2.0
812.0016830861023	0.016328400000020338	epochs	3.0
812.0180114861023	0.016267299999981333	epochs	3.0
812.0342787861023	0.032352899999978035	epochs	2.0
812.0342787861023	0.016206600000032267	epochs	3.0
812.0504853861023	0.016146299999945768	epochs	3.0
812.0666316861023	0.032113700000081735	epochs	2.0
812.0666316861023	0.016086599999994178	epochs	3.0
812.0827182861022	0.016027100000087557	epochs	3.0
812.0987453861023	0.03187800000000607	epochs	2.0
812.0987453861023	0.015968199999974786	epochs	3.0
812.1147135861023	0.015909800000031282	epochs	3.0
812.1306233861023	0.03164569999989908	epochs	2.0
812.1306233861023	0.015851599999905375	epochs	3.0
812.1464749861022	0.015794099999993705	epochs	3.0
812.1622690861022	0.0314167000000225	epochs	2.0
812.1622690861022	0.015736700000047676	epochs	3.0
812.1780057861023	0.015679999999974825	epochs	3.0
812.1936857861023	0.031191100000000915	epochs	2.0
812.1936857861023	0.015623600000026272	epochs	3.0
812.2093093861023	0.015567499999974643	epochs	3.0
812.2248768861023	0.030968700000016725	epochs	2.0
812.2248768861023	0.015512000000057924	epochs	3.0
812.2403888861023	0.0154566999999588	epochs	3.0
812.2558455861023	0.03074950000006993	epochs	2.0
812.2558455861023	0.015401999999994587	epochs	3.0
812.2712475861023	0.015347500000075343	epochs	3.0
812.2865950861024	0.030533199999922545	epochs	2.0
812.2865950861024	0.015293399999904977	epochs	3.0
812.3018884861023	0.015239800000017567	epochs	3.0
812.3171282861023	0.03032010000003993	epochs	2.0
812.3171282861023	0.015186500000027081	epochs	3.0
812.3323147861023	0.015133600000012848	epochs	3.0
812.3474483861023	0.030109899999956724	epochs	2.0
812.3474483861023	0.015081000000009226	epochs	3.0
812.3625293861023	0.015028899999947498	epochs	3.0
812.3775582861023	0.02990250000004835	epochs	2.0
812.3775582861023	0.014977000000044427	epochs	3.0
812.3925352861023	0.014925500000003922	epochs	3.0
812.4074607861023	0.029698100000018712	epochs	2.0
812.4074607861023	0.01487439999993967	epochs	3.0
812.4223351861023	0.014823700000079043	epochs	3.0
812.4371588861023	0.02949630000000525	epochs	2.0
812.4371588861023	0.014773199999922326	epochs	3.0
812.4519320861023	0.014723100000082923	epochs	3.0
812.4666551861023	0.029297399999904883	epochs	2.0
812.4666551861023	0.014673399999992398	epochs	3.0
812.4813285861023	0.014623999999912485	epochs	3.0
812.4959525861022	0.029101100000048064	epochs	2.0
812.4959525861022	0.014574900000070556	epochs	3.0
812.5105274861023	0.014526199999977507	epochs	3.0
812.5250536861023	0.028907399999980044	epochs	2.0
812.5250536861023	0.014477700000043114	epochs	3.0
812.5395313861023	0.014429699999936929	epochs	3.0
812.5539610861023	0.028716200000076242	epochs	2.0
812.5539610861023	0.014381800000023759	epochs	3.0
812.5683428861023	0.014334400000052483	epochs	3.0
812.5826772861024	0.02852759999996124	epochs	2.0
812.5826772861024	0.014287199999898803	epochs	3.0
812.5969644861023	0.014240400000062436	epochs	3.0
812.6112048861023	0.028341399999931127	epochs	2.0
812.6112048861023	0.014193799999929979	epochs	3.0
812.6253986861022	0.014147600000001148	epochs	3.0
812.6395462861022	0.028157700000065233	epochs	2.0
812.6395462861022	0.014101700000082928	epochs	3.0
812.6536479861023	0.014055999999982305	epochs	3.0
812.6677039861023	0.027976299999977527	epochs	2.0
812.6677039861023	0.01401060000000598	epochs	3.0
812.6817145861023	0.013965699999971548	epochs	3.0
812.6956802861023	0.02779720000000907	epochs	2.0
812.6956802861023	0.013920800000050804	epochs	3.0
812.7096010861023	0.013876399999958267	epochs	3.0
812.7234774861023	0.027620400000046175	epochs	2.0
812.7234774861023	0.013832200000024386	epochs	3.0
812.7373096861023	0.013788200000021789	epochs	3.0
812.7510978861023	0.027445899999975154	epochs	2.0
812.7510978861023	0.013744599999995444	epochs	3.0
812.7648424861023	0.01370129999997971	epochs	3.0
812.7785437861023	0.027273499999978412	epochs	2.0
812.7785437861023	0.013658200000008947	epochs	3.0
812.7922019861023	0.013615299999969466	epochs	3.0
812.8058172861023	0.027103399999987232	epochs	2.0
812.8058172861023	0.013572800000019924	epochs	3.0
812.8193900861023	0.013530599999967308	epochs	3.0
812.8329206861023	0.02693520000002536	epochs	2.0
812.8329206861023	0.013488400000028378	epochs	3.0
812.8464090861023	0.013446799999996983	epochs	3.0
812.8598558861023	0.026769199999989723	epochs	2.0
812.8598558861023	0.013405199999965589	epochs	3.0
812.8732610861023	0.013364000000024134	epochs	3.0
812.8866250861023	0.026605199999949036	epochs	2.0
812.8866250861023	0.013322900000048321	epochs	3.0
812.8999479861023	0.013282299999900715	epochs	3.0
812.9132302861022	0.026443200000016986	epochs	2.0
812.9132302861022	0.01324170000009417	epochs	3.0
812.9264719861023	0.013201499999922817	epochs	3.0
812.9396734861023	0.026283200000079887	epochs	2.0
812.9396734861023	0.013161500000023807	epochs	3.0
812.9528349861023	0.01312170000005608	epochs	3.0
812.9659566861023	0.02612499999997908	epochs	2.0
812.9659566861023	0.01308209999990595	epochs	3.0
812.9790387861023	0.013042900000073132	epochs	3.0
812.9920816861023	0.025968899999952555	epochs	2.0
812.9920816861023	0.013003899999944224	epochs	3.0
813.0050855861023	0.012965000000008331	epochs	3.0
813.0180505861023	0.025814500000024054	epochs	2.0
813.0180505861023	0.012926399999969362	epochs	3.0
813.0309769861022	0.012888100000054692	epochs	3.0
813.0438650861023	0.025661900000045534	epochs	2.0
813.0438650861023	0.012849899999991976	epochs	3.0
813.0567149861023	0.012812000000053558	epochs	3.0
813.0695269861023	0.025511199999982637	epochs	2.0
813.0695269861023	0.012774399999898378	epochs	3.0
813.0823013861022	0.012736800000084258	epochs	3.0
813.0950381861023	0.025362299999983406	epochs	2.0
813.0950381861023	0.01269969999998466	epochs	3.0
813.1077378861023	0.012662599999998747	epochs	3.0
813.1204004861023	0.025215000000002874	epochs	2.0
813.1204004861023	0.012625800000023446	epochs	3.0
813.1330262861023	0.012589199999979428	epochs	3.0
813.1456154861023	0.024584799999956886	epochs	2.0
813.1683983861024	0.5	epochs	-1.0
813.1702002861023	0.9999199999999746	epochs	1.0
813.6683983861024	0.5	epochs	-1.0
815.1710000038147	0.09519999999997708	epochs	0.0
815.1710000038147	0.04260199999998804	epochs	1.0
815.2136020038147	0.009996000000001004	epochs	1.0
815.2235980038147	0.04260199999998804	epochs	1.0
815.2662000038147	2.0	epochs	0.0
817.2662000038147	0.5242400000000771	epochs	0.0
817.2662000038147	0.5242400000000771	epochs	1.0
817.2662381038147	0.5	epochs	-1.0
817.7662381038147	0.0242019000000937	epochs	-1.0
817.7904400038148	21.475679999999898	epochs	0.0
818.9539999961853	0.09519999999997708	epochs	0.0
818.9539999961853	0.04260199999998804	epochs	1.0
818.9966019961853	0.009996000000001004	epochs	1.0
819.0065979961853	0.04260199999998804	epochs	1.0
819.0491999961853	2.0	epochs	0.0
821.0491999961853	5.364400000000046	epochs	0.0
821.0491999961853	1.0	epochs	1.0
821.0492380961853	0.5	epochs	-1.0
821.5492380961853	4.864361900000063	epochs	-1.0
822.0491999961853	4.364400000000046	epochs	1.0
822.0491999961853	4.356753900000058	epochs	-1.0
822.0491999961853	1.9745871999999736	epochs	2.0
822.0491999961853	1.0985622000000603	epochs	3.0
823.1477621961853	0.8760249999999132	epochs	3.0
824.0237871961853	1.3524075000000266	epochs	2.0
824.0237871961853	0.7286354999999958	epochs	3.0
824.7524226961852	0.6237720000000309	epochs	3.0
825.3761946961853	1.0297592000000577	epochs	2.0
825.3761946961853	0.5453293000000485	epochs	3.0
825.9215239961853	0.4844299000000092	epochs	3.0
826.4059538961853	0.00764609999998811	epochs	2.0
826.4059538961853	0.00764609999998811	epochs	3.0
826.4135999961853	16.63551999999993	epochs	0.0
827.3759999275208	0.09519999999997708	epochs	0.0
827.3759999275208	0.04260199999998804	epochs	1.0
827.4186019275207	0.009996000000001004	epochs	1.0
827.4285979275207	0.04260199999998804	epochs	1.0
827.4711999275207	2.0	epochs	0.0
829.4711999275207	21.524880000000053	epochs	0.0
829.4711999275207	1.0	epochs	1.0
829.4712380275207	0.5	epochs	-1.0
829.9712380275207	19.997440000000097	epochs	-1.0
830.4711999275207	20.0	epochs	1.0
830.4711999275207	4.356753900000058	epochs	-1.0
830.4711999275207	1.9745871999999736	epochs	2.0
830.4711999275207	1.0985622000000603	epochs	3.0
831.5697621275208	0.8760249999999132	epochs	3.0
832.4457871275207	1.3524075000000266	epochs	2.0
832.4457871275207	0.7286354999999958	epochs	3.0
833.1744226275207	0.6237720000000309	epochs	3.0
833.7981946275207	1.0297592000000577	epochs	2.0
833.7981946275207	0.5453293000000485	epochs	3.0
834.3435239275208	0.4844299000000092	epochs	3.0
834.8279538275208	0.8317862000000105	epochs	2.0
834.8279538275208	0.4357762999999295	epochs	3.0
835.2637301275207	0.39600990000008096	epochs	3.0
835.6597400275208	0.6977969999999232	epochs	2.0
835.6597400275208	0.36289819999990414	epochs	3.0
836.0226382275207	0.33489880000001904	epochs	3.0
836.3575370275207	0.601045699999986	epochs	2.0
836.3575370275207	0.3109123000000409	epochs	3.0
836.6684493275208	0.29013339999994514	epochs	3.0
836.9585827275207	0.5278859000000011	epochs	2.0
836.9585827275207	0.2719586000000618	epochs	3.0
837.2305413275208	0.25592729999993935	epochs	3.0
837.4864686275207	0.4706193000000667	epochs	2.0
837.4864686275207	0.2416813000000957	epochs	3.0
837.7281499275208	0.228937999999971	epochs	3.0
837.9570879275208	0.42457039999999324	epochs	2.0
837.9570879275208	0.21747140000002219	epochs	3.0
838.1745593275208	0.20709899999997106	epochs	3.0
838.3816583275208	0.3867354000000205	epochs	2.0
838.3816583275208	0.19767109999997956	epochs	3.0
838.5793294275207	0.18906430000004093	epochs	3.0
838.7683937275208	0.3550953000000163	epochs	2.0
838.7683937275208	0.18117589999997108	epochs	3.0
838.9495696275208	0.17391940000004524	epochs	3.0
839.1234890275208	0.3282430999998951	epochs	2.0
839.1234890275208	0.16722189999995862	epochs	3.0
839.2907109275208	0.16102119999993647	epochs	3.0
839.4517321275207	0.30516800000009425	epochs	2.0
839.4517321275207	0.15526390000002266	epochs	3.0
839.6069960275207	0.1499041000000716	epochs	3.0
839.7569001275208	0.28512530000000424	epochs	2.0
839.7569001275208	0.1449020999999675	epochs	3.0
839.9018022275208	0.14022320000003674	epochs	3.0
840.0420254275208	0.2675537999999733	epochs	2.0
840.0420254275208	0.1358368999999584	epochs	3.0
840.1778623275208	0.1317169000000149	epochs	3.0
840.3095792275208	0.252022899999929	epochs	2.0
840.3095792275208	0.1278393000000051	epochs	3.0
840.4374185275208	0.1241835999999239	epochs	3.0
840.5616021275207	0.23819650000007186	epochs	2.0
840.5616021275207	0.12073110000005727	epochs	3.0
840.6823332275208	0.1174654000000146	epochs	3.0
840.7997986275208	0.2258087999999816	epochs	2.0
840.7997986275208	0.11437190000003739	epochs	3.0
840.9141705275208	0.11143689999994422	epochs	3.0
841.0256074275208	0.2146460000000161	epochs	2.0
841.0256074275208	0.10864890000004834	epochs	3.0
841.1342563275208	0.10599709999996776	epochs	3.0
841.2402534275208	0.20453499999996438	epochs	2.0
841.2402534275208	0.10347149999995509	epochs	3.0
841.3437249275207	0.1010635000000093	epochs	3.0
841.4447884275207	0.19533400000000256	epochs	2.0
841.4447884275207	0.09876510000003691	epochs	3.0
841.5435535275208	0.09656889999996565	epochs	3.0
841.6401224275207	0.18692529999998442	epochs	2.0
841.6401224275207	0.09446830000001682	epochs	3.0
841.7345907275208	0.09245699999996759	epochs	3.0
841.8270477275207	0.17921069999999872	epochs	2.0
841.8270477275207	0.0905296000000817	epochs	3.0
841.9175773275208	0.08868109999991702	epochs	3.0
842.0062584275207	0.17210770000008324	epochs	2.0
842.0062584275207	0.08690630000000965	epochs	3.0
842.0931647275207	0.08520140000007359	epochs	3.0
842.1783661275208	0.1655463999999256	epochs	2.0
842.1783661275208	0.08356189999994967	epochs	3.0
842.2619280275208	0.08198449999997592	epochs	3.0
842.3439125275207	0.15946710000002895	epochs	2.0
842.3439125275207	0.08046539999998004	epochs	3.0
842.4243779275207	0.07900170000004891	epochs	3.0
842.5033796275208	0.15381839999997737	epochs	2.0
842.5033796275208	0.07759009999995214	epochs	3.0
842.5809697275207	0.07622830000002523	epochs	3.0
842.6571980275207	0.14855639999996129	epochs	2.0
842.6571980275207	0.07491330000004837	epochs	3.0
842.7321113275208	0.07364309999991292	epochs	3.0
842.8057544275207	0.14364240000008976	epochs	2.0
842.8057544275207	0.07241500000009182	epochs	3.0
842.8781694275208	0.07122739999999794	epochs	3.0
842.9493968275208	0.13904309999998077	epochs	2.0
842.9493968275208	0.07007799999996678	epochs	3.0
843.0194748275208	0.06896510000001399	epochs	3.0
843.0884399275208	0.1347293000000036	epochs	2.0
843.0884399275208	0.0678871000000072	epochs	3.0
843.1563270275208	0.06684219999999641	epochs	3.0
843.2231692275208	0.13067519999992783	epochs	2.0
843.2231692275208	0.06582909999997355	epochs	3.0
843.2889983275207	0.06484609999995428	epochs	3.0
843.3538444275207	0.12685780000003888	epochs	2.0
843.3538444275207	0.06389200000000983	epochs	3.0
843.4177364275207	0.06296580000002905	epochs	3.0
843.4807022275207	0.12325720000001184	epochs	2.0
843.4807022275207	0.06206580000002759	epochs	3.0
843.5427680275208	0.06119139999998424	epochs	3.0
843.6039594275207	0.11985540000000583	epochs	2.0
843.6039594275207	0.060341099999959624	epochs	3.0
843.6643005275207	0.059514300000046205	epochs	3.0
843.7238148275208	0.11663620000001629	epochs	2.0
843.7238148275208	0.05870960000004288	epochs	3.0
843.7825244275208	0.057926599999973405	epochs	3.0
843.8404510275208	0.11358559999996487	epochs	2.0
843.8404510275208	0.05716419999998834	epochs	3.0
843.8976152275208	0.05642139999997653	epochs	3.0
843.9540366275207	0.11069050000003244	epochs	2.0
843.9540366275207	0.055697900000041045	epochs	3.0
844.0097345275208	0.0549925999999914	epochs	3.0
844.0647271275208	0.10793909999995321	epochs	2.0
844.0647271275208	0.05430490000003374	epochs	3.0
844.1190320275208	0.053634199999919474	epochs	3.0
844.1726662275207	0.10532150000005913	epochs	2.0
844.1726662275207	0.05298000000004777	epochs	3.0
844.2256462275208	0.052341500000011365	epochs	3.0
844.2779877275208	0.10282759999995505	epochs	2.0
844.2779877275208	0.05171810000001642	epochs	3.0
844.3297058275208	0.051109499999938635	epochs	3.0
844.3808153275207	0.10044909999999163	epochs	2.0
844.3808153275207	0.050514900000052876	epochs	3.0
844.4313302275208	0.049934199999938755	epochs	3.0
844.4812644275207	0.0981782999999723	epochs	2.0
844.4812644275207	0.04936659999998483	epochs	3.0
844.5306310275207	0.04881169999998747	epochs	3.0
844.5794427275207	0.09600780000005216	epochs	2.0
844.5794427275207	0.04826920000004975	epochs	3.0
844.6277119275207	0.04773860000000241	epochs	3.0
844.6754505275208	0.09393120000004274	epochs	2.0
844.6754505275208	0.04721949999998287	epochs	3.0
844.7226700275207	0.046711700000059864	epochs	3.0
844.7693817275208	0.09194259999992482	epochs	2.0
844.7693817275208	0.046214599999984785	epochs	3.0
844.8155963275208	0.04572799999994004	epochs	3.0
844.8613243275207	0.09003630000006524	epochs	2.0
844.8613243275207	0.04525150000006306	epochs	3.0
844.9065758275208	0.04478480000000218	epochs	3.0
844.9513606275208	0.08820759999991878	epochs	2.0
844.9513606275208	0.044327800000019124	epochs	3.0
844.9956884275208	0.04387979999989966	epochs	3.0
845.0395682275207	0.0864516999999978	epochs	2.0
845.0395682275207	0.04344100000002982	epochs	3.0
845.0830092275207	0.04301069999996798	epochs	3.0
845.1260199275207	0.0847643000000744	epochs	2.0
845.1260199275207	0.04258900000002086	epochs	3.0
845.1686089275207	0.04217530000005354	epochs	3.0
845.2107842275208	0.08314150000001064	epochs	2.0
845.2107842275208	0.041769699999917975	epochs	3.0
845.2525539275207	0.04137180000009266	epochs	3.0
845.2939257275208	0.08157970000002024	epochs	2.0
845.2939257275208	0.040981399999964196	epochs	3.0
845.3349071275208	0.04059830000005604	epochs	3.0
845.3755054275208	0.08007549999990715	epochs	2.0
845.3755054275208	0.04022229999998217	epochs	3.0
845.4157277275208	0.03985319999992498	epochs	3.0
845.4555809275207	0.07862570000008873	epochs	2.0
845.4555809275207	0.039490800000066884	epochs	3.0
845.4950717275208	0.039134900000021844	epochs	3.0
845.5342066275208	0.07722759999990103	epochs	2.0
845.5342066275208	0.03878539999993791	epochs	3.0
845.5729920275207	0.03844219999996312	epochs	3.0
845.6114342275207	0.07587820000003376	epochs	2.0
845.6114342275207	0.038104800000041905	epochs	3.0
845.6495390275207	0.03777339999999185	epochs	3.0
845.6873124275207	0.0745752000000266	epochs	2.0
845.6873124275207	0.03744770000002973	epochs	3.0
845.7247601275208	0.03712749999999687	epochs	3.0
845.7618876275208	0.07331629999998768	epochs	2.0
845.7618876275208	0.036812899999972615	epochs	3.0
845.7987005275207	0.03650340000001506	epochs	3.0
845.8352039275208	0.07209899999998015	epochs	2.0
845.8352039275208	0.03619909999997617	epochs	3.0
845.8714030275207	0.03589990000000398	epochs	3.0
845.9073029275207	0.07092169999998532	epochs	2.0
845.9073029275207	0.03560560000005353	epochs	3.0
845.9429085275208	0.035316099999931794	epochs	3.0
845.9782246275207	0.06978200000003199	epochs	2.0
845.9782246275207	0.03503120000004856	epochs	3.0
846.0132558275208	0.03475079999998343	epochs	3.0
846.0480066275207	0.06867859999999837	epochs	2.0
846.0480066275207	0.03447510000000875	epochs	3.0
846.0824817275208	0.03420349999998962	epochs	3.0
846.1166852275207	0.06760929999995824	epochs	2.0
846.1166852275207	0.033936199999970995	epochs	3.0
846.1506214275207	0.033673099999987244	epochs	3.0
846.1842945275207	0.06657290000009652	epochs	2.0
846.1842945275207	0.03341399999999339	epochs	3.0
846.2177085275207	0.03315890000010313	epochs	3.0
846.2508674275208	0.06556779999993978	epochs	2.0
846.2508674275208	0.03290769999989607	epochs	3.0
846.2837751275207	0.03266010000004371	epochs	3.0
846.3164352275207	0.06459259999996902	epochs	2.0
846.3164352275207	0.032416399999988244	epochs	3.0
846.3488516275207	0.03217619999998078	epochs	3.0
846.3810278275207	0.06364600000006249	epochs	2.0
846.3810278275207	0.03193959999998697	epochs	3.0
846.4129674275207	0.03170640000007552	epochs	3.0
846.4446738275208	0.0627266999999847	epochs	2.0
846.4446738275208	0.03147660000001906	epochs	3.0
846.4761504275208	0.03125009999996564	epochs	3.0
846.5074005275208	0.06183359999999993	epochs	2.0
846.5074005275208	0.031026900000028945	epochs	3.0
846.5384274275208	0.030806699999970988	epochs	3.0
846.5692341275208	0.06096560000003137	epochs	2.0
846.5692341275208	0.030589800000029754	epochs	3.0
846.5998239275208	0.030375800000001618	epochs	3.0
846.6301997275208	0.06012160000000222	epochs	2.0
846.6301997275208	0.03016489999993155	epochs	3.0
846.6603646275207	0.02995670000007067	epochs	3.0
846.6903213275208	0.05930069999999432	epochs	2.0
846.6903213275208	0.02975159999994048	epochs	3.0
846.7200729275207	0.02954910000005384	epochs	3.0
846.7496220275208	0.05850179999993088	epochs	2.0
846.7496220275208	0.02934940000000097	epochs	3.0
846.7789714275208	0.029152399999929912	epochs	3.0
846.8081238275207	0.057724200000052406	epochs	2.0
846.8081238275207	0.028957999999988715	epochs	3.0
846.8370818275207	0.02876620000006369	epochs	3.0
846.8658480275208	0.05696709999995164	epochs	2.0
846.8658480275208	0.028577000000041153	epochs	3.0
846.8944250275208	0.02839009999991049	epochs	3.0
846.9228151275207	0.056229500000085864	epochs	2.0
846.9228151275207	0.028205700000057732	epochs	3.0
846.9510208275208	0.028023800000028132	epochs	3.0
846.9790446275208	0.05551069999989977	epochs	2.0
846.9790446275208	0.027843999999959124	epochs	3.0
847.0068886275208	0.027666699999940647	epochs	3.0
847.0345553275207	0.054810200000019904	epochs	2.0
847.0345553275207	0.02749149999999645	epochs	3.0
847.0620468275207	0.027318700000023455	epochs	3.0
847.0893655275207	0.05412699999999404	epochs	2.0
847.0893655275207	0.02714780000007977	epochs	3.0
847.1165133275208	0.026979199999914272	epochs	3.0
847.1434925275207	0.0534607000000733	epochs	2.0
847.1434925275207	0.026812600000084785	epochs	3.0
847.1703051275208	0.026648099999988517	epochs	3.0
847.1969532275208	0.05281070000000909	epochs	2.0
847.1969532275208	0.026485600000000886	epochs	3.0
847.2234388275208	0.026325100000008206	epochs	3.0
847.2497639275208	0.05217619999996259	epochs	2.0
847.2497639275208	0.026166399999965506	epochs	3.0
847.2759303275208	0.026009799999997085	epochs	3.0
847.3019401275208	0.051556699999991906	epochs	2.0
847.3019401275208	0.025854799999933675	epochs	3.0
847.3277949275207	0.02570190000005823	epochs	3.0
847.3534968275208	0.05095189999997274	epochs	2.0
847.3534968275208	0.025550699999939752	epochs	3.0
847.3790475275207	0.025401200000032986	epochs	3.0
847.4044487275207	0.05036100000006627	epochs	2.0
847.4044487275207	0.0252535000000762	epochs	3.0
847.4297022275208	0.02510749999999007	epochs	3.0
847.4548097275208	0.049783800000000156	epochs	2.0
847.4548097275208	0.02496320000000196	epochs	3.0
847.4797729275208	0.024820599999998194	epochs	3.0
847.5045935275208	0.04921949999993558	epochs	2.0
847.5045935275208	0.024679399999968155	epochs	3.0
847.5292729275208	0.024540099999967424	epochs	3.0
847.5538130275207	0.04866790000005494	epochs	2.0
847.5538130275207	0.02440209999997478	epochs	3.0
847.5782151275207	0.024265800000080162	epochs	3.0
847.6024809275208	0.048128599999927246	epochs	2.0
847.6024809275208	0.024131000000011227	epochs	3.0
847.6266119275208	0.02399759999991602	epochs	3.0
847.6506095275207	0.047601100000065344	epochs	2.0
847.6506095275207	0.023865800000066884	epochs	3.0
847.6744753275208	0.02373529999999846	epochs	3.0
847.6982106275208	0.04708499999992455	epochs	2.0
847.6982106275208	0.023606299999983094	epochs	3.0
847.7218169275208	0.023478699999941455	epochs	3.0
847.7452956275207	0.04658000000006268	epochs	2.0
847.7452956275207	0.023352500000100918	epochs	3.0
847.7686481275208	0.023227499999961765	epochs	3.0
847.7918756275208	0.04608569999993506	epochs	2.0
847.7918756275208	0.023103999999989355	epochs	3.0
847.8149796275208	0.022981699999945704	epochs	3.0
847.8379613275207	0.0456018000000995	epochs	2.0
847.8379613275207	0.022860700000023826	epochs	3.0
847.8608220275207	0.022741100000075676	epochs	3.0
847.8835631275208	0.045127899999897636	epochs	2.0
847.8835631275208	0.022622499999897627	epochs	3.0
847.9061856275207	0.02250540000000001	epochs	3.0
847.9286910275207	0.0446638000000803	epochs	2.0
847.9286910275207	0.022389300000099865	epochs	3.0
847.9510803275208	0.022274499999980435	epochs	3.0
847.9733548275208	0.04420919999995476	epochs	2.0
847.9733548275208	0.022160799999937808	epochs	3.0
847.9955156275207	0.022048400000016954	epochs	3.0
848.0175640275207	0.043763600000033875	epochs	2.0
848.0175640275207	0.021936900000014248	epochs	3.0
848.0395009275207	0.021826700000019628	epochs	3.0
848.0613276275208	0.04332709999994222	epochs	2.0
848.0613276275208	0.021717599999988124	epochs	3.0
848.0830452275208	0.021609499999954096	epochs	3.0
848.1046547275207	0.04289900000003399	epochs	2.0
848.1046547275207	0.02150249999999687	epochs	3.0
848.1261572275207	0.021396500000037122	epochs	3.0
848.1475537275207	0.042479500000013104	epochs	2.0
848.1475537275207	0.02129170000000613	epochs	3.0
848.1688454275208	0.021187800000006973	epochs	3.0
848.1900332275208	0.042067900000006375	epochs	2.0
848.1900332275208	0.02108490000000529	epochs	3.0
848.2111181275208	0.020983000000001084	epochs	3.0
848.2321011275208	0.04166439999994509	epochs	2.0
848.2321011275208	0.020882199999959994	epochs	3.0
848.2529833275207	0.020782199999985096	epochs	3.0
848.2737655275207	0.04126850000000104	epochs	2.0
848.2737655275207	0.020683300000087	epochs	3.0
848.2944488275208	0.02058519999991404	epochs	3.0
848.3150340275207	0.04088000000001557	epochs	2.0
848.3150340275207	0.020488100000079612	epochs	3.0
848.3355221275208	0.02039189999993596	epochs	3.0
848.3559140275207	0.04049880000002304	epochs	2.0
848.3559140275207	0.020296600000051512	epochs	3.0
848.3762106275208	0.020202199999971526	epochs	3.0
848.3964128275207	0.04012460000001283	epochs	2.0
848.3964128275207	0.02010870000003706	epochs	3.0
848.4165215275208	0.020015899999975773	epochs	3.0
848.4365374275208	0.03975730000001931	epochs	2.0
848.4365374275208	0.019924199999991288	epochs	3.0
848.4564616275208	0.019833100000028026	epochs	3.0
848.4762947275208	0.03939669999999751	epochs	2.0
848.4762947275208	0.01974299999994855	epochs	3.0
848.4960377275207	0.019653700000048957	epochs	3.0
848.5156914275208	0.03904239999997117	epochs	2.0
848.5156914275208	0.01956510000002254	epochs	3.0
848.5352565275208	0.019477299999948627	epochs	3.0
848.5547338275207	0.03869459999998526	epochs	2.0
848.5547338275207	0.019390400000020236	epochs	3.0
848.5741242275208	0.01930419999996502	epochs	3.0
848.5934284275207	0.03835290000006353	epochs	2.0
848.5934284275207	0.019218799999976	epochs	3.0
848.6126472275207	0.01913410000008753	epochs	3.0
848.6317813275208	0.038017199999899276	epochs	2.0
848.6317813275208	0.01905019999992419	epochs	3.0
848.6508315275207	0.018966999999975087	epochs	3.0
848.6697985275207	0.037687200000050325	epochs	2.0
848.6697985275207	0.01888450000001285	epochs	3.0
848.6886830275207	0.018802700000037476	epochs	3.0
848.7074857275207	0.03736309999999321	epochs	2.0
848.7074857275207	0.018721700000014607	epochs	3.0
848.7262074275208	0.018641399999978603	epochs	3.0
848.7448488275207	0.03704430000004777	epochs	2.0
848.7448488275207	0.01856159999999818	epochs	3.0
848.7634104275207	0.01848270000004959	epochs	3.0
848.7818931275208	0.03673099999991791	epochs	2.0
848.7818931275208	0.018404299999929208	epochs	3.0
848.8002974275207	0.018326699999988705	epochs	3.0
848.8186241275207	0.036422900000047775	epochs	2.0
848.8186241275207	0.018249599999990096	epochs	3.0
848.8368737275207	0.01817330000005768	epochs	3.0
848.8550470275208	0.03612009999994825	epochs	2.0
848.8550470275208	0.0180976000000328	epochs	3.0
848.8731446275208	0.018022499999915453	epochs	3.0
848.8911671275207	0.03582210000001851	epochs	2.0
848.8911671275207	0.017947900000081063	epochs	3.0
848.9091150275208	0.017874199999937446	epochs	3.0
848.9269892275207	0.03552899999999681	epochs	2.0
848.9269892275207	0.017800800000031813	epochs	3.0
848.9447900275208	0.017728199999965	epochs	3.0
848.9625182275207	0.03524070000003121	epochs	2.0
848.9625182275207	0.017656100000067454	epochs	3.0
848.9801743275208	0.017584599999963757	epochs	3.0
848.9977589275207	0.034957100000042374	epochs	2.0
848.9977589275207	0.01751369999999497	epochs	3.0
849.0152726275207	0.017443400000047404	epochs	3.0
849.0327160275208	0.034677899999906	epochs	2.0
849.0327160275208	0.017373599999928047	epochs	3.0
849.0500896275207	0.017304299999977957	epochs	3.0
849.0673939275207	0.03440330000000813	epochs	2.0
849.0673939275207	0.01723570000001473	epochs	3.0
849.0846296275207	0.0171675999999934	epochs	3.0
849.1017972275207	0.0341328000000658	epochs	2.0
849.1017972275207	0.017099900000062007	epochs	3.0
849.1188971275208	0.017032900000003792	epochs	3.0
849.1359300275208	0.033866699999975935	epochs	2.0
849.1359300275208	0.01696640000000116	epochs	3.0
849.1528964275208	0.016900299999974777	epochs	3.0
849.1697967275207	0.03360459999998966	epochs	2.0
849.1697967275207	0.01683479999996962	epochs	3.0
849.1866315275207	0.01676980000002004	epochs	3.0
849.2034013275207	0.03334660000007261	epochs	2.0
849.2034013275207	0.016705300000012357	epochs	3.0
849.2201066275207	0.016641300000060255	epochs	3.0
849.2367479275208	0.03309249999995245	epochs	2.0
849.2367479275208	0.01657779999993636	epochs	3.0
849.2533257275207	0.01651470000001609	epochs	3.0
849.2698404275208	0.03284229999997024	epochs	2.0
849.2698404275208	0.01645220000000336	epochs	3.0
849.2862926275208	0.01639009999996688	epochs	3.0
849.3026827275207	0.03259570000000167	epochs	2.0
849.3026827275207	0.016328400000020338	epochs	3.0
849.3190111275208	0.016267299999981333	epochs	3.0
849.3352784275207	0.032352899999978035	epochs	2.0
849.3352784275207	0.016206600000032267	epochs	3.0
849.3514850275208	0.016146299999945768	epochs	3.0
849.3676313275207	0.032113700000081735	epochs	2.0
849.3676313275207	0.016086599999994178	epochs	3.0
849.3837179275207	0.016027100000087557	epochs	3.0
849.3997450275208	0.03187800000000607	epochs	2.0
849.3997450275208	0.015968199999974786	epochs	3.0
849.4157132275208	0.015909800000031282	epochs	3.0
849.4316230275208	0.03164569999989908	epochs	2.0
849.4316230275208	0.015851599999905375	epochs	3.0
849.4474746275207	0.015794099999993705	epochs	3.0
849.4632687275207	0.0314167000000225	epochs	2.0
849.4632687275207	0.015736700000047676	epochs	3.0
849.4790054275207	0.015679999999974825	epochs	3.0
849.4946854275207	0.031191100000000915	epochs	2.0
849.4946854275207	0.015623600000026272	epochs	3.0
849.5103090275207	0.015567499999974643	epochs	3.0
849.5258765275207	0.030968700000016725	epochs	2.0
849.5258765275207	0.015512000000057924	epochs	3.0
849.5413885275208	0.0154566999999588	epochs	3.0
849.5568452275207	0.03074950000006993	epochs	2.0
849.5568452275207	0.015401999999994587	epochs	3.0
849.5722472275207	0.015347500000075343	epochs	3.0
849.5875947275208	0.030533199999922545	epochs	2.0
849.5875947275208	0.015293399999904977	epochs	3.0
849.6028881275207	0.015239800000017567	epochs	3.0
849.6181279275207	0.03032010000003993	epochs	2.0
849.6181279275207	0.015186500000027081	epochs	3.0
849.6333144275208	0.015133600000012848	epochs	3.0
849.6484480275208	0.030109899999956724	epochs	2.0
849.6484480275208	0.015081000000009226	epochs	3.0
849.6635290275208	0.015028899999947498	epochs	3.0
849.6785579275207	0.02990250000004835	epochs	2.0
849.6785579275207	0.014977000000044427	epochs	3.0
849.6935349275208	0.014925500000003922	epochs	3.0
849.7084604275208	0.029698100000018712	epochs	2.0
849.7084604275208	0.01487439999993967	epochs	3.0
849.7233348275207	0.014823700000079043	epochs	3.0
849.7381585275208	0.02949630000000525	epochs	2.0
849.7381585275208	0.014773199999922326	epochs	3.0
849.7529317275207	0.014723100000082923	epochs	3.0
849.7676548275208	0.029297399999904883	epochs	2.0
849.7676548275208	0.014673399999992398	epochs	3.0
849.7823282275208	0.014623999999912485	epochs	3.0
849.7969522275207	0.029101100000048064	epochs	2.0
849.7969522275207	0.014574900000070556	epochs	3.0
849.8115271275208	0.014526199999977507	epochs	3.0
849.8260533275208	0.028907399999980044	epochs	2.0
849.8260533275208	0.014477700000043114	epochs	3.0
849.8405310275208	0.014429699999936929	epochs	3.0
849.8549607275207	0.028716200000076242	epochs	2.0
849.8549607275207	0.014381800000023759	epochs	3.0
849.8693425275208	0.014334400000052483	epochs	3.0
849.8836769275208	0.02852759999996124	epochs	2.0
849.8836769275208	0.014287199999898803	epochs	3.0
849.8979641275207	0.014240400000062436	epochs	3.0
849.9122045275208	0.028341399999931127	epochs	2.0
849.9122045275208	0.014193799999929979	epochs	3.0
849.9263983275207	0.014147600000001148	epochs	3.0
849.9405459275207	0.028157700000065233	epochs	2.0
849.9405459275207	0.014101700000082928	epochs	3.0
849.9546476275208	0.014055999999982305	epochs	3.0
849.9687036275208	0.027976299999977527	epochs	2.0
849.9687036275208	0.01401060000000598	epochs	3.0
849.9827142275208	0.013965699999971548	epochs	3.0
849.9966799275207	0.02779720000000907	epochs	2.0
849.9966799275207	0.013920800000050804	epochs	3.0
850.0106007275208	0.013876399999958267	epochs	3.0
850.0244771275208	0.027620400000046175	epochs	2.0
850.0244771275208	0.013832200000024386	epochs	3.0
850.0383093275208	0.013788200000021789	epochs	3.0
850.0520975275208	0.027445899999975154	epochs	2.0
850.0520975275208	0.013744599999995444	epochs	3.0
850.0658421275208	0.01370129999997971	epochs	3.0
850.0795434275208	0.027273499999978412	epochs	2.0
850.0795434275208	0.013658200000008947	epochs	3.0
850.0932016275208	0.013615299999969466	epochs	3.0
850.1068169275208	0.027103399999987232	epochs	2.0
850.1068169275208	0.013572800000019924	epochs	3.0
850.1203897275208	0.013530599999967308	epochs	3.0
850.1339203275207	0.02693520000002536	epochs	2.0
850.1339203275207	0.013488400000028378	epochs	3.0
850.1474087275208	0.013446799999996983	epochs	3.0
850.1608555275208	0.026769199999989723	epochs	2.0
850.1608555275208	0.013405199999965589	epochs	3.0
850.1742607275207	0.013364000000024134	epochs	3.0
850.1876247275208	0.026605199999949036	epochs	2.0
850.1876247275208	0.013322900000048321	epochs	3.0
850.2009476275208	0.013282299999900715	epochs	3.0
850.2142299275207	0.026443200000016986	epochs	2.0
850.2142299275207	0.01324170000009417	epochs	3.0
850.2274716275208	0.013201499999922817	epochs	3.0
850.2406731275207	0.026283200000079887	epochs	2.0
850.2406731275207	0.013161500000023807	epochs	3.0
850.2538346275207	0.01312170000005608	epochs	3.0
850.2669563275208	0.02612499999997908	epochs	2.0
850.2669563275208	0.01308209999990595	epochs	3.0
850.2800384275207	0.013042900000073132	epochs	3.0
850.2930813275208	0.025968899999952555	epochs	2.0
850.2930813275208	0.013003899999944224	epochs	3.0
850.3060852275207	0.012965000000008331	epochs	3.0
850.3190502275207	0.025814500000024054	epochs	2.0
850.3190502275207	0.012926399999969362	epochs	3.0
850.3319766275207	0.012888100000054692	epochs	3.0
850.3448647275208	0.025661900000045534	epochs	2.0
850.3448647275208	0.012849899999991976	epochs	3.0
850.3577146275207	0.012812000000053558	epochs	3.0
850.3705266275208	0.025511199999982637	epochs	2.0
850.3705266275208	0.012774399999898378	epochs	3.0
850.3833010275207	0.012736800000084258	epochs	3.0
850.3960378275208	0.025362299999983406	epochs	2.0
850.3960378275208	0.01269969999998466	epochs	3.0
850.4087375275208	0.012662599999998747	epochs	3.0
850.4214001275208	0.025215000000002874	epochs	2.0
850.4214001275208	0.012625800000023446	epochs	3.0
850.4340259275208	0.012589199999979428	epochs	3.0
850.4466151275208	0.024584799999956886	epochs	2.0
850.4686780275208	0.5	epochs	-1.0
850.4711999275207	0.5248800000000529	epochs	1.0
850.9960799275208	0.47503999999992175	epochs	0.0
851.9939999580383	0.09519999999997708	epochs	0.0
851.9939999580383	0.04260199999998804	epochs	1.0
852.0366019580383	0.009996000000001004	epochs	1.0
852.0465979580383	0.04260199999998804	epochs	1.0
852.0891999580383	2.0	epochs	0.0
854.0891999580383	21.50416000000007	epochs	0.0
854.0891999580383	1.0	epochs	1.0
854.0892380580383	0.5	epochs	-1.0
854.5892380580383	19.997440000000097	epochs	-1.0
855.0891999580383	20.0	epochs	1.0
855.0891999580383	4.356753900000058	epochs	-1.0
855.0891999580383	1.9745871999999736	epochs	2.0
855.0891999580383	1.0985622000000603	epochs	3.0
856.1877621580384	0.8760249999999132	epochs	3.0
857.0637871580383	1.3524075000000266	epochs	2.0
857.0637871580383	0.7286354999999958	epochs	3.0
857.7924226580383	0.6237720000000309	epochs	3.0
858.4161946580383	1.0297592000000577	epochs	2.0
858.4161946580383	0.5453293000000485	epochs	3.0
858.9615239580384	0.4844299000000092	epochs	3.0
859.4459538580384	0.8317862000000105	epochs	2.0
859.4459538580384	0.4357762999999295	epochs	3.0
859.8817301580383	0.39600990000008096	epochs	3.0
860.2777400580384	0.6977969999999232	epochs	2.0
860.2777400580384	0.36289819999990414	epochs	3.0
860.6406382580383	0.33489880000001904	epochs	3.0
860.9755370580383	0.601045699999986	epochs	2.0
860.9755370580383	0.3109123000000409	epochs	3.0
861.2864493580383	0.29013339999994514	epochs	3.0
861.5765827580383	0.5278859000000011	epochs	2.0
861.5765827580383	0.2719586000000618	epochs	3.0
861.8485413580383	0.25592729999993935	epochs	3.0
862.1044686580383	0.4706193000000667	epochs	2.0
862.1044686580383	0.2416813000000957	epochs	3.0
862.3461499580384	0.228937999999971	epochs	3.0
862.5750879580384	0.42457039999999324	epochs	2.0
862.5750879580384	0.21747140000002219	epochs	3.0
862.7925593580384	0.20709899999997106	epochs	3.0
862.9996583580383	0.3867354000000205	epochs	2.0
862.9996583580383	0.19767109999997956	epochs	3.0
863.1973294580383	0.18906430000004093	epochs	3.0
863.3863937580384	0.3550953000000163	epochs	2.0
863.3863937580384	0.18117589999997108	epochs	3.0
863.5675696580383	0.17391940000004524	epochs	3.0
863.7414890580384	0.3282430999998951	epochs	2.0
863.7414890580384	0.16722189999995862	epochs	3.0
863.9087109580383	0.16102119999993647	epochs	3.0
864.0697321580383	0.30516800000009425	epochs	2.0
864.0697321580383	0.15526390000002266	epochs	3.0
864.2249960580383	0.1499041000000716	epochs	3.0
864.3749001580384	0.28512530000000424	epochs	2.0
864.3749001580384	0.1449020999999675	epochs	3.0
864.5198022580383	0.14022320000003674	epochs	3.0
864.6600254580384	0.2675537999999733	epochs	2.0
864.6600254580384	0.1358368999999584	epochs	3.0
864.7958623580383	0.1317169000000149	epochs	3.0
864.9275792580383	0.252022899999929	epochs	2.0
864.9275792580383	0.1278393000000051	epochs	3.0
865.0554185580384	0.1241835999999239	epochs	3.0
865.1796021580383	0.23819650000007186	epochs	2.0
865.1796021580383	0.12073110000005727	epochs	3.0
865.3003332580383	0.1174654000000146	epochs	3.0
865.4177986580384	0.2258087999999816	epochs	2.0
865.4177986580384	0.11437190000003739	epochs	3.0
865.5321705580384	0.11143689999994422	epochs	3.0
865.6436074580383	0.2146460000000161	epochs	2.0
865.6436074580383	0.10864890000004834	epochs	3.0
865.7522563580384	0.10599709999996776	epochs	3.0
865.8582534580383	0.20453499999996438	epochs	2.0
865.8582534580383	0.10347149999995509	epochs	3.0
865.9617249580383	0.1010635000000093	epochs	3.0
866.0627884580383	0.19533400000000256	epochs	2.0
866.0627884580383	0.09876510000003691	epochs	3.0
866.1615535580383	0.09656889999996565	epochs	3.0
866.2581224580383	0.18692529999998442	epochs	2.0
866.2581224580383	0.09446830000001682	epochs	3.0
866.3525907580383	0.09245699999996759	epochs	3.0
866.4450477580383	0.17921069999999872	epochs	2.0
866.4450477580383	0.0905296000000817	epochs	3.0
866.5355773580384	0.08868109999991702	epochs	3.0
866.6242584580383	0.17210770000008324	epochs	2.0
866.6242584580383	0.08690630000000965	epochs	3.0
866.7111647580383	0.08520140000007359	epochs	3.0
866.7963661580384	0.1655463999999256	epochs	2.0
866.7963661580384	0.08356189999994967	epochs	3.0
866.8799280580383	0.08198449999997592	epochs	3.0
866.9619125580383	0.15946710000002895	epochs	2.0
866.9619125580383	0.08046539999998004	epochs	3.0
867.0423779580383	0.07900170000004891	epochs	3.0
867.1213796580383	0.15381839999997737	epochs	2.0
867.1213796580383	0.07759009999995214	epochs	3.0
867.1989697580383	0.07622830000002523	epochs	3.0
867.2751980580383	0.14855639999996129	epochs	2.0
867.2751980580383	0.07491330000004837	epochs	3.0
867.3501113580384	0.07364309999991292	epochs	3.0
867.4237544580383	0.14364240000008976	epochs	2.0
867.4237544580383	0.07241500000009182	epochs	3.0
867.4961694580384	0.07122739999999794	epochs	3.0
867.5673968580384	0.13904309999998077	epochs	2.0
867.5673968580384	0.07007799999996678	epochs	3.0
867.6374748580383	0.06896510000001399	epochs	3.0
867.7064399580383	0.1347293000000036	epochs	2.0
867.7064399580383	0.0678871000000072	epochs	3.0
867.7743270580384	0.06684219999999641	epochs	3.0
867.8411692580383	0.13067519999992783	epochs	2.0
867.8411692580383	0.06582909999997355	epochs	3.0
867.9069983580383	0.06484609999995428	epochs	3.0
867.9718444580383	0.12685780000003888	epochs	2.0
867.9718444580383	0.06389200000000983	epochs	3.0
868.0357364580383	0.06296580000002905	epochs	3.0
868.0987022580383	0.12325720000001184	epochs	2.0
868.0987022580383	0.06206580000002759	epochs	3.0
868.1607680580383	0.06119139999998424	epochs	3.0
868.2219594580383	0.11985540000000583	epochs	2.0
868.2219594580383	0.060341099999959624	epochs	3.0
868.2823005580383	0.059514300000046205	epochs	3.0
868.3418148580383	0.11663620000001629	epochs	2.0
868.3418148580383	0.05870960000004288	epochs	3.0
868.4005244580384	0.057926599999973405	epochs	3.0
868.4584510580383	0.11358559999996487	epochs	2.0
868.4584510580383	0.05716419999998834	epochs	3.0
868.5156152580383	0.05642139999997653	epochs	3.0
868.5720366580383	0.11069050000003244	epochs	2.0
868.5720366580383	0.055697900000041045	epochs	3.0
868.6277345580384	0.0549925999999914	epochs	3.0
868.6827271580383	0.10793909999995321	epochs	2.0
868.6827271580383	0.05430490000003374	epochs	3.0
868.7370320580384	0.053634199999919474	epochs	3.0
868.7906662580383	0.10532150000005913	epochs	2.0
868.7906662580383	0.05298000000004777	epochs	3.0
868.8436462580383	0.052341500000011365	epochs	3.0
868.8959877580384	0.10282759999995505	epochs	2.0
868.8959877580384	0.05171810000001642	epochs	3.0
868.9477058580384	0.051109499999938635	epochs	3.0
868.9988153580383	0.10044909999999163	epochs	2.0
868.9988153580383	0.050514900000052876	epochs	3.0
869.0493302580384	0.049934199999938755	epochs	3.0
869.0992644580383	0.0981782999999723	epochs	2.0
869.0992644580383	0.04936659999998483	epochs	3.0
869.1486310580383	0.04881169999998747	epochs	3.0
869.1974427580383	0.09600780000005216	epochs	2.0
869.1974427580383	0.04826920000004975	epochs	3.0
869.2457119580383	0.04773860000000241	epochs	3.0
869.2934505580383	0.09393120000004274	epochs	2.0
869.2934505580383	0.04721949999998287	epochs	3.0
869.3406700580383	0.046711700000059864	epochs	3.0
869.3873817580384	0.09194259999992482	epochs	2.0
869.3873817580384	0.046214599999984785	epochs	3.0
869.4335963580384	0.04572799999994004	epochs	3.0
869.4793243580383	0.09003630000006524	epochs	2.0
869.4793243580383	0.04525150000006306	epochs	3.0
869.5245758580384	0.04478480000000218	epochs	3.0
869.5693606580384	0.08820759999991878	epochs	2.0
869.5693606580384	0.044327800000019124	epochs	3.0
869.6136884580384	0.04387979999989966	epochs	3.0
869.6575682580383	0.0864516999999978	epochs	2.0
869.6575682580383	0.04344100000002982	epochs	3.0
869.7010092580383	0.04301069999996798	epochs	3.0
869.7440199580383	0.0847643000000744	epochs	2.0
869.7440199580383	0.04258900000002086	epochs	3.0
869.7866089580383	0.04217530000005354	epochs	3.0
869.8287842580384	0.08314150000001064	epochs	2.0
869.8287842580384	0.041769699999917975	epochs	3.0
869.8705539580383	0.04137180000009266	epochs	3.0
869.9119257580384	0.08157970000002024	epochs	2.0
869.9119257580384	0.040981399999964196	epochs	3.0
869.9529071580383	0.04059830000005604	epochs	3.0
869.9935054580384	0.08007549999990715	epochs	2.0
869.9935054580384	0.04022229999998217	epochs	3.0
870.0337277580384	0.03985319999992498	epochs	3.0
870.0735809580383	0.07862570000008873	epochs	2.0
870.0735809580383	0.039490800000066884	epochs	3.0
870.1130717580384	0.039134900000021844	epochs	3.0
870.1522066580384	0.07722759999990103	epochs	2.0
870.1522066580384	0.03878539999993791	epochs	3.0
870.1909920580383	0.03844219999996312	epochs	3.0
870.2294342580383	0.07587820000003376	epochs	2.0
870.2294342580383	0.038104800000041905	epochs	3.0
870.2675390580383	0.03777339999999185	epochs	3.0
870.3053124580383	0.0745752000000266	epochs	2.0
870.3053124580383	0.03744770000002973	epochs	3.0
870.3427601580383	0.03712749999999687	epochs	3.0
870.3798876580383	0.07331629999998768	epochs	2.0
870.3798876580383	0.036812899999972615	epochs	3.0
870.4167005580383	0.03650340000001506	epochs	3.0
870.4532039580383	0.07209899999998015	epochs	2.0
870.4532039580383	0.03619909999997617	epochs	3.0
870.4894030580383	0.03589990000000398	epochs	3.0
870.5253029580383	0.07092169999998532	epochs	2.0
870.5253029580383	0.03560560000005353	epochs	3.0
870.5609085580384	0.035316099999931794	epochs	3.0
870.5962246580383	0.06978200000003199	epochs	2.0
870.5962246580383	0.03503120000004856	epochs	3.0
870.6312558580383	0.03475079999998343	epochs	3.0
870.6660066580383	0.06867859999999837	epochs	2.0
870.6660066580383	0.03447510000000875	epochs	3.0
870.7004817580383	0.03420349999998962	epochs	3.0
870.7346852580383	0.06760929999995824	epochs	2.0
870.7346852580383	0.033936199999970995	epochs	3.0
870.7686214580383	0.033673099999987244	epochs	3.0
870.8022945580383	0.06657290000009652	epochs	2.0
870.8022945580383	0.03341399999999339	epochs	3.0
870.8357085580383	0.03315890000010313	epochs	3.0
870.8688674580384	0.06556779999993978	epochs	2.0
870.8688674580384	0.03290769999989607	epochs	3.0
870.9017751580383	0.03266010000004371	epochs	3.0
870.9344352580383	0.06459259999996902	epochs	2.0
870.9344352580383	0.032416399999988244	epochs	3.0
870.9668516580383	0.03217619999998078	epochs	3.0
870.9990278580383	0.06364600000006249	epochs	2.0
870.9990278580383	0.03193959999998697	epochs	3.0
871.0309674580383	0.03170640000007552	epochs	3.0
871.0626738580384	0.0627266999999847	epochs	2.0
871.0626738580384	0.03147660000001906	epochs	3.0
871.0941504580384	0.03125009999996564	epochs	3.0
871.1254005580383	0.06183359999999993	epochs	2.0
871.1254005580383	0.031026900000028945	epochs	3.0
871.1564274580384	0.030806699999970988	epochs	3.0
871.1872341580383	0.06096560000003137	epochs	2.0
871.1872341580383	0.030589800000029754	epochs	3.0
871.2178239580384	0.030375800000001618	epochs	3.0
871.2481997580384	0.06012160000000222	epochs	2.0
871.2481997580384	0.03016489999993155	epochs	3.0
871.2783646580383	0.02995670000007067	epochs	3.0
871.3083213580384	0.05930069999999432	epochs	2.0
871.3083213580384	0.02975159999994048	epochs	3.0
871.3380729580383	0.02954910000005384	epochs	3.0
871.3676220580384	0.05850179999993088	epochs	2.0
871.3676220580384	0.02934940000000097	epochs	3.0
871.3969714580384	0.029152399999929912	epochs	3.0
871.4261238580383	0.057724200000052406	epochs	2.0
871.4261238580383	0.028957999999988715	epochs	3.0
871.4550818580383	0.02876620000006369	epochs	3.0
871.4838480580383	0.05696709999995164	epochs	2.0
871.4838480580383	0.028577000000041153	epochs	3.0
871.5124250580384	0.02839009999991049	epochs	3.0
871.5408151580383	0.056229500000085864	epochs	2.0
871.5408151580383	0.028205700000057732	epochs	3.0
871.5690208580384	0.028023800000028132	epochs	3.0
871.5970446580384	0.05551069999989977	epochs	2.0
871.5970446580384	0.027843999999959124	epochs	3.0
871.6248886580383	0.027666699999940647	epochs	3.0
871.6525553580383	0.054810200000019904	epochs	2.0
871.6525553580383	0.02749149999999645	epochs	3.0
871.6800468580383	0.027318700000023455	epochs	3.0
871.7073655580383	0.05412699999999404	epochs	2.0
871.7073655580383	0.02714780000007977	epochs	3.0
871.7345133580384	0.026979199999914272	epochs	3.0
871.7614925580383	0.0534607000000733	epochs	2.0
871.7614925580383	0.026812600000084785	epochs	3.0
871.7883051580384	0.026648099999988517	epochs	3.0
871.8149532580384	0.05281070000000909	epochs	2.0
871.8149532580384	0.026485600000000886	epochs	3.0
871.8414388580384	0.026325100000008206	epochs	3.0
871.8677639580384	0.05217619999996259	epochs	2.0
871.8677639580384	0.026166399999965506	epochs	3.0
871.8939303580383	0.026009799999997085	epochs	3.0
871.9199401580383	0.051556699999991906	epochs	2.0
871.9199401580383	0.025854799999933675	epochs	3.0
871.9457949580383	0.02570190000005823	epochs	3.0
871.9714968580383	0.05095189999997274	epochs	2.0
871.9714968580383	0.025550699999939752	epochs	3.0
871.9970475580383	0.025401200000032986	epochs	3.0
872.0224487580383	0.05036100000006627	epochs	2.0
872.0224487580383	0.0252535000000762	epochs	3.0
872.0477022580384	0.02510749999999007	epochs	3.0
872.0728097580384	0.049783800000000156	epochs	2.0
872.0728097580384	0.02496320000000196	epochs	3.0
872.0977729580384	0.024820599999998194	epochs	3.0
872.1225935580384	0.04921949999993558	epochs	2.0
872.1225935580384	0.024679399999968155	epochs	3.0
872.1472729580383	0.024540099999967424	epochs	3.0
872.1718130580383	0.04866790000005494	epochs	2.0
872.1718130580383	0.02440209999997478	epochs	3.0
872.1962151580383	0.024265800000080162	epochs	3.0
872.2204809580384	0.048128599999927246	epochs	2.0
872.2204809580384	0.024131000000011227	epochs	3.0
872.2446119580384	0.02399759999991602	epochs	3.0
872.2686095580383	0.047601100000065344	epochs	2.0
872.2686095580383	0.023865800000066884	epochs	3.0
872.2924753580384	0.02373529999999846	epochs	3.0
872.3162106580384	0.04708499999992455	epochs	2.0
872.3162106580384	0.023606299999983094	epochs	3.0
872.3398169580383	0.023478699999941455	epochs	3.0
872.3632956580383	0.04658000000006268	epochs	2.0
872.3632956580383	0.023352500000100918	epochs	3.0
872.3866481580384	0.023227499999961765	epochs	3.0
872.4098756580383	0.04608569999993506	epochs	2.0
872.4098756580383	0.023103999999989355	epochs	3.0
872.4329796580383	0.022981699999945704	epochs	3.0
872.4559613580383	0.0456018000000995	epochs	2.0
872.4559613580383	0.022860700000023826	epochs	3.0
872.4788220580383	0.022741100000075676	epochs	3.0
872.5015631580384	0.045127899999897636	epochs	2.0
872.5015631580384	0.022622499999897627	epochs	3.0
872.5241856580383	0.02250540000000001	epochs	3.0
872.5466910580383	0.0446638000000803	epochs	2.0
872.5466910580383	0.022389300000099865	epochs	3.0
872.5690803580384	0.022274499999980435	epochs	3.0
872.5913548580384	0.04420919999995476	epochs	2.0
872.5913548580384	0.022160799999937808	epochs	3.0
872.6135156580383	0.022048400000016954	epochs	3.0
872.6355640580383	0.043763600000033875	epochs	2.0
872.6355640580383	0.021936900000014248	epochs	3.0
872.6575009580383	0.021826700000019628	epochs	3.0
872.6793276580383	0.04332709999994222	epochs	2.0
872.6793276580383	0.021717599999988124	epochs	3.0
872.7010452580383	0.021609499999954096	epochs	3.0
872.7226547580383	0.04289900000003399	epochs	2.0
872.7226547580383	0.02150249999999687	epochs	3.0
872.7441572580383	0.021396500000037122	epochs	3.0
872.7655537580383	0.042479500000013104	epochs	2.0
872.7655537580383	0.02129170000000613	epochs	3.0
872.7868454580383	0.021187800000006973	epochs	3.0
872.8080332580383	0.042067900000006375	epochs	2.0
872.8080332580383	0.02108490000000529	epochs	3.0
872.8291181580383	0.020983000000001084	epochs	3.0
872.8501011580383	0.04166439999994509	epochs	2.0
872.8501011580383	0.020882199999959994	epochs	3.0
872.8709833580383	0.020782199999985096	epochs	3.0
872.8917655580383	0.04126850000000104	epochs	2.0
872.8917655580383	0.020683300000087	epochs	3.0
872.9124488580384	0.02058519999991404	epochs	3.0
872.9330340580383	0.04088000000001557	epochs	2.0
872.9330340580383	0.020488100000079612	epochs	3.0
872.9535221580384	0.02039189999993596	epochs	3.0
872.9739140580383	0.04049880000002304	epochs	2.0
872.9739140580383	0.020296600000051512	epochs	3.0
872.9942106580384	0.020202199999971526	epochs	3.0
873.0144128580383	0.04012460000001283	epochs	2.0
873.0144128580383	0.02010870000003706	epochs	3.0
873.0345215580384	0.020015899999975773	epochs	3.0
873.0545374580383	0.03975730000001931	epochs	2.0
873.0545374580383	0.019924199999991288	epochs	3.0
873.0744616580383	0.019833100000028026	epochs	3.0
873.0942947580384	0.03939669999999751	epochs	2.0
873.0942947580384	0.01974299999994855	epochs	3.0
873.1140377580383	0.019653700000048957	epochs	3.0
873.1336914580384	0.03904239999997117	epochs	2.0
873.1336914580384	0.01956510000002254	epochs	3.0
873.1532565580384	0.019477299999948627	epochs	3.0
873.1727338580383	0.03869459999998526	epochs	2.0
873.1727338580383	0.019390400000020236	epochs	3.0
873.1921242580383	0.01930419999996502	epochs	3.0
873.2114284580383	0.03835290000006353	epochs	2.0
873.2114284580383	0.019218799999976	epochs	3.0
873.2306472580383	0.01913410000008753	epochs	3.0
873.2497813580384	0.038017199999899276	epochs	2.0
873.2497813580384	0.01905019999992419	epochs	3.0
873.2688315580383	0.018966999999975087	epochs	3.0
873.2877985580383	0.037687200000050325	epochs	2.0
873.2877985580383	0.01888450000001285	epochs	3.0
873.3066830580383	0.018802700000037476	epochs	3.0
873.3254857580383	0.03736309999999321	epochs	2.0
873.3254857580383	0.018721700000014607	epochs	3.0
873.3442074580383	0.018641399999978603	epochs	3.0
873.3628488580383	0.03704430000004777	epochs	2.0
873.3628488580383	0.01856159999999818	epochs	3.0
873.3814104580383	0.01848270000004959	epochs	3.0
873.3998931580384	0.03673099999991791	epochs	2.0
873.3998931580384	0.018404299999929208	epochs	3.0
873.4182974580383	0.018326699999988705	epochs	3.0
873.4366241580383	0.036422900000047775	epochs	2.0
873.4366241580383	0.018249599999990096	epochs	3.0
873.4548737580383	0.01817330000005768	epochs	3.0
873.4730470580383	0.03612009999994825	epochs	2.0
873.4730470580383	0.0180976000000328	epochs	3.0
873.4911446580384	0.018022499999915453	epochs	3.0
873.5091671580383	0.03582210000001851	epochs	2.0
873.5091671580383	0.017947900000081063	epochs	3.0
873.5271150580384	0.017874199999937446	epochs	3.0
873.5449892580383	0.03552899999999681	epochs	2.0
873.5449892580383	0.017800800000031813	epochs	3.0
873.5627900580383	0.017728199999965	epochs	3.0
873.5805182580383	0.03524070000003121	epochs	2.0
873.5805182580383	0.017656100000067454	epochs	3.0
873.5981743580384	0.017584599999963757	epochs	3.0
873.6157589580383	0.034957100000042374	epochs	2.0
873.6157589580383	0.01751369999999497	epochs	3.0
873.6332726580383	0.017443400000047404	epochs	3.0
873.6507160580384	0.034677899999906	epochs	2.0
873.6507160580384	0.017373599999928047	epochs	3.0
873.6680896580383	0.017304299999977957	epochs	3.0
873.6853939580383	0.03440330000000813	epochs	2.0
873.6853939580383	0.01723570000001473	epochs	3.0
873.7026296580383	0.0171675999999934	epochs	3.0
873.7197972580383	0.0341328000000658	epochs	2.0
873.7197972580383	0.017099900000062007	epochs	3.0
873.7368971580383	0.017032900000003792	epochs	3.0
873.7539300580383	0.033866699999975935	epochs	2.0
873.7539300580383	0.01696640000000116	epochs	3.0
873.7708964580384	0.016900299999974777	epochs	3.0
873.7877967580383	0.03360459999998966	epochs	2.0
873.7877967580383	0.01683479999996962	epochs	3.0
873.8046315580383	0.01676980000002004	epochs	3.0
873.8214013580383	0.03334660000007261	epochs	2.0
873.8214013580383	0.016705300000012357	epochs	3.0
873.8381066580383	0.016641300000060255	epochs	3.0
873.8547479580384	0.03309249999995245	epochs	2.0
873.8547479580384	0.01657779999993636	epochs	3.0
873.8713257580383	0.01651470000001609	epochs	3.0
873.8878404580383	0.03284229999997024	epochs	2.0
873.8878404580383	0.01645220000000336	epochs	3.0
873.9042926580383	0.01639009999996688	epochs	3.0
873.9206827580383	0.03259570000000167	epochs	2.0
873.9206827580383	0.016328400000020338	epochs	3.0
873.9370111580383	0.016267299999981333	epochs	3.0
873.9532784580383	0.032352899999978035	epochs	2.0
873.9532784580383	0.016206600000032267	epochs	3.0
873.9694850580383	0.016146299999945768	epochs	3.0
873.9856313580383	0.032113700000081735	epochs	2.0
873.9856313580383	0.016086599999994178	epochs	3.0
874.0017179580383	0.016027100000087557	epochs	3.0
874.0177450580384	0.03187800000000607	epochs	2.0
874.0177450580384	0.015968199999974786	epochs	3.0
874.0337132580383	0.015909800000031282	epochs	3.0
874.0496230580384	0.03164569999989908	epochs	2.0
874.0496230580384	0.015851599999905375	epochs	3.0
874.0654746580383	0.015794099999993705	epochs	3.0
874.0812687580383	0.0314167000000225	epochs	2.0
874.0812687580383	0.015736700000047676	epochs	3.0
874.0970054580383	0.015679999999974825	epochs	3.0
874.1126854580383	0.031191100000000915	epochs	2.0
874.1126854580383	0.015623600000026272	epochs	3.0
874.1283090580383	0.015567499999974643	epochs	3.0
874.1438765580383	0.030968700000016725	epochs	2.0
874.1438765580383	0.015512000000057924	epochs	3.0
874.1593885580384	0.0154566999999588	epochs	3.0
874.1748452580383	0.03074950000006993	epochs	2.0
874.1748452580383	0.015401999999994587	epochs	3.0
874.1902472580383	0.015347500000075343	epochs	3.0
874.2055947580384	0.030533199999922545	epochs	2.0
874.2055947580384	0.015293399999904977	epochs	3.0
874.2208881580383	0.015239800000017567	epochs	3.0
874.2361279580383	0.03032010000003993	epochs	2.0
874.2361279580383	0.015186500000027081	epochs	3.0
874.2513144580383	0.015133600000012848	epochs	3.0
874.2664480580383	0.030109899999956724	epochs	2.0
874.2664480580383	0.015081000000009226	epochs	3.0
874.2815290580384	0.015028899999947498	epochs	3.0
874.2965579580383	0.02990250000004835	epochs	2.0
874.2965579580383	0.014977000000044427	epochs	3.0
874.3115349580384	0.014925500000003922	epochs	3.0
874.3264604580384	0.029698100000018712	epochs	2.0
874.3264604580384	0.01487439999993967	epochs	3.0
874.3413348580383	0.014823700000079043	epochs	3.0
874.3561585580384	0.02949630000000525	epochs	2.0
874.3561585580384	0.014773199999922326	epochs	3.0
874.3709317580383	0.014723100000082923	epochs	3.0
874.3856548580384	0.029297399999904883	epochs	2.0
874.3856548580384	0.014673399999992398	epochs	3.0
874.4003282580384	0.014623999999912485	epochs	3.0
874.4149522580383	0.029101100000048064	epochs	2.0
874.4149522580383	0.014574900000070556	epochs	3.0
874.4295271580384	0.014526199999977507	epochs	3.0
874.4440533580383	0.028907399999980044	epochs	2.0
874.4440533580383	0.014477700000043114	epochs	3.0
874.4585310580384	0.014429699999936929	epochs	3.0
874.4729607580383	0.028716200000076242	epochs	2.0
874.4729607580383	0.014381800000023759	epochs	3.0
874.4873425580383	0.014334400000052483	epochs	3.0
874.5016769580384	0.02852759999996124	epochs	2.0
874.5016769580384	0.014287199999898803	epochs	3.0
874.5159641580383	0.014240400000062436	epochs	3.0
874.5302045580383	0.028341399999931127	epochs	2.0
874.5302045580383	0.014193799999929979	epochs	3.0
874.5443983580383	0.014147600000001148	epochs	3.0
874.5585459580383	0.028157700000065233	epochs	2.0
874.5585459580383	0.014101700000082928	epochs	3.0
874.5726476580384	0.014055999999982305	epochs	3.0
874.5867036580383	0.027976299999977527	epochs	2.0
874.5867036580383	0.01401060000000598	epochs	3.0
874.6007142580384	0.013965699999971548	epochs	3.0
874.6146799580383	0.02779720000000907	epochs	2.0
874.6146799580383	0.013920800000050804	epochs	3.0
874.6286007580384	0.013876399999958267	epochs	3.0
874.6424771580383	0.027620400000046175	epochs	2.0
874.6424771580383	0.013832200000024386	epochs	3.0
874.6563093580384	0.013788200000021789	epochs	3.0
874.6700975580384	0.027445899999975154	epochs	2.0
874.6700975580384	0.013744599999995444	epochs	3.0
874.6838421580384	0.01370129999997971	epochs	3.0
874.6975434580384	0.027273499999978412	epochs	2.0
874.6975434580384	0.013658200000008947	epochs	3.0
874.7112016580384	0.013615299999969466	epochs	3.0
874.7248169580383	0.027103399999987232	epochs	2.0
874.7248169580383	0.013572800000019924	epochs	3.0
874.7383897580384	0.013530599999967308	epochs	3.0
874.7519203580383	0.02693520000002536	epochs	2.0
874.7519203580383	0.013488400000028378	epochs	3.0
874.7654087580383	0.013446799999996983	epochs	3.0
874.7788555580383	0.026769199999989723	epochs	2.0
874.7788555580383	0.013405199999965589	epochs	3.0
874.7922607580383	0.013364000000024134	epochs	3.0
874.8056247580383	0.026605199999949036	epochs	2.0
874.8056247580383	0.013322900000048321	epochs	3.0
874.8189476580384	0.013282299999900715	epochs	3.0
874.8322299580383	0.026443200000016986	epochs	2.0
874.8322299580383	0.01324170000009417	epochs	3.0
874.8454716580384	0.013201499999922817	epochs	3.0
874.8586731580383	0.026283200000079887	epochs	2.0
874.8586731580383	0.013161500000023807	epochs	3.0
874.8718346580383	0.01312170000005608	epochs	3.0
874.8849563580384	0.02612499999997908	epochs	2.0
874.8849563580384	0.01308209999990595	epochs	3.0
874.8980384580383	0.013042900000073132	epochs	3.0
874.9110813580384	0.025968899999952555	epochs	2.0
874.9110813580384	0.013003899999944224	epochs	3.0
874.9240852580383	0.012965000000008331	epochs	3.0
874.9370502580383	0.025814500000024054	epochs	2.0
874.9370502580383	0.012926399999969362	epochs	3.0
874.9499766580383	0.012888100000054692	epochs	3.0
874.9628647580383	0.025661900000045534	epochs	2.0
874.9628647580383	0.012849899999991976	epochs	3.0
874.9757146580383	0.012812000000053558	epochs	3.0
874.9885266580384	0.025511199999982637	epochs	2.0
874.9885266580384	0.012774399999898378	epochs	3.0
875.0013010580383	0.012736800000084258	epochs	3.0
875.0140378580384	0.025362299999983406	epochs	2.0
875.0140378580384	0.01269969999998466	epochs	3.0
875.0267375580383	0.012662599999998747	epochs	3.0
875.0394001580383	0.025215000000002874	epochs	2.0
875.0394001580383	0.012625800000023446	epochs	3.0
875.0520259580384	0.012589199999979428	epochs	3.0
875.0646151580384	0.024584799999956886	epochs	2.0
875.0866780580384	0.5	epochs	-1.0
875.0891999580383	0.5041600000000699	epochs	1.0
875.5933599580384	0.4957599999999047	epochs	0.0
876.5370001792908	0.09519999999997708	epochs	0.0
876.5370001792908	0.04260199999998804	epochs	1.0
876.5796021792908	0.009996000000001004	epochs	1.0
876.5895981792908	0.04260199999998804	epochs	1.0
876.6322001792907	2.0	epochs	0.0
878.6322001792907	21.54448000000002	epochs	0.0
878.6322001792907	1.0	epochs	1.0
878.6322382792907	0.5	epochs	-1.0
879.1322382792907	19.997440000000097	epochs	-1.0
879.6322001792907	20.0	epochs	1.0
879.6322001792907	4.356753900000058	epochs	-1.0
879.6322001792907	1.9745871999999736	epochs	2.0
879.6322001792907	1.0985622000000603	epochs	3.0
880.7307623792908	0.8760249999999132	epochs	3.0
881.6067873792907	1.3524075000000266	epochs	2.0
881.6067873792907	0.7286354999999958	epochs	3.0
882.3354228792907	0.6237720000000309	epochs	3.0
882.9591948792907	1.0297592000000577	epochs	2.0
882.9591948792907	0.5453293000000485	epochs	3.0
883.5045241792908	0.4844299000000092	epochs	3.0
883.9889540792908	0.8317862000000105	epochs	2.0
883.9889540792908	0.4357762999999295	epochs	3.0
884.4247303792907	0.39600990000008096	epochs	3.0
884.8207402792908	0.6977969999999232	epochs	2.0
884.8207402792908	0.36289819999990414	epochs	3.0
885.1836384792907	0.33489880000001904	epochs	3.0
885.5185372792907	0.601045699999986	epochs	2.0
885.5185372792907	0.3109123000000409	epochs	3.0
885.8294495792908	0.29013339999994514	epochs	3.0
886.1195829792907	0.5278859000000011	epochs	2.0
886.1195829792907	0.2719586000000618	epochs	3.0
886.3915415792908	0.25592729999993935	epochs	3.0
886.6474688792907	0.4706193000000667	epochs	2.0
886.6474688792907	0.2416813000000957	epochs	3.0
886.8891501792908	0.228937999999971	epochs	3.0
887.1180881792908	0.42457039999999324	epochs	2.0
887.1180881792908	0.21747140000002219	epochs	3.0
887.3355595792908	0.20709899999997106	epochs	3.0
887.5426585792908	0.3867354000000205	epochs	2.0
887.5426585792908	0.19767109999997956	epochs	3.0
887.7403296792908	0.18906430000004093	epochs	3.0
887.9293939792908	0.3550953000000163	epochs	2.0
887.9293939792908	0.18117589999997108	epochs	3.0
888.1105698792908	0.17391940000004524	epochs	3.0
888.2844892792908	0.3282430999998951	epochs	2.0
888.2844892792908	0.16722189999995862	epochs	3.0
888.4517111792908	0.16102119999993647	epochs	3.0
888.6127323792907	0.30516800000009425	epochs	2.0
888.6127323792907	0.15526390000002266	epochs	3.0
888.7679962792907	0.1499041000000716	epochs	3.0
888.9179003792908	0.28512530000000424	epochs	2.0
888.9179003792908	0.1449020999999675	epochs	3.0
889.0628024792908	0.14022320000003674	epochs	3.0
889.2030256792908	0.2675537999999733	epochs	2.0
889.2030256792908	0.1358368999999584	epochs	3.0
889.3388625792908	0.1317169000000149	epochs	3.0
889.4705794792908	0.252022899999929	epochs	2.0
889.4705794792908	0.1278393000000051	epochs	3.0
889.5984187792908	0.1241835999999239	epochs	3.0
889.7226023792907	0.23819650000007186	epochs	2.0
889.7226023792907	0.12073110000005727	epochs	3.0
889.8433334792908	0.1174654000000146	epochs	3.0
889.9607988792908	0.2258087999999816	epochs	2.0
889.9607988792908	0.11437190000003739	epochs	3.0
890.0751707792908	0.11143689999994422	epochs	3.0
890.1866076792908	0.2146460000000161	epochs	2.0
890.1866076792908	0.10864890000004834	epochs	3.0
890.2952565792908	0.10599709999996776	epochs	3.0
890.4012536792908	0.20453499999996438	epochs	2.0
890.4012536792908	0.10347149999995509	epochs	3.0
890.5047251792907	0.1010635000000093	epochs	3.0
890.6057886792908	0.19533400000000256	epochs	2.0
890.6057886792908	0.09876510000003691	epochs	3.0
890.7045537792908	0.09656889999996565	epochs	3.0
890.8011226792908	0.18692529999998442	epochs	2.0
890.8011226792908	0.09446830000001682	epochs	3.0
890.8955909792908	0.09245699999996759	epochs	3.0
890.9880479792907	0.17921069999999872	epochs	2.0
890.9880479792907	0.0905296000000817	epochs	3.0
891.0785775792908	0.08868109999991702	epochs	3.0
891.1672586792907	0.17210770000008324	epochs	2.0
891.1672586792907	0.08690630000000965	epochs	3.0
891.2541649792907	0.08520140000007359	epochs	3.0
891.3393663792908	0.1655463999999256	epochs	2.0
891.3393663792908	0.08356189999994967	epochs	3.0
891.4229282792908	0.08198449999997592	epochs	3.0
891.5049127792907	0.15946710000002895	epochs	2.0
891.5049127792907	0.08046539999998004	epochs	3.0
891.5853781792907	0.07900170000004891	epochs	3.0
891.6643798792908	0.15381839999997737	epochs	2.0
891.6643798792908	0.07759009999995214	epochs	3.0
891.7419699792907	0.07622830000002523	epochs	3.0
891.8181982792908	0.14855639999996129	epochs	2.0
891.8181982792908	0.07491330000004837	epochs	3.0
891.8931115792908	0.07364309999991292	epochs	3.0
891.9667546792907	0.14364240000008976	epochs	2.0
891.9667546792907	0.07241500000009182	epochs	3.0
892.0391696792908	0.07122739999999794	epochs	3.0
892.1103970792908	0.13904309999998077	epochs	2.0
892.1103970792908	0.07007799999996678	epochs	3.0
892.1804750792908	0.06896510000001399	epochs	3.0
892.2494401792908	0.1347293000000036	epochs	2.0
892.2494401792908	0.0678871000000072	epochs	3.0
892.3173272792908	0.06684219999999641	epochs	3.0
892.3841694792908	0.13067519999992783	epochs	2.0
892.3841694792908	0.06582909999997355	epochs	3.0
892.4499985792908	0.06484609999995428	epochs	3.0
892.5148446792907	0.12685780000003888	epochs	2.0
892.5148446792907	0.06389200000000983	epochs	3.0
892.5787366792907	0.06296580000002905	epochs	3.0
892.6417024792908	0.12325720000001184	epochs	2.0
892.6417024792908	0.06206580000002759	epochs	3.0
892.7037682792908	0.06119139999998424	epochs	3.0
892.7649596792908	0.11985540000000583	epochs	2.0
892.7649596792908	0.060341099999959624	epochs	3.0
892.8253007792907	0.059514300000046205	epochs	3.0
892.8848150792908	0.11663620000001629	epochs	2.0
892.8848150792908	0.05870960000004288	epochs	3.0
892.9435246792908	0.057926599999973405	epochs	3.0
893.0014512792908	0.11358559999996487	epochs	2.0
893.0014512792908	0.05716419999998834	epochs	3.0
893.0586154792908	0.05642139999997653	epochs	3.0
893.1150368792908	0.11069050000003244	epochs	2.0
893.1150368792908	0.055697900000041045	epochs	3.0
893.1707347792908	0.0549925999999914	epochs	3.0
893.2257273792908	0.10793909999995321	epochs	2.0
893.2257273792908	0.05430490000003374	epochs	3.0
893.2800322792908	0.053634199999919474	epochs	3.0
893.3336664792907	0.10532150000005913	epochs	2.0
893.3336664792907	0.05298000000004777	epochs	3.0
893.3866464792908	0.052341500000011365	epochs	3.0
893.4389879792908	0.10282759999995505	epochs	2.0
893.4389879792908	0.05171810000001642	epochs	3.0
893.4907060792908	0.051109499999938635	epochs	3.0
893.5418155792908	0.10044909999999163	epochs	2.0
893.5418155792908	0.050514900000052876	epochs	3.0
893.5923304792908	0.049934199999938755	epochs	3.0
893.6422646792907	0.0981782999999723	epochs	2.0
893.6422646792907	0.04936659999998483	epochs	3.0
893.6916312792907	0.04881169999998747	epochs	3.0
893.7404429792907	0.09600780000005216	epochs	2.0
893.7404429792907	0.04826920000004975	epochs	3.0
893.7887121792908	0.04773860000000241	epochs	3.0
893.8364507792908	0.09393120000004274	epochs	2.0
893.8364507792908	0.04721949999998287	epochs	3.0
893.8836702792908	0.046711700000059864	epochs	3.0
893.9303819792908	0.09194259999992482	epochs	2.0
893.9303819792908	0.046214599999984785	epochs	3.0
893.9765965792908	0.04572799999994004	epochs	3.0
894.0223245792907	0.09003630000006524	epochs	2.0
894.0223245792907	0.04525150000006306	epochs	3.0
894.0675760792908	0.04478480000000218	epochs	3.0
894.1123608792908	0.08820759999991878	epochs	2.0
894.1123608792908	0.044327800000019124	epochs	3.0
894.1566886792908	0.04387979999989966	epochs	3.0
894.2005684792907	0.0864516999999978	epochs	2.0
894.2005684792907	0.04344100000002982	epochs	3.0
894.2440094792908	0.04301069999996798	epochs	3.0
894.2870201792907	0.0847643000000744	epochs	2.0
894.2870201792907	0.04258900000002086	epochs	3.0
894.3296091792907	0.04217530000005354	epochs	3.0
894.3717844792908	0.08314150000001064	epochs	2.0
894.3717844792908	0.041769699999917975	epochs	3.0
894.4135541792907	0.04137180000009266	epochs	3.0
894.4549259792908	0.08157970000002024	epochs	2.0
894.4549259792908	0.040981399999964196	epochs	3.0
894.4959073792908	0.04059830000005604	epochs	3.0
894.5365056792908	0.08007549999990715	epochs	2.0
894.5365056792908	0.04022229999998217	epochs	3.0
894.5767279792908	0.03985319999992498	epochs	3.0
894.6165811792907	0.07862570000008873	epochs	2.0
894.6165811792907	0.039490800000066884	epochs	3.0
894.6560719792908	0.039134900000021844	epochs	3.0
894.6952068792908	0.07722759999990103	epochs	2.0
894.6952068792908	0.03878539999993791	epochs	3.0
894.7339922792908	0.03844219999996312	epochs	3.0
894.7724344792907	0.07587820000003376	epochs	2.0
894.7724344792907	0.038104800000041905	epochs	3.0
894.8105392792908	0.03777339999999185	epochs	3.0
894.8483126792908	0.0745752000000266	epochs	2.0
894.8483126792908	0.03744770000002973	epochs	3.0
894.8857603792908	0.03712749999999687	epochs	3.0
894.9228878792908	0.07331629999998768	epochs	2.0
894.9228878792908	0.036812899999972615	epochs	3.0
894.9597007792908	0.03650340000001506	epochs	3.0
894.9962041792908	0.07209899999998015	epochs	2.0
894.9962041792908	0.03619909999997617	epochs	3.0
895.0324032792907	0.03589990000000398	epochs	3.0
895.0683031792908	0.07092169999998532	epochs	2.0
895.0683031792908	0.03560560000005353	epochs	3.0
895.1039087792908	0.035316099999931794	epochs	3.0
895.1392248792907	0.06978200000003199	epochs	2.0
895.1392248792907	0.03503120000004856	epochs	3.0
895.1742560792908	0.03475079999998343	epochs	3.0
895.2090068792908	0.06867859999999837	epochs	2.0
895.2090068792908	0.03447510000000875	epochs	3.0
895.2434819792908	0.03420349999998962	epochs	3.0
895.2776854792908	0.06760929999995824	epochs	2.0
895.2776854792908	0.033936199999970995	epochs	3.0
895.3116216792907	0.033673099999987244	epochs	3.0
895.3452947792907	0.06657290000009652	epochs	2.0
895.3452947792907	0.03341399999999339	epochs	3.0
895.3787087792907	0.03315890000010313	epochs	3.0
895.4118676792908	0.06556779999993978	epochs	2.0
895.4118676792908	0.03290769999989607	epochs	3.0
895.4447753792907	0.03266010000004371	epochs	3.0
895.4774354792908	0.06459259999996902	epochs	2.0
895.4774354792908	0.032416399999988244	epochs	3.0
895.5098518792907	0.03217619999998078	epochs	3.0
895.5420280792907	0.06364600000006249	epochs	2.0
895.5420280792907	0.03193959999998697	epochs	3.0
895.5739676792907	0.03170640000007552	epochs	3.0
895.6056740792908	0.0627266999999847	epochs	2.0
895.6056740792908	0.03147660000001906	epochs	3.0
895.6371506792908	0.03125009999996564	epochs	3.0
895.6684007792908	0.06183359999999993	epochs	2.0
895.6684007792908	0.031026900000028945	epochs	3.0
895.6994276792908	0.030806699999970988	epochs	3.0
895.7302343792908	0.06096560000003137	epochs	2.0
895.7302343792908	0.030589800000029754	epochs	3.0
895.7608241792908	0.030375800000001618	epochs	3.0
895.7911999792908	0.06012160000000222	epochs	2.0
895.7911999792908	0.03016489999993155	epochs	3.0
895.8213648792907	0.02995670000007067	epochs	3.0
895.8513215792908	0.05930069999999432	epochs	2.0
895.8513215792908	0.02975159999994048	epochs	3.0
895.8810731792908	0.02954910000005384	epochs	3.0
895.9106222792908	0.05850179999993088	epochs	2.0
895.9106222792908	0.02934940000000097	epochs	3.0
895.9399716792908	0.029152399999929912	epochs	3.0
895.9691240792907	0.057724200000052406	epochs	2.0
895.9691240792907	0.028957999999988715	epochs	3.0
895.9980820792907	0.02876620000006369	epochs	3.0
896.0268482792908	0.05696709999995164	epochs	2.0
896.0268482792908	0.028577000000041153	epochs	3.0
896.0554252792908	0.02839009999991049	epochs	3.0
896.0838153792907	0.056229500000085864	epochs	2.0
896.0838153792907	0.028205700000057732	epochs	3.0
896.1120210792908	0.028023800000028132	epochs	3.0
896.1400448792908	0.05551069999989977	epochs	2.0
896.1400448792908	0.027843999999959124	epochs	3.0
896.1678888792908	0.027666699999940647	epochs	3.0
896.1955555792907	0.054810200000019904	epochs	2.0
896.1955555792907	0.02749149999999645	epochs	3.0
896.2230470792907	0.027318700000023455	epochs	3.0
896.2503657792907	0.05412699999999404	epochs	2.0
896.2503657792907	0.02714780000007977	epochs	3.0
896.2775135792908	0.026979199999914272	epochs	3.0
896.3044927792907	0.0534607000000733	epochs	2.0
896.3044927792907	0.026812600000084785	epochs	3.0
896.3313053792908	0.026648099999988517	epochs	3.0
896.3579534792908	0.05281070000000909	epochs	2.0
896.3579534792908	0.026485600000000886	epochs	3.0
896.3844390792908	0.026325100000008206	epochs	3.0
896.4107641792908	0.05217619999996259	epochs	2.0
896.4107641792908	0.026166399999965506	epochs	3.0
896.4369305792908	0.026009799999997085	epochs	3.0
896.4629403792908	0.051556699999991906	epochs	2.0
896.4629403792908	0.025854799999933675	epochs	3.0
896.4887951792907	0.02570190000005823	epochs	3.0
896.5144970792908	0.05095189999997274	epochs	2.0
896.5144970792908	0.025550699999939752	epochs	3.0
896.5400477792907	0.025401200000032986	epochs	3.0
896.5654489792907	0.05036100000006627	epochs	2.0
896.5654489792907	0.0252535000000762	epochs	3.0
896.5907024792908	0.02510749999999007	epochs	3.0
896.6158099792908	0.049783800000000156	epochs	2.0
896.6158099792908	0.02496320000000196	epochs	3.0
896.6407731792908	0.024820599999998194	epochs	3.0
896.6655937792908	0.04921949999993558	epochs	2.0
896.6655937792908	0.024679399999968155	epochs	3.0
896.6902731792908	0.024540099999967424	epochs	3.0
896.7148132792908	0.04866790000005494	epochs	2.0
896.7148132792908	0.02440209999997478	epochs	3.0
896.7392153792907	0.024265800000080162	epochs	3.0
896.7634811792908	0.048128599999927246	epochs	2.0
896.7634811792908	0.024131000000011227	epochs	3.0
896.7876121792908	0.02399759999991602	epochs	3.0
896.8116097792907	0.047601100000065344	epochs	2.0
896.8116097792907	0.023865800000066884	epochs	3.0
896.8354755792908	0.02373529999999846	epochs	3.0
896.8592108792908	0.04708499999992455	epochs	2.0
896.8592108792908	0.023606299999983094	epochs	3.0
896.8828171792908	0.023478699999941455	epochs	3.0
896.9062958792907	0.04658000000006268	epochs	2.0
896.9062958792907	0.023352500000100918	epochs	3.0
896.9296483792908	0.023227499999961765	epochs	3.0
896.9528758792908	0.04608569999993506	epochs	2.0
896.9528758792908	0.023103999999989355	epochs	3.0
896.9759798792908	0.022981699999945704	epochs	3.0
896.9989615792907	0.0456018000000995	epochs	2.0
896.9989615792907	0.022860700000023826	epochs	3.0
897.0218222792907	0.022741100000075676	epochs	3.0
897.0445633792908	0.045127899999897636	epochs	2.0
897.0445633792908	0.022622499999897627	epochs	3.0
897.0671858792907	0.02250540000000001	epochs	3.0
897.0896912792907	0.0446638000000803	epochs	2.0
897.0896912792907	0.022389300000099865	epochs	3.0
897.1120805792908	0.022274499999980435	epochs	3.0
897.1343550792908	0.04420919999995476	epochs	2.0
897.1343550792908	0.022160799999937808	epochs	3.0
897.1565158792907	0.022048400000016954	epochs	3.0
897.1785642792908	0.043763600000033875	epochs	2.0
897.1785642792908	0.021936900000014248	epochs	3.0
897.2005011792908	0.021826700000019628	epochs	3.0
897.2223278792908	0.04332709999994222	epochs	2.0
897.2223278792908	0.021717599999988124	epochs	3.0
897.2440454792908	0.021609499999954096	epochs	3.0
897.2656549792907	0.04289900000003399	epochs	2.0
897.2656549792907	0.02150249999999687	epochs	3.0
897.2871574792907	0.021396500000037122	epochs	3.0
897.3085539792908	0.042479500000013104	epochs	2.0
897.3085539792908	0.02129170000000613	epochs	3.0
897.3298456792908	0.021187800000006973	epochs	3.0
897.3510334792908	0.042067900000006375	epochs	2.0
897.3510334792908	0.02108490000000529	epochs	3.0
897.3721183792908	0.020983000000001084	epochs	3.0
897.3931013792908	0.04166439999994509	epochs	2.0
897.3931013792908	0.020882199999959994	epochs	3.0
897.4139835792907	0.020782199999985096	epochs	3.0
897.4347657792907	0.04126850000000104	epochs	2.0
897.4347657792907	0.020683300000087	epochs	3.0
897.4554490792908	0.02058519999991404	epochs	3.0
897.4760342792907	0.04088000000001557	epochs	2.0
897.4760342792907	0.020488100000079612	epochs	3.0
897.4965223792908	0.02039189999993596	epochs	3.0
897.5169142792907	0.04049880000002304	epochs	2.0
897.5169142792907	0.020296600000051512	epochs	3.0
897.5372108792908	0.020202199999971526	epochs	3.0
897.5574130792908	0.04012460000001283	epochs	2.0
897.5574130792908	0.02010870000003706	epochs	3.0
897.5775217792908	0.020015899999975773	epochs	3.0
897.5975376792908	0.03975730000001931	epochs	2.0
897.5975376792908	0.019924199999991288	epochs	3.0
897.6174618792908	0.019833100000028026	epochs	3.0
897.6372949792908	0.03939669999999751	epochs	2.0
897.6372949792908	0.01974299999994855	epochs	3.0
897.6570379792907	0.019653700000048957	epochs	3.0
897.6766916792908	0.03904239999997117	epochs	2.0
897.6766916792908	0.01956510000002254	epochs	3.0
897.6962567792908	0.019477299999948627	epochs	3.0
897.7157340792908	0.03869459999998526	epochs	2.0
897.7157340792908	0.019390400000020236	epochs	3.0
897.7351244792908	0.01930419999996502	epochs	3.0
897.7544286792908	0.03835290000006353	epochs	2.0
897.7544286792908	0.019218799999976	epochs	3.0
897.7736474792907	0.01913410000008753	epochs	3.0
897.7927815792908	0.038017199999899276	epochs	2.0
897.7927815792908	0.01905019999992419	epochs	3.0
897.8118317792907	0.018966999999975087	epochs	3.0
897.8307987792907	0.037687200000050325	epochs	2.0
897.8307987792907	0.01888450000001285	epochs	3.0
897.8496832792907	0.018802700000037476	epochs	3.0
897.8684859792908	0.03736309999999321	epochs	2.0
897.8684859792908	0.018721700000014607	epochs	3.0
897.8872076792908	0.018641399999978603	epochs	3.0
897.9058490792908	0.03704430000004777	epochs	2.0
897.9058490792908	0.01856159999999818	epochs	3.0
897.9244106792908	0.01848270000004959	epochs	3.0
897.9428933792908	0.03673099999991791	epochs	2.0
897.9428933792908	0.018404299999929208	epochs	3.0
897.9612976792907	0.018326699999988705	epochs	3.0
897.9796243792907	0.036422900000047775	epochs	2.0
897.9796243792907	0.018249599999990096	epochs	3.0
897.9978739792907	0.01817330000005768	epochs	3.0
898.0160472792908	0.03612009999994825	epochs	2.0
898.0160472792908	0.0180976000000328	epochs	3.0
898.0341448792908	0.018022499999915453	epochs	3.0
898.0521673792907	0.03582210000001851	epochs	2.0
898.0521673792907	0.017947900000081063	epochs	3.0
898.0701152792908	0.017874199999937446	epochs	3.0
898.0879894792907	0.03552899999999681	epochs	2.0
898.0879894792907	0.017800800000031813	epochs	3.0
898.1057902792908	0.017728199999965	epochs	3.0
898.1235184792907	0.03524070000003121	epochs	2.0
898.1235184792907	0.017656100000067454	epochs	3.0
898.1411745792908	0.017584599999963757	epochs	3.0
898.1587591792908	0.034957100000042374	epochs	2.0
898.1587591792908	0.01751369999999497	epochs	3.0
898.1762728792908	0.017443400000047404	epochs	3.0
898.1937162792908	0.034677899999906	epochs	2.0
898.1937162792908	0.017373599999928047	epochs	3.0
898.2110898792907	0.017304299999977957	epochs	3.0
898.2283941792907	0.03440330000000813	epochs	2.0
898.2283941792907	0.01723570000001473	epochs	3.0
898.2456298792907	0.0171675999999934	epochs	3.0
898.2627974792907	0.0341328000000658	epochs	2.0
898.2627974792907	0.017099900000062007	epochs	3.0
898.2798973792908	0.017032900000003792	epochs	3.0
898.2969302792908	0.033866699999975935	epochs	2.0
898.2969302792908	0.01696640000000116	epochs	3.0
898.3138966792908	0.016900299999974777	epochs	3.0
898.3307969792908	0.03360459999998966	epochs	2.0
898.3307969792908	0.01683479999996962	epochs	3.0
898.3476317792907	0.01676980000002004	epochs	3.0
898.3644015792908	0.03334660000007261	epochs	2.0
898.3644015792908	0.016705300000012357	epochs	3.0
898.3811068792908	0.016641300000060255	epochs	3.0
898.3977481792908	0.03309249999995245	epochs	2.0
898.3977481792908	0.01657779999993636	epochs	3.0
898.4143259792908	0.01651470000001609	epochs	3.0
898.4308406792908	0.03284229999997024	epochs	2.0
898.4308406792908	0.01645220000000336	epochs	3.0
898.4472928792908	0.01639009999996688	epochs	3.0
898.4636829792908	0.03259570000000167	epochs	2.0
898.4636829792908	0.016328400000020338	epochs	3.0
898.4800113792908	0.016267299999981333	epochs	3.0
898.4962786792908	0.032352899999978035	epochs	2.0
898.4962786792908	0.016206600000032267	epochs	3.0
898.5124852792908	0.016146299999945768	epochs	3.0
898.5286315792907	0.032113700000081735	epochs	2.0
898.5286315792907	0.016086599999994178	epochs	3.0
898.5447181792907	0.016027100000087557	epochs	3.0
898.5607452792908	0.03187800000000607	epochs	2.0
898.5607452792908	0.015968199999974786	epochs	3.0
898.5767134792908	0.015909800000031282	epochs	3.0
898.5926232792908	0.03164569999989908	epochs	2.0
898.5926232792908	0.015851599999905375	epochs	3.0
898.6084748792907	0.015794099999993705	epochs	3.0
898.6242689792907	0.0314167000000225	epochs	2.0
898.6242689792907	0.015736700000047676	epochs	3.0
898.6400056792908	0.015679999999974825	epochs	3.0
898.6556856792907	0.031191100000000915	epochs	2.0
898.6556856792907	0.015623600000026272	epochs	3.0
898.6713092792908	0.015567499999974643	epochs	3.0
898.6868767792907	0.030968700000016725	epochs	2.0
898.6868767792907	0.015512000000057924	epochs	3.0
898.7023887792908	0.0154566999999588	epochs	3.0
898.7178454792908	0.03074950000006993	epochs	2.0
898.7178454792908	0.015401999999994587	epochs	3.0
898.7332474792908	0.015347500000075343	epochs	3.0
898.7485949792908	0.030533199999922545	epochs	2.0
898.7485949792908	0.015293399999904977	epochs	3.0
898.7638883792907	0.015239800000017567	epochs	3.0
898.7791281792908	0.03032010000003993	epochs	2.0
898.7791281792908	0.015186500000027081	epochs	3.0
898.7943146792908	0.015133600000012848	epochs	3.0
898.8094482792908	0.030109899999956724	epochs	2.0
898.8094482792908	0.015081000000009226	epochs	3.0
898.8245292792908	0.015028899999947498	epochs	3.0
898.8395581792907	0.02990250000004835	epochs	2.0
898.8395581792907	0.014977000000044427	epochs	3.0
898.8545351792908	0.014925500000003922	epochs	3.0
898.8694606792908	0.029698100000018712	epochs	2.0
898.8694606792908	0.01487439999993967	epochs	3.0
898.8843350792907	0.014823700000079043	epochs	3.0
898.8991587792908	0.02949630000000525	epochs	2.0
898.8991587792908	0.014773199999922326	epochs	3.0
898.9139319792907	0.014723100000082923	epochs	3.0
898.9286550792908	0.029297399999904883	epochs	2.0
898.9286550792908	0.014673399999992398	epochs	3.0
898.9433284792908	0.014623999999912485	epochs	3.0
898.9579524792907	0.029101100000048064	epochs	2.0
898.9579524792907	0.014574900000070556	epochs	3.0
898.9725273792908	0.014526199999977507	epochs	3.0
898.9870535792908	0.028907399999980044	epochs	2.0
898.9870535792908	0.014477700000043114	epochs	3.0
899.0015312792908	0.014429699999936929	epochs	3.0
899.0159609792908	0.028716200000076242	epochs	2.0
899.0159609792908	0.014381800000023759	epochs	3.0
899.0303427792908	0.014334400000052483	epochs	3.0
899.0446771792908	0.02852759999996124	epochs	2.0
899.0446771792908	0.014287199999898803	epochs	3.0
899.0589643792907	0.014240400000062436	epochs	3.0
899.0732047792908	0.028341399999931127	epochs	2.0
899.0732047792908	0.014193799999929979	epochs	3.0
899.0873985792907	0.014147600000001148	epochs	3.0
899.1015461792907	0.028157700000065233	epochs	2.0
899.1015461792907	0.014101700000082928	epochs	3.0
899.1156478792908	0.014055999999982305	epochs	3.0
899.1297038792908	0.027976299999977527	epochs	2.0
899.1297038792908	0.01401060000000598	epochs	3.0
899.1437144792908	0.013965699999971548	epochs	3.0
899.1576801792908	0.02779720000000907	epochs	2.0
899.1576801792908	0.013920800000050804	epochs	3.0
899.1716009792908	0.013876399999958267	epochs	3.0
899.1854773792908	0.027620400000046175	epochs	2.0
899.1854773792908	0.013832200000024386	epochs	3.0
899.1993095792908	0.013788200000021789	epochs	3.0
899.2130977792908	0.027445899999975154	epochs	2.0
899.2130977792908	0.013744599999995444	epochs	3.0
899.2268423792908	0.01370129999997971	epochs	3.0
899.2405436792908	0.027273499999978412	epochs	2.0
899.2405436792908	0.013658200000008947	epochs	3.0
899.2542018792908	0.013615299999969466	epochs	3.0
899.2678171792908	0.027103399999987232	epochs	2.0
899.2678171792908	0.013572800000019924	epochs	3.0
899.2813899792908	0.013530599999967308	epochs	3.0
899.2949205792908	0.02693520000002536	epochs	2.0
899.2949205792908	0.013488400000028378	epochs	3.0
899.3084089792908	0.013446799999996983	epochs	3.0
899.3218557792908	0.026769199999989723	epochs	2.0
899.3218557792908	0.013405199999965589	epochs	3.0
899.3352609792908	0.013364000000024134	epochs	3.0
899.3486249792908	0.026605199999949036	epochs	2.0
899.3486249792908	0.013322900000048321	epochs	3.0
899.3619478792908	0.013282299999900715	epochs	3.0
899.3752301792907	0.026443200000016986	epochs	2.0
899.3752301792907	0.01324170000009417	epochs	3.0
899.3884718792908	0.013201499999922817	epochs	3.0
899.4016733792907	0.026283200000079887	epochs	2.0
899.4016733792907	0.013161500000023807	epochs	3.0
899.4148348792908	0.01312170000005608	epochs	3.0
899.4279565792908	0.02612499999997908	epochs	2.0
899.4279565792908	0.01308209999990595	epochs	3.0
899.4410386792907	0.013042900000073132	epochs	3.0
899.4540815792908	0.025968899999952555	epochs	2.0
899.4540815792908	0.013003899999944224	epochs	3.0
899.4670854792907	0.012965000000008331	epochs	3.0
899.4800504792908	0.025814500000024054	epochs	2.0
899.4800504792908	0.012926399999969362	epochs	3.0
899.4929768792907	0.012888100000054692	epochs	3.0
899.5058649792908	0.025661900000045534	epochs	2.0
899.5058649792908	0.012849899999991976	epochs	3.0
899.5187148792908	0.012812000000053558	epochs	3.0
899.5315268792908	0.025511199999982637	epochs	2.0
899.5315268792908	0.012774399999898378	epochs	3.0
899.5443012792907	0.012736800000084258	epochs	3.0
899.5570380792908	0.025362299999983406	epochs	2.0
899.5570380792908	0.01269969999998466	epochs	3.0
899.5697377792908	0.012662599999998747	epochs	3.0
899.5824003792908	0.025215000000002874	epochs	2.0
899.5824003792908	0.012625800000023446	epochs	3.0
899.5950261792908	0.012589199999979428	epochs	3.0
899.6076153792908	0.024584799999956886	epochs	2.0
899.6296782792908	0.5	epochs	-1.0
899.6322001792907	0.5444800000000214	epochs	1.0
900.1766801792908	0.4554399999999532	epochs	0.0
912.7750000953674	0.09519999999997708	epochs	0.0
912.7750000953674	0.04260199999998804	epochs	1.0
912.8176020953674	0.009996000000001004	epochs	1.0
912.8275980953674	0.04260199999998804	epochs	1.0
912.8702000953674	2.0	epochs	0.0
914.8702000953674	5.404880000000048	epochs	0.0
914.8702000953674	1.0	epochs	1.0
914.8702381953674	0.5	epochs	-1.0
915.3702381953674	4.904841900000065	epochs	-1.0
915.8702000953674	4.404880000000048	epochs	1.0
915.8702000953674	4.356753900000058	epochs	-1.0
915.8702000953674	1.9745871999999736	epochs	2.0
915.8702000953674	1.0985622000000603	epochs	3.0
916.9687622953675	0.8760249999999132	epochs	3.0
917.8447872953674	1.3524075000000266	epochs	2.0
917.8447872953674	0.7286354999999958	epochs	3.0
918.5734227953674	0.6237720000000309	epochs	3.0
919.1971947953674	1.0297592000000577	epochs	2.0
919.1971947953674	0.5453293000000485	epochs	3.0
919.7425240953675	0.4844299000000092	epochs	3.0
920.2269539953675	0.0481260999999904	epochs	2.0
920.2269539953675	0.0481260999999904	epochs	3.0
920.2750800953675	16.595039999999926	epochs	0.0
921.2920002937317	0.09519999999997708	epochs	0.0
921.2920002937317	0.04260199999998804	epochs	1.0
921.3346022937317	0.009996000000001004	epochs	1.0
921.3445982937317	0.04260199999998804	epochs	1.0
921.3872002937317	2.0	epochs	0.0
923.3872002937317	21.54503999999997	epochs	0.0
923.3872002937317	1.0	epochs	1.0
923.3872383937316	0.5	epochs	-1.0
923.8872383937316	19.997920000000022	epochs	-1.0
924.3872002937317	20.0	epochs	1.0
924.3872002937317	4.356753900000058	epochs	-1.0
924.3872002937317	1.9745871999999736	epochs	2.0
924.3872002937317	1.0985622000000603	epochs	3.0
925.4857624937317	0.8760249999999132	epochs	3.0
926.3617874937316	1.3524075000000266	epochs	2.0
926.3617874937316	0.7286354999999958	epochs	3.0
927.0904229937316	0.6237720000000309	epochs	3.0
927.7141949937317	1.0297592000000577	epochs	2.0
927.7141949937317	0.5453293000000485	epochs	3.0
928.2595242937317	0.4844299000000092	epochs	3.0
928.7439541937317	0.8317862000000105	epochs	2.0
928.7439541937317	0.4357762999999295	epochs	3.0
929.1797304937317	0.39600990000008096	epochs	3.0
929.5757403937317	0.6977969999999232	epochs	2.0
929.5757403937317	0.36289819999990414	epochs	3.0
929.9386385937316	0.33489880000001904	epochs	3.0
930.2735373937317	0.601045699999986	epochs	2.0
930.2735373937317	0.3109123000000409	epochs	3.0
930.5844496937317	0.29013339999994514	epochs	3.0
930.8745830937316	0.5278859000000011	epochs	2.0
930.8745830937316	0.2719586000000618	epochs	3.0
931.1465416937317	0.25592729999993935	epochs	3.0
931.4024689937316	0.4706193000000667	epochs	2.0
931.4024689937316	0.2416813000000957	epochs	3.0
931.6441502937317	0.228937999999971	epochs	3.0
931.8730882937317	0.42457039999999324	epochs	2.0
931.8730882937317	0.21747140000002219	epochs	3.0
932.0905596937317	0.20709899999997106	epochs	3.0
932.2976586937317	0.3867354000000205	epochs	2.0
932.2976586937317	0.19767109999997956	epochs	3.0
932.4953297937317	0.18906430000004093	epochs	3.0
932.6843940937317	0.3550953000000163	epochs	2.0
932.6843940937317	0.18117589999997108	epochs	3.0
932.8655699937317	0.17391940000004524	epochs	3.0
933.0394893937317	0.3282430999998951	epochs	2.0
933.0394893937317	0.16722189999995862	epochs	3.0
933.2067112937317	0.16102119999993647	epochs	3.0
933.3677324937316	0.30516800000009425	epochs	2.0
933.3677324937316	0.15526390000002266	epochs	3.0
933.5229963937317	0.1499041000000716	epochs	3.0
933.6729004937317	0.28512530000000424	epochs	2.0
933.6729004937317	0.1449020999999675	epochs	3.0
933.8178025937317	0.14022320000003674	epochs	3.0
933.9580257937317	0.2675537999999733	epochs	2.0
933.9580257937317	0.1358368999999584	epochs	3.0
934.0938626937317	0.1317169000000149	epochs	3.0
934.2255795937317	0.252022899999929	epochs	2.0
934.2255795937317	0.1278393000000051	epochs	3.0
934.3534188937317	0.1241835999999239	epochs	3.0
934.4776024937316	0.23819650000007186	epochs	2.0
934.4776024937316	0.12073110000005727	epochs	3.0
934.5983335937317	0.1174654000000146	epochs	3.0
934.7157989937317	0.2258087999999816	epochs	2.0
934.7157989937317	0.11437190000003739	epochs	3.0
934.8301708937317	0.11143689999994422	epochs	3.0
934.9416077937317	0.2146460000000161	epochs	2.0
934.9416077937317	0.10864890000004834	epochs	3.0
935.0502566937317	0.10599709999996776	epochs	3.0
935.1562537937317	0.20453499999996438	epochs	2.0
935.1562537937317	0.10347149999995509	epochs	3.0
935.2597252937317	0.1010635000000093	epochs	3.0
935.3607887937317	0.19533400000000256	epochs	2.0
935.3607887937317	0.09876510000003691	epochs	3.0
935.4595538937317	0.09656889999996565	epochs	3.0
935.5561227937317	0.18692529999998442	epochs	2.0
935.5561227937317	0.09446830000001682	epochs	3.0
935.6505910937317	0.09245699999996759	epochs	3.0
935.7430480937317	0.17921069999999872	epochs	2.0
935.7430480937317	0.0905296000000817	epochs	3.0
935.8335776937317	0.08868109999991702	epochs	3.0
935.9222587937317	0.17210770000008324	epochs	2.0
935.9222587937317	0.08690630000000965	epochs	3.0
936.0091650937317	0.08520140000007359	epochs	3.0
936.0943664937317	0.1655463999999256	epochs	2.0
936.0943664937317	0.08356189999994967	epochs	3.0
936.1779283937317	0.08198449999997592	epochs	3.0
936.2599128937317	0.15946710000002895	epochs	2.0
936.2599128937317	0.08046539999998004	epochs	3.0
936.3403782937316	0.07900170000004891	epochs	3.0
936.4193799937317	0.15381839999997737	epochs	2.0
936.4193799937317	0.07759009999995214	epochs	3.0
936.4969700937316	0.07622830000002523	epochs	3.0
936.5731983937317	0.14855639999996129	epochs	2.0
936.5731983937317	0.07491330000004837	epochs	3.0
936.6481116937317	0.07364309999991292	epochs	3.0
936.7217547937316	0.14364240000008976	epochs	2.0
936.7217547937316	0.07241500000009182	epochs	3.0
936.7941697937317	0.07122739999999794	epochs	3.0
936.8653971937317	0.13904309999998077	epochs	2.0
936.8653971937317	0.07007799999996678	epochs	3.0
936.9354751937317	0.06896510000001399	epochs	3.0
937.0044402937317	0.1347293000000036	epochs	2.0
937.0044402937317	0.0678871000000072	epochs	3.0
937.0723273937317	0.06684219999999641	epochs	3.0
937.1391695937317	0.13067519999992783	epochs	2.0
937.1391695937317	0.06582909999997355	epochs	3.0
937.2049986937317	0.06484609999995428	epochs	3.0
937.2698447937316	0.12685780000003888	epochs	2.0
937.2698447937316	0.06389200000000983	epochs	3.0
937.3337367937316	0.06296580000002905	epochs	3.0
937.3967025937317	0.12325720000001184	epochs	2.0
937.3967025937317	0.06206580000002759	epochs	3.0
937.4587683937317	0.06119139999998424	epochs	3.0
937.5199597937317	0.11985540000000583	epochs	2.0
937.5199597937317	0.060341099999959624	epochs	3.0
937.5803008937316	0.059514300000046205	epochs	3.0
937.6398151937317	0.11663620000001629	epochs	2.0
937.6398151937317	0.05870960000004288	epochs	3.0
937.6985247937317	0.057926599999973405	epochs	3.0
937.7564513937317	0.11358559999996487	epochs	2.0
937.7564513937317	0.05716419999998834	epochs	3.0
937.8136155937317	0.05642139999997653	epochs	3.0
937.8700369937317	0.11069050000003244	epochs	2.0
937.8700369937317	0.055697900000041045	epochs	3.0
937.9257348937317	0.0549925999999914	epochs	3.0
937.9807274937317	0.10793909999995321	epochs	2.0
937.9807274937317	0.05430490000003374	epochs	3.0
938.0350323937317	0.053634199999919474	epochs	3.0
938.0886665937317	0.10532150000005913	epochs	2.0
938.0886665937317	0.05298000000004777	epochs	3.0
938.1416465937317	0.052341500000011365	epochs	3.0
938.1939880937317	0.10282759999995505	epochs	2.0
938.1939880937317	0.05171810000001642	epochs	3.0
938.2457061937317	0.051109499999938635	epochs	3.0
938.2968156937317	0.10044909999999163	epochs	2.0
938.2968156937317	0.050514900000052876	epochs	3.0
938.3473305937317	0.049934199999938755	epochs	3.0
938.3972647937317	0.0981782999999723	epochs	2.0
938.3972647937317	0.04936659999998483	epochs	3.0
938.4466313937316	0.04881169999998747	epochs	3.0
938.4954430937316	0.09600780000005216	epochs	2.0
938.4954430937316	0.04826920000004975	epochs	3.0
938.5437122937317	0.04773860000000241	epochs	3.0
938.5914508937317	0.09393120000004274	epochs	2.0
938.5914508937317	0.04721949999998287	epochs	3.0
938.6386703937317	0.046711700000059864	epochs	3.0
938.6853820937317	0.09194259999992482	epochs	2.0
938.6853820937317	0.046214599999984785	epochs	3.0
938.7315966937317	0.04572799999994004	epochs	3.0
938.7773246937317	0.09003630000006524	epochs	2.0
938.7773246937317	0.04525150000006306	epochs	3.0
938.8225761937317	0.04478480000000218	epochs	3.0
938.8673609937317	0.08820759999991878	epochs	2.0
938.8673609937317	0.044327800000019124	epochs	3.0
938.9116887937317	0.04387979999989966	epochs	3.0
938.9555685937316	0.0864516999999978	epochs	2.0
938.9555685937316	0.04344100000002982	epochs	3.0
938.9990095937317	0.04301069999996798	epochs	3.0
939.0420202937316	0.0847643000000744	epochs	2.0
939.0420202937316	0.04258900000002086	epochs	3.0
939.0846092937317	0.04217530000005354	epochs	3.0
939.1267845937317	0.08314150000001064	epochs	2.0
939.1267845937317	0.041769699999917975	epochs	3.0
939.1685542937316	0.04137180000009266	epochs	3.0
939.2099260937317	0.08157970000002024	epochs	2.0
939.2099260937317	0.040981399999964196	epochs	3.0
939.2509074937317	0.04059830000005604	epochs	3.0
939.2915057937317	0.08007549999990715	epochs	2.0
939.2915057937317	0.04022229999998217	epochs	3.0
939.3317280937317	0.03985319999992498	epochs	3.0
939.3715812937317	0.07862570000008873	epochs	2.0
939.3715812937317	0.039490800000066884	epochs	3.0
939.4110720937317	0.039134900000021844	epochs	3.0
939.4502069937317	0.07722759999990103	epochs	2.0
939.4502069937317	0.03878539999993791	epochs	3.0
939.4889923937317	0.03844219999996312	epochs	3.0
939.5274345937316	0.07587820000003376	epochs	2.0
939.5274345937316	0.038104800000041905	epochs	3.0
939.5655393937317	0.03777339999999185	epochs	3.0
939.6033127937317	0.0745752000000266	epochs	2.0
939.6033127937317	0.03744770000002973	epochs	3.0
939.6407604937317	0.03712749999999687	epochs	3.0
939.6778879937317	0.07331629999998768	epochs	2.0
939.6778879937317	0.036812899999972615	epochs	3.0
939.7147008937317	0.03650340000001506	epochs	3.0
939.7512042937317	0.07209899999998015	epochs	2.0
939.7512042937317	0.03619909999997617	epochs	3.0
939.7874033937317	0.03589990000000398	epochs	3.0
939.8233032937317	0.07092169999998532	epochs	2.0
939.8233032937317	0.03560560000005353	epochs	3.0
939.8589088937317	0.035316099999931794	epochs	3.0
939.8942249937317	0.06978200000003199	epochs	2.0
939.8942249937317	0.03503120000004856	epochs	3.0
939.9292561937317	0.03475079999998343	epochs	3.0
939.9640069937317	0.06867859999999837	epochs	2.0
939.9640069937317	0.03447510000000875	epochs	3.0
939.9984820937317	0.03420349999998962	epochs	3.0
940.0326855937317	0.06760929999995824	epochs	2.0
940.0326855937317	0.033936199999970995	epochs	3.0
940.0666217937317	0.033673099999987244	epochs	3.0
940.1002948937316	0.06657290000009652	epochs	2.0
940.1002948937316	0.03341399999999339	epochs	3.0
940.1337088937316	0.03315890000010313	epochs	3.0
940.1668677937317	0.06556779999993978	epochs	2.0
940.1668677937317	0.03290769999989607	epochs	3.0
940.1997754937316	0.03266010000004371	epochs	3.0
940.2324355937317	0.06459259999996902	epochs	2.0
940.2324355937317	0.032416399999988244	epochs	3.0
940.2648519937317	0.03217619999998078	epochs	3.0
940.2970281937316	0.06364600000006249	epochs	2.0
940.2970281937316	0.03193959999998697	epochs	3.0
940.3289677937316	0.03170640000007552	epochs	3.0
940.3606741937317	0.0627266999999847	epochs	2.0
940.3606741937317	0.03147660000001906	epochs	3.0
940.3921507937317	0.03125009999996564	epochs	3.0
940.4234008937317	0.06183359999999993	epochs	2.0
940.4234008937317	0.031026900000028945	epochs	3.0
940.4544277937317	0.030806699999970988	epochs	3.0
940.4852344937317	0.06096560000003137	epochs	2.0
940.4852344937317	0.030589800000029754	epochs	3.0
940.5158242937317	0.030375800000001618	epochs	3.0
940.5462000937317	0.06012160000000222	epochs	2.0
940.5462000937317	0.03016489999993155	epochs	3.0
940.5763649937317	0.02995670000007067	epochs	3.0
940.6063216937317	0.05930069999999432	epochs	2.0
940.6063216937317	0.02975159999994048	epochs	3.0
940.6360732937317	0.02954910000005384	epochs	3.0
940.6656223937317	0.05850179999993088	epochs	2.0
940.6656223937317	0.02934940000000097	epochs	3.0
940.6949717937317	0.029152399999929912	epochs	3.0
940.7241241937317	0.057724200000052406	epochs	2.0
940.7241241937317	0.028957999999988715	epochs	3.0
940.7530821937316	0.02876620000006369	epochs	3.0
940.7818483937317	0.05696709999995164	epochs	2.0
940.7818483937317	0.028577000000041153	epochs	3.0
940.8104253937317	0.02839009999991049	epochs	3.0
940.8388154937317	0.056229500000085864	epochs	2.0
940.8388154937317	0.028205700000057732	epochs	3.0
940.8670211937317	0.028023800000028132	epochs	3.0
940.8950449937317	0.05551069999989977	epochs	2.0
940.8950449937317	0.027843999999959124	epochs	3.0
940.9228889937317	0.027666699999940647	epochs	3.0
940.9505556937316	0.054810200000019904	epochs	2.0
940.9505556937316	0.02749149999999645	epochs	3.0
940.9780471937316	0.027318700000023455	epochs	3.0
941.0053658937317	0.05412699999999404	epochs	2.0
941.0053658937317	0.02714780000007977	epochs	3.0
941.0325136937317	0.026979199999914272	epochs	3.0
941.0594928937317	0.0534607000000733	epochs	2.0
941.0594928937317	0.026812600000084785	epochs	3.0
941.0863054937317	0.026648099999988517	epochs	3.0
941.1129535937317	0.05281070000000909	epochs	2.0
941.1129535937317	0.026485600000000886	epochs	3.0
941.1394391937317	0.026325100000008206	epochs	3.0
941.1657642937317	0.05217619999996259	epochs	2.0
941.1657642937317	0.026166399999965506	epochs	3.0
941.1919306937317	0.026009799999997085	epochs	3.0
941.2179404937317	0.051556699999991906	epochs	2.0
941.2179404937317	0.025854799999933675	epochs	3.0
941.2437952937316	0.02570190000005823	epochs	3.0
941.2694971937317	0.05095189999997274	epochs	2.0
941.2694971937317	0.025550699999939752	epochs	3.0
941.2950478937316	0.025401200000032986	epochs	3.0
941.3204490937317	0.05036100000006627	epochs	2.0
941.3204490937317	0.0252535000000762	epochs	3.0
941.3457025937317	0.02510749999999007	epochs	3.0
941.3708100937317	0.049783800000000156	epochs	2.0
941.3708100937317	0.02496320000000196	epochs	3.0
941.3957732937317	0.024820599999998194	epochs	3.0
941.4205938937317	0.04921949999993558	epochs	2.0
941.4205938937317	0.024679399999968155	epochs	3.0
941.4452732937317	0.024540099999967424	epochs	3.0
941.4698133937317	0.04866790000005494	epochs	2.0
941.4698133937317	0.02440209999997478	epochs	3.0
941.4942154937316	0.024265800000080162	epochs	3.0
941.5184812937317	0.048128599999927246	epochs	2.0
941.5184812937317	0.024131000000011227	epochs	3.0
941.5426122937317	0.02399759999991602	epochs	3.0
941.5666098937317	0.047601100000065344	epochs	2.0
941.5666098937317	0.023865800000066884	epochs	3.0
941.5904756937317	0.02373529999999846	epochs	3.0
941.6142109937317	0.04708499999992455	epochs	2.0
941.6142109937317	0.023606299999983094	epochs	3.0
941.6378172937317	0.023478699999941455	epochs	3.0
941.6612959937316	0.04658000000006268	epochs	2.0
941.6612959937316	0.023352500000100918	epochs	3.0
941.6846484937317	0.023227499999961765	epochs	3.0
941.7078759937317	0.04608569999993506	epochs	2.0
941.7078759937317	0.023103999999989355	epochs	3.0
941.7309799937317	0.022981699999945704	epochs	3.0
941.7539616937316	0.0456018000000995	epochs	2.0
941.7539616937316	0.022860700000023826	epochs	3.0
941.7768223937317	0.022741100000075676	epochs	3.0
941.7995634937317	0.045127899999897636	epochs	2.0
941.7995634937317	0.022622499999897627	epochs	3.0
941.8221859937316	0.02250540000000001	epochs	3.0
941.8446913937316	0.0446638000000803	epochs	2.0
941.8446913937316	0.022389300000099865	epochs	3.0
941.8670806937317	0.022274499999980435	epochs	3.0
941.8893551937317	0.04420919999995476	epochs	2.0
941.8893551937317	0.022160799999937808	epochs	3.0
941.9115159937317	0.022048400000016954	epochs	3.0
941.9335643937317	0.043763600000033875	epochs	2.0
941.9335643937317	0.021936900000014248	epochs	3.0
941.9555012937317	0.021826700000019628	epochs	3.0
941.9773279937317	0.04332709999994222	epochs	2.0
941.9773279937317	0.021717599999988124	epochs	3.0
941.9990455937317	0.021609499999954096	epochs	3.0
942.0206550937316	0.04289900000003399	epochs	2.0
942.0206550937316	0.02150249999999687	epochs	3.0
942.0421575937316	0.021396500000037122	epochs	3.0
942.0635540937317	0.042479500000013104	epochs	2.0
942.0635540937317	0.02129170000000613	epochs	3.0
942.0848457937317	0.021187800000006973	epochs	3.0
942.1060335937317	0.042067900000006375	epochs	2.0
942.1060335937317	0.02108490000000529	epochs	3.0
942.1271184937317	0.020983000000001084	epochs	3.0
942.1481014937317	0.04166439999994509	epochs	2.0
942.1481014937317	0.020882199999959994	epochs	3.0
942.1689836937317	0.020782199999985096	epochs	3.0
942.1897658937316	0.04126850000000104	epochs	2.0
942.1897658937316	0.020683300000087	epochs	3.0
942.2104491937317	0.02058519999991404	epochs	3.0
942.2310343937316	0.04088000000001557	epochs	2.0
942.2310343937316	0.020488100000079612	epochs	3.0
942.2515224937317	0.02039189999993596	epochs	3.0
942.2719143937317	0.04049880000002304	epochs	2.0
942.2719143937317	0.020296600000051512	epochs	3.0
942.2922109937317	0.020202199999971526	epochs	3.0
942.3124131937317	0.04012460000001283	epochs	2.0
942.3124131937317	0.02010870000003706	epochs	3.0
942.3325218937317	0.020015899999975773	epochs	3.0
942.3525377937317	0.03975730000001931	epochs	2.0
942.3525377937317	0.019924199999991288	epochs	3.0
942.3724619937317	0.019833100000028026	epochs	3.0
942.3922950937317	0.03939669999999751	epochs	2.0
942.3922950937317	0.01974299999994855	epochs	3.0
942.4120380937317	0.019653700000048957	epochs	3.0
942.4316917937317	0.03904239999997117	epochs	2.0
942.4316917937317	0.01956510000002254	epochs	3.0
942.4512568937317	0.019477299999948627	epochs	3.0
942.4707341937317	0.03869459999998526	epochs	2.0
942.4707341937317	0.019390400000020236	epochs	3.0
942.4901245937317	0.01930419999996502	epochs	3.0
942.5094287937317	0.03835290000006353	epochs	2.0
942.5094287937317	0.019218799999976	epochs	3.0
942.5286475937316	0.01913410000008753	epochs	3.0
942.5477816937317	0.038017199999899276	epochs	2.0
942.5477816937317	0.01905019999992419	epochs	3.0
942.5668318937317	0.018966999999975087	epochs	3.0
942.5857988937316	0.037687200000050325	epochs	2.0
942.5857988937316	0.01888450000001285	epochs	3.0
942.6046833937316	0.018802700000037476	epochs	3.0
942.6234860937317	0.03736309999999321	epochs	2.0
942.6234860937317	0.018721700000014607	epochs	3.0
942.6422077937317	0.018641399999978603	epochs	3.0
942.6608491937317	0.03704430000004777	epochs	2.0
942.6608491937317	0.01856159999999818	epochs	3.0
942.6794107937317	0.01848270000004959	epochs	3.0
942.6978934937317	0.03673099999991791	epochs	2.0
942.6978934937317	0.018404299999929208	epochs	3.0
942.7162977937317	0.018326699999988705	epochs	3.0
942.7346244937316	0.036422900000047775	epochs	2.0
942.7346244937316	0.018249599999990096	epochs	3.0
942.7528740937316	0.01817330000005768	epochs	3.0
942.7710473937317	0.03612009999994825	epochs	2.0
942.7710473937317	0.0180976000000328	epochs	3.0
942.7891449937317	0.018022499999915453	epochs	3.0
942.8071674937316	0.03582210000001851	epochs	2.0
942.8071674937316	0.017947900000081063	epochs	3.0
942.8251153937317	0.017874199999937446	epochs	3.0
942.8429895937317	0.03552899999999681	epochs	2.0
942.8429895937317	0.017800800000031813	epochs	3.0
942.8607903937317	0.017728199999965	epochs	3.0
942.8785185937317	0.03524070000003121	epochs	2.0
942.8785185937317	0.017656100000067454	epochs	3.0
942.8961746937317	0.017584599999963757	epochs	3.0
942.9137592937317	0.034957100000042374	epochs	2.0
942.9137592937317	0.01751369999999497	epochs	3.0
942.9312729937317	0.017443400000047404	epochs	3.0
942.9487163937317	0.034677899999906	epochs	2.0
942.9487163937317	0.017373599999928047	epochs	3.0
942.9660899937317	0.017304299999977957	epochs	3.0
942.9833942937316	0.03440330000000813	epochs	2.0
942.9833942937316	0.01723570000001473	epochs	3.0
943.0006299937316	0.0171675999999934	epochs	3.0
943.0177975937316	0.0341328000000658	epochs	2.0
943.0177975937316	0.017099900000062007	epochs	3.0
943.0348974937317	0.017032900000003792	epochs	3.0
943.0519303937317	0.033866699999975935	epochs	2.0
943.0519303937317	0.01696640000000116	epochs	3.0
943.0688967937317	0.016900299999974777	epochs	3.0
943.0857970937317	0.03360459999998966	epochs	2.0
943.0857970937317	0.01683479999996962	epochs	3.0
943.1026318937317	0.01676980000002004	epochs	3.0
943.1194016937317	0.03334660000007261	epochs	2.0
943.1194016937317	0.016705300000012357	epochs	3.0
943.1361069937317	0.016641300000060255	epochs	3.0
943.1527482937317	0.03309249999995245	epochs	2.0
943.1527482937317	0.01657779999993636	epochs	3.0
943.1693260937317	0.01651470000001609	epochs	3.0
943.1858407937317	0.03284229999997024	epochs	2.0
943.1858407937317	0.01645220000000336	epochs	3.0
943.2022929937317	0.01639009999996688	epochs	3.0
943.2186830937317	0.03259570000000167	epochs	2.0
943.2186830937317	0.016328400000020338	epochs	3.0
943.2350114937317	0.016267299999981333	epochs	3.0
943.2512787937317	0.032352899999978035	epochs	2.0
943.2512787937317	0.016206600000032267	epochs	3.0
943.2674853937317	0.016146299999945768	epochs	3.0
943.2836316937316	0.032113700000081735	epochs	2.0
943.2836316937316	0.016086599999994178	epochs	3.0
943.2997182937316	0.016027100000087557	epochs	3.0
943.3157453937317	0.03187800000000607	epochs	2.0
943.3157453937317	0.015968199999974786	epochs	3.0
943.3317135937317	0.015909800000031282	epochs	3.0
943.3476233937317	0.03164569999989908	epochs	2.0
943.3476233937317	0.015851599999905375	epochs	3.0
943.3634749937316	0.015794099999993705	epochs	3.0
943.3792690937316	0.0314167000000225	epochs	2.0
943.3792690937316	0.015736700000047676	epochs	3.0
943.3950057937317	0.015679999999974825	epochs	3.0
943.4106857937317	0.031191100000000915	epochs	2.0
943.4106857937317	0.015623600000026272	epochs	3.0
943.4263093937317	0.015567499999974643	epochs	3.0
943.4418768937317	0.030968700000016725	epochs	2.0
943.4418768937317	0.015512000000057924	epochs	3.0
943.4573888937317	0.0154566999999588	epochs	3.0
943.4728455937317	0.03074950000006993	epochs	2.0
943.4728455937317	0.015401999999994587	epochs	3.0
943.4882475937317	0.015347500000075343	epochs	3.0
943.5035950937317	0.030533199999922545	epochs	2.0
943.5035950937317	0.015293399999904977	epochs	3.0
943.5188884937317	0.015239800000017567	epochs	3.0
943.5341282937317	0.03032010000003993	epochs	2.0
943.5341282937317	0.015186500000027081	epochs	3.0
943.5493147937317	0.015133600000012848	epochs	3.0
943.5644483937317	0.030109899999956724	epochs	2.0
943.5644483937317	0.015081000000009226	epochs	3.0
943.5795293937317	0.015028899999947498	epochs	3.0
943.5945582937317	0.02990250000004835	epochs	2.0
943.5945582937317	0.014977000000044427	epochs	3.0
943.6095352937317	0.014925500000003922	epochs	3.0
943.6244607937317	0.029698100000018712	epochs	2.0
943.6244607937317	0.01487439999993967	epochs	3.0
943.6393351937317	0.014823700000079043	epochs	3.0
943.6541588937317	0.02949630000000525	epochs	2.0
943.6541588937317	0.014773199999922326	epochs	3.0
943.6689320937317	0.014723100000082923	epochs	3.0
943.6836551937317	0.029297399999904883	epochs	2.0
943.6836551937317	0.014673399999992398	epochs	3.0
943.6983285937317	0.014623999999912485	epochs	3.0
943.7129525937316	0.029101100000048064	epochs	2.0
943.7129525937316	0.014574900000070556	epochs	3.0
943.7275274937317	0.014526199999977507	epochs	3.0
943.7420536937317	0.028907399999980044	epochs	2.0
943.7420536937317	0.014477700000043114	epochs	3.0
943.7565313937317	0.014429699999936929	epochs	3.0
943.7709610937317	0.028716200000076242	epochs	2.0
943.7709610937317	0.014381800000023759	epochs	3.0
943.7853428937317	0.014334400000052483	epochs	3.0
943.7996772937317	0.02852759999996124	epochs	2.0
943.7996772937317	0.014287199999898803	epochs	3.0
943.8139644937316	0.014240400000062436	epochs	3.0
943.8282048937317	0.028341399999931127	epochs	2.0
943.8282048937317	0.014193799999929979	epochs	3.0
943.8423986937316	0.014147600000001148	epochs	3.0
943.8565462937316	0.028157700000065233	epochs	2.0
943.8565462937316	0.014101700000082928	epochs	3.0
943.8706479937317	0.014055999999982305	epochs	3.0
943.8847039937317	0.027976299999977527	epochs	2.0
943.8847039937317	0.01401060000000598	epochs	3.0
943.8987145937317	0.013965699999971548	epochs	3.0
943.9126802937317	0.02779720000000907	epochs	2.0
943.9126802937317	0.013920800000050804	epochs	3.0
943.9266010937317	0.013876399999958267	epochs	3.0
943.9404774937317	0.027620400000046175	epochs	2.0
943.9404774937317	0.013832200000024386	epochs	3.0
943.9543096937317	0.013788200000021789	epochs	3.0
943.9680978937317	0.027445899999975154	epochs	2.0
943.9680978937317	0.013744599999995444	epochs	3.0
943.9818424937317	0.01370129999997971	epochs	3.0
943.9955437937317	0.027273499999978412	epochs	2.0
943.9955437937317	0.013658200000008947	epochs	3.0
944.0092019937317	0.013615299999969466	epochs	3.0
944.0228172937317	0.027103399999987232	epochs	2.0
944.0228172937317	0.013572800000019924	epochs	3.0
944.0363900937317	0.013530599999967308	epochs	3.0
944.0499206937317	0.02693520000002536	epochs	2.0
944.0499206937317	0.013488400000028378	epochs	3.0
944.0634090937317	0.013446799999996983	epochs	3.0
944.0768558937317	0.026769199999989723	epochs	2.0
944.0768558937317	0.013405199999965589	epochs	3.0
944.0902610937317	0.013364000000024134	epochs	3.0
944.1036250937317	0.026605199999949036	epochs	2.0
944.1036250937317	0.013322900000048321	epochs	3.0
944.1169479937317	0.013282299999900715	epochs	3.0
944.1302302937316	0.026443200000016986	epochs	2.0
944.1302302937316	0.01324170000009417	epochs	3.0
944.1434719937317	0.013201499999922817	epochs	3.0
944.1566734937317	0.026283200000079887	epochs	2.0
944.1566734937317	0.013161500000023807	epochs	3.0
944.1698349937317	0.01312170000005608	epochs	3.0
944.1829566937317	0.02612499999997908	epochs	2.0
944.1829566937317	0.01308209999990595	epochs	3.0
944.1960387937316	0.013042900000073132	epochs	3.0
944.2090816937317	0.025968899999952555	epochs	2.0
944.2090816937317	0.013003899999944224	epochs	3.0
944.2220855937317	0.012965000000008331	epochs	3.0
944.2350505937317	0.025814500000024054	epochs	2.0
944.2350505937317	0.012926399999969362	epochs	3.0
944.2479769937316	0.012888100000054692	epochs	3.0
944.2608650937317	0.025661900000045534	epochs	2.0
944.2608650937317	0.012849899999991976	epochs	3.0
944.2737149937317	0.012812000000053558	epochs	3.0
944.2865269937317	0.025511199999982637	epochs	2.0
944.2865269937317	0.012774399999898378	epochs	3.0
944.2993013937316	0.012736800000084258	epochs	3.0
944.3120381937317	0.025362299999983406	epochs	2.0
944.3120381937317	0.01269969999998466	epochs	3.0
944.3247378937317	0.012662599999998747	epochs	3.0
944.3374004937317	0.025215000000002874	epochs	2.0
944.3374004937317	0.012625800000023446	epochs	3.0
944.3500262937317	0.012589199999979428	epochs	3.0
944.3626154937317	0.024584799999956886	epochs	2.0
944.3851583937317	0.5	epochs	-1.0
944.3872002937317	0.5450399999999718	epochs	1.0
944.9322402937316	0.45488000000000284	epochs	0.0
946.0290002822876	0.09519999999997708	epochs	0.0
946.0290002822876	0.04260199999998804	epochs	1.0
946.0716022822876	0.009996000000001004	epochs	1.0
946.0815982822876	0.04260199999998804	epochs	1.0
946.1242002822876	2.0	epochs	0.0
948.1242002822876	21.54448000000002	epochs	0.0
948.1242002822876	1.0	epochs	1.0
948.1242383822876	0.5	epochs	-1.0
948.6242383822876	19.997920000000022	epochs	-1.0
949.1242002822876	20.0	epochs	1.0
949.1242002822876	4.356753900000058	epochs	-1.0
949.1242002822876	1.9745871999999736	epochs	2.0
949.1242002822876	1.0985622000000603	epochs	3.0
950.2227624822876	0.8760249999999132	epochs	3.0
951.0987874822875	1.3524075000000266	epochs	2.0
951.0987874822875	0.7286354999999958	epochs	3.0
951.8274229822875	0.6237720000000309	epochs	3.0
952.4511949822876	1.0297592000000577	epochs	2.0
952.4511949822876	0.5453293000000485	epochs	3.0
952.9965242822876	0.4844299000000092	epochs	3.0
953.4809541822876	0.8317862000000105	epochs	2.0
953.4809541822876	0.4357762999999295	epochs	3.0
953.9167304822876	0.39600990000008096	epochs	3.0
954.3127403822876	0.6977969999999232	epochs	2.0
954.3127403822876	0.36289819999990414	epochs	3.0
954.6756385822875	0.33489880000001904	epochs	3.0
955.0105373822876	0.601045699999986	epochs	2.0
955.0105373822876	0.3109123000000409	epochs	3.0
955.3214496822876	0.29013339999994514	epochs	3.0
955.6115830822876	0.5278859000000011	epochs	2.0
955.6115830822876	0.2719586000000618	epochs	3.0
955.8835416822876	0.25592729999993935	epochs	3.0
956.1394689822876	0.4706193000000667	epochs	2.0
956.1394689822876	0.2416813000000957	epochs	3.0
956.3811502822876	0.228937999999971	epochs	3.0
956.6100882822876	0.42457039999999324	epochs	2.0
956.6100882822876	0.21747140000002219	epochs	3.0
956.8275596822876	0.20709899999997106	epochs	3.0
957.0346586822876	0.3867354000000205	epochs	2.0
957.0346586822876	0.19767109999997956	epochs	3.0
957.2323297822876	0.18906430000004093	epochs	3.0
957.4213940822876	0.3550953000000163	epochs	2.0
957.4213940822876	0.18117589999997108	epochs	3.0
957.6025699822876	0.17391940000004524	epochs	3.0
957.7764893822877	0.3282430999998951	epochs	2.0
957.7764893822877	0.16722189999995862	epochs	3.0
957.9437112822876	0.16102119999993647	epochs	3.0
958.1047324822875	0.30516800000009425	epochs	2.0
958.1047324822875	0.15526390000002266	epochs	3.0
958.2599963822876	0.1499041000000716	epochs	3.0
958.4099004822876	0.28512530000000424	epochs	2.0
958.4099004822876	0.1449020999999675	epochs	3.0
958.5548025822876	0.14022320000003674	epochs	3.0
958.6950257822876	0.2675537999999733	epochs	2.0
958.6950257822876	0.1358368999999584	epochs	3.0
958.8308626822876	0.1317169000000149	epochs	3.0
958.9625795822876	0.252022899999929	epochs	2.0
958.9625795822876	0.1278393000000051	epochs	3.0
959.0904188822876	0.1241835999999239	epochs	3.0
959.2146024822875	0.23819650000007186	epochs	2.0
959.2146024822875	0.12073110000005727	epochs	3.0
959.3353335822876	0.1174654000000146	epochs	3.0
959.4527989822876	0.2258087999999816	epochs	2.0
959.4527989822876	0.11437190000003739	epochs	3.0
959.5671708822877	0.11143689999994422	epochs	3.0
959.6786077822876	0.2146460000000161	epochs	2.0
959.6786077822876	0.10864890000004834	epochs	3.0
959.7872566822876	0.10599709999996776	epochs	3.0
959.8932537822876	0.20453499999996438	epochs	2.0
959.8932537822876	0.10347149999995509	epochs	3.0
959.9967252822876	0.1010635000000093	epochs	3.0
960.0977887822876	0.19533400000000256	epochs	2.0
960.0977887822876	0.09876510000003691	epochs	3.0
960.1965538822876	0.09656889999996565	epochs	3.0
960.2931227822876	0.18692529999998442	epochs	2.0
960.2931227822876	0.09446830000001682	epochs	3.0
960.3875910822876	0.09245699999996759	epochs	3.0
960.4800480822876	0.17921069999999872	epochs	2.0
960.4800480822876	0.0905296000000817	epochs	3.0
960.5705776822876	0.08868109999991702	epochs	3.0
960.6592587822876	0.17210770000008324	epochs	2.0
960.6592587822876	0.08690630000000965	epochs	3.0
960.7461650822876	0.08520140000007359	epochs	3.0
960.8313664822876	0.1655463999999256	epochs	2.0
960.8313664822876	0.08356189999994967	epochs	3.0
960.9149283822876	0.08198449999997592	epochs	3.0
960.9969128822876	0.15946710000002895	epochs	2.0
960.9969128822876	0.08046539999998004	epochs	3.0
961.0773782822876	0.07900170000004891	epochs	3.0
961.1563799822876	0.15381839999997737	epochs	2.0
961.1563799822876	0.07759009999995214	epochs	3.0
961.2339700822876	0.07622830000002523	epochs	3.0
961.3101983822876	0.14855639999996129	epochs	2.0
961.3101983822876	0.07491330000004837	epochs	3.0
961.3851116822876	0.07364309999991292	epochs	3.0
961.4587547822875	0.14364240000008976	epochs	2.0
961.4587547822875	0.07241500000009182	epochs	3.0
961.5311697822876	0.07122739999999794	epochs	3.0
961.6023971822876	0.13904309999998077	epochs	2.0
961.6023971822876	0.07007799999996678	epochs	3.0
961.6724751822876	0.06896510000001399	epochs	3.0
961.7414402822876	0.1347293000000036	epochs	2.0
961.7414402822876	0.0678871000000072	epochs	3.0
961.8093273822876	0.06684219999999641	epochs	3.0
961.8761695822876	0.13067519999992783	epochs	2.0
961.8761695822876	0.06582909999997355	epochs	3.0
961.9419986822876	0.06484609999995428	epochs	3.0
962.0068447822875	0.12685780000003888	epochs	2.0
962.0068447822875	0.06389200000000983	epochs	3.0
962.0707367822876	0.06296580000002905	epochs	3.0
962.1337025822876	0.12325720000001184	epochs	2.0
962.1337025822876	0.06206580000002759	epochs	3.0
962.1957683822876	0.06119139999998424	epochs	3.0
962.2569597822876	0.11985540000000583	epochs	2.0
962.2569597822876	0.060341099999959624	epochs	3.0
962.3173008822876	0.059514300000046205	epochs	3.0
962.3768151822876	0.11663620000001629	epochs	2.0
962.3768151822876	0.05870960000004288	epochs	3.0
962.4355247822876	0.057926599999973405	epochs	3.0
962.4934513822876	0.11358559999996487	epochs	2.0
962.4934513822876	0.05716419999998834	epochs	3.0
962.5506155822876	0.05642139999997653	epochs	3.0
962.6070369822876	0.11069050000003244	epochs	2.0
962.6070369822876	0.055697900000041045	epochs	3.0
962.6627348822876	0.0549925999999914	epochs	3.0
962.7177274822876	0.10793909999995321	epochs	2.0
962.7177274822876	0.05430490000003374	epochs	3.0
962.7720323822876	0.053634199999919474	epochs	3.0
962.8256665822876	0.10532150000005913	epochs	2.0
962.8256665822876	0.05298000000004777	epochs	3.0
962.8786465822876	0.052341500000011365	epochs	3.0
962.9309880822876	0.10282759999995505	epochs	2.0
962.9309880822876	0.05171810000001642	epochs	3.0
962.9827061822876	0.051109499999938635	epochs	3.0
963.0338156822876	0.10044909999999163	epochs	2.0
963.0338156822876	0.050514900000052876	epochs	3.0
963.0843305822876	0.049934199999938755	epochs	3.0
963.1342647822876	0.0981782999999723	epochs	2.0
963.1342647822876	0.04936659999998483	epochs	3.0
963.1836313822876	0.04881169999998747	epochs	3.0
963.2324430822875	0.09600780000005216	epochs	2.0
963.2324430822875	0.04826920000004975	epochs	3.0
963.2807122822876	0.04773860000000241	epochs	3.0
963.3284508822876	0.09393120000004274	epochs	2.0
963.3284508822876	0.04721949999998287	epochs	3.0
963.3756703822876	0.046711700000059864	epochs	3.0
963.4223820822876	0.09194259999992482	epochs	2.0
963.4223820822876	0.046214599999984785	epochs	3.0
963.4685966822876	0.04572799999994004	epochs	3.0
963.5143246822876	0.09003630000006524	epochs	2.0
963.5143246822876	0.04525150000006306	epochs	3.0
963.5595761822876	0.04478480000000218	epochs	3.0
963.6043609822876	0.08820759999991878	epochs	2.0
963.6043609822876	0.044327800000019124	epochs	3.0
963.6486887822876	0.04387979999989966	epochs	3.0
963.6925685822875	0.0864516999999978	epochs	2.0
963.6925685822875	0.04344100000002982	epochs	3.0
963.7360095822876	0.04301069999996798	epochs	3.0
963.7790202822875	0.0847643000000744	epochs	2.0
963.7790202822875	0.04258900000002086	epochs	3.0
963.8216092822876	0.04217530000005354	epochs	3.0
963.8637845822876	0.08314150000001064	epochs	2.0
963.8637845822876	0.041769699999917975	epochs	3.0
963.9055542822875	0.04137180000009266	epochs	3.0
963.9469260822876	0.08157970000002024	epochs	2.0
963.9469260822876	0.040981399999964196	epochs	3.0
963.9879074822876	0.04059830000005604	epochs	3.0
964.0285057822877	0.08007549999990715	epochs	2.0
964.0285057822877	0.04022229999998217	epochs	3.0
964.0687280822876	0.03985319999992498	epochs	3.0
964.1085812822876	0.07862570000008873	epochs	2.0
964.1085812822876	0.039490800000066884	epochs	3.0
964.1480720822876	0.039134900000021844	epochs	3.0
964.1872069822876	0.07722759999990103	epochs	2.0
964.1872069822876	0.03878539999993791	epochs	3.0
964.2259923822876	0.03844219999996312	epochs	3.0
964.2644345822875	0.07587820000003376	epochs	2.0
964.2644345822875	0.038104800000041905	epochs	3.0
964.3025393822876	0.03777339999999185	epochs	3.0
964.3403127822876	0.0745752000000266	epochs	2.0
964.3403127822876	0.03744770000002973	epochs	3.0
964.3777604822876	0.03712749999999687	epochs	3.0
964.4148879822876	0.07331629999998768	epochs	2.0
964.4148879822876	0.036812899999972615	epochs	3.0
964.4517008822876	0.03650340000001506	epochs	3.0
964.4882042822876	0.07209899999998015	epochs	2.0
964.4882042822876	0.03619909999997617	epochs	3.0
964.5244033822876	0.03589990000000398	epochs	3.0
964.5603032822876	0.07092169999998532	epochs	2.0
964.5603032822876	0.03560560000005353	epochs	3.0
964.5959088822876	0.035316099999931794	epochs	3.0
964.6312249822876	0.06978200000003199	epochs	2.0
964.6312249822876	0.03503120000004856	epochs	3.0
964.6662561822876	0.03475079999998343	epochs	3.0
964.7010069822876	0.06867859999999837	epochs	2.0
964.7010069822876	0.03447510000000875	epochs	3.0
964.7354820822876	0.03420349999998962	epochs	3.0
964.7696855822876	0.06760929999995824	epochs	2.0
964.7696855822876	0.033936199999970995	epochs	3.0
964.8036217822876	0.033673099999987244	epochs	3.0
964.8372948822876	0.06657290000009652	epochs	2.0
964.8372948822876	0.03341399999999339	epochs	3.0
964.8707088822875	0.03315890000010313	epochs	3.0
964.9038677822876	0.06556779999993978	epochs	2.0
964.9038677822876	0.03290769999989607	epochs	3.0
964.9367754822875	0.03266010000004371	epochs	3.0
964.9694355822876	0.06459259999996902	epochs	2.0
964.9694355822876	0.032416399999988244	epochs	3.0
965.0018519822876	0.03217619999998078	epochs	3.0
965.0340281822876	0.06364600000006249	epochs	2.0
965.0340281822876	0.03193959999998697	epochs	3.0
965.0659677822875	0.03170640000007552	epochs	3.0
965.0976741822876	0.0627266999999847	epochs	2.0
965.0976741822876	0.03147660000001906	epochs	3.0
965.1291507822876	0.03125009999996564	epochs	3.0
965.1604008822876	0.06183359999999993	epochs	2.0
965.1604008822876	0.031026900000028945	epochs	3.0
965.1914277822876	0.030806699999970988	epochs	3.0
965.2222344822876	0.06096560000003137	epochs	2.0
965.2222344822876	0.030589800000029754	epochs	3.0
965.2528242822876	0.030375800000001618	epochs	3.0
965.2832000822876	0.06012160000000222	epochs	2.0
965.2832000822876	0.03016489999993155	epochs	3.0
965.3133649822876	0.02995670000007067	epochs	3.0
965.3433216822876	0.05930069999999432	epochs	2.0
965.3433216822876	0.02975159999994048	epochs	3.0
965.3730732822876	0.02954910000005384	epochs	3.0
965.4026223822876	0.05850179999993088	epochs	2.0
965.4026223822876	0.02934940000000097	epochs	3.0
965.4319717822876	0.029152399999929912	epochs	3.0
965.4611241822876	0.057724200000052406	epochs	2.0
965.4611241822876	0.028957999999988715	epochs	3.0
965.4900821822876	0.02876620000006369	epochs	3.0
965.5188483822876	0.05696709999995164	epochs	2.0
965.5188483822876	0.028577000000041153	epochs	3.0
965.5474253822877	0.02839009999991049	epochs	3.0
965.5758154822876	0.056229500000085864	epochs	2.0
965.5758154822876	0.028205700000057732	epochs	3.0
965.6040211822876	0.028023800000028132	epochs	3.0
965.6320449822877	0.05551069999989977	epochs	2.0
965.6320449822877	0.027843999999959124	epochs	3.0
965.6598889822876	0.027666699999940647	epochs	3.0
965.6875556822876	0.054810200000019904	epochs	2.0
965.6875556822876	0.02749149999999645	epochs	3.0
965.7150471822875	0.027318700000023455	epochs	3.0
965.7423658822876	0.05412699999999404	epochs	2.0
965.7423658822876	0.02714780000007977	epochs	3.0
965.7695136822877	0.026979199999914272	epochs	3.0
965.7964928822876	0.0534607000000733	epochs	2.0
965.7964928822876	0.026812600000084785	epochs	3.0
965.8233054822877	0.026648099999988517	epochs	3.0
965.8499535822876	0.05281070000000909	epochs	2.0
965.8499535822876	0.026485600000000886	epochs	3.0
965.8764391822876	0.026325100000008206	epochs	3.0
965.9027642822876	0.05217619999996259	epochs	2.0
965.9027642822876	0.026166399999965506	epochs	3.0
965.9289306822876	0.026009799999997085	epochs	3.0
965.9549404822876	0.051556699999991906	epochs	2.0
965.9549404822876	0.025854799999933675	epochs	3.0
965.9807952822875	0.02570190000005823	epochs	3.0
966.0064971822876	0.05095189999997274	epochs	2.0
966.0064971822876	0.025550699999939752	epochs	3.0
966.0320478822875	0.025401200000032986	epochs	3.0
966.0574490822876	0.05036100000006627	epochs	2.0
966.0574490822876	0.0252535000000762	epochs	3.0
966.0827025822877	0.02510749999999007	epochs	3.0
966.1078100822876	0.049783800000000156	epochs	2.0
966.1078100822876	0.02496320000000196	epochs	3.0
966.1327732822876	0.024820599999998194	epochs	3.0
966.1575938822876	0.04921949999993558	epochs	2.0
966.1575938822876	0.024679399999968155	epochs	3.0
966.1822732822876	0.024540099999967424	epochs	3.0
966.2068133822876	0.04866790000005494	epochs	2.0
966.2068133822876	0.02440209999997478	epochs	3.0
966.2312154822876	0.024265800000080162	epochs	3.0
966.2554812822876	0.048128599999927246	epochs	2.0
966.2554812822876	0.024131000000011227	epochs	3.0
966.2796122822876	0.02399759999991602	epochs	3.0
966.3036098822876	0.047601100000065344	epochs	2.0
966.3036098822876	0.023865800000066884	epochs	3.0
966.3274756822876	0.02373529999999846	epochs	3.0
966.3512109822876	0.04708499999992455	epochs	2.0
966.3512109822876	0.023606299999983094	epochs	3.0
966.3748172822876	0.023478699999941455	epochs	3.0
966.3982959822876	0.04658000000006268	epochs	2.0
966.3982959822876	0.023352500000100918	epochs	3.0
966.4216484822877	0.023227499999961765	epochs	3.0
966.4448759822876	0.04608569999993506	epochs	2.0
966.4448759822876	0.023103999999989355	epochs	3.0
966.4679799822876	0.022981699999945704	epochs	3.0
966.4909616822875	0.0456018000000995	epochs	2.0
966.4909616822875	0.022860700000023826	epochs	3.0
966.5138223822876	0.022741100000075676	epochs	3.0
966.5365634822876	0.045127899999897636	epochs	2.0
966.5365634822876	0.022622499999897627	epochs	3.0
966.5591859822875	0.02250540000000001	epochs	3.0
966.5816913822875	0.0446638000000803	epochs	2.0
966.5816913822875	0.022389300000099865	epochs	3.0
966.6040806822876	0.022274499999980435	epochs	3.0
966.6263551822876	0.04420919999995476	epochs	2.0
966.6263551822876	0.022160799999937808	epochs	3.0
966.6485159822876	0.022048400000016954	epochs	3.0
966.6705643822876	0.043763600000033875	epochs	2.0
966.6705643822876	0.021936900000014248	epochs	3.0
966.6925012822876	0.021826700000019628	epochs	3.0
966.7143279822876	0.04332709999994222	epochs	2.0
966.7143279822876	0.021717599999988124	epochs	3.0
966.7360455822876	0.021609499999954096	epochs	3.0
966.7576550822876	0.04289900000003399	epochs	2.0
966.7576550822876	0.02150249999999687	epochs	3.0
966.7791575822876	0.021396500000037122	epochs	3.0
966.8005540822876	0.042479500000013104	epochs	2.0
966.8005540822876	0.02129170000000613	epochs	3.0
966.8218457822876	0.021187800000006973	epochs	3.0
966.8430335822876	0.042067900000006375	epochs	2.0
966.8430335822876	0.02108490000000529	epochs	3.0
966.8641184822876	0.020983000000001084	epochs	3.0
966.8851014822876	0.04166439999994509	epochs	2.0
966.8851014822876	0.020882199999959994	epochs	3.0
966.9059836822876	0.020782199999985096	epochs	3.0
966.9267658822876	0.04126850000000104	epochs	2.0
966.9267658822876	0.020683300000087	epochs	3.0
966.9474491822876	0.02058519999991404	epochs	3.0
966.9680343822876	0.04088000000001557	epochs	2.0
966.9680343822876	0.020488100000079612	epochs	3.0
966.9885224822876	0.02039189999993596	epochs	3.0
967.0089143822876	0.04049880000002304	epochs	2.0
967.0089143822876	0.020296600000051512	epochs	3.0
967.0292109822876	0.020202199999971526	epochs	3.0
967.0494131822876	0.04012460000001283	epochs	2.0
967.0494131822876	0.02010870000003706	epochs	3.0
967.0695218822876	0.020015899999975773	epochs	3.0
967.0895377822876	0.03975730000001931	epochs	2.0
967.0895377822876	0.019924199999991288	epochs	3.0
967.1094619822876	0.019833100000028026	epochs	3.0
967.1292950822876	0.03939669999999751	epochs	2.0
967.1292950822876	0.01974299999994855	epochs	3.0
967.1490380822876	0.019653700000048957	epochs	3.0
967.1686917822876	0.03904239999997117	epochs	2.0
967.1686917822876	0.01956510000002254	epochs	3.0
967.1882568822876	0.019477299999948627	epochs	3.0
967.2077341822876	0.03869459999998526	epochs	2.0
967.2077341822876	0.019390400000020236	epochs	3.0
967.2271245822876	0.01930419999996502	epochs	3.0
967.2464287822876	0.03835290000006353	epochs	2.0
967.2464287822876	0.019218799999976	epochs	3.0
967.2656475822876	0.01913410000008753	epochs	3.0
967.2847816822876	0.038017199999899276	epochs	2.0
967.2847816822876	0.01905019999992419	epochs	3.0
967.3038318822876	0.018966999999975087	epochs	3.0
967.3227988822875	0.037687200000050325	epochs	2.0
967.3227988822875	0.01888450000001285	epochs	3.0
967.3416833822876	0.018802700000037476	epochs	3.0
967.3604860822876	0.03736309999999321	epochs	2.0
967.3604860822876	0.018721700000014607	epochs	3.0
967.3792077822876	0.018641399999978603	epochs	3.0
967.3978491822876	0.03704430000004777	epochs	2.0
967.3978491822876	0.01856159999999818	epochs	3.0
967.4164107822876	0.01848270000004959	epochs	3.0
967.4348934822876	0.03673099999991791	epochs	2.0
967.4348934822876	0.018404299999929208	epochs	3.0
967.4532977822876	0.018326699999988705	epochs	3.0
967.4716244822876	0.036422900000047775	epochs	2.0
967.4716244822876	0.018249599999990096	epochs	3.0
967.4898740822875	0.01817330000005768	epochs	3.0
967.5080473822876	0.03612009999994825	epochs	2.0
967.5080473822876	0.0180976000000328	epochs	3.0
967.5261449822876	0.018022499999915453	epochs	3.0
967.5441674822875	0.03582210000001851	epochs	2.0
967.5441674822875	0.017947900000081063	epochs	3.0
967.5621153822876	0.017874199999937446	epochs	3.0
967.5799895822876	0.03552899999999681	epochs	2.0
967.5799895822876	0.017800800000031813	epochs	3.0
967.5977903822876	0.017728199999965	epochs	3.0
967.6155185822876	0.03524070000003121	epochs	2.0
967.6155185822876	0.017656100000067454	epochs	3.0
967.6331746822876	0.017584599999963757	epochs	3.0
967.6507592822876	0.034957100000042374	epochs	2.0
967.6507592822876	0.01751369999999497	epochs	3.0
967.6682729822876	0.017443400000047404	epochs	3.0
967.6857163822876	0.034677899999906	epochs	2.0
967.6857163822876	0.017373599999928047	epochs	3.0
967.7030899822876	0.017304299999977957	epochs	3.0
967.7203942822875	0.03440330000000813	epochs	2.0
967.7203942822875	0.01723570000001473	epochs	3.0
967.7376299822876	0.0171675999999934	epochs	3.0
967.7547975822876	0.0341328000000658	epochs	2.0
967.7547975822876	0.017099900000062007	epochs	3.0
967.7718974822876	0.017032900000003792	epochs	3.0
967.7889303822876	0.033866699999975935	epochs	2.0
967.7889303822876	0.01696640000000116	epochs	3.0
967.8058967822876	0.016900299999974777	epochs	3.0
967.8227970822876	0.03360459999998966	epochs	2.0
967.8227970822876	0.01683479999996962	epochs	3.0
967.8396318822876	0.01676980000002004	epochs	3.0
967.8564016822876	0.03334660000007261	epochs	2.0
967.8564016822876	0.016705300000012357	epochs	3.0
967.8731069822876	0.016641300000060255	epochs	3.0
967.8897482822877	0.03309249999995245	epochs	2.0
967.8897482822877	0.01657779999993636	epochs	3.0
967.9063260822876	0.01651470000001609	epochs	3.0
967.9228407822876	0.03284229999997024	epochs	2.0
967.9228407822876	0.01645220000000336	epochs	3.0
967.9392929822876	0.01639009999996688	epochs	3.0
967.9556830822876	0.03259570000000167	epochs	2.0
967.9556830822876	0.016328400000020338	epochs	3.0
967.9720114822876	0.016267299999981333	epochs	3.0
967.9882787822876	0.032352899999978035	epochs	2.0
967.9882787822876	0.016206600000032267	epochs	3.0
968.0044853822876	0.016146299999945768	epochs	3.0
968.0206316822876	0.032113700000081735	epochs	2.0
968.0206316822876	0.016086599999994178	epochs	3.0
968.0367182822876	0.016027100000087557	epochs	3.0
968.0527453822876	0.03187800000000607	epochs	2.0
968.0527453822876	0.015968199999974786	epochs	3.0
968.0687135822876	0.015909800000031282	epochs	3.0
968.0846233822876	0.03164569999989908	epochs	2.0
968.0846233822876	0.015851599999905375	epochs	3.0
968.1004749822876	0.015794099999993705	epochs	3.0
968.1162690822875	0.0314167000000225	epochs	2.0
968.1162690822875	0.015736700000047676	epochs	3.0
968.1320057822876	0.015679999999974825	epochs	3.0
968.1476857822876	0.031191100000000915	epochs	2.0
968.1476857822876	0.015623600000026272	epochs	3.0
968.1633093822876	0.015567499999974643	epochs	3.0
968.1788768822876	0.030968700000016725	epochs	2.0
968.1788768822876	0.015512000000057924	epochs	3.0
968.1943888822876	0.0154566999999588	epochs	3.0
968.2098455822876	0.03074950000006993	epochs	2.0
968.2098455822876	0.015401999999994587	epochs	3.0
968.2252475822876	0.015347500000075343	epochs	3.0
968.2405950822877	0.030533199999922545	epochs	2.0
968.2405950822877	0.015293399999904977	epochs	3.0
968.2558884822876	0.015239800000017567	epochs	3.0
968.2711282822876	0.03032010000003993	epochs	2.0
968.2711282822876	0.015186500000027081	epochs	3.0
968.2863147822876	0.015133600000012848	epochs	3.0
968.3014483822876	0.030109899999956724	epochs	2.0
968.3014483822876	0.015081000000009226	epochs	3.0
968.3165293822876	0.015028899999947498	epochs	3.0
968.3315582822876	0.02990250000004835	epochs	2.0
968.3315582822876	0.014977000000044427	epochs	3.0
968.3465352822876	0.014925500000003922	epochs	3.0
968.3614607822876	0.029698100000018712	epochs	2.0
968.3614607822876	0.01487439999993967	epochs	3.0
968.3763351822876	0.014823700000079043	epochs	3.0
968.3911588822876	0.02949630000000525	epochs	2.0
968.3911588822876	0.014773199999922326	epochs	3.0
968.4059320822876	0.014723100000082923	epochs	3.0
968.4206551822876	0.029297399999904883	epochs	2.0
968.4206551822876	0.014673399999992398	epochs	3.0
968.4353285822876	0.014623999999912485	epochs	3.0
968.4499525822876	0.029101100000048064	epochs	2.0
968.4499525822876	0.014574900000070556	epochs	3.0
968.4645274822876	0.014526199999977507	epochs	3.0
968.4790536822876	0.028907399999980044	epochs	2.0
968.4790536822876	0.014477700000043114	epochs	3.0
968.4935313822876	0.014429699999936929	epochs	3.0
968.5079610822876	0.028716200000076242	epochs	2.0
968.5079610822876	0.014381800000023759	epochs	3.0
968.5223428822876	0.014334400000052483	epochs	3.0
968.5366772822877	0.02852759999996124	epochs	2.0
968.5366772822877	0.014287199999898803	epochs	3.0
968.5509644822876	0.014240400000062436	epochs	3.0
968.5652048822876	0.028341399999931127	epochs	2.0
968.5652048822876	0.014193799999929979	epochs	3.0
968.5793986822875	0.014147600000001148	epochs	3.0
968.5935462822875	0.028157700000065233	epochs	2.0
968.5935462822875	0.014101700000082928	epochs	3.0
968.6076479822876	0.014055999999982305	epochs	3.0
968.6217039822876	0.027976299999977527	epochs	2.0
968.6217039822876	0.01401060000000598	epochs	3.0
968.6357145822876	0.013965699999971548	epochs	3.0
968.6496802822876	0.02779720000000907	epochs	2.0
968.6496802822876	0.013920800000050804	epochs	3.0
968.6636010822876	0.013876399999958267	epochs	3.0
968.6774774822876	0.027620400000046175	epochs	2.0
968.6774774822876	0.013832200000024386	epochs	3.0
968.6913096822876	0.013788200000021789	epochs	3.0
968.7050978822876	0.027445899999975154	epochs	2.0
968.7050978822876	0.013744599999995444	epochs	3.0
968.7188424822876	0.01370129999997971	epochs	3.0
968.7325437822876	0.027273499999978412	epochs	2.0
968.7325437822876	0.013658200000008947	epochs	3.0
968.7462019822876	0.013615299999969466	epochs	3.0
968.7598172822876	0.027103399999987232	epochs	2.0
968.7598172822876	0.013572800000019924	epochs	3.0
968.7733900822876	0.013530599999967308	epochs	3.0
968.7869206822876	0.02693520000002536	epochs	2.0
968.7869206822876	0.013488400000028378	epochs	3.0
968.8004090822876	0.013446799999996983	epochs	3.0
968.8138558822876	0.026769199999989723	epochs	2.0
968.8138558822876	0.013405199999965589	epochs	3.0
968.8272610822876	0.013364000000024134	epochs	3.0
968.8406250822876	0.026605199999949036	epochs	2.0
968.8406250822876	0.013322900000048321	epochs	3.0
968.8539479822877	0.013282299999900715	epochs	3.0
968.8672302822876	0.026443200000016986	epochs	2.0
968.8672302822876	0.01324170000009417	epochs	3.0
968.8804719822876	0.013201499999922817	epochs	3.0
968.8936734822876	0.026283200000079887	epochs	2.0
968.8936734822876	0.013161500000023807	epochs	3.0
968.9068349822876	0.01312170000005608	epochs	3.0
968.9199566822876	0.02612499999997908	epochs	2.0
968.9199566822876	0.01308209999990595	epochs	3.0
968.9330387822876	0.013042900000073132	epochs	3.0
968.9460816822876	0.025968899999952555	epochs	2.0
968.9460816822876	0.013003899999944224	epochs	3.0
968.9590855822876	0.012965000000008331	epochs	3.0
968.9720505822876	0.025814500000024054	epochs	2.0
968.9720505822876	0.012926399999969362	epochs	3.0
968.9849769822875	0.012888100000054692	epochs	3.0
968.9978650822876	0.025661900000045534	epochs	2.0
968.9978650822876	0.012849899999991976	epochs	3.0
969.0107149822876	0.012812000000053558	epochs	3.0
969.0235269822876	0.025511199999982637	epochs	2.0
969.0235269822876	0.012774399999898378	epochs	3.0
969.0363013822875	0.012736800000084258	epochs	3.0
969.0490381822876	0.025362299999983406	epochs	2.0
969.0490381822876	0.01269969999998466	epochs	3.0
969.0617378822876	0.012662599999998747	epochs	3.0
969.0744004822876	0.025215000000002874	epochs	2.0
969.0744004822876	0.012625800000023446	epochs	3.0
969.0870262822876	0.012589199999979428	epochs	3.0
969.0996154822876	0.024584799999956886	epochs	2.0
969.1221583822876	0.5	epochs	-1.0
969.1242002822876	0.5444800000000214	epochs	1.0
969.6686802822876	0.4554399999999532	epochs	0.0
970.8210000991821	0.09519999999997708	epochs	0.0
970.8210000991821	0.04260199999998804	epochs	1.0
970.8636020991821	0.009996000000001004	epochs	1.0
970.8735980991821	0.04260199999998804	epochs	1.0
970.9162000991821	2.0	epochs	0.0
972.9162000991821	21.524880000000053	epochs	0.0
972.9162000991821	1.0	epochs	1.0
972.9162381991821	0.5	epochs	-1.0
973.4162381991821	19.997920000000022	epochs	-1.0
973.9162000991821	20.0	epochs	1.0
973.9162000991821	4.356753900000058	epochs	-1.0
973.9162000991821	1.9745871999999736	epochs	2.0
973.9162000991821	1.0985622000000603	epochs	3.0
975.0147622991822	0.8760249999999132	epochs	3.0
975.8907872991821	1.3524075000000266	epochs	2.0
975.8907872991821	0.7286354999999958	epochs	3.0
976.6194227991821	0.6237720000000309	epochs	3.0
977.2431947991821	1.0297592000000577	epochs	2.0
977.2431947991821	0.5453293000000485	epochs	3.0
977.7885240991822	0.4844299000000092	epochs	3.0
978.2729539991822	0.8317862000000105	epochs	2.0
978.2729539991822	0.4357762999999295	epochs	3.0
978.7087302991821	0.39600990000008096	epochs	3.0
979.1047401991822	0.6977969999999232	epochs	2.0
979.1047401991822	0.36289819999990414	epochs	3.0
979.4676383991821	0.33489880000001904	epochs	3.0
979.8025371991821	0.601045699999986	epochs	2.0
979.8025371991821	0.3109123000000409	epochs	3.0
980.1134494991821	0.29013339999994514	epochs	3.0
980.4035828991821	0.5278859000000011	epochs	2.0
980.4035828991821	0.2719586000000618	epochs	3.0
980.6755414991821	0.25592729999993935	epochs	3.0
980.9314687991821	0.4706193000000667	epochs	2.0
980.9314687991821	0.2416813000000957	epochs	3.0
981.1731500991822	0.228937999999971	epochs	3.0
981.4020880991822	0.42457039999999324	epochs	2.0
981.4020880991822	0.21747140000002219	epochs	3.0
981.6195594991822	0.20709899999997106	epochs	3.0
981.8266584991821	0.3867354000000205	epochs	2.0
981.8266584991821	0.19767109999997956	epochs	3.0
982.0243295991821	0.18906430000004093	epochs	3.0
982.2133938991822	0.3550953000000163	epochs	2.0
982.2133938991822	0.18117589999997108	epochs	3.0
982.3945697991821	0.17391940000004524	epochs	3.0
982.5684891991822	0.3282430999998951	epochs	2.0
982.5684891991822	0.16722189999995862	epochs	3.0
982.7357110991821	0.16102119999993647	epochs	3.0
982.8967322991821	0.30516800000009425	epochs	2.0
982.8967322991821	0.15526390000002266	epochs	3.0
983.0519961991821	0.1499041000000716	epochs	3.0
983.2019002991822	0.28512530000000424	epochs	2.0
983.2019002991822	0.1449020999999675	epochs	3.0
983.3468023991821	0.14022320000003674	epochs	3.0
983.4870255991822	0.2675537999999733	epochs	2.0
983.4870255991822	0.1358368999999584	epochs	3.0
983.6228624991821	0.1317169000000149	epochs	3.0
983.7545793991821	0.252022899999929	epochs	2.0
983.7545793991821	0.1278393000000051	epochs	3.0
983.8824186991822	0.1241835999999239	epochs	3.0
984.0066022991821	0.23819650000007186	epochs	2.0
984.0066022991821	0.12073110000005727	epochs	3.0
984.1273333991821	0.1174654000000146	epochs	3.0
984.2447987991821	0.2258087999999816	epochs	2.0
984.2447987991821	0.11437190000003739	epochs	3.0
984.3591706991822	0.11143689999994422	epochs	3.0
984.4706075991821	0.2146460000000161	epochs	2.0
984.4706075991821	0.10864890000004834	epochs	3.0
984.5792564991822	0.10599709999996776	epochs	3.0
984.6852535991821	0.20453499999996438	epochs	2.0
984.6852535991821	0.10347149999995509	epochs	3.0
984.7887250991821	0.1010635000000093	epochs	3.0
984.8897885991821	0.19533400000000256	epochs	2.0
984.8897885991821	0.09876510000003691	epochs	3.0
984.9885536991821	0.09656889999996565	epochs	3.0
985.0851225991821	0.18692529999998442	epochs	2.0
985.0851225991821	0.09446830000001682	epochs	3.0
985.1795908991821	0.09245699999996759	epochs	3.0
985.2720478991821	0.17921069999999872	epochs	2.0
985.2720478991821	0.0905296000000817	epochs	3.0
985.3625774991822	0.08868109999991702	epochs	3.0
985.4512585991821	0.17210770000008324	epochs	2.0
985.4512585991821	0.08690630000000965	epochs	3.0
985.5381648991821	0.08520140000007359	epochs	3.0
985.6233662991822	0.1655463999999256	epochs	2.0
985.6233662991822	0.08356189999994967	epochs	3.0
985.7069281991821	0.08198449999997592	epochs	3.0
985.7889126991821	0.15946710000002895	epochs	2.0
985.7889126991821	0.08046539999998004	epochs	3.0
985.8693780991821	0.07900170000004891	epochs	3.0
985.9483797991821	0.15381839999997737	epochs	2.0
985.9483797991821	0.07759009999995214	epochs	3.0
986.0259698991821	0.07622830000002523	epochs	3.0
986.1021981991821	0.14855639999996129	epochs	2.0
986.1021981991821	0.07491330000004837	epochs	3.0
986.1771114991822	0.07364309999991292	epochs	3.0
986.2507545991821	0.14364240000008976	epochs	2.0
986.2507545991821	0.07241500000009182	epochs	3.0
986.3231695991822	0.07122739999999794	epochs	3.0
986.3943969991822	0.13904309999998077	epochs	2.0
986.3943969991822	0.07007799999996678	epochs	3.0
986.4644749991821	0.06896510000001399	epochs	3.0
986.5334400991821	0.1347293000000036	epochs	2.0
986.5334400991821	0.0678871000000072	epochs	3.0
986.6013271991822	0.06684219999999641	epochs	3.0
986.6681693991821	0.13067519999992783	epochs	2.0
986.6681693991821	0.06582909999997355	epochs	3.0
986.7339984991821	0.06484609999995428	epochs	3.0
986.7988445991821	0.12685780000003888	epochs	2.0
986.7988445991821	0.06389200000000983	epochs	3.0
986.8627365991821	0.06296580000002905	epochs	3.0
986.9257023991821	0.12325720000001184	epochs	2.0
986.9257023991821	0.06206580000002759	epochs	3.0
986.9877681991821	0.06119139999998424	epochs	3.0
987.0489595991821	0.11985540000000583	epochs	2.0
987.0489595991821	0.060341099999959624	epochs	3.0
987.1093006991821	0.059514300000046205	epochs	3.0
987.1688149991821	0.11663620000001629	epochs	2.0
987.1688149991821	0.05870960000004288	epochs	3.0
987.2275245991822	0.057926599999973405	epochs	3.0
987.2854511991821	0.11358559999996487	epochs	2.0
987.2854511991821	0.05716419999998834	epochs	3.0
987.3426153991821	0.05642139999997653	epochs	3.0
987.3990367991821	0.11069050000003244	epochs	2.0
987.3990367991821	0.055697900000041045	epochs	3.0
987.4547346991822	0.0549925999999914	epochs	3.0
987.5097272991821	0.10793909999995321	epochs	2.0
987.5097272991821	0.05430490000003374	epochs	3.0
987.5640321991822	0.053634199999919474	epochs	3.0
987.6176663991821	0.10532150000005913	epochs	2.0
987.6176663991821	0.05298000000004777	epochs	3.0
987.6706463991821	0.052341500000011365	epochs	3.0
987.7229878991822	0.10282759999995505	epochs	2.0
987.7229878991822	0.05171810000001642	epochs	3.0
987.7747059991822	0.051109499999938635	epochs	3.0
987.8258154991821	0.10044909999999163	epochs	2.0
987.8258154991821	0.050514900000052876	epochs	3.0
987.8763303991822	0.049934199999938755	epochs	3.0
987.9262645991821	0.0981782999999723	epochs	2.0
987.9262645991821	0.04936659999998483	epochs	3.0
987.9756311991821	0.04881169999998747	epochs	3.0
988.0244428991821	0.09600780000005216	epochs	2.0
988.0244428991821	0.04826920000004975	epochs	3.0
988.0727120991821	0.04773860000000241	epochs	3.0
988.1204506991821	0.09393120000004274	epochs	2.0
988.1204506991821	0.04721949999998287	epochs	3.0
988.1676701991821	0.046711700000059864	epochs	3.0
988.2143818991822	0.09194259999992482	epochs	2.0
988.2143818991822	0.046214599999984785	epochs	3.0
988.2605964991822	0.04572799999994004	epochs	3.0
988.3063244991821	0.09003630000006524	epochs	2.0
988.3063244991821	0.04525150000006306	epochs	3.0
988.3515759991822	0.04478480000000218	epochs	3.0
988.3963607991822	0.08820759999991878	epochs	2.0
988.3963607991822	0.044327800000019124	epochs	3.0
988.4406885991822	0.04387979999989966	epochs	3.0
988.4845683991821	0.0864516999999978	epochs	2.0
988.4845683991821	0.04344100000002982	epochs	3.0
988.5280093991821	0.04301069999996798	epochs	3.0
988.5710200991821	0.0847643000000744	epochs	2.0
988.5710200991821	0.04258900000002086	epochs	3.0
988.6136090991821	0.04217530000005354	epochs	3.0
988.6557843991822	0.08314150000001064	epochs	2.0
988.6557843991822	0.041769699999917975	epochs	3.0
988.6975540991821	0.04137180000009266	epochs	3.0
988.7389258991822	0.08157970000002024	epochs	2.0
988.7389258991822	0.040981399999964196	epochs	3.0
988.7799072991821	0.04059830000005604	epochs	3.0
988.8205055991822	0.08007549999990715	epochs	2.0
988.8205055991822	0.04022229999998217	epochs	3.0
988.8607278991822	0.03985319999992498	epochs	3.0
988.9005810991821	0.07862570000008873	epochs	2.0
988.9005810991821	0.039490800000066884	epochs	3.0
988.9400718991822	0.039134900000021844	epochs	3.0
988.9792067991822	0.07722759999990103	epochs	2.0
988.9792067991822	0.03878539999993791	epochs	3.0
989.0179921991821	0.03844219999996312	epochs	3.0
989.0564343991821	0.07587820000003376	epochs	2.0
989.0564343991821	0.038104800000041905	epochs	3.0
989.0945391991821	0.03777339999999185	epochs	3.0
989.1323125991821	0.0745752000000266	epochs	2.0
989.1323125991821	0.03744770000002973	epochs	3.0
989.1697602991821	0.03712749999999687	epochs	3.0
989.2068877991821	0.07331629999998768	epochs	2.0
989.2068877991821	0.036812899999972615	epochs	3.0
989.2437006991821	0.03650340000001506	epochs	3.0
989.2802040991821	0.07209899999998015	epochs	2.0
989.2802040991821	0.03619909999997617	epochs	3.0
989.3164031991821	0.03589990000000398	epochs	3.0
989.3523030991821	0.07092169999998532	epochs	2.0
989.3523030991821	0.03560560000005353	epochs	3.0
989.3879086991822	0.035316099999931794	epochs	3.0
989.4232247991821	0.06978200000003199	epochs	2.0
989.4232247991821	0.03503120000004856	epochs	3.0
989.4582559991821	0.03475079999998343	epochs	3.0
989.4930067991821	0.06867859999999837	epochs	2.0
989.4930067991821	0.03447510000000875	epochs	3.0
989.5274818991821	0.03420349999998962	epochs	3.0
989.5616853991821	0.06760929999995824	epochs	2.0
989.5616853991821	0.033936199999970995	epochs	3.0
989.5956215991821	0.033673099999987244	epochs	3.0
989.6292946991821	0.06657290000009652	epochs	2.0
989.6292946991821	0.03341399999999339	epochs	3.0
989.6627086991821	0.03315890000010313	epochs	3.0
989.6958675991822	0.06556779999993978	epochs	2.0
989.6958675991822	0.03290769999989607	epochs	3.0
989.7287752991821	0.03266010000004371	epochs	3.0
989.7614353991821	0.06459259999996902	epochs	2.0
989.7614353991821	0.032416399999988244	epochs	3.0
989.7938517991821	0.03217619999998078	epochs	3.0
989.8260279991821	0.06364600000006249	epochs	2.0
989.8260279991821	0.03193959999998697	epochs	3.0
989.8579675991821	0.03170640000007552	epochs	3.0
989.8896739991822	0.0627266999999847	epochs	2.0
989.8896739991822	0.03147660000001906	epochs	3.0
989.9211505991822	0.03125009999996564	epochs	3.0
989.9524006991821	0.06183359999999993	epochs	2.0
989.9524006991821	0.031026900000028945	epochs	3.0
989.9834275991822	0.030806699999970988	epochs	3.0
990.0142342991821	0.06096560000003137	epochs	2.0
990.0142342991821	0.030589800000029754	epochs	3.0
990.0448240991822	0.030375800000001618	epochs	3.0
990.0751998991822	0.06012160000000222	epochs	2.0
990.0751998991822	0.03016489999993155	epochs	3.0
990.1053647991821	0.02995670000007067	epochs	3.0
990.1353214991822	0.05930069999999432	epochs	2.0
990.1353214991822	0.02975159999994048	epochs	3.0
990.1650730991821	0.02954910000005384	epochs	3.0
990.1946221991822	0.05850179999993088	epochs	2.0
990.1946221991822	0.02934940000000097	epochs	3.0
990.2239715991822	0.029152399999929912	epochs	3.0
990.2531239991821	0.057724200000052406	epochs	2.0
990.2531239991821	0.028957999999988715	epochs	3.0
990.2820819991821	0.02876620000006369	epochs	3.0
990.3108481991821	0.05696709999995164	epochs	2.0
990.3108481991821	0.028577000000041153	epochs	3.0
990.3394251991822	0.02839009999991049	epochs	3.0
990.3678152991821	0.056229500000085864	epochs	2.0
990.3678152991821	0.028205700000057732	epochs	3.0
990.3960209991822	0.028023800000028132	epochs	3.0
990.4240447991822	0.05551069999989977	epochs	2.0
990.4240447991822	0.027843999999959124	epochs	3.0
990.4518887991821	0.027666699999940647	epochs	3.0
990.4795554991821	0.054810200000019904	epochs	2.0
990.4795554991821	0.02749149999999645	epochs	3.0
990.5070469991821	0.027318700000023455	epochs	3.0
990.5343656991821	0.05412699999999404	epochs	2.0
990.5343656991821	0.02714780000007977	epochs	3.0
990.5615134991822	0.026979199999914272	epochs	3.0
990.5884926991821	0.0534607000000733	epochs	2.0
990.5884926991821	0.026812600000084785	epochs	3.0
990.6153052991822	0.026648099999988517	epochs	3.0
990.6419533991822	0.05281070000000909	epochs	2.0
990.6419533991822	0.026485600000000886	epochs	3.0
990.6684389991822	0.026325100000008206	epochs	3.0
990.6947640991822	0.05217619999996259	epochs	2.0
990.6947640991822	0.026166399999965506	epochs	3.0
990.7209304991821	0.026009799999997085	epochs	3.0
990.7469402991821	0.051556699999991906	epochs	2.0
990.7469402991821	0.025854799999933675	epochs	3.0
990.7727950991821	0.02570190000005823	epochs	3.0
990.7984969991821	0.05095189999997274	epochs	2.0
990.7984969991821	0.025550699999939752	epochs	3.0
990.8240476991821	0.025401200000032986	epochs	3.0
990.8494488991821	0.05036100000006627	epochs	2.0
990.8494488991821	0.0252535000000762	epochs	3.0
990.8747023991822	0.02510749999999007	epochs	3.0
990.8998098991822	0.049783800000000156	epochs	2.0
990.8998098991822	0.02496320000000196	epochs	3.0
990.9247730991822	0.024820599999998194	epochs	3.0
990.9495936991822	0.04921949999993558	epochs	2.0
990.9495936991822	0.024679399999968155	epochs	3.0
990.9742730991821	0.024540099999967424	epochs	3.0
990.9988131991821	0.04866790000005494	epochs	2.0
990.9988131991821	0.02440209999997478	epochs	3.0
991.0232152991821	0.024265800000080162	epochs	3.0
991.0474810991822	0.048128599999927246	epochs	2.0
991.0474810991822	0.024131000000011227	epochs	3.0
991.0716120991822	0.02399759999991602	epochs	3.0
991.0956096991821	0.047601100000065344	epochs	2.0
991.0956096991821	0.023865800000066884	epochs	3.0
991.1194754991822	0.02373529999999846	epochs	3.0
991.1432107991822	0.04708499999992455	epochs	2.0
991.1432107991822	0.023606299999983094	epochs	3.0
991.1668170991821	0.023478699999941455	epochs	3.0
991.1902957991821	0.04658000000006268	epochs	2.0
991.1902957991821	0.023352500000100918	epochs	3.0
991.2136482991822	0.023227499999961765	epochs	3.0
991.2368757991821	0.04608569999993506	epochs	2.0
991.2368757991821	0.023103999999989355	epochs	3.0
991.2599797991821	0.022981699999945704	epochs	3.0
991.2829614991821	0.0456018000000995	epochs	2.0
991.2829614991821	0.022860700000023826	epochs	3.0
991.3058221991821	0.022741100000075676	epochs	3.0
991.3285632991822	0.045127899999897636	epochs	2.0
991.3285632991822	0.022622499999897627	epochs	3.0
991.3511857991821	0.02250540000000001	epochs	3.0
991.3736911991821	0.0446638000000803	epochs	2.0
991.3736911991821	0.022389300000099865	epochs	3.0
991.3960804991822	0.022274499999980435	epochs	3.0
991.4183549991822	0.04420919999995476	epochs	2.0
991.4183549991822	0.022160799999937808	epochs	3.0
991.4405157991821	0.022048400000016954	epochs	3.0
991.4625641991821	0.043763600000033875	epochs	2.0
991.4625641991821	0.021936900000014248	epochs	3.0
991.4845010991821	0.021826700000019628	epochs	3.0
991.5063277991821	0.04332709999994222	epochs	2.0
991.5063277991821	0.021717599999988124	epochs	3.0
991.5280453991821	0.021609499999954096	epochs	3.0
991.5496548991821	0.04289900000003399	epochs	2.0
991.5496548991821	0.02150249999999687	epochs	3.0
991.5711573991821	0.021396500000037122	epochs	3.0
991.5925538991821	0.042479500000013104	epochs	2.0
991.5925538991821	0.02129170000000613	epochs	3.0
991.6138455991821	0.021187800000006973	epochs	3.0
991.6350333991821	0.042067900000006375	epochs	2.0
991.6350333991821	0.02108490000000529	epochs	3.0
991.6561182991821	0.020983000000001084	epochs	3.0
991.6771012991821	0.04166439999994509	epochs	2.0
991.6771012991821	0.020882199999959994	epochs	3.0
991.6979834991821	0.020782199999985096	epochs	3.0
991.7187656991821	0.04126850000000104	epochs	2.0
991.7187656991821	0.020683300000087	epochs	3.0
991.7394489991822	0.02058519999991404	epochs	3.0
991.7600341991821	0.04088000000001557	epochs	2.0
991.7600341991821	0.020488100000079612	epochs	3.0
991.7805222991822	0.02039189999993596	epochs	3.0
991.8009141991821	0.04049880000002304	epochs	2.0
991.8009141991821	0.020296600000051512	epochs	3.0
991.8212107991822	0.020202199999971526	epochs	3.0
991.8414129991821	0.04012460000001283	epochs	2.0
991.8414129991821	0.02010870000003706	epochs	3.0
991.8615216991822	0.020015899999975773	epochs	3.0
991.8815375991821	0.03975730000001931	epochs	2.0
991.8815375991821	0.019924199999991288	epochs	3.0
991.9014617991821	0.019833100000028026	epochs	3.0
991.9212948991822	0.03939669999999751	epochs	2.0
991.9212948991822	0.01974299999994855	epochs	3.0
991.9410378991821	0.019653700000048957	epochs	3.0
991.9606915991822	0.03904239999997117	epochs	2.0
991.9606915991822	0.01956510000002254	epochs	3.0
991.9802566991822	0.019477299999948627	epochs	3.0
991.9997339991821	0.03869459999998526	epochs	2.0
991.9997339991821	0.019390400000020236	epochs	3.0
992.0191243991821	0.01930419999996502	epochs	3.0
992.0384285991821	0.03835290000006353	epochs	2.0
992.0384285991821	0.019218799999976	epochs	3.0
992.0576473991821	0.01913410000008753	epochs	3.0
992.0767814991822	0.038017199999899276	epochs	2.0
992.0767814991822	0.01905019999992419	epochs	3.0
992.0958316991821	0.018966999999975087	epochs	3.0
992.1147986991821	0.037687200000050325	epochs	2.0
992.1147986991821	0.01888450000001285	epochs	3.0
992.1336831991821	0.018802700000037476	epochs	3.0
992.1524858991821	0.03736309999999321	epochs	2.0
992.1524858991821	0.018721700000014607	epochs	3.0
992.1712075991821	0.018641399999978603	epochs	3.0
992.1898489991821	0.03704430000004777	epochs	2.0
992.1898489991821	0.01856159999999818	epochs	3.0
992.2084105991821	0.01848270000004959	epochs	3.0
992.2268932991822	0.03673099999991791	epochs	2.0
992.2268932991822	0.018404299999929208	epochs	3.0
992.2452975991821	0.018326699999988705	epochs	3.0
992.2636242991821	0.036422900000047775	epochs	2.0
992.2636242991821	0.018249599999990096	epochs	3.0
992.2818738991821	0.01817330000005768	epochs	3.0
992.3000471991821	0.03612009999994825	epochs	2.0
992.3000471991821	0.0180976000000328	epochs	3.0
992.3181447991822	0.018022499999915453	epochs	3.0
992.3361672991821	0.03582210000001851	epochs	2.0
992.3361672991821	0.017947900000081063	epochs	3.0
992.3541151991822	0.017874199999937446	epochs	3.0
992.3719893991821	0.03552899999999681	epochs	2.0
992.3719893991821	0.017800800000031813	epochs	3.0
992.3897901991821	0.017728199999965	epochs	3.0
992.4075183991821	0.03524070000003121	epochs	2.0
992.4075183991821	0.017656100000067454	epochs	3.0
992.4251744991822	0.017584599999963757	epochs	3.0
992.4427590991821	0.034957100000042374	epochs	2.0
992.4427590991821	0.01751369999999497	epochs	3.0
992.4602727991821	0.017443400000047404	epochs	3.0
992.4777161991822	0.034677899999906	epochs	2.0
992.4777161991822	0.017373599999928047	epochs	3.0
992.4950897991821	0.017304299999977957	epochs	3.0
992.5123940991821	0.03440330000000813	epochs	2.0
992.5123940991821	0.01723570000001473	epochs	3.0
992.5296297991821	0.0171675999999934	epochs	3.0
992.5467973991821	0.0341328000000658	epochs	2.0
992.5467973991821	0.017099900000062007	epochs	3.0
992.5638972991821	0.017032900000003792	epochs	3.0
992.5809301991821	0.033866699999975935	epochs	2.0
992.5809301991821	0.01696640000000116	epochs	3.0
992.5978965991821	0.016900299999974777	epochs	3.0
992.6147968991821	0.03360459999998966	epochs	2.0
992.6147968991821	0.01683479999996962	epochs	3.0
992.6316316991821	0.01676980000002004	epochs	3.0
992.6484014991821	0.03334660000007261	epochs	2.0
992.6484014991821	0.016705300000012357	epochs	3.0
992.6651067991821	0.016641300000060255	epochs	3.0
992.6817480991822	0.03309249999995245	epochs	2.0
992.6817480991822	0.01657779999993636	epochs	3.0
992.6983258991821	0.01651470000001609	epochs	3.0
992.7148405991821	0.03284229999997024	epochs	2.0
992.7148405991821	0.01645220000000336	epochs	3.0
992.7312927991821	0.01639009999996688	epochs	3.0
992.7476828991821	0.03259570000000167	epochs	2.0
992.7476828991821	0.016328400000020338	epochs	3.0
992.7640112991821	0.016267299999981333	epochs	3.0
992.7802785991821	0.032352899999978035	epochs	2.0
992.7802785991821	0.016206600000032267	epochs	3.0
992.7964851991821	0.016146299999945768	epochs	3.0
992.8126314991821	0.032113700000081735	epochs	2.0
992.8126314991821	0.016086599999994178	epochs	3.0
992.8287180991821	0.016027100000087557	epochs	3.0
992.8447451991822	0.03187800000000607	epochs	2.0
992.8447451991822	0.015968199999974786	epochs	3.0
992.8607133991821	0.015909800000031282	epochs	3.0
992.8766231991822	0.03164569999989908	epochs	2.0
992.8766231991822	0.015851599999905375	epochs	3.0
992.8924747991821	0.015794099999993705	epochs	3.0
992.9082688991821	0.0314167000000225	epochs	2.0
992.9082688991821	0.015736700000047676	epochs	3.0
992.9240055991821	0.015679999999974825	epochs	3.0
992.9396855991821	0.031191100000000915	epochs	2.0
992.9396855991821	0.015623600000026272	epochs	3.0
992.9553091991821	0.015567499999974643	epochs	3.0
992.9708766991821	0.030968700000016725	epochs	2.0
992.9708766991821	0.015512000000057924	epochs	3.0
992.9863886991822	0.0154566999999588	epochs	3.0
993.0018453991821	0.03074950000006993	epochs	2.0
993.0018453991821	0.015401999999994587	epochs	3.0
993.0172473991821	0.015347500000075343	epochs	3.0
993.0325948991822	0.030533199999922545	epochs	2.0
993.0325948991822	0.015293399999904977	epochs	3.0
993.0478882991821	0.015239800000017567	epochs	3.0
993.0631280991821	0.03032010000003993	epochs	2.0
993.0631280991821	0.015186500000027081	epochs	3.0
993.0783145991821	0.015133600000012848	epochs	3.0
993.0934481991821	0.030109899999956724	epochs	2.0
993.0934481991821	0.015081000000009226	epochs	3.0
993.1085291991822	0.015028899999947498	epochs	3.0
993.1235580991821	0.02990250000004835	epochs	2.0
993.1235580991821	0.014977000000044427	epochs	3.0
993.1385350991821	0.014925500000003922	epochs	3.0
993.1534605991822	0.029698100000018712	epochs	2.0
993.1534605991822	0.01487439999993967	epochs	3.0
993.1683349991821	0.014823700000079043	epochs	3.0
993.1831586991822	0.02949630000000525	epochs	2.0
993.1831586991822	0.014773199999922326	epochs	3.0
993.1979318991821	0.014723100000082923	epochs	3.0
993.2126549991822	0.029297399999904883	epochs	2.0
993.2126549991822	0.014673399999992398	epochs	3.0
993.2273283991822	0.014623999999912485	epochs	3.0
993.2419523991821	0.029101100000048064	epochs	2.0
993.2419523991821	0.014574900000070556	epochs	3.0
993.2565272991822	0.014526199999977507	epochs	3.0
993.2710534991821	0.028907399999980044	epochs	2.0
993.2710534991821	0.014477700000043114	epochs	3.0
993.2855311991822	0.014429699999936929	epochs	3.0
993.2999608991821	0.028716200000076242	epochs	2.0
993.2999608991821	0.014381800000023759	epochs	3.0
993.3143426991821	0.014334400000052483	epochs	3.0
993.3286770991822	0.02852759999996124	epochs	2.0
993.3286770991822	0.014287199999898803	epochs	3.0
993.3429642991821	0.014240400000062436	epochs	3.0
993.3572046991821	0.028341399999931127	epochs	2.0
993.3572046991821	0.014193799999929979	epochs	3.0
993.3713984991821	0.014147600000001148	epochs	3.0
993.3855460991821	0.028157700000065233	epochs	2.0
993.3855460991821	0.014101700000082928	epochs	3.0
993.3996477991822	0.014055999999982305	epochs	3.0
993.4137037991821	0.027976299999977527	epochs	2.0
993.4137037991821	0.01401060000000598	epochs	3.0
993.4277143991822	0.013965699999971548	epochs	3.0
993.4416800991821	0.02779720000000907	epochs	2.0
993.4416800991821	0.013920800000050804	epochs	3.0
993.4556008991822	0.013876399999958267	epochs	3.0
993.4694772991821	0.027620400000046175	epochs	2.0
993.4694772991821	0.013832200000024386	epochs	3.0
993.4833094991822	0.013788200000021789	epochs	3.0
993.4970976991822	0.027445899999975154	epochs	2.0
993.4970976991822	0.013744599999995444	epochs	3.0
993.5108422991822	0.01370129999997971	epochs	3.0
993.5245435991822	0.027273499999978412	epochs	2.0
993.5245435991822	0.013658200000008947	epochs	3.0
993.5382017991822	0.013615299999969466	epochs	3.0
993.5518170991821	0.027103399999987232	epochs	2.0
993.5518170991821	0.013572800000019924	epochs	3.0
993.5653898991822	0.013530599999967308	epochs	3.0
993.5789204991821	0.02693520000002536	epochs	2.0
993.5789204991821	0.013488400000028378	epochs	3.0
993.5924088991821	0.013446799999996983	epochs	3.0
993.6058556991821	0.026769199999989723	epochs	2.0
993.6058556991821	0.013405199999965589	epochs	3.0
993.6192608991821	0.013364000000024134	epochs	3.0
993.6326248991821	0.026605199999949036	epochs	2.0
993.6326248991821	0.013322900000048321	epochs	3.0
993.6459477991822	0.013282299999900715	epochs	3.0
993.6592300991821	0.026443200000016986	epochs	2.0
993.6592300991821	0.01324170000009417	epochs	3.0
993.6724717991822	0.013201499999922817	epochs	3.0
993.6856732991821	0.026283200000079887	epochs	2.0
993.6856732991821	0.013161500000023807	epochs	3.0
993.6988347991821	0.01312170000005608	epochs	3.0
993.7119564991822	0.02612499999997908	epochs	2.0
993.7119564991822	0.01308209999990595	epochs	3.0
993.7250385991821	0.013042900000073132	epochs	3.0
993.7380814991822	0.025968899999952555	epochs	2.0
993.7380814991822	0.013003899999944224	epochs	3.0
993.7510853991821	0.012965000000008331	epochs	3.0
993.7640503991821	0.025814500000024054	epochs	2.0
993.7640503991821	0.012926399999969362	epochs	3.0
993.7769767991821	0.012888100000054692	epochs	3.0
993.7898648991821	0.025661900000045534	epochs	2.0
993.7898648991821	0.012849899999991976	epochs	3.0
993.8027147991821	0.012812000000053558	epochs	3.0
993.8155267991822	0.025511199999982637	epochs	2.0
993.8155267991822	0.012774399999898378	epochs	3.0
993.8283011991821	0.012736800000084258	epochs	3.0
993.8410379991822	0.025362299999983406	epochs	2.0
993.8410379991822	0.01269969999998466	epochs	3.0
993.8537376991821	0.012662599999998747	epochs	3.0
993.8664002991821	0.025215000000002874	epochs	2.0
993.8664002991821	0.012625800000023446	epochs	3.0
993.8790260991822	0.012589199999979428	epochs	3.0
993.8916152991821	0.024584799999956886	epochs	2.0
993.9141581991821	0.5	epochs	-1.0
993.9162000991821	0.5248800000000529	epochs	1.0
994.4410800991822	0.47503999999992175	epochs	0.0
1009.6589999198914	0.09519999999997708	epochs	0.0
1009.6589999198914	0.04260199999998804	epochs	1.0
1009.7016019198913	0.009996000000001004	epochs	1.0
1009.7115979198913	0.04260199999998804	epochs	1.0
1009.7541999198913	2.0	epochs	0.0
1011.7541999198913	5.404639999999972	epochs	0.0
1011.7541999198913	1.0	epochs	1.0
1011.7542380198913	0.5	epochs	-1.0
1012.2542380198913	4.904601899999989	epochs	-1.0
1012.7541999198913	4.404639999999972	epochs	1.0
1012.7541999198913	4.356753900000058	epochs	-1.0
1012.7541999198913	1.9745871999999736	epochs	2.0
1012.7541999198913	1.0985622000000603	epochs	3.0
1013.8527621198914	0.8760249999999132	epochs	3.0
1014.7287871198913	1.3524075000000266	epochs	2.0
1014.7287871198913	0.7286354999999958	epochs	3.0
1015.4574226198913	0.6237720000000309	epochs	3.0
1016.0811946198913	1.0297592000000577	epochs	2.0
1016.0811946198913	0.5453293000000485	epochs	3.0
1016.6265239198914	0.4844299000000092	epochs	3.0
1017.1109538198914	0.04788609999991422	epochs	2.0
1017.1109538198914	0.04788609999991422	epochs	3.0
1017.1588399198913	16.595280000000002	epochs	0.0
1018.3140001296997	0.09519999999997708	epochs	0.0
1018.3140001296997	0.04260199999998804	epochs	1.0
1018.3566021296997	0.009996000000001004	epochs	1.0
1018.3665981296997	0.04260199999998804	epochs	1.0
1018.4092001296997	2.0	epochs	0.0
1020.4092001296997	21.52503999999999	epochs	0.0
1020.4092001296997	1.0	epochs	1.0
1020.4092382296997	0.5	epochs	-1.0
1020.9092382296997	19.997679999999946	epochs	-1.0
1021.4092001296997	20.0	epochs	1.0
1021.4092001296997	4.356753900000058	epochs	-1.0
1021.4092001296997	1.9745871999999736	epochs	2.0
1021.4092001296997	1.0985622000000603	epochs	3.0
1022.5077623296997	0.8760249999999132	epochs	3.0
1023.3837873296997	1.3524075000001403	epochs	2.0
1023.3837873296997	0.7286354999999958	epochs	3.0
1024.1124228296997	0.6237720000001445	epochs	3.0
1024.7361948296998	1.029759199999944	epochs	2.0
1024.7361948296998	0.5453292999998212	epochs	3.0
1025.2815241296996	0.48442990000012287	epochs	3.0
1025.7659540296997	0.8317861999998968	epochs	2.0
1025.7659540296997	0.4357763000000432	epochs	3.0
1026.2017303296998	0.3960098999998536	epochs	3.0
1026.5977402296996	0.6977970000000369	epochs	2.0
1026.5977402296996	0.3628982000000178	epochs	3.0
1026.9606384296997	0.33489880000001904	epochs	3.0
1027.2955372296997	0.601045699999986	epochs	2.0
1027.2955372296997	0.3109122999999272	epochs	3.0
1027.6064495296996	0.2901334000000588	epochs	3.0
1027.8965829296997	0.5278859000000011	epochs	2.0
1027.8965829296997	0.2719586000000618	epochs	3.0
1028.1685415296997	0.25592729999993935	epochs	3.0
1028.4244688296997	0.470619299999953	epochs	2.0
1028.4244688296997	0.241681299999982	epochs	3.0
1028.6661501296996	0.228937999999971	epochs	3.0
1028.8950881296996	0.42457039999999324	epochs	2.0
1028.8950881296996	0.21747140000002219	epochs	3.0
1029.1125595296996	0.20709899999997106	epochs	3.0
1029.3196585296996	0.3867354000001342	epochs	2.0
1029.3196585296996	0.19767110000020693	epochs	3.0
1029.5173296296998	0.18906429999992724	epochs	3.0
1029.7063939296997	0.35509529999990264	epochs	2.0
1029.7063939296997	0.18117589999997108	epochs	3.0
1029.8875698296997	0.17391939999993156	epochs	3.0
1030.0614892296996	0.3282431000000088	epochs	2.0
1030.0614892296996	0.16722189999995862	epochs	3.0
1030.2287111296996	0.16102120000005016	epochs	3.0
1030.3897323296997	0.30516800000009425	epochs	2.0
1030.3897323296997	0.15526390000013635	epochs	3.0
1030.5449962296998	0.1499040999999579	epochs	3.0
1030.6949003296997	0.28512529999989056	epochs	2.0
1030.6949003296997	0.14490209999985382	epochs	3.0
1030.8398024296996	0.14022320000003674	epochs	3.0
1030.9800256296996	0.267553800000087	epochs	2.0
1030.9800256296996	0.1358368999999584	epochs	3.0
1031.1158625296996	0.1317169000001286	epochs	3.0
1031.2475794296997	0.252022899999929	epochs	2.0
1031.2475794296997	0.1278393000000051	epochs	3.0
1031.3754187296997	0.1241835999999239	epochs	3.0
1031.4996023296997	0.23819649999995818	epochs	2.0
1031.4996023296997	0.12073110000005727	epochs	3.0
1031.6203334296997	0.11746539999990091	epochs	3.0
1031.7377988296996	0.2258088000000953	epochs	2.0
1031.7377988296996	0.11437190000015107	epochs	3.0
1031.8521707296998	0.11143689999994422	epochs	3.0
1031.9636076296997	0.21464599999990241	epochs	2.0
1031.9636076296997	0.10864889999993466	epochs	3.0
1032.0722565296996	0.10599709999996776	epochs	3.0
1032.1782536296996	0.20453500000007807	epochs	2.0
1032.1782536296996	0.10347150000006877	epochs	3.0
1032.2817251296997	0.1010635000000093	epochs	3.0
1032.3827886296997	0.19533400000000256	epochs	2.0
1032.3827886296997	0.09876510000003691	epochs	3.0
1032.4815537296997	0.09656889999996565	epochs	3.0
1032.5781226296997	0.18692529999998442	epochs	2.0
1032.5781226296997	0.09446830000001682	epochs	3.0
1032.6725909296997	0.09245699999996759	epochs	3.0
1032.7650479296997	0.1792107000001124	epochs	2.0
1032.7650479296997	0.0905296000000817	epochs	3.0
1032.8555775296998	0.08868110000003071	epochs	3.0
1032.9442586296998	0.17210769999996955	epochs	2.0
1032.9442586296998	0.08690630000000965	epochs	3.0
1033.0311649296998	0.0852013999999599	epochs	3.0
1033.1163663296998	0.16554640000003928	epochs	2.0
1033.1163663296998	0.08356189999994967	epochs	3.0
1033.1999282296997	0.08198450000008961	epochs	3.0
1033.2819127296998	0.15946709999980158	epochs	2.0
1033.2819127296998	0.08046539999986635	epochs	3.0
1033.3623781296997	0.07900169999993523	epochs	3.0
1033.4413798296996	0.15381840000009106	epochs	2.0
1033.4413798296996	0.07759010000017952	epochs	3.0
1033.5189699296998	0.07622829999991154	epochs	3.0
1033.5951982296997	0.14855639999996129	epochs	2.0
1033.5951982296997	0.07491329999993468	epochs	3.0
1033.6701115296996	0.0736431000000266	epochs	3.0
1033.7437546296997	0.14364240000008976	epochs	2.0
1033.7437546296997	0.07241500000009182	epochs	3.0
1033.8161696296997	0.07122739999999794	epochs	3.0
1033.8873970296997	0.13904309999998077	epochs	2.0
1033.8873970296997	0.07007799999996678	epochs	3.0
1033.9574750296997	0.06896510000001399	epochs	3.0
1034.0264401296997	0.13472929999988992	epochs	2.0
1034.0264401296997	0.0678871000000072	epochs	3.0
1034.0943272296997	0.06684219999988272	epochs	3.0
1034.1611694296996	0.1306752000000415	epochs	2.0
1034.1611694296996	0.06582910000020092	epochs	3.0
1034.2269985296998	0.06484609999984059	epochs	3.0
1034.2918446296997	0.12685780000015257	epochs	2.0
1034.2918446296997	0.06389200000012352	epochs	3.0
1034.3557366296998	0.06296580000002905	epochs	3.0
1034.4187024296998	0.12325719999989815	epochs	2.0
1034.4187024296998	0.06206579999980022	epochs	3.0
1034.4807682296996	0.06119140000009793	epochs	3.0
1034.5419596296997	0.11985540000000583	epochs	2.0
1034.5419596296997	0.060341099999959624	epochs	3.0
1034.6023007296997	0.059514300000046205	epochs	3.0
1034.6618150296997	0.1166361999999026	epochs	2.0
1034.6618150296997	0.058709599999929196	epochs	3.0
1034.7205246296996	0.057926599999973405	epochs	3.0
1034.7784512296996	0.11358560000007856	epochs	2.0
1034.7784512296996	0.05716419999998834	epochs	3.0
1034.8356154296996	0.056421400000090216	epochs	3.0
1034.8920368296997	0.11069049999991876	epochs	2.0
1034.8920368296997	0.055697900000041045	epochs	3.0
1034.9477347296997	0.05499259999987771	epochs	3.0
1035.0027273296996	0.1079391000000669	epochs	2.0
1035.0027273296996	0.05430490000003374	epochs	3.0
1035.0570322296996	0.05363420000003316	epochs	3.0
1035.1106664296997	0.10532149999994544	epochs	2.0
1035.1106664296997	0.05297999999993408	epochs	3.0
1035.1636464296996	0.052341500000011365	epochs	3.0
1035.2159879296996	0.10282760000018243	epochs	2.0
1035.2159879296996	0.05171810000001642	epochs	3.0
1035.2677060296996	0.05110950000016601	epochs	3.0
1035.3188155296998	0.10044909999987794	epochs	2.0
1035.3188155296998	0.0505148999998255	epochs	3.0
1035.3693304296996	0.04993420000005244	epochs	3.0
1035.4192646296997	0.0981782999999723	epochs	2.0
1035.4192646296997	0.04936659999998483	epochs	3.0
1035.4686312296997	0.04881169999998747	epochs	3.0
1035.5174429296997	0.09600780000005216	epochs	2.0
1035.5174429296997	0.04826920000004975	epochs	3.0
1035.5657121296997	0.04773860000000241	epochs	3.0
1035.6134507296997	0.09393120000004274	epochs	2.0
1035.6134507296997	0.04721949999998287	epochs	3.0
1035.6606702296997	0.046711700000059864	epochs	3.0
1035.7073819296997	0.09194260000003851	epochs	2.0
1035.7073819296997	0.046214599999984785	epochs	3.0
1035.7535965296997	0.045728000000053726	epochs	3.0
1035.7993245296998	0.09003629999983787	epochs	2.0
1035.7993245296998	0.045251499999949374	epochs	3.0
1035.8445760296997	0.04478479999988849	epochs	3.0
1035.8893608296996	0.08820760000003247	epochs	2.0
1035.8893608296996	0.044327800000019124	epochs	3.0
1035.9336886296996	0.04387980000001335	epochs	3.0
1035.9775684296997	0.0864516999999978	epochs	2.0
1035.9775684296997	0.04344100000002982	epochs	3.0
1036.0210094296997	0.04301069999996798	epochs	3.0
1036.0640201296997	0.08476429999996071	epochs	2.0
1036.0640201296997	0.04258900000013455	epochs	3.0
1036.1066091296998	0.042175299999826166	epochs	3.0
1036.1487844296996	0.08314150000001064	epochs	2.0
1036.1487844296996	0.04176970000003166	epochs	3.0
1036.1905541296996	0.041371799999978975	epochs	3.0
1036.2319259296996	0.08157970000002024	epochs	2.0
1036.2319259296996	0.040981399999964196	epochs	3.0
1036.2729073296996	0.04059830000005604	epochs	3.0
1036.3135056296996	0.08007550000002084	epochs	2.0
1036.3135056296996	0.040222300000095856	epochs	3.0
1036.3537279296997	0.03985319999992498	epochs	3.0
1036.3935811296997	0.07862569999997504	epochs	2.0
1036.3935811296997	0.039490800000066884	epochs	3.0
1036.4330719296997	0.03913489999990816	epochs	3.0
1036.4722068296996	0.07722760000001472	epochs	2.0
1036.4722068296996	0.038785400000051595	epochs	3.0
1036.5109922296997	0.03844219999996312	epochs	3.0
1036.5494344296997	0.07587820000003376	epochs	2.0
1036.5494344296997	0.03810480000015559	epochs	3.0
1036.5875392296998	0.037773399999878166	epochs	3.0
1036.6253126296997	0.0745752000000266	epochs	2.0
1036.6253126296997	0.03744770000002973	epochs	3.0
1036.6627603296997	0.03712749999999687	epochs	3.0
1036.6998878296997	0.07331629999998768	epochs	2.0
1036.6998878296997	0.0368129000000863	epochs	3.0
1036.7367007296998	0.036503399999901376	epochs	3.0
1036.7732041296997	0.07209899999998015	epochs	2.0
1036.7732041296997	0.03619909999997617	epochs	3.0
1036.8094032296997	0.03589990000000398	epochs	3.0
1036.8453031296997	0.07092170000009901	epochs	2.0
1036.8453031296997	0.03560560000005353	epochs	3.0
1036.8809087296997	0.03531610000004548	epochs	3.0
1036.9162248296998	0.06978200000003199	epochs	2.0
1036.9162248296998	0.03503119999982118	epochs	3.0
1036.9512560296996	0.0347508000002108	epochs	3.0
1036.9860068296998	0.06867859999988468	epochs	2.0
1036.9860068296998	0.03447509999978138	epochs	3.0
1037.0204819296996	0.034203500000103304	epochs	3.0
1037.0546854296997	0.06760929999995824	epochs	2.0
1037.0546854296997	0.033936199999970995	epochs	3.0
1037.0886216296997	0.033673099999987244	epochs	3.0
1037.1222947296997	0.06657289999998284	epochs	2.0
1037.1222947296997	0.03341399999999339	epochs	3.0
1037.1557087296997	0.033158899999989444	epochs	3.0
1037.1888676296996	0.06556780000005347	epochs	2.0
1037.1888676296996	0.03290770000012344	epochs	3.0
1037.2217753296998	0.032660099999930026	epochs	3.0
1037.2544354296997	0.06459259999996902	epochs	2.0
1037.2544354296997	0.03241640000010193	epochs	3.0
1037.2868518296998	0.032176199999867094	epochs	3.0
1037.3190280296997	0.06364600000006249	epochs	2.0
1037.3190280296997	0.03193959999998697	epochs	3.0
1037.3509676296997	0.03170640000007552	epochs	3.0
1037.3826740296997	0.0627266999999847	epochs	2.0
1037.3826740296997	0.031476599999905375	epochs	3.0
1037.4141506296996	0.03125010000007933	epochs	3.0
1037.4454007296997	0.06183359999999993	epochs	2.0
1037.4454007296997	0.03102689999991526	epochs	3.0
1037.4764276296996	0.030806700000084675	epochs	3.0
1037.5072343296997	0.060965599999917686	epochs	2.0
1037.5072343296997	0.030589799999916067	epochs	3.0
1037.5378241296996	0.030375800000001618	epochs	3.0
1037.5681999296996	0.06012160000000222	epochs	2.0
1037.5681999296996	0.030164900000045236	epochs	3.0
1037.5983648296997	0.02995669999995698	epochs	3.0
1037.6283215296996	0.05930069999999432	epochs	2.0
1037.6283215296996	0.029751600000054168	epochs	3.0
1037.6580731296997	0.029549099999940154	epochs	3.0
1037.6876222296996	0.058501800000158255	epochs	2.0
1037.6876222296996	0.02934940000000097	epochs	3.0
1037.7169716296996	0.029152400000157286	epochs	3.0
1037.7461240296998	0.05772419999993872	epochs	2.0
1037.7461240296998	0.028957999999875028	epochs	3.0
1037.7750820296997	0.02876620000006369	epochs	3.0
1037.8038482296997	0.05696710000006533	epochs	2.0
1037.8038482296997	0.028577000000041153	epochs	3.0
1037.8324252296998	0.028390100000024177	epochs	3.0
1037.8608153296998	0.05622949999997218	epochs	2.0
1037.8608153296998	0.028205699999944045	epochs	3.0
1037.8890210296997	0.028023800000028132	epochs	3.0
1037.9170448296998	0.05551070000001346	epochs	2.0
1037.9170448296998	0.027843999999959124	epochs	3.0
1037.9448888296997	0.027666700000054334	epochs	3.0
1037.9725555296998	0.054810200000019904	epochs	2.0
1037.9725555296998	0.02749149999999645	epochs	3.0
1038.0000470296998	0.027318700000023455	epochs	3.0
1038.0273657296998	0.054126999999880354	epochs	2.0
1038.0273657296998	0.027147799999966082	epochs	3.0
1038.0545135296998	0.026979199999914272	epochs	3.0
1038.0814927296997	0.053460699999959616	epochs	2.0
1038.0814927296997	0.026812600000084785	epochs	3.0
1038.1083053296998	0.02664809999987483	epochs	3.0
1038.1349534296996	0.05281070000000909	epochs	2.0
1038.1349534296996	0.026485600000114573	epochs	3.0
1038.1614390296997	0.02632509999989452	epochs	3.0
1038.1877641296996	0.05217620000007628	epochs	2.0
1038.1877641296996	0.026166399999965506	epochs	3.0
1038.2139305296996	0.026009800000110772	epochs	3.0
1038.2399403296997	0.051556699999991906	epochs	2.0
1038.2399403296997	0.025854799999933675	epochs	3.0
1038.2657951296997	0.02570190000005823	epochs	3.0
1038.2914970296997	0.05095189999997274	epochs	2.0
1038.2914970296997	0.025550699999939752	epochs	3.0
1038.3170477296997	0.025401200000032986	epochs	3.0
1038.3424489296997	0.05036100000006627	epochs	2.0
1038.3424489296997	0.025253499999962514	epochs	3.0
1038.3677024296996	0.025107500000103755	epochs	3.0
1038.3928099296998	0.04978379999988647	epochs	2.0
1038.3928099296998	0.02496320000000196	epochs	3.0
1038.4177731296998	0.024820599999884507	epochs	3.0
1038.4425937296996	0.04921950000016295	epochs	2.0
1038.4425937296996	0.024679399999968155	epochs	3.0
1038.4672731296996	0.024540100000194798	epochs	3.0
1038.4918132296998	0.04866789999982757	epochs	2.0
1038.4918132296998	0.024402099999861093	epochs	3.0
1038.5162153296997	0.024265799999966475	epochs	3.0
1038.5404811296996	0.04812860000015462	epochs	2.0
1038.5404811296996	0.024131000000124914	epochs	3.0
1038.5646121296998	0.023997600000029706	epochs	3.0
1038.5886097296998	0.04760109999983797	epochs	2.0
1038.5886097296998	0.02386579999983951	epochs	3.0
1038.6124755296996	0.02373529999999846	epochs	3.0
1038.6362108296996	0.04708500000015192	epochs	2.0
1038.6362108296996	0.023606299999983094	epochs	3.0
1038.6598171296996	0.02347870000016883	epochs	3.0
1038.6832958296998	0.046579999999948996	epochs	2.0
1038.6832958296998	0.023352499999873544	epochs	3.0
1038.7066483296996	0.02322750000007545	epochs	3.0
1038.7298758296997	0.046085700000048746	epochs	2.0
1038.7298758296997	0.02310399999987567	epochs	3.0
1038.7529798296996	0.022981700000173078	epochs	3.0
1038.7759615296998	0.045601799999985815	epochs	2.0
1038.7759615296998	0.02286069999991014	epochs	3.0
1038.7988222296997	0.022741100000075676	epochs	3.0
1038.8215633296998	0.045127899999897636	epochs	2.0
1038.8215633296998	0.022622499999897627	epochs	3.0
1038.8441858296997	0.02250540000000001	epochs	3.0
1038.8666912296997	0.0446638000000803	epochs	2.0
1038.8666912296997	0.02238929999998618	epochs	3.0
1038.8890805296996	0.022274500000094122	epochs	3.0
1038.9113550296997	0.04420920000006845	epochs	2.0
1038.9113550296997	0.022160799999937808	epochs	3.0
1038.9335158296997	0.02204840000013064	epochs	3.0
1038.9555642296998	0.04376359999992019	epochs	2.0
1038.9555642296998	0.02193689999990056	epochs	3.0
1038.9775011296997	0.021826700000019628	epochs	3.0
1038.9993278296997	0.04332709999994222	epochs	2.0
1038.9993278296997	0.021717599999874437	epochs	3.0
1039.0210454296996	0.021609500000067783	epochs	3.0
1039.0426549296997	0.04289900000003399	epochs	2.0
1039.0426549296997	0.02150249999999687	epochs	3.0
1039.0641574296997	0.021396500000037122	epochs	3.0
1039.0855539296997	0.04247949999989942	epochs	2.0
1039.0855539296997	0.021291700000119818	epochs	3.0
1039.1068456296998	0.0211877999997796	epochs	3.0
1039.1280334296996	0.04206790000012006	epochs	2.0
1039.1280334296996	0.02108490000000529	epochs	3.0
1039.1491183296996	0.02098300000011477	epochs	3.0
1039.1701013296997	0.04166439999994509	epochs	2.0
1039.1701013296997	0.020882199999959994	epochs	3.0
1039.1909835296997	0.020782199999985096	epochs	3.0
1039.2117657296997	0.04126850000011473	epochs	2.0
1039.2117657296997	0.020683299999973315	epochs	3.0
1039.2324490296996	0.020585200000141413	epochs	3.0
1039.2530342296998	0.04088000000001557	epochs	2.0
1039.2530342296998	0.020488099999965925	epochs	3.0
1039.2735223296997	0.020391900000049645	epochs	3.0
1039.2939142296998	0.04049880000002304	epochs	2.0
1039.2939142296998	0.020296599999937825	epochs	3.0
1039.3142108296997	0.020202200000085213	epochs	3.0
1039.3344130296998	0.040124599999899146	epochs	2.0
1039.3344130296998	0.020108699999809687	epochs	3.0
1039.3545217296996	0.02001590000008946	epochs	3.0
1039.3745376296997	0.03975730000001931	epochs	2.0
1039.3745376296997	0.0199241999998776	epochs	3.0
1039.3944618296996	0.019833100000141712	epochs	3.0
1039.4142949296997	0.03939669999999751	epochs	2.0
1039.4142949296997	0.01974300000006224	epochs	3.0
1039.4340379296998	0.01965369999993527	epochs	3.0
1039.4536916296997	0.03904239999997117	epochs	2.0
1039.4536916296997	0.019565099999908853	epochs	3.0
1039.4732567296996	0.019477300000062314	epochs	3.0
1039.4927340296997	0.038694600000098944	epochs	2.0
1039.4927340296997	0.019390400000020236	epochs	3.0
1039.5121244296997	0.01930420000007871	epochs	3.0
1039.5314286296998	0.038352899999836154	epochs	2.0
1039.5314286296998	0.019218799999862313	epochs	3.0
1039.5506474296997	0.01913409999997384	epochs	3.0
1039.5697815296996	0.03801720000001296	epochs	2.0
1039.5697815296996	0.019050200000037876	epochs	3.0
1039.5888317296997	0.018966999999975087	epochs	3.0
1039.6077987296997	0.03768720000016401	epochs	2.0
1039.6077987296997	0.01888450000001285	epochs	3.0
1039.6266832296997	0.018802700000151162	epochs	3.0
1039.6454859296998	0.03736309999999321	epochs	2.0
1039.6454859296998	0.018721699999787234	epochs	3.0
1039.6642076296996	0.018641400000205977	epochs	3.0
1039.6828490296998	0.03704429999993408	epochs	2.0
1039.6828490296998	0.018561599999884493	epochs	3.0
1039.7014106296997	0.01848270000004959	epochs	3.0
1039.7198933296997	0.03673099999991791	epochs	2.0
1039.7198933296997	0.018404299999929208	epochs	3.0
1039.7382976296997	0.018326699999988705	epochs	3.0
1039.7566243296997	0.03642289999993409	epochs	2.0
1039.7566243296997	0.018249599999990096	epochs	3.0
1039.7748739296997	0.018173299999943993	epochs	3.0
1039.7930472296996	0.03612010000006194	epochs	2.0
1039.7930472296996	0.018097600000146485	epochs	3.0
1039.8111448296997	0.018022499999915453	epochs	3.0
1039.8291673296997	0.035822100000132195	epochs	2.0
1039.8291673296997	0.017947900000081063	epochs	3.0
1039.8471152296997	0.017874200000051133	epochs	3.0
1039.8649894296998	0.03552899999999681	epochs	2.0
1039.8649894296998	0.017800800000031813	epochs	3.0
1039.8827902296998	0.017728199999965	epochs	3.0
1039.9005184296998	0.03524070000003121	epochs	2.0
1039.9005184296998	0.01765609999984008	epochs	3.0
1039.9181745296996	0.01758460000019113	epochs	3.0
1039.9357591296998	0.03495709999992869	epochs	2.0
1039.9357591296998	0.017513699999881283	epochs	3.0
1039.9532728296997	0.017443400000047404	epochs	3.0
1039.9707162296997	0.034677899999906	epochs	2.0
1039.9707162296997	0.017373599999928047	epochs	3.0
1039.9880898296997	0.017304299999977957	epochs	3.0
1040.0053941296997	0.03440330000012182	epochs	2.0
1040.0053941296997	0.017235700000128418	epochs	3.0
1040.0226298296998	0.0171675999999934	epochs	3.0
1040.0397974296998	0.03413279999995211	epochs	2.0
1040.0397974296998	0.01709989999994832	epochs	3.0
1040.0568973296997	0.017032900000003792	epochs	3.0
1040.0739302296997	0.03386670000008962	epochs	2.0
1040.0739302296997	0.01696640000000116	epochs	3.0
1040.0908966296997	0.016900300000088464	epochs	3.0
1040.1077969296998	0.03360459999998966	epochs	2.0
1040.1077969296998	0.01683479999996962	epochs	3.0
1040.1246317296998	0.01676980000002004	epochs	3.0
1040.1414015296998	0.033346599999958926	epochs	2.0
1040.1414015296998	0.016705300000012357	epochs	3.0
1040.1581068296998	0.01664129999994657	epochs	3.0
1040.1747481296998	0.033092499999838765	epochs	2.0
1040.1747481296998	0.016577800000050047	epochs	3.0
1040.1913259296998	0.016514699999788718	epochs	3.0
1040.2078406296996	0.032842300000083924	epochs	2.0
1040.2078406296996	0.01645220000000336	epochs	3.0
1040.2242928296996	0.016390100000080565	epochs	3.0
1040.2406829296997	0.03259570000000167	epochs	2.0
1040.2406829296997	0.016328400000020338	epochs	3.0
1040.2570113296997	0.016267299999981333	epochs	3.0
1040.2732786296997	0.032352899999978035	epochs	2.0
1040.2732786296997	0.016206600000032267	epochs	3.0
1040.2894852296997	0.016146299999945768	epochs	3.0
1040.3056315296997	0.032113700000081735	epochs	2.0
1040.3056315296997	0.016086600000107865	epochs	3.0
1040.3217181296998	0.01602709999997387	epochs	3.0
1040.3377452296997	0.03187800000000607	epochs	2.0
1040.3377452296997	0.0159681999998611	epochs	3.0
1040.3537134296996	0.01590980000014497	epochs	3.0
1040.3696232296998	0.03164569999989908	epochs	2.0
1040.3696232296998	0.015851599999905375	epochs	3.0
1040.3854748296997	0.015794099999993705	epochs	3.0
1040.4012689296997	0.03141670000013619	epochs	2.0
1040.4012689296997	0.015736700000161363	epochs	3.0
1040.4170056296998	0.015679999999974825	epochs	3.0
1040.4326856296998	0.03119109999988723	epochs	2.0
1040.4326856296998	0.015623600000026272	epochs	3.0
1040.4483092296998	0.015567499999860956	epochs	3.0
1040.4638767296997	0.03096870000013041	epochs	2.0
1040.4638767296997	0.015511999999944237	epochs	3.0
1040.4793887296996	0.015456700000186174	epochs	3.0
1040.4948454296998	0.030749499999956242	epochs	2.0
1040.4948454296998	0.015401999999994587	epochs	3.0
1040.5102474296998	0.015347499999961656	epochs	3.0
1040.5255949296998	0.03053320000003623	epochs	2.0
1040.5255949296998	0.015293400000018664	epochs	3.0
1040.5408883296998	0.015239800000017567	epochs	3.0
1040.5561281296998	0.030320099999926242	epochs	2.0
1040.5561281296998	0.015186499999799707	epochs	3.0
1040.5713146296996	0.015133600000126535	epochs	3.0
1040.5864482296997	0.03010990000007041	epochs	2.0
1040.5864482296997	0.015081000000009226	epochs	3.0
1040.6015292296997	0.015028900000061185	epochs	3.0
1040.6165581296998	0.029902499999934662	epochs	2.0
1040.6165581296998	0.014976999999817053	epochs	3.0
1040.6315351296996	0.014925500000117609	epochs	3.0
1040.6464606296997	0.029698099999905025	epochs	2.0
1040.6464606296997	0.014874400000053356	epochs	3.0
1040.6613350296998	0.01482369999985167	epochs	3.0
1040.6761587296996	0.029496300000118936	epochs	2.0
1040.6761587296996	0.014773200000036013	epochs	3.0
1040.6909319296997	0.014723100000082923	epochs	3.0
1040.7056550296998	0.029297399999904883	epochs	2.0
1040.7056550296998	0.014673399999992398	epochs	3.0
1040.7203284296997	0.014623999999912485	epochs	3.0
1040.7349524296997	0.029101099999934377	epochs	2.0
1040.7349524296997	0.014574900000070556	epochs	3.0
1040.7495273296997	0.01452619999986382	epochs	3.0
1040.7640535296996	0.028907400000207417	epochs	2.0
1040.7640535296996	0.014477700000043114	epochs	3.0
1040.7785312296996	0.014429700000164303	epochs	3.0
1040.7929609296998	0.028716199999962555	epochs	2.0
1040.7929609296998	0.014381799999910072	epochs	3.0
1040.8073427296997	0.014334400000052483	epochs	3.0
1040.8216771296998	0.02852759999996124	epochs	2.0
1040.8216771296998	0.014287199999898803	epochs	3.0
1040.8359643296997	0.014240400000062436	epochs	3.0
1040.8502047296997	0.028341400000044814	epochs	2.0
1040.8502047296997	0.014193799999929979	epochs	3.0
1040.8643985296997	0.014147600000114835	epochs	3.0
1040.8785461296998	0.02815769999983786	epochs	2.0
1040.8785461296998	0.014101699999855555	epochs	3.0
1040.8926478296996	0.014055999999982305	epochs	3.0
1040.9067038296996	0.027976300000091214	epochs	2.0
1040.9067038296996	0.014010600000119666	epochs	3.0
1040.9207144296997	0.013965699999971548	epochs	3.0
1040.9346801296997	0.027797199999895383	epochs	2.0
1040.9346801296997	0.013920800000050804	epochs	3.0
1040.9486009296998	0.01387639999984458	epochs	3.0
1040.9624773296996	0.02762040000015986	epochs	2.0
1040.9624773296996	0.013832200000024386	epochs	3.0
1040.9763095296996	0.013788200000135475	epochs	3.0
1040.9900977296998	0.027445899999975154	epochs	2.0
1040.9900977296998	0.013744599999881757	epochs	3.0
1041.0038423296996	0.013701300000093397	epochs	3.0
1041.0175436296997	0.027273499999864725	epochs	2.0
1041.0175436296997	0.013658200000008947	epochs	3.0
1041.0312018296997	0.013615299999855779	epochs	3.0
1041.0448171296996	0.027103400000214606	epochs	2.0
1041.0448171296996	0.013572800000019924	epochs	3.0
1041.0583899296996	0.013530600000194681	epochs	3.0
1041.0719205296998	0.026935199999797987	epochs	2.0
1041.0719205296998	0.01348839999991469	epochs	3.0
1041.0854089296997	0.013446799999883297	epochs	3.0
1041.0988557296996	0.026769199999989723	epochs	2.0
1041.0988557296996	0.013405200000079276	epochs	3.0
1041.1122609296997	0.013363999999910448	epochs	3.0
1041.1256249296996	0.02660520000017641	epochs	2.0
1041.1256249296996	0.013322900000048321	epochs	3.0
1041.1389478296996	0.013282300000128089	epochs	3.0
1041.1522301296998	0.0264431999999033	epochs	2.0
1041.1522301296998	0.013241699999980483	epochs	3.0
1041.1654718296998	0.013201499999922817	epochs	3.0
1041.1786733296997	0.026283200000079887	epochs	2.0
1041.1786733296997	0.013161500000023807	epochs	3.0
1041.1918348296997	0.01312170000005608	epochs	3.0
1041.2049565296998	0.026124999999865395	epochs	2.0
1041.2049565296998	0.013082100000019636	epochs	3.0
1041.2180386296998	0.013042899999845758	epochs	3.0
1041.2310815296996	0.02596890000017993	epochs	2.0
1041.2310815296996	0.01300390000005791	epochs	3.0
1041.2440854296997	0.012965000000122018	epochs	3.0
1041.2570504296998	0.02581449999979668	epochs	2.0
1041.2570504296998	0.012926399999969362	epochs	3.0
1041.2699768296998	0.012888099999827318	epochs	3.0
1041.2828649296996	0.02566190000015922	epochs	2.0
1041.2828649296996	0.01284990000021935	epochs	3.0
1041.2957148296998	0.012811999999939871	epochs	3.0
1041.3085268296998	0.025511199999982637	epochs	2.0
1041.3085268296998	0.012774399999898378	epochs	3.0
1041.3213012296997	0.012736800000084258	epochs	3.0
1041.3340380296997	0.02536229999986972	epochs	2.0
1041.3340380296997	0.01269969999998466	epochs	3.0
1041.3467377296997	0.01266259999988506	epochs	3.0
1041.3594003296996	0.02521500000011656	epochs	2.0
1041.3594003296996	0.012625800000023446	epochs	3.0
1041.3720261296996	0.012589200000093115	epochs	3.0
1041.3846153296997	0.024584799999956886	epochs	2.0
1041.4069182296996	0.5	epochs	-1.0
1041.4092001296997	0.52503999999999	epochs	1.0
1041.9342401296997	0.47487999999998465	epochs	0.0
1043.0680003166199	0.09519999999997708	epochs	0.0
1043.0680003166199	0.04260199999998804	epochs	1.0
1043.1106023166199	0.009996000000001004	epochs	1.0
1043.1205983166199	0.04260199999998804	epochs	1.0
1043.1632003166199	2.0	epochs	0.0
1045.1632003166199	5.405040000000099	epochs	0.0
1045.1632003166199	1.0	epochs	1.0
1045.1632384166198	0.5	epochs	-1.0
1045.6632384166198	4.905001900000116	epochs	-1.0
1046.1632003166199	4.405040000000099	epochs	1.0
1046.1632003166199	4.356753900000058	epochs	-1.0
1046.1632003166199	1.9745872000000873	epochs	2.0
1046.1632003166199	1.0985622000000603	epochs	3.0
1047.26176251662	0.8760250000000269	epochs	3.0
1048.13778751662	1.3524075000000266	epochs	2.0
1048.13778751662	0.7286354999998821	epochs	3.0
1048.8664230166198	0.6237720000001445	epochs	3.0
1049.49019501662	1.029759199999944	epochs	2.0
1049.49019501662	0.5453292999998212	epochs	3.0
1050.0355243166198	0.48442990000012287	epochs	3.0
1050.51995421662	0.04828610000004119	epochs	2.0
1050.51995421662	0.04828610000004119	epochs	3.0
1050.56824031662	16.594879999999876	epochs	0.0
1051.701000213623	0.09519999999997708	epochs	0.0
1051.701000213623	0.04260199999998804	epochs	1.0
1051.743602213623	0.009996000000001004	epochs	1.0
1051.753598213623	0.04260199999998804	epochs	1.0
1051.796200213623	2.0	epochs	0.0
1053.796200213623	5.404800000000023	epochs	0.0
1053.796200213623	1.0	epochs	1.0
1053.796238313623	0.5	epochs	-1.0
1054.296238313623	4.9047619000000395	epochs	-1.0
1054.796200213623	4.404800000000023	epochs	1.0
1054.796200213623	4.356753900000058	epochs	-1.0
1054.796200213623	1.9745872000000873	epochs	2.0
1054.796200213623	1.0985622000000603	epochs	3.0
1055.894762413623	0.8760250000000269	epochs	3.0
1056.770787413623	1.3524075000000266	epochs	2.0
1056.770787413623	0.7286354999998821	epochs	3.0
1057.499422913623	0.6237720000001445	epochs	3.0
1058.1231949136231	1.029759199999944	epochs	2.0
1058.1231949136231	0.5453292999998212	epochs	3.0
1058.668524213623	0.48442990000012287	epochs	3.0
1059.152954113623	0.04804609999996501	epochs	2.0
1059.152954113623	0.04804609999996501	epochs	3.0
1059.201000213623	16.59511999999995	epochs	0.0
1060.3570003509521	0.09519999999997708	epochs	0.0
1060.3570003509521	0.04260199999998804	epochs	1.0
1060.3996023509521	0.009996000000001004	epochs	1.0
1060.4095983509521	0.04260199999998804	epochs	1.0
1060.4522003509521	2.0	epochs	0.0
1062.4522003509521	21.999919999999975	epochs	0.0
1062.4522003509521	1.0	epochs	1.0
1062.452238450952	0.5	epochs	-1.0
1062.952238450952	19.996399999999994	epochs	-1.0
1063.4522003509521	20.0	epochs	1.0
1063.4522003509521	4.356753900000058	epochs	-1.0
1063.4522003509521	1.9745872000000873	epochs	2.0
1063.4522003509521	1.0985622000000603	epochs	3.0
1064.5507625509522	0.8760250000000269	epochs	3.0
1065.4267875509522	1.3524075000000266	epochs	2.0
1065.4267875509522	0.7286354999998821	epochs	3.0
1066.155423050952	0.6237720000001445	epochs	3.0
1066.7791950509522	1.029759199999944	epochs	2.0
1066.7791950509522	0.5453292999998212	epochs	3.0
1067.324524350952	0.48442990000012287	epochs	3.0
1067.8089542509522	0.8317861999998968	epochs	2.0
1067.8089542509522	0.4357763000000432	epochs	3.0
1068.2447305509522	0.3960098999998536	epochs	3.0
1068.640740450952	0.6977970000000369	epochs	2.0
1068.640740450952	0.3628982000000178	epochs	3.0
1069.003638650952	0.33489880000001904	epochs	3.0
1069.3385374509521	0.601045699999986	epochs	2.0
1069.3385374509521	0.3109122999999272	epochs	3.0
1069.649449750952	0.2901334000000588	epochs	3.0
1069.939583150952	0.5278859000000011	epochs	2.0
1069.939583150952	0.2719586000000618	epochs	3.0
1070.2115417509522	0.25592729999993935	epochs	3.0
1070.467469050952	0.470619299999953	epochs	2.0
1070.467469050952	0.241681299999982	epochs	3.0
1070.709150350952	0.228937999999971	epochs	3.0
1070.938088350952	0.42457039999999324	epochs	2.0
1070.938088350952	0.21747140000002219	epochs	3.0
1071.155559750952	0.20709899999997106	epochs	3.0
1071.362658750952	0.3867354000001342	epochs	2.0
1071.362658750952	0.19767110000020693	epochs	3.0
1071.5603298509523	0.18906429999992724	epochs	3.0
1071.7493941509522	0.35509529999990264	epochs	2.0
1071.7493941509522	0.18117589999997108	epochs	3.0
1071.9305700509522	0.17391939999993156	epochs	3.0
1072.104489450952	0.3282431000000088	epochs	2.0
1072.104489450952	0.16722189999995862	epochs	3.0
1072.271711350952	0.16102120000005016	epochs	3.0
1072.432732550952	0.30516800000009425	epochs	2.0
1072.432732550952	0.15526390000013635	epochs	3.0
1072.5879964509522	0.1499040999999579	epochs	3.0
1072.7379005509522	0.28512529999989056	epochs	2.0
1072.7379005509522	0.14490209999985382	epochs	3.0
1072.882802650952	0.14022320000003674	epochs	3.0
1073.023025850952	0.267553800000087	epochs	2.0
1073.023025850952	0.1358368999999584	epochs	3.0
1073.158862750952	0.1317169000001286	epochs	3.0
1073.2905796509522	0.252022899999929	epochs	2.0
1073.2905796509522	0.1278393000000051	epochs	3.0
1073.4184189509522	0.1241835999999239	epochs	3.0
1073.542602550952	0.23819649999995818	epochs	2.0
1073.542602550952	0.12073110000005727	epochs	3.0
1073.6633336509522	0.11746539999990091	epochs	3.0
1073.780799050952	0.2258088000000953	epochs	2.0
1073.780799050952	0.11437190000015107	epochs	3.0
1073.8951709509522	0.11143689999994422	epochs	3.0
1074.0066078509522	0.21464599999990241	epochs	2.0
1074.0066078509522	0.10864889999993466	epochs	3.0
1074.115256750952	0.10599709999996776	epochs	3.0
1074.221253850952	0.20453500000007807	epochs	2.0
1074.221253850952	0.10347150000006877	epochs	3.0
1074.3247253509521	0.1010635000000093	epochs	3.0
1074.4257888509521	0.19533400000000256	epochs	2.0
1074.4257888509521	0.09876510000003691	epochs	3.0
1074.5245539509522	0.09656889999996565	epochs	3.0
1074.6211228509521	0.18692529999998442	epochs	2.0
1074.6211228509521	0.09446830000001682	epochs	3.0
1074.7155911509522	0.09245699999996759	epochs	3.0
1074.8080481509521	0.1792107000001124	epochs	2.0
1074.8080481509521	0.0905296000000817	epochs	3.0
1074.8985777509522	0.08868110000003071	epochs	3.0
1074.9872588509522	0.17210769999996955	epochs	2.0
1074.9872588509522	0.08690630000000965	epochs	3.0
1075.0741651509522	0.0852013999999599	epochs	3.0
1075.1593665509522	0.16554640000003928	epochs	2.0
1075.1593665509522	0.08356189999994967	epochs	3.0
1075.2429284509521	0.08198450000008961	epochs	3.0
1075.3249129509522	0.15946709999980158	epochs	2.0
1075.3249129509522	0.08046539999986635	epochs	3.0
1075.405378350952	0.07900169999993523	epochs	3.0
1075.484380050952	0.15381840000009106	epochs	2.0
1075.484380050952	0.07759010000017952	epochs	3.0
1075.5619701509522	0.07622829999991154	epochs	3.0
1075.6381984509521	0.14855639999996129	epochs	2.0
1075.6381984509521	0.07491329999993468	epochs	3.0
1075.713111750952	0.0736431000000266	epochs	3.0
1075.786754850952	0.14364240000008976	epochs	2.0
1075.786754850952	0.07241500000009182	epochs	3.0
1075.8591698509522	0.07122739999999794	epochs	3.0
1075.9303972509522	0.13904309999998077	epochs	2.0
1075.9303972509522	0.07007799999996678	epochs	3.0
1076.0004752509521	0.06896510000001399	epochs	3.0
1076.0694403509522	0.13472929999988992	epochs	2.0
1076.0694403509522	0.0678871000000072	epochs	3.0
1076.1373274509522	0.06684219999988272	epochs	3.0
1076.204169650952	0.1306752000000415	epochs	2.0
1076.204169650952	0.06582910000020092	epochs	3.0
1076.2699987509523	0.06484609999984059	epochs	3.0
1076.334844850952	0.12685780000015257	epochs	2.0
1076.334844850952	0.06389200000012352	epochs	3.0
1076.3987368509522	0.06296580000002905	epochs	3.0
1076.4617026509522	0.12325719999989815	epochs	2.0
1076.4617026509522	0.06206579999980022	epochs	3.0
1076.523768450952	0.06119140000009793	epochs	3.0
1076.5849598509521	0.11985540000000583	epochs	2.0
1076.5849598509521	0.060341099999959624	epochs	3.0
1076.645300950952	0.059514300000046205	epochs	3.0
1076.7048152509522	0.1166361999999026	epochs	2.0
1076.7048152509522	0.058709599999929196	epochs	3.0
1076.763524850952	0.057926599999973405	epochs	3.0
1076.821451450952	0.11358560000007856	epochs	2.0
1076.821451450952	0.05716419999998834	epochs	3.0
1076.878615650952	0.056421400000090216	epochs	3.0
1076.9350370509521	0.11069049999991876	epochs	2.0
1076.9350370509521	0.055697900000041045	epochs	3.0
1076.9907349509522	0.05499259999987771	epochs	3.0
1077.045727550952	0.1079391000000669	epochs	2.0
1077.045727550952	0.05430490000003374	epochs	3.0
1077.100032450952	0.05363420000003316	epochs	3.0
1077.1536666509521	0.10532149999994544	epochs	2.0
1077.1536666509521	0.05297999999993408	epochs	3.0
1077.206646650952	0.052341500000011365	epochs	3.0
1077.258988150952	0.10282760000018243	epochs	2.0
1077.258988150952	0.05171810000001642	epochs	3.0
1077.310706250952	0.05110950000016601	epochs	3.0
1077.3618157509522	0.10044909999987794	epochs	2.0
1077.3618157509522	0.0505148999998255	epochs	3.0
1077.412330650952	0.04993420000005244	epochs	3.0
1077.4622648509521	0.0981782999999723	epochs	2.0
1077.4622648509521	0.04936659999998483	epochs	3.0
1077.511631450952	0.04881169999998747	epochs	3.0
1077.560443150952	0.09600780000005216	epochs	2.0
1077.560443150952	0.04826920000004975	epochs	3.0
1077.6087123509521	0.04773860000000241	epochs	3.0
1077.6564509509521	0.09393120000004274	epochs	2.0
1077.6564509509521	0.04721949999998287	epochs	3.0
1077.7036704509521	0.046711700000059864	epochs	3.0
1077.7503821509522	0.09194260000003851	epochs	2.0
1077.7503821509522	0.046214599999984785	epochs	3.0
1077.7965967509522	0.045728000000053726	epochs	3.0
1077.8423247509522	0.09003629999983787	epochs	2.0
1077.8423247509522	0.045251499999949374	epochs	3.0
1077.8875762509522	0.04478479999988849	epochs	3.0
1077.932361050952	0.08820760000003247	epochs	2.0
1077.932361050952	0.044327800000019124	epochs	3.0
1077.976688850952	0.04387980000001335	epochs	3.0
1078.020568650952	0.0864516999999978	epochs	2.0
1078.020568650952	0.04344100000002982	epochs	3.0
1078.0640096509521	0.04301069999996798	epochs	3.0
1078.107020350952	0.08476429999996071	epochs	2.0
1078.107020350952	0.04258900000013455	epochs	3.0
1078.1496093509522	0.042175299999826166	epochs	3.0
1078.191784650952	0.08314150000001064	epochs	2.0
1078.191784650952	0.04176970000003166	epochs	3.0
1078.233554350952	0.041371799999978975	epochs	3.0
1078.274926150952	0.08157970000002024	epochs	2.0
1078.274926150952	0.040981399999964196	epochs	3.0
1078.315907550952	0.04059830000005604	epochs	3.0
1078.356505850952	0.08007550000002084	epochs	2.0
1078.356505850952	0.040222300000095856	epochs	3.0
1078.3967281509522	0.03985319999992498	epochs	3.0
1078.436581350952	0.07862569999997504	epochs	2.0
1078.436581350952	0.039490800000066884	epochs	3.0
1078.4760721509522	0.03913489999990816	epochs	3.0
1078.515207050952	0.07722760000001472	epochs	2.0
1078.515207050952	0.038785400000051595	epochs	3.0
1078.5539924509521	0.03844219999996312	epochs	3.0
1078.592434650952	0.07587820000003376	epochs	2.0
1078.592434650952	0.03810480000015559	epochs	3.0
1078.6305394509523	0.037773399999878166	epochs	3.0
1078.6683128509521	0.0745752000000266	epochs	2.0
1078.6683128509521	0.03744770000002973	epochs	3.0
1078.7057605509522	0.03712749999999687	epochs	3.0
1078.7428880509522	0.07331629999998768	epochs	2.0
1078.7428880509522	0.0368129000000863	epochs	3.0
1078.7797009509522	0.036503399999901376	epochs	3.0
1078.8162043509521	0.07209899999998015	epochs	2.0
1078.8162043509521	0.03619909999997617	epochs	3.0
1078.8524034509521	0.03589990000000398	epochs	3.0
1078.8883033509521	0.07092170000009901	epochs	2.0
1078.8883033509521	0.03560560000005353	epochs	3.0
1078.9239089509522	0.03531610000004548	epochs	3.0
1078.9592250509522	0.06978200000003199	epochs	2.0
1078.9592250509522	0.03503119999982118	epochs	3.0
1078.994256250952	0.0347508000002108	epochs	3.0
1079.0290070509523	0.06867859999988468	epochs	2.0
1079.0290070509523	0.03447509999978138	epochs	3.0
1079.063482150952	0.034203500000103304	epochs	3.0
1079.0976856509521	0.06760929999995824	epochs	2.0
1079.0976856509521	0.033936199999970995	epochs	3.0
1079.1316218509521	0.033673099999987244	epochs	3.0
1079.165294950952	0.06657289999998284	epochs	2.0
1079.165294950952	0.03341399999999339	epochs	3.0
1079.198708950952	0.033158899999989444	epochs	3.0
1079.231867850952	0.06556780000005347	epochs	2.0
1079.231867850952	0.03290770000012344	epochs	3.0
1079.2647755509522	0.032660099999930026	epochs	3.0
1079.2974356509521	0.06459259999996902	epochs	2.0
1079.2974356509521	0.03241640000010193	epochs	3.0
1079.3298520509522	0.032176199999867094	epochs	3.0
1079.362028250952	0.06364600000006249	epochs	2.0
1079.362028250952	0.03193959999998697	epochs	3.0
1079.393967850952	0.03170640000007552	epochs	3.0
1079.4256742509522	0.0627266999999847	epochs	2.0
1079.4256742509522	0.031476599999905375	epochs	3.0
1079.457150850952	0.03125010000007933	epochs	3.0
1079.4884009509522	0.06183359999999993	epochs	2.0
1079.4884009509522	0.03102689999991526	epochs	3.0
1079.519427850952	0.030806700000084675	epochs	3.0
1079.5502345509522	0.060965599999917686	epochs	2.0
1079.5502345509522	0.030589799999916067	epochs	3.0
1079.580824350952	0.030375800000001618	epochs	3.0
1079.611200150952	0.06012160000000222	epochs	2.0
1079.611200150952	0.030164900000045236	epochs	3.0
1079.6413650509521	0.02995669999995698	epochs	3.0
1079.671321750952	0.05930069999999432	epochs	2.0
1079.671321750952	0.029751600000054168	epochs	3.0
1079.7010733509521	0.029549099999940154	epochs	3.0
1079.730622450952	0.058501800000158255	epochs	2.0
1079.730622450952	0.02934940000000097	epochs	3.0
1079.759971850952	0.029152400000157286	epochs	3.0
1079.7891242509522	0.05772419999993872	epochs	2.0
1079.7891242509522	0.028957999999875028	epochs	3.0
1079.818082250952	0.02876620000006369	epochs	3.0
1079.8468484509522	0.05696710000006533	epochs	2.0
1079.8468484509522	0.028577000000041153	epochs	3.0
1079.8754254509522	0.028390100000024177	epochs	3.0
1079.9038155509522	0.05622949999997218	epochs	2.0
1079.9038155509522	0.028205699999944045	epochs	3.0
1079.9320212509522	0.028023800000028132	epochs	3.0
1079.9600450509522	0.05551070000001346	epochs	2.0
1079.9600450509522	0.027843999999959124	epochs	3.0
1079.9878890509522	0.027666700000054334	epochs	3.0
1080.0155557509522	0.054810200000019904	epochs	2.0
1080.0155557509522	0.02749149999999645	epochs	3.0
1080.0430472509522	0.027318700000023455	epochs	3.0
1080.0703659509522	0.054126999999880354	epochs	2.0
1080.0703659509522	0.027147799999966082	epochs	3.0
1080.0975137509522	0.026979199999914272	epochs	3.0
1080.1244929509521	0.053460699999959616	epochs	2.0
1080.1244929509521	0.026812600000084785	epochs	3.0
1080.1513055509522	0.02664809999987483	epochs	3.0
1080.177953650952	0.05281070000000909	epochs	2.0
1080.177953650952	0.026485600000114573	epochs	3.0
1080.2044392509522	0.02632509999989452	epochs	3.0
1080.230764350952	0.05217620000007628	epochs	2.0
1080.230764350952	0.026166399999965506	epochs	3.0
1080.256930750952	0.026009800000110772	epochs	3.0
1080.2829405509522	0.051556699999991906	epochs	2.0
1080.2829405509522	0.025854799999933675	epochs	3.0
1080.308795350952	0.02570190000005823	epochs	3.0
1080.3344972509522	0.05095189999997274	epochs	2.0
1080.3344972509522	0.025550699999939752	epochs	3.0
1080.360047950952	0.025401200000032986	epochs	3.0
1080.3854491509521	0.05036100000006627	epochs	2.0
1080.3854491509521	0.025253499999962514	epochs	3.0
1080.410702650952	0.025107500000103755	epochs	3.0
1080.4358101509522	0.04978379999988647	epochs	2.0
1080.4358101509522	0.02496320000000196	epochs	3.0
1080.4607733509522	0.024820599999884507	epochs	3.0
1080.485593950952	0.04921950000016295	epochs	2.0
1080.485593950952	0.024679399999968155	epochs	3.0
1080.510273350952	0.024540100000194798	epochs	3.0
1080.5348134509522	0.04866789999982757	epochs	2.0
1080.5348134509522	0.024402099999861093	epochs	3.0
1080.559215550952	0.024265799999966475	epochs	3.0
1080.583481350952	0.04812860000015462	epochs	2.0
1080.583481350952	0.024131000000124914	epochs	3.0
1080.6076123509522	0.023997600000029706	epochs	3.0
1080.6316099509522	0.04760109999983797	epochs	2.0
1080.6316099509522	0.02386579999983951	epochs	3.0
1080.655475750952	0.02373529999999846	epochs	3.0
1080.679211050952	0.04708500000015192	epochs	2.0
1080.679211050952	0.023606299999983094	epochs	3.0
1080.702817350952	0.02347870000016883	epochs	3.0
1080.7262960509522	0.046579999999948996	epochs	2.0
1080.7262960509522	0.023352499999873544	epochs	3.0
1080.749648550952	0.02322750000007545	epochs	3.0
1080.7728760509522	0.046085700000048746	epochs	2.0
1080.7728760509522	0.02310399999987567	epochs	3.0
1080.795980050952	0.022981700000173078	epochs	3.0
1080.8189617509522	0.045601799999985815	epochs	2.0
1080.8189617509522	0.02286069999991014	epochs	3.0
1080.8418224509521	0.022741100000075676	epochs	3.0
1080.8645635509522	0.045127899999897636	epochs	2.0
1080.8645635509522	0.022622499999897627	epochs	3.0
1080.887186050952	0.02250540000000001	epochs	3.0
1080.909691450952	0.0446638000000803	epochs	2.0
1080.909691450952	0.02238929999998618	epochs	3.0
1080.932080750952	0.022274500000094122	epochs	3.0
1080.9543552509522	0.04420920000006845	epochs	2.0
1080.9543552509522	0.022160799999937808	epochs	3.0
1080.9765160509521	0.02204840000013064	epochs	3.0
1080.9985644509522	0.04376359999992019	epochs	2.0
1080.9985644509522	0.02193689999990056	epochs	3.0
1081.0205013509521	0.021826700000019628	epochs	3.0
1081.0423280509522	0.04332709999994222	epochs	2.0
1081.0423280509522	0.021717599999874437	epochs	3.0
1081.064045650952	0.021609500000067783	epochs	3.0
1081.085655150952	0.04289900000003399	epochs	2.0
1081.085655150952	0.02150249999999687	epochs	3.0
1081.107157650952	0.021396500000037122	epochs	3.0
1081.1285541509521	0.04247949999989942	epochs	2.0
1081.1285541509521	0.021291700000119818	epochs	3.0
1081.1498458509523	0.0211877999997796	epochs	3.0
1081.171033650952	0.04206790000012006	epochs	2.0
1081.171033650952	0.02108490000000529	epochs	3.0
1081.192118550952	0.02098300000011477	epochs	3.0
1081.2131015509522	0.04166439999994509	epochs	2.0
1081.2131015509522	0.020882199999959994	epochs	3.0
1081.2339837509521	0.020782199999985096	epochs	3.0
1081.254765950952	0.04126850000011473	epochs	2.0
1081.254765950952	0.020683299999973315	epochs	3.0
1081.275449250952	0.020585200000141413	epochs	3.0
1081.2960344509522	0.04088000000001557	epochs	2.0
1081.2960344509522	0.020488099999965925	epochs	3.0
1081.3165225509522	0.020391900000049645	epochs	3.0
1081.3369144509522	0.04049880000002304	epochs	2.0
1081.3369144509522	0.020296599999937825	epochs	3.0
1081.3572110509522	0.020202200000085213	epochs	3.0
1081.3774132509523	0.040124599999899146	epochs	2.0
1081.3774132509523	0.020108699999809687	epochs	3.0
1081.397521950952	0.02001590000008946	epochs	3.0
1081.4175378509522	0.03975730000001931	epochs	2.0
1081.4175378509522	0.0199241999998776	epochs	3.0
1081.437462050952	0.019833100000141712	epochs	3.0
1081.4572951509522	0.03939669999999751	epochs	2.0
1081.4572951509522	0.01974300000006224	epochs	3.0
1081.4770381509522	0.01965369999993527	epochs	3.0
1081.4966918509522	0.03904239999997117	epochs	2.0
1081.4966918509522	0.019565099999908853	epochs	3.0
1081.516256950952	0.019477300000062314	epochs	3.0
1081.5357342509521	0.038694600000098944	epochs	2.0
1081.5357342509521	0.019390400000020236	epochs	3.0
1081.5551246509522	0.01930420000007871	epochs	3.0
1081.5744288509522	0.038352899999836154	epochs	2.0
1081.5744288509522	0.019218799999862313	epochs	3.0
1081.593647650952	0.01913409999997384	epochs	3.0
1081.612781750952	0.03801720000001296	epochs	2.0
1081.612781750952	0.019050200000037876	epochs	3.0
1081.6318319509521	0.018966999999975087	epochs	3.0
1081.650798950952	0.03768720000016401	epochs	2.0
1081.650798950952	0.01888450000001285	epochs	3.0
1081.669683450952	0.018802700000151162	epochs	3.0
1081.6884861509523	0.03736309999999321	epochs	2.0
1081.6884861509523	0.018721699999787234	epochs	3.0
1081.707207850952	0.018641400000205977	epochs	3.0
1081.7258492509523	0.03704429999993408	epochs	2.0
1081.7258492509523	0.018561599999884493	epochs	3.0
1081.7444108509521	0.01848270000004959	epochs	3.0
1081.7628935509522	0.03673099999991791	epochs	2.0
1081.7628935509522	0.018404299999929208	epochs	3.0
1081.7812978509521	0.018326699999988705	epochs	3.0
1081.799624550952	0.03642289999993409	epochs	2.0
1081.799624550952	0.018249599999990096	epochs	3.0
1081.817874150952	0.018173299999943993	epochs	3.0
1081.836047450952	0.03612010000006194	epochs	2.0
1081.836047450952	0.018097600000146485	epochs	3.0
1081.8541450509522	0.018022499999915453	epochs	3.0
1081.872167550952	0.035822100000132195	epochs	2.0
1081.872167550952	0.017947900000081063	epochs	3.0
1081.8901154509522	0.017874200000051133	epochs	3.0
1081.9079896509522	0.03552899999999681	epochs	2.0
1081.9079896509522	0.017800800000031813	epochs	3.0
1081.9257904509523	0.017728199999965	epochs	3.0
1081.9435186509522	0.03524070000003121	epochs	2.0
1081.9435186509522	0.01765609999984008	epochs	3.0
1081.961174750952	0.01758460000019113	epochs	3.0
1081.9787593509523	0.03495709999992869	epochs	2.0
1081.9787593509523	0.017513699999881283	epochs	3.0
1081.9962730509521	0.017443400000047404	epochs	3.0
1082.0137164509522	0.034677899999906	epochs	2.0
1082.0137164509522	0.017373599999928047	epochs	3.0
1082.0310900509521	0.017304299999977957	epochs	3.0
1082.048394350952	0.03440330000012182	epochs	2.0
1082.048394350952	0.017235700000128418	epochs	3.0
1082.0656300509522	0.0171675999999934	epochs	3.0
1082.0827976509522	0.03413279999995211	epochs	2.0
1082.0827976509522	0.01709989999994832	epochs	3.0
1082.0998975509522	0.017032900000003792	epochs	3.0
1082.1169304509522	0.03386670000008962	epochs	2.0
1082.1169304509522	0.01696640000000116	epochs	3.0
1082.1338968509522	0.016900300000088464	epochs	3.0
1082.1507971509523	0.03360459999998966	epochs	2.0
1082.1507971509523	0.01683479999996962	epochs	3.0
1082.1676319509522	0.01676980000002004	epochs	3.0
1082.1844017509522	0.033346599999958926	epochs	2.0
1082.1844017509522	0.016705300000012357	epochs	3.0
1082.2011070509523	0.01664129999994657	epochs	3.0
1082.2177483509522	0.033092499999838765	epochs	2.0
1082.2177483509522	0.016577800000050047	epochs	3.0
1082.2343261509523	0.016514699999788718	epochs	3.0
1082.250840850952	0.032842300000083924	epochs	2.0
1082.250840850952	0.01645220000000336	epochs	3.0
1082.267293050952	0.016390100000080565	epochs	3.0
1082.2836831509521	0.03259570000000167	epochs	2.0
1082.2836831509521	0.016328400000020338	epochs	3.0
1082.3000115509521	0.016267299999981333	epochs	3.0
1082.3162788509521	0.032352899999978035	epochs	2.0
1082.3162788509521	0.016206600000032267	epochs	3.0
1082.3324854509522	0.016146299999945768	epochs	3.0
1082.348631750952	0.032113700000081735	epochs	2.0
1082.348631750952	0.016086600000107865	epochs	3.0
1082.3647183509522	0.01602709999997387	epochs	3.0
1082.3807454509522	0.03187800000000607	epochs	2.0
1082.3807454509522	0.0159681999998611	epochs	3.0
1082.396713650952	0.01590980000014497	epochs	3.0
1082.4126234509522	0.03164569999989908	epochs	2.0
1082.4126234509522	0.015851599999905375	epochs	3.0
1082.428475050952	0.015794099999993705	epochs	3.0
1082.444269150952	0.03141670000013619	epochs	2.0
1082.444269150952	0.015736700000161363	epochs	3.0
1082.4600058509523	0.015679999999974825	epochs	3.0
1082.4756858509522	0.03119109999988723	epochs	2.0
1082.4756858509522	0.015623600000026272	epochs	3.0
1082.4913094509523	0.015567499999860956	epochs	3.0
1082.5068769509521	0.03096870000013041	epochs	2.0
1082.5068769509521	0.015511999999944237	epochs	3.0
1082.522388950952	0.015456700000186174	epochs	3.0
1082.5378456509522	0.030749499999956242	epochs	2.0
1082.5378456509522	0.015401999999994587	epochs	3.0
1082.5532476509522	0.015347499999961656	epochs	3.0
1082.5685951509522	0.03053320000003623	epochs	2.0
1082.5685951509522	0.015293400000018664	epochs	3.0
1082.5838885509522	0.015239800000017567	epochs	3.0
1082.5991283509522	0.030320099999926242	epochs	2.0
1082.5991283509522	0.015186499999799707	epochs	3.0
1082.614314850952	0.015133600000126535	epochs	3.0
1082.6294484509522	0.03010990000007041	epochs	2.0
1082.6294484509522	0.015081000000009226	epochs	3.0
1082.6445294509522	0.015028900000061185	epochs	3.0
1082.6595583509522	0.029902499999934662	epochs	2.0
1082.6595583509522	0.014976999999817053	epochs	3.0
1082.674535350952	0.014925500000117609	epochs	3.0
1082.6894608509522	0.029698099999905025	epochs	2.0
1082.6894608509522	0.014874400000053356	epochs	3.0
1082.7043352509522	0.01482369999985167	epochs	3.0
1082.719158950952	0.029496300000118936	epochs	2.0
1082.719158950952	0.014773200000036013	epochs	3.0
1082.7339321509521	0.014723100000082923	epochs	3.0
1082.7486552509522	0.029297399999904883	epochs	2.0
1082.7486552509522	0.014673399999992398	epochs	3.0
1082.7633286509522	0.014623999999912485	epochs	3.0
1082.777952650952	0.029101099999934377	epochs	2.0
1082.777952650952	0.014574900000070556	epochs	3.0
1082.7925275509522	0.01452619999986382	epochs	3.0
1082.807053750952	0.028907400000207417	epochs	2.0
1082.807053750952	0.014477700000043114	epochs	3.0
1082.821531450952	0.014429700000164303	epochs	3.0
1082.8359611509522	0.028716199999962555	epochs	2.0
1082.8359611509522	0.014381799999910072	epochs	3.0
1082.8503429509522	0.014334400000052483	epochs	3.0
1082.8646773509522	0.02852759999996124	epochs	2.0
1082.8646773509522	0.014287199999898803	epochs	3.0
1082.878964550952	0.014240400000062436	epochs	3.0
1082.8932049509522	0.028341400000044814	epochs	2.0
1082.8932049509522	0.014193799999929979	epochs	3.0
1082.907398750952	0.014147600000114835	epochs	3.0
1082.9215463509522	0.02815769999983786	epochs	2.0
1082.9215463509522	0.014101699999855555	epochs	3.0
1082.935648050952	0.014055999999982305	epochs	3.0
1082.949704050952	0.027976300000091214	epochs	2.0
1082.949704050952	0.014010600000119666	epochs	3.0
1082.9637146509522	0.013965699999971548	epochs	3.0
1082.9776803509521	0.027797199999895383	epochs	2.0
1082.9776803509521	0.013920800000050804	epochs	3.0
1082.9916011509522	0.01387639999984458	epochs	3.0
1083.005477550952	0.02762040000015986	epochs	2.0
1083.005477550952	0.013832200000024386	epochs	3.0
1083.019309750952	0.013788200000135475	epochs	3.0
1083.0330979509522	0.027445899999975154	epochs	2.0
1083.0330979509522	0.013744599999881757	epochs	3.0
1083.046842550952	0.013701300000093397	epochs	3.0
1083.0605438509522	0.027273499999864725	epochs	2.0
1083.0605438509522	0.013658200000008947	epochs	3.0
1083.0742020509522	0.013615299999855779	epochs	3.0
1083.087817350952	0.027103400000214606	epochs	2.0
1083.087817350952	0.013572800000019924	epochs	3.0
1083.101390150952	0.013530600000194681	epochs	3.0
1083.1149207509523	0.026935199999797987	epochs	2.0
1083.1149207509523	0.01348839999991469	epochs	3.0
1083.1284091509522	0.013446799999883297	epochs	3.0
1083.141855950952	0.026769199999989723	epochs	2.0
1083.141855950952	0.013405200000079276	epochs	3.0
1083.1552611509521	0.013363999999910448	epochs	3.0
1083.168625150952	0.02660520000017641	epochs	2.0
1083.168625150952	0.013322900000048321	epochs	3.0
1083.181948050952	0.013282300000128089	epochs	3.0
1083.1952303509522	0.0264431999999033	epochs	2.0
1083.1952303509522	0.013241699999980483	epochs	3.0
1083.2084720509522	0.013201499999922817	epochs	3.0
1083.2216735509521	0.026283200000079887	epochs	2.0
1083.2216735509521	0.013161500000023807	epochs	3.0
1083.2348350509521	0.01312170000005608	epochs	3.0
1083.2479567509522	0.026124999999865395	epochs	2.0
1083.2479567509522	0.013082100000019636	epochs	3.0
1083.2610388509522	0.013042899999845758	epochs	3.0
1083.274081750952	0.02596890000017993	epochs	2.0
1083.274081750952	0.01300390000005791	epochs	3.0
1083.2870856509521	0.012965000000122018	epochs	3.0
1083.3000506509522	0.02581449999979668	epochs	2.0
1083.3000506509522	0.012926399999969362	epochs	3.0
1083.3129770509522	0.012888099999827318	epochs	3.0
1083.325865150952	0.02566190000015922	epochs	2.0
1083.325865150952	0.01284990000021935	epochs	3.0
1083.3387150509523	0.012811999999939871	epochs	3.0
1083.3515270509522	0.025511199999982637	epochs	2.0
1083.3515270509522	0.012774399999898378	epochs	3.0
1083.364301450952	0.012736800000084258	epochs	3.0
1083.3770382509522	0.02536229999986972	epochs	2.0
1083.3770382509522	0.01269969999998466	epochs	3.0
1083.3897379509522	0.01266259999988506	epochs	3.0
1083.402400550952	0.02521500000011656	epochs	2.0
1083.402400550952	0.012625800000023446	epochs	3.0
1083.415026350952	0.012589200000093115	epochs	3.0
1083.4276155509522	0.024584799999956886	epochs	2.0
1083.448638450952	0.5	epochs	-1.0
1083.4522003509521	0.9999199999999746	epochs	1.0
1083.948638450952	0.5	epochs	-1.0
1085.7430000305176	0.09519999999997708	epochs	0.0
1085.7430000305176	0.04260199999998804	epochs	1.0
1085.7856020305176	0.009996000000001004	epochs	1.0
1085.7955980305176	0.04260199999998804	epochs	1.0
1085.8382000305176	2.0	epochs	0.0
1087.8382000305176	0.524560000000065	epochs	0.0
1087.8382000305176	0.524560000000065	epochs	1.0
1087.8382381305175	0.5	epochs	-1.0
1088.3382381305175	0.024521900000081587	epochs	-1.0
1088.3627600305176	21.47535999999991	epochs	0.0
1089.4930000305176	0.09519999999997708	epochs	0.0
1089.4930000305176	0.04260199999998804	epochs	1.0
1089.5356020305176	0.009996000000001004	epochs	1.0
1089.5455980305176	0.04260199999998804	epochs	1.0
1089.5882000305176	2.0	epochs	0.0
1091.5882000305176	0.504720000000134	epochs	0.0
1091.5882000305176	0.504720000000134	epochs	1.0
1091.5882381305175	0.5	epochs	-1.0
1092.0882381305175	0.004681900000150563	epochs	-1.0
1092.0929200305177	21.49519999999984	epochs	0.0
1093.2760000228882	0.09519999999997708	epochs	0.0
1093.2760000228882	0.04260199999998804	epochs	1.0
1093.3186020228882	0.009996000000001004	epochs	1.0
1093.3285980228882	0.04260199999998804	epochs	1.0
1093.3712000228882	2.0	epochs	0.0
1095.3712000228882	0.5042399999999816	epochs	0.0
1095.3712000228882	0.5042399999999816	epochs	1.0
1095.3712381228881	0.5	epochs	-1.0
1095.8712381228881	0.004201899999998204	epochs	-1.0
1095.8754400228881	21.495679999999993	epochs	0.0
1097.1090002059937	0.09519999999997708	epochs	0.0
1097.1090002059937	0.04260199999998804	epochs	1.0
1097.1516022059936	0.009996000000001004	epochs	1.0
1097.1615982059936	0.04260199999998804	epochs	1.0
1097.2042002059936	2.0	epochs	0.0
1099.2042002059936	0.5240799999999126	epochs	0.0
1099.2042002059936	0.5240799999999126	epochs	1.0
1099.2042383059936	0.5	epochs	-1.0
1099.7042383059936	0.024041899999929228	epochs	-1.0
1099.7282802059935	21.475840000000062	epochs	0.0
1100.9590001106262	0.09519999999997708	epochs	0.0
1100.9590001106262	0.04260199999998804	epochs	1.0
1101.0016021106262	0.009996000000001004	epochs	1.0
1101.0115981106262	0.04260199999998804	epochs	1.0
1101.0542001106262	2.0	epochs	0.0
1103.0542001106262	0.5048799999999574	epochs	0.0
1103.0542001106262	0.5048799999999574	epochs	1.0
1103.0542382106262	0.5	epochs	-1.0
1103.5542382106262	0.004841899999973975	epochs	-1.0
1103.5590801106262	21.495040000000017	epochs	0.0
1175.4180002212524	0.09519999999997708	epochs	0.0
1175.4180002212524	0.04260199999998804	epochs	1.0
1175.4606022212524	0.009996000000001004	epochs	1.0
1175.4705982212524	0.04260199999998804	epochs	1.0
1175.5132002212524	2.0	epochs	0.0
1177.5132002212524	5.404320000000098	epochs	0.0
1177.5132002212524	1.0	epochs	1.0
1177.5132383212524	0.5	epochs	-1.0
1178.0132383212524	4.9042819000001145	epochs	-1.0
1178.5132002212524	4.404320000000098	epochs	1.0
1178.5132002212524	4.356753900000058	epochs	-1.0
1178.5132002212524	1.9745872000000873	epochs	2.0
1178.5132002212524	1.0985622000000603	epochs	3.0
1179.6117624212525	0.8760250000000269	epochs	3.0
1180.4877874212525	1.3524075000000266	epochs	2.0
1180.4877874212525	0.7286354999998821	epochs	3.0
1181.2164229212524	0.6237720000001445	epochs	3.0
1181.8401949212525	1.029759199999944	epochs	2.0
1181.8401949212525	0.5453292999998212	epochs	3.0
1182.3855242212524	0.48442990000012287	epochs	3.0
1182.8699541212525	0.047566100000040024	epochs	2.0
1182.8699541212525	0.047566100000040024	epochs	3.0
1182.9175202212525	16.595599999999877	epochs	0.0
1184.2670001983643	0.09519999999997708	epochs	0.0
1184.2670001983643	0.04260199999998804	epochs	1.0
1184.3096021983642	0.009996000000001004	epochs	1.0
1184.3195981983642	0.04260199999998804	epochs	1.0
1184.3622001983642	2.0	epochs	0.0
1186.3622001983642	21.52431999999999	epochs	0.0
1186.3622001983642	1.0	epochs	1.0
1186.3622382983642	0.5	epochs	-1.0
1186.8622382983642	19.997440000000097	epochs	-1.0
1187.3622001983642	20.0	epochs	1.0
1187.3622001983642	4.356753900000058	epochs	-1.0
1187.3622001983642	1.9745872000000873	epochs	2.0
1187.3622001983642	1.0985622000000603	epochs	3.0
1188.4607623983643	0.8760250000000269	epochs	3.0
1189.3367873983643	1.3524075000000266	epochs	2.0
1189.3367873983643	0.7286354999998821	epochs	3.0
1190.0654228983642	0.6237720000001445	epochs	3.0
1190.6891948983643	1.029759199999944	epochs	2.0
1190.6891948983643	0.5453292999998212	epochs	3.0
1191.2345241983642	0.48442990000012287	epochs	3.0
1191.7189540983643	0.8317861999998968	epochs	2.0
1191.7189540983643	0.4357763000000432	epochs	3.0
1192.1547303983643	0.3960098999998536	epochs	3.0
1192.5507402983642	0.6977970000000369	epochs	2.0
1192.5507402983642	0.3628982000000178	epochs	3.0
1192.9136384983642	0.33489880000001904	epochs	3.0
1193.2485372983642	0.601045699999986	epochs	2.0
1193.2485372983642	0.3109122999999272	epochs	3.0
1193.5594495983642	0.2901334000000588	epochs	3.0
1193.8495829983642	0.5278859000000011	epochs	2.0
1193.8495829983642	0.2719586000000618	epochs	3.0
1194.1215415983643	0.25592729999993935	epochs	3.0
1194.3774688983642	0.470619299999953	epochs	2.0
1194.3774688983642	0.241681299999982	epochs	3.0
1194.6191501983642	0.228937999999971	epochs	3.0
1194.8480881983642	0.42457039999999324	epochs	2.0
1194.8480881983642	0.21747140000002219	epochs	3.0
1195.0655595983642	0.20709899999997106	epochs	3.0
1195.2726585983642	0.3867354000001342	epochs	2.0
1195.2726585983642	0.19767110000020693	epochs	3.0
1195.4703296983644	0.18906429999992724	epochs	3.0
1195.6593939983643	0.35509529999990264	epochs	2.0
1195.6593939983643	0.18117589999997108	epochs	3.0
1195.8405698983643	0.17391939999993156	epochs	3.0
1196.0144892983642	0.3282431000000088	epochs	2.0
1196.0144892983642	0.16722189999995862	epochs	3.0
1196.1817111983642	0.16102120000005016	epochs	3.0
1196.3427323983642	0.30516800000009425	epochs	2.0
1196.3427323983642	0.15526390000013635	epochs	3.0
1196.4979962983643	0.1499040999999579	epochs	3.0
1196.6479003983643	0.28512529999989056	epochs	2.0
1196.6479003983643	0.14490209999985382	epochs	3.0
1196.7928024983642	0.14022320000003674	epochs	3.0
1196.9330256983642	0.267553800000087	epochs	2.0
1196.9330256983642	0.1358368999999584	epochs	3.0
1197.0688625983641	0.1317169000001286	epochs	3.0
1197.2005794983643	0.252022899999929	epochs	2.0
1197.2005794983643	0.1278393000000051	epochs	3.0
1197.3284187983643	0.1241835999999239	epochs	3.0
1197.4526023983642	0.23819649999995818	epochs	2.0
1197.4526023983642	0.12073110000005727	epochs	3.0
1197.5733334983643	0.11746539999990091	epochs	3.0
1197.6907988983642	0.2258088000000953	epochs	2.0
1197.6907988983642	0.11437190000015107	epochs	3.0
1197.8051707983643	0.11143689999994422	epochs	3.0
1197.9166076983643	0.21464599999990241	epochs	2.0
1197.9166076983643	0.10864889999993466	epochs	3.0
1198.0252565983642	0.10599709999996776	epochs	3.0
1198.1312536983642	0.20453500000007807	epochs	2.0
1198.1312536983642	0.10347150000006877	epochs	3.0
1198.2347251983642	0.1010635000000093	epochs	3.0
1198.3357886983642	0.19533400000000256	epochs	2.0
1198.3357886983642	0.09876510000003691	epochs	3.0
1198.4345537983643	0.09656889999996565	epochs	3.0
1198.5311226983642	0.18692529999998442	epochs	2.0
1198.5311226983642	0.09446830000001682	epochs	3.0
1198.6255909983643	0.09245699999996759	epochs	3.0
1198.7180479983642	0.1792107000001124	epochs	2.0
1198.7180479983642	0.0905296000000817	epochs	3.0
1198.8085775983643	0.08868110000003071	epochs	3.0
1198.8972586983643	0.17210769999996955	epochs	2.0
1198.8972586983643	0.08690630000000965	epochs	3.0
1198.9841649983643	0.0852013999999599	epochs	3.0
1199.0693663983643	0.16554640000003928	epochs	2.0
1199.0693663983643	0.08356189999994967	epochs	3.0
1199.1529282983643	0.08198450000008961	epochs	3.0
1199.2349127983643	0.15946709999980158	epochs	2.0
1199.2349127983643	0.08046539999986635	epochs	3.0
1199.3153781983642	0.07900169999993523	epochs	3.0
1199.3943798983641	0.15381840000009106	epochs	2.0
1199.3943798983641	0.07759010000017952	epochs	3.0
1199.4719699983643	0.07622829999991154	epochs	3.0
1199.5481982983642	0.14855639999996129	epochs	2.0
1199.5481982983642	0.07491329999993468	epochs	3.0
1199.6231115983642	0.0736431000000266	epochs	3.0
1199.6967546983642	0.14364240000008976	epochs	2.0
1199.6967546983642	0.07241500000009182	epochs	3.0
1199.7691696983643	0.07122739999999794	epochs	3.0
1199.8403970983643	0.13904309999998077	epochs	2.0
1199.8403970983643	0.07007799999996678	epochs	3.0
1199.9104750983643	0.06896510000001399	epochs	3.0
1199.9794401983643	0.13472929999988992	epochs	2.0
1199.9794401983643	0.0678871000000072	epochs	3.0
1200.0473272983643	0.06684219999988272	epochs	3.0
1200.1141694983642	0.1306752000000415	epochs	2.0
1200.1141694983642	0.06582910000020092	epochs	3.0
1200.1799985983644	0.06484609999984059	epochs	3.0
1200.2448446983642	0.12685780000015257	epochs	2.0
1200.2448446983642	0.06389200000012352	epochs	3.0
1200.3087366983643	0.06296580000002905	epochs	3.0
1200.3717024983644	0.12325719999989815	epochs	2.0
1200.3717024983644	0.06206579999980022	epochs	3.0
1200.4337682983642	0.06119140000009793	epochs	3.0
1200.4949596983643	0.11985540000000583	epochs	2.0
1200.4949596983643	0.060341099999959624	epochs	3.0
1200.5553007983642	0.059514300000046205	epochs	3.0
1200.6148150983643	0.1166361999999026	epochs	2.0
1200.6148150983643	0.058709599999929196	epochs	3.0
1200.6735246983642	0.057926599999973405	epochs	3.0
1200.7314512983642	0.11358560000007856	epochs	2.0
1200.7314512983642	0.05716419999998834	epochs	3.0
1200.7886154983642	0.056421400000090216	epochs	3.0
1200.8450368983642	0.11069049999991876	epochs	2.0
1200.8450368983642	0.055697900000041045	epochs	3.0
1200.9007347983643	0.05499259999987771	epochs	3.0
1200.9557273983642	0.1079391000000669	epochs	2.0
1200.9557273983642	0.05430490000003374	epochs	3.0
1201.0100322983642	0.05363420000003316	epochs	3.0
1201.0636664983642	0.10532149999994544	epochs	2.0
1201.0636664983642	0.05297999999993408	epochs	3.0
1201.1166464983642	0.052341500000011365	epochs	3.0
1201.1689879983642	0.10282760000018243	epochs	2.0
1201.1689879983642	0.05171810000001642	epochs	3.0
1201.2207060983642	0.05110950000016601	epochs	3.0
1201.2718155983644	0.10044909999987794	epochs	2.0
1201.2718155983644	0.0505148999998255	epochs	3.0
1201.3223304983642	0.04993420000005244	epochs	3.0
1201.3722646983642	0.0981782999999723	epochs	2.0
1201.3722646983642	0.04936659999998483	epochs	3.0
1201.4216312983642	0.04881169999998747	epochs	3.0
1201.4704429983642	0.09600780000005216	epochs	2.0
1201.4704429983642	0.04826920000004975	epochs	3.0
1201.5187121983643	0.04773860000000241	epochs	3.0
1201.5664507983643	0.09393120000004274	epochs	2.0
1201.5664507983643	0.04721949999998287	epochs	3.0
1201.6136702983642	0.046711700000059864	epochs	3.0
1201.6603819983643	0.09194260000003851	epochs	2.0
1201.6603819983643	0.046214599999984785	epochs	3.0
1201.7065965983643	0.045728000000053726	epochs	3.0
1201.7523245983643	0.09003629999983787	epochs	2.0
1201.7523245983643	0.045251499999949374	epochs	3.0
1201.7975760983643	0.04478479999988849	epochs	3.0
1201.8423608983642	0.08820760000003247	epochs	2.0
1201.8423608983642	0.044327800000019124	epochs	3.0
1201.8866886983642	0.04387980000001335	epochs	3.0
1201.9305684983642	0.0864516999999978	epochs	2.0
1201.9305684983642	0.04344100000002982	epochs	3.0
1201.9740094983642	0.04301069999996798	epochs	3.0
1202.0170201983642	0.08476429999996071	epochs	2.0
1202.0170201983642	0.04258900000013455	epochs	3.0
1202.0596091983643	0.042175299999826166	epochs	3.0
1202.1017844983642	0.08314150000001064	epochs	2.0
1202.1017844983642	0.04176970000003166	epochs	3.0
1202.1435541983642	0.041371799999978975	epochs	3.0
1202.1849259983642	0.08157970000002024	epochs	2.0
1202.1849259983642	0.040981399999964196	epochs	3.0
1202.2259073983641	0.04059830000005604	epochs	3.0
1202.2665056983642	0.08007550000002084	epochs	2.0
1202.2665056983642	0.040222300000095856	epochs	3.0
1202.3067279983643	0.03985319999992498	epochs	3.0
1202.3465811983642	0.07862569999997504	epochs	2.0
1202.3465811983642	0.039490800000066884	epochs	3.0
1202.3860719983643	0.03913489999990816	epochs	3.0
1202.4252068983642	0.07722760000001472	epochs	2.0
1202.4252068983642	0.038785400000051595	epochs	3.0
1202.4639922983642	0.03844219999996312	epochs	3.0
1202.5024344983642	0.07587820000003376	epochs	2.0
1202.5024344983642	0.03810480000015559	epochs	3.0
1202.5405392983644	0.037773399999878166	epochs	3.0
1202.5783126983642	0.0745752000000266	epochs	2.0
1202.5783126983642	0.03744770000002973	epochs	3.0
1202.6157603983643	0.03712749999999687	epochs	3.0
1202.6528878983643	0.07331629999998768	epochs	2.0
1202.6528878983643	0.0368129000000863	epochs	3.0
1202.6897007983644	0.036503399999901376	epochs	3.0
1202.7262041983643	0.07209899999998015	epochs	2.0
1202.7262041983643	0.03619909999997617	epochs	3.0
1202.7624032983642	0.03589990000000398	epochs	3.0
1202.7983031983642	0.07092170000009901	epochs	2.0
1202.7983031983642	0.03560560000005353	epochs	3.0
1202.8339087983643	0.03531610000004548	epochs	3.0
1202.8692248983643	0.06978200000003199	epochs	2.0
1202.8692248983643	0.03503119999982118	epochs	3.0
1202.9042560983642	0.0347508000002108	epochs	3.0
1202.9390068983644	0.06867859999988468	epochs	2.0
1202.9390068983644	0.03447509999978138	epochs	3.0
1202.9734819983642	0.034203500000103304	epochs	3.0
1203.0076854983643	0.06760929999995824	epochs	2.0
1203.0076854983643	0.033936199999970995	epochs	3.0
1203.0416216983642	0.033673099999987244	epochs	3.0
1203.0752947983642	0.06657289999998284	epochs	2.0
1203.0752947983642	0.03341399999999339	epochs	3.0
1203.1087087983642	0.033158899999989444	epochs	3.0
1203.1418676983642	0.06556780000005347	epochs	2.0
1203.1418676983642	0.03290770000012344	epochs	3.0
1203.1747753983643	0.032660099999930026	epochs	3.0
1203.2074354983642	0.06459259999996902	epochs	2.0
1203.2074354983642	0.03241640000010193	epochs	3.0
1203.2398518983643	0.032176199999867094	epochs	3.0
1203.2720280983642	0.06364600000006249	epochs	2.0
1203.2720280983642	0.03193959999998697	epochs	3.0
1203.3039676983642	0.03170640000007552	epochs	3.0
1203.3356740983643	0.0627266999999847	epochs	2.0
1203.3356740983643	0.031476599999905375	epochs	3.0
1203.3671506983642	0.03125010000007933	epochs	3.0
1203.3984007983643	0.06183359999999993	epochs	2.0
1203.3984007983643	0.03102689999991526	epochs	3.0
1203.4294276983642	0.030806700000084675	epochs	3.0
1203.4602343983643	0.060965599999917686	epochs	2.0
1203.4602343983643	0.030589799999916067	epochs	3.0
1203.4908241983642	0.030375800000001618	epochs	3.0
1203.5211999983642	0.06012160000000222	epochs	2.0
1203.5211999983642	0.030164900000045236	epochs	3.0
1203.5513648983642	0.02995669999995698	epochs	3.0
1203.5813215983642	0.05930069999999432	epochs	2.0
1203.5813215983642	0.029751600000054168	epochs	3.0
1203.6110731983642	0.029549099999940154	epochs	3.0
1203.6406222983642	0.058501800000158255	epochs	2.0
1203.6406222983642	0.02934940000000097	epochs	3.0
1203.6699716983642	0.029152400000157286	epochs	3.0
1203.6991240983643	0.05772419999993872	epochs	2.0
1203.6991240983643	0.028957999999875028	epochs	3.0
1203.7280820983642	0.02876620000006369	epochs	3.0
1203.7568482983643	0.05696710000006533	epochs	2.0
1203.7568482983643	0.028577000000041153	epochs	3.0
1203.7854252983643	0.028390100000024177	epochs	3.0
1203.8138153983643	0.05622949999997218	epochs	2.0
1203.8138153983643	0.028205699999944045	epochs	3.0
1203.8420210983643	0.028023800000028132	epochs	3.0
1203.8700448983643	0.05551070000001346	epochs	2.0
1203.8700448983643	0.027843999999959124	epochs	3.0
1203.8978888983643	0.027666700000054334	epochs	3.0
1203.9255555983643	0.054810200000019904	epochs	2.0
1203.9255555983643	0.02749149999999645	epochs	3.0
1203.9530470983643	0.027318700000023455	epochs	3.0
1203.9803657983643	0.054126999999880354	epochs	2.0
1203.9803657983643	0.027147799999966082	epochs	3.0
1204.0075135983643	0.026979199999914272	epochs	3.0
1204.0344927983642	0.053460699999959616	epochs	2.0
1204.0344927983642	0.026812600000084785	epochs	3.0
1204.0613053983643	0.02664809999987483	epochs	3.0
1204.0879534983642	0.05281070000000909	epochs	2.0
1204.0879534983642	0.026485600000114573	epochs	3.0
1204.1144390983643	0.02632509999989452	epochs	3.0
1204.1407641983642	0.05217620000007628	epochs	2.0
1204.1407641983642	0.026166399999965506	epochs	3.0
1204.1669305983642	0.026009800000110772	epochs	3.0
1204.1929403983643	0.051556699999991906	epochs	2.0
1204.1929403983643	0.025854799999933675	epochs	3.0
1204.2187951983642	0.02570190000005823	epochs	3.0
1204.2444970983643	0.05095189999997274	epochs	2.0
1204.2444970983643	0.025550699999939752	epochs	3.0
1204.2700477983642	0.025401200000032986	epochs	3.0
1204.2954489983642	0.05036100000006627	epochs	2.0
1204.2954489983642	0.025253499999962514	epochs	3.0
1204.3207024983642	0.025107500000103755	epochs	3.0
1204.3458099983643	0.04978379999988647	epochs	2.0
1204.3458099983643	0.02496320000000196	epochs	3.0
1204.3707731983643	0.024820599999884507	epochs	3.0
1204.3955937983642	0.04921950000016295	epochs	2.0
1204.3955937983642	0.024679399999968155	epochs	3.0
1204.4202731983642	0.024540100000194798	epochs	3.0
1204.4448132983644	0.04866789999982757	epochs	2.0
1204.4448132983644	0.024402099999861093	epochs	3.0
1204.4692153983642	0.024265799999966475	epochs	3.0
1204.4934811983642	0.04812860000015462	epochs	2.0
1204.4934811983642	0.024131000000124914	epochs	3.0
1204.5176121983643	0.023997600000029706	epochs	3.0
1204.5416097983643	0.04760109999983797	epochs	2.0
1204.5416097983643	0.02386579999983951	epochs	3.0
1204.5654755983642	0.02373529999999846	epochs	3.0
1204.5892108983642	0.04708500000015192	epochs	2.0
1204.5892108983642	0.023606299999983094	epochs	3.0
1204.6128171983642	0.02347870000016883	epochs	3.0
1204.6362958983643	0.046579999999948996	epochs	2.0
1204.6362958983643	0.023352499999873544	epochs	3.0
1204.6596483983642	0.02322750000007545	epochs	3.0
1204.6828758983643	0.046085700000048746	epochs	2.0
1204.6828758983643	0.02310399999987567	epochs	3.0
1204.7059798983641	0.022981700000173078	epochs	3.0
1204.7289615983643	0.045601799999985815	epochs	2.0
1204.7289615983643	0.02286069999991014	epochs	3.0
1204.7518222983642	0.022741100000075676	epochs	3.0
1204.7745633983643	0.045127899999897636	epochs	2.0
1204.7745633983643	0.022622499999897627	epochs	3.0
1204.7971858983642	0.02250540000000001	epochs	3.0
1204.8196912983642	0.0446638000000803	epochs	2.0
1204.8196912983642	0.02238929999998618	epochs	3.0
1204.8420805983642	0.022274500000094122	epochs	3.0
1204.8643550983643	0.04420920000006845	epochs	2.0
1204.8643550983643	0.022160799999937808	epochs	3.0
1204.8865158983642	0.02204840000013064	epochs	3.0
1204.9085642983644	0.04376359999992019	epochs	2.0
1204.9085642983644	0.02193689999990056	epochs	3.0
1204.9305011983643	0.021826700000019628	epochs	3.0
1204.9523278983643	0.04332709999994222	epochs	2.0
1204.9523278983643	0.021717599999874437	epochs	3.0
1204.9740454983641	0.021609500000067783	epochs	3.0
1204.9956549983642	0.04289900000003399	epochs	2.0
1204.9956549983642	0.02150249999999687	epochs	3.0
1205.0171574983642	0.021396500000037122	epochs	3.0
1205.0385539983643	0.04247949999989942	epochs	2.0
1205.0385539983643	0.021291700000119818	epochs	3.0
1205.0598456983644	0.0211877999997796	epochs	3.0
1205.0810334983641	0.04206790000012006	epochs	2.0
1205.0810334983641	0.02108490000000529	epochs	3.0
1205.1021183983642	0.02098300000011477	epochs	3.0
1205.1231013983643	0.04166439999994509	epochs	2.0
1205.1231013983643	0.020882199999959994	epochs	3.0
1205.1439835983642	0.020782199999985096	epochs	3.0
1205.1647657983642	0.04126850000011473	epochs	2.0
1205.1647657983642	0.020683299999973315	epochs	3.0
1205.1854490983642	0.020585200000141413	epochs	3.0
1205.2060342983643	0.04088000000001557	epochs	2.0
1205.2060342983643	0.020488099999965925	epochs	3.0
1205.2265223983643	0.020391900000049645	epochs	3.0
1205.2469142983643	0.04049880000002304	epochs	2.0
1205.2469142983643	0.020296599999937825	epochs	3.0
1205.2672108983643	0.020202200000085213	epochs	3.0
1205.2874130983644	0.040124599999899146	epochs	2.0
1205.2874130983644	0.020108699999809687	epochs	3.0
1205.3075217983642	0.02001590000008946	epochs	3.0
1205.3275376983643	0.03975730000001931	epochs	2.0
1205.3275376983643	0.0199241999998776	epochs	3.0
1205.3474618983641	0.019833100000141712	epochs	3.0
1205.3672949983643	0.03939669999999751	epochs	2.0
1205.3672949983643	0.01974300000006224	epochs	3.0
1205.3870379983643	0.01965369999993527	epochs	3.0
1205.4066916983643	0.03904239999997117	epochs	2.0
1205.4066916983643	0.019565099999908853	epochs	3.0
1205.4262567983642	0.019477300000062314	epochs	3.0
1205.4457340983643	0.038694600000098944	epochs	2.0
1205.4457340983643	0.019390400000020236	epochs	3.0
1205.4651244983643	0.01930420000007871	epochs	3.0
1205.4844286983644	0.038352899999836154	epochs	2.0
1205.4844286983644	0.019218799999862313	epochs	3.0
1205.5036474983642	0.01913409999997384	epochs	3.0
1205.5227815983642	0.03801720000001296	epochs	2.0
1205.5227815983642	0.019050200000037876	epochs	3.0
1205.5418317983642	0.018966999999975087	epochs	3.0
1205.5607987983642	0.03768720000016401	epochs	2.0
1205.5607987983642	0.01888450000001285	epochs	3.0
1205.5796832983642	0.018802700000151162	epochs	3.0
1205.5984859983644	0.03736309999999321	epochs	2.0
1205.5984859983644	0.018721699999787234	epochs	3.0
1205.6172076983642	0.018641400000205977	epochs	3.0
1205.6358490983644	0.03704429999993408	epochs	2.0
1205.6358490983644	0.018561599999884493	epochs	3.0
1205.6544106983642	0.01848270000004959	epochs	3.0
1205.6728933983643	0.03673099999991791	epochs	2.0
1205.6728933983643	0.018404299999929208	epochs	3.0
1205.6912976983642	0.018326699999988705	epochs	3.0
1205.7096243983642	0.03642289999993409	epochs	2.0
1205.7096243983642	0.018249599999990096	epochs	3.0
1205.7278739983642	0.018173299999943993	epochs	3.0
1205.7460472983641	0.03612010000006194	epochs	2.0
1205.7460472983641	0.018097600000146485	epochs	3.0
1205.7641448983643	0.018022499999915453	epochs	3.0
1205.7821673983642	0.035822100000132195	epochs	2.0
1205.7821673983642	0.017947900000081063	epochs	3.0
1205.8001152983643	0.017874200000051133	epochs	3.0
1205.8179894983643	0.03552899999999681	epochs	2.0
1205.8179894983643	0.017800800000031813	epochs	3.0
1205.8357902983644	0.017728199999965	epochs	3.0
1205.8535184983643	0.03524070000003121	epochs	2.0
1205.8535184983643	0.01765609999984008	epochs	3.0
1205.8711745983642	0.01758460000019113	epochs	3.0
1205.8887591983644	0.03495709999992869	epochs	2.0
1205.8887591983644	0.017513699999881283	epochs	3.0
1205.9062728983643	0.017443400000047404	epochs	3.0
1205.9237162983643	0.034677899999906	epochs	2.0
1205.9237162983643	0.017373599999928047	epochs	3.0
1205.9410898983642	0.017304299999977957	epochs	3.0
1205.9583941983642	0.03440330000012182	epochs	2.0
1205.9583941983642	0.017235700000128418	epochs	3.0
1205.9756298983643	0.0171675999999934	epochs	3.0
1205.9927974983643	0.03413279999995211	epochs	2.0
1205.9927974983643	0.01709989999994832	epochs	3.0
1206.0098973983643	0.017032900000003792	epochs	3.0
1206.0269302983643	0.03386670000008962	epochs	2.0
1206.0269302983643	0.01696640000000116	epochs	3.0
1206.0438966983643	0.016900300000088464	epochs	3.0
1206.0607969983644	0.03360459999998966	epochs	2.0
1206.0607969983644	0.01683479999996962	epochs	3.0
1206.0776317983643	0.01676980000002004	epochs	3.0
1206.0944015983644	0.033346599999958926	epochs	2.0
1206.0944015983644	0.016705300000012357	epochs	3.0
1206.1111068983644	0.01664129999994657	epochs	3.0
1206.1277481983643	0.033092499999838765	epochs	2.0
1206.1277481983643	0.016577800000050047	epochs	3.0
1206.1443259983644	0.016514699999788718	epochs	3.0
1206.1608406983642	0.032842300000083924	epochs	2.0
1206.1608406983642	0.01645220000000336	epochs	3.0
1206.1772928983642	0.016390100000080565	epochs	3.0
1206.1936829983642	0.03259570000000167	epochs	2.0
1206.1936829983642	0.016328400000020338	epochs	3.0
1206.2100113983643	0.016267299999981333	epochs	3.0
1206.2262786983642	0.032352899999978035	epochs	2.0
1206.2262786983642	0.016206600000032267	epochs	3.0
1206.2424852983643	0.016146299999945768	epochs	3.0
1206.2586315983642	0.032113700000081735	epochs	2.0
1206.2586315983642	0.016086600000107865	epochs	3.0
1206.2747181983643	0.01602709999997387	epochs	3.0
1206.2907452983643	0.03187800000000607	epochs	2.0
1206.2907452983643	0.0159681999998611	epochs	3.0
1206.3067134983642	0.01590980000014497	epochs	3.0
1206.3226232983643	0.03164569999989908	epochs	2.0
1206.3226232983643	0.015851599999905375	epochs	3.0
1206.3384748983642	0.015794099999993705	epochs	3.0
1206.3542689983642	0.03141670000013619	epochs	2.0
1206.3542689983642	0.015736700000161363	epochs	3.0
1206.3700056983644	0.015679999999974825	epochs	3.0
1206.3856856983643	0.03119109999988723	epochs	2.0
1206.3856856983643	0.015623600000026272	epochs	3.0
1206.4013092983644	0.015567499999860956	epochs	3.0
1206.4168767983642	0.03096870000013041	epochs	2.0
1206.4168767983642	0.015511999999944237	epochs	3.0
1206.4323887983642	0.015456700000186174	epochs	3.0
1206.4478454983644	0.030749499999956242	epochs	2.0
1206.4478454983644	0.015401999999994587	epochs	3.0
1206.4632474983644	0.015347499999961656	epochs	3.0
1206.4785949983643	0.03053320000003623	epochs	2.0
1206.4785949983643	0.015293400000018664	epochs	3.0
1206.4938883983643	0.015239800000017567	epochs	3.0
1206.5091281983644	0.030320099999926242	epochs	2.0
1206.5091281983644	0.015186499999799707	epochs	3.0
1206.5243146983642	0.015133600000126535	epochs	3.0
1206.5394482983643	0.03010990000007041	epochs	2.0
1206.5394482983643	0.015081000000009226	epochs	3.0
1206.5545292983643	0.015028900000061185	epochs	3.0
1206.5695581983643	0.029902499999934662	epochs	2.0
1206.5695581983643	0.014976999999817053	epochs	3.0
1206.5845351983642	0.014925500000117609	epochs	3.0
1206.5994606983643	0.029698099999905025	epochs	2.0
1206.5994606983643	0.014874400000053356	epochs	3.0
1206.6143350983643	0.01482369999985167	epochs	3.0
1206.6291587983642	0.029496300000118936	epochs	2.0
1206.6291587983642	0.014773200000036013	epochs	3.0
1206.6439319983642	0.014723100000082923	epochs	3.0
1206.6586550983643	0.029297399999904883	epochs	2.0
1206.6586550983643	0.014673399999992398	epochs	3.0
1206.6733284983643	0.014623999999912485	epochs	3.0
1206.6879524983642	0.029101099999934377	epochs	2.0
1206.6879524983642	0.014574900000070556	epochs	3.0
1206.7025273983643	0.01452619999986382	epochs	3.0
1206.7170535983641	0.028907400000207417	epochs	2.0
1206.7170535983641	0.014477700000043114	epochs	3.0
1206.7315312983642	0.014429700000164303	epochs	3.0
1206.7459609983644	0.028716199999962555	epochs	2.0
1206.7459609983644	0.014381799999910072	epochs	3.0
1206.7603427983643	0.014334400000052483	epochs	3.0
1206.7746771983643	0.02852759999996124	epochs	2.0
1206.7746771983643	0.014287199999898803	epochs	3.0
1206.7889643983642	0.014240400000062436	epochs	3.0
1206.8032047983643	0.028341400000044814	epochs	2.0
1206.8032047983643	0.014193799999929979	epochs	3.0
1206.8173985983642	0.014147600000114835	epochs	3.0
1206.8315461983643	0.02815769999983786	epochs	2.0
1206.8315461983643	0.014101699999855555	epochs	3.0
1206.8456478983642	0.014055999999982305	epochs	3.0
1206.8597038983642	0.027976300000091214	epochs	2.0
1206.8597038983642	0.014010600000119666	epochs	3.0
1206.8737144983643	0.013965699999971548	epochs	3.0
1206.8876801983643	0.027797199999895383	epochs	2.0
1206.8876801983643	0.013920800000050804	epochs	3.0
1206.9016009983643	0.01387639999984458	epochs	3.0
1206.9154773983641	0.02762040000015986	epochs	2.0
1206.9154773983641	0.013832200000024386	epochs	3.0
1206.9293095983642	0.013788200000135475	epochs	3.0
1206.9430977983643	0.027445899999975154	epochs	2.0
1206.9430977983643	0.013744599999881757	epochs	3.0
1206.9568423983642	0.013701300000093397	epochs	3.0
1206.9705436983643	0.027273499999864725	epochs	2.0
1206.9705436983643	0.013658200000008947	epochs	3.0
1206.9842018983643	0.013615299999855779	epochs	3.0
1206.9978171983641	0.027103400000214606	epochs	2.0
1206.9978171983641	0.013572800000019924	epochs	3.0
1207.0113899983642	0.013530600000194681	epochs	3.0
1207.0249205983644	0.026935199999797987	epochs	2.0
1207.0249205983644	0.01348839999991469	epochs	3.0
1207.0384089983643	0.013446799999883297	epochs	3.0
1207.0518557983642	0.026769199999989723	epochs	2.0
1207.0518557983642	0.013405200000079276	epochs	3.0
1207.0652609983642	0.013363999999910448	epochs	3.0
1207.0786249983641	0.02660520000017641	epochs	2.0
1207.0786249983641	0.013322900000048321	epochs	3.0
1207.0919478983642	0.013282300000128089	epochs	3.0
1207.1052301983643	0.0264431999999033	epochs	2.0
1207.1052301983643	0.013241699999980483	epochs	3.0
1207.1184718983643	0.013201499999922817	epochs	3.0
1207.1316733983642	0.026283200000079887	epochs	2.0
1207.1316733983642	0.013161500000023807	epochs	3.0
1207.1448348983643	0.01312170000005608	epochs	3.0
1207.1579565983643	0.026124999999865395	epochs	2.0
1207.1579565983643	0.013082100000019636	epochs	3.0
1207.1710386983643	0.013042899999845758	epochs	3.0
1207.1840815983642	0.02596890000017993	epochs	2.0
1207.1840815983642	0.01300390000005791	epochs	3.0
1207.1970854983642	0.012965000000122018	epochs	3.0
1207.2100504983644	0.02581449999979668	epochs	2.0
1207.2100504983644	0.012926399999969362	epochs	3.0
1207.2229768983643	0.012888099999827318	epochs	3.0
1207.2358649983641	0.02566190000015922	epochs	2.0
1207.2358649983641	0.01284990000021935	epochs	3.0
1207.2487148983644	0.012811999999939871	epochs	3.0
1207.2615268983643	0.025511199999982637	epochs	2.0
1207.2615268983643	0.012774399999898378	epochs	3.0
1207.2743012983642	0.012736800000084258	epochs	3.0
1207.2870380983643	0.02536229999986972	epochs	2.0
1207.2870380983643	0.01269969999998466	epochs	3.0
1207.2997377983643	0.01266259999988506	epochs	3.0
1207.3124003983642	0.02521500000011656	epochs	2.0
1207.3124003983642	0.012625800000023446	epochs	3.0
1207.3250261983642	0.012589200000093115	epochs	3.0
1207.3376153983643	0.024584799999956886	epochs	2.0
1207.3596782983643	0.5	epochs	-1.0
1207.3622001983642	0.5243199999999888	epochs	1.0
1207.8865201983642	0.4755999999999858	epochs	0.0
1209.2220001220703	0.09519999999997708	epochs	0.0
1209.2220001220703	0.04260199999998804	epochs	1.0
1209.2646021220703	0.009996000000001004	epochs	1.0
1209.2745981220703	0.04260199999998804	epochs	1.0
1209.3172001220703	2.0	epochs	0.0
1211.3172001220703	21.524159999999938	epochs	0.0
1211.3172001220703	1.0	epochs	1.0
1211.3172382220703	0.5	epochs	-1.0
1211.8172382220703	19.997440000000097	epochs	-1.0
1212.3172001220703	20.0	epochs	1.0
1212.3172001220703	4.356753900000058	epochs	-1.0
1212.3172001220703	1.9745872000000873	epochs	2.0
1212.3172001220703	1.0985622000000603	epochs	3.0
1213.4157623220703	0.8760250000000269	epochs	3.0
1214.2917873220704	1.3524075000000266	epochs	2.0
1214.2917873220704	0.7286354999998821	epochs	3.0
1215.0204228220703	0.6237720000001445	epochs	3.0
1215.6441948220704	1.029759199999944	epochs	2.0
1215.6441948220704	0.5453292999998212	epochs	3.0
1216.1895241220702	0.48442990000012287	epochs	3.0
1216.6739540220703	0.8317861999998968	epochs	2.0
1216.6739540220703	0.4357763000000432	epochs	3.0
1217.1097303220704	0.3960098999998536	epochs	3.0
1217.5057402220702	0.6977970000000369	epochs	2.0
1217.5057402220702	0.3628982000000178	epochs	3.0
1217.8686384220703	0.33489880000001904	epochs	3.0
1218.2035372220703	0.601045699999986	epochs	2.0
1218.2035372220703	0.3109122999999272	epochs	3.0
1218.5144495220702	0.2901334000000588	epochs	3.0
1218.8045829220703	0.5278859000000011	epochs	2.0
1218.8045829220703	0.2719586000000618	epochs	3.0
1219.0765415220703	0.25592729999993935	epochs	3.0
1219.3324688220703	0.470619299999953	epochs	2.0
1219.3324688220703	0.241681299999982	epochs	3.0
1219.5741501220703	0.228937999999971	epochs	3.0
1219.8030881220702	0.42457039999999324	epochs	2.0
1219.8030881220702	0.21747140000002219	epochs	3.0
1220.0205595220702	0.20709899999997106	epochs	3.0
1220.2276585220702	0.3867354000001342	epochs	2.0
1220.2276585220702	0.19767110000020693	epochs	3.0
1220.4253296220704	0.18906429999992724	epochs	3.0
1220.6143939220703	0.35509529999990264	epochs	2.0
1220.6143939220703	0.18117589999997108	epochs	3.0
1220.7955698220703	0.17391939999993156	epochs	3.0
1220.9694892220703	0.3282431000000088	epochs	2.0
1220.9694892220703	0.16722189999995862	epochs	3.0
1221.1367111220702	0.16102120000005016	epochs	3.0
1221.2977323220703	0.30516800000009425	epochs	2.0
1221.2977323220703	0.15526390000013635	epochs	3.0
1221.4529962220704	0.1499040999999579	epochs	3.0
1221.6029003220704	0.28512529999989056	epochs	2.0
1221.6029003220704	0.14490209999985382	epochs	3.0
1221.7478024220702	0.14022320000003674	epochs	3.0
1221.8880256220702	0.267553800000087	epochs	2.0
1221.8880256220702	0.1358368999999584	epochs	3.0
1222.0238625220702	0.1317169000001286	epochs	3.0
1222.1555794220703	0.252022899999929	epochs	2.0
1222.1555794220703	0.1278393000000051	epochs	3.0
1222.2834187220703	0.1241835999999239	epochs	3.0
1222.4076023220703	0.23819649999995818	epochs	2.0
1222.4076023220703	0.12073110000005727	epochs	3.0
1222.5283334220703	0.11746539999990091	epochs	3.0
1222.6457988220702	0.2258088000000953	epochs	2.0
1222.6457988220702	0.11437190000015107	epochs	3.0
1222.7601707220704	0.11143689999994422	epochs	3.0
1222.8716076220703	0.21464599999990241	epochs	2.0
1222.8716076220703	0.10864889999993466	epochs	3.0
1222.9802565220702	0.10599709999996776	epochs	3.0
1223.0862536220702	0.20453500000007807	epochs	2.0
1223.0862536220702	0.10347150000006877	epochs	3.0
1223.1897251220703	0.1010635000000093	epochs	3.0
1223.2907886220703	0.19533400000000256	epochs	2.0
1223.2907886220703	0.09876510000003691	epochs	3.0
1223.3895537220703	0.09656889999996565	epochs	3.0
1223.4861226220703	0.18692529999998442	epochs	2.0
1223.4861226220703	0.09446830000001682	epochs	3.0
1223.5805909220703	0.09245699999996759	epochs	3.0
1223.6730479220703	0.1792107000001124	epochs	2.0
1223.6730479220703	0.0905296000000817	epochs	3.0
1223.7635775220704	0.08868110000003071	epochs	3.0
1223.8522586220704	0.17210769999996955	epochs	2.0
1223.8522586220704	0.08690630000000965	epochs	3.0
1223.9391649220704	0.0852013999999599	epochs	3.0
1224.0243663220704	0.16554640000003928	epochs	2.0
1224.0243663220704	0.08356189999994967	epochs	3.0
1224.1079282220703	0.08198450000008961	epochs	3.0
1224.1899127220704	0.15946709999980158	epochs	2.0
1224.1899127220704	0.08046539999986635	epochs	3.0
1224.2703781220703	0.07900169999993523	epochs	3.0
1224.3493798220702	0.15381840000009106	epochs	2.0
1224.3493798220702	0.07759010000017952	epochs	3.0
1224.4269699220704	0.07622829999991154	epochs	3.0
1224.5031982220703	0.14855639999996129	epochs	2.0
1224.5031982220703	0.07491329999993468	epochs	3.0
1224.5781115220702	0.0736431000000266	epochs	3.0
1224.6517546220703	0.14364240000008976	epochs	2.0
1224.6517546220703	0.07241500000009182	epochs	3.0
1224.7241696220703	0.07122739999999794	epochs	3.0
1224.7953970220703	0.13904309999998077	epochs	2.0
1224.7953970220703	0.07007799999996678	epochs	3.0
1224.8654750220703	0.06896510000001399	epochs	3.0
1224.9344401220703	0.13472929999988992	epochs	2.0
1224.9344401220703	0.0678871000000072	epochs	3.0
1225.0023272220703	0.06684219999988272	epochs	3.0
1225.0691694220702	0.1306752000000415	epochs	2.0
1225.0691694220702	0.06582910000020092	epochs	3.0
1225.1349985220704	0.06484609999984059	epochs	3.0
1225.1998446220703	0.12685780000015257	epochs	2.0
1225.1998446220703	0.06389200000012352	epochs	3.0
1225.2637366220704	0.06296580000002905	epochs	3.0
1225.3267024220704	0.12325719999989815	epochs	2.0
1225.3267024220704	0.06206579999980022	epochs	3.0
1225.3887682220702	0.06119140000009793	epochs	3.0
1225.4499596220703	0.11985540000000583	epochs	2.0
1225.4499596220703	0.060341099999959624	epochs	3.0
1225.5103007220703	0.059514300000046205	epochs	3.0
1225.5698150220703	0.1166361999999026	epochs	2.0
1225.5698150220703	0.058709599999929196	epochs	3.0
1225.6285246220702	0.057926599999973405	epochs	3.0
1225.6864512220702	0.11358560000007856	epochs	2.0
1225.6864512220702	0.05716419999998834	epochs	3.0
1225.7436154220702	0.056421400000090216	epochs	3.0
1225.8000368220703	0.11069049999991876	epochs	2.0
1225.8000368220703	0.055697900000041045	epochs	3.0
1225.8557347220703	0.05499259999987771	epochs	3.0
1225.9107273220702	0.1079391000000669	epochs	2.0
1225.9107273220702	0.05430490000003374	epochs	3.0
1225.9650322220702	0.05363420000003316	epochs	3.0
1226.0186664220703	0.10532149999994544	epochs	2.0
1226.0186664220703	0.05297999999993408	epochs	3.0
1226.0716464220702	0.052341500000011365	epochs	3.0
1226.1239879220702	0.10282760000018243	epochs	2.0
1226.1239879220702	0.05171810000001642	epochs	3.0
1226.1757060220702	0.05110950000016601	epochs	3.0
1226.2268155220704	0.10044909999987794	epochs	2.0
1226.2268155220704	0.0505148999998255	epochs	3.0
1226.2773304220702	0.04993420000005244	epochs	3.0
1226.3272646220703	0.0981782999999723	epochs	2.0
1226.3272646220703	0.04936659999998483	epochs	3.0
1226.3766312220703	0.04881169999998747	epochs	3.0
1226.4254429220703	0.09600780000005216	epochs	2.0
1226.4254429220703	0.04826920000004975	epochs	3.0
1226.4737121220703	0.04773860000000241	epochs	3.0
1226.5214507220703	0.09393120000004274	epochs	2.0
1226.5214507220703	0.04721949999998287	epochs	3.0
1226.5686702220703	0.046711700000059864	epochs	3.0
1226.6153819220704	0.09194260000003851	epochs	2.0
1226.6153819220704	0.046214599999984785	epochs	3.0
1226.6615965220703	0.045728000000053726	epochs	3.0
1226.7073245220704	0.09003629999983787	epochs	2.0
1226.7073245220704	0.045251499999949374	epochs	3.0
1226.7525760220703	0.04478479999988849	epochs	3.0
1226.7973608220702	0.08820760000003247	epochs	2.0
1226.7973608220702	0.044327800000019124	epochs	3.0
1226.8416886220703	0.04387980000001335	epochs	3.0
1226.8855684220703	0.0864516999999978	epochs	2.0
1226.8855684220703	0.04344100000002982	epochs	3.0
1226.9290094220703	0.04301069999996798	epochs	3.0
1226.9720201220703	0.08476429999996071	epochs	2.0
1226.9720201220703	0.04258900000013455	epochs	3.0
1227.0146091220704	0.042175299999826166	epochs	3.0
1227.0567844220702	0.08314150000001064	epochs	2.0
1227.0567844220702	0.04176970000003166	epochs	3.0
1227.0985541220703	0.041371799999978975	epochs	3.0
1227.1399259220702	0.08157970000002024	epochs	2.0
1227.1399259220702	0.040981399999964196	epochs	3.0
1227.1809073220702	0.04059830000005604	epochs	3.0
1227.2215056220703	0.08007550000002084	epochs	2.0
1227.2215056220703	0.040222300000095856	epochs	3.0
1227.2617279220703	0.03985319999992498	epochs	3.0
1227.3015811220703	0.07862569999997504	epochs	2.0
1227.3015811220703	0.039490800000066884	epochs	3.0
1227.3410719220703	0.03913489999990816	epochs	3.0
1227.3802068220702	0.07722760000001472	epochs	2.0
1227.3802068220702	0.038785400000051595	epochs	3.0
1227.4189922220703	0.03844219999996312	epochs	3.0
1227.4574344220703	0.07587820000003376	epochs	2.0
1227.4574344220703	0.03810480000015559	epochs	3.0
1227.4955392220704	0.037773399999878166	epochs	3.0
1227.5333126220703	0.0745752000000266	epochs	2.0
1227.5333126220703	0.03744770000002973	epochs	3.0
1227.5707603220703	0.03712749999999687	epochs	3.0
1227.6078878220703	0.07331629999998768	epochs	2.0
1227.6078878220703	0.0368129000000863	epochs	3.0
1227.6447007220704	0.036503399999901376	epochs	3.0
1227.6812041220703	0.07209899999998015	epochs	2.0
1227.6812041220703	0.03619909999997617	epochs	3.0
1227.7174032220703	0.03589990000000398	epochs	3.0
1227.7533031220703	0.07092170000009901	epochs	2.0
1227.7533031220703	0.03560560000005353	epochs	3.0
1227.7889087220703	0.03531610000004548	epochs	3.0
1227.8242248220704	0.06978200000003199	epochs	2.0
1227.8242248220704	0.03503119999982118	epochs	3.0
1227.8592560220702	0.0347508000002108	epochs	3.0
1227.8940068220704	0.06867859999988468	epochs	2.0
1227.8940068220704	0.03447509999978138	epochs	3.0
1227.9284819220702	0.034203500000103304	epochs	3.0
1227.9626854220703	0.06760929999995824	epochs	2.0
1227.9626854220703	0.033936199999970995	epochs	3.0
1227.9966216220703	0.033673099999987244	epochs	3.0
1228.0302947220703	0.06657289999998284	epochs	2.0
1228.0302947220703	0.03341399999999339	epochs	3.0
1228.0637087220703	0.033158899999989444	epochs	3.0
1228.0968676220702	0.06556780000005347	epochs	2.0
1228.0968676220702	0.03290770000012344	epochs	3.0
1228.1297753220704	0.032660099999930026	epochs	3.0
1228.1624354220703	0.06459259999996902	epochs	2.0
1228.1624354220703	0.03241640000010193	epochs	3.0
1228.1948518220704	0.032176199999867094	epochs	3.0
1228.2270280220703	0.06364600000006249	epochs	2.0
1228.2270280220703	0.03193959999998697	epochs	3.0
1228.2589676220703	0.03170640000007552	epochs	3.0
1228.2906740220703	0.0627266999999847	epochs	2.0
1228.2906740220703	0.031476599999905375	epochs	3.0
1228.3221506220702	0.03125010000007933	epochs	3.0
1228.3534007220703	0.06183359999999993	epochs	2.0
1228.3534007220703	0.03102689999991526	epochs	3.0
1228.3844276220702	0.030806700000084675	epochs	3.0
1228.4152343220703	0.060965599999917686	epochs	2.0
1228.4152343220703	0.030589799999916067	epochs	3.0
1228.4458241220702	0.030375800000001618	epochs	3.0
1228.4761999220702	0.06012160000000222	epochs	2.0
1228.4761999220702	0.030164900000045236	epochs	3.0
1228.5063648220703	0.02995669999995698	epochs	3.0
1228.5363215220702	0.05930069999999432	epochs	2.0
1228.5363215220702	0.029751600000054168	epochs	3.0
1228.5660731220703	0.029549099999940154	epochs	3.0
1228.5956222220702	0.058501800000158255	epochs	2.0
1228.5956222220702	0.02934940000000097	epochs	3.0
1228.6249716220702	0.029152400000157286	epochs	3.0
1228.6541240220704	0.05772419999993872	epochs	2.0
1228.6541240220704	0.028957999999875028	epochs	3.0
1228.6830820220703	0.02876620000006369	epochs	3.0
1228.7118482220703	0.05696710000006533	epochs	2.0
1228.7118482220703	0.028577000000041153	epochs	3.0
1228.7404252220704	0.028390100000024177	epochs	3.0
1228.7688153220704	0.05622949999997218	epochs	2.0
1228.7688153220704	0.028205699999944045	epochs	3.0
1228.7970210220703	0.028023800000028132	epochs	3.0
1228.8250448220704	0.05551070000001346	epochs	2.0
1228.8250448220704	0.027843999999959124	epochs	3.0
1228.8528888220703	0.027666700000054334	epochs	3.0
1228.8805555220704	0.054810200000019904	epochs	2.0
1228.8805555220704	0.02749149999999645	epochs	3.0
1228.9080470220704	0.027318700000023455	epochs	3.0
1228.9353657220704	0.054126999999880354	epochs	2.0
1228.9353657220704	0.027147799999966082	epochs	3.0
1228.9625135220704	0.026979199999914272	epochs	3.0
1228.9894927220703	0.053460699999959616	epochs	2.0
1228.9894927220703	0.026812600000084785	epochs	3.0
1229.0163053220704	0.02664809999987483	epochs	3.0
1229.0429534220702	0.05281070000000909	epochs	2.0
1229.0429534220702	0.026485600000114573	epochs	3.0
1229.0694390220704	0.02632509999989452	epochs	3.0
1229.0957641220702	0.05217620000007628	epochs	2.0
1229.0957641220702	0.026166399999965506	epochs	3.0
1229.1219305220702	0.026009800000110772	epochs	3.0
1229.1479403220703	0.051556699999991906	epochs	2.0
1229.1479403220703	0.025854799999933675	epochs	3.0
1229.1737951220703	0.02570190000005823	epochs	3.0
1229.1994970220703	0.05095189999997274	epochs	2.0
1229.1994970220703	0.025550699999939752	epochs	3.0
1229.2250477220703	0.025401200000032986	epochs	3.0
1229.2504489220703	0.05036100000006627	epochs	2.0
1229.2504489220703	0.025253499999962514	epochs	3.0
1229.2757024220703	0.025107500000103755	epochs	3.0
1229.3008099220704	0.04978379999988647	epochs	2.0
1229.3008099220704	0.02496320000000196	epochs	3.0
1229.3257731220704	0.024820599999884507	epochs	3.0
1229.3505937220702	0.04921950000016295	epochs	2.0
1229.3505937220702	0.024679399999968155	epochs	3.0
1229.3752731220702	0.024540100000194798	epochs	3.0
1229.3998132220704	0.04866789999982757	epochs	2.0
1229.3998132220704	0.024402099999861093	epochs	3.0
1229.4242153220703	0.024265799999966475	epochs	3.0
1229.4484811220702	0.04812860000015462	epochs	2.0
1229.4484811220702	0.024131000000124914	epochs	3.0
1229.4726121220704	0.023997600000029706	epochs	3.0
1229.4966097220704	0.04760109999983797	epochs	2.0
1229.4966097220704	0.02386579999983951	epochs	3.0
1229.5204755220702	0.02373529999999846	epochs	3.0
1229.5442108220702	0.04708500000015192	epochs	2.0
1229.5442108220702	0.023606299999983094	epochs	3.0
1229.5678171220702	0.02347870000016883	epochs	3.0
1229.5912958220704	0.046579999999948996	epochs	2.0
1229.5912958220704	0.023352499999873544	epochs	3.0
1229.6146483220703	0.02322750000007545	epochs	3.0
1229.6378758220703	0.046085700000048746	epochs	2.0
1229.6378758220703	0.02310399999987567	epochs	3.0
1229.6609798220702	0.022981700000173078	epochs	3.0
1229.6839615220704	0.045601799999985815	epochs	2.0
1229.6839615220704	0.02286069999991014	epochs	3.0
1229.7068222220703	0.022741100000075676	epochs	3.0
1229.7295633220704	0.045127899999897636	epochs	2.0
1229.7295633220704	0.022622499999897627	epochs	3.0
1229.7521858220703	0.02250540000000001	epochs	3.0
1229.7746912220703	0.0446638000000803	epochs	2.0
1229.7746912220703	0.02238929999998618	epochs	3.0
1229.7970805220702	0.022274500000094122	epochs	3.0
1229.8193550220703	0.04420920000006845	epochs	2.0
1229.8193550220703	0.022160799999937808	epochs	3.0
1229.8415158220703	0.02204840000013064	epochs	3.0
1229.8635642220704	0.04376359999992019	epochs	2.0
1229.8635642220704	0.02193689999990056	epochs	3.0
1229.8855011220703	0.021826700000019628	epochs	3.0
1229.9073278220703	0.04332709999994222	epochs	2.0
1229.9073278220703	0.021717599999874437	epochs	3.0
1229.9290454220702	0.021609500000067783	epochs	3.0
1229.9506549220703	0.04289900000003399	epochs	2.0
1229.9506549220703	0.02150249999999687	epochs	3.0
1229.9721574220703	0.021396500000037122	epochs	3.0
1229.9935539220703	0.04247949999989942	epochs	2.0
1229.9935539220703	0.021291700000119818	epochs	3.0
1230.0148456220704	0.0211877999997796	epochs	3.0
1230.0360334220702	0.04206790000012006	epochs	2.0
1230.0360334220702	0.02108490000000529	epochs	3.0
1230.0571183220702	0.02098300000011477	epochs	3.0
1230.0781013220703	0.04166439999994509	epochs	2.0
1230.0781013220703	0.020882199999959994	epochs	3.0
1230.0989835220703	0.020782199999985096	epochs	3.0
1230.1197657220703	0.04126850000011473	epochs	2.0
1230.1197657220703	0.020683299999973315	epochs	3.0
1230.1404490220702	0.020585200000141413	epochs	3.0
1230.1610342220704	0.04088000000001557	epochs	2.0
1230.1610342220704	0.020488099999965925	epochs	3.0
1230.1815223220704	0.020391900000049645	epochs	3.0
1230.2019142220704	0.04049880000002304	epochs	2.0
1230.2019142220704	0.020296599999937825	epochs	3.0
1230.2222108220703	0.020202200000085213	epochs	3.0
1230.2424130220704	0.040124599999899146	epochs	2.0
1230.2424130220704	0.020108699999809687	epochs	3.0
1230.2625217220702	0.02001590000008946	epochs	3.0
1230.2825376220703	0.03975730000001931	epochs	2.0
1230.2825376220703	0.0199241999998776	epochs	3.0
1230.3024618220702	0.019833100000141712	epochs	3.0
1230.3222949220703	0.03939669999999751	epochs	2.0
1230.3222949220703	0.01974300000006224	epochs	3.0
1230.3420379220704	0.01965369999993527	epochs	3.0
1230.3616916220703	0.03904239999997117	epochs	2.0
1230.3616916220703	0.019565099999908853	epochs	3.0
1230.3812567220702	0.019477300000062314	epochs	3.0
1230.4007340220703	0.038694600000098944	epochs	2.0
1230.4007340220703	0.019390400000020236	epochs	3.0
1230.4201244220703	0.01930420000007871	epochs	3.0
1230.4394286220704	0.038352899999836154	epochs	2.0
1230.4394286220704	0.019218799999862313	epochs	3.0
1230.4586474220703	0.01913409999997384	epochs	3.0
1230.4777815220702	0.03801720000001296	epochs	2.0
1230.4777815220702	0.019050200000037876	epochs	3.0
1230.4968317220703	0.018966999999975087	epochs	3.0
1230.5157987220703	0.03768720000016401	epochs	2.0
1230.5157987220703	0.01888450000001285	epochs	3.0
1230.5346832220703	0.018802700000151162	epochs	3.0
1230.5534859220704	0.03736309999999321	epochs	2.0
1230.5534859220704	0.018721699999787234	epochs	3.0
1230.5722076220702	0.018641400000205977	epochs	3.0
1230.5908490220704	0.03704429999993408	epochs	2.0
1230.5908490220704	0.018561599999884493	epochs	3.0
1230.6094106220703	0.01848270000004959	epochs	3.0
1230.6278933220703	0.03673099999991791	epochs	2.0
1230.6278933220703	0.018404299999929208	epochs	3.0
1230.6462976220703	0.018326699999988705	epochs	3.0
1230.6646243220703	0.03642289999993409	epochs	2.0
1230.6646243220703	0.018249599999990096	epochs	3.0
1230.6828739220703	0.018173299999943993	epochs	3.0
1230.7010472220702	0.03612010000006194	epochs	2.0
1230.7010472220702	0.018097600000146485	epochs	3.0
1230.7191448220703	0.018022499999915453	epochs	3.0
1230.7371673220703	0.035822100000132195	epochs	2.0
1230.7371673220703	0.017947900000081063	epochs	3.0
1230.7551152220703	0.017874200000051133	epochs	3.0
1230.7729894220704	0.03552899999999681	epochs	2.0
1230.7729894220704	0.017800800000031813	epochs	3.0
1230.7907902220704	0.017728199999965	epochs	3.0
1230.8085184220704	0.03524070000003121	epochs	2.0
1230.8085184220704	0.01765609999984008	epochs	3.0
1230.8261745220702	0.01758460000019113	epochs	3.0
1230.8437591220704	0.03495709999992869	epochs	2.0
1230.8437591220704	0.017513699999881283	epochs	3.0
1230.8612728220703	0.017443400000047404	epochs	3.0
1230.8787162220704	0.034677899999906	epochs	2.0
1230.8787162220704	0.017373599999928047	epochs	3.0
1230.8960898220703	0.017304299999977957	epochs	3.0
1230.9133941220703	0.03440330000012182	epochs	2.0
1230.9133941220703	0.017235700000128418	epochs	3.0
1230.9306298220704	0.0171675999999934	epochs	3.0
1230.9477974220704	0.03413279999995211	epochs	2.0
1230.9477974220704	0.01709989999994832	epochs	3.0
1230.9648973220703	0.017032900000003792	epochs	3.0
1230.9819302220703	0.03386670000008962	epochs	2.0
1230.9819302220703	0.01696640000000116	epochs	3.0
1230.9988966220703	0.016900300000088464	epochs	3.0
1231.0157969220704	0.03360459999998966	epochs	2.0
1231.0157969220704	0.01683479999996962	epochs	3.0
1231.0326317220704	0.01676980000002004	epochs	3.0
1231.0494015220704	0.033346599999958926	epochs	2.0
1231.0494015220704	0.016705300000012357	epochs	3.0
1231.0661068220704	0.01664129999994657	epochs	3.0
1231.0827481220704	0.033092499999838765	epochs	2.0
1231.0827481220704	0.016577800000050047	epochs	3.0
1231.0993259220704	0.016514699999788718	epochs	3.0
1231.1158406220702	0.032842300000083924	epochs	2.0
1231.1158406220702	0.01645220000000336	epochs	3.0
1231.1322928220702	0.016390100000080565	epochs	3.0
1231.1486829220703	0.03259570000000167	epochs	2.0
1231.1486829220703	0.016328400000020338	epochs	3.0
1231.1650113220703	0.016267299999981333	epochs	3.0
1231.1812786220703	0.032352899999978035	epochs	2.0
1231.1812786220703	0.016206600000032267	epochs	3.0
1231.1974852220703	0.016146299999945768	epochs	3.0
1231.2136315220703	0.032113700000081735	epochs	2.0
1231.2136315220703	0.016086600000107865	epochs	3.0
1231.2297181220704	0.01602709999997387	epochs	3.0
1231.2457452220704	0.03187800000000607	epochs	2.0
1231.2457452220704	0.0159681999998611	epochs	3.0
1231.2617134220702	0.01590980000014497	epochs	3.0
1231.2776232220704	0.03164569999989908	epochs	2.0
1231.2776232220704	0.015851599999905375	epochs	3.0
1231.2934748220703	0.015794099999993705	epochs	3.0
1231.3092689220703	0.03141670000013619	epochs	2.0
1231.3092689220703	0.015736700000161363	epochs	3.0
1231.3250056220704	0.015679999999974825	epochs	3.0
1231.3406856220704	0.03119109999988723	epochs	2.0
1231.3406856220704	0.015623600000026272	epochs	3.0
1231.3563092220704	0.015567499999860956	epochs	3.0
1231.3718767220703	0.03096870000013041	epochs	2.0
1231.3718767220703	0.015511999999944237	epochs	3.0
1231.3873887220702	0.015456700000186174	epochs	3.0
1231.4028454220704	0.030749499999956242	epochs	2.0
1231.4028454220704	0.015401999999994587	epochs	3.0
1231.4182474220704	0.015347499999961656	epochs	3.0
1231.4335949220704	0.03053320000003623	epochs	2.0
1231.4335949220704	0.015293400000018664	epochs	3.0
1231.4488883220704	0.015239800000017567	epochs	3.0
1231.4641281220704	0.030320099999926242	epochs	2.0
1231.4641281220704	0.015186499999799707	epochs	3.0
1231.4793146220702	0.015133600000126535	epochs	3.0
1231.4944482220703	0.03010990000007041	epochs	2.0
1231.4944482220703	0.015081000000009226	epochs	3.0
1231.5095292220703	0.015028900000061185	epochs	3.0
1231.5245581220704	0.029902499999934662	epochs	2.0
1231.5245581220704	0.014976999999817053	epochs	3.0
1231.5395351220702	0.014925500000117609	epochs	3.0
1231.5544606220703	0.029698099999905025	epochs	2.0
1231.5544606220703	0.014874400000053356	epochs	3.0
1231.5693350220704	0.01482369999985167	epochs	3.0
1231.5841587220702	0.029496300000118936	epochs	2.0
1231.5841587220702	0.014773200000036013	epochs	3.0
1231.5989319220703	0.014723100000082923	epochs	3.0
1231.6136550220704	0.029297399999904883	epochs	2.0
1231.6136550220704	0.014673399999992398	epochs	3.0
1231.6283284220704	0.014623999999912485	epochs	3.0
1231.6429524220703	0.029101099999934377	epochs	2.0
1231.6429524220703	0.014574900000070556	epochs	3.0
1231.6575273220703	0.01452619999986382	epochs	3.0
1231.6720535220702	0.028907400000207417	epochs	2.0
1231.6720535220702	0.014477700000043114	epochs	3.0
1231.6865312220702	0.014429700000164303	epochs	3.0
1231.7009609220704	0.028716199999962555	epochs	2.0
1231.7009609220704	0.014381799999910072	epochs	3.0
1231.7153427220703	0.014334400000052483	epochs	3.0
1231.7296771220704	0.02852759999996124	epochs	2.0
1231.7296771220704	0.014287199999898803	epochs	3.0
1231.7439643220703	0.014240400000062436	epochs	3.0
1231.7582047220703	0.028341400000044814	epochs	2.0
1231.7582047220703	0.014193799999929979	epochs	3.0
1231.7723985220703	0.014147600000114835	epochs	3.0
1231.7865461220704	0.02815769999983786	epochs	2.0
1231.7865461220704	0.014101699999855555	epochs	3.0
1231.8006478220702	0.014055999999982305	epochs	3.0
1231.8147038220702	0.027976300000091214	epochs	2.0
1231.8147038220702	0.014010600000119666	epochs	3.0
1231.8287144220703	0.013965699999971548	epochs	3.0
1231.8426801220703	0.027797199999895383	epochs	2.0
1231.8426801220703	0.013920800000050804	epochs	3.0
1231.8566009220704	0.01387639999984458	epochs	3.0
1231.8704773220702	0.02762040000015986	epochs	2.0
1231.8704773220702	0.013832200000024386	epochs	3.0
1231.8843095220702	0.013788200000135475	epochs	3.0
1231.8980977220704	0.027445899999975154	epochs	2.0
1231.8980977220704	0.013744599999881757	epochs	3.0
1231.9118423220702	0.013701300000093397	epochs	3.0
1231.9255436220703	0.027273499999864725	epochs	2.0
1231.9255436220703	0.013658200000008947	epochs	3.0
1231.9392018220703	0.013615299999855779	epochs	3.0
1231.9528171220702	0.027103400000214606	epochs	2.0
1231.9528171220702	0.013572800000019924	epochs	3.0
1231.9663899220702	0.013530600000194681	epochs	3.0
1231.9799205220704	0.026935199999797987	epochs	2.0
1231.9799205220704	0.01348839999991469	epochs	3.0
1231.9934089220703	0.013446799999883297	epochs	3.0
1232.0068557220702	0.026769199999989723	epochs	2.0
1232.0068557220702	0.013405200000079276	epochs	3.0
1232.0202609220703	0.013363999999910448	epochs	3.0
1232.0336249220702	0.02660520000017641	epochs	2.0
1232.0336249220702	0.013322900000048321	epochs	3.0
1232.0469478220703	0.013282300000128089	epochs	3.0
1232.0602301220704	0.0264431999999033	epochs	2.0
1232.0602301220704	0.013241699999980483	epochs	3.0
1232.0734718220704	0.013201499999922817	epochs	3.0
1232.0866733220703	0.026283200000079887	epochs	2.0
1232.0866733220703	0.013161500000023807	epochs	3.0
1232.0998348220703	0.01312170000005608	epochs	3.0
1232.1129565220704	0.026124999999865395	epochs	2.0
1232.1129565220704	0.013082100000019636	epochs	3.0
1232.1260386220704	0.013042899999845758	epochs	3.0
1232.1390815220702	0.02596890000017993	epochs	2.0
1232.1390815220702	0.01300390000005791	epochs	3.0
1232.1520854220703	0.012965000000122018	epochs	3.0
1232.1650504220704	0.02581449999979668	epochs	2.0
1232.1650504220704	0.012926399999969362	epochs	3.0
1232.1779768220704	0.012888099999827318	epochs	3.0
1232.1908649220702	0.02566190000015922	epochs	2.0
1232.1908649220702	0.01284990000021935	epochs	3.0
1232.2037148220704	0.012811999999939871	epochs	3.0
1232.2165268220704	0.025511199999982637	epochs	2.0
1232.2165268220704	0.012774399999898378	epochs	3.0
1232.2293012220703	0.012736800000084258	epochs	3.0
1232.2420380220703	0.02536229999986972	epochs	2.0
1232.2420380220703	0.01269969999998466	epochs	3.0
1232.2547377220703	0.01266259999988506	epochs	3.0
1232.2674003220702	0.02521500000011656	epochs	2.0
1232.2674003220702	0.012625800000023446	epochs	3.0
1232.2800261220702	0.012589200000093115	epochs	3.0
1232.2926153220703	0.024584799999956886	epochs	2.0
1232.3146782220704	0.5	epochs	-1.0
1232.3172001220703	0.524159999999938	epochs	1.0
1232.8413601220702	0.4757600000000366	epochs	0.0
1234.201000213623	0.09519999999997708	epochs	0.0
1234.201000213623	0.04260199999998804	epochs	1.0
1234.243602213623	0.009996000000001004	epochs	1.0
1234.253598213623	0.04260199999998804	epochs	1.0
1234.296200213623	2.0	epochs	0.0
1236.296200213623	21.54487999999992	epochs	0.0
1236.296200213623	1.0	epochs	1.0
1236.296238313623	0.5	epochs	-1.0
1236.796238313623	19.997440000000097	epochs	-1.0
1237.296200213623	20.0	epochs	1.0
1237.296200213623	4.356753900000058	epochs	-1.0
1237.296200213623	1.9745872000000873	epochs	2.0
1237.296200213623	1.0985622000000603	epochs	3.0
1238.394762413623	0.8760250000000269	epochs	3.0
1239.270787413623	1.3524075000000266	epochs	2.0
1239.270787413623	0.7286354999998821	epochs	3.0
1239.999422913623	0.6237720000001445	epochs	3.0
1240.6231949136231	1.029759199999944	epochs	2.0
1240.6231949136231	0.5453292999998212	epochs	3.0
1241.168524213623	0.48442990000012287	epochs	3.0
1241.652954113623	0.8317861999998968	epochs	2.0
1241.652954113623	0.4357763000000432	epochs	3.0
1242.0887304136231	0.3960098999998536	epochs	3.0
1242.484740313623	0.6977970000000369	epochs	2.0
1242.484740313623	0.3628982000000178	epochs	3.0
1242.847638513623	0.33489880000001904	epochs	3.0
1243.182537313623	0.601045699999986	epochs	2.0
1243.182537313623	0.3109122999999272	epochs	3.0
1243.493449613623	0.2901334000000588	epochs	3.0
1243.783583013623	0.5278859000000011	epochs	2.0
1243.783583013623	0.2719586000000618	epochs	3.0
1244.055541613623	0.25592729999993935	epochs	3.0
1244.311468913623	0.470619299999953	epochs	2.0
1244.311468913623	0.241681299999982	epochs	3.0
1244.553150213623	0.228937999999971	epochs	3.0
1244.782088213623	0.42457039999999324	epochs	2.0
1244.782088213623	0.21747140000002219	epochs	3.0
1244.999559613623	0.20709899999997106	epochs	3.0
1245.206658613623	0.3867354000001342	epochs	2.0
1245.206658613623	0.19767110000020693	epochs	3.0
1245.4043297136232	0.18906429999992724	epochs	3.0
1245.593394013623	0.35509529999990264	epochs	2.0
1245.593394013623	0.18117589999997108	epochs	3.0
1245.774569913623	0.17391939999993156	epochs	3.0
1245.948489313623	0.3282431000000088	epochs	2.0
1245.948489313623	0.16722189999995862	epochs	3.0
1246.115711213623	0.16102120000005016	epochs	3.0
1246.276732413623	0.30516800000009425	epochs	2.0
1246.276732413623	0.15526390000013635	epochs	3.0
1246.4319963136231	0.1499040999999579	epochs	3.0
1246.581900413623	0.28512529999989056	epochs	2.0
1246.581900413623	0.14490209999985382	epochs	3.0
1246.726802513623	0.14022320000003674	epochs	3.0
1246.867025713623	0.267553800000087	epochs	2.0
1246.867025713623	0.1358368999999584	epochs	3.0
1247.002862613623	0.1317169000001286	epochs	3.0
1247.134579513623	0.252022899999929	epochs	2.0
1247.134579513623	0.1278393000000051	epochs	3.0
1247.262418813623	0.1241835999999239	epochs	3.0
1247.386602413623	0.23819649999995818	epochs	2.0
1247.386602413623	0.12073110000005727	epochs	3.0
1247.507333513623	0.11746539999990091	epochs	3.0
1247.624798913623	0.2258088000000953	epochs	2.0
1247.624798913623	0.11437190000015107	epochs	3.0
1247.739170813623	0.11143689999994422	epochs	3.0
1247.850607713623	0.21464599999990241	epochs	2.0
1247.850607713623	0.10864889999993466	epochs	3.0
1247.959256613623	0.10599709999996776	epochs	3.0
1248.065253713623	0.20453500000007807	epochs	2.0
1248.065253713623	0.10347150000006877	epochs	3.0
1248.168725213623	0.1010635000000093	epochs	3.0
1248.269788713623	0.19533400000000256	epochs	2.0
1248.269788713623	0.09876510000003691	epochs	3.0
1248.368553813623	0.09656889999996565	epochs	3.0
1248.465122713623	0.18692529999998442	epochs	2.0
1248.465122713623	0.09446830000001682	epochs	3.0
1248.559591013623	0.09245699999996759	epochs	3.0
1248.652048013623	0.1792107000001124	epochs	2.0
1248.652048013623	0.0905296000000817	epochs	3.0
1248.742577613623	0.08868110000003071	epochs	3.0
1248.8312587136231	0.17210769999996955	epochs	2.0
1248.8312587136231	0.08690630000000965	epochs	3.0
1248.9181650136231	0.0852013999999599	epochs	3.0
1249.003366413623	0.16554640000003928	epochs	2.0
1249.003366413623	0.08356189999994967	epochs	3.0
1249.086928313623	0.08198450000008961	epochs	3.0
1249.1689128136231	0.15946709999980158	epochs	2.0
1249.1689128136231	0.08046539999986635	epochs	3.0
1249.249378213623	0.07900169999993523	epochs	3.0
1249.328379913623	0.15381840000009106	epochs	2.0
1249.328379913623	0.07759010000017952	epochs	3.0
1249.4059700136231	0.07622829999991154	epochs	3.0
1249.482198313623	0.14855639999996129	epochs	2.0
1249.482198313623	0.07491329999993468	epochs	3.0
1249.557111613623	0.0736431000000266	epochs	3.0
1249.630754713623	0.14364240000008976	epochs	2.0
1249.630754713623	0.07241500000009182	epochs	3.0
1249.703169713623	0.07122739999999794	epochs	3.0
1249.774397113623	0.13904309999998077	epochs	2.0
1249.774397113623	0.07007799999996678	epochs	3.0
1249.844475113623	0.06896510000001399	epochs	3.0
1249.913440213623	0.13472929999988992	epochs	2.0
1249.913440213623	0.0678871000000072	epochs	3.0
1249.981327313623	0.06684219999988272	epochs	3.0
1250.048169513623	0.1306752000000415	epochs	2.0
1250.048169513623	0.06582910000020092	epochs	3.0
1250.1139986136232	0.06484609999984059	epochs	3.0
1250.178844713623	0.12685780000015257	epochs	2.0
1250.178844713623	0.06389200000012352	epochs	3.0
1250.2427367136231	0.06296580000002905	epochs	3.0
1250.3057025136231	0.12325719999989815	epochs	2.0
1250.3057025136231	0.06206579999980022	epochs	3.0
1250.367768313623	0.06119140000009793	epochs	3.0
1250.428959713623	0.11985540000000583	epochs	2.0
1250.428959713623	0.060341099999959624	epochs	3.0
1250.489300813623	0.059514300000046205	epochs	3.0
1250.548815113623	0.1166361999999026	epochs	2.0
1250.548815113623	0.058709599999929196	epochs	3.0
1250.607524713623	0.057926599999973405	epochs	3.0
1250.665451313623	0.11358560000007856	epochs	2.0
1250.665451313623	0.05716419999998834	epochs	3.0
1250.722615513623	0.056421400000090216	epochs	3.0
1250.779036913623	0.11069049999991876	epochs	2.0
1250.779036913623	0.055697900000041045	epochs	3.0
1250.834734813623	0.05499259999987771	epochs	3.0
1250.889727413623	0.1079391000000669	epochs	2.0
1250.889727413623	0.05430490000003374	epochs	3.0
1250.944032313623	0.05363420000003316	epochs	3.0
1250.997666513623	0.10532149999994544	epochs	2.0
1250.997666513623	0.05297999999993408	epochs	3.0
1251.050646513623	0.052341500000011365	epochs	3.0
1251.102988013623	0.10282760000018243	epochs	2.0
1251.102988013623	0.05171810000001642	epochs	3.0
1251.154706113623	0.05110950000016601	epochs	3.0
1251.2058156136231	0.10044909999987794	epochs	2.0
1251.2058156136231	0.0505148999998255	epochs	3.0
1251.256330513623	0.04993420000005244	epochs	3.0
1251.306264713623	0.0981782999999723	epochs	2.0
1251.306264713623	0.04936659999998483	epochs	3.0
1251.355631313623	0.04881169999998747	epochs	3.0
1251.404443013623	0.09600780000005216	epochs	2.0
1251.404443013623	0.04826920000004975	epochs	3.0
1251.452712213623	0.04773860000000241	epochs	3.0
1251.500450813623	0.09393120000004274	epochs	2.0
1251.500450813623	0.04721949999998287	epochs	3.0
1251.547670313623	0.046711700000059864	epochs	3.0
1251.594382013623	0.09194260000003851	epochs	2.0
1251.594382013623	0.046214599999984785	epochs	3.0
1251.640596613623	0.045728000000053726	epochs	3.0
1251.6863246136231	0.09003629999983787	epochs	2.0
1251.6863246136231	0.045251499999949374	epochs	3.0
1251.731576113623	0.04478479999988849	epochs	3.0
1251.776360913623	0.08820760000003247	epochs	2.0
1251.776360913623	0.044327800000019124	epochs	3.0
1251.820688713623	0.04387980000001335	epochs	3.0
1251.864568513623	0.0864516999999978	epochs	2.0
1251.864568513623	0.04344100000002982	epochs	3.0
1251.908009513623	0.04301069999996798	epochs	3.0
1251.951020213623	0.08476429999996071	epochs	2.0
1251.951020213623	0.04258900000013455	epochs	3.0
1251.9936092136231	0.042175299999826166	epochs	3.0
1252.035784513623	0.08314150000001064	epochs	2.0
1252.035784513623	0.04176970000003166	epochs	3.0
1252.077554213623	0.041371799999978975	epochs	3.0
1252.118926013623	0.08157970000002024	epochs	2.0
1252.118926013623	0.040981399999964196	epochs	3.0
1252.159907413623	0.04059830000005604	epochs	3.0
1252.200505713623	0.08007550000002084	epochs	2.0
1252.200505713623	0.040222300000095856	epochs	3.0
1252.240728013623	0.03985319999992498	epochs	3.0
1252.280581213623	0.07862569999997504	epochs	2.0
1252.280581213623	0.039490800000066884	epochs	3.0
1252.320072013623	0.03913489999990816	epochs	3.0
1252.359206913623	0.07722760000001472	epochs	2.0
1252.359206913623	0.038785400000051595	epochs	3.0
1252.397992313623	0.03844219999996312	epochs	3.0
1252.436434513623	0.07587820000003376	epochs	2.0
1252.436434513623	0.03810480000015559	epochs	3.0
1252.4745393136232	0.037773399999878166	epochs	3.0
1252.512312713623	0.0745752000000266	epochs	2.0
1252.512312713623	0.03744770000002973	epochs	3.0
1252.549760413623	0.03712749999999687	epochs	3.0
1252.586887913623	0.07331629999998768	epochs	2.0
1252.586887913623	0.0368129000000863	epochs	3.0
1252.6237008136231	0.036503399999901376	epochs	3.0
1252.660204213623	0.07209899999998015	epochs	2.0
1252.660204213623	0.03619909999997617	epochs	3.0
1252.696403313623	0.03589990000000398	epochs	3.0
1252.732303213623	0.07092170000009901	epochs	2.0
1252.732303213623	0.03560560000005353	epochs	3.0
1252.767908813623	0.03531610000004548	epochs	3.0
1252.8032249136231	0.06978200000003199	epochs	2.0
1252.8032249136231	0.03503119999982118	epochs	3.0
1252.838256113623	0.0347508000002108	epochs	3.0
1252.8730069136232	0.06867859999988468	epochs	2.0
1252.8730069136232	0.03447509999978138	epochs	3.0
1252.907482013623	0.034203500000103304	epochs	3.0
1252.941685513623	0.06760929999995824	epochs	2.0
1252.941685513623	0.033936199999970995	epochs	3.0
1252.975621713623	0.033673099999987244	epochs	3.0
1253.009294813623	0.06657289999998284	epochs	2.0
1253.009294813623	0.03341399999999339	epochs	3.0
1253.042708813623	0.033158899999989444	epochs	3.0
1253.075867713623	0.06556780000005347	epochs	2.0
1253.075867713623	0.03290770000012344	epochs	3.0
1253.108775413623	0.032660099999930026	epochs	3.0
1253.141435513623	0.06459259999996902	epochs	2.0
1253.141435513623	0.03241640000010193	epochs	3.0
1253.1738519136231	0.032176199999867094	epochs	3.0
1253.206028113623	0.06364600000006249	epochs	2.0
1253.206028113623	0.03193959999998697	epochs	3.0
1253.237967713623	0.03170640000007552	epochs	3.0
1253.269674113623	0.0627266999999847	epochs	2.0
1253.269674113623	0.031476599999905375	epochs	3.0
1253.301150713623	0.03125010000007933	epochs	3.0
1253.332400813623	0.06183359999999993	epochs	2.0
1253.332400813623	0.03102689999991526	epochs	3.0
1253.363427713623	0.030806700000084675	epochs	3.0
1253.394234413623	0.060965599999917686	epochs	2.0
1253.394234413623	0.030589799999916067	epochs	3.0
1253.424824213623	0.030375800000001618	epochs	3.0
1253.455200013623	0.06012160000000222	epochs	2.0
1253.455200013623	0.030164900000045236	epochs	3.0
1253.485364913623	0.02995669999995698	epochs	3.0
1253.515321613623	0.05930069999999432	epochs	2.0
1253.515321613623	0.029751600000054168	epochs	3.0
1253.545073213623	0.029549099999940154	epochs	3.0
1253.574622313623	0.058501800000158255	epochs	2.0
1253.574622313623	0.02934940000000097	epochs	3.0
1253.603971713623	0.029152400000157286	epochs	3.0
1253.6331241136231	0.05772419999993872	epochs	2.0
1253.6331241136231	0.028957999999875028	epochs	3.0
1253.662082113623	0.02876620000006369	epochs	3.0
1253.690848313623	0.05696710000006533	epochs	2.0
1253.690848313623	0.028577000000041153	epochs	3.0
1253.719425313623	0.028390100000024177	epochs	3.0
1253.7478154136231	0.05622949999997218	epochs	2.0
1253.7478154136231	0.028205699999944045	epochs	3.0
1253.776021113623	0.028023800000028132	epochs	3.0
1253.804044913623	0.05551070000001346	epochs	2.0
1253.804044913623	0.027843999999959124	epochs	3.0
1253.831888913623	0.027666700000054334	epochs	3.0
1253.8595556136231	0.054810200000019904	epochs	2.0
1253.8595556136231	0.02749149999999645	epochs	3.0
1253.887047113623	0.027318700000023455	epochs	3.0
1253.9143658136231	0.054126999999880354	epochs	2.0
1253.9143658136231	0.027147799999966082	epochs	3.0
1253.941513613623	0.026979199999914272	epochs	3.0
1253.968492813623	0.053460699999959616	epochs	2.0
1253.968492813623	0.026812600000084785	epochs	3.0
1253.995305413623	0.02664809999987483	epochs	3.0
1254.021953513623	0.05281070000000909	epochs	2.0
1254.021953513623	0.026485600000114573	epochs	3.0
1254.048439113623	0.02632509999989452	epochs	3.0
1254.074764213623	0.05217620000007628	epochs	2.0
1254.074764213623	0.026166399999965506	epochs	3.0
1254.100930613623	0.026009800000110772	epochs	3.0
1254.126940413623	0.051556699999991906	epochs	2.0
1254.126940413623	0.025854799999933675	epochs	3.0
1254.152795213623	0.02570190000005823	epochs	3.0
1254.178497113623	0.05095189999997274	epochs	2.0
1254.178497113623	0.025550699999939752	epochs	3.0
1254.204047813623	0.025401200000032986	epochs	3.0
1254.229449013623	0.05036100000006627	epochs	2.0
1254.229449013623	0.025253499999962514	epochs	3.0
1254.254702513623	0.025107500000103755	epochs	3.0
1254.279810013623	0.04978379999988647	epochs	2.0
1254.279810013623	0.02496320000000196	epochs	3.0
1254.304773213623	0.024820599999884507	epochs	3.0
1254.329593813623	0.04921950000016295	epochs	2.0
1254.329593813623	0.024679399999968155	epochs	3.0
1254.354273213623	0.024540100000194798	epochs	3.0
1254.3788133136231	0.04866789999982757	epochs	2.0
1254.3788133136231	0.024402099999861093	epochs	3.0
1254.403215413623	0.024265799999966475	epochs	3.0
1254.427481213623	0.04812860000015462	epochs	2.0
1254.427481213623	0.024131000000124914	epochs	3.0
1254.451612213623	0.023997600000029706	epochs	3.0
1254.4756098136231	0.04760109999983797	epochs	2.0
1254.4756098136231	0.02386579999983951	epochs	3.0
1254.499475613623	0.02373529999999846	epochs	3.0
1254.523210913623	0.04708500000015192	epochs	2.0
1254.523210913623	0.023606299999983094	epochs	3.0
1254.546817213623	0.02347870000016883	epochs	3.0
1254.570295913623	0.046579999999948996	epochs	2.0
1254.570295913623	0.023352499999873544	epochs	3.0
1254.593648413623	0.02322750000007545	epochs	3.0
1254.616875913623	0.046085700000048746	epochs	2.0
1254.616875913623	0.02310399999987567	epochs	3.0
1254.639979913623	0.022981700000173078	epochs	3.0
1254.662961613623	0.045601799999985815	epochs	2.0
1254.662961613623	0.02286069999991014	epochs	3.0
1254.685822313623	0.022741100000075676	epochs	3.0
1254.708563413623	0.045127899999897636	epochs	2.0
1254.708563413623	0.022622499999897627	epochs	3.0
1254.731185913623	0.02250540000000001	epochs	3.0
1254.753691313623	0.0446638000000803	epochs	2.0
1254.753691313623	0.02238929999998618	epochs	3.0
1254.776080613623	0.022274500000094122	epochs	3.0
1254.798355113623	0.04420920000006845	epochs	2.0
1254.798355113623	0.022160799999937808	epochs	3.0
1254.820515913623	0.02204840000013064	epochs	3.0
1254.8425643136231	0.04376359999992019	epochs	2.0
1254.8425643136231	0.02193689999990056	epochs	3.0
1254.864501213623	0.021826700000019628	epochs	3.0
1254.886327913623	0.04332709999994222	epochs	2.0
1254.886327913623	0.021717599999874437	epochs	3.0
1254.908045513623	0.021609500000067783	epochs	3.0
1254.929655013623	0.04289900000003399	epochs	2.0
1254.929655013623	0.02150249999999687	epochs	3.0
1254.951157513623	0.021396500000037122	epochs	3.0
1254.972554013623	0.04247949999989942	epochs	2.0
1254.972554013623	0.021291700000119818	epochs	3.0
1254.9938457136232	0.0211877999997796	epochs	3.0
1255.015033513623	0.04206790000012006	epochs	2.0
1255.015033513623	0.02108490000000529	epochs	3.0
1255.036118413623	0.02098300000011477	epochs	3.0
1255.057101413623	0.04166439999994509	epochs	2.0
1255.057101413623	0.020882199999959994	epochs	3.0
1255.077983613623	0.020782199999985096	epochs	3.0
1255.098765813623	0.04126850000011473	epochs	2.0
1255.098765813623	0.020683299999973315	epochs	3.0
1255.119449113623	0.020585200000141413	epochs	3.0
1255.1400343136231	0.04088000000001557	epochs	2.0
1255.1400343136231	0.020488099999965925	epochs	3.0
1255.160522413623	0.020391900000049645	epochs	3.0
1255.1809143136231	0.04049880000002304	epochs	2.0
1255.1809143136231	0.020296599999937825	epochs	3.0
1255.201210913623	0.020202200000085213	epochs	3.0
1255.2214131136232	0.040124599999899146	epochs	2.0
1255.2214131136232	0.020108699999809687	epochs	3.0
1255.241521813623	0.02001590000008946	epochs	3.0
1255.261537713623	0.03975730000001931	epochs	2.0
1255.261537713623	0.0199241999998776	epochs	3.0
1255.281461913623	0.019833100000141712	epochs	3.0
1255.301295013623	0.03939669999999751	epochs	2.0
1255.301295013623	0.01974300000006224	epochs	3.0
1255.3210380136231	0.01965369999993527	epochs	3.0
1255.340691713623	0.03904239999997117	epochs	2.0
1255.340691713623	0.019565099999908853	epochs	3.0
1255.360256813623	0.019477300000062314	epochs	3.0
1255.379734113623	0.038694600000098944	epochs	2.0
1255.379734113623	0.019390400000020236	epochs	3.0
1255.399124513623	0.01930420000007871	epochs	3.0
1255.4184287136231	0.038352899999836154	epochs	2.0
1255.4184287136231	0.019218799999862313	epochs	3.0
1255.437647513623	0.01913409999997384	epochs	3.0
1255.456781613623	0.03801720000001296	epochs	2.0
1255.456781613623	0.019050200000037876	epochs	3.0
1255.475831813623	0.018966999999975087	epochs	3.0
1255.494798813623	0.03768720000016401	epochs	2.0
1255.494798813623	0.01888450000001285	epochs	3.0
1255.513683313623	0.018802700000151162	epochs	3.0
1255.5324860136232	0.03736309999999321	epochs	2.0
1255.5324860136232	0.018721699999787234	epochs	3.0
1255.551207713623	0.018641400000205977	epochs	3.0
1255.5698491136231	0.03704429999993408	epochs	2.0
1255.5698491136231	0.018561599999884493	epochs	3.0
1255.588410713623	0.01848270000004959	epochs	3.0
1255.606893413623	0.03673099999991791	epochs	2.0
1255.606893413623	0.018404299999929208	epochs	3.0
1255.625297713623	0.018326699999988705	epochs	3.0
1255.643624413623	0.03642289999993409	epochs	2.0
1255.643624413623	0.018249599999990096	epochs	3.0
1255.661874013623	0.018173299999943993	epochs	3.0
1255.680047313623	0.03612010000006194	epochs	2.0
1255.680047313623	0.018097600000146485	epochs	3.0
1255.698144913623	0.018022499999915453	epochs	3.0
1255.716167413623	0.035822100000132195	epochs	2.0
1255.716167413623	0.017947900000081063	epochs	3.0
1255.734115313623	0.017874200000051133	epochs	3.0
1255.7519895136231	0.03552899999999681	epochs	2.0
1255.7519895136231	0.017800800000031813	epochs	3.0
1255.7697903136232	0.017728199999965	epochs	3.0
1255.7875185136231	0.03524070000003121	epochs	2.0
1255.7875185136231	0.01765609999984008	epochs	3.0
1255.805174613623	0.01758460000019113	epochs	3.0
1255.8227592136232	0.03495709999992869	epochs	2.0
1255.8227592136232	0.017513699999881283	epochs	3.0
1255.840272913623	0.017443400000047404	epochs	3.0
1255.857716313623	0.034677899999906	epochs	2.0
1255.857716313623	0.017373599999928047	epochs	3.0
1255.875089913623	0.017304299999977957	epochs	3.0
1255.892394213623	0.03440330000012182	epochs	2.0
1255.892394213623	0.017235700000128418	epochs	3.0
1255.9096299136231	0.0171675999999934	epochs	3.0
1255.9267975136231	0.03413279999995211	epochs	2.0
1255.9267975136231	0.01709989999994832	epochs	3.0
1255.943897413623	0.017032900000003792	epochs	3.0
1255.960930313623	0.03386670000008962	epochs	2.0
1255.960930313623	0.01696640000000116	epochs	3.0
1255.977896713623	0.016900300000088464	epochs	3.0
1255.9947970136232	0.03360459999998966	epochs	2.0
1255.9947970136232	0.01683479999996962	epochs	3.0
1256.0116318136231	0.01676980000002004	epochs	3.0
1256.0284016136231	0.033346599999958926	epochs	2.0
1256.0284016136231	0.016705300000012357	epochs	3.0
1256.0451069136232	0.01664129999994657	epochs	3.0
1256.061748213623	0.033092499999838765	epochs	2.0
1256.061748213623	0.016577800000050047	epochs	3.0
1256.0783260136232	0.016514699999788718	epochs	3.0
1256.094840713623	0.032842300000083924	epochs	2.0
1256.094840713623	0.01645220000000336	epochs	3.0
1256.111292913623	0.016390100000080565	epochs	3.0
1256.127683013623	0.03259570000000167	epochs	2.0
1256.127683013623	0.016328400000020338	epochs	3.0
1256.144011413623	0.016267299999981333	epochs	3.0
1256.160278713623	0.032352899999978035	epochs	2.0
1256.160278713623	0.016206600000032267	epochs	3.0
1256.176485313623	0.016146299999945768	epochs	3.0
1256.192631613623	0.032113700000081735	epochs	2.0
1256.192631613623	0.016086600000107865	epochs	3.0
1256.2087182136231	0.01602709999997387	epochs	3.0
1256.224745313623	0.03187800000000607	epochs	2.0
1256.224745313623	0.0159681999998611	epochs	3.0
1256.240713513623	0.01590980000014497	epochs	3.0
1256.256623313623	0.03164569999989908	epochs	2.0
1256.256623313623	0.015851599999905375	epochs	3.0
1256.272474913623	0.015794099999993705	epochs	3.0
1256.288269013623	0.03141670000013619	epochs	2.0
1256.288269013623	0.015736700000161363	epochs	3.0
1256.3040057136232	0.015679999999974825	epochs	3.0
1256.3196857136231	0.03119109999988723	epochs	2.0
1256.3196857136231	0.015623600000026272	epochs	3.0
1256.3353093136232	0.015567499999860956	epochs	3.0
1256.350876813623	0.03096870000013041	epochs	2.0
1256.350876813623	0.015511999999944237	epochs	3.0
1256.366388813623	0.015456700000186174	epochs	3.0
1256.3818455136231	0.030749499999956242	epochs	2.0
1256.3818455136231	0.015401999999994587	epochs	3.0
1256.3972475136231	0.015347499999961656	epochs	3.0
1256.412595013623	0.03053320000003623	epochs	2.0
1256.412595013623	0.015293400000018664	epochs	3.0
1256.4278884136231	0.015239800000017567	epochs	3.0
1256.4431282136231	0.030320099999926242	epochs	2.0
1256.4431282136231	0.015186499999799707	epochs	3.0
1256.458314713623	0.015133600000126535	epochs	3.0
1256.473448313623	0.03010990000007041	epochs	2.0
1256.473448313623	0.015081000000009226	epochs	3.0
1256.488529313623	0.015028900000061185	epochs	3.0
1256.5035582136231	0.029902499999934662	epochs	2.0
1256.5035582136231	0.014976999999817053	epochs	3.0
1256.518535213623	0.014925500000117609	epochs	3.0
1256.533460713623	0.029698099999905025	epochs	2.0
1256.533460713623	0.014874400000053356	epochs	3.0
1256.5483351136231	0.01482369999985167	epochs	3.0
1256.563158813623	0.029496300000118936	epochs	2.0
1256.563158813623	0.014773200000036013	epochs	3.0
1256.577932013623	0.014723100000082923	epochs	3.0
1256.592655113623	0.029297399999904883	epochs	2.0
1256.592655113623	0.014673399999992398	epochs	3.0
1256.607328513623	0.014623999999912485	epochs	3.0
1256.621952513623	0.029101099999934377	epochs	2.0
1256.621952513623	0.014574900000070556	epochs	3.0
1256.636527413623	0.01452619999986382	epochs	3.0
1256.651053613623	0.028907400000207417	epochs	2.0
1256.651053613623	0.014477700000043114	epochs	3.0
1256.665531313623	0.014429700000164303	epochs	3.0
1256.6799610136231	0.028716199999962555	epochs	2.0
1256.6799610136231	0.014381799999910072	epochs	3.0
1256.694342813623	0.014334400000052483	epochs	3.0
1256.708677213623	0.02852759999996124	epochs	2.0
1256.708677213623	0.014287199999898803	epochs	3.0
1256.722964413623	0.014240400000062436	epochs	3.0
1256.737204813623	0.028341400000044814	epochs	2.0
1256.737204813623	0.014193799999929979	epochs	3.0
1256.751398613623	0.014147600000114835	epochs	3.0
1256.765546213623	0.02815769999983786	epochs	2.0
1256.765546213623	0.014101699999855555	epochs	3.0
1256.779647913623	0.014055999999982305	epochs	3.0
1256.793703913623	0.027976300000091214	epochs	2.0
1256.793703913623	0.014010600000119666	epochs	3.0
1256.807714513623	0.013965699999971548	epochs	3.0
1256.821680213623	0.027797199999895383	epochs	2.0
1256.821680213623	0.013920800000050804	epochs	3.0
1256.835601013623	0.01387639999984458	epochs	3.0
1256.849477413623	0.02762040000015986	epochs	2.0
1256.849477413623	0.013832200000024386	epochs	3.0
1256.863309613623	0.013788200000135475	epochs	3.0
1256.877097813623	0.027445899999975154	epochs	2.0
1256.877097813623	0.013744599999881757	epochs	3.0
1256.890842413623	0.013701300000093397	epochs	3.0
1256.904543713623	0.027273499999864725	epochs	2.0
1256.904543713623	0.013658200000008947	epochs	3.0
1256.918201913623	0.013615299999855779	epochs	3.0
1256.931817213623	0.027103400000214606	epochs	2.0
1256.931817213623	0.013572800000019924	epochs	3.0
1256.945390013623	0.013530600000194681	epochs	3.0
1256.9589206136231	0.026935199999797987	epochs	2.0
1256.9589206136231	0.01348839999991469	epochs	3.0
1256.972409013623	0.013446799999883297	epochs	3.0
1256.985855813623	0.026769199999989723	epochs	2.0
1256.985855813623	0.013405200000079276	epochs	3.0
1256.999261013623	0.013363999999910448	epochs	3.0
1257.012625013623	0.02660520000017641	epochs	2.0
1257.012625013623	0.013322900000048321	epochs	3.0
1257.025947913623	0.013282300000128089	epochs	3.0
1257.0392302136231	0.0264431999999033	epochs	2.0
1257.0392302136231	0.013241699999980483	epochs	3.0
1257.052471913623	0.013201499999922817	epochs	3.0
1257.065673413623	0.026283200000079887	epochs	2.0
1257.065673413623	0.013161500000023807	epochs	3.0
1257.078834913623	0.01312170000005608	epochs	3.0
1257.091956613623	0.026124999999865395	epochs	2.0
1257.091956613623	0.013082100000019636	epochs	3.0
1257.1050387136231	0.013042899999845758	epochs	3.0
1257.118081613623	0.02596890000017993	epochs	2.0
1257.118081613623	0.01300390000005791	epochs	3.0
1257.131085513623	0.012965000000122018	epochs	3.0
1257.1440505136231	0.02581449999979668	epochs	2.0
1257.1440505136231	0.012926399999969362	epochs	3.0
1257.156976913623	0.012888099999827318	epochs	3.0
1257.169865013623	0.02566190000015922	epochs	2.0
1257.169865013623	0.01284990000021935	epochs	3.0
1257.1827149136232	0.012811999999939871	epochs	3.0
1257.195526913623	0.025511199999982637	epochs	2.0
1257.195526913623	0.012774399999898378	epochs	3.0
1257.208301313623	0.012736800000084258	epochs	3.0
1257.221038113623	0.02536229999986972	epochs	2.0
1257.221038113623	0.01269969999998466	epochs	3.0
1257.233737813623	0.01266259999988506	epochs	3.0
1257.246400413623	0.02521500000011656	epochs	2.0
1257.246400413623	0.012625800000023446	epochs	3.0
1257.259026213623	0.012589200000093115	epochs	3.0
1257.271615413623	0.024584799999956886	epochs	2.0
1257.293678313623	0.5	epochs	-1.0
1257.296200213623	0.544879999999921	epochs	1.0
1257.841080213623	0.4550400000000536	epochs	0.0
1277.0300002098083	0.09519999999997708	epochs	0.0
1277.0300002098083	0.04260199999998804	epochs	1.0
1277.0726022098083	0.009996000000001004	epochs	1.0
1277.0825982098083	0.04260199999998804	epochs	1.0
1277.1252002098083	0.2299199999999928	epochs	0.0
1277.1252002098083	0.049999999999954525	epochs	1.0
1277.1752002098083	0.009999999999990905	epochs	1.0
1277.1852002098083	0.0500000000001819	epochs	1.0
1277.2352002098085	0.009999999999990905	epochs	1.0
1277.2452002098084	0.049999999999954525	epochs	1.0
1277.2952002098084	0.009999999999990905	epochs	1.0
1277.3052002098084	0.04991999999992913	epochs	1.0
2228.728000164032	0.09520000000020445	epochs	0.0
2228.728000164032	0.04260199999998804	epochs	1.0
2228.770602164032	0.009996000000228378	epochs	1.0
2228.780598164032	0.04260199999998804	epochs	1.0
2228.823200164032	0.22991999999976542	epochs	0.0
2228.823200164032	0.04999999999972715	epochs	1.0
2228.873200164032	0.010000000000218279	epochs	1.0
2228.883200164032	0.04999999999972715	epochs	1.0
2228.933200164032	0.010000000000218279	epochs	1.0
2228.943200164032	0.04999999999972715	epochs	1.0
2228.993200164032	0.010000000000218279	epochs	1.0
2229.003200164032	0.04991999999992913	epochs	1.0
2255.635000228882	0.09520000000020445	epochs	0.0
2255.635000228882	0.04260199999998804	epochs	1.0
2255.677602228882	0.009996000000228378	epochs	1.0
2255.687598228882	0.04260199999998804	epochs	1.0
2255.730200228882	2.9999199999997472	epochs	0.0
2255.730200228882	1.0	epochs	1.0
2256.730200228882	1.0	epochs	1.0
2257.730200228882	0.9999199999997472	epochs	1.0
2260.076000213623	0.09520000000020445	epochs	0.0
2260.076000213623	0.04260199999998804	epochs	1.0
2260.118602213623	0.009996000000228378	epochs	1.0
2260.1285982136233	0.04260199999998804	epochs	1.0
2260.1712002136233	2.9999199999997472	epochs	0.0
2260.1712002136233	1.0	epochs	1.0
2261.1712002136233	1.0	epochs	1.0
2262.1712002136233	0.9999199999997472	epochs	1.0
2264.459000110626	0.09520000000020445	epochs	0.0
2264.459000110626	0.04260199999998804	epochs	1.0
2264.501602110626	0.009996000000228378	epochs	1.0
2264.5115981106264	0.04260199999998804	epochs	1.0
2264.5542001106264	2.9999199999997472	epochs	0.0
2264.5542001106264	1.0	epochs	1.0
2265.5542001106264	1.0	epochs	1.0
2266.5542001106264	0.9999199999997472	epochs	1.0
2268.7920002937317	0.09520000000020445	epochs	0.0
2268.7920002937317	0.04260199999998804	epochs	1.0
2268.8346022937317	0.009996000000228378	epochs	1.0
2268.844598293732	0.04260199999998804	epochs	1.0
2268.887200293732	2.9999199999997472	epochs	0.0
2268.887200293732	1.0	epochs	1.0
2269.887200293732	1.0	epochs	1.0
2270.887200293732	0.9999199999997472	epochs	1.0
2273.28200006485	0.09520000000020445	epochs	0.0
2273.28200006485	0.04260199999998804	epochs	1.0
2273.32460206485	0.009996000000228378	epochs	1.0
2273.33459806485	0.04260199999998804	epochs	1.0
2273.37720006485	2.9999199999997472	epochs	0.0
2273.37720006485	1.0	epochs	1.0
2274.37720006485	1.0	epochs	1.0
2275.37720006485	0.9999199999997472	epochs	1.0
2277.6990003585815	0.09520000000020445	epochs	0.0
2277.6990003585815	0.04260199999998804	epochs	1.0
2277.7416023585815	0.009996000000228378	epochs	1.0
2277.7515983585818	0.04260199999998804	epochs	1.0
2277.7942003585817	2.9999199999997472	epochs	0.0
2277.7942003585817	1.0	epochs	1.0
2278.7942003585817	1.0	epochs	1.0
2279.7942003585817	0.9999199999997472	epochs	1.0
2282.1670002937317	0.09520000000020445	epochs	0.0
2282.1670002937317	0.04260199999998804	epochs	1.0
2282.2096022937317	0.009996000000228378	epochs	1.0
2282.219598293732	0.04260199999998804	epochs	1.0
2282.262200293732	2.9999199999997472	epochs	0.0
2282.262200293732	1.0	epochs	1.0
2283.262200293732	1.0	epochs	1.0
2284.262200293732	0.9999199999997472	epochs	1.0
2286.651000022888	0.09520000000020445	epochs	0.0
2286.651000022888	0.04260199999998804	epochs	1.0
2286.693602022888	0.009996000000228378	epochs	1.0
2286.7035980228884	0.04260199999998804	epochs	1.0
2286.7462000228884	2.9999199999997472	epochs	0.0
2286.7462000228884	1.0	epochs	1.0
2287.7462000228884	1.0	epochs	1.0
2288.7462000228884	0.9999199999997472	epochs	1.0
2291.077000141144	0.09520000000020445	epochs	0.0
2291.077000141144	0.04260199999998804	epochs	1.0
2291.119602141144	0.009996000000228378	epochs	1.0
2291.129598141144	0.04260199999998804	epochs	1.0
2291.172200141144	2.9999199999997472	epochs	0.0
2291.172200141144	1.0	epochs	1.0
2292.172200141144	1.0	epochs	1.0
2293.172200141144	0.9999199999997472	epochs	1.0
2295.5599999427795	0.09520000000020445	epochs	0.0
2295.5599999427795	0.04260199999998804	epochs	1.0
2295.6026019427795	0.009996000000228378	epochs	1.0
2295.6125979427798	0.04260199999998804	epochs	1.0
2295.6551999427797	2.9999199999997472	epochs	0.0
2295.6551999427797	1.0	epochs	1.0
2296.6551999427797	1.0	epochs	1.0
2297.6551999427797	0.9999199999997472	epochs	1.0
2300.072000026703	0.09520000000020445	epochs	0.0
2300.072000026703	0.04260199999998804	epochs	1.0
2300.114602026703	0.009996000000228378	epochs	1.0
2300.124598026703	0.04260199999998804	epochs	1.0
2300.167200026703	2.9999199999997472	epochs	0.0
2300.167200026703	1.0	epochs	1.0
2301.167200026703	1.0	epochs	1.0
2302.167200026703	0.9999199999997472	epochs	1.0
2304.5390000343323	0.09520000000020445	epochs	0.0
2304.5390000343323	0.04260199999998804	epochs	1.0
2304.5816020343323	0.009996000000228378	epochs	1.0
2304.5915980343325	0.04260199999998804	epochs	1.0
2304.6342000343325	2.9999199999997472	epochs	0.0
2304.6342000343325	1.0	epochs	1.0
2305.6342000343325	1.0	epochs	1.0
2306.6342000343325	0.9999199999997472	epochs	1.0
2308.9890003204346	0.09520000000020445	epochs	0.0
2308.9890003204346	0.04260199999998804	epochs	1.0
2309.0316023204346	0.009996000000228378	epochs	1.0
2309.041598320435	0.04260199999998804	epochs	1.0
2309.084200320435	2.9999199999997472	epochs	0.0
2309.084200320435	1.0	epochs	1.0
2310.084200320435	1.0	epochs	1.0
2311.084200320435	0.9999199999997472	epochs	1.0
2313.509000301361	0.09520000000020445	epochs	0.0
2313.509000301361	0.04260199999998804	epochs	1.0
2313.551602301361	0.009996000000228378	epochs	1.0
2313.5615983013613	0.04260199999998804	epochs	1.0
2313.6042003013613	2.9999199999997472	epochs	0.0
2313.6042003013613	1.0	epochs	1.0
2314.6042003013613	1.0	epochs	1.0
2315.6042003013613	0.9999199999997472	epochs	1.0
2317.9760003089905	0.09520000000020445	epochs	0.0
2317.9760003089905	0.04260199999998804	epochs	1.0
2318.0186023089905	0.009996000000228378	epochs	1.0
2318.0285983089907	0.04260199999998804	epochs	1.0
2318.0712003089907	2.9999199999997472	epochs	0.0
2318.0712003089907	1.0	epochs	1.0
2319.0712003089907	1.0	epochs	1.0
2320.0712003089907	0.9999199999997472	epochs	1.0
2322.5120000839233	0.09520000000020445	epochs	0.0
2322.5120000839233	0.04260199999998804	epochs	1.0
2322.5546020839233	0.009996000000228378	epochs	1.0
2322.5645980839236	0.04260199999998804	epochs	1.0
2322.6072000839235	2.9999199999997472	epochs	0.0
2322.6072000839235	1.0	epochs	1.0
2323.6072000839235	1.0	epochs	1.0
2324.6072000839235	0.9999199999997472	epochs	1.0
2327.0120000839233	0.09520000000020445	epochs	0.0
2327.0120000839233	0.04260199999998804	epochs	1.0
2327.0546020839233	0.009996000000228378	epochs	1.0
2327.0645980839236	0.04260199999998804	epochs	1.0
2327.1072000839235	2.9999199999997472	epochs	0.0
2327.1072000839235	1.0	epochs	1.0
2328.1072000839235	1.0	epochs	1.0
2329.1072000839235	0.9999199999997472	epochs	1.0
2331.5460000038147	0.09520000000020445	epochs	0.0
2331.5460000038147	0.04260199999998804	epochs	1.0
2331.5886020038147	0.009996000000228378	epochs	1.0
2331.598598003815	0.04260199999998804	epochs	1.0
2331.641200003815	2.9999199999997472	epochs	0.0
2331.641200003815	1.0	epochs	1.0
2332.641200003815	1.0	epochs	1.0
2333.641200003815	0.9999199999997472	epochs	1.0
2336.079999923706	0.09520000000020445	epochs	0.0
2336.079999923706	0.04260199999998804	epochs	1.0
2336.122601923706	0.009996000000228378	epochs	1.0
2336.1325979237063	0.04260199999998804	epochs	1.0
2336.1751999237063	2.9999199999997472	epochs	0.0
2336.1751999237063	1.0	epochs	1.0
2337.1751999237063	1.0	epochs	1.0
2338.1751999237063	0.9999199999997472	epochs	1.0
2340.6180000305176	0.09520000000020445	epochs	0.0
2340.6180000305176	0.04260199999998804	epochs	1.0
2340.6606020305176	0.009996000000228378	epochs	1.0
2340.670598030518	0.04260199999998804	epochs	1.0
2340.713200030518	2.9999199999997472	epochs	0.0
2340.713200030518	0.8999999999996362	epochs	1.0
2341.6132000305174	0.1000000000003638	epochs	1.0
2341.713200030518	1.0	epochs	1.0
2342.713200030518	0.9999199999997472	epochs	1.0
2345.1020002365112	0.09520000000020445	epochs	0.0
2345.1020002365112	0.04260199999998804	epochs	1.0
2345.144602236511	0.009996000000228378	epochs	1.0
2345.1545982365114	0.04260199999998804	epochs	1.0
2345.1972002365114	2.9999199999997472	epochs	0.0
2345.1972002365114	0.8999999999996362	epochs	1.0
2346.097200236511	0.1000000000003638	epochs	1.0
2346.1972002365114	1.0	epochs	1.0
2347.1972002365114	0.9999199999997472	epochs	1.0
2349.6000003814697	0.09520000000020445	epochs	0.0
2349.6000003814697	0.04260199999998804	epochs	1.0
2349.6426023814697	0.009996000000228378	epochs	1.0
2349.65259838147	0.04260199999998804	epochs	1.0
2349.69520038147	2.9999199999997472	epochs	0.0
2349.69520038147	0.8999999999996362	epochs	1.0
2350.5952003814696	0.1000000000003638	epochs	1.0
2350.69520038147	1.0	epochs	1.0
2351.69520038147	0.9999199999997472	epochs	1.0
2354.1670002937317	0.09520000000020445	epochs	0.0
2354.1670002937317	0.04260199999998804	epochs	1.0
2354.2096022937317	0.009996000000228378	epochs	1.0
2354.219598293732	0.04260199999998804	epochs	1.0
2354.262200293732	2.9999199999997472	epochs	0.0
2354.262200293732	0.8999999999996362	epochs	1.0
2355.1622002937315	0.1000000000003638	epochs	1.0
2355.262200293732	1.0	epochs	1.0
2356.262200293732	0.9999199999997472	epochs	1.0
2358.684000015259	0.09520000000020445	epochs	0.0
2358.684000015259	0.04260199999998804	epochs	1.0
2358.726602015259	0.009996000000228378	epochs	1.0
2358.736598015259	0.04260199999998804	epochs	1.0
2358.779200015259	2.9999199999997472	epochs	0.0
2358.779200015259	0.8999999999996362	epochs	1.0
2359.6792000152586	0.1000000000003638	epochs	1.0
2359.779200015259	1.0	epochs	1.0
2360.779200015259	0.9999199999997472	epochs	1.0
2363.151000022888	0.09520000000020445	epochs	0.0
2363.151000022888	0.04260199999998804	epochs	1.0
2363.193602022888	0.009996000000228378	epochs	1.0
2363.2035980228884	0.04260199999998804	epochs	1.0
2363.2462000228884	2.9999199999997472	epochs	0.0
2363.2462000228884	0.8999999999996362	epochs	1.0
2364.146200022888	0.1000000000003638	epochs	1.0
2364.2462000228884	1.0	epochs	1.0
2365.2462000228884	0.9999199999997472	epochs	1.0
2367.6680002212524	0.09520000000020445	epochs	0.0
2367.6680002212524	0.04260199999998804	epochs	1.0
2367.7106022212524	0.009996000000228378	epochs	1.0
2367.7205982212527	0.04260199999998804	epochs	1.0
2367.7632002212526	2.9999199999997472	epochs	0.0
2367.7632002212526	0.8999999999996362	epochs	1.0
2368.6632002212523	0.1000000000003638	epochs	1.0
2368.7632002212526	1.0	epochs	1.0
2369.7632002212526	0.9999199999997472	epochs	1.0
2372.1760001182556	0.09520000000020445	epochs	0.0
2372.1760001182556	0.04260199999998804	epochs	1.0
2372.2186021182556	0.009996000000228378	epochs	1.0
2372.228598118256	0.04260199999998804	epochs	1.0
2372.271200118256	2.9999199999997472	epochs	0.0
2372.271200118256	0.8999999999996362	epochs	1.0
2373.1712001182555	0.1000000000003638	epochs	1.0
2373.271200118256	1.0	epochs	1.0
2374.271200118256	0.9999199999997472	epochs	1.0
2376.710000038147	0.09520000000020445	epochs	0.0
2376.710000038147	0.04260199999998804	epochs	1.0
2376.752602038147	0.009996000000228378	epochs	1.0
2376.762598038147	0.04260199999998804	epochs	1.0
2376.805200038147	2.9999199999997472	epochs	0.0
2376.805200038147	0.8999999999996362	epochs	1.0
2377.705200038147	0.1000000000003638	epochs	1.0
2377.805200038147	1.0	epochs	1.0
2378.805200038147	0.9999199999997472	epochs	1.0
2381.2450003623962	0.09520000000020445	epochs	0.0
2381.2450003623962	0.04260199999998804	epochs	1.0
2381.2876023623962	0.009996000000228378	epochs	1.0
2381.2975983623965	0.04260199999998804	epochs	1.0
2381.3402003623964	2.9999199999997472	epochs	0.0
2381.3402003623964	1.0	epochs	1.0
2382.3402003623964	1.0	epochs	1.0
2383.3402003623964	0.9999199999997472	epochs	1.0
2385.7620000839233	0.09520000000020445	epochs	0.0
2385.7620000839233	0.04260199999998804	epochs	1.0
2385.8046020839233	0.009996000000228378	epochs	1.0
2385.8145980839236	0.04260199999998804	epochs	1.0
2385.8572000839235	2.9999199999997472	epochs	0.0
2385.8572000839235	1.0	epochs	1.0
2386.8572000839235	1.0	epochs	1.0
2387.8572000839235	0.9999199999997472	epochs	1.0
2390.2300000190735	0.09520000000020445	epochs	0.0
2390.2300000190735	0.04260199999998804	epochs	1.0
2390.2726020190735	0.009996000000228378	epochs	1.0
2390.2825980190737	0.04260199999998804	epochs	1.0
2390.3252000190737	2.9999199999997472	epochs	0.0
2390.3252000190737	1.0	epochs	1.0
2391.3252000190737	1.0	epochs	1.0
2392.3252000190737	0.9999199999997472	epochs	1.0
2394.7470002174377	0.09520000000020445	epochs	0.0
2394.7470002174377	0.04260199999998804	epochs	1.0
2394.7896022174377	0.009996000000228378	epochs	1.0
2394.799598217438	0.04260199999998804	epochs	1.0
2394.842200217438	2.9999199999997472	epochs	0.0
2394.842200217438	1.0	epochs	1.0
2395.842200217438	1.0	epochs	1.0
2396.842200217438	0.9999199999997472	epochs	1.0
2399.2470002174377	0.09520000000020445	epochs	0.0
2399.2470002174377	0.04260199999998804	epochs	1.0
2399.2896022174377	0.009996000000228378	epochs	1.0
2399.299598217438	0.04260199999998804	epochs	1.0
2399.342200217438	2.9999199999997472	epochs	0.0
2399.342200217438	1.0	epochs	1.0
2400.342200217438	1.0	epochs	1.0
2401.342200217438	0.9999199999997472	epochs	1.0
2403.7530002593994	0.09520000000020445	epochs	0.0
2403.7530002593994	0.04260199999998804	epochs	1.0
2403.7956022593994	0.009996000000228378	epochs	1.0
2403.8055982593996	0.04260199999998804	epochs	1.0
2403.8482002593996	2.9999199999997472	epochs	0.0
2403.8482002593996	1.0	epochs	1.0
2404.8482002593996	1.0	epochs	1.0
2405.8482002593996	0.9999199999997472	epochs	1.0
2408.236000061035	0.09520000000020445	epochs	0.0
2408.236000061035	0.04260199999998804	epochs	1.0
2408.278602061035	0.009996000000228378	epochs	1.0
2408.2885980610354	0.04260199999998804	epochs	1.0
2408.3312000610354	2.9999199999997472	epochs	0.0
2408.3312000610354	1.0	epochs	1.0
2409.3312000610354	1.0	epochs	1.0
2410.3312000610354	0.9999199999997472	epochs	1.0
2412.7560000419617	0.09520000000020445	epochs	0.0
2412.7560000419617	0.04260199999998804	epochs	1.0
2412.7986020419617	0.009996000000228378	epochs	1.0
2412.808598041962	0.04260199999998804	epochs	1.0
2412.851200041962	2.9999199999997472	epochs	0.0
2412.851200041962	1.0	epochs	1.0
2413.851200041962	1.0	epochs	1.0
2414.851200041962	0.9999199999997472	epochs	1.0
2417.273000240326	0.09520000000020445	epochs	0.0
2417.273000240326	0.04260199999998804	epochs	1.0
2417.315602240326	0.009996000000228378	epochs	1.0
2417.325598240326	0.04260199999998804	epochs	1.0
2417.368200240326	2.9999199999997472	epochs	0.0
2417.368200240326	1.0	epochs	1.0
2418.368200240326	1.0	epochs	1.0
2419.368200240326	0.9999199999997472	epochs	1.0
2421.763999938965	0.09520000000020445	epochs	0.0
2421.763999938965	0.04260199999998804	epochs	1.0
2421.806601938965	0.009996000000228378	epochs	1.0
2421.816597938965	0.04260199999998804	epochs	1.0
2421.859199938965	2.9999199999997472	epochs	0.0
2421.859199938965	1.0	epochs	1.0
2422.859199938965	1.0	epochs	1.0
2423.859199938965	0.9999199999997472	epochs	1.0
2426.2969999313354	0.09520000000020445	epochs	0.0
2426.2969999313354	0.04260199999998804	epochs	1.0
2426.3396019313354	0.009996000000228378	epochs	1.0
2426.3495979313357	0.04260199999998804	epochs	1.0
2426.3921999313357	2.9999199999997472	epochs	0.0
2426.3921999313357	1.0	epochs	1.0
2427.3921999313357	1.0	epochs	1.0
2428.3921999313357	0.9999199999997472	epochs	1.0
2430.7740001678467	0.09520000000020445	epochs	0.0
2430.7740001678467	0.04260199999998804	epochs	1.0
2430.8166021678467	0.009996000000228378	epochs	1.0
2430.826598167847	0.04260199999998804	epochs	1.0
2430.869200167847	2.9999199999997472	epochs	0.0
2430.869200167847	1.0	epochs	1.0
2431.869200167847	1.0	epochs	1.0
2432.869200167847	0.9999199999997472	epochs	1.0
2435.308000087738	0.09520000000020445	epochs	0.0
2435.308000087738	0.04260199999998804	epochs	1.0
2435.350602087738	0.009996000000228378	epochs	1.0
2435.3605980877383	0.04260199999998804	epochs	1.0
2435.4032000877382	2.9999199999997472	epochs	0.0
2435.4032000877382	1.0	epochs	1.0
2436.4032000877382	1.0	epochs	1.0
2437.4032000877382	0.9999199999997472	epochs	1.0
2439.8470001220703	0.09520000000020445	epochs	0.0
2439.8470001220703	0.04260199999998804	epochs	1.0
2439.8896021220703	0.009996000000228378	epochs	1.0
2439.8995981220705	0.04260199999998804	epochs	1.0
2439.9422001220705	2.9999199999997472	epochs	0.0
2439.9422001220705	1.0	epochs	1.0
2440.9422001220705	1.0	epochs	1.0
2441.9422001220705	0.9999199999997472	epochs	1.0
2444.397000312805	0.09520000000020445	epochs	0.0
2444.397000312805	0.04260199999998804	epochs	1.0
2444.439602312805	0.009996000000228378	epochs	1.0
2444.4495983128054	0.04260199999998804	epochs	1.0
2444.4922003128054	2.9999199999997472	epochs	0.0
2444.4922003128054	1.0	epochs	1.0
2445.4922003128054	1.0	epochs	1.0
2446.4922003128054	0.9999199999997472	epochs	1.0
2448.964000225067	0.09520000000020445	epochs	0.0
2448.964000225067	0.04260199999998804	epochs	1.0
2449.006602225067	0.009996000000228378	epochs	1.0
2449.0165982250674	0.04260199999998804	epochs	1.0
2449.0592002250673	2.9999199999997472	epochs	0.0
2449.0592002250673	1.0	epochs	1.0
2450.0592002250673	1.0	epochs	1.0
2451.0592002250673	0.9999199999997472	epochs	1.0
2453.4900002479553	0.09520000000020445	epochs	0.0
2453.4900002479553	0.04260199999998804	epochs	1.0
2453.5326022479553	0.009996000000228378	epochs	1.0
2453.5425982479555	0.04260199999998804	epochs	1.0
2453.5852002479555	2.9999199999997472	epochs	0.0
2453.5852002479555	1.0	epochs	1.0
2454.5852002479555	1.0	epochs	1.0
2455.5852002479555	0.9999199999997472	epochs	1.0
2458.023000240326	0.09520000000020445	epochs	0.0
2458.023000240326	0.04260199999998804	epochs	1.0
2458.065602240326	0.009996000000228378	epochs	1.0
2458.075598240326	0.04260199999998804	epochs	1.0
2458.118200240326	2.9999199999997472	epochs	0.0
2458.118200240326	1.0	epochs	1.0
2459.118200240326	1.0	epochs	1.0
2460.118200240326	0.9999199999997472	epochs	1.0
2462.563000202179	0.09520000000020445	epochs	0.0
2462.563000202179	0.04260199999998804	epochs	1.0
2462.605602202179	0.009996000000228378	epochs	1.0
2462.615598202179	0.04260199999998804	epochs	1.0
2462.658200202179	2.9999199999997472	epochs	0.0
2462.658200202179	1.0	epochs	1.0
2463.658200202179	1.0	epochs	1.0
2464.658200202179	0.9999199999997472	epochs	1.0
2467.0300002098083	0.09520000000020445	epochs	0.0
2467.0300002098083	0.04260199999998804	epochs	1.0
2467.0726022098083	0.009996000000228378	epochs	1.0
2467.0825982098086	0.04260199999998804	epochs	1.0
2467.1252002098086	2.9999199999997472	epochs	0.0
2467.1252002098086	1.0	epochs	1.0
2468.1252002098086	1.0	epochs	1.0
2469.1252002098086	0.9999199999997472	epochs	1.0
2471.611999988556	0.09520000000020445	epochs	0.0
2471.611999988556	0.04260199999998804	epochs	1.0
2471.654601988556	0.009996000000228378	epochs	1.0
2471.664597988556	0.04260199999998804	epochs	1.0
2471.707199988556	3.649919999999838	epochs	0.0
2471.707199988556	2.0	epochs	1.0
2473.707199988556	0.29999999999972715	epochs	1.0
2474.007199988556	0.005000000000109139	epochs	1.0
2474.012199988556	0.3000000000001819	epochs	1.0
2474.312199988556	1.0	epochs	1.0
2475.312199988556	0.04491999999981999	epochs	1.0
2476.8460001945496	0.09520000000020445	epochs	0.0
2476.8460001945496	0.04260199999998804	epochs	1.0
2476.8886021945495	0.009996000000228378	epochs	1.0
2476.89859819455	0.04260199999998804	epochs	1.0
2476.9412001945498	3.649919999999838	epochs	0.0
2476.9412001945498	2.0	epochs	1.0
2478.9412001945498	0.29999999999972715	epochs	1.0
2479.2412001945495	0.010000000000218279	epochs	1.0
2479.2512001945497	0.29999999999972715	epochs	1.0
2479.5512001945494	1.0	epochs	1.0
2480.5512001945494	0.0399200000001656	epochs	1.0
2482.0510001182556	0.09520000000020445	epochs	0.0
2482.0510001182556	0.04260199999998804	epochs	1.0
2482.0936021182556	0.009996000000228378	epochs	1.0
2482.103598118256	0.04260199999998804	epochs	1.0
2482.146200118256	3.649919999999838	epochs	0.0
2482.146200118256	2.0	epochs	1.0
2484.146200118256	0.29999999999972715	epochs	1.0
2484.4462001182555	0.01499999999987267	epochs	1.0
2484.4612001182554	0.3000000000001819	epochs	1.0
2484.7612001182556	1.0	epochs	1.0
2485.7612001182556	0.03492000000005646	epochs	1.0
2487.2170000076294	0.09520000000020445	epochs	0.0
2487.2170000076294	0.04260199999998804	epochs	1.0
2487.2596020076294	0.009996000000228378	epochs	1.0
2487.2695980076296	0.04260199999998804	epochs	1.0
2487.3122000076296	3.649919999999838	epochs	0.0
2487.3122000076296	2.0	epochs	1.0
2489.3122000076296	0.29999999999972715	epochs	1.0
2489.6122000076293	0.01999999999998181	epochs	1.0
2489.6322000076293	0.3000000000001819	epochs	1.0
2489.9322000076295	1.0	epochs	1.0
2490.9322000076295	0.029919999999947322	epochs	1.0
2492.425000190735	0.09520000000020445	epochs	0.0
2492.425000190735	0.04260199999998804	epochs	1.0
2492.467602190735	0.009996000000228378	epochs	1.0
2492.477598190735	0.04260199999998804	epochs	1.0
2492.520200190735	3.649919999999838	epochs	0.0
2492.520200190735	2.0	epochs	1.0
2494.520200190735	0.29999999999972715	epochs	1.0
2494.820200190735	0.02500000000009095	epochs	1.0
2494.845200190735	0.3000000000001819	epochs	1.0
2495.145200190735	1.0	epochs	1.0
2496.145200190735	0.024919999999838183	epochs	1.0
2497.675000190735	0.09520000000020445	epochs	0.0
2497.675000190735	0.04260199999998804	epochs	1.0
2497.717602190735	0.009996000000228378	epochs	1.0
2497.727598190735	0.04260199999998804	epochs	1.0
2497.770200190735	3.649919999999838	epochs	0.0
2497.770200190735	2.0	epochs	1.0
2499.770200190735	0.29999999999972715	epochs	1.0
2500.070200190735	0.03000000000020009	epochs	1.0
2500.100200190735	0.29999999999972715	epochs	1.0
2500.4002001907347	1.0	epochs	1.0
2501.4002001907347	0.01992000000018379	epochs	1.0
2502.858000278473	0.09520000000020445	epochs	0.0
2502.858000278473	0.04260199999998804	epochs	1.0
2502.900602278473	0.009996000000228378	epochs	1.0
2502.910598278473	0.04260199999998804	epochs	1.0
2502.953200278473	3.649919999999838	epochs	0.0
2502.953200278473	2.0	epochs	1.0
2504.953200278473	0.29999999999972715	epochs	1.0
2505.253200278473	0.03499999999985448	epochs	1.0
2505.2882002784727	0.3000000000001819	epochs	1.0
2505.588200278473	1.0	epochs	1.0
2506.588200278473	0.014920000000074651	epochs	1.0
2508.0250000953674	0.09520000000020445	epochs	0.0
2508.0250000953674	0.04260199999998804	epochs	1.0
2508.0676020953674	0.009996000000228378	epochs	1.0
2508.0775980953676	0.04260199999998804	epochs	1.0
2508.1202000953676	3.649919999999838	epochs	0.0
2508.1202000953676	2.0	epochs	1.0
2510.1202000953676	0.29999999999972715	epochs	1.0
2510.4202000953674	0.03999999999996362	epochs	1.0
2510.4602000953673	0.3000000000001819	epochs	1.0
2510.7602000953675	1.0	epochs	1.0
2511.7602000953675	0.009919999999965512	epochs	1.0
2513.21799993515	0.09520000000020445	epochs	0.0
2513.21799993515	0.04260199999998804	epochs	1.0
2513.26060193515	0.009996000000228378	epochs	1.0
2513.2705979351504	0.04260199999998804	epochs	1.0
2513.3131999351504	3.649919999999838	epochs	0.0
2513.3131999351504	2.0	epochs	1.0
2515.3131999351504	0.29999999999972715	epochs	1.0
2515.61319993515	0.04500000000007276	epochs	1.0
2515.65819993515	0.3000000000001819	epochs	1.0
2515.9581999351503	1.0	epochs	1.0
2516.9581999351503	0.004919999999856373	epochs	1.0
2518.451000213623	0.09520000000020445	epochs	0.0
2518.451000213623	0.04260199999998804	epochs	1.0
2518.493602213623	0.009996000000228378	epochs	1.0
2518.5035982136233	0.04260199999998804	epochs	1.0
2518.5462002136233	3.649919999999838	epochs	0.0
2518.5462002136233	2.0	epochs	1.0
2520.5462002136233	0.29999999999972715	epochs	1.0
2520.846200213623	0.0500000000001819	epochs	1.0
2520.896200213623	0.29999999999972715	epochs	1.0
2521.196200213623	0.999920000000202	epochs	1.0
2523.6710000038147	0.09520000000020445	epochs	0.0
2523.6710000038147	0.04260199999998804	epochs	1.0
2523.7136020038147	0.009996000000228378	epochs	1.0
2523.723598003815	0.04260199999998804	epochs	1.0
2523.766200003815	4.099919999999656	epochs	0.0
2523.766200003815	2.0	epochs	1.0
2525.766200003815	0.29999999999972715	epochs	1.0
2526.0662000038146	0.09999999999990905	epochs	1.0
2526.1662000038145	0.3000000000001819	epochs	1.0
2526.4662000038147	1.0	epochs	1.0
2527.4662000038147	0.3999199999998382	epochs	1.0
2531.03600025177	0.09520000000020445	epochs	0.0
2531.03600025177	0.04260199999998804	epochs	1.0
2531.07860225177	0.009996000000228378	epochs	1.0
2531.0885982517702	0.04260199999998804	epochs	1.0
2531.13120025177	3.1245599999997467	epochs	0.0
2531.13120025177	2.0	epochs	1.0
2533.13120025177	0.29999999999972715	epochs	1.0
2533.43120025177	0.20000000000027285	epochs	1.0
2533.63120025177	0.29999999999972715	epochs	1.0
2533.93120025177	0.3245600000000195	epochs	1.0
2534.25576025177	0.9753599999999096	epochs	0.0
