onset	duration	nwb_table	treelevel
10.70799970626831	0.09999999999999964	epochs	0.0
10.70799970626831	0.04499999999999993	epochs	1.0
10.75299970626831	0.009999999999999787	epochs	1.0
10.76299970626831	0.04499999999999993	epochs	1.0
10.80799970626831	0.7049950000000003	epochs	0.0
10.80799970626831	0.5	epochs	-1.0
10.80799970626831	0.5	epochs	-1.0
10.80799970626831	0.5	epochs	1.0
11.30799970626831	0.0600000000000005	epochs	-1.0
11.30799970626831	0.025000000000000355	epochs	-1.0
11.30799970626831	0.025000000000000355	epochs	1.0
11.33299970626831	0.009999999999999787	epochs	-1.0
11.33299970626831	0.009999999999999787	epochs	1.0
11.34299970626831	0.025000000000000355	epochs	-1.0
11.34299970626831	0.025000000000000355	epochs	1.0
11.36799970626831	0.0600000000000005	epochs	-1.0
11.36799970626831	0.025000000000000355	epochs	-1.0
11.36799970626831	0.025000000000000355	epochs	1.0
11.392999706268311	0.009999999999999787	epochs	-1.0
11.392999706268311	0.009999999999999787	epochs	1.0
11.40299970626831	0.025000000000000355	epochs	-1.0
11.40299970626831	0.025000000000000355	epochs	1.0
11.427999706268311	0.05999999999999872	epochs	-1.0
11.427999706268311	0.02499999999999858	epochs	-1.0
11.427999706268311	0.02499999999999858	epochs	1.0
11.45299970626831	0.010000000000001563	epochs	-1.0
11.45299970626831	0.010000000000001563	epochs	1.0
11.462999706268311	0.02499999999999858	epochs	-1.0
11.462999706268311	0.02499999999999858	epochs	1.0
11.48799970626831	0.024995000000000545	epochs	1.0
3358.3369998931885	0.09999999999990905	epochs	0.0
3358.3369998931885	0.04500000000007276	epochs	1.0
3358.3819998931885	0.009999999999763531	epochs	1.0
3358.3919998931883	0.04500000000007276	epochs	1.0
3358.4369998931884	0.7049950000000536	epochs	0.0
3358.4369998931884	0.5	epochs	-1.0
3358.4369998931884	0.5	epochs	1.0
3358.9369998931884	0.05999999999994543	epochs	-1.0
3358.9369998931884	0.02500000000009095	epochs	-1.0
3358.9369998931884	0.02500000000009095	epochs	1.0
3358.9619998931885	0.010000000000218279	epochs	-1.0
3358.9619998931885	0.010000000000218279	epochs	1.0
3358.9719998931887	0.024999999999636202	epochs	-1.0
3358.9719998931887	0.024999999999636202	epochs	1.0
3358.9969998931883	0.05999999999994543	epochs	-1.0
3358.9969998931883	0.02500000000009095	epochs	-1.0
3358.9969998931883	0.02500000000009095	epochs	1.0
3359.0219998931884	0.010000000000218279	epochs	-1.0
3359.0219998931884	0.010000000000218279	epochs	1.0
3359.0319998931886	0.024999999999636202	epochs	-1.0
3359.0319998931886	0.024999999999636202	epochs	1.0
3359.0569998931883	0.06000000000040018	epochs	-1.0
3359.0569998931883	0.02500000000009095	epochs	-1.0
3359.0569998931883	0.02500000000009095	epochs	1.0
3359.0819998931884	0.010000000000218279	epochs	-1.0
3359.0819998931884	0.010000000000218279	epochs	1.0
3359.0919998931886	0.02500000000009095	epochs	-1.0
3359.0919998931886	0.02500000000009095	epochs	1.0
3359.1169998931887	0.024994999999762513	epochs	1.0
3412.2869997024536	0.09999999999990905	epochs	0.0
3412.2869997024536	0.04500000000007276	epochs	1.0
3412.3319997024537	0.009999999999763531	epochs	1.0
3412.3419997024534	0.04500000000007276	epochs	1.0
3412.3869997024535	61.38499499999989	epochs	0.0
3412.3869997024535	0.5	epochs	-1.0
3412.3869997024535	0.5	epochs	-1.0
3412.3869997024535	0.5	epochs	1.0
3412.8869997024535	0.05999999999994543	epochs	-1.0
3412.8869997024535	0.02500000000009095	epochs	-1.0
3412.8869997024535	0.02500000000009095	epochs	1.0
3412.9119997024536	0.010000000000218279	epochs	-1.0
3412.9119997024536	0.010000000000218279	epochs	1.0
3412.921999702454	0.024999999999636202	epochs	-1.0
3412.921999702454	0.024999999999636202	epochs	1.0
3412.9469997024535	0.05999999999994543	epochs	-1.0
3412.9469997024535	0.02500000000009095	epochs	-1.0
3412.9469997024535	0.02500000000009095	epochs	1.0
3412.9719997024536	0.010000000000218279	epochs	-1.0
3412.9719997024536	0.010000000000218279	epochs	1.0
3412.981999702454	0.024999999999636202	epochs	-1.0
3412.981999702454	0.024999999999636202	epochs	1.0
3413.0069997024534	0.06000000000040018	epochs	-1.0
3413.0069997024534	0.02500000000009095	epochs	-1.0
3413.0069997024534	0.02500000000009095	epochs	1.0
3413.0319997024535	0.010000000000218279	epochs	-1.0
3413.0319997024535	0.010000000000218279	epochs	1.0
3413.0419997024537	0.02500000000009095	epochs	-1.0
3413.0419997024537	0.02500000000009095	epochs	1.0
3413.066999702454	60.0	epochs	1.0
3473.066999702454	0.5	epochs	-1.0
3473.066999702454	0.5	epochs	-1.0
3473.066999702454	0.5	epochs	1.0
3473.566999702454	0.05999999999994543	epochs	-1.0
3473.566999702454	0.024999999999636202	epochs	-1.0
3473.566999702454	0.024999999999636202	epochs	1.0
3473.5919997024534	0.010000000000218279	epochs	-1.0
3473.5919997024534	0.010000000000218279	epochs	1.0
3473.6019997024537	0.02500000000009095	epochs	-1.0
3473.6019997024537	0.02500000000009095	epochs	1.0
3473.6269997024538	0.05999999999994543	epochs	-1.0
3473.6269997024538	0.024999999999636202	epochs	-1.0
3473.6269997024538	0.024999999999636202	epochs	1.0
3473.6519997024534	0.010000000000218279	epochs	-1.0
3473.6519997024534	0.010000000000218279	epochs	1.0
3473.6619997024536	0.02500000000009095	epochs	-1.0
3473.6619997024536	0.02500000000009095	epochs	1.0
3473.6869997024537	0.05999999999994543	epochs	-1.0
3473.6869997024537	0.02500000000009095	epochs	-1.0
3473.6869997024537	0.02500000000009095	epochs	1.0
3473.711999702454	0.009999999999763531	epochs	-1.0
3473.711999702454	0.009999999999763531	epochs	1.0
3473.7219997024536	0.02500000000009095	epochs	-1.0
3473.7219997024536	0.02500000000009095	epochs	1.0
3473.7469997024536	0.024994999999762513	epochs	1.0
3504.3680000305176	0.09999999999990905	epochs	0.0
3504.3680000305176	0.04500000000007276	epochs	1.0
3504.4130000305177	0.009999999999763531	epochs	1.0
3504.4230000305174	0.04500000000007276	epochs	1.0
3504.4680000305175	0.7049950000000536	epochs	0.0
3504.4680000305175	0.5	epochs	-1.0
3504.4680000305175	0.5	epochs	-1.0
3504.4680000305175	0.5	epochs	1.0
3504.9680000305175	0.05999999999994543	epochs	-1.0
3504.9680000305175	0.02500000000009095	epochs	-1.0
3504.9680000305175	0.02500000000009095	epochs	1.0
3504.9930000305176	0.010000000000218279	epochs	-1.0
3504.9930000305176	0.010000000000218279	epochs	1.0
3505.003000030518	0.024999999999636202	epochs	-1.0
3505.003000030518	0.024999999999636202	epochs	1.0
3505.0280000305174	0.05999999999994543	epochs	-1.0
3505.0280000305174	0.02500000000009095	epochs	-1.0
3505.0280000305174	0.02500000000009095	epochs	1.0
3505.0530000305175	0.010000000000218279	epochs	-1.0
3505.0530000305175	0.010000000000218279	epochs	1.0
3505.0630000305177	0.024999999999636202	epochs	-1.0
3505.0630000305177	0.024999999999636202	epochs	1.0
3505.0880000305174	0.06000000000040018	epochs	-1.0
3505.0880000305174	0.02500000000009095	epochs	-1.0
3505.0880000305174	0.02500000000009095	epochs	1.0
3505.1130000305175	0.010000000000218279	epochs	-1.0
3505.1130000305175	0.010000000000218279	epochs	1.0
3505.1230000305177	0.02500000000009095	epochs	-1.0
3505.1230000305177	0.02500000000009095	epochs	1.0
3505.148000030518	0.024994999999762513	epochs	1.0
3546.904999732971	0.10039999999980864	epochs	0.0
3546.904999732971	0.04520009999987451	epochs	1.0
3546.950199832971	0.009999800000059622	epochs	1.0
3546.960199632971	0.04520009999987451	epochs	1.0
3547.005399732971	5.9999800000000505	epochs	0.0
3547.005399732971	0.5	epochs	1.0
3547.0054013329714	0.5	epochs	-1.0
3547.0054013329714	0.5	epochs	-1.0
3547.505399732971	5.0	epochs	1.0
3552.505399732971	0.4999800000000505	epochs	1.0
3552.5054013329714	0.49997839999969074	epochs	-1.0
3556.6979999542236	0.10039999999980864	epochs	0.0
3556.6979999542236	0.04520009999987451	epochs	1.0
3556.7432000542235	0.009999800000059622	epochs	1.0
3556.7531998542236	0.04520009999987451	epochs	1.0
3556.7983999542234	2.5000400000003538	epochs	0.0
3556.7983999542234	0.5	epochs	1.0
3556.798401554224	0.5	epochs	-1.0
3557.2983999542234	1.0	epochs	1.0
3558.2983999542234	1.0000400000003538	epochs	1.0
3558.798401554224	0.5	epochs	-1.0
3559.298439954224	0.9999399999996967	epochs	0.0
3559.6640000343323	0.10039999999980864	epochs	0.0
3559.6640000343323	0.04520009999987451	epochs	1.0
3559.709200134332	0.009999800000059622	epochs	1.0
3559.719199934332	0.04520009999987451	epochs	1.0
3559.764400034332	2.5599200000001474	epochs	0.0
3559.764400034332	0.5	epochs	1.0
3559.7644016343324	0.5	epochs	-1.0
3560.264400034332	1.0	epochs	1.0
3561.264400034332	1.0599200000001474	epochs	1.0
3561.7644016343324	0.5	epochs	-1.0
3562.3243200343322	0.9400599999999031	epochs	0.0
3562.6310000419617	0.10039999999980864	epochs	0.0
3562.6310000419617	0.04520009999987451	epochs	1.0
3562.6762001419615	0.009999800000059622	epochs	1.0
3562.6861999419616	0.04520009999987451	epochs	1.0
3562.7314000419615	2.5596400000003996	epochs	0.0
3562.7314000419615	0.5	epochs	1.0
3562.731401641962	0.5	epochs	-1.0
3563.2314000419615	1.0	epochs	1.0
3564.2314000419615	1.0596400000003996	epochs	1.0
3564.731401641962	0.5	epochs	-1.0
3565.291040041962	0.9403399999996509	epochs	0.0
3565.598000049591	0.10039999999980864	epochs	0.0
3565.598000049591	0.04520009999987451	epochs	1.0
3565.643200149591	0.009999800000059622	epochs	1.0
3565.653199949591	0.04520009999987451	epochs	1.0
3565.698400049591	3.4999800000000505	epochs	0.0
3565.698400049591	0.5	epochs	1.0
3565.6984016495912	0.5	epochs	-1.0
3566.198400049591	1.0	epochs	1.0
3567.198400049591	1.9999800000000505	epochs	1.0
3567.6984016495912	0.5	epochs	-1.0
3568.1984016495912	0.5	epochs	-1.0
3569.5679998397827	0.10039999999980864	epochs	0.0
3569.5679998397827	0.04520009999987451	epochs	1.0
3569.6131999397826	0.009999800000059622	epochs	1.0
3569.6231997397826	0.04520009999987451	epochs	1.0
3569.6683998397825	0.5393400000002657	epochs	0.0
3569.6683998397825	0.5	epochs	1.0
3569.668401439783	0.5	epochs	-1.0
3570.1683998397825	0.03934000000026572	epochs	1.0
3570.207739839783	2.9606399999997848	epochs	0.0
3582.7349996566772	0.10039999999980864	epochs	0.0
3582.7349996566772	0.04520009999987451	epochs	1.0
3582.780199756677	0.009999800000059622	epochs	1.0
3582.790199556677	0.04520009999987451	epochs	1.0
3582.835399656677	2.5594200000000455	epochs	0.0
3582.835399656677	0.5	epochs	1.0
3582.8354012566774	0.5	epochs	-1.0
3583.335399656677	1.0	epochs	1.0
3584.335399656677	1.0594200000000455	epochs	1.0
3584.8354012566774	0.5	epochs	-1.0
3585.394819656677	0.940560000000005	epochs	0.0
3585.7509999275208	0.10039999999980864	epochs	0.0
3585.7509999275208	0.04520009999987451	epochs	1.0
3585.7962000275206	0.009999800000059622	epochs	1.0
3585.8061998275207	0.04520009999987451	epochs	1.0
3585.8513999275206	2.559280000000399	epochs	0.0
3585.8513999275206	0.5	epochs	1.0
3585.851401527521	0.5	epochs	-1.0
3586.3513999275206	1.0	epochs	1.0
3587.3513999275206	1.059280000000399	epochs	1.0
3587.851401527521	0.5	epochs	-1.0
3588.410679927521	0.9406999999996515	epochs	0.0
3588.8150000572205	0.6499800000001414	epochs	0.0
3588.8150000572205	0.0500000000001819	epochs	1.0
3588.8650000572206	0.5	epochs	1.0
3589.3650000572206	0.09997999999995955	epochs	1.0
3589.914999961853	0.6499800000001414	epochs	0.0
3589.914999961853	0.0500000000001819	epochs	1.0
3589.964999961853	0.5	epochs	1.0
3590.464999961853	0.09997999999995955	epochs	1.0
3590.9649996757507	0.6499800000001414	epochs	0.0
3590.9649996757507	0.0500000000001819	epochs	1.0
3591.014999675751	0.5	epochs	1.0
3591.514999675751	0.09997999999995955	epochs	1.0
3592.0650000572205	0.6499800000001414	epochs	0.0
3592.0650000572205	0.0500000000001819	epochs	1.0
3592.1150000572206	0.5	epochs	1.0
3592.6150000572206	0.09997999999995955	epochs	1.0
3593.114999771118	0.6499800000001414	epochs	0.0
3593.114999771118	0.0500000000001819	epochs	1.0
3593.1649997711183	0.5	epochs	1.0
3593.6649997711183	0.09997999999995955	epochs	1.0
3594.2490000724792	0.6499800000001414	epochs	0.0
3594.2490000724792	0.0500000000001819	epochs	1.0
3594.2990000724794	0.5	epochs	1.0
3594.7990000724794	0.09997999999995955	epochs	1.0
3595.348999977112	0.6499800000001414	epochs	0.0
3595.348999977112	0.0500000000001819	epochs	1.0
3595.398999977112	0.5	epochs	1.0
3595.898999977112	0.09997999999995955	epochs	1.0
3596.4489998817444	0.6499800000001414	epochs	0.0
3596.4489998817444	0.0500000000001819	epochs	1.0
3596.4989998817446	0.5	epochs	1.0
3596.9989998817446	0.09997999999995955	epochs	1.0
3597.6009998321533	0.6499800000001414	epochs	0.0
3597.6009998321533	0.0500000000001819	epochs	1.0
3597.6509998321535	0.5	epochs	1.0
3598.1509998321535	0.09997999999995955	epochs	1.0
3598.784999847412	0.10039999999980864	epochs	0.0
3598.784999847412	0.04520009999987451	epochs	1.0
3598.830199947412	0.009999800000059622	epochs	1.0
3598.840199747412	0.04520009999987451	epochs	1.0
3598.885399847412	0.5393400000002657	epochs	0.0
3598.885399847412	0.5	epochs	1.0
3598.8854014474123	0.5	epochs	-1.0
3599.385399847412	0.03934000000026572	epochs	1.0
3599.424739847412	4.960639999999785	epochs	0.0
3618.9990000724792	0.10039999999980864	epochs	0.0
3618.9990000724792	0.04520009999987451	epochs	1.0
3619.044200172479	0.009999800000059622	epochs	1.0
3619.054199972479	0.04520009999987451	epochs	1.0
3619.099400072479	2.5191600000002836	epochs	0.0
3619.099400072479	0.5	epochs	1.0
3619.0994016724794	0.5	epochs	-1.0
3619.599400072479	1.0	epochs	1.0
3620.599400072479	1.0191600000002836	epochs	1.0
3621.0994016724794	0.5	epochs	-1.0
3621.6185600724793	2.980819999999767	epochs	0.0
3624.2490000724792	0.10039999999980864	epochs	0.0
3624.2490000724792	0.04520009999987451	epochs	1.0
3624.294200172479	0.009999800000059622	epochs	1.0
3624.304199972479	0.04520009999987451	epochs	1.0
3624.349400072479	2.560040000000299	epochs	0.0
3624.349400072479	0.5	epochs	1.0
3624.3494016724794	0.5	epochs	-1.0
3624.849400072479	1.0	epochs	1.0
3625.849400072479	1.0600400000002992	epochs	1.0
3626.3494016724794	0.5	epochs	-1.0
3626.9094400724794	2.9399399999997513	epochs	0.0
3629.4919996261597	0.10039999999980864	epochs	0.0
3629.4919996261597	0.04520009999987451	epochs	1.0
3629.5371997261595	0.009999800000059622	epochs	1.0
3629.5471995261596	0.04520009999987451	epochs	1.0
3629.5923996261595	2.500160000000051	epochs	0.0
3629.5923996261595	0.5	epochs	1.0
3629.59240122616	0.5	epochs	-1.0
3630.0923996261595	1.0	epochs	1.0
3631.0923996261595	1.0001600000000508	epochs	1.0
3631.59240122616	0.5	epochs	-1.0
3632.0925596261595	2.9998199999999997	epochs	0.0
3634.7419996261597	0.10039999999980864	epochs	0.0
3634.7419996261597	0.04520009999987451	epochs	1.0
3634.7871997261595	0.009999800000059622	epochs	1.0
3634.7971995261596	0.04520009999987451	epochs	1.0
3634.8423996261595	2.559280000000399	epochs	0.0
3634.8423996261595	0.5	epochs	1.0
3634.84240122616	0.5	epochs	-1.0
3635.3423996261595	1.0	epochs	1.0
3636.3423996261595	1.059280000000399	epochs	1.0
3636.84240122616	0.5	epochs	-1.0
3637.40167962616	3.9406999999996515	epochs	0.0
3637.932999610901	0.10039999999980864	epochs	0.0
3637.932999610901	0.04520009999987451	epochs	1.0
3637.9781997109008	0.009999800000059622	epochs	1.0
3637.988199510901	0.04520009999987451	epochs	1.0
3638.0333996109007	4.019279999999981	epochs	0.0
3638.0333996109007	0.5	epochs	1.0
3638.033401210901	0.5	epochs	-1.0
3638.5333996109007	1.0	epochs	1.0
3639.5333996109007	2.5192799999999806	epochs	1.0
3640.033401210901	0.5	epochs	-1.0
3640.533401210901	0.5	epochs	-1.0
3641.033401210901	0.5	epochs	-1.0
3641.533401210901	0.5	epochs	-1.0
3642.0526796109007	2.48070000000007	epochs	0.0
3642.6499996185303	0.10039999999980864	epochs	0.0
3642.6499996185303	0.04520009999987451	epochs	1.0
3642.69519971853	0.009999800000059622	epochs	1.0
3642.70519951853	0.04520009999987451	epochs	1.0
3642.75039961853	4.019900000000234	epochs	0.0
3642.75039961853	0.5	epochs	1.0
3642.7504012185304	0.5	epochs	-1.0
3643.25039961853	1.0	epochs	1.0
3644.25039961853	2.5199000000002343	epochs	1.0
3644.7504012185304	0.5	epochs	-1.0
3645.2504012185304	0.5	epochs	-1.0
3645.7504012185304	0.5	epochs	-1.0
3646.2504012185304	0.5	epochs	-1.0
3646.7702996185303	2.480079999999816	epochs	0.0
3647.316999912262	0.10039999999980864	epochs	0.0
3647.316999912262	0.04520009999987451	epochs	1.0
3647.362200012262	0.009999800000059622	epochs	1.0
3647.372199812262	0.04520009999987451	epochs	1.0
3647.4173999122618	0.5401000000001659	epochs	0.0
3647.4173999122618	0.5	epochs	1.0
3647.417401512262	0.5	epochs	-1.0
3647.9173999122618	0.04010000000016589	epochs	1.0
3647.957499912262	5.959879999999885	epochs	0.0
3663.4400000572205	0.10039999999980864	epochs	0.0
3663.4400000572205	0.04520009999987451	epochs	1.0
3663.4852001572203	0.009999800000059622	epochs	1.0
3663.4951999572204	0.04520009999987451	epochs	1.0
3663.5404000572203	2.5596400000003996	epochs	0.0
3663.5404000572203	0.5	epochs	1.0
3663.5404016572206	0.5	epochs	-1.0
3664.0404000572203	1.0	epochs	1.0
3665.0404000572203	1.0596400000003996	epochs	1.0
3665.5404016572206	0.5	epochs	-1.0
3666.1000400572207	3.940339999999651	epochs	0.0
3666.65700006485	0.10039999999980864	epochs	0.0
3666.65700006485	0.04520009999987451	epochs	1.0
3666.7022001648497	0.009999800000059622	epochs	1.0
3666.71219996485	0.04520009999987451	epochs	1.0
3666.7574000648497	6.019980000000032	epochs	0.0
3666.7574000648497	0.5	epochs	1.0
3666.75740166485	0.5	epochs	-1.0
3667.2574000648497	1.0	epochs	1.0
3668.2574000648497	4.519980000000032	epochs	1.0
3668.75740166485	0.5	epochs	-1.0
3669.25740166485	0.5	epochs	-1.0
3669.75740166485	0.5	epochs	-1.0
3670.25740166485	0.5	epochs	-1.0
3670.75740166485	0.5	epochs	-1.0
3671.25740166485	0.5	epochs	-1.0
3671.75740166485	0.5	epochs	-1.0
3672.25740166485	0.5	epochs	-1.0
3672.7773800648497	0.4800000000000182	epochs	0.0
3673.4129996299744	0.10039999999980864	epochs	0.0
3673.4129996299744	0.04520009999987451	epochs	1.0
3673.4581997299742	0.009999800000059622	epochs	1.0
3673.4681995299743	0.04520009999987451	epochs	1.0
3673.513399629974	3.5195800000001327	epochs	0.0
3673.513399629974	0.5	epochs	1.0
3673.5134012299745	0.5	epochs	-1.0
3674.013399629974	1.0	epochs	1.0
3675.013399629974	2.0195800000001327	epochs	1.0
3675.5134012299745	0.5	epochs	-1.0
3676.0134012299745	0.5	epochs	-1.0
3676.5134012299745	0.5	epochs	-1.0
3677.0329796299743	2.980399999999918	epochs	0.0
3677.6929998397827	0.15297999999984313	epochs	0.0
3677.6929998397827	0.0500000000001819	epochs	1.0
3677.742999839783	0.0029999999997016857	epochs	1.0
3677.7459998397826	0.09997999999995955	epochs	1.0
3678.5429997444153	0.15297999999984313	epochs	0.0
3678.5429997444153	0.0500000000001819	epochs	1.0
3678.5929997444155	0.0029999999997016857	epochs	1.0
3678.595999744415	0.09997999999995955	epochs	1.0
3679.258999824524	0.15297999999984313	epochs	0.0
3679.258999824524	0.0500000000001819	epochs	1.0
3679.308999824524	0.0029999999997016857	epochs	1.0
3679.311999824524	0.09997999999995955	epochs	1.0
3680.0429997444153	0.15297999999984313	epochs	0.0
3680.0429997444153	0.0500000000001819	epochs	1.0
3680.0929997444155	0.0029999999997016857	epochs	1.0
3680.095999744415	0.09997999999995955	epochs	1.0
3680.84299993515	0.15297999999984313	epochs	0.0
3680.84299993515	0.0500000000001819	epochs	1.0
3680.8929999351503	0.0029999999997016857	epochs	1.0
3680.89599993515	0.09997999999995955	epochs	1.0
3681.59299993515	0.15297999999984313	epochs	0.0
3681.59299993515	0.0500000000001819	epochs	1.0
3681.6429999351503	0.0029999999997016857	epochs	1.0
3681.64599993515	0.09997999999995955	epochs	1.0
3682.34299993515	0.15297999999984313	epochs	0.0
3682.34299993515	0.0500000000001819	epochs	1.0
3682.3929999351503	0.0029999999997016857	epochs	1.0
3682.39599993515	0.09997999999995955	epochs	1.0
3683.1759996414185	0.15297999999984313	epochs	0.0
3683.1759996414185	0.0500000000001819	epochs	1.0
3683.2259996414186	0.0029999999997016857	epochs	1.0
3683.2289996414183	0.09997999999995955	epochs	1.0
3683.958999633789	0.15297999999984313	epochs	0.0
3683.958999633789	0.0500000000001819	epochs	1.0
3684.0089996337892	0.0029999999997016857	epochs	1.0
3684.011999633789	0.09997999999995955	epochs	1.0
3684.758999824524	0.15297999999984313	epochs	0.0
3684.758999824524	0.0500000000001819	epochs	1.0
3684.808999824524	0.0029999999997016857	epochs	1.0
3684.811999824524	0.09997999999995955	epochs	1.0
3685.6589999198914	0.15297999999984313	epochs	0.0
3685.6589999198914	0.0500000000001819	epochs	1.0
3685.7089999198915	0.0029999999997016857	epochs	1.0
3685.7119999198912	0.09997999999995955	epochs	1.0
3686.526000022888	0.15297999999984313	epochs	0.0
3686.526000022888	0.0500000000001819	epochs	1.0
3686.5760000228884	0.0029999999997016857	epochs	1.0
3686.579000022888	0.09997999999995955	epochs	1.0
3687.3759999275208	0.15297999999984313	epochs	0.0
3687.3759999275208	0.0500000000001819	epochs	1.0
3687.425999927521	0.0029999999997016857	epochs	1.0
3687.4289999275206	0.09997999999995955	epochs	1.0
3688.2379999160767	0.15297999999984313	epochs	0.0
3688.2379999160767	0.0500000000001819	epochs	1.0
3688.287999916077	0.0029999999997016857	epochs	1.0
3688.2909999160765	0.09997999999995955	epochs	1.0
3689.1219997406006	0.15297999999984313	epochs	0.0
3689.1219997406006	0.0500000000001819	epochs	1.0
3689.1719997406008	0.0029999999997016857	epochs	1.0
3689.1749997406005	0.09997999999995955	epochs	1.0
3690.021999835968	0.15297999999984313	epochs	0.0
3690.021999835968	0.0500000000001819	epochs	1.0
3690.071999835968	0.0029999999997016857	epochs	1.0
3690.074999835968	0.09997999999995955	epochs	1.0
3690.9219999313354	0.15297999999984313	epochs	0.0
3690.9219999313354	0.0500000000001819	epochs	1.0
3690.9719999313356	0.0029999999997016857	epochs	1.0
3690.9749999313353	0.09997999999995955	epochs	1.0
3691.904999732971	0.10039999999980864	epochs	0.0
3691.904999732971	0.04520009999987451	epochs	1.0
3691.950199832971	0.009999800000059622	epochs	1.0
3691.960199632971	0.04520009999987451	epochs	1.0
3692.005399732971	0.5402000000003682	epochs	0.0
3692.005399732971	0.5	epochs	1.0
3692.0054013329714	0.5	epochs	-1.0
3692.505399732971	0.003000000000156433	epochs	1.0
3692.508399732971	0.03720000000021173	epochs	1.0
3692.5455997329714	1.0627799999997478	epochs	0.0
3705.200999736786	0.10039999999980864	epochs	0.0
3705.200999736786	0.04520009999987451	epochs	1.0
3705.2461998367858	0.009999800000059622	epochs	1.0
3705.256199636786	0.04520009999987451	epochs	1.0
3705.3013997367857	1.5592400000000453	epochs	0.0
3705.3013997367857	0.5	epochs	1.0
3705.301401336786	0.5	epochs	-1.0
3705.8013997367857	0.003000000000156433	epochs	1.0
3705.804399736786	1.0562399999998888	epochs	1.0
3706.3044013367858	0.5	epochs	-1.0
3706.8606397367857	0.04374000000007072	epochs	0.0
3707.5339999198914	0.10039999999980864	epochs	0.0
3707.5339999198914	0.04520009999987451	epochs	1.0
3707.5792000198912	0.009999800000059622	epochs	1.0
3707.5891998198913	0.04520009999987451	epochs	1.0
3707.634399919891	1.5591200000003482	epochs	0.0
3707.634399919891	0.5	epochs	1.0
3707.6344015198915	0.5	epochs	-1.0
3708.134399919891	0.003000000000156433	epochs	1.0
3708.1373999198913	1.0561200000001918	epochs	1.0
3708.6374015198912	0.5	epochs	-1.0
3709.1935199198915	0.04385999999976775	epochs	0.0
3709.8849997520447	0.10039999999980864	epochs	0.0
3709.8849997520447	0.04520009999987451	epochs	1.0
3709.9301998520446	0.009999800000059622	epochs	1.0
3709.9401996520446	0.04520009999987451	epochs	1.0
3709.9853997520445	1.5593800000001465	epochs	0.0
3709.9853997520445	0.5	epochs	1.0
3709.985401352045	0.5	epochs	-1.0
3710.4853997520445	0.003000000000156433	epochs	1.0
3710.4883997520446	1.05637999999999	epochs	1.0
3710.9884013520445	0.5	epochs	-1.0
3711.5447797520446	0.04359999999996944	epochs	0.0
3712.2519998550415	0.10039999999980864	epochs	0.0
3712.2519998550415	0.04520009999987451	epochs	1.0
3712.2971999550414	0.009999800000059622	epochs	1.0
3712.3071997550414	0.04520009999987451	epochs	1.0
3712.3523998550413	1.559360000000197	epochs	0.0
3712.3523998550413	0.5	epochs	1.0
3712.3524014550417	0.5	epochs	-1.0
3712.8523998550413	0.003000000000156433	epochs	1.0
3712.8553998550415	1.0563600000000406	epochs	1.0
3713.3554014550414	0.5	epochs	-1.0
3713.9117598550415	0.043619999999918946	epochs	0.0
3714.6849999427795	0.10039999999980864	epochs	0.0
3714.6849999427795	0.04520009999987451	epochs	1.0
3714.7302000427794	0.009999800000059622	epochs	1.0
3714.7401998427795	0.04520009999987451	epochs	1.0
3714.7853999427793	7.178920000000289	epochs	0.0
3714.7853999427793	0.5	epochs	1.0
3714.7854015427797	0.5	epochs	-1.0
3715.2853999427793	6.678920000000289	epochs	1.0
3720.9647599427794	0.9995600000002014	epochs	-1.0
3720.9647599427794	0.03956000000016502	epochs	-1.0
3721.4622415427793	0.5	epochs	-1.0
3721.9643199427796	12.321059999999761	epochs	0.0
3722.96399974823	0.10039999999980864	epochs	0.0
3722.96399974823	0.04520009999987451	epochs	1.0
3723.00919984823	0.009999800000059622	epochs	1.0
3723.01919964823	0.04520009999987451	epochs	1.0
3723.06439974823	0.5400800000002164	epochs	0.0
3723.06439974823	0.5	epochs	1.0
3723.06440134823	0.5	epochs	-1.0
3723.56439974823	0.04008000000021639	epochs	1.0
3723.60447974823	18.959899999999834	epochs	0.0
3752.2109999656677	0.10039999999980864	epochs	0.0
3752.2109999656677	0.04520009999987451	epochs	1.0
3752.2562000656676	0.009999800000059622	epochs	1.0
3752.2661998656677	0.04520009999987451	epochs	1.0
3752.3113999656675	6.980080000000271	epochs	0.0
3752.3113999656675	0.5	epochs	1.0
3752.311401565668	0.5	epochs	-1.0
3752.8113999656675	6.480080000000271	epochs	1.0
3758.2915199656677	0.999960000000101	epochs	-1.0
3758.2915199656677	0.04032000000006519	epochs	-1.0
3758.7890015656676	0.5	epochs	-1.0
3759.291479965668	12.51989999999978	epochs	0.0
3760.0859999656677	0.10039999999980864	epochs	0.0
3760.0859999656677	0.04520009999987451	epochs	1.0
3760.1312000656676	0.009999800000059622	epochs	1.0
3760.1411998656677	0.04520009999987451	epochs	1.0
3760.1863999656675	6.980340000000069	epochs	0.0
3760.1863999656675	0.5	epochs	1.0
3760.186401565668	0.5	epochs	-1.0
3760.6863999656675	6.480340000000069	epochs	1.0
3766.1663999656676	1.000340000000051	epochs	-1.0
3766.1663999656676	0.03956000000016502	epochs	-1.0
3766.663881565668	0.5	epochs	-1.0
3767.1667399656676	12.519639999999981	epochs	0.0
3783.034999847412	0.10039999999980864	epochs	0.0
3783.034999847412	0.04520009999987451	epochs	1.0
3783.080199947412	0.009999800000059622	epochs	1.0
3783.090199747412	0.04520009999987451	epochs	1.0
3783.135399847412	2.0	epochs	0.0
3785.135399847412	5.37920000000031	epochs	0.0
3785.135399847412	1.0	epochs	1.0
3785.1354014474123	0.5	epochs	-1.0
3785.6354014474123	4.87919839999995	epochs	-1.0
3786.135399847412	4.37920000000031	epochs	1.0
3786.135399847412	4.356753900000058	epochs	-1.0
3786.135399847412	1.9745872000003146	epochs	2.0
3786.135399847412	1.0985622000002877	epochs	3.0
3787.233962047412	0.8760250000000269	epochs	3.0
3788.1099870474122	1.3524075000000266	epochs	2.0
3788.1099870474122	0.7286354999996547	epochs	3.0
3788.838622547412	0.6237720000003719	epochs	3.0
3789.4623945474123	1.0297591999997167	epochs	2.0
3789.4623945474123	0.5453293000000485	epochs	3.0
3790.0077238474123	0.4844298999996681	epochs	3.0
3790.492153747412	0.022446100000252045	epochs	2.0
3790.492153747412	0.022446100000252045	epochs	3.0
3790.5145998474122	16.620719999999892	epochs	0.0
3791.5509996414185	0.10039999999980864	epochs	0.0
3791.5509996414185	0.04520009999987451	epochs	1.0
3791.5961997414183	0.009999800000059622	epochs	1.0
3791.6061995414184	0.04520009999987451	epochs	1.0
3791.6513996414183	2.0	epochs	0.0
3793.6513996414183	21.519920000000184	epochs	0.0
3793.6513996414183	1.0	epochs	1.0
3793.6514012414186	0.5	epochs	-1.0
3794.1514012414186	19.997199999999793	epochs	-1.0
3794.6513996414183	20.0	epochs	1.0
3794.6513996414183	4.356753900000058	epochs	-1.0
3794.6513996414183	1.9745872000003146	epochs	2.0
3794.6513996414183	1.0985622000002877	epochs	3.0
3795.7499618414186	0.8760250000000269	epochs	3.0
3796.6259868414186	1.3524075000000266	epochs	2.0
3796.6259868414186	0.7286354999996547	epochs	3.0
3797.3546223414182	0.6237720000003719	epochs	3.0
3797.9783943414186	1.0297591999997167	epochs	2.0
3797.9783943414186	0.5453293000000485	epochs	3.0
3798.5237236414187	0.4844298999996681	epochs	3.0
3799.0081535414183	0.8317862000003515	epochs	2.0
3799.0081535414183	0.43577630000027057	epochs	3.0
3799.4439298414186	0.39600990000008096	epochs	3.0
3799.8399397414187	0.6977969999998095	epochs	2.0
3799.8399397414187	0.3628981999995631	epochs	3.0
3800.2028379414182	0.3348988000002464	epochs	3.0
3800.5377367414185	0.6010456999997587	epochs	2.0
3800.5377367414185	0.3109122999999272	epochs	3.0
3800.8486490414184	0.29013339999983145	epochs	3.0
3801.1387824414182	0.5278859000000011	epochs	2.0
3801.1387824414182	0.27195860000028915	epochs	3.0
3801.4107410414185	0.255927299999712	epochs	3.0
3801.6666683414182	0.4706193000001804	epochs	2.0
3801.6666683414182	0.24168130000043675	epochs	3.0
3801.9083496414187	0.22893799999974362	epochs	3.0
3802.1372876414184	0.42457039999999324	epochs	2.0
3802.1372876414184	0.21747140000024956	epochs	3.0
3802.3547590414187	0.20709899999974368	epochs	3.0
3802.5618580414184	0.3867353999999068	epochs	2.0
3802.5618580414184	0.19767110000020693	epochs	3.0
3802.7595291414186	0.18906429999969987	epochs	3.0
3802.9485934414183	0.3550953000003574	epochs	2.0
3802.9485934414183	0.18117590000019845	epochs	3.0
3803.1297693414185	0.17391940000015893	epochs	3.0
3803.3036887414187	0.3282430999997814	epochs	2.0
3803.3036887414187	0.16722189999973125	epochs	3.0
3803.4709106414184	0.16102120000005016	epochs	3.0
3803.6319318414185	0.3051679999998669	epochs	2.0
3803.6319318414185	0.15526390000013635	epochs	3.0
3803.7871957414186	0.14990409999973053	epochs	3.0
3803.9370998414183	0.2851253000003453	epochs	2.0
3803.9370998414183	0.14490210000030856	epochs	3.0
3804.0820019414186	0.14022320000003674	epochs	3.0
3804.2222251414187	0.2675537999998596	epochs	2.0
3804.2222251414187	0.1358368999999584	epochs	3.0
3804.3580620414186	0.13171689999990122	epochs	3.0
3804.4897789414185	0.2520228999997016	epochs	2.0
3804.4897789414185	0.12783929999977772	epochs	3.0
3804.6176182414183	0.1241835999999239	epochs	3.0
3804.7418018414182	0.23819650000041293	epochs	2.0
3804.7418018414182	0.12073110000028464	epochs	3.0
3804.8625329414185	0.11746540000012828	epochs	3.0
3804.9799983414186	0.22580879999986792	epochs	2.0
3804.9799983414186	0.11437189999969632	epochs	3.0
3805.0943702414183	0.11143690000017159	epochs	3.0
3805.2058071414185	0.21464599999990241	epochs	2.0
3805.2058071414185	0.10864889999993466	epochs	3.0
3805.3144560414185	0.10599709999996776	epochs	3.0
3805.4204531414184	0.2045349999998507	epochs	2.0
3805.4204531414184	0.10347150000006877	epochs	3.0
3805.5239246414185	0.10106349999978192	epochs	3.0
3805.6249881414183	0.19533400000000256	epochs	2.0
3805.6249881414183	0.09876510000003691	epochs	3.0
3805.7237532414183	0.09656889999996565	epochs	3.0
3805.8203221414183	0.18692529999998442	epochs	2.0
3805.8203221414183	0.0944683000002442	epochs	3.0
3805.9147904414185	0.09245699999974022	epochs	3.0
3806.0072474414183	0.1792107000001124	epochs	2.0
3806.0072474414183	0.0905296000000817	epochs	3.0
3806.0977770414183	0.08868110000003071	epochs	3.0
3806.1864581414184	0.17210770000019693	epochs	2.0
3806.1864581414184	0.08690630000000965	epochs	3.0
3806.2733644414184	0.08520140000018728	epochs	3.0
3806.3585658414186	0.16554640000003928	epochs	2.0
3806.3585658414186	0.08356189999994967	epochs	3.0
3806.4421277414185	0.08198450000008961	epochs	3.0
3806.5241122414186	0.15946709999980158	epochs	2.0
3806.5241122414186	0.08046539999986635	epochs	3.0
3806.6045776414185	0.07900169999993523	epochs	3.0
3806.6835793414184	0.15381840000009106	epochs	2.0
3806.6835793414184	0.07759010000017952	epochs	3.0
3806.7611694414186	0.07622829999991154	epochs	3.0
3806.8373977414185	0.14855639999996129	epochs	2.0
3806.8373977414185	0.07491329999993468	epochs	3.0
3806.9123110414184	0.0736431000000266	epochs	3.0
3806.9859541414185	0.1436423999998624	epochs	2.0
3806.9859541414185	0.07241500000009182	epochs	3.0
3807.0583691414186	0.07122739999977057	epochs	3.0
3807.1295965414183	0.13904309999998077	epochs	2.0
3807.1295965414183	0.07007800000019415	epochs	3.0
3807.1996745414185	0.06896509999978662	epochs	3.0
3807.2686396414183	0.13472930000034467	epochs	2.0
3807.2686396414183	0.0678871000000072	epochs	3.0
3807.3365267414183	0.06684220000033747	epochs	3.0
3807.4033689414186	0.13067519999958677	epochs	2.0
3807.4033689414186	0.06582909999997355	epochs	3.0
3807.4691980414186	0.06484609999961322	epochs	3.0
3807.5340441414182	0.12685780000037994	epochs	2.0
3807.5340441414182	0.06389200000012352	epochs	3.0
3807.5979361414184	0.06296580000025642	epochs	3.0
3807.6609019414186	0.12325719999989815	epochs	2.0
3807.6609019414186	0.06206579999980022	epochs	3.0
3807.7229677414184	0.06119140000009793	epochs	3.0
3807.7841591414185	0.11985539999977846	epochs	2.0
3807.7841591414185	0.06034109999973225	epochs	3.0
3807.8445002414182	0.059514300000046205	epochs	3.0
3807.9040145414183	0.11663620000035735	epochs	2.0
3807.9040145414183	0.058709600000383944	epochs	3.0
3807.9627241414187	0.057926599999973405	epochs	3.0
3808.0206507414186	0.11358559999962381	epochs	2.0
3808.0206507414186	0.05716419999998834	epochs	3.0
3808.0778149414186	0.05642139999963547	epochs	3.0
3808.1342363414183	0.11069050000014613	epochs	2.0
3808.1342363414183	0.05569790000026842	epochs	3.0
3808.1899342414185	0.05499259999987771	epochs	3.0
3808.2449268414184	0.10793909999983953	epochs	2.0
3808.2449268414184	0.054304900000261114	epochs	3.0
3808.2992317414187	0.053634199999578414	epochs	3.0
3808.3528659414183	0.10532150000017282	epochs	2.0
3808.3528659414183	0.05298000000038883	epochs	3.0
3808.4058459414186	0.05234149999978399	epochs	3.0
3808.4581874414184	0.10282760000018243	epochs	2.0
3808.4581874414184	0.05171810000001642	epochs	3.0
3808.5099055414184	0.05110950000016601	epochs	3.0
3808.5610150414186	0.10044909999987794	epochs	2.0
3808.5610150414186	0.050514900000052876	epochs	3.0
3808.6115299414187	0.04993419999982507	epochs	3.0
3808.6614641414185	0.09817829999974492	epochs	2.0
3808.6614641414185	0.049366599999757454	epochs	3.0
3808.7108307414182	0.04881169999998747	epochs	3.0
3808.7596424414182	0.09600780000027953	epochs	2.0
3808.7596424414182	0.04826920000004975	epochs	3.0
3808.8079116414183	0.04773860000022978	epochs	3.0
3808.8556502414185	0.09393120000004274	epochs	2.0
3808.8556502414185	0.0472194999997555	epochs	3.0
3808.9028697414183	0.04671170000028724	epochs	3.0
3808.9495814414186	0.09194260000003851	epochs	2.0
3808.9495814414186	0.046214599999984785	epochs	3.0
3808.9957960414185	0.045728000000053726	epochs	3.0
3809.0415240414186	0.09003630000006524	epochs	2.0
3809.0415240414186	0.045251499999722	epochs	3.0
3809.0867755414183	0.04478480000034324	epochs	3.0
3809.1315603414187	0.0882075999998051	epochs	2.0
3809.1315603414187	0.04432779999979175	epochs	3.0
3809.1758881414185	0.04387980000001335	epochs	3.0
3809.2197679414185	0.0864516999999978	epochs	2.0
3809.2197679414185	0.04344099999980244	epochs	3.0
3809.2632089414183	0.04301070000019536	epochs	3.0
3809.3062196414185	0.08476430000018809	epochs	2.0
3809.3062196414185	0.04258900000013455	epochs	3.0
3809.3488086414186	0.04217530000005354	epochs	3.0
3809.3909839414187	0.08314149999978326	epochs	2.0
3809.3909839414187	0.04176969999980429	epochs	3.0
3809.4327536414185	0.041371799999978975	epochs	3.0
3809.4741254414184	0.08157970000002024	epochs	2.0
3809.4741254414184	0.040981399999964196	epochs	3.0
3809.5151068414184	0.04059830000005604	epochs	3.0
3809.5557051414185	0.08007550000002084	epochs	2.0
3809.5557051414185	0.040222300000095856	epochs	3.0
3809.5959274414186	0.03985319999992498	epochs	3.0
3809.6357806414185	0.07862569999997504	epochs	2.0
3809.6357806414185	0.03949079999983951	epochs	3.0
3809.6752714414183	0.03913490000013553	epochs	3.0
3809.7144063414185	0.07722759999978734	epochs	2.0
3809.7144063414185	0.038785400000051595	epochs	3.0
3809.7531917414185	0.03844219999973575	epochs	3.0
3809.7916339414182	0.07587820000026113	epochs	2.0
3809.7916339414182	0.038104800000382966	epochs	3.0
3809.8297387414186	0.037773399999878166	epochs	3.0
3809.8675121414185	0.07457519999979922	epochs	2.0
3809.8675121414185	0.03744770000002973	epochs	3.0
3809.9049598414185	0.0371274999997695	epochs	3.0
3809.9420873414183	0.07331629999998768	epochs	2.0
3809.9420873414183	0.036812900000313675	epochs	3.0
3809.9789002414186	0.036503399999674	epochs	3.0
3810.0154036414183	0.07209899999998015	epochs	2.0
3810.0154036414183	0.03619909999997617	epochs	3.0
3810.0516027414183	0.03589990000000398	epochs	3.0
3810.0875026414183	0.07092170000032638	epochs	2.0
3810.0875026414183	0.03560560000005353	epochs	3.0
3810.1231082414183	0.035316100000272854	epochs	3.0
3810.1584243414186	0.06978200000003199	epochs	2.0
3810.1584243414186	0.03503120000004856	epochs	3.0
3810.1934555414186	0.03475079999998343	epochs	3.0
3810.2282063414186	0.06867859999965731	epochs	2.0
3810.2282063414186	0.03447509999978138	epochs	3.0
3810.2626814414184	0.03420349999987593	epochs	3.0
3810.2968849414183	0.06760930000018561	epochs	2.0
3810.2968849414183	0.033936199999970995	epochs	3.0
3810.3308211414183	0.03367310000021462	epochs	3.0
3810.3644942414185	0.06657290000021021	epochs	2.0
3810.3644942414185	0.03341399999999339	epochs	3.0
3810.3979082414185	0.03315890000021682	epochs	3.0
3810.4310671414187	0.06556779999982609	epochs	2.0
3810.4310671414187	0.032907699999668694	epochs	3.0
3810.4639748414183	0.0326601000001574	epochs	3.0
3810.4966349414185	0.06459259999974165	epochs	2.0
3810.4966349414185	0.03241639999987456	epochs	3.0
3810.5290513414184	0.032176199999867094	epochs	3.0
3810.5612275414182	0.06364600000006249	epochs	2.0
3810.5612275414182	0.03193959999998697	epochs	3.0
3810.5931671414182	0.03170640000007552	epochs	3.0
3810.6248735414183	0.0627266999999847	epochs	2.0
3810.6248735414183	0.03147660000013275	epochs	3.0
3810.6563501414184	0.031250099999851955	epochs	3.0
3810.6876002414183	0.06183360000022731	epochs	2.0
3810.6876002414183	0.031026900000142632	epochs	3.0
3810.7186271414184	0.030806700000084675	epochs	3.0
3810.7494338414185	0.06096560000014506	epochs	2.0
3810.7494338414185	0.03058980000014344	epochs	3.0
3810.7800236414187	0.030375800000001618	epochs	3.0
3810.8103994414187	0.06012160000000222	epochs	2.0
3810.8103994414187	0.030164899999817862	epochs	3.0
3810.8405643414185	0.029956700000184355	epochs	3.0
3810.8705210414187	0.05930069999976695	epochs	2.0
3810.8705210414187	0.02975159999959942	epochs	3.0
3810.9002726414183	0.029549100000167527	epochs	3.0
3810.9298217414184	0.058501800000158255	epochs	2.0
3810.9298217414184	0.029349400000228343	epochs	3.0
3810.9591711414187	0.029152399999929912	epochs	3.0
3810.9883235414186	0.05772419999993872	epochs	2.0
3810.9883235414186	0.028957999999875028	epochs	3.0
3811.0172815414185	0.02876620000006369	epochs	3.0
3811.0460477414185	0.056967099999837956	epochs	2.0
3811.0460477414185	0.028577000000041153	epochs	3.0
3811.0746247414186	0.028390099999796803	epochs	3.0
3811.1030148414184	0.05622949999997218	epochs	2.0
3811.1030148414184	0.028205699999944045	epochs	3.0
3811.1312205414183	0.028023800000028132	epochs	3.0
3811.1592443414183	0.05551070000001346	epochs	2.0
3811.1592443414183	0.027844000000186497	epochs	3.0
3811.1870883414185	0.02766669999982696	epochs	3.0
3811.2147550414184	0.05481020000024728	epochs	2.0
3811.2147550414184	0.02749149999999645	epochs	3.0
3811.2422465414184	0.02731870000025083	epochs	3.0
3811.2695652414186	0.054126999999880354	epochs	2.0
3811.2695652414186	0.027147799999966082	epochs	3.0
3811.2967130414186	0.026979199999914272	epochs	3.0
3811.3236922414185	0.053460699999959616	epochs	2.0
3811.3236922414185	0.026812600000084785	epochs	3.0
3811.3505048414186	0.02664809999987483	epochs	3.0
3811.3771529414184	0.05281070000000909	epochs	2.0
3811.3771529414184	0.0264855999998872	epochs	3.0
3811.4036385414183	0.026325100000121893	epochs	3.0
3811.4299636414185	0.052176199999848905	epochs	2.0
3811.4299636414185	0.026166399999965506	epochs	3.0
3811.4561300414184	0.0260097999998834	epochs	3.0
3811.4821398414183	0.05155670000021928	epochs	2.0
3811.4821398414183	0.02585480000016105	epochs	3.0
3811.5079946414185	0.02570190000005823	epochs	3.0
3811.5336965414185	0.050951899999745365	epochs	2.0
3811.5336965414185	0.02555069999971238	epochs	3.0
3811.5592472414182	0.025401200000032986	epochs	3.0
3811.5846484414183	0.05036100000006627	epochs	2.0
3811.5846484414183	0.02525350000041726	epochs	3.0
3811.6099019414187	0.025107499999649008	epochs	3.0
3811.6350094414183	0.04978380000011384	epochs	2.0
3811.6350094414183	0.02496320000000196	epochs	3.0
3811.6599726414183	0.02482060000011188	epochs	3.0
3811.6847932414184	0.04921950000016295	epochs	2.0
3811.6847932414184	0.024679399999968155	epochs	3.0
3811.7094726414184	0.024540100000194798	epochs	3.0
3811.7340127414186	0.04866790000005494	epochs	2.0
3811.7340127414186	0.024402099999861093	epochs	3.0
3811.7584148414185	0.02426580000019385	epochs	3.0
3811.7826806414187	0.048128599999927246	epochs	2.0
3811.7826806414187	0.024130999999670166	epochs	3.0
3811.8068116414183	0.02399760000025708	epochs	3.0
3811.8308092414186	0.047601100000065344	epochs	2.0
3811.8308092414186	0.02386579999983951	epochs	3.0
3811.8546750414184	0.023735300000225834	epochs	3.0
3811.8784103414187	0.047084999999697175	epochs	2.0
3811.8784103414187	0.02360629999975572	epochs	3.0
3811.9020166414184	0.023478699999941455	epochs	3.0
3811.9254953414184	0.04658000000017637	epochs	2.0
3811.9254953414184	0.02335250000032829	epochs	3.0
3811.9488478414187	0.023227499999848078	epochs	3.0
3811.9720753414185	0.04608569999982137	epochs	2.0
3811.9720753414185	0.02310399999987567	epochs	3.0
3811.9951793414184	0.022981699999945704	epochs	3.0
3812.0181610414184	0.045601799999985815	epochs	2.0
3812.0181610414184	0.02286069999991014	epochs	3.0
3812.0410217414183	0.022741100000075676	epochs	3.0
3812.0637628414183	0.045127899999897636	epochs	2.0
3812.0637628414183	0.022622500000125	epochs	3.0
3812.0863853414185	0.022505399999772635	epochs	3.0
3812.1088907414182	0.044663800000307674	epochs	2.0
3812.1088907414182	0.022389300000213552	epochs	3.0
3812.1312800414184	0.022274500000094122	epochs	3.0
3812.1535545414185	0.044209199999841076	epochs	2.0
3812.1535545414185	0.022160799999710434	epochs	3.0
3812.1757153414183	0.02204840000013064	epochs	3.0
3812.1977637414184	0.04376360000014756	epochs	2.0
3812.1977637414184	0.021936900000127935	epochs	3.0
3812.2197006414185	0.021826700000019628	epochs	3.0
3812.2415273414185	0.043327099999714846	epochs	2.0
3812.2415273414185	0.02171760000010181	epochs	3.0
3812.2632449414186	0.021609499999613035	epochs	3.0
3812.2848544414182	0.04289900000003399	epochs	2.0
3812.2848544414182	0.021502500000224245	epochs	3.0
3812.3063569414185	0.021396499999809748	epochs	3.0
3812.3277534414183	0.042479500000354165	epochs	2.0
3812.3277534414183	0.02129170000034719	epochs	3.0
3812.3490451414186	0.021187800000006973	epochs	3.0
3812.3702329414186	0.04206789999989269	epochs	2.0
3812.3702329414186	0.02108490000000529	epochs	3.0
3812.3913178414186	0.020982999999887397	epochs	3.0
3812.4123008414185	0.041664399999717716	epochs	2.0
3812.4123008414185	0.020882199999959994	epochs	3.0
3812.4331830414185	0.020782199999757722	epochs	3.0
3812.4539652414182	0.04126850000011473	epochs	2.0
3812.4539652414182	0.02068330000020069	epochs	3.0
3812.4746485414184	0.02058519999991404	epochs	3.0
3812.4952337414184	0.04088000000001557	epochs	2.0
3812.4952337414184	0.020488099999965925	epochs	3.0
3812.5157218414183	0.020391900000049645	epochs	3.0
3812.5361137414184	0.04049880000002304	epochs	2.0
3812.5361137414184	0.0202966000001652	epochs	3.0
3812.5564103414185	0.02020219999985784	epochs	3.0
3812.5766125414184	0.04012460000012652	epochs	2.0
3812.5766125414184	0.02010870000003706	epochs	3.0
3812.5967212414184	0.02001590000008946	epochs	3.0
3812.6167371414185	0.03975730000001931	epochs	2.0
3812.6167371414185	0.0199241999998776	epochs	3.0
3812.6366613414184	0.019833100000141712	epochs	3.0
3812.6564944414185	0.03939669999999751	epochs	2.0
3812.6564944414185	0.019742999999834865	epochs	3.0
3812.6762374414184	0.019653700000162644	epochs	3.0
3812.6958911414185	0.03904239999974379	epochs	2.0
3812.6958911414185	0.019565099999908853	epochs	3.0
3812.7154562414185	0.01947729999983494	epochs	3.0
3812.7349335414183	0.03869460000032632	epochs	2.0
3812.7349335414183	0.01939040000024761	epochs	3.0
3812.7543239414185	0.01930420000007871	epochs	3.0
3812.7736281414186	0.03835290000006353	epochs	2.0
3812.7736281414186	0.01921879999963494	epochs	3.0
3812.7928469414182	0.01913410000042859	epochs	3.0
3812.8119810414187	0.038017199999558215	epochs	2.0
3812.8119810414187	0.01905019999958313	epochs	3.0
3812.8310312414183	0.018966999999975087	epochs	3.0
3812.8499982414182	0.03768720000016401	epochs	2.0
3812.8499982414182	0.018884500000240223	epochs	3.0
3812.8688827414185	0.01880269999992379	epochs	3.0
3812.8876854414184	0.037363100000220584	epochs	2.0
3812.8876854414184	0.01872170000024198	epochs	3.0
3812.9064071414186	0.018641399999978603	epochs	3.0
3812.9250485414186	0.03704429999970671	epochs	2.0
3812.9250485414186	0.018561599999884493	epochs	3.0
3812.9436101414185	0.018482699999822216	epochs	3.0
3812.9620928414183	0.036731000000145286	epochs	2.0
3812.9620928414183	0.018404299999929208	epochs	3.0
3812.9804971414183	0.01832670000021608	epochs	3.0
3812.9988238414185	0.03642290000016146	epochs	2.0
3812.9988238414185	0.018249599999762722	epochs	3.0
3813.0170734414182	0.01817330000039874	epochs	3.0
3813.0352467414186	0.03612009999960719	epochs	2.0
3813.0352467414186	0.018097599999691738	epochs	3.0
3813.0533443414183	0.018022499999915453	epochs	3.0
3813.0713668414182	0.035822100000132195	epochs	2.0
3813.0713668414182	0.017947900000308437	epochs	3.0
3813.0893147414185	0.01787419999982376	epochs	3.0
3813.1071889414184	0.03552900000022419	epochs	2.0
3813.1071889414184	0.017800800000259187	epochs	3.0
3813.1249897414186	0.017728199999965	epochs	3.0
3813.1427179414186	0.03524070000003121	epochs	2.0
3813.1427179414186	0.01765609999984008	epochs	3.0
3813.1603740414184	0.01758460000019113	epochs	3.0
3813.1779586414186	0.03495709999970131	epochs	2.0
3813.1779586414186	0.01751369999965391	epochs	3.0
3813.1954723414183	0.017443400000047404	epochs	3.0
3813.2129157414183	0.03467790000013338	epochs	2.0
3813.2129157414183	0.01737360000015542	epochs	3.0
3813.2302893414185	0.017304299999977957	epochs	3.0
3813.2475936414185	0.03440330000012182	epochs	2.0
3813.2475936414185	0.017235700000128418	epochs	3.0
3813.2648293414186	0.0171675999999934	epochs	3.0
3813.2819969414186	0.03413279999995211	epochs	2.0
3813.2819969414186	0.017099899999720947	epochs	3.0
3813.2990968414183	0.017032900000231166	epochs	3.0
3813.3161297414185	0.03386670000008962	epochs	2.0
3813.3161297414185	0.01696640000000116	epochs	3.0
3813.3330961414185	0.016900300000088464	epochs	3.0
3813.3499964414186	0.033604599999762286	epochs	2.0
3813.3499964414186	0.016834799999742245	epochs	3.0
3813.3668312414184	0.01676980000002004	epochs	3.0
3813.3836010414184	0.0333466000001863	epochs	2.0
3813.3836010414184	0.016705300000012357	epochs	3.0
3813.4003063414184	0.016641300000173942	epochs	3.0
3813.4169476414186	0.033092499999838765	epochs	2.0
3813.4169476414186	0.016577800000050047	epochs	3.0
3813.4335254414186	0.016514699999788718	epochs	3.0
3813.4500401414184	0.032842300000083924	epochs	2.0
3813.4500401414184	0.01645220000000336	epochs	3.0
3813.4664923414184	0.016390100000080565	epochs	3.0
3813.4828824414185	0.03259570000000167	epochs	2.0
3813.4828824414185	0.016328400000020338	epochs	3.0
3813.4992108414185	0.016267299999981333	epochs	3.0
3813.5154781414185	0.03235289999975066	epochs	2.0
3813.5154781414185	0.016206599999804894	epochs	3.0
3813.5316847414183	0.016146299999945768	epochs	3.0
3813.5478310414182	0.032113700000081735	epochs	2.0
3813.5478310414182	0.016086600000107865	epochs	3.0
3813.5639176414184	0.01602709999997387	epochs	3.0
3813.5799447414183	0.03187800000023344	epochs	2.0
3813.5799447414183	0.015968200000315846	epochs	3.0
3813.5959129414186	0.015909799999917595	epochs	3.0
3813.6118227414186	0.03164569999989908	epochs	2.0
3813.6118227414186	0.015851599999678	epochs	3.0
3813.6276743414182	0.01579410000022108	epochs	3.0
3813.6434684414185	0.03141670000013619	epochs	2.0
3813.6434684414185	0.015736700000161363	epochs	3.0
3813.6592051414186	0.015679999999974825	epochs	3.0
3813.6748851414186	0.03119109999988723	epochs	2.0
3813.6748851414186	0.015623599999798898	epochs	3.0
3813.6905087414184	0.01556750000008833	epochs	3.0
3813.7060762414185	0.030968699999903038	epochs	2.0
3813.7060762414185	0.015511999999944237	epochs	3.0
3813.7215882414184	0.0154566999999588	epochs	3.0
3813.7370449414184	0.030749500000183616	epochs	2.0
3813.7370449414184	0.015401999999994587	epochs	3.0
3813.7524469414184	0.01534750000018903	epochs	3.0
3813.7677944414186	0.030533199999808858	epochs	2.0
3813.7677944414186	0.01529339999979129	epochs	3.0
3813.7830878414184	0.015239800000017567	epochs	3.0
3813.7983276414184	0.030320100000153616	epochs	2.0
3813.7983276414184	0.015186500000254455	epochs	3.0
3813.8135141414186	0.015133599999899161	epochs	3.0
3813.8286477414185	0.030109899999843037	epochs	2.0
3813.8286477414185	0.015081000000009226	epochs	3.0
3813.8437287414185	0.015028899999833811	epochs	3.0
3813.8587576414184	0.029902499999934662	epochs	2.0
3813.8587576414184	0.0149770000002718	epochs	3.0
3813.8737346414187	0.014925499999662861	epochs	3.0
3813.8886601414183	0.0296981000001324	epochs	2.0
3813.8886601414183	0.01487440000028073	epochs	3.0
3813.9035345414186	0.01482369999985167	epochs	3.0
3813.9183582414184	0.029496300000118936	epochs	2.0
3813.9183582414184	0.014773200000036013	epochs	3.0
3813.9331314414185	0.014723100000082923	epochs	3.0
3813.9478545414186	0.029297399999904883	epochs	2.0
3813.9478545414186	0.014673399999992398	epochs	3.0
3813.9625279414186	0.014623999999912485	epochs	3.0
3813.9771519414185	0.029101099999934377	epochs	2.0
3813.9771519414185	0.014574899999843183	epochs	3.0
3813.9917268414183	0.014526200000091194	epochs	3.0
3814.0062530414184	0.028907400000207417	epochs	2.0
3814.0062530414184	0.014477700000043114	epochs	3.0
3814.0207307414184	0.014429700000164303	epochs	3.0
3814.0351604414186	0.028716199999962555	epochs	2.0
3814.0351604414186	0.014381799999682698	epochs	3.0
3814.0495422414183	0.014334400000279857	epochs	3.0
3814.0638766414186	0.02852759999996124	epochs	2.0
3814.0638766414186	0.01428719999967143	epochs	3.0
3814.0781638414182	0.01424040000028981	epochs	3.0
3814.0924042414185	0.028341400000044814	epochs	2.0
3814.0924042414185	0.014193799999702605	epochs	3.0
3814.1065980414182	0.014147600000342209	epochs	3.0
3814.1207456414186	0.028157700000065233	epochs	2.0
3814.1207456414186	0.014101700000082928	epochs	3.0
3814.1348473414187	0.014055999999982305	epochs	3.0
3814.1489033414186	0.02797629999986384	epochs	2.0
3814.1489033414186	0.014010599999892293	epochs	3.0
3814.1629139414185	0.013965699999971548	epochs	3.0
3814.1768796414185	0.027797199999895383	epochs	2.0
3814.1768796414185	0.013920800000050804	epochs	3.0
3814.1908004414186	0.01387639999984458	epochs	3.0
3814.2046768414184	0.02762040000015986	epochs	2.0
3814.2046768414184	0.01383220000025176	epochs	3.0
3814.2185090414187	0.013788199999908102	epochs	3.0
3814.2322972414186	0.02744589999974778	epochs	2.0
3814.2322972414186	0.013744599999881757	epochs	3.0
3814.2460418414184	0.013701299999866023	epochs	3.0
3814.2597431414183	0.027273500000319473	epochs	2.0
3814.2597431414183	0.013658200000008947	epochs	3.0
3814.2734013414183	0.013615300000310526	epochs	3.0
3814.2870166414186	0.02710339999975986	epochs	2.0
3814.2870166414186	0.013572800000019924	epochs	3.0
3814.3005894414187	0.013530599999739934	epochs	3.0
3814.3141200414184	0.02693520000002536	epochs	2.0
3814.3141200414184	0.01348839999991469	epochs	3.0
3814.3276084414183	0.01344680000011067	epochs	3.0
3814.3410552414184	0.026769200000217097	epochs	2.0
3814.3410552414184	0.013405199999851902	epochs	3.0
3814.3544604414183	0.013364000000365195	epochs	3.0
3814.3678244414186	0.026605199999721663	epochs	2.0
3814.3678244414186	0.013322899999820947	epochs	3.0
3814.3811473414185	0.013282299999900715	epochs	3.0
3814.3944296414184	0.0264431999999033	epochs	2.0
3814.3944296414184	0.013241699999980483	epochs	3.0
3814.4076713414183	0.013201499999922817	epochs	3.0
3814.4208728414183	0.02628320000030726	epochs	2.0
3814.4208728414183	0.013161500000023807	epochs	3.0
3814.4340343414183	0.013121700000283454	epochs	3.0
3814.4471560414186	0.026124999999865395	epochs	2.0
3814.4471560414186	0.013082099999792263	epochs	3.0
3814.4602381414184	0.013042900000073132	epochs	3.0
3814.4732810414184	0.025968899999952555	epochs	2.0
3814.4732810414184	0.01300390000005791	epochs	3.0
3814.4862849414185	0.012964999999894644	epochs	3.0
3814.4992499414184	0.025814500000251428	epochs	2.0
3814.4992499414184	0.012926400000196736	epochs	3.0
3814.5121763414186	0.012888100000054692	epochs	3.0
3814.5250644414186	0.025661899999704474	epochs	2.0
3814.5250644414186	0.012849899999764602	epochs	3.0
3814.5379143414184	0.012811999999939871	epochs	3.0
3814.5507263414183	0.025511199999982637	epochs	2.0
3814.5507263414183	0.012774400000125752	epochs	3.0
3814.5635007414185	0.012736799999856885	epochs	3.0
3814.5762375414183	0.025362300000324467	epochs	2.0
3814.5762375414183	0.012699700000212033	epochs	3.0
3814.5889372414185	0.012662600000112434	epochs	3.0
3814.6015998414186	0.025214999999661813	epochs	2.0
3814.6015998414186	0.012625800000023446	epochs	3.0
3814.6142256414187	0.012589199999638367	epochs	3.0
3814.6268148414183	0.024584799999956886	epochs	2.0
3814.6486012414184	0.5	epochs	-1.0
3814.6513996414183	0.5199200000001838	epochs	1.0
3815.1713196414184	0.4800000000000182	epochs	0.0
3816.2430000305176	0.10039999999980864	epochs	0.0
3816.2430000305176	0.04520009999987451	epochs	1.0
3816.2882001305175	0.009999800000059622	epochs	1.0
3816.2981999305175	0.04520009999987451	epochs	1.0
3816.3434000305174	2.0	epochs	0.0
3818.3434000305174	21.999920000000202	epochs	0.0
3818.3434000305174	1.0	epochs	1.0
3818.3434016305177	0.5	epochs	-1.0
3818.8434016305177	19.997199999999793	epochs	-1.0
3819.3434000305174	20.0	epochs	1.0
3819.3434000305174	4.356753900000058	epochs	-1.0
3819.3434000305174	1.9745872000003146	epochs	2.0
3819.3434000305174	1.0985622000002877	epochs	3.0
3820.4419622305177	0.8760250000000269	epochs	3.0
3821.3179872305177	1.3524075000000266	epochs	2.0
3821.3179872305177	0.7286354999996547	epochs	3.0
3822.0466227305174	0.6237720000003719	epochs	3.0
3822.6703947305177	1.0297591999997167	epochs	2.0
3822.6703947305177	0.5453293000000485	epochs	3.0
3823.215724030518	0.4844298999996681	epochs	3.0
3823.7001539305174	0.8317862000003515	epochs	2.0
3823.7001539305174	0.43577630000027057	epochs	3.0
3824.1359302305177	0.39600990000008096	epochs	3.0
3824.531940130518	0.6977969999998095	epochs	2.0
3824.531940130518	0.3628981999995631	epochs	3.0
3824.8948383305174	0.3348988000002464	epochs	3.0
3825.2297371305176	0.6010456999997587	epochs	2.0
3825.2297371305176	0.3109122999999272	epochs	3.0
3825.5406494305175	0.29013339999983145	epochs	3.0
3825.8307828305174	0.5278859000000011	epochs	2.0
3825.8307828305174	0.27195860000028915	epochs	3.0
3826.1027414305177	0.255927299999712	epochs	3.0
3826.3586687305174	0.4706193000001804	epochs	2.0
3826.3586687305174	0.24168130000043675	epochs	3.0
3826.600350030518	0.22893799999974362	epochs	3.0
3826.8292880305175	0.42457039999999324	epochs	2.0
3826.8292880305175	0.21747140000024956	epochs	3.0
3827.046759430518	0.20709899999974368	epochs	3.0
3827.2538584305175	0.3867353999999068	epochs	2.0
3827.2538584305175	0.19767110000020693	epochs	3.0
3827.4515295305177	0.18906429999969987	epochs	3.0
3827.6405938305174	0.3550953000003574	epochs	2.0
3827.6405938305174	0.18117590000019845	epochs	3.0
3827.8217697305176	0.17391940000015893	epochs	3.0
3827.995689130518	0.3282430999997814	epochs	2.0
3827.995689130518	0.16722189999973125	epochs	3.0
3828.1629110305175	0.16102120000005016	epochs	3.0
3828.3239322305176	0.3051679999998669	epochs	2.0
3828.3239322305176	0.15526390000013635	epochs	3.0
3828.4791961305177	0.14990409999973053	epochs	3.0
3828.6291002305175	0.2851253000003453	epochs	2.0
3828.6291002305175	0.14490210000030856	epochs	3.0
3828.7740023305178	0.14022320000003674	epochs	3.0
3828.914225530518	0.2675537999998596	epochs	2.0
3828.914225530518	0.1358368999999584	epochs	3.0
3829.0500624305178	0.13171689999990122	epochs	3.0
3829.1817793305177	0.2520228999997016	epochs	2.0
3829.1817793305177	0.12783929999977772	epochs	3.0
3829.3096186305174	0.1241835999999239	epochs	3.0
3829.4338022305174	0.23819650000041293	epochs	2.0
3829.4338022305174	0.12073110000028464	epochs	3.0
3829.5545333305176	0.11746540000012828	epochs	3.0
3829.6719987305178	0.22580879999986792	epochs	2.0
3829.6719987305178	0.11437189999969632	epochs	3.0
3829.7863706305175	0.11143690000017159	epochs	3.0
3829.8978075305176	0.21464599999990241	epochs	2.0
3829.8978075305176	0.10864889999993466	epochs	3.0
3830.0064564305176	0.10599709999996776	epochs	3.0
3830.1124535305175	0.2045349999998507	epochs	2.0
3830.1124535305175	0.10347150000006877	epochs	3.0
3830.2159250305176	0.10106349999978192	epochs	3.0
3830.3169885305174	0.19533400000000256	epochs	2.0
3830.3169885305174	0.09876510000003691	epochs	3.0
3830.4157536305174	0.09656889999996565	epochs	3.0
3830.5123225305174	0.18692529999998442	epochs	2.0
3830.5123225305174	0.0944683000002442	epochs	3.0
3830.6067908305176	0.09245699999974022	epochs	3.0
3830.6992478305174	0.1792107000001124	epochs	2.0
3830.6992478305174	0.0905296000000817	epochs	3.0
3830.7897774305175	0.08868110000003071	epochs	3.0
3830.8784585305175	0.17210770000019693	epochs	2.0
3830.8784585305175	0.08690630000000965	epochs	3.0
3830.9653648305175	0.08520140000018728	epochs	3.0
3831.0505662305177	0.16554640000003928	epochs	2.0
3831.0505662305177	0.08356189999994967	epochs	3.0
3831.1341281305176	0.08198450000008961	epochs	3.0
3831.2161126305177	0.15946709999980158	epochs	2.0
3831.2161126305177	0.08046539999986635	epochs	3.0
3831.2965780305176	0.07900169999993523	epochs	3.0
3831.3755797305175	0.15381840000009106	epochs	2.0
3831.3755797305175	0.07759010000017952	epochs	3.0
3831.4531698305177	0.07622829999991154	epochs	3.0
3831.5293981305176	0.14855639999996129	epochs	2.0
3831.5293981305176	0.07491329999993468	epochs	3.0
3831.6043114305176	0.0736431000000266	epochs	3.0
3831.6779545305176	0.1436423999998624	epochs	2.0
3831.6779545305176	0.07241500000009182	epochs	3.0
3831.7503695305177	0.07122739999977057	epochs	3.0
3831.8215969305174	0.13904309999998077	epochs	2.0
3831.8215969305174	0.07007800000019415	epochs	3.0
3831.8916749305176	0.06896509999978662	epochs	3.0
3831.9606400305174	0.13472930000034467	epochs	2.0
3831.9606400305174	0.0678871000000072	epochs	3.0
3832.0285271305174	0.06684220000033747	epochs	3.0
3832.0953693305178	0.13067519999958677	epochs	2.0
3832.0953693305178	0.06582909999997355	epochs	3.0
3832.1611984305177	0.06484609999961322	epochs	3.0
3832.2260445305174	0.12685780000037994	epochs	2.0
3832.2260445305174	0.06389200000012352	epochs	3.0
3832.2899365305175	0.06296580000025642	epochs	3.0
3832.3529023305177	0.12325719999989815	epochs	2.0
3832.3529023305177	0.06206579999980022	epochs	3.0
3832.4149681305175	0.06119140000009793	epochs	3.0
3832.4761595305176	0.11985539999977846	epochs	2.0
3832.4761595305176	0.06034109999973225	epochs	3.0
3832.5365006305174	0.059514300000046205	epochs	3.0
3832.5960149305174	0.11663620000035735	epochs	2.0
3832.5960149305174	0.058709600000383944	epochs	3.0
3832.654724530518	0.057926599999973405	epochs	3.0
3832.7126511305178	0.11358559999962381	epochs	2.0
3832.7126511305178	0.05716419999998834	epochs	3.0
3832.7698153305178	0.05642139999963547	epochs	3.0
3832.8262367305174	0.11069050000014613	epochs	2.0
3832.8262367305174	0.05569790000026842	epochs	3.0
3832.8819346305177	0.05499259999987771	epochs	3.0
3832.9369272305175	0.10793909999983953	epochs	2.0
3832.9369272305175	0.054304900000261114	epochs	3.0
3832.991232130518	0.053634199999578414	epochs	3.0
3833.0448663305174	0.10532150000017282	epochs	2.0
3833.0448663305174	0.05298000000038883	epochs	3.0
3833.0978463305178	0.05234149999978399	epochs	3.0
3833.1501878305176	0.10282760000018243	epochs	2.0
3833.1501878305176	0.05171810000001642	epochs	3.0
3833.2019059305176	0.05110950000016601	epochs	3.0
3833.2530154305177	0.10044909999987794	epochs	2.0
3833.2530154305177	0.050514900000052876	epochs	3.0
3833.303530330518	0.04993419999982507	epochs	3.0
3833.3534645305176	0.09817829999974492	epochs	2.0
3833.3534645305176	0.049366599999757454	epochs	3.0
3833.4028311305174	0.04881169999998747	epochs	3.0
3833.4516428305174	0.09600780000027953	epochs	2.0
3833.4516428305174	0.04826920000004975	epochs	3.0
3833.4999120305174	0.04773860000022978	epochs	3.0
3833.5476506305176	0.09393120000004274	epochs	2.0
3833.5476506305176	0.0472194999997555	epochs	3.0
3833.5948701305174	0.04671170000028724	epochs	3.0
3833.6415818305177	0.09194260000003851	epochs	2.0
3833.6415818305177	0.046214599999984785	epochs	3.0
3833.6877964305177	0.045728000000053726	epochs	3.0
3833.7335244305177	0.09003630000006524	epochs	2.0
3833.7335244305177	0.045251499999722	epochs	3.0
3833.7787759305174	0.04478480000034324	epochs	3.0
3833.823560730518	0.0882075999998051	epochs	2.0
3833.823560730518	0.04432779999979175	epochs	3.0
3833.8678885305176	0.04387980000001335	epochs	3.0
3833.9117683305176	0.0864516999999978	epochs	2.0
3833.9117683305176	0.04344099999980244	epochs	3.0
3833.9552093305174	0.04301070000019536	epochs	3.0
3833.9982200305176	0.08476430000018809	epochs	2.0
3833.9982200305176	0.04258900000013455	epochs	3.0
3834.0408090305177	0.04217530000005354	epochs	3.0
3834.082984330518	0.08314149999978326	epochs	2.0
3834.082984330518	0.04176969999980429	epochs	3.0
3834.1247540305176	0.041371799999978975	epochs	3.0
3834.1661258305176	0.08157970000002024	epochs	2.0
3834.1661258305176	0.040981399999964196	epochs	3.0
3834.2071072305175	0.04059830000005604	epochs	3.0
3834.2477055305176	0.08007550000002084	epochs	2.0
3834.2477055305176	0.040222300000095856	epochs	3.0
3834.2879278305177	0.03985319999992498	epochs	3.0
3834.3277810305176	0.07862569999997504	epochs	2.0
3834.3277810305176	0.03949079999983951	epochs	3.0
3834.3672718305174	0.03913490000013553	epochs	3.0
3834.4064067305176	0.07722759999978734	epochs	2.0
3834.4064067305176	0.038785400000051595	epochs	3.0
3834.4451921305176	0.03844219999973575	epochs	3.0
3834.4836343305174	0.07587820000026113	epochs	2.0
3834.4836343305174	0.038104800000382966	epochs	3.0
3834.5217391305177	0.037773399999878166	epochs	3.0
3834.5595125305176	0.07457519999979922	epochs	2.0
3834.5595125305176	0.03744770000002973	epochs	3.0
3834.5969602305177	0.0371274999997695	epochs	3.0
3834.6340877305174	0.07331629999998768	epochs	2.0
3834.6340877305174	0.036812900000313675	epochs	3.0
3834.6709006305177	0.036503399999674	epochs	3.0
3834.7074040305174	0.07209899999998015	epochs	2.0
3834.7074040305174	0.03619909999997617	epochs	3.0
3834.7436031305174	0.03589990000000398	epochs	3.0
3834.7795030305174	0.07092170000032638	epochs	2.0
3834.7795030305174	0.03560560000005353	epochs	3.0
3834.8151086305174	0.035316100000272854	epochs	3.0
3834.8504247305177	0.06978200000003199	epochs	2.0
3834.8504247305177	0.03503120000004856	epochs	3.0
3834.8854559305178	0.03475079999998343	epochs	3.0
3834.9202067305177	0.06867859999965731	epochs	2.0
3834.9202067305177	0.03447509999978138	epochs	3.0
3834.9546818305175	0.03420349999987593	epochs	3.0
3834.9888853305174	0.06760930000018561	epochs	2.0
3834.9888853305174	0.033936199999970995	epochs	3.0
3835.0228215305174	0.03367310000021462	epochs	3.0
3835.0564946305176	0.06657290000021021	epochs	2.0
3835.0564946305176	0.03341399999999339	epochs	3.0
3835.0899086305176	0.03315890000021682	epochs	3.0
3835.123067530518	0.06556779999982609	epochs	2.0
3835.123067530518	0.032907699999668694	epochs	3.0
3835.1559752305175	0.0326601000001574	epochs	3.0
3835.1886353305176	0.06459259999974165	epochs	2.0
3835.1886353305176	0.03241639999987456	epochs	3.0
3835.2210517305175	0.032176199999867094	epochs	3.0
3835.2532279305174	0.06364600000006249	epochs	2.0
3835.2532279305174	0.03193959999998697	epochs	3.0
3835.2851675305174	0.03170640000007552	epochs	3.0
3835.3168739305174	0.0627266999999847	epochs	2.0
3835.3168739305174	0.03147660000013275	epochs	3.0
3835.3483505305176	0.031250099999851955	epochs	3.0
3835.3796006305174	0.06183360000022731	epochs	2.0
3835.3796006305174	0.031026900000142632	epochs	3.0
3835.4106275305176	0.030806700000084675	epochs	3.0
3835.4414342305176	0.06096560000014506	epochs	2.0
3835.4414342305176	0.03058980000014344	epochs	3.0
3835.472024030518	0.030375800000001618	epochs	3.0
3835.502399830518	0.06012160000000222	epochs	2.0
3835.502399830518	0.030164899999817862	epochs	3.0
3835.5325647305176	0.029956700000184355	epochs	3.0
3835.562521430518	0.05930069999976695	epochs	2.0
3835.562521430518	0.02975159999959942	epochs	3.0
3835.5922730305174	0.029549100000167527	epochs	3.0
3835.6218221305176	0.058501800000158255	epochs	2.0
3835.6218221305176	0.029349400000228343	epochs	3.0
3835.651171530518	0.029152399999929912	epochs	3.0
3835.6803239305177	0.05772419999993872	epochs	2.0
3835.6803239305177	0.028957999999875028	epochs	3.0
3835.7092819305176	0.02876620000006369	epochs	3.0
3835.7380481305177	0.056967099999837956	epochs	2.0
3835.7380481305177	0.028577000000041153	epochs	3.0
3835.7666251305177	0.028390099999796803	epochs	3.0
3835.7950152305175	0.05622949999997218	epochs	2.0
3835.7950152305175	0.028205699999944045	epochs	3.0
3835.8232209305174	0.028023800000028132	epochs	3.0
3835.8512447305175	0.05551070000001346	epochs	2.0
3835.8512447305175	0.027844000000186497	epochs	3.0
3835.8790887305177	0.02766669999982696	epochs	3.0
3835.9067554305175	0.05481020000024728	epochs	2.0
3835.9067554305175	0.02749149999999645	epochs	3.0
3835.9342469305175	0.02731870000025083	epochs	3.0
3835.9615656305177	0.054126999999880354	epochs	2.0
3835.9615656305177	0.027147799999966082	epochs	3.0
3835.9887134305177	0.026979199999914272	epochs	3.0
3836.0156926305176	0.053460699999959616	epochs	2.0
3836.0156926305176	0.026812600000084785	epochs	3.0
3836.0425052305177	0.02664809999987483	epochs	3.0
3836.0691533305176	0.05281070000000909	epochs	2.0
3836.0691533305176	0.0264855999998872	epochs	3.0
3836.0956389305175	0.026325100000121893	epochs	3.0
3836.1219640305176	0.052176199999848905	epochs	2.0
3836.1219640305176	0.026166399999965506	epochs	3.0
3836.1481304305175	0.0260097999998834	epochs	3.0
3836.1741402305174	0.05155670000021928	epochs	2.0
3836.1741402305174	0.02585480000016105	epochs	3.0
3836.1999950305176	0.02570190000005823	epochs	3.0
3836.2256969305176	0.050951899999745365	epochs	2.0
3836.2256969305176	0.02555069999971238	epochs	3.0
3836.2512476305174	0.025401200000032986	epochs	3.0
3836.2766488305174	0.05036100000006627	epochs	2.0
3836.2766488305174	0.02525350000041726	epochs	3.0
3836.301902330518	0.025107499999649008	epochs	3.0
3836.3270098305175	0.04978380000011384	epochs	2.0
3836.3270098305175	0.02496320000000196	epochs	3.0
3836.3519730305175	0.02482060000011188	epochs	3.0
3836.3767936305176	0.04921950000016295	epochs	2.0
3836.3767936305176	0.024679399999968155	epochs	3.0
3836.4014730305175	0.024540100000194798	epochs	3.0
3836.4260131305177	0.04866790000005494	epochs	2.0
3836.4260131305177	0.024402099999861093	epochs	3.0
3836.4504152305176	0.02426580000019385	epochs	3.0
3836.474681030518	0.048128599999927246	epochs	2.0
3836.474681030518	0.024130999999670166	epochs	3.0
3836.4988120305175	0.02399760000025708	epochs	3.0
3836.5228096305177	0.047601100000065344	epochs	2.0
3836.5228096305177	0.02386579999983951	epochs	3.0
3836.5466754305176	0.023735300000225834	epochs	3.0
3836.570410730518	0.047084999999697175	epochs	2.0
3836.570410730518	0.02360629999975572	epochs	3.0
3836.5940170305175	0.023478699999941455	epochs	3.0
3836.6174957305175	0.04658000000017637	epochs	2.0
3836.6174957305175	0.02335250000032829	epochs	3.0
3836.640848230518	0.023227499999848078	epochs	3.0
3836.6640757305177	0.04608569999982137	epochs	2.0
3836.6640757305177	0.02310399999987567	epochs	3.0
3836.6871797305175	0.022981699999945704	epochs	3.0
3836.7101614305175	0.045601799999985815	epochs	2.0
3836.7101614305175	0.02286069999991014	epochs	3.0
3836.7330221305174	0.022741100000075676	epochs	3.0
3836.7557632305175	0.045127899999897636	epochs	2.0
3836.7557632305175	0.022622500000125	epochs	3.0
3836.7783857305176	0.022505399999772635	epochs	3.0
3836.8008911305174	0.044663800000307674	epochs	2.0
3836.8008911305174	0.022389300000213552	epochs	3.0
3836.8232804305176	0.022274500000094122	epochs	3.0
3836.8455549305177	0.044209199999841076	epochs	2.0
3836.8455549305177	0.022160799999710434	epochs	3.0
3836.8677157305174	0.02204840000013064	epochs	3.0
3836.8897641305175	0.04376360000014756	epochs	2.0
3836.8897641305175	0.021936900000127935	epochs	3.0
3836.9117010305176	0.021826700000019628	epochs	3.0
3836.9335277305177	0.043327099999714846	epochs	2.0
3836.9335277305177	0.02171760000010181	epochs	3.0
3836.9552453305178	0.021609499999613035	epochs	3.0
3836.9768548305174	0.04289900000003399	epochs	2.0
3836.9768548305174	0.021502500000224245	epochs	3.0
3836.9983573305176	0.021396499999809748	epochs	3.0
3837.0197538305174	0.042479500000354165	epochs	2.0
3837.0197538305174	0.02129170000034719	epochs	3.0
3837.0410455305177	0.021187800000006973	epochs	3.0
3837.0622333305178	0.04206789999989269	epochs	2.0
3837.0622333305178	0.02108490000000529	epochs	3.0
3837.0833182305178	0.020982999999887397	epochs	3.0
3837.1043012305176	0.041664399999717716	epochs	2.0
3837.1043012305176	0.020882199999959994	epochs	3.0
3837.1251834305176	0.020782199999757722	epochs	3.0
3837.1459656305174	0.04126850000011473	epochs	2.0
3837.1459656305174	0.02068330000020069	epochs	3.0
3837.1666489305176	0.02058519999991404	epochs	3.0
3837.1872341305175	0.04088000000001557	epochs	2.0
3837.1872341305175	0.020488099999965925	epochs	3.0
3837.2077222305174	0.020391900000049645	epochs	3.0
3837.2281141305175	0.04049880000002304	epochs	2.0
3837.2281141305175	0.0202966000001652	epochs	3.0
3837.2484107305177	0.02020219999985784	epochs	3.0
3837.2686129305175	0.04012460000012652	epochs	2.0
3837.2686129305175	0.02010870000003706	epochs	3.0
3837.2887216305176	0.02001590000008946	epochs	3.0
3837.3087375305176	0.03975730000001931	epochs	2.0
3837.3087375305176	0.0199241999998776	epochs	3.0
3837.3286617305175	0.019833100000141712	epochs	3.0
3837.3484948305177	0.03939669999999751	epochs	2.0
3837.3484948305177	0.019742999999834865	epochs	3.0
3837.3682378305175	0.019653700000162644	epochs	3.0
3837.3878915305177	0.03904239999974379	epochs	2.0
3837.3878915305177	0.019565099999908853	epochs	3.0
3837.4074566305176	0.01947729999983494	epochs	3.0
3837.4269339305174	0.03869460000032632	epochs	2.0
3837.4269339305174	0.01939040000024761	epochs	3.0
3837.4463243305177	0.01930420000007871	epochs	3.0
3837.4656285305177	0.03835290000006353	epochs	2.0
3837.4656285305177	0.01921879999963494	epochs	3.0
3837.4848473305174	0.01913410000042859	epochs	3.0
3837.503981430518	0.038017199999558215	epochs	2.0
3837.503981430518	0.01905019999958313	epochs	3.0
3837.5230316305174	0.018966999999975087	epochs	3.0
3837.5419986305174	0.03768720000016401	epochs	2.0
3837.5419986305174	0.018884500000240223	epochs	3.0
3837.5608831305176	0.01880269999992379	epochs	3.0
3837.5796858305175	0.037363100000220584	epochs	2.0
3837.5796858305175	0.01872170000024198	epochs	3.0
3837.5984075305178	0.018641399999978603	epochs	3.0
3837.6170489305177	0.03704429999970671	epochs	2.0
3837.6170489305177	0.018561599999884493	epochs	3.0
3837.6356105305176	0.018482699999822216	epochs	3.0
3837.6540932305174	0.036731000000145286	epochs	2.0
3837.6540932305174	0.018404299999929208	epochs	3.0
3837.6724975305174	0.01832670000021608	epochs	3.0
3837.6908242305176	0.03642290000016146	epochs	2.0
3837.6908242305176	0.018249599999762722	epochs	3.0
3837.7090738305174	0.01817330000039874	epochs	3.0
3837.7272471305178	0.03612009999960719	epochs	2.0
3837.7272471305178	0.018097599999691738	epochs	3.0
3837.7453447305174	0.018022499999915453	epochs	3.0
3837.7633672305174	0.035822100000132195	epochs	2.0
3837.7633672305174	0.017947900000308437	epochs	3.0
3837.7813151305177	0.01787419999982376	epochs	3.0
3837.7991893305175	0.03552900000022419	epochs	2.0
3837.7991893305175	0.017800800000259187	epochs	3.0
3837.8169901305178	0.017728199999965	epochs	3.0
3837.8347183305177	0.03524070000003121	epochs	2.0
3837.8347183305177	0.01765609999984008	epochs	3.0
3837.8523744305176	0.01758460000019113	epochs	3.0
3837.8699590305177	0.03495709999970131	epochs	2.0
3837.8699590305177	0.01751369999965391	epochs	3.0
3837.8874727305174	0.017443400000047404	epochs	3.0
3837.9049161305174	0.03467790000013338	epochs	2.0
3837.9049161305174	0.01737360000015542	epochs	3.0
3837.9222897305176	0.017304299999977957	epochs	3.0
3837.9395940305176	0.03440330000012182	epochs	2.0
3837.9395940305176	0.017235700000128418	epochs	3.0
3837.9568297305177	0.0171675999999934	epochs	3.0
3837.9739973305177	0.03413279999995211	epochs	2.0
3837.9739973305177	0.017099899999720947	epochs	3.0
3837.9910972305174	0.017032900000231166	epochs	3.0
3838.0081301305177	0.03386670000008962	epochs	2.0
3838.0081301305177	0.01696640000000116	epochs	3.0
3838.0250965305177	0.016900300000088464	epochs	3.0
3838.0419968305177	0.033604599999762286	epochs	2.0
3838.0419968305177	0.016834799999742245	epochs	3.0
3838.0588316305175	0.01676980000002004	epochs	3.0
3838.0756014305175	0.0333466000001863	epochs	2.0
3838.0756014305175	0.016705300000012357	epochs	3.0
3838.0923067305175	0.016641300000173942	epochs	3.0
3838.1089480305177	0.033092499999838765	epochs	2.0
3838.1089480305177	0.016577800000050047	epochs	3.0
3838.1255258305177	0.016514699999788718	epochs	3.0
3838.1420405305175	0.032842300000083924	epochs	2.0
3838.1420405305175	0.01645220000000336	epochs	3.0
3838.1584927305175	0.016390100000080565	epochs	3.0
3838.1748828305176	0.03259570000000167	epochs	2.0
3838.1748828305176	0.016328400000020338	epochs	3.0
3838.1912112305176	0.016267299999981333	epochs	3.0
3838.2074785305176	0.03235289999975066	epochs	2.0
3838.2074785305176	0.016206599999804894	epochs	3.0
3838.2236851305174	0.016146299999945768	epochs	3.0
3838.2398314305174	0.032113700000081735	epochs	2.0
3838.2398314305174	0.016086600000107865	epochs	3.0
3838.2559180305175	0.01602709999997387	epochs	3.0
3838.2719451305175	0.03187800000023344	epochs	2.0
3838.2719451305175	0.015968200000315846	epochs	3.0
3838.2879133305178	0.015909799999917595	epochs	3.0
3838.3038231305177	0.03164569999989908	epochs	2.0
3838.3038231305177	0.015851599999678	epochs	3.0
3838.3196747305174	0.01579410000022108	epochs	3.0
3838.3354688305176	0.03141670000013619	epochs	2.0
3838.3354688305176	0.015736700000161363	epochs	3.0
3838.3512055305177	0.015679999999974825	epochs	3.0
3838.3668855305177	0.03119109999988723	epochs	2.0
3838.3668855305177	0.015623599999798898	epochs	3.0
3838.3825091305175	0.01556750000008833	epochs	3.0
3838.3980766305176	0.030968699999903038	epochs	2.0
3838.3980766305176	0.015511999999944237	epochs	3.0
3838.4135886305176	0.0154566999999588	epochs	3.0
3838.4290453305175	0.030749500000183616	epochs	2.0
3838.4290453305175	0.015401999999994587	epochs	3.0
3838.4444473305175	0.01534750000018903	epochs	3.0
3838.4597948305177	0.030533199999808858	epochs	2.0
3838.4597948305177	0.01529339999979129	epochs	3.0
3838.4750882305175	0.015239800000017567	epochs	3.0
3838.4903280305175	0.030320100000153616	epochs	2.0
3838.4903280305175	0.015186500000254455	epochs	3.0
3838.5055145305178	0.015133599999899161	epochs	3.0
3838.5206481305177	0.030109899999843037	epochs	2.0
3838.5206481305177	0.015081000000009226	epochs	3.0
3838.5357291305177	0.015028899999833811	epochs	3.0
3838.5507580305175	0.029902499999934662	epochs	2.0
3838.5507580305175	0.0149770000002718	epochs	3.0
3838.5657350305178	0.014925499999662861	epochs	3.0
3838.5806605305174	0.0296981000001324	epochs	2.0
3838.5806605305174	0.01487440000028073	epochs	3.0
3838.5955349305177	0.01482369999985167	epochs	3.0
3838.6103586305176	0.029496300000118936	epochs	2.0
3838.6103586305176	0.014773200000036013	epochs	3.0
3838.6251318305176	0.014723100000082923	epochs	3.0
3838.6398549305177	0.029297399999904883	epochs	2.0
3838.6398549305177	0.014673399999992398	epochs	3.0
3838.6545283305177	0.014623999999912485	epochs	3.0
3838.6691523305176	0.029101099999934377	epochs	2.0
3838.6691523305176	0.014574899999843183	epochs	3.0
3838.6837272305174	0.014526200000091194	epochs	3.0
3838.6982534305175	0.028907400000207417	epochs	2.0
3838.6982534305175	0.014477700000043114	epochs	3.0
3838.7127311305176	0.014429700000164303	epochs	3.0
3838.7271608305177	0.028716199999962555	epochs	2.0
3838.7271608305177	0.014381799999682698	epochs	3.0
3838.7415426305174	0.014334400000279857	epochs	3.0
3838.7558770305177	0.02852759999996124	epochs	2.0
3838.7558770305177	0.01428719999967143	epochs	3.0
3838.7701642305174	0.01424040000028981	epochs	3.0
3838.7844046305177	0.028341400000044814	epochs	2.0
3838.7844046305177	0.014193799999702605	epochs	3.0
3838.7985984305174	0.014147600000342209	epochs	3.0
3838.8127460305177	0.028157700000065233	epochs	2.0
3838.8127460305177	0.014101700000082928	epochs	3.0
3838.826847730518	0.014055999999982305	epochs	3.0
3838.8409037305178	0.02797629999986384	epochs	2.0
3838.8409037305178	0.014010599999892293	epochs	3.0
3838.8549143305177	0.013965699999971548	epochs	3.0
3838.8688800305176	0.027797199999895383	epochs	2.0
3838.8688800305176	0.013920800000050804	epochs	3.0
3838.8828008305177	0.01387639999984458	epochs	3.0
3838.8966772305175	0.02762040000015986	epochs	2.0
3838.8966772305175	0.01383220000025176	epochs	3.0
3838.910509430518	0.013788199999908102	epochs	3.0
3838.9242976305177	0.02744589999974778	epochs	2.0
3838.9242976305177	0.013744599999881757	epochs	3.0
3838.9380422305176	0.013701299999866023	epochs	3.0
3838.9517435305174	0.027273500000319473	epochs	2.0
3838.9517435305174	0.013658200000008947	epochs	3.0
3838.9654017305174	0.013615300000310526	epochs	3.0
3838.9790170305178	0.02710339999975986	epochs	2.0
3838.9790170305178	0.013572800000019924	epochs	3.0
3838.9925898305178	0.013530599999739934	epochs	3.0
3839.0061204305175	0.02693520000002536	epochs	2.0
3839.0061204305175	0.01348839999991469	epochs	3.0
3839.0196088305174	0.01344680000011067	epochs	3.0
3839.0330556305175	0.026769200000217097	epochs	2.0
3839.0330556305175	0.013405199999851902	epochs	3.0
3839.0464608305174	0.013364000000365195	epochs	3.0
3839.0598248305178	0.026605199999721663	epochs	2.0
3839.0598248305178	0.013322899999820947	epochs	3.0
3839.0731477305176	0.013282299999900715	epochs	3.0
3839.0864300305175	0.0264431999999033	epochs	2.0
3839.0864300305175	0.013241699999980483	epochs	3.0
3839.0996717305175	0.013201499999922817	epochs	3.0
3839.1128732305174	0.02628320000030726	epochs	2.0
3839.1128732305174	0.013161500000023807	epochs	3.0
3839.1260347305174	0.013121700000283454	epochs	3.0
3839.1391564305177	0.026124999999865395	epochs	2.0
3839.1391564305177	0.013082099999792263	epochs	3.0
3839.1522385305175	0.013042900000073132	epochs	3.0
3839.1652814305176	0.025968899999952555	epochs	2.0
3839.1652814305176	0.01300390000005791	epochs	3.0
3839.1782853305176	0.012964999999894644	epochs	3.0
3839.1912503305175	0.025814500000251428	epochs	2.0
3839.1912503305175	0.012926400000196736	epochs	3.0
3839.2041767305177	0.012888100000054692	epochs	3.0
3839.2170648305178	0.025661899999704474	epochs	2.0
3839.2170648305178	0.012849899999764602	epochs	3.0
3839.2299147305175	0.012811999999939871	epochs	3.0
3839.2427267305175	0.025511199999982637	epochs	2.0
3839.2427267305175	0.012774400000125752	epochs	3.0
3839.2555011305176	0.012736799999856885	epochs	3.0
3839.2682379305174	0.025362300000324467	epochs	2.0
3839.2682379305174	0.012699700000212033	epochs	3.0
3839.2809376305177	0.012662600000112434	epochs	3.0
3839.2936002305178	0.025214999999661813	epochs	2.0
3839.2936002305178	0.012625800000023446	epochs	3.0
3839.306226030518	0.012589199999638367	epochs	3.0
3839.3188152305174	0.024584799999956886	epochs	2.0
3839.3406016305175	0.5	epochs	-1.0
3839.3434000305174	0.999920000000202	epochs	1.0
3839.8406016305175	0.5	epochs	-1.0
3841.4979996681213	0.10039999999980864	epochs	0.0
3841.4979996681213	0.04520009999987451	epochs	1.0
3841.543199768121	0.009999800000059622	epochs	1.0
3841.5531995681213	0.04520009999987451	epochs	1.0
3841.598399668121	2.0	epochs	0.0
3843.598399668121	0.5597600000000966	epochs	0.0
3843.598399668121	0.5597600000000966	epochs	1.0
3843.5984012681215	0.5	epochs	-1.0
3844.0984012681215	0.059758399999736866	epochs	-1.0
3844.1581596681212	21.440160000000105	epochs	0.0
3845.263999938965	0.10039999999980864	epochs	0.0
3845.263999938965	0.04520009999987451	epochs	1.0
3845.3092000389647	0.009999800000059622	epochs	1.0
3845.319199838965	0.04520009999987451	epochs	1.0
3845.3643999389647	2.0	epochs	0.0
3847.3643999389647	0.5190400000001318	epochs	0.0
3847.3643999389647	0.5190400000001318	epochs	1.0
3847.364401538965	0.5	epochs	-1.0
3847.864401538965	0.019038399999772082	epochs	-1.0
3847.883439938965	21.48088000000007	epochs	0.0
3849.0899996757507	0.10039999999980864	epochs	0.0
3849.0899996757507	0.04520009999987451	epochs	1.0
3849.1351997757506	0.009999800000059622	epochs	1.0
3849.1451995757507	0.04520009999987451	epochs	1.0
3849.1903996757505	2.0	epochs	0.0
3851.1903996757505	21.519520000000284	epochs	0.0
3851.1903996757505	1.0	epochs	1.0
3851.190401275751	0.5	epochs	-1.0
3851.690401275751	19.997199999999793	epochs	-1.0
3852.1903996757505	20.0	epochs	1.0
3852.1903996757505	4.356753900000058	epochs	-1.0
3852.1903996757505	1.9745872000003146	epochs	2.0
3852.1903996757505	1.0985622000002877	epochs	3.0
3853.288961875751	0.8760250000000269	epochs	3.0
3854.164986875751	1.3524075000000266	epochs	2.0
3854.164986875751	0.7286354999996547	epochs	3.0
3854.8936223757505	0.6237720000003719	epochs	3.0
3855.517394375751	1.0297591999997167	epochs	2.0
3855.517394375751	0.5453293000000485	epochs	3.0
3856.062723675751	0.4844298999996681	epochs	3.0
3856.5471535757506	0.8317862000003515	epochs	2.0
3856.5471535757506	0.43577630000027057	epochs	3.0
3856.982929875751	0.39600990000008096	epochs	3.0
3857.378939775751	0.6977969999998095	epochs	2.0
3857.378939775751	0.3628981999995631	epochs	3.0
3857.7418379757505	0.3348988000002464	epochs	3.0
3858.0767367757508	0.6010456999997587	epochs	2.0
3858.0767367757508	0.3109122999999272	epochs	3.0
3858.3876490757507	0.29013339999983145	epochs	3.0
3858.6777824757505	0.5278859000000011	epochs	2.0
3858.6777824757505	0.27195860000028915	epochs	3.0
3858.949741075751	0.255927299999712	epochs	3.0
3859.2056683757505	0.4706193000001804	epochs	2.0
3859.2056683757505	0.24168130000043675	epochs	3.0
3859.447349675751	0.22893799999974362	epochs	3.0
3859.6762876757507	0.42457039999999324	epochs	2.0
3859.6762876757507	0.21747140000024956	epochs	3.0
3859.893759075751	0.20709899999974368	epochs	3.0
3860.1008580757507	0.3867353999999068	epochs	2.0
3860.1008580757507	0.19767110000020693	epochs	3.0
3860.298529175751	0.18906429999969987	epochs	3.0
3860.4875934757506	0.3550953000003574	epochs	2.0
3860.4875934757506	0.18117590000019845	epochs	3.0
3860.668769375751	0.17391940000015893	epochs	3.0
3860.842688775751	0.3282430999997814	epochs	2.0
3860.842688775751	0.16722189999973125	epochs	3.0
3861.0099106757507	0.16102120000005016	epochs	3.0
3861.1709318757507	0.3051679999998669	epochs	2.0
3861.1709318757507	0.15526390000013635	epochs	3.0
3861.326195775751	0.14990409999973053	epochs	3.0
3861.4760998757506	0.2851253000003453	epochs	2.0
3861.4760998757506	0.14490210000030856	epochs	3.0
3861.621001975751	0.14022320000003674	epochs	3.0
3861.761225175751	0.2675537999998596	epochs	2.0
3861.761225175751	0.1358368999999584	epochs	3.0
3861.897062075751	0.13171689999990122	epochs	3.0
3862.028778975751	0.2520228999997016	epochs	2.0
3862.028778975751	0.12783929999977772	epochs	3.0
3862.1566182757506	0.1241835999999239	epochs	3.0
3862.2808018757505	0.23819650000041293	epochs	2.0
3862.2808018757505	0.12073110000028464	epochs	3.0
3862.401532975751	0.11746540000012828	epochs	3.0
3862.518998375751	0.22580879999986792	epochs	2.0
3862.518998375751	0.11437189999969632	epochs	3.0
3862.6333702757506	0.11143690000017159	epochs	3.0
3862.744807175751	0.21464599999990241	epochs	2.0
3862.744807175751	0.10864889999993466	epochs	3.0
3862.8534560757507	0.10599709999996776	epochs	3.0
3862.9594531757507	0.2045349999998507	epochs	2.0
3862.9594531757507	0.10347150000006877	epochs	3.0
3863.0629246757508	0.10106349999978192	epochs	3.0
3863.1639881757505	0.19533400000000256	epochs	2.0
3863.1639881757505	0.09876510000003691	epochs	3.0
3863.2627532757506	0.09656889999996565	epochs	3.0
3863.3593221757505	0.18692529999998442	epochs	2.0
3863.3593221757505	0.0944683000002442	epochs	3.0
3863.453790475751	0.09245699999974022	epochs	3.0
3863.5462474757505	0.1792107000001124	epochs	2.0
3863.5462474757505	0.0905296000000817	epochs	3.0
3863.6367770757506	0.08868110000003071	epochs	3.0
3863.7254581757506	0.17210770000019693	epochs	2.0
3863.7254581757506	0.08690630000000965	epochs	3.0
3863.8123644757507	0.08520140000018728	epochs	3.0
3863.897565875751	0.16554640000003928	epochs	2.0
3863.897565875751	0.08356189999994967	epochs	3.0
3863.981127775751	0.08198450000008961	epochs	3.0
3864.063112275751	0.15946709999980158	epochs	2.0
3864.063112275751	0.08046539999986635	epochs	3.0
3864.1435776757507	0.07900169999993523	epochs	3.0
3864.2225793757507	0.15381840000009106	epochs	2.0
3864.2225793757507	0.07759010000017952	epochs	3.0
3864.300169475751	0.07622829999991154	epochs	3.0
3864.376397775751	0.14855639999996129	epochs	2.0
3864.376397775751	0.07491329999993468	epochs	3.0
3864.4513110757507	0.0736431000000266	epochs	3.0
3864.5249541757507	0.1436423999998624	epochs	2.0
3864.5249541757507	0.07241500000009182	epochs	3.0
3864.597369175751	0.07122739999977057	epochs	3.0
3864.6685965757506	0.13904309999998077	epochs	2.0
3864.6685965757506	0.07007800000019415	epochs	3.0
3864.738674575751	0.06896509999978662	epochs	3.0
3864.8076396757506	0.13472930000034467	epochs	2.0
3864.8076396757506	0.0678871000000072	epochs	3.0
3864.8755267757506	0.06684220000033747	epochs	3.0
3864.942368975751	0.13067519999958677	epochs	2.0
3864.942368975751	0.06582909999997355	epochs	3.0
3865.008198075751	0.06484609999961322	epochs	3.0
3865.0730441757505	0.12685780000037994	epochs	2.0
3865.0730441757505	0.06389200000012352	epochs	3.0
3865.1369361757506	0.06296580000025642	epochs	3.0
3865.199901975751	0.12325719999989815	epochs	2.0
3865.199901975751	0.06206579999980022	epochs	3.0
3865.2619677757507	0.06119140000009793	epochs	3.0
3865.323159175751	0.11985539999977846	epochs	2.0
3865.323159175751	0.06034109999973225	epochs	3.0
3865.3835002757505	0.059514300000046205	epochs	3.0
3865.4430145757506	0.11663620000035735	epochs	2.0
3865.4430145757506	0.058709600000383944	epochs	3.0
3865.501724175751	0.057926599999973405	epochs	3.0
3865.559650775751	0.11358559999962381	epochs	2.0
3865.559650775751	0.05716419999998834	epochs	3.0
3865.616814975751	0.05642139999963547	epochs	3.0
3865.6732363757505	0.11069050000014613	epochs	2.0
3865.6732363757505	0.05569790000026842	epochs	3.0
3865.728934275751	0.05499259999987771	epochs	3.0
3865.7839268757507	0.10793909999983953	epochs	2.0
3865.7839268757507	0.054304900000261114	epochs	3.0
3865.838231775751	0.053634199999578414	epochs	3.0
3865.8918659757505	0.10532150000017282	epochs	2.0
3865.8918659757505	0.05298000000038883	epochs	3.0
3865.944845975751	0.05234149999978399	epochs	3.0
3865.9971874757507	0.10282760000018243	epochs	2.0
3865.9971874757507	0.05171810000001642	epochs	3.0
3866.0489055757507	0.05110950000016601	epochs	3.0
3866.100015075751	0.10044909999987794	epochs	2.0
3866.100015075751	0.050514900000052876	epochs	3.0
3866.150529975751	0.04993419999982507	epochs	3.0
3866.2004641757508	0.09817829999974492	epochs	2.0
3866.2004641757508	0.049366599999757454	epochs	3.0
3866.2498307757505	0.04881169999998747	epochs	3.0
3866.2986424757505	0.09600780000027953	epochs	2.0
3866.2986424757505	0.04826920000004975	epochs	3.0
3866.3469116757506	0.04773860000022978	epochs	3.0
3866.394650275751	0.09393120000004274	epochs	2.0
3866.394650275751	0.0472194999997555	epochs	3.0
3866.4418697757505	0.04671170000028724	epochs	3.0
3866.488581475751	0.09194260000003851	epochs	2.0
3866.488581475751	0.046214599999984785	epochs	3.0
3866.534796075751	0.045728000000053726	epochs	3.0
3866.580524075751	0.09003630000006524	epochs	2.0
3866.580524075751	0.045251499999722	epochs	3.0
3866.6257755757506	0.04478480000034324	epochs	3.0
3866.670560375751	0.0882075999998051	epochs	2.0
3866.670560375751	0.04432779999979175	epochs	3.0
3866.7148881757507	0.04387980000001335	epochs	3.0
3866.7587679757507	0.0864516999999978	epochs	2.0
3866.7587679757507	0.04344099999980244	epochs	3.0
3866.8022089757505	0.04301070000019536	epochs	3.0
3866.8452196757507	0.08476430000018809	epochs	2.0
3866.8452196757507	0.04258900000013455	epochs	3.0
3866.887808675751	0.04217530000005354	epochs	3.0
3866.929983975751	0.08314149999978326	epochs	2.0
3866.929983975751	0.04176969999980429	epochs	3.0
3866.9717536757507	0.041371799999978975	epochs	3.0
3867.0131254757507	0.08157970000002024	epochs	2.0
3867.0131254757507	0.040981399999964196	epochs	3.0
3867.0541068757507	0.04059830000005604	epochs	3.0
3867.0947051757507	0.08007550000002084	epochs	2.0
3867.0947051757507	0.040222300000095856	epochs	3.0
3867.134927475751	0.03985319999992498	epochs	3.0
3867.1747806757508	0.07862569999997504	epochs	2.0
3867.1747806757508	0.03949079999983951	epochs	3.0
3867.2142714757506	0.03913490000013553	epochs	3.0
3867.2534063757507	0.07722759999978734	epochs	2.0
3867.2534063757507	0.038785400000051595	epochs	3.0
3867.292191775751	0.03844219999973575	epochs	3.0
3867.3306339757505	0.07587820000026113	epochs	2.0
3867.3306339757505	0.038104800000382966	epochs	3.0
3867.368738775751	0.037773399999878166	epochs	3.0
3867.406512175751	0.07457519999979922	epochs	2.0
3867.406512175751	0.03744770000002973	epochs	3.0
3867.443959875751	0.0371274999997695	epochs	3.0
3867.4810873757506	0.07331629999998768	epochs	2.0
3867.4810873757506	0.036812900000313675	epochs	3.0
3867.517900275751	0.036503399999674	epochs	3.0
3867.5544036757506	0.07209899999998015	epochs	2.0
3867.5544036757506	0.03619909999997617	epochs	3.0
3867.5906027757505	0.03589990000000398	epochs	3.0
3867.6265026757505	0.07092170000032638	epochs	2.0
3867.6265026757505	0.03560560000005353	epochs	3.0
3867.6621082757506	0.035316100000272854	epochs	3.0
3867.697424375751	0.06978200000003199	epochs	2.0
3867.697424375751	0.03503120000004856	epochs	3.0
3867.732455575751	0.03475079999998343	epochs	3.0
3867.767206375751	0.06867859999965731	epochs	2.0
3867.767206375751	0.03447509999978138	epochs	3.0
3867.8016814757507	0.03420349999987593	epochs	3.0
3867.8358849757506	0.06760930000018561	epochs	2.0
3867.8358849757506	0.033936199999970995	epochs	3.0
3867.8698211757505	0.03367310000021462	epochs	3.0
3867.9034942757507	0.06657290000021021	epochs	2.0
3867.9034942757507	0.03341399999999339	epochs	3.0
3867.9369082757507	0.03315890000021682	epochs	3.0
3867.970067175751	0.06556779999982609	epochs	2.0
3867.970067175751	0.032907699999668694	epochs	3.0
3868.0029748757506	0.0326601000001574	epochs	3.0
3868.035634975751	0.06459259999974165	epochs	2.0
3868.035634975751	0.03241639999987456	epochs	3.0
3868.0680513757507	0.032176199999867094	epochs	3.0
3868.1002275757505	0.06364600000006249	epochs	2.0
3868.1002275757505	0.03193959999998697	epochs	3.0
3868.1321671757505	0.03170640000007552	epochs	3.0
3868.1638735757506	0.0627266999999847	epochs	2.0
3868.1638735757506	0.03147660000013275	epochs	3.0
3868.1953501757507	0.031250099999851955	epochs	3.0
3868.2266002757506	0.06183360000022731	epochs	2.0
3868.2266002757506	0.031026900000142632	epochs	3.0
3868.2576271757507	0.030806700000084675	epochs	3.0
3868.288433875751	0.06096560000014506	epochs	2.0
3868.288433875751	0.03058980000014344	epochs	3.0
3868.319023675751	0.030375800000001618	epochs	3.0
3868.349399475751	0.06012160000000222	epochs	2.0
3868.349399475751	0.030164899999817862	epochs	3.0
3868.3795643757508	0.029956700000184355	epochs	3.0
3868.409521075751	0.05930069999976695	epochs	2.0
3868.409521075751	0.02975159999959942	epochs	3.0
3868.4392726757505	0.029549100000167527	epochs	3.0
3868.4688217757507	0.058501800000158255	epochs	2.0
3868.4688217757507	0.029349400000228343	epochs	3.0
3868.498171175751	0.029152399999929912	epochs	3.0
3868.527323575751	0.05772419999993872	epochs	2.0
3868.527323575751	0.028957999999875028	epochs	3.0
3868.5562815757507	0.02876620000006369	epochs	3.0
3868.585047775751	0.056967099999837956	epochs	2.0
3868.585047775751	0.028577000000041153	epochs	3.0
3868.613624775751	0.028390099999796803	epochs	3.0
3868.6420148757506	0.05622949999997218	epochs	2.0
3868.6420148757506	0.028205699999944045	epochs	3.0
3868.6702205757506	0.028023800000028132	epochs	3.0
3868.6982443757506	0.05551070000001346	epochs	2.0
3868.6982443757506	0.027844000000186497	epochs	3.0
3868.726088375751	0.02766669999982696	epochs	3.0
3868.7537550757506	0.05481020000024728	epochs	2.0
3868.7537550757506	0.02749149999999645	epochs	3.0
3868.7812465757506	0.02731870000025083	epochs	3.0
3868.808565275751	0.054126999999880354	epochs	2.0
3868.808565275751	0.027147799999966082	epochs	3.0
3868.835713075751	0.026979199999914272	epochs	3.0
3868.8626922757508	0.053460699999959616	epochs	2.0
3868.8626922757508	0.026812600000084785	epochs	3.0
3868.889504875751	0.02664809999987483	epochs	3.0
3868.9161529757507	0.05281070000000909	epochs	2.0
3868.9161529757507	0.0264855999998872	epochs	3.0
3868.9426385757506	0.026325100000121893	epochs	3.0
3868.9689636757507	0.052176199999848905	epochs	2.0
3868.9689636757507	0.026166399999965506	epochs	3.0
3868.9951300757507	0.0260097999998834	epochs	3.0
3869.0211398757506	0.05155670000021928	epochs	2.0
3869.0211398757506	0.02585480000016105	epochs	3.0
3869.0469946757507	0.02570190000005823	epochs	3.0
3869.072696575751	0.050951899999745365	epochs	2.0
3869.072696575751	0.02555069999971238	epochs	3.0
3869.0982472757505	0.025401200000032986	epochs	3.0
3869.1236484757505	0.05036100000006627	epochs	2.0
3869.1236484757505	0.02525350000041726	epochs	3.0
3869.148901975751	0.025107499999649008	epochs	3.0
3869.1740094757506	0.04978380000011384	epochs	2.0
3869.1740094757506	0.02496320000000196	epochs	3.0
3869.1989726757506	0.02482060000011188	epochs	3.0
3869.2237932757507	0.04921950000016295	epochs	2.0
3869.2237932757507	0.024679399999968155	epochs	3.0
3869.2484726757507	0.024540100000194798	epochs	3.0
3869.273012775751	0.04866790000005494	epochs	2.0
3869.273012775751	0.024402099999861093	epochs	3.0
3869.2974148757507	0.02426580000019385	epochs	3.0
3869.321680675751	0.048128599999927246	epochs	2.0
3869.321680675751	0.024130999999670166	epochs	3.0
3869.3458116757506	0.02399760000025708	epochs	3.0
3869.369809275751	0.047601100000065344	epochs	2.0
3869.369809275751	0.02386579999983951	epochs	3.0
3869.3936750757507	0.023735300000225834	epochs	3.0
3869.417410375751	0.047084999999697175	epochs	2.0
3869.417410375751	0.02360629999975572	epochs	3.0
3869.4410166757507	0.023478699999941455	epochs	3.0
3869.4644953757506	0.04658000000017637	epochs	2.0
3869.4644953757506	0.02335250000032829	epochs	3.0
3869.487847875751	0.023227499999848078	epochs	3.0
3869.511075375751	0.04608569999982137	epochs	2.0
3869.511075375751	0.02310399999987567	epochs	3.0
3869.5341793757507	0.022981699999945704	epochs	3.0
3869.5571610757506	0.045601799999985815	epochs	2.0
3869.5571610757506	0.02286069999991014	epochs	3.0
3869.5800217757505	0.022741100000075676	epochs	3.0
3869.6027628757506	0.045127899999897636	epochs	2.0
3869.6027628757506	0.022622500000125	epochs	3.0
3869.6253853757507	0.022505399999772635	epochs	3.0
3869.6478907757505	0.044663800000307674	epochs	2.0
3869.6478907757505	0.022389300000213552	epochs	3.0
3869.6702800757507	0.022274500000094122	epochs	3.0
3869.692554575751	0.044209199999841076	epochs	2.0
3869.692554575751	0.022160799999710434	epochs	3.0
3869.7147153757505	0.02204840000013064	epochs	3.0
3869.7367637757507	0.04376360000014756	epochs	2.0
3869.7367637757507	0.021936900000127935	epochs	3.0
3869.758700675751	0.021826700000019628	epochs	3.0
3869.780527375751	0.043327099999714846	epochs	2.0
3869.780527375751	0.02171760000010181	epochs	3.0
3869.802244975751	0.021609499999613035	epochs	3.0
3869.8238544757505	0.04289900000003399	epochs	2.0
3869.8238544757505	0.021502500000224245	epochs	3.0
3869.8453569757507	0.021396499999809748	epochs	3.0
3869.8667534757506	0.042479500000354165	epochs	2.0
3869.8667534757506	0.02129170000034719	epochs	3.0
3869.888045175751	0.021187800000006973	epochs	3.0
3869.909232975751	0.04206789999989269	epochs	2.0
3869.909232975751	0.02108490000000529	epochs	3.0
3869.930317875751	0.020982999999887397	epochs	3.0
3869.951300875751	0.041664399999717716	epochs	2.0
3869.951300875751	0.020882199999959994	epochs	3.0
3869.9721830757508	0.020782199999757722	epochs	3.0
3869.9929652757505	0.04126850000011473	epochs	2.0
3869.9929652757505	0.02068330000020069	epochs	3.0
3870.0136485757507	0.02058519999991404	epochs	3.0
3870.0342337757506	0.04088000000001557	epochs	2.0
3870.0342337757506	0.020488099999965925	epochs	3.0
3870.0547218757506	0.020391900000049645	epochs	3.0
3870.0751137757507	0.04049880000002304	epochs	2.0
3870.0751137757507	0.0202966000001652	epochs	3.0
3870.095410375751	0.02020219999985784	epochs	3.0
3870.1156125757507	0.04012460000012652	epochs	2.0
3870.1156125757507	0.02010870000003706	epochs	3.0
3870.1357212757507	0.02001590000008946	epochs	3.0
3870.155737175751	0.03975730000001931	epochs	2.0
3870.155737175751	0.0199241999998776	epochs	3.0
3870.1756613757507	0.019833100000141712	epochs	3.0
3870.195494475751	0.03939669999999751	epochs	2.0
3870.195494475751	0.019742999999834865	epochs	3.0
3870.2152374757507	0.019653700000162644	epochs	3.0
3870.234891175751	0.03904239999974379	epochs	2.0
3870.234891175751	0.019565099999908853	epochs	3.0
3870.2544562757507	0.01947729999983494	epochs	3.0
3870.2739335757506	0.03869460000032632	epochs	2.0
3870.2739335757506	0.01939040000024761	epochs	3.0
3870.293323975751	0.01930420000007871	epochs	3.0
3870.312628175751	0.03835290000006353	epochs	2.0
3870.312628175751	0.01921879999963494	epochs	3.0
3870.3318469757505	0.01913410000042859	epochs	3.0
3870.350981075751	0.038017199999558215	epochs	2.0
3870.350981075751	0.01905019999958313	epochs	3.0
3870.3700312757505	0.018966999999975087	epochs	3.0
3870.3889982757505	0.03768720000016401	epochs	2.0
3870.3889982757505	0.018884500000240223	epochs	3.0
3870.4078827757507	0.01880269999992379	epochs	3.0
3870.4266854757507	0.037363100000220584	epochs	2.0
3870.4266854757507	0.01872170000024198	epochs	3.0
3870.445407175751	0.018641399999978603	epochs	3.0
3870.464048575751	0.03704429999970671	epochs	2.0
3870.464048575751	0.018561599999884493	epochs	3.0
3870.482610175751	0.018482699999822216	epochs	3.0
3870.5010928757506	0.036731000000145286	epochs	2.0
3870.5010928757506	0.018404299999929208	epochs	3.0
3870.5194971757505	0.01832670000021608	epochs	3.0
3870.5378238757507	0.03642290000016146	epochs	2.0
3870.5378238757507	0.018249599999762722	epochs	3.0
3870.5560734757505	0.01817330000039874	epochs	3.0
3870.574246775751	0.03612009999960719	epochs	2.0
3870.574246775751	0.018097599999691738	epochs	3.0
3870.5923443757506	0.018022499999915453	epochs	3.0
3870.6103668757505	0.035822100000132195	epochs	2.0
3870.6103668757505	0.017947900000308437	epochs	3.0
3870.628314775751	0.01787419999982376	epochs	3.0
3870.6461889757506	0.03552900000022419	epochs	2.0
3870.6461889757506	0.017800800000259187	epochs	3.0
3870.663989775751	0.017728199999965	epochs	3.0
3870.681717975751	0.03524070000003121	epochs	2.0
3870.681717975751	0.01765609999984008	epochs	3.0
3870.6993740757507	0.01758460000019113	epochs	3.0
3870.716958675751	0.03495709999970131	epochs	2.0
3870.716958675751	0.01751369999965391	epochs	3.0
3870.7344723757506	0.017443400000047404	epochs	3.0
3870.7519157757506	0.03467790000013338	epochs	2.0
3870.7519157757506	0.01737360000015542	epochs	3.0
3870.7692893757508	0.017304299999977957	epochs	3.0
3870.7865936757507	0.03440330000012182	epochs	2.0
3870.7865936757507	0.017235700000128418	epochs	3.0
3870.803829375751	0.0171675999999934	epochs	3.0
3870.820996975751	0.03413279999995211	epochs	2.0
3870.820996975751	0.017099899999720947	epochs	3.0
3870.8380968757506	0.017032900000231166	epochs	3.0
3870.855129775751	0.03386670000008962	epochs	2.0
3870.855129775751	0.01696640000000116	epochs	3.0
3870.872096175751	0.016900300000088464	epochs	3.0
3870.888996475751	0.033604599999762286	epochs	2.0
3870.888996475751	0.016834799999742245	epochs	3.0
3870.9058312757506	0.01676980000002004	epochs	3.0
3870.9226010757507	0.0333466000001863	epochs	2.0
3870.9226010757507	0.016705300000012357	epochs	3.0
3870.9393063757507	0.016641300000173942	epochs	3.0
3870.955947675751	0.033092499999838765	epochs	2.0
3870.955947675751	0.016577800000050047	epochs	3.0
3870.972525475751	0.016514699999788718	epochs	3.0
3870.9890401757507	0.032842300000083924	epochs	2.0
3870.9890401757507	0.01645220000000336	epochs	3.0
3871.0054923757507	0.016390100000080565	epochs	3.0
3871.0218824757508	0.03259570000000167	epochs	2.0
3871.0218824757508	0.016328400000020338	epochs	3.0
3871.038210875751	0.016267299999981333	epochs	3.0
3871.054478175751	0.03235289999975066	epochs	2.0
3871.054478175751	0.016206599999804894	epochs	3.0
3871.0706847757506	0.016146299999945768	epochs	3.0
3871.0868310757505	0.032113700000081735	epochs	2.0
3871.0868310757505	0.016086600000107865	epochs	3.0
3871.1029176757506	0.01602709999997387	epochs	3.0
3871.1189447757506	0.03187800000023344	epochs	2.0
3871.1189447757506	0.015968200000315846	epochs	3.0
3871.134912975751	0.015909799999917595	epochs	3.0
3871.150822775751	0.03164569999989908	epochs	2.0
3871.150822775751	0.015851599999678	epochs	3.0
3871.1666743757505	0.01579410000022108	epochs	3.0
3871.1824684757507	0.03141670000013619	epochs	2.0
3871.1824684757507	0.015736700000161363	epochs	3.0
3871.198205175751	0.015679999999974825	epochs	3.0
3871.213885175751	0.03119109999988723	epochs	2.0
3871.213885175751	0.015623599999798898	epochs	3.0
3871.2295087757507	0.01556750000008833	epochs	3.0
3871.2450762757508	0.030968699999903038	epochs	2.0
3871.2450762757508	0.015511999999944237	epochs	3.0
3871.2605882757507	0.0154566999999588	epochs	3.0
3871.2760449757507	0.030749500000183616	epochs	2.0
3871.2760449757507	0.015401999999994587	epochs	3.0
3871.2914469757507	0.01534750000018903	epochs	3.0
3871.306794475751	0.030533199999808858	epochs	2.0
3871.306794475751	0.01529339999979129	epochs	3.0
3871.3220878757506	0.015239800000017567	epochs	3.0
3871.3373276757507	0.030320100000153616	epochs	2.0
3871.3373276757507	0.015186500000254455	epochs	3.0
3871.352514175751	0.015133599999899161	epochs	3.0
3871.367647775751	0.030109899999843037	epochs	2.0
3871.367647775751	0.015081000000009226	epochs	3.0
3871.382728775751	0.015028899999833811	epochs	3.0
3871.3977576757507	0.029902499999934662	epochs	2.0
3871.3977576757507	0.0149770000002718	epochs	3.0
3871.412734675751	0.014925499999662861	epochs	3.0
3871.4276601757506	0.0296981000001324	epochs	2.0
3871.4276601757506	0.01487440000028073	epochs	3.0
3871.442534575751	0.01482369999985167	epochs	3.0
3871.4573582757507	0.029496300000118936	epochs	2.0
3871.4573582757507	0.014773200000036013	epochs	3.0
3871.4721314757508	0.014723100000082923	epochs	3.0
3871.486854575751	0.029297399999904883	epochs	2.0
3871.486854575751	0.014673399999992398	epochs	3.0
3871.501527975751	0.014623999999912485	epochs	3.0
3871.5161519757507	0.029101099999934377	epochs	2.0
3871.5161519757507	0.014574899999843183	epochs	3.0
3871.5307268757506	0.014526200000091194	epochs	3.0
3871.5452530757507	0.028907400000207417	epochs	2.0
3871.5452530757507	0.014477700000043114	epochs	3.0
3871.5597307757507	0.014429700000164303	epochs	3.0
3871.574160475751	0.028716199999962555	epochs	2.0
3871.574160475751	0.014381799999682698	epochs	3.0
3871.5885422757506	0.014334400000279857	epochs	3.0
3871.602876675751	0.02852759999996124	epochs	2.0
3871.602876675751	0.01428719999967143	epochs	3.0
3871.6171638757505	0.01424040000028981	epochs	3.0
3871.631404275751	0.028341400000044814	epochs	2.0
3871.631404275751	0.014193799999702605	epochs	3.0
3871.6455980757505	0.014147600000342209	epochs	3.0
3871.659745675751	0.028157700000065233	epochs	2.0
3871.659745675751	0.014101700000082928	epochs	3.0
3871.673847375751	0.014055999999982305	epochs	3.0
3871.687903375751	0.02797629999986384	epochs	2.0
3871.687903375751	0.014010599999892293	epochs	3.0
3871.701913975751	0.013965699999971548	epochs	3.0
3871.715879675751	0.027797199999895383	epochs	2.0
3871.715879675751	0.013920800000050804	epochs	3.0
3871.729800475751	0.01387639999984458	epochs	3.0
3871.7436768757507	0.02762040000015986	epochs	2.0
3871.7436768757507	0.01383220000025176	epochs	3.0
3871.757509075751	0.013788199999908102	epochs	3.0
3871.771297275751	0.02744589999974778	epochs	2.0
3871.771297275751	0.013744599999881757	epochs	3.0
3871.7850418757507	0.013701299999866023	epochs	3.0
3871.7987431757506	0.027273500000319473	epochs	2.0
3871.7987431757506	0.013658200000008947	epochs	3.0
3871.8124013757506	0.013615300000310526	epochs	3.0
3871.826016675751	0.02710339999975986	epochs	2.0
3871.826016675751	0.013572800000019924	epochs	3.0
3871.839589475751	0.013530599999739934	epochs	3.0
3871.8531200757507	0.02693520000002536	epochs	2.0
3871.8531200757507	0.01348839999991469	epochs	3.0
3871.8666084757506	0.01344680000011067	epochs	3.0
3871.8800552757507	0.026769200000217097	epochs	2.0
3871.8800552757507	0.013405199999851902	epochs	3.0
3871.8934604757505	0.013364000000365195	epochs	3.0
3871.906824475751	0.026605199999721663	epochs	2.0
3871.906824475751	0.013322899999820947	epochs	3.0
3871.9201473757507	0.013282299999900715	epochs	3.0
3871.9334296757506	0.0264431999999033	epochs	2.0
3871.9334296757506	0.013241699999980483	epochs	3.0
3871.9466713757506	0.013201499999922817	epochs	3.0
3871.9598728757505	0.02628320000030726	epochs	2.0
3871.9598728757505	0.013161500000023807	epochs	3.0
3871.9730343757506	0.013121700000283454	epochs	3.0
3871.986156075751	0.026124999999865395	epochs	2.0
3871.986156075751	0.013082099999792263	epochs	3.0
3871.9992381757506	0.013042900000073132	epochs	3.0
3872.0122810757507	0.025968899999952555	epochs	2.0
3872.0122810757507	0.01300390000005791	epochs	3.0
3872.0252849757508	0.012964999999894644	epochs	3.0
3872.0382499757507	0.025814500000251428	epochs	2.0
3872.0382499757507	0.012926400000196736	epochs	3.0
3872.051176375751	0.012888100000054692	epochs	3.0
3872.064064475751	0.025661899999704474	epochs	2.0
3872.064064475751	0.012849899999764602	epochs	3.0
3872.0769143757507	0.012811999999939871	epochs	3.0
3872.0897263757506	0.025511199999982637	epochs	2.0
3872.0897263757506	0.012774400000125752	epochs	3.0
3872.1025007757507	0.012736799999856885	epochs	3.0
3872.1152375757506	0.025362300000324467	epochs	2.0
3872.1152375757506	0.012699700000212033	epochs	3.0
3872.127937275751	0.012662600000112434	epochs	3.0
3872.140599875751	0.025214999999661813	epochs	2.0
3872.140599875751	0.012625800000023446	epochs	3.0
3872.153225675751	0.012589199999638367	epochs	3.0
3872.1658148757506	0.024584799999956886	epochs	2.0
3872.1876012757507	0.5	epochs	-1.0
3872.1903996757505	0.5195200000002842	epochs	1.0
3872.709919675751	0.4803999999999178	epochs	0.0
3873.708999633789	0.10039999999980864	epochs	0.0
3873.708999633789	0.04520009999987451	epochs	1.0
3873.754199733789	0.009999800000059622	epochs	1.0
3873.764199533789	0.04520009999987451	epochs	1.0
3873.809399633789	2.0	epochs	0.0
3875.809399633789	0.5587199999999939	epochs	0.0
3875.809399633789	0.5587199999999939	epochs	1.0
3875.8094012337892	0.5	epochs	-1.0
3876.3094012337892	0.05871839999963413	epochs	-1.0
3876.368119633789	21.441200000000208	epochs	0.0
3877.508999824524	0.10039999999980864	epochs	0.0
3877.508999824524	0.04520009999987451	epochs	1.0
3877.554199924524	0.009999800000059622	epochs	1.0
3877.564199724524	0.04520009999987451	epochs	1.0
3877.6093998245237	2.0	epochs	0.0
3879.6093998245237	0.559280000000399	epochs	0.0
3879.6093998245237	0.559280000000399	epochs	1.0
3879.609401424524	0.5	epochs	-1.0
3880.109401424524	0.059278400000039255	epochs	-1.0
3880.168679824524	21.440639999999803	epochs	0.0
3881.315999984741	0.10039999999980864	epochs	0.0
3881.315999984741	0.04520009999987451	epochs	1.0
3881.361200084741	0.009999800000059622	epochs	1.0
3881.371199884741	0.04520009999987451	epochs	1.0
3881.416399984741	2.0	epochs	0.0
3883.416399984741	0.519760000000133	epochs	0.0
3883.416399984741	0.519760000000133	epochs	1.0
3883.4164015847414	0.5	epochs	-1.0
3883.9164015847414	0.019758399999773246	epochs	-1.0
3883.936159984741	21.48016000000007	epochs	0.0
3885.115999698639	0.10039999999980864	epochs	0.0
3885.115999698639	0.04520009999987451	epochs	1.0
3885.161199798639	0.009999800000059622	epochs	1.0
3885.171199598639	0.04520009999987451	epochs	1.0
3885.2163996986387	2.0	epochs	0.0
3887.2163996986387	21.51944000000003	epochs	0.0
3887.2163996986387	1.0	epochs	1.0
3887.216401298639	0.5	epochs	-1.0
3887.716401298639	19.997199999999793	epochs	-1.0
3888.2163996986387	20.0	epochs	1.0
3888.2163996986387	4.356753900000058	epochs	-1.0
3888.2163996986387	1.9745872000003146	epochs	2.0
3888.2163996986387	1.0985622000002877	epochs	3.0
3889.314961898639	0.8760250000000269	epochs	3.0
3890.190986898639	1.3524075000000266	epochs	2.0
3890.190986898639	0.7286354999996547	epochs	3.0
3890.9196223986387	0.6237720000003719	epochs	3.0
3891.543394398639	1.0297591999997167	epochs	2.0
3891.543394398639	0.5453293000000485	epochs	3.0
3892.088723698639	0.4844298999996681	epochs	3.0
3892.573153598639	0.8317862000003515	epochs	2.0
3892.573153598639	0.43577630000027057	epochs	3.0
3893.008929898639	0.39600990000008096	epochs	3.0
3893.404939798639	0.6977969999998095	epochs	2.0
3893.404939798639	0.3628981999995631	epochs	3.0
3893.7678379986387	0.3348988000002464	epochs	3.0
3894.102736798639	0.6010456999997587	epochs	2.0
3894.102736798639	0.3109122999999272	epochs	3.0
3894.413649098639	0.29013339999983145	epochs	3.0
3894.7037824986387	0.5278859000000011	epochs	2.0
3894.7037824986387	0.27195860000028915	epochs	3.0
3894.975741098639	0.255927299999712	epochs	3.0
3895.2316683986387	0.4706193000001804	epochs	2.0
3895.2316683986387	0.24168130000043675	epochs	3.0
3895.473349698639	0.22893799999974362	epochs	3.0
3895.702287698639	0.42457039999999324	epochs	2.0
3895.702287698639	0.21747140000024956	epochs	3.0
3895.919759098639	0.20709899999974368	epochs	3.0
3896.126858098639	0.3867353999999068	epochs	2.0
3896.126858098639	0.19767110000020693	epochs	3.0
3896.324529198639	0.18906429999969987	epochs	3.0
3896.513593498639	0.3550953000003574	epochs	2.0
3896.513593498639	0.18117590000019845	epochs	3.0
3896.694769398639	0.17391940000015893	epochs	3.0
3896.868688798639	0.3282430999997814	epochs	2.0
3896.868688798639	0.16722189999973125	epochs	3.0
3897.035910698639	0.16102120000005016	epochs	3.0
3897.196931898639	0.3051679999998669	epochs	2.0
3897.196931898639	0.15526390000013635	epochs	3.0
3897.352195798639	0.14990409999973053	epochs	3.0
3897.502099898639	0.2851253000003453	epochs	2.0
3897.502099898639	0.14490210000030856	epochs	3.0
3897.647001998639	0.14022320000003674	epochs	3.0
3897.787225198639	0.2675537999998596	epochs	2.0
3897.787225198639	0.1358368999999584	epochs	3.0
3897.923062098639	0.13171689999990122	epochs	3.0
3898.054778998639	0.2520228999997016	epochs	2.0
3898.054778998639	0.12783929999977772	epochs	3.0
3898.1826182986388	0.1241835999999239	epochs	3.0
3898.3068018986387	0.23819650000041293	epochs	2.0
3898.3068018986387	0.12073110000028464	epochs	3.0
3898.427532998639	0.11746540000012828	epochs	3.0
3898.544998398639	0.22580879999986792	epochs	2.0
3898.544998398639	0.11437189999969632	epochs	3.0
3898.659370298639	0.11143690000017159	epochs	3.0
3898.770807198639	0.21464599999990241	epochs	2.0
3898.770807198639	0.10864889999993466	epochs	3.0
3898.879456098639	0.10599709999996776	epochs	3.0
3898.985453198639	0.2045349999998507	epochs	2.0
3898.985453198639	0.10347150000006877	epochs	3.0
3899.088924698639	0.10106349999978192	epochs	3.0
3899.1899881986387	0.19533400000000256	epochs	2.0
3899.1899881986387	0.09876510000003691	epochs	3.0
3899.2887532986388	0.09656889999996565	epochs	3.0
3899.3853221986387	0.18692529999998442	epochs	2.0
3899.3853221986387	0.0944683000002442	epochs	3.0
3899.479790498639	0.09245699999974022	epochs	3.0
3899.5722474986387	0.1792107000001124	epochs	2.0
3899.5722474986387	0.0905296000000817	epochs	3.0
3899.662777098639	0.08868110000003071	epochs	3.0
3899.751458198639	0.17210770000019693	epochs	2.0
3899.751458198639	0.08690630000000965	epochs	3.0
3899.838364498639	0.08520140000018728	epochs	3.0
3899.923565898639	0.16554640000003928	epochs	2.0
3899.923565898639	0.08356189999994967	epochs	3.0
3900.007127798639	0.08198450000008961	epochs	3.0
3900.089112298639	0.15946709999980158	epochs	2.0
3900.089112298639	0.08046539999986635	epochs	3.0
3900.169577698639	0.07900169999993523	epochs	3.0
3900.248579398639	0.15381840000009106	epochs	2.0
3900.248579398639	0.07759010000017952	epochs	3.0
3900.326169498639	0.07622829999991154	epochs	3.0
3900.402397798639	0.14855639999996129	epochs	2.0
3900.402397798639	0.07491329999993468	epochs	3.0
3900.477311098639	0.0736431000000266	epochs	3.0
3900.550954198639	0.1436423999998624	epochs	2.0
3900.550954198639	0.07241500000009182	epochs	3.0
3900.623369198639	0.07122739999977057	epochs	3.0
3900.694596598639	0.13904309999998077	epochs	2.0
3900.694596598639	0.07007800000019415	epochs	3.0
3900.764674598639	0.06896509999978662	epochs	3.0
3900.8336396986388	0.13472930000034467	epochs	2.0
3900.8336396986388	0.0678871000000072	epochs	3.0
3900.9015267986388	0.06684220000033747	epochs	3.0
3900.968368998639	0.13067519999958677	epochs	2.0
3900.968368998639	0.06582909999997355	epochs	3.0
3901.034198098639	0.06484609999961322	epochs	3.0
3901.0990441986387	0.12685780000037994	epochs	2.0
3901.0990441986387	0.06389200000012352	epochs	3.0
3901.162936198639	0.06296580000025642	epochs	3.0
3901.225901998639	0.12325719999989815	epochs	2.0
3901.225901998639	0.06206579999980022	epochs	3.0
3901.287967798639	0.06119140000009793	epochs	3.0
3901.349159198639	0.11985539999977846	epochs	2.0
3901.349159198639	0.06034109999973225	epochs	3.0
3901.4095002986387	0.059514300000046205	epochs	3.0
3901.4690145986388	0.11663620000035735	epochs	2.0
3901.4690145986388	0.058709600000383944	epochs	3.0
3901.527724198639	0.057926599999973405	epochs	3.0
3901.585650798639	0.11358559999962381	epochs	2.0
3901.585650798639	0.05716419999998834	epochs	3.0
3901.642814998639	0.05642139999963547	epochs	3.0
3901.6992363986387	0.11069050000014613	epochs	2.0
3901.6992363986387	0.05569790000026842	epochs	3.0
3901.754934298639	0.05499259999987771	epochs	3.0
3901.809926898639	0.10793909999983953	epochs	2.0
3901.809926898639	0.054304900000261114	epochs	3.0
3901.864231798639	0.053634199999578414	epochs	3.0
3901.9178659986387	0.10532150000017282	epochs	2.0
3901.9178659986387	0.05298000000038883	epochs	3.0
3901.970845998639	0.05234149999978399	epochs	3.0
3902.023187498639	0.10282760000018243	epochs	2.0
3902.023187498639	0.05171810000001642	epochs	3.0
3902.074905598639	0.05110950000016601	epochs	3.0
3902.126015098639	0.10044909999987794	epochs	2.0
3902.126015098639	0.050514900000052876	epochs	3.0
3902.176529998639	0.04993419999982507	epochs	3.0
3902.226464198639	0.09817829999974492	epochs	2.0
3902.226464198639	0.049366599999757454	epochs	3.0
3902.2758307986387	0.04881169999998747	epochs	3.0
3902.3246424986387	0.09600780000027953	epochs	2.0
3902.3246424986387	0.04826920000004975	epochs	3.0
3902.3729116986387	0.04773860000022978	epochs	3.0
3902.420650298639	0.09393120000004274	epochs	2.0
3902.420650298639	0.0472194999997555	epochs	3.0
3902.4678697986387	0.04671170000028724	epochs	3.0
3902.514581498639	0.09194260000003851	epochs	2.0
3902.514581498639	0.046214599999984785	epochs	3.0
3902.560796098639	0.045728000000053726	epochs	3.0
3902.606524098639	0.09003630000006524	epochs	2.0
3902.606524098639	0.045251499999722	epochs	3.0
3902.651775598639	0.04478480000034324	epochs	3.0
3902.696560398639	0.0882075999998051	epochs	2.0
3902.696560398639	0.04432779999979175	epochs	3.0
3902.740888198639	0.04387980000001335	epochs	3.0
3902.784767998639	0.0864516999999978	epochs	2.0
3902.784767998639	0.04344099999980244	epochs	3.0
3902.8282089986387	0.04301070000019536	epochs	3.0
3902.871219698639	0.08476430000018809	epochs	2.0
3902.871219698639	0.04258900000013455	epochs	3.0
3902.913808698639	0.04217530000005354	epochs	3.0
3902.955983998639	0.08314149999978326	epochs	2.0
3902.955983998639	0.04176969999980429	epochs	3.0
3902.997753698639	0.041371799999978975	epochs	3.0
3903.039125498639	0.08157970000002024	epochs	2.0
3903.039125498639	0.040981399999964196	epochs	3.0
3903.080106898639	0.04059830000005604	epochs	3.0
3903.120705198639	0.08007550000002084	epochs	2.0
3903.120705198639	0.040222300000095856	epochs	3.0
3903.160927498639	0.03985319999992498	epochs	3.0
3903.200780698639	0.07862569999997504	epochs	2.0
3903.200780698639	0.03949079999983951	epochs	3.0
3903.240271498639	0.03913490000013553	epochs	3.0
3903.279406398639	0.07722759999978734	epochs	2.0
3903.279406398639	0.038785400000051595	epochs	3.0
3903.318191798639	0.03844219999973575	epochs	3.0
3903.3566339986387	0.07587820000026113	epochs	2.0
3903.3566339986387	0.038104800000382966	epochs	3.0
3903.394738798639	0.037773399999878166	epochs	3.0
3903.432512198639	0.07457519999979922	epochs	2.0
3903.432512198639	0.03744770000002973	epochs	3.0
3903.469959898639	0.0371274999997695	epochs	3.0
3903.5070873986388	0.07331629999998768	epochs	2.0
3903.5070873986388	0.036812900000313675	epochs	3.0
3903.543900298639	0.036503399999674	epochs	3.0
3903.5804036986387	0.07209899999998015	epochs	2.0
3903.5804036986387	0.03619909999997617	epochs	3.0
3903.6166027986387	0.03589990000000398	epochs	3.0
3903.6525026986387	0.07092170000032638	epochs	2.0
3903.6525026986387	0.03560560000005353	epochs	3.0
3903.688108298639	0.035316100000272854	epochs	3.0
3903.723424398639	0.06978200000003199	epochs	2.0
3903.723424398639	0.03503120000004856	epochs	3.0
3903.758455598639	0.03475079999998343	epochs	3.0
3903.793206398639	0.06867859999965731	epochs	2.0
3903.793206398639	0.03447509999978138	epochs	3.0
3903.827681498639	0.03420349999987593	epochs	3.0
3903.8618849986387	0.06760930000018561	epochs	2.0
3903.8618849986387	0.033936199999970995	epochs	3.0
3903.8958211986387	0.03367310000021462	epochs	3.0
3903.929494298639	0.06657290000021021	epochs	2.0
3903.929494298639	0.03341399999999339	epochs	3.0
3903.962908298639	0.03315890000021682	epochs	3.0
3903.996067198639	0.06556779999982609	epochs	2.0
3903.996067198639	0.032907699999668694	epochs	3.0
3904.028974898639	0.0326601000001574	epochs	3.0
3904.061634998639	0.06459259999974165	epochs	2.0
3904.061634998639	0.03241639999987456	epochs	3.0
3904.094051398639	0.032176199999867094	epochs	3.0
3904.1262275986387	0.06364600000006249	epochs	2.0
3904.1262275986387	0.03193959999998697	epochs	3.0
3904.1581671986387	0.03170640000007552	epochs	3.0
3904.1898735986388	0.0627266999999847	epochs	2.0
3904.1898735986388	0.03147660000013275	epochs	3.0
3904.221350198639	0.031250099999851955	epochs	3.0
3904.2526002986388	0.06183360000022731	epochs	2.0
3904.2526002986388	0.031026900000142632	epochs	3.0
3904.283627198639	0.030806700000084675	epochs	3.0
3904.314433898639	0.06096560000014506	epochs	2.0
3904.314433898639	0.03058980000014344	epochs	3.0
3904.345023698639	0.030375800000001618	epochs	3.0
3904.375399498639	0.06012160000000222	epochs	2.0
3904.375399498639	0.030164899999817862	epochs	3.0
3904.405564398639	0.029956700000184355	epochs	3.0
3904.435521098639	0.05930069999976695	epochs	2.0
3904.435521098639	0.02975159999959942	epochs	3.0
3904.4652726986387	0.029549100000167527	epochs	3.0
3904.494821798639	0.058501800000158255	epochs	2.0
3904.494821798639	0.029349400000228343	epochs	3.0
3904.524171198639	0.029152399999929912	epochs	3.0
3904.553323598639	0.05772419999993872	epochs	2.0
3904.553323598639	0.028957999999875028	epochs	3.0
3904.582281598639	0.02876620000006369	epochs	3.0
3904.611047798639	0.056967099999837956	epochs	2.0
3904.611047798639	0.028577000000041153	epochs	3.0
3904.639624798639	0.028390099999796803	epochs	3.0
3904.668014898639	0.05622949999997218	epochs	2.0
3904.668014898639	0.028205699999944045	epochs	3.0
3904.696220598639	0.028023800000028132	epochs	3.0
3904.724244398639	0.05551070000001346	epochs	2.0
3904.724244398639	0.027844000000186497	epochs	3.0
3904.752088398639	0.02766669999982696	epochs	3.0
3904.779755098639	0.05481020000024728	epochs	2.0
3904.779755098639	0.02749149999999645	epochs	3.0
3904.807246598639	0.02731870000025083	epochs	3.0
3904.834565298639	0.054126999999880354	epochs	2.0
3904.834565298639	0.027147799999966082	epochs	3.0
3904.861713098639	0.026979199999914272	epochs	3.0
3904.888692298639	0.053460699999959616	epochs	2.0
3904.888692298639	0.026812600000084785	epochs	3.0
3904.915504898639	0.02664809999987483	epochs	3.0
3904.942152998639	0.05281070000000909	epochs	2.0
3904.942152998639	0.0264855999998872	epochs	3.0
3904.968638598639	0.026325100000121893	epochs	3.0
3904.994963698639	0.052176199999848905	epochs	2.0
3904.994963698639	0.026166399999965506	epochs	3.0
3905.021130098639	0.0260097999998834	epochs	3.0
3905.0471398986388	0.05155670000021928	epochs	2.0
3905.0471398986388	0.02585480000016105	epochs	3.0
3905.072994698639	0.02570190000005823	epochs	3.0
3905.098696598639	0.050951899999745365	epochs	2.0
3905.098696598639	0.02555069999971238	epochs	3.0
3905.1242472986387	0.025401200000032986	epochs	3.0
3905.1496484986387	0.05036100000006627	epochs	2.0
3905.1496484986387	0.02525350000041726	epochs	3.0
3905.174901998639	0.025107499999649008	epochs	3.0
3905.200009498639	0.04978380000011384	epochs	2.0
3905.200009498639	0.02496320000000196	epochs	3.0
3905.224972698639	0.02482060000011188	epochs	3.0
3905.249793298639	0.04921950000016295	epochs	2.0
3905.249793298639	0.024679399999968155	epochs	3.0
3905.274472698639	0.024540100000194798	epochs	3.0
3905.299012798639	0.04866790000005494	epochs	2.0
3905.299012798639	0.024402099999861093	epochs	3.0
3905.323414898639	0.02426580000019385	epochs	3.0
3905.347680698639	0.048128599999927246	epochs	2.0
3905.347680698639	0.024130999999670166	epochs	3.0
3905.371811698639	0.02399760000025708	epochs	3.0
3905.395809298639	0.047601100000065344	epochs	2.0
3905.395809298639	0.02386579999983951	epochs	3.0
3905.419675098639	0.023735300000225834	epochs	3.0
3905.443410398639	0.047084999999697175	epochs	2.0
3905.443410398639	0.02360629999975572	epochs	3.0
3905.467016698639	0.023478699999941455	epochs	3.0
3905.490495398639	0.04658000000017637	epochs	2.0
3905.490495398639	0.02335250000032829	epochs	3.0
3905.513847898639	0.023227499999848078	epochs	3.0
3905.537075398639	0.04608569999982137	epochs	2.0
3905.537075398639	0.02310399999987567	epochs	3.0
3905.560179398639	0.022981699999945704	epochs	3.0
3905.583161098639	0.045601799999985815	epochs	2.0
3905.583161098639	0.02286069999991014	epochs	3.0
3905.6060217986387	0.022741100000075676	epochs	3.0
3905.628762898639	0.045127899999897636	epochs	2.0
3905.628762898639	0.022622500000125	epochs	3.0
3905.651385398639	0.022505399999772635	epochs	3.0
3905.6738907986387	0.044663800000307674	epochs	2.0
3905.6738907986387	0.022389300000213552	epochs	3.0
3905.696280098639	0.022274500000094122	epochs	3.0
3905.718554598639	0.044209199999841076	epochs	2.0
3905.718554598639	0.022160799999710434	epochs	3.0
3905.7407153986387	0.02204840000013064	epochs	3.0
3905.762763798639	0.04376360000014756	epochs	2.0
3905.762763798639	0.021936900000127935	epochs	3.0
3905.784700698639	0.021826700000019628	epochs	3.0
3905.806527398639	0.043327099999714846	epochs	2.0
3905.806527398639	0.02171760000010181	epochs	3.0
3905.828244998639	0.021609499999613035	epochs	3.0
3905.8498544986387	0.04289900000003399	epochs	2.0
3905.8498544986387	0.021502500000224245	epochs	3.0
3905.871356998639	0.021396499999809748	epochs	3.0
3905.8927534986387	0.042479500000354165	epochs	2.0
3905.8927534986387	0.02129170000034719	epochs	3.0
3905.914045198639	0.021187800000006973	epochs	3.0
3905.935232998639	0.04206789999989269	epochs	2.0
3905.935232998639	0.02108490000000529	epochs	3.0
3905.956317898639	0.020982999999887397	epochs	3.0
3905.977300898639	0.041664399999717716	epochs	2.0
3905.977300898639	0.020882199999959994	epochs	3.0
3905.998183098639	0.020782199999757722	epochs	3.0
3906.0189652986387	0.04126850000011473	epochs	2.0
3906.0189652986387	0.02068330000020069	epochs	3.0
3906.039648598639	0.02058519999991404	epochs	3.0
3906.060233798639	0.04088000000001557	epochs	2.0
3906.060233798639	0.020488099999965925	epochs	3.0
3906.080721898639	0.020391900000049645	epochs	3.0
3906.101113798639	0.04049880000002304	epochs	2.0
3906.101113798639	0.0202966000001652	epochs	3.0
3906.121410398639	0.02020219999985784	epochs	3.0
3906.141612598639	0.04012460000012652	epochs	2.0
3906.141612598639	0.02010870000003706	epochs	3.0
3906.161721298639	0.02001590000008946	epochs	3.0
3906.181737198639	0.03975730000001931	epochs	2.0
3906.181737198639	0.0199241999998776	epochs	3.0
3906.201661398639	0.019833100000141712	epochs	3.0
3906.221494498639	0.03939669999999751	epochs	2.0
3906.221494498639	0.019742999999834865	epochs	3.0
3906.241237498639	0.019653700000162644	epochs	3.0
3906.260891198639	0.03904239999974379	epochs	2.0
3906.260891198639	0.019565099999908853	epochs	3.0
3906.280456298639	0.01947729999983494	epochs	3.0
3906.2999335986387	0.03869460000032632	epochs	2.0
3906.2999335986387	0.01939040000024761	epochs	3.0
3906.319323998639	0.01930420000007871	epochs	3.0
3906.338628198639	0.03835290000006353	epochs	2.0
3906.338628198639	0.01921879999963494	epochs	3.0
3906.3578469986387	0.01913410000042859	epochs	3.0
3906.376981098639	0.038017199999558215	epochs	2.0
3906.376981098639	0.01905019999958313	epochs	3.0
3906.3960312986387	0.018966999999975087	epochs	3.0
3906.4149982986387	0.03768720000016401	epochs	2.0
3906.4149982986387	0.018884500000240223	epochs	3.0
3906.433882798639	0.01880269999992379	epochs	3.0
3906.452685498639	0.037363100000220584	epochs	2.0
3906.452685498639	0.01872170000024198	epochs	3.0
3906.471407198639	0.018641399999978603	epochs	3.0
3906.490048598639	0.03704429999970671	epochs	2.0
3906.490048598639	0.018561599999884493	epochs	3.0
3906.508610198639	0.018482699999822216	epochs	3.0
3906.527092898639	0.036731000000145286	epochs	2.0
3906.527092898639	0.018404299999929208	epochs	3.0
3906.5454971986387	0.01832670000021608	epochs	3.0
3906.563823898639	0.03642290000016146	epochs	2.0
3906.563823898639	0.018249599999762722	epochs	3.0
3906.5820734986387	0.01817330000039874	epochs	3.0
3906.600246798639	0.03612009999960719	epochs	2.0
3906.600246798639	0.018097599999691738	epochs	3.0
3906.618344398639	0.018022499999915453	epochs	3.0
3906.6363668986387	0.035822100000132195	epochs	2.0
3906.6363668986387	0.017947900000308437	epochs	3.0
3906.654314798639	0.01787419999982376	epochs	3.0
3906.672188998639	0.03552900000022419	epochs	2.0
3906.672188998639	0.017800800000259187	epochs	3.0
3906.689989798639	0.017728199999965	epochs	3.0
3906.707717998639	0.03524070000003121	epochs	2.0
3906.707717998639	0.01765609999984008	epochs	3.0
3906.725374098639	0.01758460000019113	epochs	3.0
3906.742958698639	0.03495709999970131	epochs	2.0
3906.742958698639	0.01751369999965391	epochs	3.0
3906.7604723986387	0.017443400000047404	epochs	3.0
3906.777915798639	0.03467790000013338	epochs	2.0
3906.777915798639	0.01737360000015542	epochs	3.0
3906.795289398639	0.017304299999977957	epochs	3.0
3906.812593698639	0.03440330000012182	epochs	2.0
3906.812593698639	0.017235700000128418	epochs	3.0
3906.829829398639	0.0171675999999934	epochs	3.0
3906.846996998639	0.03413279999995211	epochs	2.0
3906.846996998639	0.017099899999720947	epochs	3.0
3906.8640968986388	0.017032900000231166	epochs	3.0
3906.881129798639	0.03386670000008962	epochs	2.0
3906.881129798639	0.01696640000000116	epochs	3.0
3906.898096198639	0.016900300000088464	epochs	3.0
3906.914996498639	0.033604599999762286	epochs	2.0
3906.914996498639	0.016834799999742245	epochs	3.0
3906.931831298639	0.01676980000002004	epochs	3.0
3906.948601098639	0.0333466000001863	epochs	2.0
3906.948601098639	0.016705300000012357	epochs	3.0
3906.965306398639	0.016641300000173942	epochs	3.0
3906.981947698639	0.033092499999838765	epochs	2.0
3906.981947698639	0.016577800000050047	epochs	3.0
3906.998525498639	0.016514699999788718	epochs	3.0
3907.015040198639	0.032842300000083924	epochs	2.0
3907.015040198639	0.01645220000000336	epochs	3.0
3907.031492398639	0.016390100000080565	epochs	3.0
3907.047882498639	0.03259570000000167	epochs	2.0
3907.047882498639	0.016328400000020338	epochs	3.0
3907.064210898639	0.016267299999981333	epochs	3.0
3907.080478198639	0.03235289999975066	epochs	2.0
3907.080478198639	0.016206599999804894	epochs	3.0
3907.0966847986388	0.016146299999945768	epochs	3.0
3907.1128310986387	0.032113700000081735	epochs	2.0
3907.1128310986387	0.016086600000107865	epochs	3.0
3907.128917698639	0.01602709999997387	epochs	3.0
3907.144944798639	0.03187800000023344	epochs	2.0
3907.144944798639	0.015968200000315846	epochs	3.0
3907.160912998639	0.015909799999917595	epochs	3.0
3907.176822798639	0.03164569999989908	epochs	2.0
3907.176822798639	0.015851599999678	epochs	3.0
3907.1926743986387	0.01579410000022108	epochs	3.0
3907.208468498639	0.03141670000013619	epochs	2.0
3907.208468498639	0.015736700000161363	epochs	3.0
3907.224205198639	0.015679999999974825	epochs	3.0
3907.239885198639	0.03119109999988723	epochs	2.0
3907.239885198639	0.015623599999798898	epochs	3.0
3907.255508798639	0.01556750000008833	epochs	3.0
3907.271076298639	0.030968699999903038	epochs	2.0
3907.271076298639	0.015511999999944237	epochs	3.0
3907.286588298639	0.0154566999999588	epochs	3.0
3907.302044998639	0.030749500000183616	epochs	2.0
3907.302044998639	0.015401999999994587	epochs	3.0
3907.317446998639	0.01534750000018903	epochs	3.0
3907.332794498639	0.030533199999808858	epochs	2.0
3907.332794498639	0.01529339999979129	epochs	3.0
3907.348087898639	0.015239800000017567	epochs	3.0
3907.363327698639	0.030320100000153616	epochs	2.0
3907.363327698639	0.015186500000254455	epochs	3.0
3907.378514198639	0.015133599999899161	epochs	3.0
3907.393647798639	0.030109899999843037	epochs	2.0
3907.393647798639	0.015081000000009226	epochs	3.0
3907.408728798639	0.015028899999833811	epochs	3.0
3907.423757698639	0.029902499999934662	epochs	2.0
3907.423757698639	0.0149770000002718	epochs	3.0
3907.438734698639	0.014925499999662861	epochs	3.0
3907.4536601986388	0.0296981000001324	epochs	2.0
3907.4536601986388	0.01487440000028073	epochs	3.0
3907.468534598639	0.01482369999985167	epochs	3.0
3907.483358298639	0.029496300000118936	epochs	2.0
3907.483358298639	0.014773200000036013	epochs	3.0
3907.498131498639	0.014723100000082923	epochs	3.0
3907.512854598639	0.029297399999904883	epochs	2.0
3907.512854598639	0.014673399999992398	epochs	3.0
3907.527527998639	0.014623999999912485	epochs	3.0
3907.542151998639	0.029101099999934377	epochs	2.0
3907.542151998639	0.014574899999843183	epochs	3.0
3907.5567268986388	0.014526200000091194	epochs	3.0
3907.571253098639	0.028907400000207417	epochs	2.0
3907.571253098639	0.014477700000043114	epochs	3.0
3907.585730798639	0.014429700000164303	epochs	3.0
3907.600160498639	0.028716199999962555	epochs	2.0
3907.600160498639	0.014381799999682698	epochs	3.0
3907.6145422986388	0.014334400000279857	epochs	3.0
3907.628876698639	0.02852759999996124	epochs	2.0
3907.628876698639	0.01428719999967143	epochs	3.0
3907.6431638986387	0.01424040000028981	epochs	3.0
3907.657404298639	0.028341400000044814	epochs	2.0
3907.657404298639	0.014193799999702605	epochs	3.0
3907.6715980986387	0.014147600000342209	epochs	3.0
3907.685745698639	0.028157700000065233	epochs	2.0
3907.685745698639	0.014101700000082928	epochs	3.0
3907.699847398639	0.014055999999982305	epochs	3.0
3907.713903398639	0.02797629999986384	epochs	2.0
3907.713903398639	0.014010599999892293	epochs	3.0
3907.727913998639	0.013965699999971548	epochs	3.0
3907.741879698639	0.027797199999895383	epochs	2.0
3907.741879698639	0.013920800000050804	epochs	3.0
3907.755800498639	0.01387639999984458	epochs	3.0
3907.769676898639	0.02762040000015986	epochs	2.0
3907.769676898639	0.01383220000025176	epochs	3.0
3907.783509098639	0.013788199999908102	epochs	3.0
3907.797297298639	0.02744589999974778	epochs	2.0
3907.797297298639	0.013744599999881757	epochs	3.0
3907.811041898639	0.013701299999866023	epochs	3.0
3907.8247431986388	0.027273500000319473	epochs	2.0
3907.8247431986388	0.013658200000008947	epochs	3.0
3907.838401398639	0.013615300000310526	epochs	3.0
3907.852016698639	0.02710339999975986	epochs	2.0
3907.852016698639	0.013572800000019924	epochs	3.0
3907.865589498639	0.013530599999739934	epochs	3.0
3907.879120098639	0.02693520000002536	epochs	2.0
3907.879120098639	0.01348839999991469	epochs	3.0
3907.8926084986388	0.01344680000011067	epochs	3.0
3907.906055298639	0.026769200000217097	epochs	2.0
3907.906055298639	0.013405199999851902	epochs	3.0
3907.9194604986387	0.013364000000365195	epochs	3.0
3907.932824498639	0.026605199999721663	epochs	2.0
3907.932824498639	0.013322899999820947	epochs	3.0
3907.946147398639	0.013282299999900715	epochs	3.0
3907.959429698639	0.0264431999999033	epochs	2.0
3907.959429698639	0.013241699999980483	epochs	3.0
3907.972671398639	0.013201499999922817	epochs	3.0
3907.9858728986387	0.02628320000030726	epochs	2.0
3907.9858728986387	0.013161500000023807	epochs	3.0
3907.9990343986387	0.013121700000283454	epochs	3.0
3908.012156098639	0.026124999999865395	epochs	2.0
3908.012156098639	0.013082099999792263	epochs	3.0
3908.025238198639	0.013042900000073132	epochs	3.0
3908.038281098639	0.025968899999952555	epochs	2.0
3908.038281098639	0.01300390000005791	epochs	3.0
3908.051284998639	0.012964999999894644	epochs	3.0
3908.064249998639	0.025814500000251428	epochs	2.0
3908.064249998639	0.012926400000196736	epochs	3.0
3908.077176398639	0.012888100000054692	epochs	3.0
3908.090064498639	0.025661899999704474	epochs	2.0
3908.090064498639	0.012849899999764602	epochs	3.0
3908.102914398639	0.012811999999939871	epochs	3.0
3908.115726398639	0.025511199999982637	epochs	2.0
3908.115726398639	0.012774400000125752	epochs	3.0
3908.128500798639	0.012736799999856885	epochs	3.0
3908.141237598639	0.025362300000324467	epochs	2.0
3908.141237598639	0.012699700000212033	epochs	3.0
3908.153937298639	0.012662600000112434	epochs	3.0
3908.166599898639	0.025214999999661813	epochs	2.0
3908.166599898639	0.012625800000023446	epochs	3.0
3908.179225698639	0.012589199999638367	epochs	3.0
3908.1918148986388	0.024584799999956886	epochs	2.0
3908.213601298639	0.5	epochs	-1.0
3908.2163996986387	0.5194400000000314	epochs	1.0
3908.7358396986388	0.48048000000017055	epochs	0.0
3937.2829999923706	0.13655999999991764	epochs	0.0
3937.2829999923706	0.06328190000022005	epochs	1.0
3937.346281892371	0.009996199999932287	epochs	1.0
3937.3562780923708	0.0632818999997653	epochs	1.0
3937.4195599923705	2.0	epochs	0.0
3939.4195599923705	5.36295999999993	epochs	0.0
3939.4195599923705	1.0	epochs	1.0
3939.4196119923704	0.5	epochs	-1.0
3939.9196119923704	4.862908000000061	epochs	-1.0
3940.4195599923705	4.36295999999993	epochs	1.0
3940.4195599923705	4.356753900000058	epochs	-1.0
3940.4195599923705	1.9745871999998599	epochs	2.0
3940.4195599923705	1.0985622000002877	epochs	3.0
3941.518122192371	0.8760249999995722	epochs	3.0
3942.3941471923704	1.3524075000000266	epochs	2.0
3942.3941471923704	0.7286355000001095	epochs	3.0
3943.1227826923705	0.6237719999999172	epochs	3.0
3943.7465546923704	1.0297592000001714	epochs	2.0
3943.7465546923704	0.5453293000000485	epochs	3.0
3944.2918839923705	0.48442990000012287	epochs	3.0
3944.7763138923706	0.0062060999998720945	epochs	2.0
3944.7763138923706	0.0062060999998720945	epochs	3.0
3944.7825199923705	16.636960000000272	epochs	0.0
3945.822000026703	0.13655999999991764	epochs	0.0
3945.822000026703	0.06328190000022005	epochs	1.0
3945.885281926703	0.009996199999932287	epochs	1.0
3945.895278126703	0.0632818999997653	epochs	1.0
3945.958560026703	2.0	epochs	0.0
3947.958560026703	21.543120000000272	epochs	0.0
3947.958560026703	1.0	epochs	1.0
3947.9586120267027	0.5	epochs	-1.0
3948.4586120267027	19.996880000000147	epochs	-1.0
3948.958560026703	20.0	epochs	1.0
3948.958560026703	4.356753900000058	epochs	-1.0
3948.958560026703	1.9745871999998599	epochs	2.0
3948.958560026703	1.0985622000002877	epochs	3.0
3950.057122226703	0.8760249999995722	epochs	3.0
3950.9331472267027	1.3524075000000266	epochs	2.0
3950.9331472267027	0.7286355000001095	epochs	3.0
3951.6617827267028	0.6237719999999172	epochs	3.0
3952.2855547267027	1.0297592000001714	epochs	2.0
3952.2855547267027	0.5453293000000485	epochs	3.0
3952.8308840267027	0.48442990000012287	epochs	3.0
3953.315313926703	0.8317861999998968	epochs	2.0
3953.315313926703	0.4357762999998158	epochs	3.0
3953.7510902267027	0.39600990000008096	epochs	3.0
3954.1471001267028	0.6977970000002642	epochs	2.0
3954.1471001267028	0.3628982000000178	epochs	3.0
3954.5099983267028	0.3348988000002464	epochs	3.0
3954.844897126703	0.6010456999997587	epochs	2.0
3954.844897126703	0.3109122999999272	epochs	3.0
3955.155809426703	0.29013339999983145	epochs	3.0
3955.445942826703	0.5278859000000011	epochs	2.0
3955.445942826703	0.27195860000028915	epochs	3.0
3955.717901426703	0.255927299999712	epochs	3.0
3955.973828726703	0.4706193000001804	epochs	2.0
3955.973828726703	0.241681299999982	epochs	3.0
3956.2155100267028	0.22893800000019837	epochs	3.0
3956.444448026703	0.42457039999999324	epochs	2.0
3956.444448026703	0.2174713999997948	epochs	3.0
3956.6619194267028	0.20709900000019843	epochs	3.0
3956.869018426703	0.3867353999999068	epochs	2.0
3956.869018426703	0.1976710999997522	epochs	3.0
3957.0666895267027	0.18906430000015462	epochs	3.0
3957.255753826703	0.35509529999990264	epochs	2.0
3957.255753826703	0.18117590000019845	epochs	3.0
3957.436929726703	0.17391939999970418	epochs	3.0
3957.6108491267028	0.32824310000023615	epochs	2.0
3957.6108491267028	0.167221900000186	epochs	3.0
3957.778071026703	0.16102120000005016	epochs	3.0
3957.939092226703	0.3051679999998669	epochs	2.0
3957.939092226703	0.1552638999996816	epochs	3.0
3958.0943561267027	0.14990410000018528	epochs	3.0
3958.244260226703	0.28512529999989056	epochs	2.0
3958.244260226703	0.14490209999985382	epochs	3.0
3958.3891623267027	0.14022320000003674	epochs	3.0
3958.5293855267028	0.26755380000031437	epochs	2.0
3958.5293855267028	0.1358368999999584	epochs	3.0
3958.6652224267027	0.13171690000035596	epochs	3.0
3958.796939326703	0.2520228999997016	epochs	2.0
3958.796939326703	0.12783929999977772	epochs	3.0
3958.924778626703	0.1241835999999239	epochs	3.0
3959.0489622267028	0.23819649999995818	epochs	2.0
3959.0489622267028	0.12073110000028464	epochs	3.0
3959.169693326703	0.11746539999967354	epochs	3.0
3959.2871587267027	0.22580880000032266	epochs	2.0
3959.2871587267027	0.11437190000015107	epochs	3.0
3959.401530626703	0.11143690000017159	epochs	3.0
3959.512967526703	0.21464599999990241	epochs	2.0
3959.512967526703	0.10864889999993466	epochs	3.0
3959.621616426703	0.10599709999996776	epochs	3.0
3959.727613526703	0.2045349999998507	epochs	2.0
3959.727613526703	0.10347150000006877	epochs	3.0
3959.831085026703	0.10106349999978192	epochs	3.0
3959.932148526703	0.19533400000000256	epochs	2.0
3959.932148526703	0.09876510000003691	epochs	3.0
3960.030913626703	0.09656889999996565	epochs	3.0
3960.127482526703	0.18692529999998442	epochs	2.0
3960.127482526703	0.0944683000002442	epochs	3.0
3960.221950826703	0.09245699999974022	epochs	3.0
3960.314407826703	0.1792107000001124	epochs	2.0
3960.314407826703	0.0905296000000817	epochs	3.0
3960.404937426703	0.08868110000003071	epochs	3.0
3960.493618526703	0.17210770000019693	epochs	2.0
3960.493618526703	0.08690630000000965	epochs	3.0
3960.580524826703	0.08520140000018728	epochs	3.0
3960.665726226703	0.16554639999958454	epochs	2.0
3960.665726226703	0.08356189999994967	epochs	3.0
3960.749288126703	0.08198449999963486	epochs	3.0
3960.8312726267027	0.15946710000025632	epochs	2.0
3960.8312726267027	0.0804654000003211	epochs	3.0
3960.911738026703	0.07900169999993523	epochs	3.0
3960.990739726703	0.15381840000009106	epochs	2.0
3960.990739726703	0.07759009999972477	epochs	3.0
3961.0683298267027	0.07622830000036629	epochs	3.0
3961.144558126703	0.14855639999996129	epochs	2.0
3961.144558126703	0.07491329999993468	epochs	3.0
3961.219471426703	0.0736431000000266	epochs	3.0
3961.293114526703	0.1436423999998624	epochs	2.0
3961.293114526703	0.07241500000009182	epochs	3.0
3961.365529526703	0.07122739999977057	epochs	3.0
3961.436756926703	0.13904309999998077	epochs	2.0
3961.436756926703	0.07007800000019415	epochs	3.0
3961.506834926703	0.06896509999978662	epochs	3.0
3961.575800026703	0.13472929999988992	epochs	2.0
3961.575800026703	0.0678871000000072	epochs	3.0
3961.643687126703	0.06684219999988272	epochs	3.0
3961.7105293267027	0.1306752000000415	epochs	2.0
3961.7105293267027	0.06582909999997355	epochs	3.0
3961.7763584267027	0.06484610000006796	epochs	3.0
3961.8412045267028	0.1268577999999252	epochs	2.0
3961.8412045267028	0.06389200000012352	epochs	3.0
3961.905096526703	0.06296579999980167	epochs	3.0
3961.9680623267027	0.1232572000003529	epochs	2.0
3961.9680623267027	0.06206580000025497	epochs	3.0
3962.030128126703	0.06119140000009793	epochs	3.0
3962.091319526703	0.11985539999977846	epochs	2.0
3962.091319526703	0.06034109999973225	epochs	3.0
3962.151660626703	0.059514300000046205	epochs	3.0
3962.211174926703	0.1166361999999026	epochs	2.0
3962.211174926703	0.058709599999929196	epochs	3.0
3962.2698845267028	0.057926599999973405	epochs	3.0
3962.3278111267027	0.11358560000007856	epochs	2.0
3962.3278111267027	0.05716419999998834	epochs	3.0
3962.3849753267027	0.056421400000090216	epochs	3.0
3962.441396726703	0.11069050000014613	epochs	2.0
3962.441396726703	0.05569790000026842	epochs	3.0
3962.497094626703	0.05499259999987771	epochs	3.0
3962.552087226703	0.10793909999983953	epochs	2.0
3962.552087226703	0.054304899999806366	epochs	3.0
3962.6063921267028	0.05363420000003316	epochs	3.0
3962.660026326703	0.10532150000017282	epochs	2.0
3962.660026326703	0.05297999999993408	epochs	3.0
3962.7130063267027	0.05234150000023874	epochs	3.0
3962.765347826703	0.10282759999972768	epochs	2.0
3962.765347826703	0.05171810000001642	epochs	3.0
3962.817065926703	0.05110949999971126	epochs	3.0
3962.8681754267027	0.10044910000033269	epochs	2.0
3962.8681754267027	0.050514900000052876	epochs	3.0
3962.9186903267027	0.049934200000279816	epochs	3.0
3962.968624526703	0.09817829999974492	epochs	2.0
3962.968624526703	0.049366599999757454	epochs	3.0
3963.017991126703	0.04881169999998747	epochs	3.0
3963.0668028267028	0.09600780000027953	epochs	2.0
3963.0668028267028	0.04826920000004975	epochs	3.0
3963.115072026703	0.04773860000022978	epochs	3.0
3963.162810626703	0.09393120000004274	epochs	2.0
3963.162810626703	0.0472194999997555	epochs	3.0
3963.210030126703	0.04671170000028724	epochs	3.0
3963.256741826703	0.09194259999958376	epochs	2.0
3963.256741826703	0.046214599999984785	epochs	3.0
3963.302956426703	0.04572799999959898	epochs	3.0
3963.3486844267027	0.09003630000006524	epochs	2.0
3963.3486844267027	0.04525150000017675	epochs	3.0
3963.393935926703	0.04478479999988849	epochs	3.0
3963.4387207267027	0.08820760000025984	epochs	2.0
3963.4387207267027	0.0443278000002465	epochs	3.0
3963.483048526703	0.04387980000001335	epochs	3.0
3963.526928326703	0.0864516999999978	epochs	2.0
3963.526928326703	0.04344099999980244	epochs	3.0
3963.570369326703	0.04301070000019536	epochs	3.0
3963.613380026703	0.08476429999973334	epochs	2.0
3963.613380026703	0.0425889999996798	epochs	3.0
3963.6559690267027	0.04217530000005354	epochs	3.0
3963.6981443267027	0.08314150000023801	epochs	2.0
3963.6981443267027	0.041769700000259036	epochs	3.0
3963.739914026703	0.041371799999978975	epochs	3.0
3963.781285826703	0.08157970000002024	epochs	2.0
3963.781285826703	0.040981399999964196	epochs	3.0
3963.822267226703	0.04059830000005604	epochs	3.0
3963.862865526703	0.08007550000002084	epochs	2.0
3963.862865526703	0.040222300000095856	epochs	3.0
3963.903087826703	0.03985319999992498	epochs	3.0
3963.942941026703	0.07862569999997504	epochs	2.0
3963.942941026703	0.03949079999983951	epochs	3.0
3963.982431826703	0.03913490000013553	epochs	3.0
3964.021566726703	0.07722759999978734	epochs	2.0
3964.021566726703	0.038785400000051595	epochs	3.0
3964.060352126703	0.03844219999973575	epochs	3.0
3964.098794326703	0.07587820000026113	epochs	2.0
3964.098794326703	0.03810479999992822	epochs	3.0
3964.1368991267027	0.03777340000033291	epochs	3.0
3964.174672526703	0.07457519999979922	epochs	2.0
3964.174672526703	0.03744770000002973	epochs	3.0
3964.212120226703	0.0371274999997695	epochs	3.0
3964.249247726703	0.07331629999998768	epochs	2.0
3964.249247726703	0.03681289999985893	epochs	3.0
3964.2860606267027	0.03650340000012875	epochs	3.0
3964.322564026703	0.07209899999998015	epochs	2.0
3964.322564026703	0.03619909999997617	epochs	3.0
3964.358763126703	0.03589990000000398	epochs	3.0
3964.394663026703	0.07092169999987163	epochs	2.0
3964.394663026703	0.03560560000005353	epochs	3.0
3964.430268626703	0.03531609999981811	epochs	3.0
3964.4655847267027	0.06978200000003199	epochs	2.0
3964.4655847267027	0.03503120000004856	epochs	3.0
3964.5006159267027	0.03475079999998343	epochs	3.0
3964.5353667267027	0.06867860000011206	epochs	2.0
3964.5353667267027	0.034475100000236125	epochs	3.0
3964.569841826703	0.03420349999987593	epochs	3.0
3964.604045326703	0.06760930000018561	epochs	2.0
3964.604045326703	0.033936199999970995	epochs	3.0
3964.637981526703	0.03367310000021462	epochs	3.0
3964.671654626703	0.06657289999975546	epochs	2.0
3964.671654626703	0.03341399999999339	epochs	3.0
3964.705068626703	0.03315889999976207	epochs	3.0
3964.7382275267028	0.06556780000028084	epochs	2.0
3964.7382275267028	0.03290770000012344	epochs	3.0
3964.771135226703	0.0326601000001574	epochs	3.0
3964.803795326703	0.06459259999974165	epochs	2.0
3964.803795326703	0.03241639999987456	epochs	3.0
3964.836211726703	0.032176199999867094	epochs	3.0
3964.868387926703	0.06364600000006249	epochs	2.0
3964.868387926703	0.03193959999998697	epochs	3.0
3964.9003275267028	0.03170640000007552	epochs	3.0
3964.932033926703	0.0627266999999847	epochs	2.0
3964.932033926703	0.03147660000013275	epochs	3.0
3964.963510526703	0.031250099999851955	epochs	3.0
3964.994760626703	0.06183360000022731	epochs	2.0
3964.994760626703	0.031026900000142632	epochs	3.0
3965.025787526703	0.030806700000084675	epochs	3.0
3965.056594226703	0.06096559999969031	epochs	2.0
3965.056594226703	0.030589799999688694	epochs	3.0
3965.0871840267027	0.030375800000001618	epochs	3.0
3965.1175598267027	0.06012160000000222	epochs	2.0
3965.1175598267027	0.03016490000027261	epochs	3.0
3965.147724726703	0.029956699999729608	epochs	3.0
3965.1776814267027	0.059300700000221696	epochs	2.0
3965.1776814267027	0.029751600000054168	epochs	3.0
3965.207433026703	0.029549100000167527	epochs	3.0
3965.236982126703	0.05850179999970351	epochs	2.0
3965.236982126703	0.029349399999773595	epochs	3.0
3965.2663315267027	0.029152399999929912	epochs	3.0
3965.2954839267027	0.057724200000393466	epochs	2.0
3965.2954839267027	0.028958000000329776	epochs	3.0
3965.324441926703	0.02876620000006369	epochs	3.0
3965.353208126703	0.056967099999837956	epochs	2.0
3965.353208126703	0.028577000000041153	epochs	3.0
3965.381785126703	0.028390099999796803	epochs	3.0
3965.410175226703	0.05622949999997218	epochs	2.0
3965.410175226703	0.028205699999944045	epochs	3.0
3965.438380926703	0.028023800000028132	epochs	3.0
3965.466404726703	0.05551070000001346	epochs	2.0
3965.466404726703	0.027844000000186497	epochs	3.0
3965.494248726703	0.02766669999982696	epochs	3.0
3965.521915426703	0.05481019999979253	epochs	2.0
3965.521915426703	0.02749149999999645	epochs	3.0
3965.549406926703	0.02731869999979608	epochs	3.0
3965.5767256267027	0.0541270000003351	epochs	2.0
3965.5767256267027	0.02714780000042083	epochs	3.0
3965.603873426703	0.026979199999914272	epochs	3.0
3965.630852626703	0.053460699999959616	epochs	2.0
3965.630852626703	0.026812600000084785	epochs	3.0
3965.657665226703	0.02664809999987483	epochs	3.0
3965.684313326703	0.05281070000000909	epochs	2.0
3965.684313326703	0.0264855999998872	epochs	3.0
3965.710798926703	0.026325100000121893	epochs	3.0
3965.737124026703	0.052176199999848905	epochs	2.0
3965.737124026703	0.026166399999965506	epochs	3.0
3965.763290426703	0.0260097999998834	epochs	3.0
3965.789300226703	0.05155670000021928	epochs	2.0
3965.789300226703	0.02585480000016105	epochs	3.0
3965.815155026703	0.02570190000005823	epochs	3.0
3965.840856926703	0.050951899999745365	epochs	2.0
3965.840856926703	0.02555069999971238	epochs	3.0
3965.8664076267028	0.025401200000032986	epochs	3.0
3965.891808826703	0.05036100000006627	epochs	2.0
3965.891808826703	0.025253499999962514	epochs	3.0
3965.9170623267028	0.025107500000103755	epochs	3.0
3965.942169826703	0.04978380000011384	epochs	2.0
3965.942169826703	0.02496320000000196	epochs	3.0
3965.967133026703	0.02482060000011188	epochs	3.0
3965.991953626703	0.049219499999708205	epochs	2.0
3965.991953626703	0.024679399999968155	epochs	3.0
3966.016633026703	0.02454009999974005	epochs	3.0
3966.0411731267027	0.04866790000005494	epochs	2.0
3966.0411731267027	0.02440210000031584	epochs	3.0
3966.065575226703	0.0242657999997391	epochs	3.0
3966.0898410267027	0.048128599999927246	epochs	2.0
3966.0898410267027	0.024131000000124914	epochs	3.0
3966.113972026703	0.023997599999802333	epochs	3.0
3966.1379696267027	0.047601100000065344	epochs	2.0
3966.1379696267027	0.023865800000294257	epochs	3.0
3966.161835426703	0.023735299999771087	epochs	3.0
3966.1855707267027	0.04708500000015192	epochs	2.0
3966.1855707267027	0.023606300000210467	epochs	3.0
3966.209177026703	0.023478699999941455	epochs	3.0
3966.232655726703	0.04658000000017637	epochs	2.0
3966.232655726703	0.023352499999873544	epochs	3.0
3966.2560082267028	0.023227500000302825	epochs	3.0
3966.279235726703	0.04608569999982137	epochs	2.0
3966.279235726703	0.02310399999987567	epochs	3.0
3966.302339726703	0.022981699999945704	epochs	3.0
3966.325321426703	0.045601799999985815	epochs	2.0
3966.325321426703	0.02286069999991014	epochs	3.0
3966.348182126703	0.022741100000075676	epochs	3.0
3966.370923226703	0.045127899999897636	epochs	2.0
3966.370923226703	0.022622500000125	epochs	3.0
3966.393545726703	0.022505399999772635	epochs	3.0
3966.4160511267028	0.044663800000307674	epochs	2.0
3966.4160511267028	0.022389300000213552	epochs	3.0
3966.438440426703	0.022274500000094122	epochs	3.0
3966.460714926703	0.044209199999841076	epochs	2.0
3966.460714926703	0.022160799999710434	epochs	3.0
3966.482875726703	0.02204840000013064	epochs	3.0
3966.504924126703	0.04376360000014756	epochs	2.0
3966.504924126703	0.021936900000127935	epochs	3.0
3966.526861026703	0.021826700000019628	epochs	3.0
3966.548687726703	0.043327099999714846	epochs	2.0
3966.548687726703	0.021717599999647064	epochs	3.0
3966.5704053267027	0.021609500000067783	epochs	3.0
3966.592014826703	0.04289900000003399	epochs	2.0
3966.592014826703	0.021502500000224245	epochs	3.0
3966.613517326703	0.021396499999809748	epochs	3.0
3966.634913826703	0.04247949999989942	epochs	2.0
3966.634913826703	0.021291699999892444	epochs	3.0
3966.6562055267027	0.021187800000006973	epochs	3.0
3966.6773933267027	0.042067900000347436	epochs	2.0
3966.6773933267027	0.02108490000000529	epochs	3.0
3966.6984782267027	0.020983000000342145	epochs	3.0
3966.719461226703	0.041664399999717716	epochs	2.0
3966.719461226703	0.020882199999959994	epochs	3.0
3966.740343426703	0.020782199999757722	epochs	3.0
3966.761125626703	0.04126850000011473	epochs	2.0
3966.761125626703	0.02068330000020069	epochs	3.0
3966.781808926703	0.02058519999991404	epochs	3.0
3966.802394126703	0.04088000000001557	epochs	2.0
3966.802394126703	0.020488099999965925	epochs	3.0
3966.822882226703	0.020391900000049645	epochs	3.0
3966.843274126703	0.04049880000002304	epochs	2.0
3966.843274126703	0.0202966000001652	epochs	3.0
3966.863570726703	0.02020219999985784	epochs	3.0
3966.883772926703	0.04012460000012652	epochs	2.0
3966.883772926703	0.02010870000003706	epochs	3.0
3966.903881626703	0.02001590000008946	epochs	3.0
3966.923897526703	0.03975730000001931	epochs	2.0
3966.923897526703	0.0199241999998776	epochs	3.0
3966.943821726703	0.019833100000141712	epochs	3.0
3966.963654826703	0.03939669999999751	epochs	2.0
3966.963654826703	0.019742999999834865	epochs	3.0
3966.983397826703	0.019653700000162644	epochs	3.0
3967.003051526703	0.03904239999974379	epochs	2.0
3967.003051526703	0.019565099999908853	epochs	3.0
3967.022616626703	0.01947729999983494	epochs	3.0
3967.042093926703	0.03869459999987157	epochs	2.0
3967.042093926703	0.01939040000024761	epochs	3.0
3967.061484326703	0.01930419999962396	epochs	3.0
3967.0807885267027	0.03835290000006353	epochs	2.0
3967.0807885267027	0.019218800000089686	epochs	3.0
3967.100007326703	0.01913409999997384	epochs	3.0
3967.1191414267028	0.03801720000001296	epochs	2.0
3967.1191414267028	0.019050200000037876	epochs	3.0
3967.138191626703	0.018966999999975087	epochs	3.0
3967.1571586267028	0.03768720000016401	epochs	2.0
3967.1571586267028	0.018884500000240223	epochs	3.0
3967.176043126703	0.01880269999992379	epochs	3.0
3967.194845826703	0.037363099999765836	epochs	2.0
3967.194845826703	0.018721699999787234	epochs	3.0
3967.2135675267027	0.018641399999978603	epochs	3.0
3967.2322089267027	0.037044300000161456	epochs	2.0
3967.2322089267027	0.01856160000033924	epochs	3.0
3967.250770526703	0.018482699999822216	epochs	3.0
3967.269253226703	0.036731000000145286	epochs	2.0
3967.269253226703	0.018404299999929208	epochs	3.0
3967.287657526703	0.01832670000021608	epochs	3.0
3967.305984226703	0.036422899999706715	epochs	2.0
3967.305984226703	0.018249599999762722	epochs	3.0
3967.3242338267028	0.018173299999943993	epochs	3.0
3967.3424071267027	0.03612010000006194	epochs	2.0
3967.3424071267027	0.018097600000146485	epochs	3.0
3967.360504726703	0.018022499999915453	epochs	3.0
3967.3785272267028	0.035822100000132195	epochs	2.0
3967.3785272267028	0.017947900000308437	epochs	3.0
3967.396475126703	0.01787419999982376	epochs	3.0
3967.414349326703	0.03552899999976944	epochs	2.0
3967.414349326703	0.01780079999980444	epochs	3.0
3967.4321501267027	0.017728199999965	epochs	3.0
3967.4498783267027	0.03524070000003121	epochs	2.0
3967.4498783267027	0.017656100000294828	epochs	3.0
3967.467534426703	0.017584599999736383	epochs	3.0
3967.4851190267027	0.03495710000015606	epochs	2.0
3967.4851190267027	0.017513700000108656	epochs	3.0
3967.502632726703	0.017443400000047404	epochs	3.0
3967.520076126703	0.03467790000013338	epochs	2.0
3967.520076126703	0.01737360000015542	epochs	3.0
3967.537449726703	0.017304299999977957	epochs	3.0
3967.554754026703	0.03440329999966707	epochs	2.0
3967.554754026703	0.01723569999967367	epochs	3.0
3967.5719897267027	0.0171675999999934	epochs	3.0
3967.5891573267027	0.03413280000040686	epochs	2.0
3967.5891573267027	0.017099900000175694	epochs	3.0
3967.606257226703	0.017032900000231166	epochs	3.0
3967.623290126703	0.033866699999634875	epochs	2.0
3967.623290126703	0.01696640000000116	epochs	3.0
3967.640256526703	0.016900299999633717	epochs	3.0
3967.6571568267027	0.03360460000021703	epochs	2.0
3967.6571568267027	0.016834800000196992	epochs	3.0
3967.673991626703	0.01676980000002004	epochs	3.0
3967.690761426703	0.0333466000001863	epochs	2.0
3967.690761426703	0.016705300000012357	epochs	3.0
3967.707466726703	0.016641300000173942	epochs	3.0
3967.724108026703	0.033092499999838765	epochs	2.0
3967.724108026703	0.0165777999995953	epochs	3.0
3967.7406858267027	0.016514700000243465	epochs	3.0
3967.757200526703	0.032842300000083924	epochs	2.0
3967.757200526703	0.01645220000000336	epochs	3.0
3967.773652726703	0.016390100000080565	epochs	3.0
3967.790042826703	0.03259570000000167	epochs	2.0
3967.790042826703	0.016328400000020338	epochs	3.0
3967.806371226703	0.016267299999981333	epochs	3.0
3967.822638526703	0.03235289999975066	epochs	2.0
3967.822638526703	0.016206599999804894	epochs	3.0
3967.838845126703	0.016146299999945768	epochs	3.0
3967.854991426703	0.032113700000081735	epochs	2.0
3967.854991426703	0.016086600000107865	epochs	3.0
3967.871078026703	0.01602709999997387	epochs	3.0
3967.887105126703	0.03187800000023344	epochs	2.0
3967.887105126703	0.0159681999998611	epochs	3.0
3967.9030733267027	0.015909800000372343	epochs	3.0
3967.918983126703	0.03164569999989908	epochs	2.0
3967.918983126703	0.015851599999678	epochs	3.0
3967.934834726703	0.01579410000022108	epochs	3.0
3967.950628826703	0.03141669999968144	epochs	2.0
3967.950628826703	0.015736699999706616	epochs	3.0
3967.9663655267027	0.015679999999974825	epochs	3.0
3967.9820455267027	0.031191100000341976	epochs	2.0
3967.9820455267027	0.015623600000253646	epochs	3.0
3967.997669126703	0.01556750000008833	epochs	3.0
3968.013236626703	0.030968699999903038	epochs	2.0
3968.013236626703	0.015511999999944237	epochs	3.0
3968.028748626703	0.0154566999999588	epochs	3.0
3968.044205326703	0.030749500000183616	epochs	2.0
3968.044205326703	0.015401999999994587	epochs	3.0
3968.059607326703	0.01534750000018903	epochs	3.0
3968.074954826703	0.030533199999808858	epochs	2.0
3968.074954826703	0.01529339999979129	epochs	3.0
3968.090248226703	0.015239800000017567	epochs	3.0
3968.105488026703	0.030320100000153616	epochs	2.0
3968.105488026703	0.015186499999799707	epochs	3.0
3968.1206745267027	0.015133600000353908	epochs	3.0
3968.135808126703	0.030109899999843037	epochs	2.0
3968.135808126703	0.015081000000009226	epochs	3.0
3968.150889126703	0.015028899999833811	epochs	3.0
3968.165918026703	0.029902499999934662	epochs	2.0
3968.165918026703	0.014976999999817053	epochs	3.0
3968.1808950267027	0.014925500000117609	epochs	3.0
3968.195820526703	0.0296981000001324	epochs	2.0
3968.195820526703	0.014874399999825982	epochs	3.0
3968.2106949267027	0.014823700000306417	epochs	3.0
3968.225518626703	0.029496300000118936	epochs	2.0
3968.225518626703	0.014773200000036013	epochs	3.0
3968.240291826703	0.014723100000082923	epochs	3.0
3968.255014926703	0.029297399999904883	epochs	2.0
3968.255014926703	0.014673399999992398	epochs	3.0
3968.269688326703	0.014623999999912485	epochs	3.0
3968.284312326703	0.029101099999934377	epochs	2.0
3968.284312326703	0.014574899999843183	epochs	3.0
3968.298887226703	0.014526200000091194	epochs	3.0
3968.313413426703	0.02890739999975267	epochs	2.0
3968.313413426703	0.014477700000043114	epochs	3.0
3968.327891126703	0.014429699999709555	epochs	3.0
3968.3423208267027	0.028716199999962555	epochs	2.0
3968.3423208267027	0.014381800000137446	epochs	3.0
3968.356702626703	0.01433439999982511	epochs	3.0
3968.3710370267027	0.028527600000415987	epochs	2.0
3968.3710370267027	0.014287200000126177	epochs	3.0
3968.385324226703	0.01424040000028981	epochs	3.0
3968.399564626703	0.028341399999590067	epochs	2.0
3968.399564626703	0.014193799999702605	epochs	3.0
3968.4137584267028	0.014147599999887461	epochs	3.0
3968.4279060267027	0.028157700000065233	epochs	2.0
3968.4279060267027	0.014101700000082928	epochs	3.0
3968.4420077267027	0.014055999999982305	epochs	3.0
3968.4560637267027	0.027976300000318588	epochs	2.0
3968.4560637267027	0.01401060000034704	epochs	3.0
3968.470074326703	0.013965699999971548	epochs	3.0
3968.484040026703	0.027797199999895383	epochs	2.0
3968.484040026703	0.013920800000050804	epochs	3.0
3968.497960826703	0.01387639999984458	epochs	3.0
3968.511837226703	0.02762040000015986	epochs	2.0
3968.511837226703	0.013832199999797012	epochs	3.0
3968.5256694267027	0.013788200000362849	epochs	3.0
3968.539457626703	0.02744589999974778	epochs	2.0
3968.539457626703	0.013744599999881757	epochs	3.0
3968.553202226703	0.013701299999866023	epochs	3.0
3968.566903526703	0.027273499999864725	epochs	2.0
3968.566903526703	0.013658200000008947	epochs	3.0
3968.580561726703	0.013615299999855779	epochs	3.0
3968.5941770267027	0.027103400000214606	epochs	2.0
3968.5941770267027	0.013572800000019924	epochs	3.0
3968.6077498267027	0.013530600000194681	epochs	3.0
3968.621280426703	0.02693520000002536	epochs	2.0
3968.621280426703	0.01348839999991469	epochs	3.0
3968.634768826703	0.01344680000011067	epochs	3.0
3968.648215626703	0.02676919999976235	epochs	2.0
3968.648215626703	0.013405199999851902	epochs	3.0
3968.661620826703	0.013363999999910448	epochs	3.0
3968.6749848267027	0.02660520000017641	epochs	2.0
3968.6749848267027	0.013322900000275695	epochs	3.0
3968.688307726703	0.013282299999900715	epochs	3.0
3968.701590026703	0.0264431999999033	epochs	2.0
3968.701590026703	0.013241699999980483	epochs	3.0
3968.714831726703	0.013201499999922817	epochs	3.0
3968.728033226703	0.02628320000030726	epochs	2.0
3968.728033226703	0.013161500000023807	epochs	3.0
3968.741194726703	0.013121700000283454	epochs	3.0
3968.754316426703	0.026124999999865395	epochs	2.0
3968.754316426703	0.013082099999792263	epochs	3.0
3968.767398526703	0.013042900000073132	epochs	3.0
3968.780441426703	0.025968899999952555	epochs	2.0
3968.780441426703	0.01300390000005791	epochs	3.0
3968.793445326703	0.012964999999894644	epochs	3.0
3968.806410326703	0.02581449999979668	epochs	2.0
3968.806410326703	0.012926399999741989	epochs	3.0
3968.8193367267027	0.012888100000054692	epochs	3.0
3968.8322248267027	0.02566190000015922	epochs	2.0
3968.8322248267027	0.01284990000021935	epochs	3.0
3968.845074726703	0.012811999999939871	epochs	3.0
3968.857886726703	0.025511199999982637	epochs	2.0
3968.857886726703	0.012774400000125752	epochs	3.0
3968.870661126703	0.012736799999856885	epochs	3.0
3968.883397926703	0.02536229999986972	epochs	2.0
3968.883397926703	0.012699700000212033	epochs	3.0
3968.896097626703	0.012662599999657687	epochs	3.0
3968.9087602267027	0.02521500000011656	epochs	2.0
3968.9087602267027	0.012625800000023446	epochs	3.0
3968.9213860267027	0.012589200000093115	epochs	3.0
3968.933975226703	0.024584799999956886	epochs	2.0
3968.955492026703	0.5	epochs	-1.0
3968.958560026703	0.5431200000002718	epochs	1.0
3969.501680026703	0.45679999999993015	epochs	0.0
3970.4930000305176	0.13655999999991764	epochs	0.0
3970.4930000305176	0.06328190000022005	epochs	1.0
3970.556281930518	0.009996199999932287	epochs	1.0
3970.5662781305177	0.0632818999997653	epochs	1.0
3970.6295600305175	2.0	epochs	0.0
3972.6295600305175	0.5228799999999865	epochs	0.0
3972.6295600305175	0.5228799999999865	epochs	1.0
3972.6296120305174	0.5	epochs	-1.0
3973.1296120305174	0.022828000000117754	epochs	-1.0
3973.1524400305175	21.477040000000216	epochs	0.0
3974.226999759674	0.13655999999991764	epochs	0.0
3974.226999759674	0.06328190000022005	epochs	1.0
3974.2902816596743	0.009996199999932287	epochs	1.0
3974.300277859674	0.0632818999997653	epochs	1.0
3974.363559759674	2.0	epochs	0.0
3976.363559759674	21.503600000000006	epochs	0.0
3976.363559759674	1.0	epochs	1.0
3976.363611759674	0.5	epochs	-1.0
3976.863611759674	19.996880000000147	epochs	-1.0
3977.363559759674	20.0	epochs	1.0
3977.363559759674	4.356753900000058	epochs	-1.0
3977.363559759674	1.9745871999998599	epochs	2.0
3977.363559759674	1.0985622000002877	epochs	3.0
3978.4621219596743	0.8760249999995722	epochs	3.0
3979.338146959674	1.3524075000000266	epochs	2.0
3979.338146959674	0.7286355000001095	epochs	3.0
3980.066782459674	0.6237719999999172	epochs	3.0
3980.690554459674	1.0297592000001714	epochs	2.0
3980.690554459674	0.5453293000000485	epochs	3.0
3981.235883759674	0.48442990000012287	epochs	3.0
3981.720313659674	0.8317861999998968	epochs	2.0
3981.720313659674	0.4357762999998158	epochs	3.0
3982.156089959674	0.39600990000008096	epochs	3.0
3982.552099859674	0.6977970000002642	epochs	2.0
3982.552099859674	0.3628982000000178	epochs	3.0
3982.914998059674	0.3348988000002464	epochs	3.0
3983.249896859674	0.6010456999997587	epochs	2.0
3983.249896859674	0.3109122999999272	epochs	3.0
3983.560809159674	0.29013339999983145	epochs	3.0
3983.850942559674	0.5278859000000011	epochs	2.0
3983.850942559674	0.27195860000028915	epochs	3.0
3984.1229011596743	0.255927299999712	epochs	3.0
3984.378828459674	0.4706193000001804	epochs	2.0
3984.378828459674	0.241681299999982	epochs	3.0
3984.620509759674	0.22893800000019837	epochs	3.0
3984.849447759674	0.42457039999999324	epochs	2.0
3984.849447759674	0.2174713999997948	epochs	3.0
3985.066919159674	0.20709900000019843	epochs	3.0
3985.274018159674	0.3867353999999068	epochs	2.0
3985.274018159674	0.1976710999997522	epochs	3.0
3985.471689259674	0.18906430000015462	epochs	3.0
3985.660753559674	0.35509529999990264	epochs	2.0
3985.660753559674	0.18117590000019845	epochs	3.0
3985.8419294596742	0.17391939999970418	epochs	3.0
3986.015848859674	0.32824310000023615	epochs	2.0
3986.015848859674	0.167221900000186	epochs	3.0
3986.183070759674	0.16102120000005016	epochs	3.0
3986.344091959674	0.3051679999998669	epochs	2.0
3986.344091959674	0.1552638999996816	epochs	3.0
3986.499355859674	0.14990410000018528	epochs	3.0
3986.649259959674	0.28512529999989056	epochs	2.0
3986.649259959674	0.14490209999985382	epochs	3.0
3986.794162059674	0.14022320000003674	epochs	3.0
3986.934385259674	0.26755380000031437	epochs	2.0
3986.934385259674	0.1358368999999584	epochs	3.0
3987.070222159674	0.13171690000035596	epochs	3.0
3987.2019390596743	0.2520228999997016	epochs	2.0
3987.2019390596743	0.12783929999977772	epochs	3.0
3987.329778359674	0.1241835999999239	epochs	3.0
3987.453961959674	0.23819649999995818	epochs	2.0
3987.453961959674	0.12073110000028464	epochs	3.0
3987.5746930596742	0.11746539999967354	epochs	3.0
3987.692158459674	0.22580880000032266	epochs	2.0
3987.692158459674	0.11437190000015107	epochs	3.0
3987.806530359674	0.11143690000017159	epochs	3.0
3987.9179672596742	0.21464599999990241	epochs	2.0
3987.9179672596742	0.10864889999993466	epochs	3.0
3988.026616159674	0.10599709999996776	epochs	3.0
3988.132613259674	0.2045349999998507	epochs	2.0
3988.132613259674	0.10347150000006877	epochs	3.0
3988.236084759674	0.10106349999978192	epochs	3.0
3988.337148259674	0.19533400000000256	epochs	2.0
3988.337148259674	0.09876510000003691	epochs	3.0
3988.435913359674	0.09656889999996565	epochs	3.0
3988.532482259674	0.18692529999998442	epochs	2.0
3988.532482259674	0.0944683000002442	epochs	3.0
3988.6269505596742	0.09245699999974022	epochs	3.0
3988.719407559674	0.1792107000001124	epochs	2.0
3988.719407559674	0.0905296000000817	epochs	3.0
3988.809937159674	0.08868110000003071	epochs	3.0
3988.898618259674	0.17210770000019693	epochs	2.0
3988.898618259674	0.08690630000000965	epochs	3.0
3988.985524559674	0.08520140000018728	epochs	3.0
3989.0707259596743	0.16554639999958454	epochs	2.0
3989.0707259596743	0.08356189999994967	epochs	3.0
3989.1542878596742	0.08198449999963486	epochs	3.0
3989.236272359674	0.15946710000025632	epochs	2.0
3989.236272359674	0.0804654000003211	epochs	3.0
3989.316737759674	0.07900169999993523	epochs	3.0
3989.395739459674	0.15381840000009106	epochs	2.0
3989.395739459674	0.07759009999972477	epochs	3.0
3989.473329559674	0.07622830000036629	epochs	3.0
3989.549557859674	0.14855639999996129	epochs	2.0
3989.549557859674	0.07491329999993468	epochs	3.0
3989.624471159674	0.0736431000000266	epochs	3.0
3989.698114259674	0.1436423999998624	epochs	2.0
3989.698114259674	0.07241500000009182	epochs	3.0
3989.7705292596743	0.07122739999977057	epochs	3.0
3989.841756659674	0.13904309999998077	epochs	2.0
3989.841756659674	0.07007800000019415	epochs	3.0
3989.9118346596742	0.06896509999978662	epochs	3.0
3989.980799759674	0.13472929999988992	epochs	2.0
3989.980799759674	0.0678871000000072	epochs	3.0
3990.048686859674	0.06684219999988272	epochs	3.0
3990.115529059674	0.1306752000000415	epochs	2.0
3990.115529059674	0.06582909999997355	epochs	3.0
3990.181358159674	0.06484610000006796	epochs	3.0
3990.246204259674	0.1268577999999252	epochs	2.0
3990.246204259674	0.06389200000012352	epochs	3.0
3990.310096259674	0.06296579999980167	epochs	3.0
3990.373062059674	0.1232572000003529	epochs	2.0
3990.373062059674	0.06206580000025497	epochs	3.0
3990.435127859674	0.06119140000009793	epochs	3.0
3990.4963192596742	0.11985539999977846	epochs	2.0
3990.4963192596742	0.06034109999973225	epochs	3.0
3990.556660359674	0.059514300000046205	epochs	3.0
3990.616174659674	0.1166361999999026	epochs	2.0
3990.616174659674	0.058709599999929196	epochs	3.0
3990.674884259674	0.057926599999973405	epochs	3.0
3990.732810859674	0.11358560000007856	epochs	2.0
3990.732810859674	0.05716419999998834	epochs	3.0
3990.789975059674	0.056421400000090216	epochs	3.0
3990.846396459674	0.11069050000014613	epochs	2.0
3990.846396459674	0.05569790000026842	epochs	3.0
3990.9020943596743	0.05499259999987771	epochs	3.0
3990.957086959674	0.10793909999983953	epochs	2.0
3990.957086959674	0.054304899999806366	epochs	3.0
3991.011391859674	0.05363420000003316	epochs	3.0
3991.065026059674	0.10532150000017282	epochs	2.0
3991.065026059674	0.05297999999993408	epochs	3.0
3991.118006059674	0.05234150000023874	epochs	3.0
3991.170347559674	0.10282759999972768	epochs	2.0
3991.170347559674	0.05171810000001642	epochs	3.0
3991.222065659674	0.05110949999971126	epochs	3.0
3991.273175159674	0.10044910000033269	epochs	2.0
3991.273175159674	0.050514900000052876	epochs	3.0
3991.323690059674	0.049934200000279816	epochs	3.0
3991.373624259674	0.09817829999974492	epochs	2.0
3991.373624259674	0.049366599999757454	epochs	3.0
3991.422990859674	0.04881169999998747	epochs	3.0
3991.471802559674	0.09600780000027953	epochs	2.0
3991.471802559674	0.04826920000004975	epochs	3.0
3991.520071759674	0.04773860000022978	epochs	3.0
3991.5678103596742	0.09393120000004274	epochs	2.0
3991.5678103596742	0.0472194999997555	epochs	3.0
3991.615029859674	0.04671170000028724	epochs	3.0
3991.6617415596743	0.09194259999958376	epochs	2.0
3991.6617415596743	0.046214599999984785	epochs	3.0
3991.7079561596743	0.04572799999959898	epochs	3.0
3991.753684159674	0.09003630000006524	epochs	2.0
3991.753684159674	0.04525150000017675	epochs	3.0
3991.798935659674	0.04478479999988849	epochs	3.0
3991.843720459674	0.08820760000025984	epochs	2.0
3991.843720459674	0.0443278000002465	epochs	3.0
3991.888048259674	0.04387980000001335	epochs	3.0
3991.931928059674	0.0864516999999978	epochs	2.0
3991.931928059674	0.04344099999980244	epochs	3.0
3991.975369059674	0.04301070000019536	epochs	3.0
3992.018379759674	0.08476429999973334	epochs	2.0
3992.018379759674	0.0425889999996798	epochs	3.0
3992.060968759674	0.04217530000005354	epochs	3.0
3992.103144059674	0.08314150000023801	epochs	2.0
3992.103144059674	0.041769700000259036	epochs	3.0
3992.144913759674	0.041371799999978975	epochs	3.0
3992.186285559674	0.08157970000002024	epochs	2.0
3992.186285559674	0.040981399999964196	epochs	3.0
3992.227266959674	0.04059830000005604	epochs	3.0
3992.267865259674	0.08007550000002084	epochs	2.0
3992.267865259674	0.040222300000095856	epochs	3.0
3992.3080875596743	0.03985319999992498	epochs	3.0
3992.347940759674	0.07862569999997504	epochs	2.0
3992.347940759674	0.03949079999983951	epochs	3.0
3992.387431559674	0.03913490000013553	epochs	3.0
3992.426566459674	0.07722759999978734	epochs	2.0
3992.426566459674	0.038785400000051595	epochs	3.0
3992.4653518596742	0.03844219999973575	epochs	3.0
3992.503794059674	0.07587820000026113	epochs	2.0
3992.503794059674	0.03810479999992822	epochs	3.0
3992.541898859674	0.03777340000033291	epochs	3.0
3992.579672259674	0.07457519999979922	epochs	2.0
3992.579672259674	0.03744770000002973	epochs	3.0
3992.6171199596743	0.0371274999997695	epochs	3.0
3992.654247459674	0.07331629999998768	epochs	2.0
3992.654247459674	0.03681289999985893	epochs	3.0
3992.691060359674	0.03650340000012875	epochs	3.0
3992.727563759674	0.07209899999998015	epochs	2.0
3992.727563759674	0.03619909999997617	epochs	3.0
3992.763762859674	0.03589990000000398	epochs	3.0
3992.799662759674	0.07092169999987163	epochs	2.0
3992.799662759674	0.03560560000005353	epochs	3.0
3992.835268359674	0.03531609999981811	epochs	3.0
3992.870584459674	0.06978200000003199	epochs	2.0
3992.870584459674	0.03503120000004856	epochs	3.0
3992.905615659674	0.03475079999998343	epochs	3.0
3992.940366459674	0.06867860000011206	epochs	2.0
3992.940366459674	0.034475100000236125	epochs	3.0
3992.974841559674	0.03420349999987593	epochs	3.0
3993.009045059674	0.06760930000018561	epochs	2.0
3993.009045059674	0.033936199999970995	epochs	3.0
3993.042981259674	0.03367310000021462	epochs	3.0
3993.076654359674	0.06657289999975546	epochs	2.0
3993.076654359674	0.03341399999999339	epochs	3.0
3993.110068359674	0.03315889999976207	epochs	3.0
3993.143227259674	0.06556780000028084	epochs	2.0
3993.143227259674	0.03290770000012344	epochs	3.0
3993.176134959674	0.0326601000001574	epochs	3.0
3993.2087950596742	0.06459259999974165	epochs	2.0
3993.2087950596742	0.03241639999987456	epochs	3.0
3993.241211459674	0.032176199999867094	epochs	3.0
3993.273387659674	0.06364600000006249	epochs	2.0
3993.273387659674	0.03193959999998697	epochs	3.0
3993.305327259674	0.03170640000007552	epochs	3.0
3993.337033659674	0.0627266999999847	epochs	2.0
3993.337033659674	0.03147660000013275	epochs	3.0
3993.368510259674	0.031250099999851955	epochs	3.0
3993.399760359674	0.06183360000022731	epochs	2.0
3993.399760359674	0.031026900000142632	epochs	3.0
3993.430787259674	0.030806700000084675	epochs	3.0
3993.4615939596742	0.06096559999969031	epochs	2.0
3993.4615939596742	0.030589799999688694	epochs	3.0
3993.492183759674	0.030375800000001618	epochs	3.0
3993.522559559674	0.06012160000000222	epochs	2.0
3993.522559559674	0.03016490000027261	epochs	3.0
3993.552724459674	0.029956699999729608	epochs	3.0
3993.582681159674	0.059300700000221696	epochs	2.0
3993.582681159674	0.029751600000054168	epochs	3.0
3993.612432759674	0.029549100000167527	epochs	3.0
3993.641981859674	0.05850179999970351	epochs	2.0
3993.641981859674	0.029349399999773595	epochs	3.0
3993.671331259674	0.029152399999929912	epochs	3.0
3993.700483659674	0.057724200000393466	epochs	2.0
3993.700483659674	0.028958000000329776	epochs	3.0
3993.729441659674	0.02876620000006369	epochs	3.0
3993.7582078596743	0.056967099999837956	epochs	2.0
3993.7582078596743	0.028577000000041153	epochs	3.0
3993.7867848596743	0.028390099999796803	epochs	3.0
3993.815174959674	0.05622949999997218	epochs	2.0
3993.815174959674	0.028205699999944045	epochs	3.0
3993.843380659674	0.028023800000028132	epochs	3.0
3993.871404459674	0.05551070000001346	epochs	2.0
3993.871404459674	0.027844000000186497	epochs	3.0
3993.8992484596743	0.02766669999982696	epochs	3.0
3993.926915159674	0.05481019999979253	epochs	2.0
3993.926915159674	0.02749149999999645	epochs	3.0
3993.954406659674	0.02731869999979608	epochs	3.0
3993.981725359674	0.0541270000003351	epochs	2.0
3993.981725359674	0.02714780000042083	epochs	3.0
3994.0088731596743	0.026979199999914272	epochs	3.0
3994.035852359674	0.053460699999959616	epochs	2.0
3994.035852359674	0.026812600000084785	epochs	3.0
3994.0626649596743	0.02664809999987483	epochs	3.0
3994.089313059674	0.05281070000000909	epochs	2.0
3994.089313059674	0.0264855999998872	epochs	3.0
3994.115798659674	0.026325100000121893	epochs	3.0
3994.142123759674	0.052176199999848905	epochs	2.0
3994.142123759674	0.026166399999965506	epochs	3.0
3994.168290159674	0.0260097999998834	epochs	3.0
3994.194299959674	0.05155670000021928	epochs	2.0
3994.194299959674	0.02585480000016105	epochs	3.0
3994.220154759674	0.02570190000005823	epochs	3.0
3994.2458566596742	0.050951899999745365	epochs	2.0
3994.2458566596742	0.02555069999971238	epochs	3.0
3994.271407359674	0.025401200000032986	epochs	3.0
3994.296808559674	0.05036100000006627	epochs	2.0
3994.296808559674	0.025253499999962514	epochs	3.0
3994.322062059674	0.025107500000103755	epochs	3.0
3994.347169559674	0.04978380000011384	epochs	2.0
3994.347169559674	0.02496320000000196	epochs	3.0
3994.372132759674	0.02482060000011188	epochs	3.0
3994.396953359674	0.049219499999708205	epochs	2.0
3994.396953359674	0.024679399999968155	epochs	3.0
3994.421632759674	0.02454009999974005	epochs	3.0
3994.446172859674	0.04866790000005494	epochs	2.0
3994.446172859674	0.02440210000031584	epochs	3.0
3994.470574959674	0.0242657999997391	epochs	3.0
3994.494840759674	0.048128599999927246	epochs	2.0
3994.494840759674	0.024131000000124914	epochs	3.0
3994.518971759674	0.023997599999802333	epochs	3.0
3994.542969359674	0.047601100000065344	epochs	2.0
3994.542969359674	0.023865800000294257	epochs	3.0
3994.566835159674	0.023735299999771087	epochs	3.0
3994.590570459674	0.04708500000015192	epochs	2.0
3994.590570459674	0.023606300000210467	epochs	3.0
3994.614176759674	0.023478699999941455	epochs	3.0
3994.637655459674	0.04658000000017637	epochs	2.0
3994.637655459674	0.023352499999873544	epochs	3.0
3994.661007959674	0.023227500000302825	epochs	3.0
3994.6842354596743	0.04608569999982137	epochs	2.0
3994.6842354596743	0.02310399999987567	epochs	3.0
3994.707339459674	0.022981699999945704	epochs	3.0
3994.730321159674	0.045601799999985815	epochs	2.0
3994.730321159674	0.02286069999991014	epochs	3.0
3994.753181859674	0.022741100000075676	epochs	3.0
3994.775922959674	0.045127899999897636	epochs	2.0
3994.775922959674	0.022622500000125	epochs	3.0
3994.798545459674	0.022505399999772635	epochs	3.0
3994.821050859674	0.044663800000307674	epochs	2.0
3994.821050859674	0.022389300000213552	epochs	3.0
3994.843440159674	0.022274500000094122	epochs	3.0
3994.8657146596743	0.044209199999841076	epochs	2.0
3994.8657146596743	0.022160799999710434	epochs	3.0
3994.887875459674	0.02204840000013064	epochs	3.0
3994.909923859674	0.04376360000014756	epochs	2.0
3994.909923859674	0.021936900000127935	epochs	3.0
3994.9318607596742	0.021826700000019628	epochs	3.0
3994.9536874596743	0.043327099999714846	epochs	2.0
3994.9536874596743	0.021717599999647064	epochs	3.0
3994.975405059674	0.021609500000067783	epochs	3.0
3994.997014559674	0.04289900000003399	epochs	2.0
3994.997014559674	0.021502500000224245	epochs	3.0
3995.018517059674	0.021396499999809748	epochs	3.0
3995.039913559674	0.04247949999989942	epochs	2.0
3995.039913559674	0.021291699999892444	epochs	3.0
3995.061205259674	0.021187800000006973	epochs	3.0
3995.082393059674	0.042067900000347436	epochs	2.0
3995.082393059674	0.02108490000000529	epochs	3.0
3995.103477959674	0.020983000000342145	epochs	3.0
3995.1244609596743	0.041664399999717716	epochs	2.0
3995.1244609596743	0.020882199999959994	epochs	3.0
3995.145343159674	0.020782199999757722	epochs	3.0
3995.166125359674	0.04126850000011473	epochs	2.0
3995.166125359674	0.02068330000020069	epochs	3.0
3995.186808659674	0.02058519999991404	epochs	3.0
3995.207393859674	0.04088000000001557	epochs	2.0
3995.207393859674	0.020488099999965925	epochs	3.0
3995.227881959674	0.020391900000049645	epochs	3.0
3995.248273859674	0.04049880000002304	epochs	2.0
3995.248273859674	0.0202966000001652	epochs	3.0
3995.2685704596743	0.02020219999985784	epochs	3.0
3995.288772659674	0.04012460000012652	epochs	2.0
3995.288772659674	0.02010870000003706	epochs	3.0
3995.308881359674	0.02001590000008946	epochs	3.0
3995.3288972596742	0.03975730000001931	epochs	2.0
3995.3288972596742	0.0199241999998776	epochs	3.0
3995.348821459674	0.019833100000141712	epochs	3.0
3995.3686545596743	0.03939669999999751	epochs	2.0
3995.3686545596743	0.019742999999834865	epochs	3.0
3995.388397559674	0.019653700000162644	epochs	3.0
3995.4080512596743	0.03904239999974379	epochs	2.0
3995.4080512596743	0.019565099999908853	epochs	3.0
3995.427616359674	0.01947729999983494	epochs	3.0
3995.447093659674	0.03869459999987157	epochs	2.0
3995.447093659674	0.01939040000024761	epochs	3.0
3995.4664840596743	0.01930419999962396	epochs	3.0
3995.485788259674	0.03835290000006353	epochs	2.0
3995.485788259674	0.019218800000089686	epochs	3.0
3995.505007059674	0.01913409999997384	epochs	3.0
3995.524141159674	0.03801720000001296	epochs	2.0
3995.524141159674	0.019050200000037876	epochs	3.0
3995.543191359674	0.018966999999975087	epochs	3.0
3995.562158359674	0.03768720000016401	epochs	2.0
3995.562158359674	0.018884500000240223	epochs	3.0
3995.581042859674	0.01880269999992379	epochs	3.0
3995.599845559674	0.037363099999765836	epochs	2.0
3995.599845559674	0.018721699999787234	epochs	3.0
3995.618567259674	0.018641399999978603	epochs	3.0
3995.637208659674	0.037044300000161456	epochs	2.0
3995.637208659674	0.01856160000033924	epochs	3.0
3995.6557702596742	0.018482699999822216	epochs	3.0
3995.674252959674	0.036731000000145286	epochs	2.0
3995.674252959674	0.018404299999929208	epochs	3.0
3995.692657259674	0.01832670000021608	epochs	3.0
3995.710983959674	0.036422899999706715	epochs	2.0
3995.710983959674	0.018249599999762722	epochs	3.0
3995.729233559674	0.018173299999943993	epochs	3.0
3995.747406859674	0.03612010000006194	epochs	2.0
3995.747406859674	0.018097600000146485	epochs	3.0
3995.765504459674	0.018022499999915453	epochs	3.0
3995.783526959674	0.035822100000132195	epochs	2.0
3995.783526959674	0.017947900000308437	epochs	3.0
3995.8014748596743	0.01787419999982376	epochs	3.0
3995.819349059674	0.03552899999976944	epochs	2.0
3995.819349059674	0.01780079999980444	epochs	3.0
3995.837149859674	0.017728199999965	epochs	3.0
3995.854878059674	0.03524070000003121	epochs	2.0
3995.854878059674	0.017656100000294828	epochs	3.0
3995.872534159674	0.017584599999736383	epochs	3.0
3995.890118759674	0.03495710000015606	epochs	2.0
3995.890118759674	0.017513700000108656	epochs	3.0
3995.907632459674	0.017443400000047404	epochs	3.0
3995.925075859674	0.03467790000013338	epochs	2.0
3995.925075859674	0.01737360000015542	epochs	3.0
3995.942449459674	0.017304299999977957	epochs	3.0
3995.959753759674	0.03440329999966707	epochs	2.0
3995.959753759674	0.01723569999967367	epochs	3.0
3995.976989459674	0.0171675999999934	epochs	3.0
3995.994157059674	0.03413280000040686	epochs	2.0
3995.994157059674	0.017099900000175694	epochs	3.0
3996.011256959674	0.017032900000231166	epochs	3.0
3996.0282898596743	0.033866699999634875	epochs	2.0
3996.0282898596743	0.01696640000000116	epochs	3.0
3996.0452562596743	0.016900299999633717	epochs	3.0
3996.062156559674	0.03360460000021703	epochs	2.0
3996.062156559674	0.016834800000196992	epochs	3.0
3996.078991359674	0.01676980000002004	epochs	3.0
3996.095761159674	0.0333466000001863	epochs	2.0
3996.095761159674	0.016705300000012357	epochs	3.0
3996.112466459674	0.016641300000173942	epochs	3.0
3996.1291077596743	0.033092499999838765	epochs	2.0
3996.1291077596743	0.0165777999995953	epochs	3.0
3996.145685559674	0.016514700000243465	epochs	3.0
3996.162200259674	0.032842300000083924	epochs	2.0
3996.162200259674	0.01645220000000336	epochs	3.0
3996.178652459674	0.016390100000080565	epochs	3.0
3996.195042559674	0.03259570000000167	epochs	2.0
3996.195042559674	0.016328400000020338	epochs	3.0
3996.2113709596742	0.016267299999981333	epochs	3.0
3996.227638259674	0.03235289999975066	epochs	2.0
3996.227638259674	0.016206599999804894	epochs	3.0
3996.243844859674	0.016146299999945768	epochs	3.0
3996.259991159674	0.032113700000081735	epochs	2.0
3996.259991159674	0.016086600000107865	epochs	3.0
3996.276077759674	0.01602709999997387	epochs	3.0
3996.292104859674	0.03187800000023344	epochs	2.0
3996.292104859674	0.0159681999998611	epochs	3.0
3996.308073059674	0.015909800000372343	epochs	3.0
3996.3239828596743	0.03164569999989908	epochs	2.0
3996.3239828596743	0.015851599999678	epochs	3.0
3996.339834459674	0.01579410000022108	epochs	3.0
3996.355628559674	0.03141669999968144	epochs	2.0
3996.355628559674	0.015736699999706616	epochs	3.0
3996.371365259674	0.015679999999974825	epochs	3.0
3996.387045259674	0.031191100000341976	epochs	2.0
3996.387045259674	0.015623600000253646	epochs	3.0
3996.402668859674	0.01556750000008833	epochs	3.0
3996.418236359674	0.030968699999903038	epochs	2.0
3996.418236359674	0.015511999999944237	epochs	3.0
3996.433748359674	0.0154566999999588	epochs	3.0
3996.449205059674	0.030749500000183616	epochs	2.0
3996.449205059674	0.015401999999994587	epochs	3.0
3996.464607059674	0.01534750000018903	epochs	3.0
3996.4799545596743	0.030533199999808858	epochs	2.0
3996.4799545596743	0.01529339999979129	epochs	3.0
3996.495247959674	0.015239800000017567	epochs	3.0
3996.510487759674	0.030320100000153616	epochs	2.0
3996.510487759674	0.015186499999799707	epochs	3.0
3996.525674259674	0.015133600000353908	epochs	3.0
3996.5408078596743	0.030109899999843037	epochs	2.0
3996.5408078596743	0.015081000000009226	epochs	3.0
3996.5558888596743	0.015028899999833811	epochs	3.0
3996.570917759674	0.029902499999934662	epochs	2.0
3996.570917759674	0.014976999999817053	epochs	3.0
3996.585894759674	0.014925500000117609	epochs	3.0
3996.600820259674	0.0296981000001324	epochs	2.0
3996.600820259674	0.014874399999825982	epochs	3.0
3996.615694659674	0.014823700000306417	epochs	3.0
3996.630518359674	0.029496300000118936	epochs	2.0
3996.630518359674	0.014773200000036013	epochs	3.0
3996.645291559674	0.014723100000082923	epochs	3.0
3996.6600146596743	0.029297399999904883	epochs	2.0
3996.6600146596743	0.014673399999992398	epochs	3.0
3996.6746880596743	0.014623999999912485	epochs	3.0
3996.689312059674	0.029101099999934377	epochs	2.0
3996.689312059674	0.014574899999843183	epochs	3.0
3996.703886959674	0.014526200000091194	epochs	3.0
3996.718413159674	0.02890739999975267	epochs	2.0
3996.718413159674	0.014477700000043114	epochs	3.0
3996.732890859674	0.014429699999709555	epochs	3.0
3996.747320559674	0.028716199999962555	epochs	2.0
3996.747320559674	0.014381800000137446	epochs	3.0
3996.761702359674	0.01433439999982511	epochs	3.0
3996.776036759674	0.028527600000415987	epochs	2.0
3996.776036759674	0.014287200000126177	epochs	3.0
3996.790323959674	0.01424040000028981	epochs	3.0
3996.8045643596743	0.028341399999590067	epochs	2.0
3996.8045643596743	0.014193799999702605	epochs	3.0
3996.818758159674	0.014147599999887461	epochs	3.0
3996.832905759674	0.028157700000065233	epochs	2.0
3996.832905759674	0.014101700000082928	epochs	3.0
3996.847007459674	0.014055999999982305	epochs	3.0
3996.861063459674	0.027976300000318588	epochs	2.0
3996.861063459674	0.01401060000034704	epochs	3.0
3996.8750740596743	0.013965699999971548	epochs	3.0
3996.8890397596742	0.027797199999895383	epochs	2.0
3996.8890397596742	0.013920800000050804	epochs	3.0
3996.9029605596743	0.01387639999984458	epochs	3.0
3996.916836959674	0.02762040000015986	epochs	2.0
3996.916836959674	0.013832199999797012	epochs	3.0
3996.930669159674	0.013788200000362849	epochs	3.0
3996.9444573596743	0.02744589999974778	epochs	2.0
3996.9444573596743	0.013744599999881757	epochs	3.0
3996.958201959674	0.013701299999866023	epochs	3.0
3996.971903259674	0.027273499999864725	epochs	2.0
3996.971903259674	0.013658200000008947	epochs	3.0
3996.985561459674	0.013615299999855779	epochs	3.0
3996.999176759674	0.027103400000214606	epochs	2.0
3996.999176759674	0.013572800000019924	epochs	3.0
3997.012749559674	0.013530600000194681	epochs	3.0
3997.026280159674	0.02693520000002536	epochs	2.0
3997.026280159674	0.01348839999991469	epochs	3.0
3997.039768559674	0.01344680000011067	epochs	3.0
3997.053215359674	0.02676919999976235	epochs	2.0
3997.053215359674	0.013405199999851902	epochs	3.0
3997.066620559674	0.013363999999910448	epochs	3.0
3997.079984559674	0.02660520000017641	epochs	2.0
3997.079984559674	0.013322900000275695	epochs	3.0
3997.093307459674	0.013282299999900715	epochs	3.0
3997.106589759674	0.0264431999999033	epochs	2.0
3997.106589759674	0.013241699999980483	epochs	3.0
3997.119831459674	0.013201499999922817	epochs	3.0
3997.133032959674	0.02628320000030726	epochs	2.0
3997.133032959674	0.013161500000023807	epochs	3.0
3997.146194459674	0.013121700000283454	epochs	3.0
3997.1593161596743	0.026124999999865395	epochs	2.0
3997.1593161596743	0.013082099999792263	epochs	3.0
3997.172398259674	0.013042900000073132	epochs	3.0
3997.185441159674	0.025968899999952555	epochs	2.0
3997.185441159674	0.01300390000005791	epochs	3.0
3997.198445059674	0.012964999999894644	epochs	3.0
3997.211410059674	0.02581449999979668	epochs	2.0
3997.211410059674	0.012926399999741989	epochs	3.0
3997.224336459674	0.012888100000054692	epochs	3.0
3997.237224559674	0.02566190000015922	epochs	2.0
3997.237224559674	0.01284990000021935	epochs	3.0
3997.250074459674	0.012811999999939871	epochs	3.0
3997.262886459674	0.025511199999982637	epochs	2.0
3997.262886459674	0.012774400000125752	epochs	3.0
3997.275660859674	0.012736799999856885	epochs	3.0
3997.288397659674	0.02536229999986972	epochs	2.0
3997.288397659674	0.012699700000212033	epochs	3.0
3997.3010973596743	0.012662599999657687	epochs	3.0
3997.313759959674	0.02521500000011656	epochs	2.0
3997.313759959674	0.012625800000023446	epochs	3.0
3997.326385759674	0.012589200000093115	epochs	3.0
3997.338974959674	0.024584799999956886	epochs	2.0
3997.360491759674	0.5	epochs	-1.0
3997.363559759674	0.5036000000000058	epochs	1.0
3997.867159759674	0.49632000000019616	epochs	0.0
3999.0019998550415	0.13655999999991764	epochs	0.0
3999.0019998550415	0.06328190000022005	epochs	1.0
3999.0652817550417	0.009996199999932287	epochs	1.0
3999.0752779550417	0.0632818999997653	epochs	1.0
3999.1385598550414	2.0	epochs	0.0
4001.1385598550414	21.503279999999904	epochs	0.0
4001.1385598550414	1.0	epochs	1.0
4001.1386118550413	0.5	epochs	-1.0
4001.6386118550413	19.996880000000147	epochs	-1.0
4002.1385598550414	20.0	epochs	1.0
4002.1385598550414	4.356753900000058	epochs	-1.0
4002.1385598550414	1.9745871999998599	epochs	2.0
4002.1385598550414	1.0985622000002877	epochs	3.0
4003.2371220550417	0.8760249999995722	epochs	3.0
4004.1131470550413	1.3524075000000266	epochs	2.0
4004.1131470550413	0.7286355000001095	epochs	3.0
4004.8417825550414	0.6237719999999172	epochs	3.0
4005.4655545550413	1.0297592000001714	epochs	2.0
4005.4655545550413	0.5453293000000485	epochs	3.0
4006.0108838550414	0.48442990000012287	epochs	3.0
4006.4953137550415	0.8317861999998968	epochs	2.0
4006.4953137550415	0.4357762999998158	epochs	3.0
4006.9310900550413	0.39600990000008096	epochs	3.0
4007.3270999550414	0.6977970000002642	epochs	2.0
4007.3270999550414	0.3628982000000178	epochs	3.0
4007.6899981550414	0.3348988000002464	epochs	3.0
4008.0248969550416	0.6010456999997587	epochs	2.0
4008.0248969550416	0.3109122999999272	epochs	3.0
4008.3358092550416	0.29013339999983145	epochs	3.0
4008.6259426550414	0.5278859000000011	epochs	2.0
4008.6259426550414	0.27195860000028915	epochs	3.0
4008.8979012550417	0.255927299999712	epochs	3.0
4009.1538285550414	0.4706193000001804	epochs	2.0
4009.1538285550414	0.241681299999982	epochs	3.0
4009.3955098550414	0.22893800000019837	epochs	3.0
4009.6244478550416	0.42457039999999324	epochs	2.0
4009.6244478550416	0.2174713999997948	epochs	3.0
4009.8419192550414	0.20709900000019843	epochs	3.0
4010.0490182550416	0.3867353999999068	epochs	2.0
4010.0490182550416	0.1976710999997522	epochs	3.0
4010.2466893550413	0.18906430000015462	epochs	3.0
4010.4357536550415	0.35509529999990264	epochs	2.0
4010.4357536550415	0.18117590000019845	epochs	3.0
4010.6169295550417	0.17391939999970418	epochs	3.0
4010.7908489550414	0.32824310000023615	epochs	2.0
4010.7908489550414	0.167221900000186	epochs	3.0
4010.9580708550416	0.16102120000005016	epochs	3.0
4011.1190920550416	0.3051679999998669	epochs	2.0
4011.1190920550416	0.1552638999996816	epochs	3.0
4011.2743559550413	0.14990410000018528	epochs	3.0
4011.4242600550415	0.28512529999989056	epochs	2.0
4011.4242600550415	0.14490209999985382	epochs	3.0
4011.5691621550413	0.14022320000003674	epochs	3.0
4011.7093853550414	0.26755380000031437	epochs	2.0
4011.7093853550414	0.1358368999999584	epochs	3.0
4011.8452222550413	0.13171690000035596	epochs	3.0
4011.9769391550417	0.2520228999997016	epochs	2.0
4011.9769391550417	0.12783929999977772	epochs	3.0
4012.1047784550415	0.1241835999999239	epochs	3.0
4012.2289620550414	0.23819649999995818	epochs	2.0
4012.2289620550414	0.12073110000028464	epochs	3.0
4012.3496931550417	0.11746539999967354	epochs	3.0
4012.4671585550414	0.22580880000032266	epochs	2.0
4012.4671585550414	0.11437190000015107	epochs	3.0
4012.5815304550415	0.11143690000017159	epochs	3.0
4012.6929673550417	0.21464599999990241	epochs	2.0
4012.6929673550417	0.10864889999993466	epochs	3.0
4012.8016162550416	0.10599709999996776	epochs	3.0
4012.9076133550416	0.2045349999998507	epochs	2.0
4012.9076133550416	0.10347150000006877	epochs	3.0
4013.0110848550416	0.10106349999978192	epochs	3.0
4013.1121483550414	0.19533400000000256	epochs	2.0
4013.1121483550414	0.09876510000003691	epochs	3.0
4013.2109134550415	0.09656889999996565	epochs	3.0
4013.3074823550414	0.18692529999998442	epochs	2.0
4013.3074823550414	0.0944683000002442	epochs	3.0
4013.4019506550417	0.09245699999974022	epochs	3.0
4013.4944076550414	0.1792107000001124	epochs	2.0
4013.4944076550414	0.0905296000000817	epochs	3.0
4013.5849372550415	0.08868110000003071	epochs	3.0
4013.6736183550415	0.17210770000019693	epochs	2.0
4013.6736183550415	0.08690630000000965	epochs	3.0
4013.7605246550415	0.08520140000018728	epochs	3.0
4013.8457260550417	0.16554639999958454	epochs	2.0
4013.8457260550417	0.08356189999994967	epochs	3.0
4013.9292879550417	0.08198449999963486	epochs	3.0
4014.0112724550413	0.15946710000025632	epochs	2.0
4014.0112724550413	0.0804654000003211	epochs	3.0
4014.0917378550416	0.07900169999993523	epochs	3.0
4014.1707395550416	0.15381840000009106	epochs	2.0
4014.1707395550416	0.07759009999972477	epochs	3.0
4014.2483296550413	0.07622830000036629	epochs	3.0
4014.3245579550417	0.14855639999996129	epochs	2.0
4014.3245579550417	0.07491329999993468	epochs	3.0
4014.3994712550416	0.0736431000000266	epochs	3.0
4014.4731143550416	0.1436423999998624	epochs	2.0
4014.4731143550416	0.07241500000009182	epochs	3.0
4014.5455293550417	0.07122739999977057	epochs	3.0
4014.6167567550415	0.13904309999998077	epochs	2.0
4014.6167567550415	0.07007800000019415	epochs	3.0
4014.6868347550417	0.06896509999978662	epochs	3.0
4014.7557998550415	0.13472929999988992	epochs	2.0
4014.7557998550415	0.0678871000000072	epochs	3.0
4014.8236869550415	0.06684219999988272	epochs	3.0
4014.8905291550413	0.1306752000000415	epochs	2.0
4014.8905291550413	0.06582909999997355	epochs	3.0
4014.9563582550413	0.06484610000006796	epochs	3.0
4015.0212043550414	0.1268577999999252	epochs	2.0
4015.0212043550414	0.06389200000012352	epochs	3.0
4015.0850963550415	0.06296579999980167	epochs	3.0
4015.1480621550413	0.1232572000003529	epochs	2.0
4015.1480621550413	0.06206580000025497	epochs	3.0
4015.2101279550416	0.06119140000009793	epochs	3.0
4015.2713193550417	0.11985539999977846	epochs	2.0
4015.2713193550417	0.06034109999973225	epochs	3.0
4015.3316604550414	0.059514300000046205	epochs	3.0
4015.3911747550414	0.1166361999999026	epochs	2.0
4015.3911747550414	0.058709599999929196	epochs	3.0
4015.4498843550414	0.057926599999973405	epochs	3.0
4015.5078109550414	0.11358560000007856	epochs	2.0
4015.5078109550414	0.05716419999998834	epochs	3.0
4015.5649751550413	0.056421400000090216	epochs	3.0
4015.6213965550414	0.11069050000014613	epochs	2.0
4015.6213965550414	0.05569790000026842	epochs	3.0
4015.6770944550417	0.05499259999987771	epochs	3.0
4015.7320870550416	0.10793909999983953	epochs	2.0
4015.7320870550416	0.054304899999806366	epochs	3.0
4015.7863919550414	0.05363420000003316	epochs	3.0
4015.8400261550414	0.10532150000017282	epochs	2.0
4015.8400261550414	0.05297999999993408	epochs	3.0
4015.8930061550413	0.05234150000023874	epochs	3.0
4015.9453476550416	0.10282759999972768	epochs	2.0
4015.9453476550416	0.05171810000001642	epochs	3.0
4015.9970657550416	0.05110949999971126	epochs	3.0
4016.0481752550413	0.10044910000033269	epochs	2.0
4016.0481752550413	0.050514900000052876	epochs	3.0
4016.0986901550414	0.049934200000279816	epochs	3.0
4016.1486243550416	0.09817829999974492	epochs	2.0
4016.1486243550416	0.049366599999757454	epochs	3.0
4016.1979909550414	0.04881169999998747	epochs	3.0
4016.2468026550414	0.09600780000027953	epochs	2.0
4016.2468026550414	0.04826920000004975	epochs	3.0
4016.2950718550414	0.04773860000022978	epochs	3.0
4016.3428104550417	0.09393120000004274	epochs	2.0
4016.3428104550417	0.0472194999997555	epochs	3.0
4016.3900299550414	0.04671170000028724	epochs	3.0
4016.4367416550417	0.09194259999958376	epochs	2.0
4016.4367416550417	0.046214599999984785	epochs	3.0
4016.4829562550417	0.04572799999959898	epochs	3.0
4016.5286842550413	0.09003630000006524	epochs	2.0
4016.5286842550413	0.04525150000017675	epochs	3.0
4016.5739357550415	0.04478479999988849	epochs	3.0
4016.6187205550414	0.08820760000025984	epochs	2.0
4016.6187205550414	0.0443278000002465	epochs	3.0
4016.6630483550416	0.04387980000001335	epochs	3.0
4016.7069281550416	0.0864516999999978	epochs	2.0
4016.7069281550416	0.04344099999980244	epochs	3.0
4016.7503691550414	0.04301070000019536	epochs	3.0
4016.7933798550416	0.08476429999973334	epochs	2.0
4016.7933798550416	0.0425889999996798	epochs	3.0
4016.8359688550413	0.04217530000005354	epochs	3.0
4016.8781441550414	0.08314150000023801	epochs	2.0
4016.8781441550414	0.041769700000259036	epochs	3.0
4016.9199138550416	0.041371799999978975	epochs	3.0
4016.9612856550416	0.08157970000002024	epochs	2.0
4016.9612856550416	0.040981399999964196	epochs	3.0
4017.0022670550416	0.04059830000005604	epochs	3.0
4017.0428653550416	0.08007550000002084	epochs	2.0
4017.0428653550416	0.040222300000095856	epochs	3.0
4017.0830876550417	0.03985319999992498	epochs	3.0
4017.1229408550416	0.07862569999997504	epochs	2.0
4017.1229408550416	0.03949079999983951	epochs	3.0
4017.1624316550415	0.03913490000013553	epochs	3.0
4017.2015665550416	0.07722759999978734	epochs	2.0
4017.2015665550416	0.038785400000051595	epochs	3.0
4017.2403519550417	0.03844219999973575	epochs	3.0
4017.2787941550414	0.07587820000026113	epochs	2.0
4017.2787941550414	0.03810479999992822	epochs	3.0
4017.3168989550413	0.03777340000033291	epochs	3.0
4017.3546723550417	0.07457519999979922	epochs	2.0
4017.3546723550417	0.03744770000002973	epochs	3.0
4017.3921200550417	0.0371274999997695	epochs	3.0
4017.4292475550415	0.07331629999998768	epochs	2.0
4017.4292475550415	0.03681289999985893	epochs	3.0
4017.4660604550413	0.03650340000012875	epochs	3.0
4017.5025638550414	0.07209899999998015	epochs	2.0
4017.5025638550414	0.03619909999997617	epochs	3.0
4017.5387629550414	0.03589990000000398	epochs	3.0
4017.5746628550414	0.07092169999987163	epochs	2.0
4017.5746628550414	0.03560560000005353	epochs	3.0
4017.6102684550415	0.03531609999981811	epochs	3.0
4017.6455845550413	0.06978200000003199	epochs	2.0
4017.6455845550413	0.03503120000004856	epochs	3.0
4017.6806157550413	0.03475079999998343	epochs	3.0
4017.7153665550413	0.06867860000011206	epochs	2.0
4017.7153665550413	0.034475100000236125	epochs	3.0
4017.7498416550416	0.03420349999987593	epochs	3.0
4017.7840451550414	0.06760930000018561	epochs	2.0
4017.7840451550414	0.033936199999970995	epochs	3.0
4017.8179813550414	0.03367310000021462	epochs	3.0
4017.8516544550416	0.06657289999975546	epochs	2.0
4017.8516544550416	0.03341399999999339	epochs	3.0
4017.8850684550416	0.03315889999976207	epochs	3.0
4017.9182273550414	0.06556780000028084	epochs	2.0
4017.9182273550414	0.03290770000012344	epochs	3.0
4017.9511350550415	0.0326601000001574	epochs	3.0
4017.9837951550417	0.06459259999974165	epochs	2.0
4017.9837951550417	0.03241639999987456	epochs	3.0
4018.0162115550415	0.032176199999867094	epochs	3.0
4018.0483877550414	0.06364600000006249	epochs	2.0
4018.0483877550414	0.03193959999998697	epochs	3.0
4018.0803273550414	0.03170640000007552	epochs	3.0
4018.1120337550415	0.0627266999999847	epochs	2.0
4018.1120337550415	0.03147660000013275	epochs	3.0
4018.1435103550416	0.031250099999851955	epochs	3.0
4018.1747604550415	0.06183360000022731	epochs	2.0
4018.1747604550415	0.031026900000142632	epochs	3.0
4018.2057873550416	0.030806700000084675	epochs	3.0
4018.2365940550417	0.06096559999969031	epochs	2.0
4018.2365940550417	0.030589799999688694	epochs	3.0
4018.2671838550414	0.030375800000001618	epochs	3.0
4018.2975596550414	0.06012160000000222	epochs	2.0
4018.2975596550414	0.03016490000027261	epochs	3.0
4018.3277245550416	0.029956699999729608	epochs	3.0
4018.3576812550414	0.059300700000221696	epochs	2.0
4018.3576812550414	0.029751600000054168	epochs	3.0
4018.3874328550414	0.029549100000167527	epochs	3.0
4018.4169819550416	0.05850179999970351	epochs	2.0
4018.4169819550416	0.029349399999773595	epochs	3.0
4018.4463313550414	0.029152399999929912	epochs	3.0
4018.4754837550413	0.057724200000393466	epochs	2.0
4018.4754837550413	0.028958000000329776	epochs	3.0
4018.5044417550416	0.02876620000006369	epochs	3.0
4018.5332079550417	0.056967099999837956	epochs	2.0
4018.5332079550417	0.028577000000041153	epochs	3.0
4018.5617849550417	0.028390099999796803	epochs	3.0
4018.5901750550415	0.05622949999997218	epochs	2.0
4018.5901750550415	0.028205699999944045	epochs	3.0
4018.6183807550415	0.028023800000028132	epochs	3.0
4018.6464045550415	0.05551070000001346	epochs	2.0
4018.6464045550415	0.027844000000186497	epochs	3.0
4018.6742485550417	0.02766669999982696	epochs	3.0
4018.7019152550415	0.05481019999979253	epochs	2.0
4018.7019152550415	0.02749149999999645	epochs	3.0
4018.7294067550415	0.02731869999979608	epochs	3.0
4018.7567254550413	0.0541270000003351	epochs	2.0
4018.7567254550413	0.02714780000042083	epochs	3.0
4018.7838732550417	0.026979199999914272	epochs	3.0
4018.8108524550416	0.053460699999959616	epochs	2.0
4018.8108524550416	0.026812600000084785	epochs	3.0
4018.8376650550417	0.02664809999987483	epochs	3.0
4018.8643131550416	0.05281070000000909	epochs	2.0
4018.8643131550416	0.0264855999998872	epochs	3.0
4018.8907987550415	0.026325100000121893	epochs	3.0
4018.9171238550416	0.052176199999848905	epochs	2.0
4018.9171238550416	0.026166399999965506	epochs	3.0
4018.9432902550416	0.0260097999998834	epochs	3.0
4018.9693000550415	0.05155670000021928	epochs	2.0
4018.9693000550415	0.02585480000016105	epochs	3.0
4018.9951548550416	0.02570190000005823	epochs	3.0
4019.0208567550417	0.050951899999745365	epochs	2.0
4019.0208567550417	0.02555069999971238	epochs	3.0
4019.0464074550414	0.025401200000032986	epochs	3.0
4019.0718086550414	0.05036100000006627	epochs	2.0
4019.0718086550414	0.025253499999962514	epochs	3.0
4019.0970621550414	0.025107500000103755	epochs	3.0
4019.1221696550415	0.04978380000011384	epochs	2.0
4019.1221696550415	0.02496320000000196	epochs	3.0
4019.1471328550415	0.02482060000011188	epochs	3.0
4019.1719534550416	0.049219499999708205	epochs	2.0
4019.1719534550416	0.024679399999968155	epochs	3.0
4019.1966328550416	0.02454009999974005	epochs	3.0
4019.2211729550413	0.04866790000005494	epochs	2.0
4019.2211729550413	0.02440210000031584	epochs	3.0
4019.2455750550416	0.0242657999997391	epochs	3.0
4019.2698408550414	0.048128599999927246	epochs	2.0
4019.2698408550414	0.024131000000124914	epochs	3.0
4019.2939718550415	0.023997599999802333	epochs	3.0
4019.3179694550413	0.047601100000065344	epochs	2.0
4019.3179694550413	0.023865800000294257	epochs	3.0
4019.3418352550416	0.023735299999771087	epochs	3.0
4019.3655705550414	0.04708500000015192	epochs	2.0
4019.3655705550414	0.023606300000210467	epochs	3.0
4019.3891768550416	0.023478699999941455	epochs	3.0
4019.4126555550415	0.04658000000017637	epochs	2.0
4019.4126555550415	0.023352499999873544	epochs	3.0
4019.4360080550414	0.023227500000302825	epochs	3.0
4019.4592355550417	0.04608569999982137	epochs	2.0
4019.4592355550417	0.02310399999987567	epochs	3.0
4019.4823395550416	0.022981699999945704	epochs	3.0
4019.5053212550415	0.045601799999985815	epochs	2.0
4019.5053212550415	0.02286069999991014	epochs	3.0
4019.5281819550414	0.022741100000075676	epochs	3.0
4019.5509230550415	0.045127899999897636	epochs	2.0
4019.5509230550415	0.022622500000125	epochs	3.0
4019.5735455550416	0.022505399999772635	epochs	3.0
4019.5960509550414	0.044663800000307674	epochs	2.0
4019.5960509550414	0.022389300000213552	epochs	3.0
4019.6184402550416	0.022274500000094122	epochs	3.0
4019.6407147550417	0.044209199999841076	epochs	2.0
4019.6407147550417	0.022160799999710434	epochs	3.0
4019.6628755550414	0.02204840000013064	epochs	3.0
4019.6849239550415	0.04376360000014756	epochs	2.0
4019.6849239550415	0.021936900000127935	epochs	3.0
4019.7068608550417	0.021826700000019628	epochs	3.0
4019.7286875550417	0.043327099999714846	epochs	2.0
4019.7286875550417	0.021717599999647064	epochs	3.0
4019.7504051550413	0.021609500000067783	epochs	3.0
4019.7720146550414	0.04289900000003399	epochs	2.0
4019.7720146550414	0.021502500000224245	epochs	3.0
4019.7935171550416	0.021396499999809748	epochs	3.0
4019.8149136550414	0.04247949999989942	epochs	2.0
4019.8149136550414	0.021291699999892444	epochs	3.0
4019.8362053550413	0.021187800000006973	epochs	3.0
4019.8573931550413	0.042067900000347436	epochs	2.0
4019.8573931550413	0.02108490000000529	epochs	3.0
4019.8784780550413	0.020983000000342145	epochs	3.0
4019.8994610550417	0.041664399999717716	epochs	2.0
4019.8994610550417	0.020882199999959994	epochs	3.0
4019.9203432550416	0.020782199999757722	epochs	3.0
4019.9411254550414	0.04126850000011473	epochs	2.0
4019.9411254550414	0.02068330000020069	epochs	3.0
4019.9618087550416	0.02058519999991404	epochs	3.0
4019.9823939550415	0.04088000000001557	epochs	2.0
4019.9823939550415	0.020488099999965925	epochs	3.0
4020.0028820550415	0.020391900000049645	epochs	3.0
4020.0232739550415	0.04049880000002304	epochs	2.0
4020.0232739550415	0.0202966000001652	epochs	3.0
4020.0435705550417	0.02020219999985784	epochs	3.0
4020.0637727550416	0.04012460000012652	epochs	2.0
4020.0637727550416	0.02010870000003706	epochs	3.0
4020.0838814550416	0.02001590000008946	epochs	3.0
4020.1038973550417	0.03975730000001931	epochs	2.0
4020.1038973550417	0.0199241999998776	epochs	3.0
4020.1238215550416	0.019833100000141712	epochs	3.0
4020.1436546550417	0.03939669999999751	epochs	2.0
4020.1436546550417	0.019742999999834865	epochs	3.0
4020.1633976550415	0.019653700000162644	epochs	3.0
4020.1830513550417	0.03904239999974379	epochs	2.0
4020.1830513550417	0.019565099999908853	epochs	3.0
4020.2026164550416	0.01947729999983494	epochs	3.0
4020.2220937550414	0.03869459999987157	epochs	2.0
4020.2220937550414	0.01939040000024761	epochs	3.0
4020.2414841550417	0.01930419999962396	epochs	3.0
4020.2607883550413	0.03835290000006353	epochs	2.0
4020.2607883550413	0.019218800000089686	epochs	3.0
4020.2800071550414	0.01913409999997384	epochs	3.0
4020.2991412550414	0.03801720000001296	epochs	2.0
4020.2991412550414	0.019050200000037876	epochs	3.0
4020.3181914550414	0.018966999999975087	epochs	3.0
4020.3371584550414	0.03768720000016401	epochs	2.0
4020.3371584550414	0.018884500000240223	epochs	3.0
4020.3560429550416	0.01880269999992379	epochs	3.0
4020.3748456550416	0.037363099999765836	epochs	2.0
4020.3748456550416	0.018721699999787234	epochs	3.0
4020.3935673550413	0.018641399999978603	epochs	3.0
4020.4122087550413	0.037044300000161456	epochs	2.0
4020.4122087550413	0.01856160000033924	epochs	3.0
4020.4307703550417	0.018482699999822216	epochs	3.0
4020.4492530550415	0.036731000000145286	epochs	2.0
4020.4492530550415	0.018404299999929208	epochs	3.0
4020.4676573550414	0.01832670000021608	epochs	3.0
4020.4859840550416	0.036422899999706715	epochs	2.0
4020.4859840550416	0.018249599999762722	epochs	3.0
4020.5042336550414	0.018173299999943993	epochs	3.0
4020.5224069550413	0.03612010000006194	epochs	2.0
4020.5224069550413	0.018097600000146485	epochs	3.0
4020.5405045550415	0.018022499999915453	epochs	3.0
4020.5585270550414	0.035822100000132195	epochs	2.0
4020.5585270550414	0.017947900000308437	epochs	3.0
4020.5764749550417	0.01787419999982376	epochs	3.0
4020.5943491550415	0.03552899999976944	epochs	2.0
4020.5943491550415	0.01780079999980444	epochs	3.0
4020.6121499550413	0.017728199999965	epochs	3.0
4020.6298781550413	0.03524070000003121	epochs	2.0
4020.6298781550413	0.017656100000294828	epochs	3.0
4020.6475342550416	0.017584599999736383	epochs	3.0
4020.6651188550413	0.03495710000015606	epochs	2.0
4020.6651188550413	0.017513700000108656	epochs	3.0
4020.6826325550414	0.017443400000047404	epochs	3.0
4020.7000759550415	0.03467790000013338	epochs	2.0
4020.7000759550415	0.01737360000015542	epochs	3.0
4020.7174495550416	0.017304299999977957	epochs	3.0
4020.7347538550416	0.03440329999966707	epochs	2.0
4020.7347538550416	0.01723569999967367	epochs	3.0
4020.7519895550413	0.0171675999999934	epochs	3.0
4020.7691571550413	0.03413280000040686	epochs	2.0
4020.7691571550413	0.017099900000175694	epochs	3.0
4020.7862570550415	0.017032900000231166	epochs	3.0
4020.8032899550417	0.033866699999634875	epochs	2.0
4020.8032899550417	0.01696640000000116	epochs	3.0
4020.8202563550417	0.016900299999633717	epochs	3.0
4020.8371566550413	0.03360460000021703	epochs	2.0
4020.8371566550413	0.016834800000196992	epochs	3.0
4020.8539914550415	0.01676980000002004	epochs	3.0
4020.8707612550415	0.0333466000001863	epochs	2.0
4020.8707612550415	0.016705300000012357	epochs	3.0
4020.8874665550416	0.016641300000173942	epochs	3.0
4020.9041078550417	0.033092499999838765	epochs	2.0
4020.9041078550417	0.0165777999995953	epochs	3.0
4020.9206856550413	0.016514700000243465	epochs	3.0
4020.9372003550416	0.032842300000083924	epochs	2.0
4020.9372003550416	0.01645220000000336	epochs	3.0
4020.9536525550416	0.016390100000080565	epochs	3.0
4020.9700426550417	0.03259570000000167	epochs	2.0
4020.9700426550417	0.016328400000020338	epochs	3.0
4020.9863710550417	0.016267299999981333	epochs	3.0
4021.0026383550417	0.03235289999975066	epochs	2.0
4021.0026383550417	0.016206599999804894	epochs	3.0
4021.0188449550415	0.016146299999945768	epochs	3.0
4021.0349912550414	0.032113700000081735	epochs	2.0
4021.0349912550414	0.016086600000107865	epochs	3.0
4021.0510778550415	0.01602709999997387	epochs	3.0
4021.0671049550415	0.03187800000023344	epochs	2.0
4021.0671049550415	0.0159681999998611	epochs	3.0
4021.0830731550413	0.015909800000372343	epochs	3.0
4021.0989829550417	0.03164569999989908	epochs	2.0
4021.0989829550417	0.015851599999678	epochs	3.0
4021.1148345550414	0.01579410000022108	epochs	3.0
4021.1306286550416	0.03141669999968144	epochs	2.0
4021.1306286550416	0.015736699999706616	epochs	3.0
4021.1463653550413	0.015679999999974825	epochs	3.0
4021.1620453550413	0.031191100000341976	epochs	2.0
4021.1620453550413	0.015623600000253646	epochs	3.0
4021.1776689550416	0.01556750000008833	epochs	3.0
4021.1932364550416	0.030968699999903038	epochs	2.0
4021.1932364550416	0.015511999999944237	epochs	3.0
4021.2087484550416	0.0154566999999588	epochs	3.0
4021.2242051550415	0.030749500000183616	epochs	2.0
4021.2242051550415	0.015401999999994587	epochs	3.0
4021.2396071550415	0.01534750000018903	epochs	3.0
4021.2549546550417	0.030533199999808858	epochs	2.0
4021.2549546550417	0.01529339999979129	epochs	3.0
4021.2702480550415	0.015239800000017567	epochs	3.0
4021.2854878550415	0.030320100000153616	epochs	2.0
4021.2854878550415	0.015186499999799707	epochs	3.0
4021.3006743550413	0.015133600000353908	epochs	3.0
4021.3158079550417	0.030109899999843037	epochs	2.0
4021.3158079550417	0.015081000000009226	epochs	3.0
4021.3308889550417	0.015028899999833811	epochs	3.0
4021.3459178550415	0.029902499999934662	epochs	2.0
4021.3459178550415	0.014976999999817053	epochs	3.0
4021.3608948550414	0.014925500000117609	epochs	3.0
4021.3758203550415	0.0296981000001324	epochs	2.0
4021.3758203550415	0.014874399999825982	epochs	3.0
4021.3906947550413	0.014823700000306417	epochs	3.0
4021.4055184550416	0.029496300000118936	epochs	2.0
4021.4055184550416	0.014773200000036013	epochs	3.0
4021.4202916550416	0.014723100000082923	epochs	3.0
4021.4350147550417	0.029297399999904883	epochs	2.0
4021.4350147550417	0.014673399999992398	epochs	3.0
4021.4496881550417	0.014623999999912485	epochs	3.0
4021.4643121550416	0.029101099999934377	epochs	2.0
4021.4643121550416	0.014574899999843183	epochs	3.0
4021.4788870550415	0.014526200000091194	epochs	3.0
4021.4934132550416	0.02890739999975267	epochs	2.0
4021.4934132550416	0.014477700000043114	epochs	3.0
4021.5078909550416	0.014429699999709555	epochs	3.0
4021.5223206550413	0.028716199999962555	epochs	2.0
4021.5223206550413	0.014381800000137446	epochs	3.0
4021.5367024550414	0.01433439999982511	epochs	3.0
4021.5510368550413	0.028527600000415987	epochs	2.0
4021.5510368550413	0.014287200000126177	epochs	3.0
4021.5653240550414	0.01424040000028981	epochs	3.0
4021.5795644550417	0.028341399999590067	epochs	2.0
4021.5795644550417	0.014193799999702605	epochs	3.0
4021.5937582550414	0.014147599999887461	epochs	3.0
4021.6079058550413	0.028157700000065233	epochs	2.0
4021.6079058550413	0.014101700000082928	epochs	3.0
4021.6220075550414	0.014055999999982305	epochs	3.0
4021.6360635550413	0.027976300000318588	epochs	2.0
4021.6360635550413	0.01401060000034704	epochs	3.0
4021.6500741550417	0.013965699999971548	epochs	3.0
4021.6640398550417	0.027797199999895383	epochs	2.0
4021.6640398550417	0.013920800000050804	epochs	3.0
4021.6779606550417	0.01387639999984458	epochs	3.0
4021.6918370550416	0.02762040000015986	epochs	2.0
4021.6918370550416	0.013832199999797012	epochs	3.0
4021.7056692550414	0.013788200000362849	epochs	3.0
4021.7194574550417	0.02744589999974778	epochs	2.0
4021.7194574550417	0.013744599999881757	epochs	3.0
4021.7332020550416	0.013701299999866023	epochs	3.0
4021.7469033550415	0.027273499999864725	epochs	2.0
4021.7469033550415	0.013658200000008947	epochs	3.0
4021.7605615550415	0.013615299999855779	epochs	3.0
4021.7741768550413	0.027103400000214606	epochs	2.0
4021.7741768550413	0.013572800000019924	epochs	3.0
4021.7877496550414	0.013530600000194681	epochs	3.0
4021.8012802550415	0.02693520000002536	epochs	2.0
4021.8012802550415	0.01348839999991469	epochs	3.0
4021.8147686550415	0.01344680000011067	epochs	3.0
4021.8282154550416	0.02676919999976235	epochs	2.0
4021.8282154550416	0.013405199999851902	epochs	3.0
4021.8416206550414	0.013363999999910448	epochs	3.0
4021.8549846550413	0.02660520000017641	epochs	2.0
4021.8549846550413	0.013322900000275695	epochs	3.0
4021.8683075550416	0.013282299999900715	epochs	3.0
4021.8815898550415	0.0264431999999033	epochs	2.0
4021.8815898550415	0.013241699999980483	epochs	3.0
4021.8948315550415	0.013201499999922817	epochs	3.0
4021.9080330550414	0.02628320000030726	epochs	2.0
4021.9080330550414	0.013161500000023807	epochs	3.0
4021.9211945550414	0.013121700000283454	epochs	3.0
4021.9343162550417	0.026124999999865395	epochs	2.0
4021.9343162550417	0.013082099999792263	epochs	3.0
4021.9473983550415	0.013042900000073132	epochs	3.0
4021.9604412550416	0.025968899999952555	epochs	2.0
4021.9604412550416	0.01300390000005791	epochs	3.0
4021.9734451550416	0.012964999999894644	epochs	3.0
4021.9864101550415	0.02581449999979668	epochs	2.0
4021.9864101550415	0.012926399999741989	epochs	3.0
4021.9993365550413	0.012888100000054692	epochs	3.0
4022.0122246550413	0.02566190000015922	epochs	2.0
4022.0122246550413	0.01284990000021935	epochs	3.0
4022.0250745550416	0.012811999999939871	epochs	3.0
4022.0378865550415	0.025511199999982637	epochs	2.0
4022.0378865550415	0.012774400000125752	epochs	3.0
4022.0506609550416	0.012736799999856885	epochs	3.0
4022.0633977550415	0.02536229999986972	epochs	2.0
4022.0633977550415	0.012699700000212033	epochs	3.0
4022.0760974550417	0.012662599999657687	epochs	3.0
4022.0887600550413	0.02521500000011656	epochs	2.0
4022.0887600550413	0.012625800000023446	epochs	3.0
4022.1013858550414	0.012589200000093115	epochs	3.0
4022.1139750550415	0.024584799999956886	epochs	2.0
4022.1354918550414	0.5	epochs	-1.0
4022.1385598550414	0.5032799999999042	epochs	1.0
4022.6418398550413	0.49664000000029773	epochs	0.0
4038.128999710083	0.13655999999991764	epochs	0.0
4038.128999710083	0.06328190000022005	epochs	1.0
4038.1922816100832	0.009996199999932287	epochs	1.0
4038.202277810083	0.0632818999997653	epochs	1.0
4038.265559710083	2.0	epochs	0.0
4040.265559710083	5.362799999999879	epochs	0.0
4040.265559710083	1.0	epochs	1.0
4040.265611710083	0.5	epochs	-1.0
4040.765611710083	4.8627480000000105	epochs	-1.0
4041.265559710083	4.362799999999879	epochs	1.0
4041.265559710083	4.356753900000058	epochs	-1.0
4041.265559710083	1.9745871999998599	epochs	2.0
4041.265559710083	1.0985622000002877	epochs	3.0
4042.364121910083	0.8760249999995722	epochs	3.0
4043.240146910083	1.3524075000000266	epochs	2.0
4043.240146910083	0.7286355000001095	epochs	3.0
4043.968782410083	0.6237719999999172	epochs	3.0
4044.592554410083	1.0297592000001714	epochs	2.0
4044.592554410083	0.5453293000000485	epochs	3.0
4045.137883710083	0.48442990000012287	epochs	3.0
4045.622313610083	0.006046099999821308	epochs	2.0
4045.622313610083	0.006046099999821308	epochs	3.0
4045.628359710083	16.637120000000323	epochs	0.0
4046.776000022888	0.13655999999991764	epochs	0.0
4046.776000022888	0.06328190000022005	epochs	1.0
4046.8392819228884	0.009996199999932287	epochs	1.0
4046.8492781228883	0.0632818999997653	epochs	1.0
4046.912560022888	2.0	epochs	0.0
4048.912560022888	21.52368000000024	epochs	0.0
4048.912560022888	1.0	epochs	1.0
4048.912612022888	0.5	epochs	-1.0
4049.412612022888	19.996880000000147	epochs	-1.0
4049.912560022888	20.0	epochs	1.0
4049.912560022888	4.356753900000058	epochs	-1.0
4049.912560022888	1.9745871999998599	epochs	2.0
4049.912560022888	1.0985622000002877	epochs	3.0
4051.0111222228884	0.8760249999995722	epochs	3.0
4051.887147222888	1.3524075000000266	epochs	2.0
4051.887147222888	0.7286355000001095	epochs	3.0
4052.615782722888	0.6237719999999172	epochs	3.0
4053.239554722888	1.0297592000001714	epochs	2.0
4053.239554722888	0.5453293000000485	epochs	3.0
4053.784884022888	0.48442990000012287	epochs	3.0
4054.269313922888	0.8317861999998968	epochs	2.0
4054.269313922888	0.4357762999998158	epochs	3.0
4054.705090222888	0.39600990000008096	epochs	3.0
4055.101100122888	0.6977970000002642	epochs	2.0
4055.101100122888	0.3628982000000178	epochs	3.0
4055.463998322888	0.3348988000002464	epochs	3.0
4055.7988971228883	0.6010456999997587	epochs	2.0
4055.7988971228883	0.3109122999999272	epochs	3.0
4056.1098094228882	0.29013339999983145	epochs	3.0
4056.399942822888	0.5278859000000011	epochs	2.0
4056.399942822888	0.27195860000028915	epochs	3.0
4056.6719014228884	0.255927299999712	epochs	3.0
4056.927828722888	0.4706193000001804	epochs	2.0
4056.927828722888	0.241681299999982	epochs	3.0
4057.169510022888	0.22893800000019837	epochs	3.0
4057.3984480228883	0.42457039999999324	epochs	2.0
4057.3984480228883	0.2174713999997948	epochs	3.0
4057.615919422888	0.20709900000019843	epochs	3.0
4057.8230184228883	0.3867353999999068	epochs	2.0
4057.8230184228883	0.1976710999997522	epochs	3.0
4058.020689522888	0.18906430000015462	epochs	3.0
4058.209753822888	0.35509529999990264	epochs	2.0
4058.209753822888	0.18117590000019845	epochs	3.0
4058.3909297228884	0.17391939999970418	epochs	3.0
4058.564849122888	0.32824310000023615	epochs	2.0
4058.564849122888	0.167221900000186	epochs	3.0
4058.7320710228882	0.16102120000005016	epochs	3.0
4058.8930922228883	0.3051679999998669	epochs	2.0
4058.8930922228883	0.1552638999996816	epochs	3.0
4059.048356122888	0.14990410000018528	epochs	3.0
4059.198260222888	0.28512529999989056	epochs	2.0
4059.198260222888	0.14490209999985382	epochs	3.0
4059.343162322888	0.14022320000003674	epochs	3.0
4059.483385522888	0.26755380000031437	epochs	2.0
4059.483385522888	0.1358368999999584	epochs	3.0
4059.619222422888	0.13171690000035596	epochs	3.0
4059.7509393228884	0.2520228999997016	epochs	2.0
4059.7509393228884	0.12783929999977772	epochs	3.0
4059.878778622888	0.1241835999999239	epochs	3.0
4060.002962222888	0.23819649999995818	epochs	2.0
4060.002962222888	0.12073110000028464	epochs	3.0
4060.1236933228884	0.11746539999967354	epochs	3.0
4060.241158722888	0.22580880000032266	epochs	2.0
4060.241158722888	0.11437190000015107	epochs	3.0
4060.355530622888	0.11143690000017159	epochs	3.0
4060.4669675228884	0.21464599999990241	epochs	2.0
4060.4669675228884	0.10864889999993466	epochs	3.0
4060.5756164228883	0.10599709999996776	epochs	3.0
4060.6816135228883	0.2045349999998507	epochs	2.0
4060.6816135228883	0.10347150000006877	epochs	3.0
4060.7850850228883	0.10106349999978192	epochs	3.0
4060.886148522888	0.19533400000000256	epochs	2.0
4060.886148522888	0.09876510000003691	epochs	3.0
4060.984913622888	0.09656889999996565	epochs	3.0
4061.081482522888	0.18692529999998442	epochs	2.0
4061.081482522888	0.0944683000002442	epochs	3.0
4061.1759508228884	0.09245699999974022	epochs	3.0
4061.268407822888	0.1792107000001124	epochs	2.0
4061.268407822888	0.0905296000000817	epochs	3.0
4061.358937422888	0.08868110000003071	epochs	3.0
4061.447618522888	0.17210770000019693	epochs	2.0
4061.447618522888	0.08690630000000965	epochs	3.0
4061.534524822888	0.08520140000018728	epochs	3.0
4061.6197262228884	0.16554639999958454	epochs	2.0
4061.6197262228884	0.08356189999994967	epochs	3.0
4061.7032881228884	0.08198449999963486	epochs	3.0
4061.785272622888	0.15946710000025632	epochs	2.0
4061.785272622888	0.0804654000003211	epochs	3.0
4061.8657380228883	0.07900169999993523	epochs	3.0
4061.9447397228882	0.15381840000009106	epochs	2.0
4061.9447397228882	0.07759009999972477	epochs	3.0
4062.022329822888	0.07622830000036629	epochs	3.0
4062.0985581228883	0.14855639999996129	epochs	2.0
4062.0985581228883	0.07491329999993468	epochs	3.0
4062.1734714228883	0.0736431000000266	epochs	3.0
4062.2471145228883	0.1436423999998624	epochs	2.0
4062.2471145228883	0.07241500000009182	epochs	3.0
4062.3195295228884	0.07122739999977057	epochs	3.0
4062.390756922888	0.13904309999998077	epochs	2.0
4062.390756922888	0.07007800000019415	epochs	3.0
4062.4608349228884	0.06896509999978662	epochs	3.0
4062.529800022888	0.13472929999988992	epochs	2.0
4062.529800022888	0.0678871000000072	epochs	3.0
4062.597687122888	0.06684219999988272	epochs	3.0
4062.664529322888	0.1306752000000415	epochs	2.0
4062.664529322888	0.06582909999997355	epochs	3.0
4062.730358422888	0.06484610000006796	epochs	3.0
4062.795204522888	0.1268577999999252	epochs	2.0
4062.795204522888	0.06389200000012352	epochs	3.0
4062.859096522888	0.06296579999980167	epochs	3.0
4062.922062322888	0.1232572000003529	epochs	2.0
4062.922062322888	0.06206580000025497	epochs	3.0
4062.9841281228883	0.06119140000009793	epochs	3.0
4063.0453195228883	0.11985539999977846	epochs	2.0
4063.0453195228883	0.06034109999973225	epochs	3.0
4063.105660622888	0.059514300000046205	epochs	3.0
4063.165174922888	0.1166361999999026	epochs	2.0
4063.165174922888	0.058709599999929196	epochs	3.0
4063.223884522888	0.057926599999973405	epochs	3.0
4063.281811122888	0.11358560000007856	epochs	2.0
4063.281811122888	0.05716419999998834	epochs	3.0
4063.338975322888	0.056421400000090216	epochs	3.0
4063.395396722888	0.11069050000014613	epochs	2.0
4063.395396722888	0.05569790000026842	epochs	3.0
4063.4510946228884	0.05499259999987771	epochs	3.0
4063.5060872228883	0.10793909999983953	epochs	2.0
4063.5060872228883	0.054304899999806366	epochs	3.0
4063.560392122888	0.05363420000003316	epochs	3.0
4063.614026322888	0.10532150000017282	epochs	2.0
4063.614026322888	0.05297999999993408	epochs	3.0
4063.667006322888	0.05234150000023874	epochs	3.0
4063.7193478228883	0.10282759999972768	epochs	2.0
4063.7193478228883	0.05171810000001642	epochs	3.0
4063.7710659228883	0.05110949999971126	epochs	3.0
4063.822175422888	0.10044910000033269	epochs	2.0
4063.822175422888	0.050514900000052876	epochs	3.0
4063.872690322888	0.049934200000279816	epochs	3.0
4063.9226245228883	0.09817829999974492	epochs	2.0
4063.9226245228883	0.049366599999757454	epochs	3.0
4063.971991122888	0.04881169999998747	epochs	3.0
4064.020802822888	0.09600780000027953	epochs	2.0
4064.020802822888	0.04826920000004975	epochs	3.0
4064.069072022888	0.04773860000022978	epochs	3.0
4064.1168106228884	0.09393120000004274	epochs	2.0
4064.1168106228884	0.0472194999997555	epochs	3.0
4064.164030122888	0.04671170000028724	epochs	3.0
4064.2107418228884	0.09194259999958376	epochs	2.0
4064.2107418228884	0.046214599999984785	epochs	3.0
4064.2569564228884	0.04572799999959898	epochs	3.0
4064.302684422888	0.09003630000006524	epochs	2.0
4064.302684422888	0.04525150000017675	epochs	3.0
4064.347935922888	0.04478479999988849	epochs	3.0
4064.392720722888	0.08820760000025984	epochs	2.0
4064.392720722888	0.0443278000002465	epochs	3.0
4064.4370485228883	0.04387980000001335	epochs	3.0
4064.4809283228883	0.0864516999999978	epochs	2.0
4064.4809283228883	0.04344099999980244	epochs	3.0
4064.524369322888	0.04301070000019536	epochs	3.0
4064.5673800228883	0.08476429999973334	epochs	2.0
4064.5673800228883	0.0425889999996798	epochs	3.0
4064.609969022888	0.04217530000005354	epochs	3.0
4064.652144322888	0.08314150000023801	epochs	2.0
4064.652144322888	0.041769700000259036	epochs	3.0
4064.6939140228883	0.041371799999978975	epochs	3.0
4064.7352858228883	0.08157970000002024	epochs	2.0
4064.7352858228883	0.040981399999964196	epochs	3.0
4064.7762672228882	0.04059830000005604	epochs	3.0
4064.8168655228883	0.08007550000002084	epochs	2.0
4064.8168655228883	0.040222300000095856	epochs	3.0
4064.8570878228884	0.03985319999992498	epochs	3.0
4064.8969410228883	0.07862569999997504	epochs	2.0
4064.8969410228883	0.03949079999983951	epochs	3.0
4064.936431822888	0.03913490000013553	epochs	3.0
4064.9755667228883	0.07722759999978734	epochs	2.0
4064.9755667228883	0.038785400000051595	epochs	3.0
4065.0143521228883	0.03844219999973575	epochs	3.0
4065.052794322888	0.07587820000026113	epochs	2.0
4065.052794322888	0.03810479999992822	epochs	3.0
4065.090899122888	0.03777340000033291	epochs	3.0
4065.1286725228883	0.07457519999979922	epochs	2.0
4065.1286725228883	0.03744770000002973	epochs	3.0
4065.1661202228884	0.0371274999997695	epochs	3.0
4065.203247722888	0.07331629999998768	epochs	2.0
4065.203247722888	0.03681289999985893	epochs	3.0
4065.240060622888	0.03650340000012875	epochs	3.0
4065.276564022888	0.07209899999998015	epochs	2.0
4065.276564022888	0.03619909999997617	epochs	3.0
4065.312763122888	0.03589990000000398	epochs	3.0
4065.348663022888	0.07092169999987163	epochs	2.0
4065.348663022888	0.03560560000005353	epochs	3.0
4065.384268622888	0.03531609999981811	epochs	3.0
4065.419584722888	0.06978200000003199	epochs	2.0
4065.419584722888	0.03503120000004856	epochs	3.0
4065.454615922888	0.03475079999998343	epochs	3.0
4065.489366722888	0.06867860000011206	epochs	2.0
4065.489366722888	0.034475100000236125	epochs	3.0
4065.5238418228882	0.03420349999987593	epochs	3.0
4065.558045322888	0.06760930000018561	epochs	2.0
4065.558045322888	0.033936199999970995	epochs	3.0
4065.591981522888	0.03367310000021462	epochs	3.0
4065.6256546228883	0.06657289999975546	epochs	2.0
4065.6256546228883	0.03341399999999339	epochs	3.0
4065.6590686228883	0.03315889999976207	epochs	3.0
4065.692227522888	0.06556780000028084	epochs	2.0
4065.692227522888	0.03290770000012344	epochs	3.0
4065.725135222888	0.0326601000001574	epochs	3.0
4065.7577953228883	0.06459259999974165	epochs	2.0
4065.7577953228883	0.03241639999987456	epochs	3.0
4065.790211722888	0.032176199999867094	epochs	3.0
4065.822387922888	0.06364600000006249	epochs	2.0
4065.822387922888	0.03193959999998697	epochs	3.0
4065.854327522888	0.03170640000007552	epochs	3.0
4065.886033922888	0.0627266999999847	epochs	2.0
4065.886033922888	0.03147660000013275	epochs	3.0
4065.9175105228883	0.031250099999851955	epochs	3.0
4065.948760622888	0.06183360000022731	epochs	2.0
4065.948760622888	0.031026900000142632	epochs	3.0
4065.9797875228883	0.030806700000084675	epochs	3.0
4066.0105942228884	0.06096559999969031	epochs	2.0
4066.0105942228884	0.030589799999688694	epochs	3.0
4066.041184022888	0.030375800000001618	epochs	3.0
4066.071559822888	0.06012160000000222	epochs	2.0
4066.071559822888	0.03016490000027261	epochs	3.0
4066.1017247228883	0.029956699999729608	epochs	3.0
4066.131681422888	0.059300700000221696	epochs	2.0
4066.131681422888	0.029751600000054168	epochs	3.0
4066.161433022888	0.029549100000167527	epochs	3.0
4066.1909821228883	0.05850179999970351	epochs	2.0
4066.1909821228883	0.029349399999773595	epochs	3.0
4066.220331522888	0.029152399999929912	epochs	3.0
4066.249483922888	0.057724200000393466	epochs	2.0
4066.249483922888	0.028958000000329776	epochs	3.0
4066.2784419228883	0.02876620000006369	epochs	3.0
4066.3072081228884	0.056967099999837956	epochs	2.0
4066.3072081228884	0.028577000000041153	epochs	3.0
4066.3357851228884	0.028390099999796803	epochs	3.0
4066.364175222888	0.05622949999997218	epochs	2.0
4066.364175222888	0.028205699999944045	epochs	3.0
4066.392380922888	0.028023800000028132	epochs	3.0
4066.420404722888	0.05551070000001346	epochs	2.0
4066.420404722888	0.027844000000186497	epochs	3.0
4066.4482487228884	0.02766669999982696	epochs	3.0
4066.475915422888	0.05481019999979253	epochs	2.0
4066.475915422888	0.02749149999999645	epochs	3.0
4066.503406922888	0.02731869999979608	epochs	3.0
4066.530725622888	0.0541270000003351	epochs	2.0
4066.530725622888	0.02714780000042083	epochs	3.0
4066.5578734228884	0.026979199999914272	epochs	3.0
4066.5848526228883	0.053460699999959616	epochs	2.0
4066.5848526228883	0.026812600000084785	epochs	3.0
4066.6116652228884	0.02664809999987483	epochs	3.0
4066.6383133228883	0.05281070000000909	epochs	2.0
4066.6383133228883	0.0264855999998872	epochs	3.0
4066.664798922888	0.026325100000121893	epochs	3.0
4066.6911240228883	0.052176199999848905	epochs	2.0
4066.6911240228883	0.026166399999965506	epochs	3.0
4066.7172904228883	0.0260097999998834	epochs	3.0
4066.743300222888	0.05155670000021928	epochs	2.0
4066.743300222888	0.02585480000016105	epochs	3.0
4066.7691550228883	0.02570190000005823	epochs	3.0
4066.7948569228884	0.050951899999745365	epochs	2.0
4066.7948569228884	0.02555069999971238	epochs	3.0
4066.820407622888	0.025401200000032986	epochs	3.0
4066.845808822888	0.05036100000006627	epochs	2.0
4066.845808822888	0.025253499999962514	epochs	3.0
4066.871062322888	0.025107500000103755	epochs	3.0
4066.896169822888	0.04978380000011384	epochs	2.0
4066.896169822888	0.02496320000000196	epochs	3.0
4066.921133022888	0.02482060000011188	epochs	3.0
4066.9459536228883	0.049219499999708205	epochs	2.0
4066.9459536228883	0.024679399999968155	epochs	3.0
4066.9706330228883	0.02454009999974005	epochs	3.0
4066.995173122888	0.04866790000005494	epochs	2.0
4066.995173122888	0.02440210000031584	epochs	3.0
4067.0195752228883	0.0242657999997391	epochs	3.0
4067.043841022888	0.048128599999927246	epochs	2.0
4067.043841022888	0.024131000000124914	epochs	3.0
4067.067972022888	0.023997599999802333	epochs	3.0
4067.091969622888	0.047601100000065344	epochs	2.0
4067.091969622888	0.023865800000294257	epochs	3.0
4067.1158354228883	0.023735299999771087	epochs	3.0
4067.139570722888	0.04708500000015192	epochs	2.0
4067.139570722888	0.023606300000210467	epochs	3.0
4067.1631770228882	0.023478699999941455	epochs	3.0
4067.186655722888	0.04658000000017637	epochs	2.0
4067.186655722888	0.023352499999873544	epochs	3.0
4067.210008222888	0.023227500000302825	epochs	3.0
4067.2332357228884	0.04608569999982137	epochs	2.0
4067.2332357228884	0.02310399999987567	epochs	3.0
4067.2563397228882	0.022981699999945704	epochs	3.0
4067.279321422888	0.045601799999985815	epochs	2.0
4067.279321422888	0.02286069999991014	epochs	3.0
4067.302182122888	0.022741100000075676	epochs	3.0
4067.324923222888	0.045127899999897636	epochs	2.0
4067.324923222888	0.022622500000125	epochs	3.0
4067.3475457228883	0.022505399999772635	epochs	3.0
4067.370051122888	0.044663800000307674	epochs	2.0
4067.370051122888	0.022389300000213552	epochs	3.0
4067.3924404228883	0.022274500000094122	epochs	3.0
4067.4147149228884	0.044209199999841076	epochs	2.0
4067.4147149228884	0.022160799999710434	epochs	3.0
4067.436875722888	0.02204840000013064	epochs	3.0
4067.458924122888	0.04376360000014756	epochs	2.0
4067.458924122888	0.021936900000127935	epochs	3.0
4067.4808610228883	0.021826700000019628	epochs	3.0
4067.5026877228884	0.043327099999714846	epochs	2.0
4067.5026877228884	0.021717599999647064	epochs	3.0
4067.524405322888	0.021609500000067783	epochs	3.0
4067.546014822888	0.04289900000003399	epochs	2.0
4067.546014822888	0.021502500000224245	epochs	3.0
4067.5675173228883	0.021396499999809748	epochs	3.0
4067.588913822888	0.04247949999989942	epochs	2.0
4067.588913822888	0.021291699999892444	epochs	3.0
4067.610205522888	0.021187800000006973	epochs	3.0
4067.631393322888	0.042067900000347436	epochs	2.0
4067.631393322888	0.02108490000000529	epochs	3.0
4067.652478222888	0.020983000000342145	epochs	3.0
4067.6734612228884	0.041664399999717716	epochs	2.0
4067.6734612228884	0.020882199999959994	epochs	3.0
4067.6943434228883	0.020782199999757722	epochs	3.0
4067.715125622888	0.04126850000011473	epochs	2.0
4067.715125622888	0.02068330000020069	epochs	3.0
4067.7358089228883	0.02058519999991404	epochs	3.0
4067.756394122888	0.04088000000001557	epochs	2.0
4067.756394122888	0.020488099999965925	epochs	3.0
4067.776882222888	0.020391900000049645	epochs	3.0
4067.797274122888	0.04049880000002304	epochs	2.0
4067.797274122888	0.0202966000001652	epochs	3.0
4067.8175707228884	0.02020219999985784	epochs	3.0
4067.8377729228882	0.04012460000012652	epochs	2.0
4067.8377729228882	0.02010870000003706	epochs	3.0
4067.8578816228883	0.02001590000008946	epochs	3.0
4067.8778975228884	0.03975730000001931	epochs	2.0
4067.8778975228884	0.0199241999998776	epochs	3.0
4067.8978217228882	0.019833100000141712	epochs	3.0
4067.9176548228884	0.03939669999999751	epochs	2.0
4067.9176548228884	0.019742999999834865	epochs	3.0
4067.937397822888	0.019653700000162644	epochs	3.0
4067.9570515228884	0.03904239999974379	epochs	2.0
4067.9570515228884	0.019565099999908853	epochs	3.0
4067.9766166228883	0.01947729999983494	epochs	3.0
4067.996093922888	0.03869459999987157	epochs	2.0
4067.996093922888	0.01939040000024761	epochs	3.0
4068.0154843228884	0.01930419999962396	epochs	3.0
4068.034788522888	0.03835290000006353	epochs	2.0
4068.034788522888	0.019218800000089686	epochs	3.0
4068.054007322888	0.01913409999997384	epochs	3.0
4068.073141422888	0.03801720000001296	epochs	2.0
4068.073141422888	0.019050200000037876	epochs	3.0
4068.092191622888	0.018966999999975087	epochs	3.0
4068.111158622888	0.03768720000016401	epochs	2.0
4068.111158622888	0.018884500000240223	epochs	3.0
4068.1300431228883	0.01880269999992379	epochs	3.0
4068.1488458228882	0.037363099999765836	epochs	2.0
4068.1488458228882	0.018721699999787234	epochs	3.0
4068.167567522888	0.018641399999978603	epochs	3.0
4068.186208922888	0.037044300000161456	epochs	2.0
4068.186208922888	0.01856160000033924	epochs	3.0
4068.2047705228883	0.018482699999822216	epochs	3.0
4068.223253222888	0.036731000000145286	epochs	2.0
4068.223253222888	0.018404299999929208	epochs	3.0
4068.241657522888	0.01832670000021608	epochs	3.0
4068.2599842228883	0.036422899999706715	epochs	2.0
4068.2599842228883	0.018249599999762722	epochs	3.0
4068.278233822888	0.018173299999943993	epochs	3.0
4068.296407122888	0.03612010000006194	epochs	2.0
4068.296407122888	0.018097600000146485	epochs	3.0
4068.314504722888	0.018022499999915453	epochs	3.0
4068.332527222888	0.035822100000132195	epochs	2.0
4068.332527222888	0.017947900000308437	epochs	3.0
4068.3504751228884	0.01787419999982376	epochs	3.0
4068.368349322888	0.03552899999976944	epochs	2.0
4068.368349322888	0.01780079999980444	epochs	3.0
4068.386150122888	0.017728199999965	epochs	3.0
4068.403878322888	0.03524070000003121	epochs	2.0
4068.403878322888	0.017656100000294828	epochs	3.0
4068.4215344228883	0.017584599999736383	epochs	3.0
4068.439119022888	0.03495710000015606	epochs	2.0
4068.439119022888	0.017513700000108656	epochs	3.0
4068.456632722888	0.017443400000047404	epochs	3.0
4068.474076122888	0.03467790000013338	epochs	2.0
4068.474076122888	0.01737360000015542	epochs	3.0
4068.4914497228883	0.017304299999977957	epochs	3.0
4068.5087540228883	0.03440329999966707	epochs	2.0
4068.5087540228883	0.01723569999967367	epochs	3.0
4068.525989722888	0.0171675999999934	epochs	3.0
4068.543157322888	0.03413280000040686	epochs	2.0
4068.543157322888	0.017099900000175694	epochs	3.0
4068.560257222888	0.017032900000231166	epochs	3.0
4068.5772901228884	0.033866699999634875	epochs	2.0
4068.5772901228884	0.01696640000000116	epochs	3.0
4068.5942565228884	0.016900299999633717	epochs	3.0
4068.611156822888	0.03360460000021703	epochs	2.0
4068.611156822888	0.016834800000196992	epochs	3.0
4068.627991622888	0.01676980000002004	epochs	3.0
4068.644761422888	0.0333466000001863	epochs	2.0
4068.644761422888	0.016705300000012357	epochs	3.0
4068.6614667228882	0.016641300000173942	epochs	3.0
4068.6781080228884	0.033092499999838765	epochs	2.0
4068.6781080228884	0.0165777999995953	epochs	3.0
4068.694685822888	0.016514700000243465	epochs	3.0
4068.7112005228882	0.032842300000083924	epochs	2.0
4068.7112005228882	0.01645220000000336	epochs	3.0
4068.7276527228883	0.016390100000080565	epochs	3.0
4068.7440428228883	0.03259570000000167	epochs	2.0
4068.7440428228883	0.016328400000020338	epochs	3.0
4068.7603712228884	0.016267299999981333	epochs	3.0
4068.7766385228883	0.03235289999975066	epochs	2.0
4068.7766385228883	0.016206599999804894	epochs	3.0
4068.792845122888	0.016146299999945768	epochs	3.0
4068.808991422888	0.032113700000081735	epochs	2.0
4068.808991422888	0.016086600000107865	epochs	3.0
4068.825078022888	0.01602709999997387	epochs	3.0
4068.841105122888	0.03187800000023344	epochs	2.0
4068.841105122888	0.0159681999998611	epochs	3.0
4068.857073322888	0.015909800000372343	epochs	3.0
4068.8729831228884	0.03164569999989908	epochs	2.0
4068.8729831228884	0.015851599999678	epochs	3.0
4068.888834722888	0.01579410000022108	epochs	3.0
4068.9046288228883	0.03141669999968144	epochs	2.0
4068.9046288228883	0.015736699999706616	epochs	3.0
4068.920365522888	0.015679999999974825	epochs	3.0
4068.936045522888	0.031191100000341976	epochs	2.0
4068.936045522888	0.015623600000253646	epochs	3.0
4068.9516691228882	0.01556750000008833	epochs	3.0
4068.9672366228883	0.030968699999903038	epochs	2.0
4068.9672366228883	0.015511999999944237	epochs	3.0
4068.9827486228883	0.0154566999999588	epochs	3.0
4068.998205322888	0.030749500000183616	epochs	2.0
4068.998205322888	0.015401999999994587	epochs	3.0
4069.013607322888	0.01534750000018903	epochs	3.0
4069.0289548228884	0.030533199999808858	epochs	2.0
4069.0289548228884	0.01529339999979129	epochs	3.0
4069.044248222888	0.015239800000017567	epochs	3.0
4069.059488022888	0.030320100000153616	epochs	2.0
4069.059488022888	0.015186499999799707	epochs	3.0
4069.074674522888	0.015133600000353908	epochs	3.0
4069.0898081228884	0.030109899999843037	epochs	2.0
4069.0898081228884	0.015081000000009226	epochs	3.0
4069.1048891228884	0.015028899999833811	epochs	3.0
4069.119918022888	0.029902499999934662	epochs	2.0
4069.119918022888	0.014976999999817053	epochs	3.0
4069.134895022888	0.014925500000117609	epochs	3.0
4069.149820522888	0.0296981000001324	epochs	2.0
4069.149820522888	0.014874399999825982	epochs	3.0
4069.164694922888	0.014823700000306417	epochs	3.0
4069.1795186228883	0.029496300000118936	epochs	2.0
4069.1795186228883	0.014773200000036013	epochs	3.0
4069.1942918228883	0.014723100000082923	epochs	3.0
4069.2090149228884	0.029297399999904883	epochs	2.0
4069.2090149228884	0.014673399999992398	epochs	3.0
4069.2236883228884	0.014623999999912485	epochs	3.0
4069.2383123228883	0.029101099999934377	epochs	2.0
4069.2383123228883	0.014574899999843183	epochs	3.0
4069.252887222888	0.014526200000091194	epochs	3.0
4069.2674134228882	0.02890739999975267	epochs	2.0
4069.2674134228882	0.014477700000043114	epochs	3.0
4069.2818911228883	0.014429699999709555	epochs	3.0
4069.296320822888	0.028716199999962555	epochs	2.0
4069.296320822888	0.014381800000137446	epochs	3.0
4069.310702622888	0.01433439999982511	epochs	3.0
4069.325037022888	0.028527600000415987	epochs	2.0
4069.325037022888	0.014287200000126177	epochs	3.0
4069.339324222888	0.01424040000028981	epochs	3.0
4069.3535646228884	0.028341399999590067	epochs	2.0
4069.3535646228884	0.014193799999702605	epochs	3.0
4069.367758422888	0.014147599999887461	epochs	3.0
4069.381906022888	0.028157700000065233	epochs	2.0
4069.381906022888	0.014101700000082928	epochs	3.0
4069.396007722888	0.014055999999982305	epochs	3.0
4069.410063722888	0.027976300000318588	epochs	2.0
4069.410063722888	0.01401060000034704	epochs	3.0
4069.4240743228884	0.013965699999971548	epochs	3.0
4069.4380400228883	0.027797199999895383	epochs	2.0
4069.4380400228883	0.013920800000050804	epochs	3.0
4069.4519608228884	0.01387639999984458	epochs	3.0
4069.4658372228882	0.02762040000015986	epochs	2.0
4069.4658372228882	0.013832199999797012	epochs	3.0
4069.479669422888	0.013788200000362849	epochs	3.0
4069.4934576228884	0.02744589999974778	epochs	2.0
4069.4934576228884	0.013744599999881757	epochs	3.0
4069.5072022228883	0.013701299999866023	epochs	3.0
4069.520903522888	0.027273499999864725	epochs	2.0
4069.520903522888	0.013658200000008947	epochs	3.0
4069.534561722888	0.013615299999855779	epochs	3.0
4069.548177022888	0.027103400000214606	epochs	2.0
4069.548177022888	0.013572800000019924	epochs	3.0
4069.561749822888	0.013530600000194681	epochs	3.0
4069.575280422888	0.02693520000002536	epochs	2.0
4069.575280422888	0.01348839999991469	epochs	3.0
4069.588768822888	0.01344680000011067	epochs	3.0
4069.6022156228883	0.02676919999976235	epochs	2.0
4069.6022156228883	0.013405199999851902	epochs	3.0
4069.615620822888	0.013363999999910448	epochs	3.0
4069.628984822888	0.02660520000017641	epochs	2.0
4069.628984822888	0.013322900000275695	epochs	3.0
4069.6423077228883	0.013282299999900715	epochs	3.0
4069.655590022888	0.0264431999999033	epochs	2.0
4069.655590022888	0.013241699999980483	epochs	3.0
4069.668831722888	0.013201499999922817	epochs	3.0
4069.682033222888	0.02628320000030726	epochs	2.0
4069.682033222888	0.013161500000023807	epochs	3.0
4069.695194722888	0.013121700000283454	epochs	3.0
4069.7083164228884	0.026124999999865395	epochs	2.0
4069.7083164228884	0.013082099999792263	epochs	3.0
4069.721398522888	0.013042900000073132	epochs	3.0
4069.7344414228883	0.025968899999952555	epochs	2.0
4069.7344414228883	0.01300390000005791	epochs	3.0
4069.7474453228883	0.012964999999894644	epochs	3.0
4069.760410322888	0.02581449999979668	epochs	2.0
4069.760410322888	0.012926399999741989	epochs	3.0
4069.773336722888	0.012888100000054692	epochs	3.0
4069.786224822888	0.02566190000015922	epochs	2.0
4069.786224822888	0.01284990000021935	epochs	3.0
4069.7990747228882	0.012811999999939871	epochs	3.0
4069.811886722888	0.025511199999982637	epochs	2.0
4069.811886722888	0.012774400000125752	epochs	3.0
4069.8246611228883	0.012736799999856885	epochs	3.0
4069.837397922888	0.02536229999986972	epochs	2.0
4069.837397922888	0.012699700000212033	epochs	3.0
4069.8500976228884	0.012662599999657687	epochs	3.0
4069.862760222888	0.02521500000011656	epochs	2.0
4069.862760222888	0.012625800000023446	epochs	3.0
4069.875386022888	0.012589200000093115	epochs	3.0
4069.887975222888	0.024584799999956886	epochs	2.0
4069.909492022888	0.5	epochs	-1.0
4069.912560022888	0.5236800000002404	epochs	1.0
4070.4362400228883	0.4762399999999616	epochs	0.0
4071.583999633789	0.13655999999991764	epochs	0.0
4071.583999633789	0.06328190000022005	epochs	1.0
4071.6472815337893	0.009996199999932287	epochs	1.0
4071.657277733789	0.0632818999997653	epochs	1.0
4071.720559633789	2.0	epochs	0.0
4073.720559633789	21.999920000000202	epochs	0.0
4073.720559633789	1.0	epochs	1.0
4073.720611633789	0.5	epochs	-1.0
4074.220611633789	19.996880000000147	epochs	-1.0
4074.720559633789	20.0	epochs	1.0
4074.720559633789	4.356753900000058	epochs	-1.0
4074.720559633789	1.9745871999998599	epochs	2.0
4074.720559633789	1.0985622000002877	epochs	3.0
4075.8191218337893	0.8760249999995722	epochs	3.0
4076.695146833789	1.3524075000000266	epochs	2.0
4076.695146833789	0.7286355000001095	epochs	3.0
4077.423782333789	0.6237719999999172	epochs	3.0
4078.047554333789	1.0297592000001714	epochs	2.0
4078.047554333789	0.5453293000000485	epochs	3.0
4078.592883633789	0.48442990000012287	epochs	3.0
4079.077313533789	0.8317861999998968	epochs	2.0
4079.077313533789	0.4357762999998158	epochs	3.0
4079.513089833789	0.39600990000008096	epochs	3.0
4079.909099733789	0.6977970000002642	epochs	2.0
4079.909099733789	0.3628982000000178	epochs	3.0
4080.271997933789	0.3348988000002464	epochs	3.0
4080.606896733789	0.6010456999997587	epochs	2.0
4080.606896733789	0.3109122999999272	epochs	3.0
4080.917809033789	0.29013339999983145	epochs	3.0
4081.207942433789	0.5278859000000011	epochs	2.0
4081.207942433789	0.27195860000028915	epochs	3.0
4081.4799010337892	0.255927299999712	epochs	3.0
4081.735828333789	0.4706193000001804	epochs	2.0
4081.735828333789	0.241681299999982	epochs	3.0
4081.977509633789	0.22893800000019837	epochs	3.0
4082.206447633789	0.42457039999999324	epochs	2.0
4082.206447633789	0.2174713999997948	epochs	3.0
4082.423919033789	0.20709900000019843	epochs	3.0
4082.631018033789	0.3867353999999068	epochs	2.0
4082.631018033789	0.1976710999997522	epochs	3.0
4082.828689133789	0.18906430000015462	epochs	3.0
4083.017753433789	0.35509529999990264	epochs	2.0
4083.017753433789	0.18117590000019845	epochs	3.0
4083.1989293337892	0.17391939999970418	epochs	3.0
4083.372848733789	0.32824310000023615	epochs	2.0
4083.372848733789	0.167221900000186	epochs	3.0
4083.540070633789	0.16102120000005016	epochs	3.0
4083.701091833789	0.3051679999998669	epochs	2.0
4083.701091833789	0.1552638999996816	epochs	3.0
4083.856355733789	0.14990410000018528	epochs	3.0
4084.006259833789	0.28512529999989056	epochs	2.0
4084.006259833789	0.14490209999985382	epochs	3.0
4084.151161933789	0.14022320000003674	epochs	3.0
4084.291385133789	0.26755380000031437	epochs	2.0
4084.291385133789	0.1358368999999584	epochs	3.0
4084.427222033789	0.13171690000035596	epochs	3.0
4084.5589389337892	0.2520228999997016	epochs	2.0
4084.5589389337892	0.12783929999977772	epochs	3.0
4084.686778233789	0.1241835999999239	epochs	3.0
4084.810961833789	0.23819649999995818	epochs	2.0
4084.810961833789	0.12073110000028464	epochs	3.0
4084.9316929337892	0.11746539999967354	epochs	3.0
4085.049158333789	0.22580880000032266	epochs	2.0
4085.049158333789	0.11437190000015107	epochs	3.0
4085.163530233789	0.11143690000017159	epochs	3.0
4085.2749671337892	0.21464599999990241	epochs	2.0
4085.2749671337892	0.10864889999993466	epochs	3.0
4085.383616033789	0.10599709999996776	epochs	3.0
4085.489613133789	0.2045349999998507	epochs	2.0
4085.489613133789	0.10347150000006877	epochs	3.0
4085.593084633789	0.10106349999978192	epochs	3.0
4085.694148133789	0.19533400000000256	epochs	2.0
4085.694148133789	0.09876510000003691	epochs	3.0
4085.792913233789	0.09656889999996565	epochs	3.0
4085.889482133789	0.18692529999998442	epochs	2.0
4085.889482133789	0.0944683000002442	epochs	3.0
4085.9839504337892	0.09245699999974022	epochs	3.0
4086.076407433789	0.1792107000001124	epochs	2.0
4086.076407433789	0.0905296000000817	epochs	3.0
4086.166937033789	0.08868110000003071	epochs	3.0
4086.255618133789	0.17210770000019693	epochs	2.0
4086.255618133789	0.08690630000000965	epochs	3.0
4086.342524433789	0.08520140000018728	epochs	3.0
4086.4277258337893	0.16554639999958454	epochs	2.0
4086.4277258337893	0.08356189999994967	epochs	3.0
4086.5112877337892	0.08198449999963486	epochs	3.0
4086.593272233789	0.15946710000025632	epochs	2.0
4086.593272233789	0.0804654000003211	epochs	3.0
4086.673737633789	0.07900169999993523	epochs	3.0
4086.752739333789	0.15381840000009106	epochs	2.0
4086.752739333789	0.07759009999972477	epochs	3.0
4086.830329433789	0.07622830000036629	epochs	3.0
4086.906557733789	0.14855639999996129	epochs	2.0
4086.906557733789	0.07491329999993468	epochs	3.0
4086.981471033789	0.0736431000000266	epochs	3.0
4087.055114133789	0.1436423999998624	epochs	2.0
4087.055114133789	0.07241500000009182	epochs	3.0
4087.1275291337893	0.07122739999977057	epochs	3.0
4087.198756533789	0.13904309999998077	epochs	2.0
4087.198756533789	0.07007800000019415	epochs	3.0
4087.2688345337892	0.06896509999978662	epochs	3.0
4087.337799633789	0.13472929999988992	epochs	2.0
4087.337799633789	0.0678871000000072	epochs	3.0
4087.405686733789	0.06684219999988272	epochs	3.0
4087.472528933789	0.1306752000000415	epochs	2.0
4087.472528933789	0.06582909999997355	epochs	3.0
4087.538358033789	0.06484610000006796	epochs	3.0
4087.603204133789	0.1268577999999252	epochs	2.0
4087.603204133789	0.06389200000012352	epochs	3.0
4087.667096133789	0.06296579999980167	epochs	3.0
4087.730061933789	0.1232572000003529	epochs	2.0
4087.730061933789	0.06206580000025497	epochs	3.0
4087.792127733789	0.06119140000009793	epochs	3.0
4087.8533191337892	0.11985539999977846	epochs	2.0
4087.8533191337892	0.06034109999973225	epochs	3.0
4087.913660233789	0.059514300000046205	epochs	3.0
4087.973174533789	0.1166361999999026	epochs	2.0
4087.973174533789	0.058709599999929196	epochs	3.0
4088.031884133789	0.057926599999973405	epochs	3.0
4088.089810733789	0.11358560000007856	epochs	2.0
4088.089810733789	0.05716419999998834	epochs	3.0
4088.146974933789	0.056421400000090216	epochs	3.0
4088.203396333789	0.11069050000014613	epochs	2.0
4088.203396333789	0.05569790000026842	epochs	3.0
4088.2590942337893	0.05499259999987771	epochs	3.0
4088.314086833789	0.10793909999983953	epochs	2.0
4088.314086833789	0.054304899999806366	epochs	3.0
4088.368391733789	0.05363420000003316	epochs	3.0
4088.422025933789	0.10532150000017282	epochs	2.0
4088.422025933789	0.05297999999993408	epochs	3.0
4088.475005933789	0.05234150000023874	epochs	3.0
4088.527347433789	0.10282759999972768	epochs	2.0
4088.527347433789	0.05171810000001642	epochs	3.0
4088.579065533789	0.05110949999971126	epochs	3.0
4088.630175033789	0.10044910000033269	epochs	2.0
4088.630175033789	0.050514900000052876	epochs	3.0
4088.680689933789	0.049934200000279816	epochs	3.0
4088.730624133789	0.09817829999974492	epochs	2.0
4088.730624133789	0.049366599999757454	epochs	3.0
4088.779990733789	0.04881169999998747	epochs	3.0
4088.828802433789	0.09600780000027953	epochs	2.0
4088.828802433789	0.04826920000004975	epochs	3.0
4088.877071633789	0.04773860000022978	epochs	3.0
4088.9248102337892	0.09393120000004274	epochs	2.0
4088.9248102337892	0.0472194999997555	epochs	3.0
4088.972029733789	0.04671170000028724	epochs	3.0
4089.0187414337893	0.09194259999958376	epochs	2.0
4089.0187414337893	0.046214599999984785	epochs	3.0
4089.0649560337893	0.04572799999959898	epochs	3.0
4089.110684033789	0.09003630000006524	epochs	2.0
4089.110684033789	0.04525150000017675	epochs	3.0
4089.155935533789	0.04478479999988849	epochs	3.0
4089.200720333789	0.08820760000025984	epochs	2.0
4089.200720333789	0.0443278000002465	epochs	3.0
4089.245048133789	0.04387980000001335	epochs	3.0
4089.288927933789	0.0864516999999978	epochs	2.0
4089.288927933789	0.04344099999980244	epochs	3.0
4089.332368933789	0.04301070000019536	epochs	3.0
4089.375379633789	0.08476429999973334	epochs	2.0
4089.375379633789	0.0425889999996798	epochs	3.0
4089.417968633789	0.04217530000005354	epochs	3.0
4089.460143933789	0.08314150000023801	epochs	2.0
4089.460143933789	0.041769700000259036	epochs	3.0
4089.501913633789	0.041371799999978975	epochs	3.0
4089.543285433789	0.08157970000002024	epochs	2.0
4089.543285433789	0.040981399999964196	epochs	3.0
4089.584266833789	0.04059830000005604	epochs	3.0
4089.624865133789	0.08007550000002084	epochs	2.0
4089.624865133789	0.040222300000095856	epochs	3.0
4089.6650874337893	0.03985319999992498	epochs	3.0
4089.704940633789	0.07862569999997504	epochs	2.0
4089.704940633789	0.03949079999983951	epochs	3.0
4089.744431433789	0.03913490000013553	epochs	3.0
4089.783566333789	0.07722759999978734	epochs	2.0
4089.783566333789	0.038785400000051595	epochs	3.0
4089.822351733789	0.03844219999973575	epochs	3.0
4089.860793933789	0.07587820000026113	epochs	2.0
4089.860793933789	0.03810479999992822	epochs	3.0
4089.898898733789	0.03777340000033291	epochs	3.0
4089.936672133789	0.07457519999979922	epochs	2.0
4089.936672133789	0.03744770000002973	epochs	3.0
4089.9741198337892	0.0371274999997695	epochs	3.0
4090.011247333789	0.07331629999998768	epochs	2.0
4090.011247333789	0.03681289999985893	epochs	3.0
4090.048060233789	0.03650340000012875	epochs	3.0
4090.084563633789	0.07209899999998015	epochs	2.0
4090.084563633789	0.03619909999997617	epochs	3.0
4090.120762733789	0.03589990000000398	epochs	3.0
4090.156662633789	0.07092169999987163	epochs	2.0
4090.156662633789	0.03560560000005353	epochs	3.0
4090.192268233789	0.03531609999981811	epochs	3.0
4090.227584333789	0.06978200000003199	epochs	2.0
4090.227584333789	0.03503120000004856	epochs	3.0
4090.262615533789	0.03475079999998343	epochs	3.0
4090.297366333789	0.06867860000011206	epochs	2.0
4090.297366333789	0.034475100000236125	epochs	3.0
4090.331841433789	0.03420349999987593	epochs	3.0
4090.366044933789	0.06760930000018561	epochs	2.0
4090.366044933789	0.033936199999970995	epochs	3.0
4090.399981133789	0.03367310000021462	epochs	3.0
4090.433654233789	0.06657289999975546	epochs	2.0
4090.433654233789	0.03341399999999339	epochs	3.0
4090.467068233789	0.03315889999976207	epochs	3.0
4090.500227133789	0.06556780000028084	epochs	2.0
4090.500227133789	0.03290770000012344	epochs	3.0
4090.533134833789	0.0326601000001574	epochs	3.0
4090.565794933789	0.06459259999974165	epochs	2.0
4090.565794933789	0.03241639999987456	epochs	3.0
4090.598211333789	0.032176199999867094	epochs	3.0
4090.630387533789	0.06364600000006249	epochs	2.0
4090.630387533789	0.03193959999998697	epochs	3.0
4090.662327133789	0.03170640000007552	epochs	3.0
4090.694033533789	0.0627266999999847	epochs	2.0
4090.694033533789	0.03147660000013275	epochs	3.0
4090.725510133789	0.031250099999851955	epochs	3.0
4090.756760233789	0.06183360000022731	epochs	2.0
4090.756760233789	0.031026900000142632	epochs	3.0
4090.787787133789	0.030806700000084675	epochs	3.0
4090.8185938337892	0.06096559999969031	epochs	2.0
4090.8185938337892	0.030589799999688694	epochs	3.0
4090.849183633789	0.030375800000001618	epochs	3.0
4090.879559433789	0.06012160000000222	epochs	2.0
4090.879559433789	0.03016490000027261	epochs	3.0
4090.909724333789	0.029956699999729608	epochs	3.0
4090.939681033789	0.059300700000221696	epochs	2.0
4090.939681033789	0.029751600000054168	epochs	3.0
4090.969432633789	0.029549100000167527	epochs	3.0
4090.998981733789	0.05850179999970351	epochs	2.0
4090.998981733789	0.029349399999773595	epochs	3.0
4091.028331133789	0.029152399999929912	epochs	3.0
4091.057483533789	0.057724200000393466	epochs	2.0
4091.057483533789	0.028958000000329776	epochs	3.0
4091.086441533789	0.02876620000006369	epochs	3.0
4091.1152077337892	0.056967099999837956	epochs	2.0
4091.1152077337892	0.028577000000041153	epochs	3.0
4091.1437847337893	0.028390099999796803	epochs	3.0
4091.172174833789	0.05622949999997218	epochs	2.0
4091.172174833789	0.028205699999944045	epochs	3.0
4091.200380533789	0.028023800000028132	epochs	3.0
4091.228404333789	0.05551070000001346	epochs	2.0
4091.228404333789	0.027844000000186497	epochs	3.0
4091.2562483337892	0.02766669999982696	epochs	3.0
4091.283915033789	0.05481019999979253	epochs	2.0
4091.283915033789	0.02749149999999645	epochs	3.0
4091.311406533789	0.02731869999979608	epochs	3.0
4091.338725233789	0.0541270000003351	epochs	2.0
4091.338725233789	0.02714780000042083	epochs	3.0
4091.3658730337893	0.026979199999914272	epochs	3.0
4091.392852233789	0.053460699999959616	epochs	2.0
4091.392852233789	0.026812600000084785	epochs	3.0
4091.4196648337893	0.02664809999987483	epochs	3.0
4091.446312933789	0.05281070000000909	epochs	2.0
4091.446312933789	0.0264855999998872	epochs	3.0
4091.472798533789	0.026325100000121893	epochs	3.0
4091.499123633789	0.052176199999848905	epochs	2.0
4091.499123633789	0.026166399999965506	epochs	3.0
4091.525290033789	0.0260097999998834	epochs	3.0
4091.551299833789	0.05155670000021928	epochs	2.0
4091.551299833789	0.02585480000016105	epochs	3.0
4091.577154633789	0.02570190000005823	epochs	3.0
4091.6028565337892	0.050951899999745365	epochs	2.0
4091.6028565337892	0.02555069999971238	epochs	3.0
4091.628407233789	0.025401200000032986	epochs	3.0
4091.653808433789	0.05036100000006627	epochs	2.0
4091.653808433789	0.025253499999962514	epochs	3.0
4091.679061933789	0.025107500000103755	epochs	3.0
4091.704169433789	0.04978380000011384	epochs	2.0
4091.704169433789	0.02496320000000196	epochs	3.0
4091.729132633789	0.02482060000011188	epochs	3.0
4091.753953233789	0.049219499999708205	epochs	2.0
4091.753953233789	0.024679399999968155	epochs	3.0
4091.778632633789	0.02454009999974005	epochs	3.0
4091.803172733789	0.04866790000005494	epochs	2.0
4091.803172733789	0.02440210000031584	epochs	3.0
4091.827574833789	0.0242657999997391	epochs	3.0
4091.851840633789	0.048128599999927246	epochs	2.0
4091.851840633789	0.024131000000124914	epochs	3.0
4091.875971633789	0.023997599999802333	epochs	3.0
4091.899969233789	0.047601100000065344	epochs	2.0
4091.899969233789	0.023865800000294257	epochs	3.0
4091.923835033789	0.023735299999771087	epochs	3.0
4091.947570333789	0.04708500000015192	epochs	2.0
4091.947570333789	0.023606300000210467	epochs	3.0
4091.971176633789	0.023478699999941455	epochs	3.0
4091.994655333789	0.04658000000017637	epochs	2.0
4091.994655333789	0.023352499999873544	epochs	3.0
4092.018007833789	0.023227500000302825	epochs	3.0
4092.0412353337892	0.04608569999982137	epochs	2.0
4092.0412353337892	0.02310399999987567	epochs	3.0
4092.064339333789	0.022981699999945704	epochs	3.0
4092.087321033789	0.045601799999985815	epochs	2.0
4092.087321033789	0.02286069999991014	epochs	3.0
4092.110181733789	0.022741100000075676	epochs	3.0
4092.132922833789	0.045127899999897636	epochs	2.0
4092.132922833789	0.022622500000125	epochs	3.0
4092.155545333789	0.022505399999772635	epochs	3.0
4092.178050733789	0.044663800000307674	epochs	2.0
4092.178050733789	0.022389300000213552	epochs	3.0
4092.200440033789	0.022274500000094122	epochs	3.0
4092.2227145337893	0.044209199999841076	epochs	2.0
4092.2227145337893	0.022160799999710434	epochs	3.0
4092.244875333789	0.02204840000013064	epochs	3.0
4092.266923733789	0.04376360000014756	epochs	2.0
4092.266923733789	0.021936900000127935	epochs	3.0
4092.288860633789	0.021826700000019628	epochs	3.0
4092.3106873337892	0.043327099999714846	epochs	2.0
4092.3106873337892	0.021717599999647064	epochs	3.0
4092.332404933789	0.021609500000067783	epochs	3.0
4092.354014433789	0.04289900000003399	epochs	2.0
4092.354014433789	0.021502500000224245	epochs	3.0
4092.375516933789	0.021396499999809748	epochs	3.0
4092.396913433789	0.04247949999989942	epochs	2.0
4092.396913433789	0.021291699999892444	epochs	3.0
4092.418205133789	0.021187800000006973	epochs	3.0
4092.439392933789	0.042067900000347436	epochs	2.0
4092.439392933789	0.02108490000000529	epochs	3.0
4092.460477833789	0.020983000000342145	epochs	3.0
4092.4814608337892	0.041664399999717716	epochs	2.0
4092.4814608337892	0.020882199999959994	epochs	3.0
4092.502343033789	0.020782199999757722	epochs	3.0
4092.523125233789	0.04126850000011473	epochs	2.0
4092.523125233789	0.02068330000020069	epochs	3.0
4092.543808533789	0.02058519999991404	epochs	3.0
4092.564393733789	0.04088000000001557	epochs	2.0
4092.564393733789	0.020488099999965925	epochs	3.0
4092.584881833789	0.020391900000049645	epochs	3.0
4092.605273733789	0.04049880000002304	epochs	2.0
4092.605273733789	0.0202966000001652	epochs	3.0
4092.6255703337893	0.02020219999985784	epochs	3.0
4092.645772533789	0.04012460000012652	epochs	2.0
4092.645772533789	0.02010870000003706	epochs	3.0
4092.665881233789	0.02001590000008946	epochs	3.0
4092.6858971337892	0.03975730000001931	epochs	2.0
4092.6858971337892	0.0199241999998776	epochs	3.0
4092.705821333789	0.019833100000141712	epochs	3.0
4092.7256544337893	0.03939669999999751	epochs	2.0
4092.7256544337893	0.019742999999834865	epochs	3.0
4092.745397433789	0.019653700000162644	epochs	3.0
4092.7650511337893	0.03904239999974379	epochs	2.0
4092.7650511337893	0.019565099999908853	epochs	3.0
4092.784616233789	0.01947729999983494	epochs	3.0
4092.804093533789	0.03869459999987157	epochs	2.0
4092.804093533789	0.01939040000024761	epochs	3.0
4092.8234839337892	0.01930419999962396	epochs	3.0
4092.842788133789	0.03835290000006353	epochs	2.0
4092.842788133789	0.019218800000089686	epochs	3.0
4092.862006933789	0.01913409999997384	epochs	3.0
4092.881141033789	0.03801720000001296	epochs	2.0
4092.881141033789	0.019050200000037876	epochs	3.0
4092.900191233789	0.018966999999975087	epochs	3.0
4092.919158233789	0.03768720000016401	epochs	2.0
4092.919158233789	0.018884500000240223	epochs	3.0
4092.938042733789	0.01880269999992379	epochs	3.0
4092.956845433789	0.037363099999765836	epochs	2.0
4092.956845433789	0.018721699999787234	epochs	3.0
4092.975567133789	0.018641399999978603	epochs	3.0
4092.994208533789	0.037044300000161456	epochs	2.0
4092.994208533789	0.01856160000033924	epochs	3.0
4093.012770133789	0.018482699999822216	epochs	3.0
4093.031252833789	0.036731000000145286	epochs	2.0
4093.031252833789	0.018404299999929208	epochs	3.0
4093.049657133789	0.01832670000021608	epochs	3.0
4093.067983833789	0.036422899999706715	epochs	2.0
4093.067983833789	0.018249599999762722	epochs	3.0
4093.086233433789	0.018173299999943993	epochs	3.0
4093.104406733789	0.03612010000006194	epochs	2.0
4093.104406733789	0.018097600000146485	epochs	3.0
4093.122504333789	0.018022499999915453	epochs	3.0
4093.140526833789	0.035822100000132195	epochs	2.0
4093.140526833789	0.017947900000308437	epochs	3.0
4093.1584747337893	0.01787419999982376	epochs	3.0
4093.176348933789	0.03552899999976944	epochs	2.0
4093.176348933789	0.01780079999980444	epochs	3.0
4093.194149733789	0.017728199999965	epochs	3.0
4093.211877933789	0.03524070000003121	epochs	2.0
4093.211877933789	0.017656100000294828	epochs	3.0
4093.229534033789	0.017584599999736383	epochs	3.0
4093.247118633789	0.03495710000015606	epochs	2.0
4093.247118633789	0.017513700000108656	epochs	3.0
4093.264632333789	0.017443400000047404	epochs	3.0
4093.282075733789	0.03467790000013338	epochs	2.0
4093.282075733789	0.01737360000015542	epochs	3.0
4093.299449333789	0.017304299999977957	epochs	3.0
4093.316753633789	0.03440329999966707	epochs	2.0
4093.316753633789	0.01723569999967367	epochs	3.0
4093.333989333789	0.0171675999999934	epochs	3.0
4093.351156933789	0.03413280000040686	epochs	2.0
4093.351156933789	0.017099900000175694	epochs	3.0
4093.368256833789	0.017032900000231166	epochs	3.0
4093.3852897337893	0.033866699999634875	epochs	2.0
4093.3852897337893	0.01696640000000116	epochs	3.0
4093.4022561337893	0.016900299999633717	epochs	3.0
4093.419156433789	0.03360460000021703	epochs	2.0
4093.419156433789	0.016834800000196992	epochs	3.0
4093.435991233789	0.01676980000002004	epochs	3.0
4093.452761033789	0.0333466000001863	epochs	2.0
4093.452761033789	0.016705300000012357	epochs	3.0
4093.469466333789	0.016641300000173942	epochs	3.0
4093.4861076337893	0.033092499999838765	epochs	2.0
4093.4861076337893	0.0165777999995953	epochs	3.0
4093.502685433789	0.016514700000243465	epochs	3.0
4093.519200133789	0.032842300000083924	epochs	2.0
4093.519200133789	0.01645220000000336	epochs	3.0
4093.535652333789	0.016390100000080565	epochs	3.0
4093.552042433789	0.03259570000000167	epochs	2.0
4093.552042433789	0.016328400000020338	epochs	3.0
4093.5683708337892	0.016267299999981333	epochs	3.0
4093.584638133789	0.03235289999975066	epochs	2.0
4093.584638133789	0.016206599999804894	epochs	3.0
4093.600844733789	0.016146299999945768	epochs	3.0
4093.616991033789	0.032113700000081735	epochs	2.0
4093.616991033789	0.016086600000107865	epochs	3.0
4093.633077633789	0.01602709999997387	epochs	3.0
4093.649104733789	0.03187800000023344	epochs	2.0
4093.649104733789	0.0159681999998611	epochs	3.0
4093.665072933789	0.015909800000372343	epochs	3.0
4093.6809827337893	0.03164569999989908	epochs	2.0
4093.6809827337893	0.015851599999678	epochs	3.0
4093.696834333789	0.01579410000022108	epochs	3.0
4093.712628433789	0.03141669999968144	epochs	2.0
4093.712628433789	0.015736699999706616	epochs	3.0
4093.728365133789	0.015679999999974825	epochs	3.0
4093.744045133789	0.031191100000341976	epochs	2.0
4093.744045133789	0.015623600000253646	epochs	3.0
4093.759668733789	0.01556750000008833	epochs	3.0
4093.775236233789	0.030968699999903038	epochs	2.0
4093.775236233789	0.015511999999944237	epochs	3.0
4093.790748233789	0.0154566999999588	epochs	3.0
4093.806204933789	0.030749500000183616	epochs	2.0
4093.806204933789	0.015401999999994587	epochs	3.0
4093.821606933789	0.01534750000018903	epochs	3.0
4093.8369544337893	0.030533199999808858	epochs	2.0
4093.8369544337893	0.01529339999979129	epochs	3.0
4093.852247833789	0.015239800000017567	epochs	3.0
4093.867487633789	0.030320100000153616	epochs	2.0
4093.867487633789	0.015186499999799707	epochs	3.0
4093.882674133789	0.015133600000353908	epochs	3.0
4093.8978077337893	0.030109899999843037	epochs	2.0
4093.8978077337893	0.015081000000009226	epochs	3.0
4093.9128887337893	0.015028899999833811	epochs	3.0
4093.927917633789	0.029902499999934662	epochs	2.0
4093.927917633789	0.014976999999817053	epochs	3.0
4093.942894633789	0.014925500000117609	epochs	3.0
4093.957820133789	0.0296981000001324	epochs	2.0
4093.957820133789	0.014874399999825982	epochs	3.0
4093.972694533789	0.014823700000306417	epochs	3.0
4093.987518233789	0.029496300000118936	epochs	2.0
4093.987518233789	0.014773200000036013	epochs	3.0
4094.002291433789	0.014723100000082923	epochs	3.0
4094.0170145337893	0.029297399999904883	epochs	2.0
4094.0170145337893	0.014673399999992398	epochs	3.0
4094.0316879337893	0.014623999999912485	epochs	3.0
4094.046311933789	0.029101099999934377	epochs	2.0
4094.046311933789	0.014574899999843183	epochs	3.0
4094.060886833789	0.014526200000091194	epochs	3.0
4094.075413033789	0.02890739999975267	epochs	2.0
4094.075413033789	0.014477700000043114	epochs	3.0
4094.089890733789	0.014429699999709555	epochs	3.0
4094.104320433789	0.028716199999962555	epochs	2.0
4094.104320433789	0.014381800000137446	epochs	3.0
4094.118702233789	0.01433439999982511	epochs	3.0
4094.133036633789	0.028527600000415987	epochs	2.0
4094.133036633789	0.014287200000126177	epochs	3.0
4094.147323833789	0.01424040000028981	epochs	3.0
4094.1615642337892	0.028341399999590067	epochs	2.0
4094.1615642337892	0.014193799999702605	epochs	3.0
4094.175758033789	0.014147599999887461	epochs	3.0
4094.189905633789	0.028157700000065233	epochs	2.0
4094.189905633789	0.014101700000082928	epochs	3.0
4094.204007333789	0.014055999999982305	epochs	3.0
4094.218063333789	0.027976300000318588	epochs	2.0
4094.218063333789	0.01401060000034704	epochs	3.0
4094.2320739337893	0.013965699999971548	epochs	3.0
4094.246039633789	0.027797199999895383	epochs	2.0
4094.246039633789	0.013920800000050804	epochs	3.0
4094.2599604337893	0.01387639999984458	epochs	3.0
4094.273836833789	0.02762040000015986	epochs	2.0
4094.273836833789	0.013832199999797012	epochs	3.0
4094.287669033789	0.013788200000362849	epochs	3.0
4094.3014572337893	0.02744589999974778	epochs	2.0
4094.3014572337893	0.013744599999881757	epochs	3.0
4094.315201833789	0.013701299999866023	epochs	3.0
4094.328903133789	0.027273499999864725	epochs	2.0
4094.328903133789	0.013658200000008947	epochs	3.0
4094.342561333789	0.013615299999855779	epochs	3.0
4094.356176633789	0.027103400000214606	epochs	2.0
4094.356176633789	0.013572800000019924	epochs	3.0
4094.369749433789	0.013530600000194681	epochs	3.0
4094.383280033789	0.02693520000002536	epochs	2.0
4094.383280033789	0.01348839999991469	epochs	3.0
4094.396768433789	0.01344680000011067	epochs	3.0
4094.410215233789	0.02676919999976235	epochs	2.0
4094.410215233789	0.013405199999851902	epochs	3.0
4094.423620433789	0.013363999999910448	epochs	3.0
4094.436984433789	0.02660520000017641	epochs	2.0
4094.436984433789	0.013322900000275695	epochs	3.0
4094.450307333789	0.013282299999900715	epochs	3.0
4094.463589633789	0.0264431999999033	epochs	2.0
4094.463589633789	0.013241699999980483	epochs	3.0
4094.476831333789	0.013201499999922817	epochs	3.0
4094.490032833789	0.02628320000030726	epochs	2.0
4094.490032833789	0.013161500000023807	epochs	3.0
4094.503194333789	0.013121700000283454	epochs	3.0
4094.5163160337893	0.026124999999865395	epochs	2.0
4094.5163160337893	0.013082099999792263	epochs	3.0
4094.529398133789	0.013042900000073132	epochs	3.0
4094.542441033789	0.025968899999952555	epochs	2.0
4094.542441033789	0.01300390000005791	epochs	3.0
4094.555444933789	0.012964999999894644	epochs	3.0
4094.568409933789	0.02581449999979668	epochs	2.0
4094.568409933789	0.012926399999741989	epochs	3.0
4094.581336333789	0.012888100000054692	epochs	3.0
4094.594224433789	0.02566190000015922	epochs	2.0
4094.594224433789	0.01284990000021935	epochs	3.0
4094.607074333789	0.012811999999939871	epochs	3.0
4094.619886333789	0.025511199999982637	epochs	2.0
4094.619886333789	0.012774400000125752	epochs	3.0
4094.632660733789	0.012736799999856885	epochs	3.0
4094.645397533789	0.02536229999986972	epochs	2.0
4094.645397533789	0.012699700000212033	epochs	3.0
4094.6580972337892	0.012662599999657687	epochs	3.0
4094.670759833789	0.02521500000011656	epochs	2.0
4094.670759833789	0.012625800000023446	epochs	3.0
4094.683385633789	0.012589200000093115	epochs	3.0
4094.695974833789	0.024584799999956886	epochs	2.0
4094.717491633789	0.5	epochs	-1.0
4094.720559633789	0.999920000000202	epochs	1.0
4095.217491633789	0.5	epochs	-1.0
4096.966000080109	0.13655999999991764	epochs	0.0
4096.966000080109	0.06328190000022005	epochs	1.0
4097.029281980109	0.00999619999947754	epochs	1.0
4097.039278180108	0.06328190000022005	epochs	1.0
4097.102560080109	2.0	epochs	0.0
4099.102560080109	21.999920000000202	epochs	0.0
4099.102560080109	1.0	epochs	1.0
4099.102612080109	0.5	epochs	-1.0
4099.602612080109	19.996879999999692	epochs	-1.0
4100.102560080109	20.0	epochs	1.0
4100.102560080109	4.356753900000513	epochs	-1.0
4100.102560080109	1.9745872000003146	epochs	2.0
4100.102560080109	1.098562199999833	epochs	3.0
4101.201122280108	0.8760250000004817	epochs	3.0
4102.077147280109	1.3524074999995719	epochs	2.0
4102.077147280109	0.7286354999996547	epochs	3.0
4102.8057827801085	0.6237719999999172	epochs	3.0
4103.429554780108	1.0297592000006262	epochs	2.0
4103.429554780108	0.5453293000000485	epochs	3.0
4103.9748840801085	0.4844299000005776	epochs	3.0
4104.459313980109	0.831786199999442	epochs	2.0
4104.459313980109	0.4357762999998158	epochs	3.0
4104.895090280109	0.3960098999996262	epochs	3.0
4105.2911001801085	0.6977969999998095	epochs	2.0
4105.2911001801085	0.3628982000000178	epochs	3.0
4105.6539983801085	0.33489879999979166	epochs	3.0
4105.988897180108	0.6010457000002134	epochs	2.0
4105.988897180108	0.31091230000038195	epochs	3.0
4106.299809480109	0.29013339999983145	epochs	3.0
4106.5899428801085	0.5278859000000011	epochs	2.0
4106.5899428801085	0.27195860000028915	epochs	3.0
4106.861901480109	0.255927299999712	epochs	3.0
4107.1178287801085	0.4706193000001804	epochs	2.0
4107.1178287801085	0.241681299999982	epochs	3.0
4107.3595100801085	0.22893800000019837	epochs	3.0
4107.588448080109	0.4245703999995385	epochs	2.0
4107.588448080109	0.21747140000024956	epochs	3.0
4107.805919480109	0.20709899999928894	epochs	3.0
4108.013018480108	0.38673540000036155	epochs	2.0
4108.013018480108	0.19767110000066168	epochs	3.0
4108.210689580109	0.18906429999969987	epochs	3.0
4108.399753880109	0.3550953000003574	epochs	2.0
4108.399753880109	0.18117590000019845	epochs	3.0
4108.580929780109	0.17391940000015893	epochs	3.0
4108.754849180109	0.3282430999997814	epochs	2.0
4108.754849180109	0.1672218999992765	epochs	3.0
4108.922071080108	0.1610212000005049	epochs	3.0
4109.083092280109	0.3051679999998669	epochs	2.0
4109.083092280109	0.15526390000013635	epochs	3.0
4109.238356180109	0.14990409999973053	epochs	3.0
4109.388260280109	0.28512529999989056	epochs	2.0
4109.388260280109	0.14490209999985382	epochs	3.0
4109.5331623801085	0.14022320000003674	epochs	3.0
4109.6733855801085	0.26755380000031437	epochs	2.0
4109.6733855801085	0.1358368999999584	epochs	3.0
4109.8092224801085	0.13171690000035596	epochs	3.0
4109.940939380109	0.25202290000015637	epochs	2.0
4109.940939380109	0.12783930000023247	epochs	3.0
4110.068778680109	0.1241835999999239	epochs	3.0
4110.192962280109	0.23819649999950343	epochs	2.0
4110.192962280109	0.1207310999998299	epochs	3.0
4110.313693380109	0.11746539999967354	epochs	3.0
4110.4311587801085	0.22580879999986792	epochs	2.0
4110.4311587801085	0.11437190000015107	epochs	3.0
4110.545530680109	0.11143689999971684	epochs	3.0
4110.656967580108	0.21464600000035716	epochs	2.0
4110.656967580108	0.10864889999993466	epochs	3.0
4110.765616480108	0.1059971000004225	epochs	3.0
4110.871613580109	0.2045349999998507	epochs	2.0
4110.871613580109	0.10347149999961403	epochs	3.0
4110.975085080108	0.10106350000023667	epochs	3.0
4111.076148580109	0.19533400000000256	epochs	2.0
4111.076148580109	0.09876510000049166	epochs	3.0
4111.174913680109	0.0965688999995109	epochs	3.0
4111.271482580109	0.18692530000043917	epochs	2.0
4111.271482580109	0.09446829999978945	epochs	3.0
4111.365950880108	0.09245700000064971	epochs	3.0
4111.458407880109	0.17921069999920292	epochs	2.0
4111.458407880109	0.0905296000000817	epochs	3.0
4111.548937480109	0.08868109999912122	epochs	3.0
4111.637618580108	0.17210770000019693	epochs	2.0
4111.637618580108	0.08690630000000965	epochs	3.0
4111.724524880108	0.08520140000018728	epochs	3.0
4111.809726280108	0.16554640000049403	epochs	2.0
4111.809726280108	0.08356189999994967	epochs	3.0
4111.893288180108	0.08198450000054436	epochs	3.0
4111.975272680109	0.15946709999934683	epochs	2.0
4111.975272680109	0.0804653999994116	epochs	3.0
4112.055738080108	0.07900169999993523	epochs	3.0
4112.134739780108	0.15381840000009106	epochs	2.0
4112.134739780108	0.07759010000063427	epochs	3.0
4112.212329880109	0.0762282999994568	epochs	3.0
4112.288558180108	0.14855640000041603	epochs	2.0
4112.288558180108	0.07491329999993468	epochs	3.0
4112.363471480108	0.07364310000048135	epochs	3.0
4112.437114580109	0.14364240000031714	epochs	2.0
4112.437114580109	0.07241499999963708	epochs	3.0
4112.509529580108	0.07122740000068006	epochs	3.0
4112.580756980109	0.13904309999998077	epochs	2.0
4112.580756980109	0.0700779999997394	epochs	3.0
4112.650834980109	0.06896510000024136	epochs	3.0
4112.719800080109	0.13472929999988992	epochs	2.0
4112.719800080109	0.0678871000000072	epochs	3.0
4112.787687180109	0.06684219999988272	epochs	3.0
4112.854529380109	0.1306752000000415	epochs	2.0
4112.854529380109	0.06582909999997355	epochs	3.0
4112.920358480109	0.06484610000006796	epochs	3.0
4112.985204580109	0.1268577999999252	epochs	2.0
4112.985204580109	0.06389199999921402	epochs	3.0
4113.049096580108	0.06296580000071117	epochs	3.0
4113.112062380109	0.12325719999989815	epochs	2.0
4113.112062380109	0.06206579999980022	epochs	3.0
4113.174128180109	0.06119140000009793	epochs	3.0
4113.235319580109	0.1198554000002332	epochs	2.0
4113.235319580109	0.060341100000187	epochs	3.0
4113.295660680109	0.059514300000046205	epochs	3.0
4113.355174980109	0.11663619999944785	epochs	2.0
4113.355174980109	0.058709599999929196	epochs	3.0
4113.413884580109	0.05792659999951866	epochs	3.0
4113.4718111801085	0.11358560000007856	epochs	2.0
4113.4718111801085	0.05716420000044309	epochs	3.0
4113.528975380109	0.05642139999963547	epochs	3.0
4113.585396780109	0.11069049999969138	epochs	2.0
4113.585396780109	0.05569790000026842	epochs	3.0
4113.641094680109	0.054992599999422964	epochs	3.0
4113.696087280108	0.10793910000029427	epochs	2.0
4113.696087280108	0.05430490000071586	epochs	3.0
4113.750392180109	0.053634199999578414	epochs	3.0
4113.804026380109	0.10532150000017282	epochs	2.0
4113.804026380109	0.05298000000038883	epochs	3.0
4113.857006380109	0.05234149999978399	epochs	3.0
4113.909347880109	0.10282759999972768	epochs	2.0
4113.909347880109	0.05171809999956167	epochs	3.0
4113.961065980108	0.05110950000016601	epochs	3.0
4114.012175480108	0.10044910000033269	epochs	2.0
4114.012175480108	0.050514900000052876	epochs	3.0
4114.0626903801085	0.049934200000279816	epochs	3.0
4114.112624580109	0.09817829999974492	epochs	2.0
4114.112624580109	0.0493666000002122	epochs	3.0
4114.161991180109	0.04881169999953272	epochs	3.0
4114.2108028801085	0.09600779999982478	epochs	2.0
4114.2108028801085	0.0482692000005045	epochs	3.0
4114.259072080109	0.047738599999320286	epochs	3.0
4114.306810680108	0.09393120000004274	epochs	2.0
4114.306810680108	0.047219500000210246	epochs	3.0
4114.354030180109	0.04671169999983249	epochs	3.0
4114.400741880108	0.09194260000003851	epochs	2.0
4114.400741880108	0.046214599999984785	epochs	3.0
4114.446956480108	0.045728000000053726	epochs	3.0
4114.492684480108	0.09003630000006524	epochs	2.0
4114.492684480108	0.045251500000631495	epochs	3.0
4114.537935980109	0.044784799999433744	epochs	3.0
4114.5827207801085	0.0882075999998051	epochs	2.0
4114.5827207801085	0.0443278000002465	epochs	3.0
4114.627048580109	0.0438797999995586	epochs	3.0
4114.670928380108	0.0864516999999978	epochs	2.0
4114.670928380108	0.04344100000071194	epochs	3.0
4114.714369380109	0.04301069999928586	epochs	3.0
4114.757380080108	0.08476430000064283	epochs	2.0
4114.757380080108	0.042589000000589294	epochs	3.0
4114.799969080109	0.04217530000005354	epochs	3.0
4114.842144380109	0.08314149999932852	epochs	2.0
4114.842144380109	0.04176969999934954	epochs	3.0
4114.883914080108	0.041371799999978975	epochs	3.0
4114.925285880108	0.08157970000047499	epochs	2.0
4114.925285880108	0.040981400000418944	epochs	3.0
4114.966267280109	0.04059830000005604	epochs	3.0
4115.006865580109	0.08007550000002084	epochs	2.0
4115.006865580109	0.040222300000095856	epochs	3.0
4115.047087880109	0.03985319999992498	epochs	3.0
4115.086941080109	0.07862569999997504	epochs	2.0
4115.086941080109	0.03949079999983951	epochs	3.0
4115.126431880109	0.03913490000013553	epochs	3.0
4115.165566780109	0.07722759999978734	epochs	2.0
4115.165566780109	0.038785400000051595	epochs	3.0
4115.204352180109	0.03844219999973575	epochs	3.0
4115.2427943801085	0.07587820000026113	epochs	2.0
4115.2427943801085	0.03810479999992822	epochs	3.0
4115.2808991801085	0.03777340000033291	epochs	3.0
4115.318672580109	0.07457520000025397	epochs	2.0
4115.318672580109	0.03744769999957498	epochs	3.0
4115.356120280108	0.03712750000067899	epochs	3.0
4115.393247780109	0.07331629999953293	epochs	2.0
4115.393247780109	0.03681289999985893	epochs	3.0
4115.430060680109	0.036503399999674	epochs	3.0
4115.466564080109	0.07209899999998015	epochs	2.0
4115.466564080109	0.03619909999997617	epochs	3.0
4115.502763180109	0.03589990000000398	epochs	3.0
4115.538663080109	0.07092170000032638	epochs	2.0
4115.538663080109	0.03560560000005353	epochs	3.0
4115.574268680109	0.035316100000272854	epochs	3.0
4115.609584780109	0.06978199999957724	epochs	2.0
4115.609584780109	0.03503120000004856	epochs	3.0
4115.644615980109	0.03475079999952868	epochs	3.0
4115.6793667801085	0.0686786000005668	epochs	2.0
4115.6793667801085	0.034475100000236125	epochs	3.0
4115.713841880109	0.03420350000033068	epochs	3.0
4115.748045380109	0.06760929999927612	epochs	2.0
4115.748045380109	0.03393619999951625	epochs	3.0
4115.781981580109	0.03367309999975987	epochs	3.0
4115.815654680108	0.06657290000021021	epochs	2.0
4115.815654680108	0.03341400000044814	epochs	3.0
4115.849068680109	0.03315889999976207	epochs	3.0
4115.8822275801085	0.06556780000028084	epochs	2.0
4115.8822275801085	0.03290770000057819	epochs	3.0
4115.915135280109	0.03266009999970265	epochs	3.0
4115.947795380109	0.06459259999974165	epochs	2.0
4115.947795380109	0.03241639999941981	epochs	3.0
4115.980211780108	0.03217620000032184	epochs	3.0
4116.0123879801085	0.06364600000051723	epochs	2.0
4116.0123879801085	0.031939600000441715	epochs	3.0
4116.044327580109	0.03170640000007552	epochs	3.0
4116.076033980109	0.0627266999999847	epochs	2.0
4116.076033980109	0.031476599999223254	epochs	3.0
4116.107510580108	0.03125010000076145	epochs	3.0
4116.138760680109	0.06183359999977256	epochs	2.0
4116.138760680109	0.031026899999233137	epochs	3.0
4116.169787580108	0.030806700000539422	epochs	3.0
4116.200594280109	0.06096559999969031	epochs	2.0
4116.200594280109	0.030589799999688694	epochs	3.0
4116.2311840801085	0.030375800000001618	epochs	3.0
4116.2615598801085	0.060121600000456965	epochs	2.0
4116.2615598801085	0.03016490000027261	epochs	3.0
4116.291724780109	0.029956700000184355	epochs	3.0
4116.321681480109	0.05930069999976695	epochs	2.0
4116.321681480109	0.029751600000054168	epochs	3.0
4116.351433080109	0.02954909999971278	epochs	3.0
4116.380982180109	0.058501800000158255	epochs	2.0
4116.380982180109	0.029349399999773595	epochs	3.0
4116.4103315801085	0.02915240000038466	epochs	3.0
4116.439483980109	0.05772419999993872	epochs	2.0
4116.439483980109	0.028957999999875028	epochs	3.0
4116.468441980109	0.02876620000006369	epochs	3.0
4116.497208180109	0.05696709999938321	epochs	2.0
4116.497208180109	0.028577000000041153	epochs	3.0
4116.525785180109	0.028390099999342056	epochs	3.0
4116.554175280108	0.05622950000088167	epochs	2.0
4116.554175280108	0.028205700000398792	epochs	3.0
4116.582380980109	0.02802380000048288	epochs	3.0
4116.610404780109	0.05551069999910396	epochs	2.0
4116.610404780109	0.027843999999277003	epochs	3.0
4116.638248780108	0.02766669999982696	epochs	3.0
4116.665915480108	0.05481020000024728	epochs	2.0
4116.665915480108	0.02749149999999645	epochs	3.0
4116.693406980108	0.02731870000025083	epochs	3.0
4116.720725680108	0.0541270000003351	epochs	2.0
4116.720725680108	0.02714780000042083	epochs	3.0
4116.747873480109	0.026979199999914272	epochs	3.0
4116.774852680109	0.053460699999959616	epochs	2.0
4116.774852680109	0.026812600000084785	epochs	3.0
4116.801665280109	0.02664809999987483	epochs	3.0
4116.828313380109	0.05281070000000909	epochs	2.0
4116.828313380109	0.026485600000341947	epochs	3.0
4116.854798980109	0.026325099999667145	epochs	3.0
4116.881124080109	0.052176199999848905	epochs	2.0
4116.881124080109	0.026166399999965506	epochs	3.0
4116.907290480109	0.0260097999998834	epochs	3.0
4116.933300280109	0.05155670000021928	epochs	2.0
4116.933300280109	0.02585480000016105	epochs	3.0
4116.959155080109	0.02570190000005823	epochs	3.0
4116.984856980109	0.050951899999745365	epochs	2.0
4116.984856980109	0.025550700000167126	epochs	3.0
4117.010407680109	0.02540119999957824	epochs	3.0
4117.035808880109	0.05036100000052102	epochs	2.0
4117.035808880109	0.025253499999962514	epochs	3.0
4117.0610623801085	0.025107500000558503	epochs	3.0
4117.086169880109	0.04978379999920435	epochs	2.0
4117.086169880109	0.024963199999547214	epochs	3.0
4117.111133080109	0.024820599999657134	epochs	3.0
4117.135953680108	0.0492195000006177	epochs	2.0
4117.135953680108	0.024679400000422902	epochs	3.0
4117.160633080109	0.024540100000194798	epochs	3.0
4117.185173180109	0.048667899999600195	epochs	2.0
4117.185173180109	0.024402099999861093	epochs	3.0
4117.209575280109	0.0242657999997391	epochs	3.0
4117.2338410801085	0.048128600000381994	epochs	2.0
4117.2338410801085	0.024131000000124914	epochs	3.0
4117.257972080109	0.02399760000025708	epochs	3.0
4117.281969680109	0.047601100000065344	epochs	2.0
4117.281969680109	0.02386579999983951	epochs	3.0
4117.305835480109	0.023735300000225834	epochs	3.0
4117.329570780109	0.04708499999924243	epochs	2.0
4117.329570780109	0.023606299999300973	epochs	3.0
4117.353177080108	0.023478699999941455	epochs	3.0
4117.376655780108	0.04658000000017637	epochs	2.0
4117.376655780108	0.02335250000032829	epochs	3.0
4117.4000082801085	0.023227499999848078	epochs	3.0
4117.423235780108	0.04608569999982137	epochs	2.0
4117.423235780108	0.02310399999987567	epochs	3.0
4117.446339780108	0.022981699999945704	epochs	3.0
4117.469321480108	0.04560180000044056	epochs	2.0
4117.469321480108	0.022860700000819634	epochs	3.0
4117.492182180109	0.02274109999962093	epochs	3.0
4117.514923280109	0.045127899999897636	epochs	2.0
4117.514923280109	0.022622499999670254	epochs	3.0
4117.537545780108	0.022505400000227382	epochs	3.0
4117.5600511801085	0.044663800000307674	epochs	2.0
4117.5600511801085	0.022389300000213552	epochs	3.0
4117.582440480109	0.022274500000094122	epochs	3.0
4117.604714980109	0.04420919999938633	epochs	2.0
4117.604714980109	0.02216080000016518	epochs	3.0
4117.626875780109	0.022048399999221147	epochs	3.0
4117.648924180108	0.04376360000060231	epochs	2.0
4117.648924180108	0.021936900000582682	epochs	3.0
4117.670861080109	0.021826700000019628	epochs	3.0
4117.692687780109	0.043327100000169594	epochs	2.0
4117.692687780109	0.021717599999647064	epochs	3.0
4117.7144053801085	0.02160950000052253	epochs	3.0
4117.736014880109	0.04289900000003399	epochs	2.0
4117.736014880109	0.021502499999769498	epochs	3.0
4117.757517380109	0.021396500000264496	epochs	3.0
4117.778913880109	0.04247949999989942	epochs	2.0
4117.778913880109	0.021291699999892444	epochs	3.0
4117.800205580109	0.021187800000006973	epochs	3.0
4117.821393380109	0.04206789999989269	epochs	2.0
4117.821393380109	0.021084899999550544	epochs	3.0
4117.8424782801085	0.020983000000342145	epochs	3.0
4117.863461280109	0.041664399999717716	epochs	2.0
4117.863461280109	0.020882199999505247	epochs	3.0
4117.884343480108	0.02078220000021247	epochs	3.0
4117.9051256801085	0.04126850000011473	epochs	2.0
4117.9051256801085	0.02068330000020069	epochs	3.0
4117.925808980109	0.02058519999991404	epochs	3.0
4117.946394180109	0.04087999999956082	epochs	2.0
4117.946394180109	0.020488099999965925	epochs	3.0
4117.966882280109	0.020391899999594898	epochs	3.0
4117.987274180108	0.04049880000002304	epochs	2.0
4117.987274180108	0.020296600000619947	epochs	3.0
4118.007570780109	0.020202199999403092	epochs	3.0
4118.027772980108	0.04012460000012652	epochs	2.0
4118.027772980108	0.020108700000491808	epochs	3.0
4118.047881680109	0.020015899999634712	epochs	3.0
4118.067897580108	0.03975730000001931	epochs	2.0
4118.067897580108	0.0199241999998776	epochs	3.0
4118.087821780108	0.019833100000141712	epochs	3.0
4118.107654880108	0.03939669999999751	epochs	2.0
4118.107654880108	0.019742999999834865	epochs	3.0
4118.127397880108	0.019653700000162644	epochs	3.0
4118.147051580108	0.03904240000065329	epochs	2.0
4118.147051580108	0.0195651000003636	epochs	3.0
4118.166616680109	0.019477300000289688	epochs	3.0
4118.186093980109	0.03869459999987157	epochs	2.0
4118.186093980109	0.019390399999792862	epochs	3.0
4118.205484380109	0.01930420000007871	epochs	3.0
4118.224788580109	0.03835290000006353	epochs	2.0
4118.224788580109	0.019218800000089686	epochs	3.0
4118.244007380109	0.01913409999997384	epochs	3.0
4118.263141480109	0.038017199999558215	epochs	2.0
4118.263141480109	0.01905019999958313	epochs	3.0
4118.282191680109	0.018966999999975087	epochs	3.0
4118.3011586801085	0.037687199999709264	epochs	2.0
4118.3011586801085	0.018884500000240223	epochs	3.0
4118.320043180109	0.01880269999946904	epochs	3.0
4118.338845880108	0.037363100000220584	epochs	2.0
4118.338845880108	0.01872170000024198	epochs	3.0
4118.3575675801085	0.018641399999978603	epochs	3.0
4118.3762089801085	0.037044300000161456	epochs	2.0
4118.3762089801085	0.018561599999884493	epochs	3.0
4118.394770580108	0.018482700000276964	epochs	3.0
4118.413253280109	0.036731000000145286	epochs	2.0
4118.413253280109	0.018404299999929208	epochs	3.0
4118.431657580109	0.01832670000021608	epochs	3.0
4118.449984280109	0.036422899999706715	epochs	2.0
4118.449984280109	0.018249599999762722	epochs	3.0
4118.4682338801085	0.018173299999943993	epochs	3.0
4118.4864071801085	0.036120100000516686	epochs	2.0
4118.4864071801085	0.018097600000146485	epochs	3.0
4118.504504780109	0.0180225000003702	epochs	3.0
4118.522527280109	0.03582209999967745	epochs	2.0
4118.522527280109	0.01794789999985369	epochs	3.0
4118.540475180109	0.01787419999982376	epochs	3.0
4118.558349380109	0.03552899999976944	epochs	2.0
4118.558349380109	0.017800800000259187	epochs	3.0
4118.576150180109	0.017728199999510252	epochs	3.0
4118.593878380108	0.03524070000003121	epochs	2.0
4118.593878380108	0.01765609999984008	epochs	3.0
4118.611534480108	0.01758460000019113	epochs	3.0
4118.6291190801085	0.03495710000061081	epochs	2.0
4118.6291190801085	0.017513700000563404	epochs	3.0
4118.646632780109	0.017443400000047404	epochs	3.0
4118.664076180109	0.03467789999922388	epochs	2.0
4118.664076180109	0.017373599999700673	epochs	3.0
4118.681449780109	0.01730429999952321	epochs	3.0
4118.698754080108	0.03440330000012182	epochs	2.0
4118.698754080108	0.017235700000128418	epochs	3.0
4118.715989780108	0.0171675999999934	epochs	3.0
4118.733157380108	0.03413280000040686	epochs	2.0
4118.733157380108	0.017099900000175694	epochs	3.0
4118.750257280109	0.017032900000231166	epochs	3.0
4118.767290180109	0.033866699999634875	epochs	2.0
4118.767290180109	0.01696639999954641	epochs	3.0
4118.784256580108	0.016900300000088464	epochs	3.0
4118.8011568801085	0.03360460000021703	epochs	2.0
4118.8011568801085	0.016834799999742245	epochs	3.0
4118.817991680108	0.016769800000474788	epochs	3.0
4118.834761480109	0.0333466000001863	epochs	2.0
4118.834761480109	0.01670529999955761	epochs	3.0
4118.851466780108	0.01664130000062869	epochs	3.0
4118.868108080109	0.033092499999838765	epochs	2.0
4118.868108080109	0.016577800000050047	epochs	3.0
4118.884685880109	0.016514699999788718	epochs	3.0
4118.901200580109	0.032842300000083924	epochs	2.0
4118.901200580109	0.01645219999954861	epochs	3.0
4118.917652780108	0.016390100000535313	epochs	3.0
4118.934042880109	0.03259569999954692	epochs	2.0
4118.934042880109	0.016328400000020338	epochs	3.0
4118.950371280109	0.016267299999526585	epochs	3.0
4118.966638580108	0.032352900000660156	epochs	2.0
4118.966638580108	0.01620660000025964	epochs	3.0
4118.982845180109	0.016146300000400515	epochs	3.0
4118.998991480109	0.032113700000081735	epochs	2.0
4118.998991480109	0.016086599999653117	epochs	3.0
4119.015078080109	0.016027100000428618	epochs	3.0
4119.031105180109	0.031877999999778694	epochs	2.0
4119.031105180109	0.01596819999940635	epochs	3.0
4119.0470733801085	0.015909800000372343	epochs	3.0
4119.062983180109	0.03164569999989908	epochs	2.0
4119.062983180109	0.01585160000013275	epochs	3.0
4119.078834780109	0.01579409999976633	epochs	3.0
4119.094628880109	0.03141669999968144	epochs	2.0
4119.094628880109	0.015736700000161363	epochs	3.0
4119.110365580109	0.015679999999520078	epochs	3.0
4119.126045580108	0.03119109999988723	epochs	2.0
4119.126045580108	0.015623600000253646	epochs	3.0
4119.141669180109	0.015567499999633583	epochs	3.0
4119.157236680108	0.030968699999903038	epochs	2.0
4119.157236680108	0.015511999999944237	epochs	3.0
4119.172748680108	0.0154566999999588	epochs	3.0
4119.188205380108	0.030749500000638363	epochs	2.0
4119.188205380108	0.015401999999994587	epochs	3.0
4119.203607380108	0.015347500000643777	epochs	3.0
4119.218954880109	0.030533199999808858	epochs	2.0
4119.218954880109	0.01529339999979129	epochs	3.0
4119.234248280109	0.015239800000017567	epochs	3.0
4119.249488080109	0.03032009999969887	epochs	2.0
4119.249488080109	0.015186499999799707	epochs	3.0
4119.2646745801085	0.015133599999899161	epochs	3.0
4119.279808180108	0.030109899999843037	epochs	2.0
4119.279808180108	0.015081000000463973	epochs	3.0
4119.294889180109	0.015028899999379064	epochs	3.0
4119.309918080108	0.02990250000038941	epochs	2.0
4119.309918080108	0.014977000000726548	epochs	3.0
4119.324895080109	0.014925499999662861	epochs	3.0
4119.339820580109	0.0296981000001324	epochs	2.0
4119.339820580109	0.014874399999825982	epochs	3.0
4119.354694980108	0.014823700000306417	epochs	3.0
4119.369518680109	0.02949629999966419	epochs	2.0
4119.369518680109	0.014773199999581266	epochs	3.0
4119.384291880108	0.014723100000082923	epochs	3.0
4119.399014980108	0.02929740000035963	epochs	2.0
4119.399014980108	0.014673399999992398	epochs	3.0
4119.413688380108	0.014624000000367232	epochs	3.0
4119.428312380109	0.029101099999934377	epochs	2.0
4119.428312380109	0.01457490000029793	epochs	3.0
4119.442887280109	0.014526199999636447	epochs	3.0
4119.457413480109	0.028907400000207417	epochs	2.0
4119.457413480109	0.014477699999588367	epochs	3.0
4119.471891180108	0.01442970000061905	epochs	3.0
4119.486320880109	0.028716199999507808	epochs	2.0
4119.486320880109	0.014381799999682698	epochs	3.0
4119.500702680109	0.01433439999982511	epochs	3.0
4119.515037080108	0.028527600000415987	epochs	2.0
4119.515037080108	0.014287200000580924	epochs	3.0
4119.529324280109	0.014240399999835063	epochs	3.0
4119.543564680109	0.028341399999590067	epochs	2.0
4119.543564680109	0.014193799999702605	epochs	3.0
4119.5577584801085	0.014147599999887461	epochs	3.0
4119.571906080108	0.02815770000051998	epochs	2.0
4119.571906080108	0.014101700000537676	epochs	3.0
4119.586007780109	0.014055999999982305	epochs	3.0
4119.600063780109	0.02797629999986384	epochs	2.0
4119.600063780109	0.014010599999892293	epochs	3.0
4119.614074380109	0.013965699999971548	epochs	3.0
4119.628040080109	0.027797199999440636	epochs	2.0
4119.628040080109	0.013920800000050804	epochs	3.0
4119.641960880109	0.013876399999389832	epochs	3.0
4119.655837280108	0.02762040000015986	epochs	2.0
4119.655837280108	0.01383220000025176	epochs	3.0
4119.6696694801085	0.013788199999908102	epochs	3.0
4119.683457680108	0.027445900000202528	epochs	2.0
4119.683457680108	0.013744599999881757	epochs	3.0
4119.697202280108	0.01370130000032077	epochs	3.0
4119.710903580109	0.027273499999864725	epochs	2.0
4119.710903580109	0.013658200000463694	epochs	3.0
4119.724561780109	0.013615299999401032	epochs	3.0
4119.7381770801085	0.02710339999975986	epochs	2.0
4119.7381770801085	0.013572800000474672	epochs	3.0
4119.751749880109	0.013530599999285187	epochs	3.0
4119.765280480108	0.02693520000048011	epochs	2.0
4119.765280480108	0.013488400000824186	epochs	3.0
4119.778768880109	0.013446799999655923	epochs	3.0
4119.792215680109	0.02676919999976235	epochs	2.0
4119.792215680109	0.01340520000030665	epochs	3.0
4119.805620880109	0.0133639999994557	epochs	3.0
4119.8189848801085	0.026605199999721663	epochs	2.0
4119.8189848801085	0.013322900000275695	epochs	3.0
4119.832307780109	0.013282299999445968	epochs	3.0
4119.845590080108	0.026443200000358047	epochs	2.0
4119.845590080108	0.01324170000043523	epochs	3.0
4119.858831780109	0.013201499999922817	epochs	3.0
4119.872033280109	0.026283199999852513	epochs	2.0
4119.872033280109	0.013161500000023807	epochs	3.0
4119.885194780109	0.013121699999828706	epochs	3.0
4119.898316480108	0.026125000000320142	epochs	2.0
4119.898316480108	0.01308210000024701	epochs	3.0
4119.911398580109	0.013042900000073132	epochs	3.0
4119.924441480109	0.025968899999497808	epochs	2.0
4119.924441480109	0.013003899999603163	epochs	3.0
4119.937445380108	0.012964999999894644	epochs	3.0
4119.950410380108	0.025814500000706175	epochs	2.0
4119.950410380108	0.012926400000651483	epochs	3.0
4119.963336780109	0.012888100000054692	epochs	3.0
4119.976224880109	0.02566190000015922	epochs	2.0
4119.976224880109	0.012849899999309855	epochs	3.0
4119.989074780108	0.012812000000849366	epochs	3.0
4120.001886780109	0.02551119999952789	epochs	2.0
4120.001886780109	0.012774399999216257	epochs	3.0
4120.014661180108	0.012736800000311632	epochs	3.0
4120.027397980109	0.02536229999986972	epochs	2.0
4120.027397980109	0.012699699999757286	epochs	3.0
4120.040097680108	0.012662600000112434	epochs	3.0
4120.0527602801085	0.025215000000571308	epochs	2.0
4120.0527602801085	0.012625800000023446	epochs	3.0
4120.0653860801085	0.012589200000547862	epochs	3.0
4120.077975280109	0.024584799999502138	epochs	2.0
4120.099492080109	0.5	epochs	-1.0
4120.102560080109	0.999920000000202	epochs	1.0
4120.599492080109	0.5	epochs	-1.0
4122.375999927521	0.13655999999991764	epochs	0.0
4122.375999927521	0.06328190000022005	epochs	1.0
4122.439281827521	0.00999619999947754	epochs	1.0
4122.44927802752	0.06328190000022005	epochs	1.0
4122.512559927521	2.0	epochs	0.0
4124.512559927521	0.5234399999999368	epochs	0.0
4124.512559927521	0.5234399999999368	epochs	1.0
4124.512611927521	0.5	epochs	-1.0
4125.012611927521	0.023387999999613385	epochs	-1.0
4125.035999927521	21.476480000000265	epochs	0.0
4126.243000030518	0.13655999999991764	epochs	0.0
4126.243000030518	0.06328190000022005	epochs	1.0
4126.306281930518	0.00999619999947754	epochs	1.0
4126.316278130517	0.06328190000022005	epochs	1.0
4126.3795600305175	2.0	epochs	0.0
4128.3795600305175	0.5236000000004424	epochs	0.0
4128.3795600305175	0.5236000000004424	epochs	1.0
4128.379612030518	0.5	epochs	-1.0
4128.879612030518	0.023548000000118918	epochs	-1.0
4128.903160030518	21.47631999999976	epochs	0.0
4130.173999786377	0.13655999999991764	epochs	0.0
4130.173999786377	0.06328190000022005	epochs	1.0
4130.237281686377	0.00999619999947754	epochs	1.0
4130.247277886377	0.06328190000022005	epochs	1.0
4130.310559786377	2.0	epochs	0.0
4132.310559786377	0.5233600000001388	epochs	0.0
4132.310559786377	0.5233600000001388	epochs	1.0
4132.310611786377	0.5	epochs	-1.0
4132.810611786377	0.023307999999815365	epochs	-1.0
4132.833919786377	21.476560000000063	epochs	0.0
4134.106999874115	0.13655999999991764	epochs	0.0
4134.106999874115	0.06328190000022005	epochs	1.0
4134.170281774115	0.00999619999947754	epochs	1.0
4134.180277974115	0.06328190000022005	epochs	1.0
4134.243559874115	2.0	epochs	0.0
4136.243559874115	0.5233600000001388	epochs	0.0
4136.243559874115	0.5233600000001388	epochs	1.0
4136.243611874115	0.5	epochs	-1.0
4136.743611874115	0.023307999999815365	epochs	-1.0
4136.766919874115	21.476560000000063	epochs	0.0
4137.956999778748	0.13655999999991764	epochs	0.0
4137.956999778748	0.06328190000022005	epochs	1.0
4138.020281678748	0.00999619999947754	epochs	1.0
4138.030277878747	0.06328190000022005	epochs	1.0
4138.0935597787475	2.0	epochs	0.0
4140.0935597787475	0.5227199999999357	epochs	0.0
4140.0935597787475	0.5227199999999357	epochs	1.0
4140.093611778748	0.5	epochs	-1.0
4140.593611778748	0.02266799999961222	epochs	-1.0
4140.616279778747	21.477200000000266	epochs	0.0
4141.850999832153	0.13655999999991764	epochs	0.0
4141.850999832153	0.06328190000022005	epochs	1.0
4141.9142817321535	0.00999619999947754	epochs	1.0
4141.924277932153	0.06328190000022005	epochs	1.0
4141.987559832153	2.0	epochs	0.0
4143.987559832153	0.5231199999998353	epochs	0.0
4143.987559832153	0.5231199999998353	epochs	1.0
4143.987611832154	0.5	epochs	-1.0
4144.487611832154	0.023067999999511812	epochs	-1.0
4144.510679832153	21.476800000000367	epochs	0.0
4145.767999649048	0.13655999999991764	epochs	0.0
4145.767999649048	0.06328190000022005	epochs	1.0
4145.831281549048	0.00999619999947754	epochs	1.0
4145.841277749048	0.06328190000022005	epochs	1.0
4145.904559649048	2.0	epochs	0.0
4147.904559649048	0.5228800000004412	epochs	0.0
4147.904559649048	0.5228800000004412	epochs	1.0
4147.904611649048	0.5	epochs	-1.0
4148.404611649048	0.022828000000117754	epochs	-1.0
4148.427439649048	21.47703999999976	epochs	0.0
4168.33899974823	0.13655999999991764	epochs	0.0
4168.33899974823	0.06328190000022005	epochs	1.0
4168.40228164823	0.00999619999947754	epochs	1.0
4168.41227784823	0.06328190000022005	epochs	1.0
4168.47555974823	0.22991999999976542	epochs	0.0
4168.47555974823	0.0500000000001819	epochs	1.0
4168.52555974823	0.010000000000218279	epochs	1.0
4168.53555974823	0.049999999999272404	epochs	1.0
4168.58555974823	0.010000000000218279	epochs	1.0
4168.59555974823	0.0500000000001819	epochs	1.0
4168.64555974823	0.010000000000218279	epochs	1.0
4168.65555974823	0.049919999999474385	epochs	1.0
