onset	duration	nwb_table	treelevel
10.23799991607666	0.09999999999999964	epochs	0.0
10.23799991607666	0.04499999999999993	epochs	1.0
10.28299991607666	0.009999999999999787	epochs	1.0
10.29299991607666	0.04499999999999993	epochs	1.0
10.33799991607666	0.7049950000000003	epochs	0.0
10.33799991607666	0.5	epochs	-1.0
10.33799991607666	0.5	epochs	-1.0
10.33799991607666	0.5	epochs	1.0
10.83799991607666	0.0600000000000005	epochs	-1.0
10.83799991607666	0.025000000000000355	epochs	-1.0
10.83799991607666	0.025000000000000355	epochs	1.0
10.86299991607666	0.009999999999999787	epochs	-1.0
10.86299991607666	0.009999999999999787	epochs	1.0
10.87299991607666	0.025000000000000355	epochs	-1.0
10.87299991607666	0.025000000000000355	epochs	1.0
10.89799991607666	0.0600000000000005	epochs	-1.0
10.89799991607666	0.025000000000000355	epochs	-1.0
10.89799991607666	0.025000000000000355	epochs	1.0
10.92299991607666	0.009999999999999787	epochs	-1.0
10.92299991607666	0.009999999999999787	epochs	1.0
10.93299991607666	0.025000000000000355	epochs	-1.0
10.93299991607666	0.025000000000000355	epochs	1.0
10.95799991607666	0.05999999999999872	epochs	-1.0
10.95799991607666	0.02499999999999858	epochs	-1.0
10.95799991607666	0.02499999999999858	epochs	1.0
10.98299991607666	0.010000000000001563	epochs	-1.0
10.98299991607666	0.010000000000001563	epochs	1.0
10.992999916076661	0.02499999999999858	epochs	-1.0
10.992999916076661	0.02499999999999858	epochs	1.0
11.01799991607666	0.024995000000000545	epochs	1.0
176.55299997329712	0.09999999999999432	epochs	0.0
176.55299997329712	0.044999999999987494	epochs	1.0
176.5979999732971	0.010000000000019327	epochs	1.0
176.60799997329713	0.044999999999987494	epochs	1.0
176.6529999732971	0.7049949999999967	epochs	0.0
176.6529999732971	0.5	epochs	-1.0
176.6529999732971	0.5	epochs	1.0
177.1529999732971	0.060000000000002274	epochs	-1.0
177.1529999732971	0.025000000000005684	epochs	-1.0
177.1529999732971	0.025000000000005684	epochs	1.0
177.17799997329712	0.009999999999990905	epochs	-1.0
177.17799997329712	0.009999999999990905	epochs	1.0
177.1879999732971	0.025000000000005684	epochs	-1.0
177.1879999732971	0.025000000000005684	epochs	1.0
177.21299997329712	0.060000000000002274	epochs	-1.0
177.21299997329712	0.025000000000005684	epochs	-1.0
177.21299997329712	0.025000000000005684	epochs	1.0
177.23799997329712	0.009999999999990905	epochs	-1.0
177.23799997329712	0.009999999999990905	epochs	1.0
177.2479999732971	0.025000000000005684	epochs	-1.0
177.2479999732971	0.025000000000005684	epochs	1.0
177.27299997329712	0.060000000000002274	epochs	-1.0
177.27299997329712	0.025000000000005684	epochs	-1.0
177.27299997329712	0.025000000000005684	epochs	1.0
177.29799997329712	0.009999999999990905	epochs	-1.0
177.29799997329712	0.009999999999990905	epochs	1.0
177.30799997329711	0.025000000000005684	epochs	-1.0
177.30799997329711	0.025000000000005684	epochs	1.0
177.33299997329712	0.024994999999989886	epochs	1.0
521.2070002555847	0.10000000000002274	epochs	0.0
521.2070002555847	0.04499999999995907	epochs	1.0
521.2520002555847	0.009999999999990905	epochs	1.0
521.2620002555847	0.04500000000007276	epochs	1.0
521.3070002555847	61.384995	epochs	0.0
521.3070002555847	0.5	epochs	-1.0
521.3070002555847	0.5	epochs	-1.0
521.3070002555847	0.5	epochs	1.0
521.8070002555847	0.05999999999994543	epochs	-1.0
521.8070002555847	0.024999999999977263	epochs	-1.0
521.8070002555847	0.024999999999977263	epochs	1.0
521.8320002555847	0.009999999999990905	epochs	-1.0
521.8320002555847	0.009999999999990905	epochs	1.0
521.8420002555847	0.024999999999977263	epochs	-1.0
521.8420002555847	0.024999999999977263	epochs	1.0
521.8670002555847	0.06000000000005912	epochs	-1.0
521.8670002555847	0.024999999999977263	epochs	-1.0
521.8670002555847	0.024999999999977263	epochs	1.0
521.8920002555847	0.010000000000104592	epochs	-1.0
521.8920002555847	0.010000000000104592	epochs	1.0
521.9020002555848	0.024999999999977263	epochs	-1.0
521.9020002555848	0.024999999999977263	epochs	1.0
521.9270002555847	0.05999999999994543	epochs	-1.0
521.9270002555847	0.024999999999977263	epochs	-1.0
521.9270002555847	0.024999999999977263	epochs	1.0
521.9520002555847	0.009999999999990905	epochs	-1.0
521.9520002555847	0.009999999999990905	epochs	1.0
521.9620002555847	0.024999999999977263	epochs	-1.0
521.9620002555847	0.024999999999977263	epochs	1.0
521.9870002555847	60.0	epochs	1.0
581.9870002555847	0.5	epochs	-1.0
581.9870002555847	0.5	epochs	-1.0
581.9870002555847	0.5	epochs	1.0
582.4870002555847	0.06000000000005912	epochs	-1.0
582.4870002555847	0.024999999999977263	epochs	-1.0
582.4870002555847	0.024999999999977263	epochs	1.0
582.5120002555847	0.010000000000104592	epochs	-1.0
582.5120002555847	0.010000000000104592	epochs	1.0
582.5220002555848	0.024999999999977263	epochs	-1.0
582.5220002555848	0.024999999999977263	epochs	1.0
582.5470002555847	0.05999999999994543	epochs	-1.0
582.5470002555847	0.024999999999977263	epochs	-1.0
582.5470002555847	0.024999999999977263	epochs	1.0
582.5720002555847	0.009999999999990905	epochs	-1.0
582.5720002555847	0.009999999999990905	epochs	1.0
582.5820002555847	0.024999999999977263	epochs	-1.0
582.5820002555847	0.024999999999977263	epochs	1.0
582.6070002555847	0.06000000000005912	epochs	-1.0
582.6070002555847	0.024999999999977263	epochs	-1.0
582.6070002555847	0.024999999999977263	epochs	1.0
582.6320002555847	0.009999999999990905	epochs	-1.0
582.6320002555847	0.009999999999990905	epochs	1.0
582.6420002555847	0.02500000000009095	epochs	-1.0
582.6420002555847	0.02500000000009095	epochs	1.0
582.6670002555848	0.024994999999989886	epochs	1.0
610.579999923706	0.10000000000002274	epochs	0.0
610.579999923706	0.04499999999995907	epochs	1.0
610.624999923706	0.009999999999990905	epochs	1.0
610.634999923706	0.04500000000007276	epochs	1.0
610.6799999237061	0.5000549999999748	epochs	0.0
610.6799999237061	0.5	epochs	-1.0
610.6799999237061	0.5	epochs	-1.0
610.6799999237061	0.5	epochs	1.0
611.1799999237061	5.499999997482519e-05	epochs	-1.0
611.1799999237061	5.499999997482519e-05	epochs	-1.0
611.1799999237061	5.499999997482519e-05	epochs	1.0
611.180054923706	0.20493999999996504	epochs	0.0
611.4470000267029	0.10000000000002274	epochs	0.0
611.4470000267029	0.04499999999995907	epochs	1.0
611.4920000267028	0.009999999999990905	epochs	1.0
611.5020000267028	0.04500000000007276	epochs	1.0
611.5470000267029	0.5000599999999622	epochs	0.0
611.5470000267029	0.5	epochs	-1.0
611.5470000267029	0.5	epochs	-1.0
611.5470000267029	0.5	epochs	1.0
612.0470000267029	5.99999999622014e-05	epochs	-1.0
612.0470000267029	5.99999999622014e-05	epochs	-1.0
612.0470000267029	5.99999999622014e-05	epochs	1.0
612.0470600267029	0.20493499999997766	epochs	0.0
612.2969999313354	0.10000000000002274	epochs	0.0
612.2969999313354	0.04499999999995907	epochs	1.0
612.3419999313354	0.009999999999990905	epochs	1.0
612.3519999313354	0.04500000000007276	epochs	1.0
612.3969999313355	0.5404350000000022	epochs	0.0
612.3969999313355	0.5	epochs	-1.0
612.3969999313355	0.5	epochs	-1.0
612.3969999313355	0.5	epochs	1.0
612.8969999313355	0.04043500000000222	epochs	-1.0
612.8969999313355	0.024999999999977263	epochs	-1.0
612.8969999313355	0.024999999999977263	epochs	1.0
612.9219999313354	0.009999999999990905	epochs	-1.0
612.9219999313354	0.009999999999990905	epochs	1.0
612.9319999313354	0.0054350000000340515	epochs	-1.0
612.9319999313354	0.0054350000000340515	epochs	1.0
612.9374349313355	0.16455999999993765	epochs	0.0
676.9970002174377	0.10547999999994317	epochs	0.0
676.9970002174377	0.047740200000021105	epochs	1.0
677.0447404174378	0.009999600000014652	epochs	1.0
677.0547400174378	0.04774019999990742	epochs	1.0
677.1024802174377	2.5548200000000634	epochs	0.0
677.1024802174377	0.5	epochs	1.0
677.1024854174377	0.5	epochs	-1.0
677.6024802174377	1.0	epochs	1.0
678.6024802174377	1.0548200000000634	epochs	1.0
679.1024854174377	0.5	epochs	-1.0
679.6573002174378	0.9451599999999871	epochs	0.0
679.9749999046326	0.10547999999994317	epochs	0.0
679.9749999046326	0.047740200000021105	epochs	1.0
680.0227401046326	0.009999600000014652	epochs	1.0
680.0327397046326	0.04774019999990742	epochs	1.0
680.0804799046325	2.554460000000063	epochs	0.0
680.0804799046325	0.5	epochs	1.0
680.0804851046325	0.5	epochs	-1.0
680.5804799046325	1.0	epochs	1.0
681.5804799046325	1.0544600000000628	epochs	1.0
682.0804851046325	0.5	epochs	-1.0
682.6349399046326	0.9455199999999877	epochs	0.0
682.9580001831055	0.10547999999994317	epochs	0.0
682.9580001831055	0.047740200000021105	epochs	1.0
683.0057403831055	0.009999600000014652	epochs	1.0
683.0157399831055	0.04774019999990742	epochs	1.0
683.0634801831054	2.5540600000000495	epochs	0.0
683.0634801831054	0.5	epochs	1.0
683.0634853831054	0.5	epochs	-1.0
683.5634801831054	1.0	epochs	1.0
684.5634801831054	1.0540600000000495	epochs	1.0
685.0634853831054	0.5	epochs	-1.0
685.6175401831055	0.945920000000001	epochs	0.0
685.9580001831055	0.10547999999994317	epochs	0.0
685.9580001831055	0.047740200000021105	epochs	1.0
686.0057403831055	0.009999600000014652	epochs	1.0
686.0157399831055	0.04774019999990742	epochs	1.0
686.0634801831054	2.5140800000000354	epochs	0.0
686.0634801831054	0.5	epochs	1.0
686.0634853831054	0.5	epochs	-1.0
686.5634801831054	1.0	epochs	1.0
687.5634801831054	1.0140800000000354	epochs	1.0
688.0634853831054	0.5	epochs	-1.0
688.5775601831054	0.9859000000000151	epochs	0.0
688.8920001983643	0.10547999999994317	epochs	0.0
688.8920001983643	0.047740200000021105	epochs	1.0
688.9397403983643	0.009999600000014652	epochs	1.0
688.9497399983643	0.04774019999990742	epochs	1.0
688.9974801983642	2.554960000000051	epochs	0.0
688.9974801983642	0.5	epochs	1.0
688.9974853983642	0.5	epochs	-1.0
689.4974801983642	1.0	epochs	1.0
690.4974801983642	1.054960000000051	epochs	1.0
690.9974853983642	0.5	epochs	-1.0
691.5524401983643	0.9450199999999995	epochs	0.0
691.9520001411438	0.6499800000000278	epochs	0.0
691.9520001411438	0.049999999999954525	epochs	1.0
692.0020001411438	0.5	epochs	1.0
692.5020001411438	0.09998000000007323	epochs	1.0
692.9860000610352	0.6499800000000278	epochs	0.0
692.9860000610352	0.049999999999954525	epochs	1.0
693.0360000610351	0.5	epochs	1.0
693.5360000610351	0.09998000000007323	epochs	1.0
694.0520000457764	0.6499800000000278	epochs	0.0
694.0520000457764	0.049999999999954525	epochs	1.0
694.1020000457763	0.5	epochs	1.0
694.6020000457763	0.09998000000007323	epochs	1.0
695.0690002441406	0.6499800000000278	epochs	0.0
695.0690002441406	0.049999999999954525	epochs	1.0
695.1190002441406	0.5	epochs	1.0
695.6190002441406	0.09998000000007323	epochs	1.0
696.1360001564026	0.6499800000000278	epochs	0.0
696.1360001564026	0.049999999999954525	epochs	1.0
696.1860001564025	0.5	epochs	1.0
696.6860001564025	0.09998000000007323	epochs	1.0
697.2690000534058	0.10547999999994317	epochs	0.0
697.2690000534058	0.047740200000021105	epochs	1.0
697.3167402534058	0.009999600000014652	epochs	1.0
697.3267398534058	0.04774019999990742	epochs	1.0
697.3744800534057	3.014160000000061	epochs	0.0
697.3744800534057	0.5	epochs	1.0
697.3744852534057	0.5	epochs	-1.0
697.8744800534057	1.0	epochs	1.0
698.8744800534057	1.5141600000000608	epochs	1.0
699.3744852534057	0.5	epochs	-1.0
699.8744852534057	0.5	epochs	-1.0
700.3886400534058	2.4858199999999897	epochs	0.0
702.5079998970032	0.10547999999994317	epochs	0.0
702.5079998970032	0.047740200000021105	epochs	1.0
702.5557400970032	0.009999600000014652	epochs	1.0
702.5657396970032	0.04774019999990742	epochs	1.0
702.6134798970031	3.014540000000011	epochs	0.0
702.6134798970031	0.5	epochs	1.0
702.6134850970031	0.5	epochs	-1.0
703.1134798970031	1.0	epochs	1.0
704.1134798970031	1.5145400000000109	epochs	1.0
704.6134850970031	0.5	epochs	-1.0
705.1134850970031	0.5	epochs	-1.0
705.6280198970031	2.4854400000000396	epochs	0.0
707.7080001831055	0.10547999999994317	epochs	0.0
707.7080001831055	0.047740200000021105	epochs	1.0
707.7557403831055	0.009999600000014652	epochs	1.0
707.7657399831055	0.04774019999990742	epochs	1.0
707.8134801831054	0.5342600000000175	epochs	0.0
707.8134801831054	0.5	epochs	1.0
707.8134853831054	0.5	epochs	-1.0
708.3134801831054	0.0342600000000175	epochs	1.0
708.3477401831054	4.965720000000033	epochs	0.0
712.9530000686646	0.10547999999994317	epochs	0.0
712.9530000686646	0.047740200000021105	epochs	1.0
713.0007402686646	0.009999600000014652	epochs	1.0
713.0107398686646	0.04774019999990742	epochs	1.0
713.0584800686645	2.5543400000000247	epochs	0.0
713.0584800686645	0.5	epochs	1.0
713.0584852686645	0.5	epochs	-1.0
713.5584800686645	1.0	epochs	1.0
714.5584800686645	1.0543400000000247	epochs	1.0
715.0584852686645	0.5	epochs	-1.0
715.6128200686645	2.945640000000026	epochs	0.0
718.1189999580383	0.10547999999994317	epochs	0.0
718.1189999580383	0.047740200000021105	epochs	1.0
718.1667401580384	0.009999600000014652	epochs	1.0
718.1767397580384	0.04774019999990742	epochs	1.0
718.2244799580383	0.5343800000000556	epochs	0.0
718.2244799580383	0.5	epochs	1.0
718.2244851580383	0.5	epochs	-1.0
718.7244799580383	0.03438000000005559	epochs	1.0
718.7588599580383	4.965599999999995	epochs	0.0
738.2930002212524	0.10547999999994317	epochs	0.0
738.2930002212524	0.047740200000021105	epochs	1.0
738.3407404212525	0.009999600000014652	epochs	1.0
738.3507400212525	0.04774019999990742	epochs	1.0
738.3984802212524	5.4999800000000505	epochs	0.0
738.3984802212524	0.5	epochs	1.0
738.3984854212524	0.5	epochs	-1.0
738.8984802212524	1.0	epochs	1.0
739.8984802212524	3.9999800000000505	epochs	1.0
740.3984854212524	0.5	epochs	-1.0
740.8984854212524	0.5	epochs	-1.0
741.3984854212524	0.5	epochs	-1.0
741.8984854212524	0.5	epochs	-1.0
742.3984854212524	0.5	epochs	-1.0
742.8984854212524	0.5	epochs	-1.0
744.4349999427795	0.10547999999994317	epochs	0.0
744.4349999427795	0.047740200000021105	epochs	1.0
744.4827401427796	0.009999600000014652	epochs	1.0
744.4927397427796	0.04774019999990742	epochs	1.0
744.5404799427795	5.4999800000000505	epochs	0.0
744.5404799427795	0.5	epochs	1.0
744.5404851427795	0.5	epochs	-1.0
745.0404799427795	1.0	epochs	1.0
746.0404799427795	3.9999800000000505	epochs	1.0
746.5404851427795	0.5	epochs	-1.0
747.0404851427795	0.5	epochs	-1.0
747.5404851427795	0.5	epochs	-1.0
748.0404851427795	0.5	epochs	-1.0
748.5404851427795	0.5	epochs	-1.0
749.0404851427795	0.5	epochs	-1.0
750.6050000190735	0.10547999999994317	epochs	0.0
750.6050000190735	0.047740200000021105	epochs	1.0
750.6527402190735	0.009999600000014652	epochs	1.0
750.6627398190735	0.04774019999990742	epochs	1.0
750.7104800190734	0.5341200000000299	epochs	0.0
750.7104800190734	0.5	epochs	1.0
750.7104852190735	0.5	epochs	-1.0
751.2104800190734	0.034120000000029904	epochs	1.0
751.2446000190735	4.965860000000021	epochs	0.0
770.8200001716614	0.10547999999994317	epochs	0.0
770.8200001716614	0.047740200000021105	epochs	1.0
770.8677403716614	0.009999600000014652	epochs	1.0
770.8777399716614	0.04774019999990742	epochs	1.0
770.9254801716613	5.4999800000000505	epochs	0.0
770.9254801716613	0.5	epochs	1.0
770.9254853716614	0.5	epochs	-1.0
771.4254801716613	1.0	epochs	1.0
772.4254801716613	3.9999800000000505	epochs	1.0
772.9254853716614	0.5	epochs	-1.0
773.4254853716614	0.5	epochs	-1.0
773.9254853716614	0.5	epochs	-1.0
774.4254853716614	0.5	epochs	-1.0
774.9254853716614	0.5	epochs	-1.0
775.4254853716614	0.5	epochs	-1.0
777.0040001869202	0.10547999999994317	epochs	0.0
777.0040001869202	0.047740200000021105	epochs	1.0
777.0517403869202	0.009999600000014652	epochs	1.0
777.0617399869202	0.04774019999990742	epochs	1.0
777.1094801869201	0.5350200000000314	epochs	0.0
777.1094801869201	0.5	epochs	1.0
777.1094853869201	0.5	epochs	-1.0
777.6094801869201	0.03502000000003136	epochs	1.0
777.6445001869201	4.964960000000019	epochs	0.0
860.0209999084473	0.15297999999995682	epochs	0.0
860.0209999084473	0.049999999999954525	epochs	1.0
860.0709999084472	0.0030000000000427463	epochs	1.0
860.0739999084473	0.09997999999995955	epochs	1.0
860.7379999160767	0.15297999999995682	epochs	0.0
860.7379999160767	0.049999999999954525	epochs	1.0
860.7879999160766	0.0030000000000427463	epochs	1.0
860.7909999160767	0.09997999999995955	epochs	1.0
861.4210000038147	0.15297999999995682	epochs	0.0
861.4210000038147	0.049999999999954525	epochs	1.0
861.4710000038147	0.0030000000000427463	epochs	1.0
861.4740000038147	0.09997999999995955	epochs	1.0
862.1050000190735	0.15297999999995682	epochs	0.0
862.1050000190735	0.049999999999954525	epochs	1.0
862.1550000190734	0.0030000000000427463	epochs	1.0
862.1580000190735	0.09997999999995955	epochs	1.0
862.8210000991821	0.15297999999995682	epochs	0.0
862.8210000991821	0.049999999999954525	epochs	1.0
862.8710000991821	0.0030000000000427463	epochs	1.0
862.8740000991821	0.09997999999995955	epochs	1.0
863.5380001068115	0.15297999999995682	epochs	0.0
863.5380001068115	0.049999999999954525	epochs	1.0
863.5880001068115	0.0030000000000427463	epochs	1.0
863.5910001068115	0.09997999999995955	epochs	1.0
864.2550001144409	0.15297999999995682	epochs	0.0
864.2550001144409	0.049999999999954525	epochs	1.0
864.3050001144409	0.0030000000000427463	epochs	1.0
864.3080001144409	0.09997999999995955	epochs	1.0
865.0050001144409	0.15297999999995682	epochs	0.0
865.0050001144409	0.049999999999954525	epochs	1.0
865.0550001144409	0.0030000000000427463	epochs	1.0
865.0580001144409	0.09997999999995955	epochs	1.0
865.7880001068115	0.10547999999994317	epochs	0.0
865.7880001068115	0.047740200000021105	epochs	1.0
865.8357403068115	0.009999600000014652	epochs	1.0
865.8457399068116	0.04774019999990742	epochs	1.0
865.8934801068115	0.5341400000000931	epochs	0.0
865.8934801068115	0.5	epochs	1.0
865.8934853068115	0.5	epochs	-1.0
866.3934801068115	0.0030000000000427463	epochs	1.0
866.3964801068115	0.03114000000005035	epochs	1.0
866.4276201068116	1.0688399999999092	epochs	0.0
868.0549998283386	0.10547999999994317	epochs	0.0
868.0549998283386	0.047740200000021105	epochs	1.0
868.1027400283386	0.009999600000014652	epochs	1.0
868.1127396283387	0.04774019999990742	epochs	1.0
868.1604798283386	1.5549200000000383	epochs	0.0
868.1604798283386	0.5	epochs	1.0
868.1604850283386	0.5	epochs	-1.0
868.6604798283386	0.0030000000000427463	epochs	1.0
868.6634798283386	1.0519199999999955	epochs	1.0
869.1634850283386	0.5	epochs	-1.0
869.7153998283386	0.04805999999996402	epochs	0.0
870.2119998931885	0.10547999999994317	epochs	0.0
870.2119998931885	0.047740200000021105	epochs	1.0
870.2597400931885	0.009999600000014652	epochs	1.0
870.2697396931885	0.04774019999990742	epochs	1.0
870.3174798931884	1.6029800000000023	epochs	0.0
870.3174798931884	0.5	epochs	1.0
870.3174850931885	0.5	epochs	-1.0
870.8174798931884	0.0030000000000427463	epochs	1.0
870.8204798931885	1.0999799999999595	epochs	1.0
871.3204850931885	0.5	epochs	-1.0
872.5120000839233	0.10547999999994317	epochs	0.0
872.5120000839233	0.047740200000021105	epochs	1.0
872.5597402839234	0.009999600000014652	epochs	1.0
872.5697398839234	0.04774019999990742	epochs	1.0
872.6174800839233	1.5546800000000758	epochs	0.0
872.6174800839233	0.5	epochs	1.0
872.6174852839233	0.5	epochs	-1.0
873.1174800839233	0.0030000000000427463	epochs	1.0
873.1204800839233	1.051680000000033	epochs	1.0
873.6204852839234	0.5	epochs	-1.0
874.1721600839234	0.04829999999992651	epochs	0.0
874.7290000915527	0.10547999999994317	epochs	0.0
874.7290000915527	0.047740200000021105	epochs	1.0
874.7767402915528	0.009999600000014652	epochs	1.0
874.7867398915528	0.04774019999990742	epochs	1.0
874.8344800915527	1.6029800000000023	epochs	0.0
874.8344800915527	0.5	epochs	1.0
874.8344852915527	0.5	epochs	-1.0
875.3344800915527	0.0030000000000427463	epochs	1.0
875.3374800915527	1.0999799999999595	epochs	1.0
875.8374852915528	0.5	epochs	-1.0
877.0789999961853	0.10547999999994317	epochs	0.0
877.0789999961853	0.047740200000021105	epochs	1.0
877.1267401961853	0.009999600000014652	epochs	1.0
877.1367397961853	0.04774019999990742	epochs	1.0
877.1844799961852	0.5343800000000556	epochs	0.0
877.1844799961852	0.5	epochs	1.0
877.1844851961853	0.5	epochs	-1.0
877.6844799961852	0.0030000000000427463	epochs	1.0
877.6874799961853	0.03138000000001284	epochs	1.0
877.7188599961853	1.0685999999999467	epochs	0.0
890.4210000038147	0.10547999999994317	epochs	0.0
890.4210000038147	0.047740200000021105	epochs	1.0
890.4687402038147	0.009999600000014652	epochs	1.0
890.4787398038147	0.04774019999990742	epochs	1.0
890.5264800038146	1.5341800000001058	epochs	0.0
890.5264800038146	0.5	epochs	1.0
890.5264852038147	0.5	epochs	-1.0
891.0264800038146	0.0030000000000427463	epochs	1.0
891.0294800038147	1.031180000000063	epochs	1.0
891.5294852038147	0.5	epochs	-1.0
892.0606600038147	0.0687999999998965	epochs	0.0
892.6539998054504	0.10547999999994317	epochs	0.0
892.6539998054504	0.047740200000021105	epochs	1.0
892.7017400054505	0.009999600000014652	epochs	1.0
892.7117396054505	0.04774019999990742	epochs	1.0
892.7594798054504	1.5349200000000565	epochs	0.0
892.7594798054504	0.5	epochs	1.0
892.7594850054504	0.5	epochs	-1.0
893.2594798054504	0.0030000000000427463	epochs	1.0
893.2624798054504	1.0319200000000137	epochs	1.0
893.7624850054505	0.5	epochs	-1.0
894.2943998054504	0.06805999999994583	epochs	0.0
894.9039998054504	0.10547999999994317	epochs	0.0
894.9039998054504	0.047740200000021105	epochs	1.0
894.9517400054505	0.009999600000014652	epochs	1.0
894.9617396054505	0.04774019999990742	epochs	1.0
895.0094798054504	1.6029800000000023	epochs	0.0
895.0094798054504	0.5	epochs	1.0
895.0094850054504	0.5	epochs	-1.0
895.5094798054504	0.0030000000000427463	epochs	1.0
895.5124798054504	1.0999799999999595	epochs	1.0
896.0124850054505	0.5	epochs	-1.0
897.3210000991821	0.10547999999994317	epochs	0.0
897.3210000991821	0.047740200000021105	epochs	1.0
897.3687402991822	0.009999600000014652	epochs	1.0
897.3787398991822	0.04774019999990742	epochs	1.0
897.4264800991821	1.5545400000000882	epochs	0.0
897.4264800991821	0.5	epochs	1.0
897.4264852991821	0.5	epochs	-1.0
897.9264800991821	0.0030000000000427463	epochs	1.0
897.9294800991821	1.0515400000000454	epochs	1.0
898.4294852991821	0.5	epochs	-1.0
898.9810200991822	0.04843999999991411	epochs	0.0
1097.3369998931885	0.10547999999994317	epochs	0.0
1097.3369998931885	0.04774019999990742	epochs	1.0
1097.3847400931884	0.00999960000012834	epochs	1.0
1097.3947396931885	0.04774019999990742	epochs	1.0
1097.4424798931884	4.254380000000083	epochs	0.0
1097.4424798931884	0.5	epochs	1.0
1097.4424850931885	0.5	epochs	-1.0
1097.9424798931884	3.754380000000083	epochs	1.0
1100.6971398931885	0.9997200000000248	epochs	-1.0
1100.6971398931885	0.03968000000008942	epochs	-1.0
1101.1946250931885	0.5	epochs	-1.0
1101.6968598931885	15.245599999999968	epochs	0.0
1102.6009998321533	0.10547999999994317	epochs	0.0
1102.6009998321533	0.04774019999990742	epochs	1.0
1102.6487400321532	0.00999960000012834	epochs	1.0
1102.6587396321534	0.04774019999990742	epochs	1.0
1102.7064798321533	4.213880000000017	epochs	0.0
1102.7064798321533	0.5	epochs	1.0
1102.7064850321533	0.5	epochs	-1.0
1103.2064798321533	3.7138800000000174	epochs	1.0
1105.9206598321534	0.9996999999998479	epochs	-1.0
1105.9206598321534	0.03981999999996333	epochs	-1.0
1106.4181450321532	0.5	epochs	-1.0
1106.9203598321533	15.286100000000033	epochs	0.0
1107.6350002288818	0.10547999999994317	epochs	0.0
1107.6350002288818	0.04774019999990742	epochs	1.0
1107.6827404288817	0.00999960000012834	epochs	1.0
1107.6927400288819	0.04774019999990742	epochs	1.0
1107.7404802288818	5.653880000000072	epochs	0.0
1107.7404802288818	0.5	epochs	1.0
1107.7404854288818	0.5	epochs	-1.0
1108.2404802288818	5.153880000000072	epochs	1.0
1110.894780228882	2.4995799999999235	epochs	-1.0
1110.894780228882	0.03969999999981155	epochs	-1.0
1111.3922654288817	0.5	epochs	-1.0
1111.8922654288817	0.5	epochs	-1.0
1112.3922654288817	0.5	epochs	-1.0
1112.8922654288817	0.5	epochs	-1.0
1113.3943602288819	13.846099999999979	epochs	0.0
1325.295000076294	0.6499799999999141	epochs	0.0
1325.295000076294	0.049999999999954525	epochs	1.0
1325.345000076294	0.5	epochs	1.0
1325.845000076294	0.09997999999995955	epochs	1.0
1326.6950001716614	0.6499799999999141	epochs	0.0
1326.6950001716614	0.049999999999954525	epochs	1.0
1326.7450001716613	0.5	epochs	1.0
1327.2450001716613	0.09997999999995955	epochs	1.0
1328.0780000686646	0.6499799999999141	epochs	0.0
1328.0780000686646	0.049999999999954525	epochs	1.0
1328.1280000686645	0.5	epochs	1.0
1328.6280000686645	0.09997999999995955	epochs	1.0
1329.5110001564026	0.6499799999999141	epochs	0.0
1329.5110001564026	0.049999999999954525	epochs	1.0
1329.5610001564025	0.5	epochs	1.0
1330.0610001564025	0.09997999999995955	epochs	1.0
1330.91100025177	0.6499799999999141	epochs	0.0
1330.91100025177	0.049999999999954525	epochs	1.0
1330.96100025177	0.5	epochs	1.0
1331.46100025177	0.09997999999995955	epochs	1.0
1332.3270001411438	0.6499799999999141	epochs	0.0
1332.3270001411438	0.049999999999954525	epochs	1.0
1332.3770001411438	0.5	epochs	1.0
1332.8770001411438	0.09997999999995955	epochs	1.0
1333.8270001411438	0.10547999999994317	epochs	0.0
1333.8270001411438	0.04774019999990742	epochs	1.0
1333.8747403411437	0.00999960000012834	epochs	1.0
1333.8847399411438	0.04774019999990742	epochs	1.0
1333.9324801411437	2.554840000000013	epochs	0.0
1333.9324801411437	0.5	epochs	1.0
1333.9324853411438	0.5	epochs	-1.0
1334.4324801411437	1.0	epochs	1.0
1335.4324801411437	1.0548400000000129	epochs	1.0
1335.9324853411438	0.5	epochs	-1.0
1336.4873201411438	2.9451400000000376	epochs	0.0
1339.0110001564026	0.10547999999994317	epochs	0.0
1339.0110001564026	0.04774019999990742	epochs	1.0
1339.0587403564025	0.00999960000012834	epochs	1.0
1339.0687399564026	0.04774019999990742	epochs	1.0
1339.1164801564025	2.5540800000001127	epochs	0.0
1339.1164801564025	0.5	epochs	1.0
1339.1164853564026	0.5	epochs	-1.0
1339.6164801564025	1.0	epochs	1.0
1340.6164801564025	1.0540800000001127	epochs	1.0
1341.1164853564026	0.5	epochs	-1.0
1341.6705601564026	2.945899999999938	epochs	0.0
1344.281000137329	0.10547999999994317	epochs	0.0
1344.281000137329	0.04774019999990742	epochs	1.0
1344.328740337329	0.00999960000012834	epochs	1.0
1344.3387399373291	0.04774019999990742	epochs	1.0
1344.386480137329	2.554200000000037	epochs	0.0
1344.386480137329	0.5	epochs	1.0
1344.386485337329	0.5	epochs	-1.0
1344.886480137329	1.0	epochs	1.0
1345.886480137329	1.054200000000037	epochs	1.0
1346.386485337329	0.5	epochs	-1.0
1346.940680137329	3.9457800000000134	epochs	0.0
1347.7979998588562	0.10547999999994317	epochs	0.0
1347.7979998588562	0.04774019999990742	epochs	1.0
1347.845740058856	0.00999960000012834	epochs	1.0
1347.8557396588562	0.04774019999990742	epochs	1.0
1347.9034798588561	2.5540800000001127	epochs	0.0
1347.9034798588561	0.5	epochs	1.0
1347.9034850588562	0.5	epochs	-1.0
1348.4034798588561	1.0	epochs	1.0
1349.4034798588561	1.0540800000001127	epochs	1.0
1349.9034850588562	0.5	epochs	-1.0
1350.4575598588563	3.945899999999938	epochs	0.0
1351.2480001449585	0.10547999999994317	epochs	0.0
1351.2480001449585	0.04774019999990742	epochs	1.0
1351.2957403449584	0.00999960000012834	epochs	1.0
1351.3057399449585	0.04774019999990742	epochs	1.0
1351.3534801449584	2.5149599999999737	epochs	0.0
1351.3534801449584	0.5	epochs	1.0
1351.3534853449585	0.5	epochs	-1.0
1351.8534801449584	1.0	epochs	1.0
1352.8534801449584	1.0149599999999737	epochs	1.0
1353.3534853449585	0.5	epochs	-1.0
1353.8684401449584	3.985020000000077	epochs	0.0
1354.6420001983643	0.10547999999994317	epochs	0.0
1354.6420001983643	0.04774019999990742	epochs	1.0
1354.6897403983642	0.00999960000012834	epochs	1.0
1354.6997399983643	0.04774019999990742	epochs	1.0
1354.7474801983642	2.5549600000001647	epochs	0.0
1354.7474801983642	0.5	epochs	1.0
1354.7474853983642	0.5	epochs	-1.0
1355.2474801983642	1.0	epochs	1.0
1356.2474801983642	1.0549600000001647	epochs	1.0
1356.7474853983642	0.5	epochs	-1.0
1357.3024401983644	3.945019999999886	epochs	0.0
1358.0920000076294	0.10547999999994317	epochs	0.0
1358.0920000076294	0.04774019999990742	epochs	1.0
1358.1397402076293	0.00999960000012834	epochs	1.0
1358.1497398076294	0.04774019999990742	epochs	1.0
1358.1974800076293	2.5145800000000236	epochs	0.0
1358.1974800076293	0.5	epochs	1.0
1358.1974852076294	0.5	epochs	-1.0
1358.6974800076293	1.0	epochs	1.0
1359.6974800076293	1.0145800000000236	epochs	1.0
1360.1974852076294	0.5	epochs	-1.0
1360.7120600076294	3.985400000000027	epochs	0.0
1361.5590000152588	0.10547999999994317	epochs	0.0
1361.5590000152588	0.04774019999990742	epochs	1.0
1361.6067402152587	0.00999960000012834	epochs	1.0
1361.6167398152588	0.04774019999990742	epochs	1.0
1361.6644800152587	2.5548200000000634	epochs	0.0
1361.6644800152587	0.5	epochs	1.0
1361.6644852152588	0.5	epochs	-1.0
1362.1644800152587	1.0	epochs	1.0
1363.1644800152587	1.0548200000000634	epochs	1.0
1363.6644852152588	0.5	epochs	-1.0
1364.2193000152588	3.945159999999987	epochs	0.0
1365.1110000610352	0.1529800000000705	epochs	0.0
1365.1110000610352	0.049999999999954525	epochs	1.0
1365.161000061035	0.003000000000156433	epochs	1.0
1365.1640000610353	0.09997999999995955	epochs	1.0
1366.0780000686646	0.1529800000000705	epochs	0.0
1366.0780000686646	0.049999999999954525	epochs	1.0
1366.1280000686645	0.003000000000156433	epochs	1.0
1366.1310000686647	0.09997999999995955	epochs	1.0
1367.1110000610352	0.1529800000000705	epochs	0.0
1367.1110000610352	0.049999999999954525	epochs	1.0
1367.161000061035	0.003000000000156433	epochs	1.0
1367.1640000610353	0.09997999999995955	epochs	1.0
1368.1110000610352	0.1529800000000705	epochs	0.0
1368.1110000610352	0.049999999999954525	epochs	1.0
1368.161000061035	0.003000000000156433	epochs	1.0
1368.1640000610353	0.09997999999995955	epochs	1.0
1369.093999862671	0.1529800000000705	epochs	0.0
1369.093999862671	0.049999999999954525	epochs	1.0
1369.1439998626709	0.003000000000156433	epochs	1.0
1369.146999862671	0.09997999999995955	epochs	1.0
1370.1280002593994	0.1529800000000705	epochs	0.0
1370.1280002593994	0.049999999999954525	epochs	1.0
1370.1780002593994	0.003000000000156433	epochs	1.0
1370.1810002593995	0.09997999999995955	epochs	1.0
1371.16100025177	0.1529800000000705	epochs	0.0
1371.16100025177	0.049999999999954525	epochs	1.0
1371.21100025177	0.003000000000156433	epochs	1.0
1371.2140002517701	0.09997999999995955	epochs	1.0
1372.1940002441406	0.1529800000000705	epochs	0.0
1372.1940002441406	0.049999999999954525	epochs	1.0
1372.2440002441406	0.003000000000156433	epochs	1.0
1372.2470002441407	0.09997999999995955	epochs	1.0
1373.2420001029968	0.1529800000000705	epochs	0.0
1373.2420001029968	0.049999999999954525	epochs	1.0
1373.2920001029968	0.003000000000156433	epochs	1.0
1373.295000102997	0.09997999999995955	epochs	1.0
1374.2919998168945	0.1529800000000705	epochs	0.0
1374.2919998168945	0.049999999999954525	epochs	1.0
1374.3419998168945	0.003000000000156433	epochs	1.0
1374.3449998168946	0.09997999999995955	epochs	1.0
1375.3420000076294	0.1529800000000705	epochs	0.0
1375.3420000076294	0.049999999999954525	epochs	1.0
1375.3920000076293	0.003000000000156433	epochs	1.0
1375.3950000076295	0.09997999999995955	epochs	1.0
1376.4250001907349	0.1529800000000705	epochs	0.0
1376.4250001907349	0.049999999999954525	epochs	1.0
1376.4750001907348	0.003000000000156433	epochs	1.0
1376.478000190735	0.09997999999995955	epochs	1.0
1377.5920000076294	0.10547999999994317	epochs	0.0
1377.5920000076294	0.04774019999990742	epochs	1.0
1377.6397402076293	0.00999960000012834	epochs	1.0
1377.6497398076294	0.04774019999990742	epochs	1.0
1377.6974800076293	0.5341399999999794	epochs	0.0
1377.6974800076293	0.5	epochs	1.0
1377.6974852076294	0.5	epochs	-1.0
1378.1974800076293	0.003000000000156433	epochs	1.0
1378.2004800076295	0.031139999999822976	epochs	1.0
1378.2316200076293	1.0688400000001366	epochs	0.0
1390.875	0.10547999999994317	epochs	0.0
1390.875	0.04774019999990742	epochs	1.0
1390.9227402	0.00999960000012834	epochs	1.0
1390.9327398	0.04774019999990742	epochs	1.0
1390.98048	1.5344199999999546	epochs	0.0
1390.98048	0.5	epochs	1.0
1390.9804852	0.5	epochs	-1.0
1391.48048	0.003000000000156433	epochs	1.0
1391.48348	1.0314199999997982	epochs	1.0
1391.9834852	0.5	epochs	-1.0
1392.5149	0.06856000000016138	epochs	0.0
1393.3520002365112	0.10547999999994317	epochs	0.0
1393.3520002365112	0.04774019999990742	epochs	1.0
1393.3997404365111	0.00999960000012834	epochs	1.0
1393.4097400365113	0.04774019999990742	epochs	1.0
1393.4574802365112	1.5347799999999552	epochs	0.0
1393.4574802365112	0.5	epochs	1.0
1393.4574854365112	0.5	epochs	-1.0
1393.9574802365112	0.003000000000156433	epochs	1.0
1393.9604802365113	1.0317799999997987	epochs	1.0
1394.4604854365111	0.5	epochs	-1.0
1394.9922602365111	0.0682000000001608	epochs	0.0
1395.8860001564026	0.10547999999994317	epochs	0.0
1395.8860001564026	0.04774019999990742	epochs	1.0
1395.9337403564025	0.00999960000012834	epochs	1.0
1395.9437399564026	0.04774019999990742	epochs	1.0
1395.9914801564025	1.5545400000000882	epochs	0.0
1395.9914801564025	0.5	epochs	1.0
1395.9914853564026	0.5	epochs	-1.0
1396.4914801564025	0.003000000000156433	epochs	1.0
1396.4944801564027	1.0515399999999318	epochs	1.0
1396.9944853564025	0.5	epochs	-1.0
1397.5460201564026	0.048440000000027794	epochs	0.0
1710.9889998435974	0.10544000000004417	epochs	0.0
1710.9889998435974	0.04772210000010091	epochs	1.0
1711.0367219435975	0.009995799999842347	epochs	1.0
1711.0467177435974	0.04772210000010091	epochs	1.0
1711.0944398435975	2.0	epochs	0.0
1713.0944398435975	5.394080000000031	epochs	0.0
1713.0944398435975	1.0	epochs	1.0
1713.0944850435974	0.5	epochs	-1.0
1713.5944850435974	4.8940348000000995	epochs	-1.0
1714.0944398435975	4.394080000000031	epochs	1.0
1714.0944398435975	4.356753900000058	epochs	-1.0
1714.0944398435975	1.9745871999998599	epochs	2.0
1714.0944398435975	1.0985622000000603	epochs	3.0
1715.1930020435975	0.8760249999997995	epochs	3.0
1716.0690270435973	1.3524075000000266	epochs	2.0
1716.0690270435973	0.7286355000001095	epochs	3.0
1716.7976625435974	0.6237719999999172	epochs	3.0
1717.4214345435973	1.0297592000001714	epochs	2.0
1717.4214345435973	0.5453293000000485	epochs	3.0
1717.9667638435974	0.48442990000012287	epochs	3.0
1718.4511937435975	0.03732609999997294	epochs	2.0
1718.4511937435975	0.03732609999997294	epochs	3.0
1718.4885198435975	16.605839999999944	epochs	0.0
1719.5910000801086	0.10544000000004417	epochs	0.0
1719.5910000801086	0.04772210000010091	epochs	1.0
1719.6387221801087	0.009995799999842347	epochs	1.0
1719.6487179801086	0.04772210000010091	epochs	1.0
1719.6964400801087	2.0	epochs	0.0
1721.6964400801087	21.51487999999995	epochs	0.0
1721.6964400801087	1.0	epochs	1.0
1721.6964852801086	0.5	epochs	-1.0
1722.1964852801086	19.998800000000074	epochs	-1.0
1722.6964400801087	20.0	epochs	1.0
1722.6964400801087	4.356753900000058	epochs	-1.0
1722.6964400801087	1.9745871999998599	epochs	2.0
1722.6964400801087	1.0985622000000603	epochs	3.0
1723.7950022801087	0.8760249999997995	epochs	3.0
1724.6710272801085	1.3524075000000266	epochs	2.0
1724.6710272801085	0.7286355000001095	epochs	3.0
1725.3996627801087	0.6237719999999172	epochs	3.0
1726.0234347801086	1.0297592000001714	epochs	2.0
1726.0234347801086	0.5453293000000485	epochs	3.0
1726.5687640801086	0.48442990000012287	epochs	3.0
1727.0531939801087	0.8317861999998968	epochs	2.0
1727.0531939801087	0.4357762999998158	epochs	3.0
1727.4889702801086	0.39600990000008096	epochs	3.0
1727.8849801801086	0.6977970000000369	epochs	2.0
1727.8849801801086	0.3628982000000178	epochs	3.0
1728.2478783801087	0.33489880000001904	epochs	3.0
1728.5827771801087	0.601045699999986	epochs	2.0
1728.5827771801087	0.3109122999999272	epochs	3.0
1728.8936894801086	0.2901334000000588	epochs	3.0
1729.1838228801087	0.5278859000000011	epochs	2.0
1729.1838228801087	0.2719586000000618	epochs	3.0
1729.4557814801087	0.25592729999993935	epochs	3.0
1729.7117087801087	0.470619299999953	epochs	2.0
1729.7117087801087	0.241681299999982	epochs	3.0
1729.9533900801086	0.228937999999971	epochs	3.0
1730.1823280801086	0.42457039999999324	epochs	2.0
1730.1823280801086	0.21747140000002219	epochs	3.0
1730.3997994801086	0.20709899999997106	epochs	3.0
1730.6068984801086	0.3867354000001342	epochs	2.0
1730.6068984801086	0.19767109999997956	epochs	3.0
1730.8045695801086	0.18906430000015462	epochs	3.0
1730.9936338801087	0.35509529999990264	epochs	2.0
1730.9936338801087	0.18117589999997108	epochs	3.0
1731.1748097801087	0.17391939999993156	epochs	3.0
1731.3487291801086	0.3282431000000088	epochs	2.0
1731.3487291801086	0.16722189999995862	epochs	3.0
1731.5159510801086	0.16102120000005016	epochs	3.0
1731.6769722801087	0.30516800000009425	epochs	2.0
1731.6769722801087	0.15526389999990897	epochs	3.0
1731.8322361801086	0.14990410000018528	epochs	3.0
1731.9821402801088	0.28512529999989056	epochs	2.0
1731.9821402801088	0.14490209999985382	epochs	3.0
1732.1270423801086	0.14022320000003674	epochs	3.0
1732.2672655801086	0.267553800000087	epochs	2.0
1732.2672655801086	0.1358368999999584	epochs	3.0
1732.4031024801086	0.1317169000001286	epochs	3.0
1732.5348193801087	0.252022899999929	epochs	2.0
1732.5348193801087	0.1278393000000051	epochs	3.0
1732.6626586801087	0.1241835999999239	epochs	3.0
1732.7868422801087	0.23819649999995818	epochs	2.0
1732.7868422801087	0.12073110000005727	epochs	3.0
1732.9075733801087	0.11746539999990091	epochs	3.0
1733.0250387801086	0.2258088000000953	epochs	2.0
1733.0250387801086	0.1143718999999237	epochs	3.0
1733.1394106801085	0.11143690000017159	epochs	3.0
1733.2508475801087	0.21464599999990241	epochs	2.0
1733.2508475801087	0.10864889999993466	epochs	3.0
1733.3594964801086	0.10599709999996776	epochs	3.0
1733.4654935801086	0.20453500000007807	epochs	2.0
1733.4654935801086	0.10347150000006877	epochs	3.0
1733.5689650801087	0.1010635000000093	epochs	3.0
1733.6700285801087	0.19533400000000256	epochs	2.0
1733.6700285801087	0.09876510000003691	epochs	3.0
1733.7687936801087	0.09656889999996565	epochs	3.0
1733.8653625801087	0.18692529999998442	epochs	2.0
1733.8653625801087	0.09446830000001682	epochs	3.0
1733.9598308801087	0.09245699999996759	epochs	3.0
1734.0522878801087	0.17921069999988504	epochs	2.0
1734.0522878801087	0.09052959999985433	epochs	3.0
1734.1428174801085	0.08868110000003071	epochs	3.0
1734.2314985801086	0.17210769999996955	epochs	2.0
1734.2314985801086	0.08690630000000965	epochs	3.0
1734.3184048801086	0.0852013999999599	epochs	3.0
1734.4036062801085	0.16554640000003928	epochs	2.0
1734.4036062801085	0.08356190000017705	epochs	3.0
1734.4871681801087	0.08198449999986224	epochs	3.0
1734.5691526801086	0.15946710000002895	epochs	2.0
1734.5691526801086	0.08046540000009372	epochs	3.0
1734.6496180801087	0.07900169999993523	epochs	3.0
1734.7286197801086	0.15381840000009106	epochs	2.0
1734.7286197801086	0.07759009999995214	epochs	3.0
1734.8062098801086	0.07622830000013892	epochs	3.0
1734.8824381801087	0.14855639999996129	epochs	2.0
1734.8824381801087	0.07491329999993468	epochs	3.0
1734.9573514801086	0.0736431000000266	epochs	3.0
1735.0309945801087	0.14364240000008976	epochs	2.0
1735.0309945801087	0.07241500000009182	epochs	3.0
1735.1034095801087	0.07122739999999794	epochs	3.0
1735.1746369801087	0.13904309999998077	epochs	2.0
1735.1746369801087	0.07007799999996678	epochs	3.0
1735.2447149801087	0.06896510000001399	epochs	3.0
1735.3136800801087	0.13472929999988992	epochs	2.0
1735.3136800801087	0.0678871000000072	epochs	3.0
1735.3815671801087	0.06684219999988272	epochs	3.0
1735.4484093801086	0.1306752000000415	epochs	2.0
1735.4484093801086	0.06582909999997355	epochs	3.0
1735.5142384801086	0.06484610000006796	epochs	3.0
1735.5790845801087	0.1268577999999252	epochs	2.0
1735.5790845801087	0.06389199999989614	epochs	3.0
1735.6429765801086	0.06296580000002905	epochs	3.0
1735.7059423801086	0.12325720000012552	epochs	2.0
1735.7059423801086	0.06206580000002759	epochs	3.0
1735.7680081801086	0.06119140000009793	epochs	3.0
1735.8291995801087	0.11985540000000583	epochs	2.0
1735.8291995801087	0.060341099999959624	epochs	3.0
1735.8895406801087	0.059514300000046205	epochs	3.0
1735.9490549801087	0.1166361999999026	epochs	2.0
1735.9490549801087	0.058709599999929196	epochs	3.0
1736.0077645801086	0.057926599999973405	epochs	3.0
1736.0656911801086	0.11358560000007856	epochs	2.0
1736.0656911801086	0.05716419999998834	epochs	3.0
1736.1228553801086	0.056421400000090216	epochs	3.0
1736.1792767801087	0.11069049999991876	epochs	2.0
1736.1792767801087	0.055697900000041045	epochs	3.0
1736.2349746801087	0.05499259999987771	epochs	3.0
1736.2899672801086	0.1079391000000669	epochs	2.0
1736.2899672801086	0.05430490000003374	epochs	3.0
1736.3442721801086	0.05363420000003316	epochs	3.0
1736.3979063801087	0.10532149999994544	epochs	2.0
1736.3979063801087	0.05297999999993408	epochs	3.0
1736.4508863801086	0.052341500000011365	epochs	3.0
1736.5032278801086	0.10282759999995505	epochs	2.0
1736.5032278801086	0.05171810000001642	epochs	3.0
1736.5549459801086	0.051109499999938635	epochs	3.0
1736.6060554801086	0.10044910000010532	epochs	2.0
1736.6060554801086	0.050514900000052876	epochs	3.0
1736.6565703801086	0.04993420000005244	epochs	3.0
1736.7065045801087	0.0981782999999723	epochs	2.0
1736.7065045801087	0.04936659999998483	epochs	3.0
1736.7558711801087	0.04881169999998747	epochs	3.0
1736.8046828801087	0.09600780000005216	epochs	2.0
1736.8046828801087	0.04826920000004975	epochs	3.0
1736.8529520801087	0.04773860000000241	epochs	3.0
1736.9006906801087	0.09393120000004274	epochs	2.0
1736.9006906801087	0.04721949999998287	epochs	3.0
1736.9479101801087	0.046711700000059864	epochs	3.0
1736.9946218801088	0.09194259999981114	epochs	2.0
1736.9946218801088	0.046214599999984785	epochs	3.0
1737.0408364801087	0.04572799999982635	epochs	3.0
1737.0865644801086	0.09003630000006524	epochs	2.0
1737.0865644801086	0.04525150000017675	epochs	3.0
1737.1318159801087	0.04478479999988849	epochs	3.0
1737.1766007801086	0.08820760000003247	epochs	2.0
1737.1766007801086	0.044327800000019124	epochs	3.0
1737.2209285801086	0.04387980000001335	epochs	3.0
1737.2648083801087	0.0864516999999978	epochs	2.0
1737.2648083801087	0.04344100000002982	epochs	3.0
1737.3082493801087	0.04301069999996798	epochs	3.0
1737.3512600801087	0.08476429999996071	epochs	2.0
1737.3512600801087	0.04258899999990717	epochs	3.0
1737.3938490801086	0.04217530000005354	epochs	3.0
1737.4360243801086	0.08314150000001064	epochs	2.0
1737.4360243801086	0.04176970000003166	epochs	3.0
1737.4777940801087	0.041371799999978975	epochs	3.0
1737.5191658801086	0.08157970000002024	epochs	2.0
1737.5191658801086	0.040981399999964196	epochs	3.0
1737.5601472801086	0.04059830000005604	epochs	3.0
1737.6007455801087	0.08007550000002084	epochs	2.0
1737.6007455801087	0.040222300000095856	epochs	3.0
1737.6409678801087	0.03985319999992498	epochs	3.0
1737.6808210801087	0.07862569999997504	epochs	2.0
1737.6808210801087	0.039490800000066884	epochs	3.0
1737.7203118801087	0.03913489999990816	epochs	3.0
1737.7594467801086	0.07722760000001472	epochs	2.0
1737.7594467801086	0.038785400000051595	epochs	3.0
1737.7982321801087	0.03844219999996312	epochs	3.0
1737.8366743801087	0.07587820000003376	epochs	2.0
1737.8366743801087	0.03810479999992822	epochs	3.0
1737.8747791801086	0.03777340000010554	epochs	3.0
1737.9125525801087	0.0745752000000266	epochs	2.0
1737.9125525801087	0.03744770000002973	epochs	3.0
1737.9500002801087	0.03712749999999687	epochs	3.0
1737.9871277801087	0.07331629999998768	epochs	2.0
1737.9871277801087	0.03681289999985893	epochs	3.0
1738.0239406801086	0.03650340000012875	epochs	3.0
1738.0604440801087	0.07209899999998015	epochs	2.0
1738.0604440801087	0.03619909999997617	epochs	3.0
1738.0966431801087	0.03589990000000398	epochs	3.0
1738.1325430801087	0.07092169999987163	epochs	2.0
1738.1325430801087	0.03560560000005353	epochs	3.0
1738.1681486801087	0.03531609999981811	epochs	3.0
1738.2034647801086	0.06978200000003199	epochs	2.0
1738.2034647801086	0.03503120000004856	epochs	3.0
1738.2384959801086	0.03475079999998343	epochs	3.0
1738.2732467801086	0.06867860000011206	epochs	2.0
1738.2732467801086	0.03447510000000875	epochs	3.0
1738.3077218801086	0.034203500000103304	epochs	3.0
1738.3419253801087	0.06760929999995824	epochs	2.0
1738.3419253801087	0.033936199999970995	epochs	3.0
1738.3758615801087	0.033673099999987244	epochs	3.0
1738.4095346801087	0.06657289999998284	epochs	2.0
1738.4095346801087	0.03341399999999339	epochs	3.0
1738.4429486801087	0.033158899999989444	epochs	3.0
1738.4761075801086	0.06556780000005347	epochs	2.0
1738.4761075801086	0.03290769999989607	epochs	3.0
1738.5090152801085	0.0326601000001574	epochs	3.0
1738.5416753801087	0.06459259999996902	epochs	2.0
1738.5416753801087	0.03241639999987456	epochs	3.0
1738.5740917801086	0.03217620000009447	epochs	3.0
1738.6062679801087	0.06364600000006249	epochs	2.0
1738.6062679801087	0.03193959999998697	epochs	3.0
1738.6382075801087	0.03170640000007552	epochs	3.0
1738.6699139801087	0.0627266999999847	epochs	2.0
1738.6699139801087	0.031476599999905375	epochs	3.0
1738.7013905801086	0.03125010000007933	epochs	3.0
1738.7326406801087	0.06183359999999993	epochs	2.0
1738.7326406801087	0.03102689999991526	epochs	3.0
1738.7636675801086	0.030806700000084675	epochs	3.0
1738.7944742801087	0.060965599999917686	epochs	2.0
1738.7944742801087	0.030589799999916067	epochs	3.0
1738.8250640801086	0.030375800000001618	epochs	3.0
1738.8554398801086	0.06012160000000222	epochs	2.0
1738.8554398801086	0.030164900000045236	epochs	3.0
1738.8856047801087	0.02995669999995698	epochs	3.0
1738.9155614801086	0.05930069999999432	epochs	2.0
1738.9155614801086	0.029751600000054168	epochs	3.0
1738.9453130801087	0.029549099999940154	epochs	3.0
1738.9748621801086	0.05850179999993088	epochs	2.0
1738.9748621801086	0.02934940000000097	epochs	3.0
1739.0042115801086	0.029152399999929912	epochs	3.0
1739.0333639801086	0.05772420000016609	epochs	2.0
1739.0333639801086	0.028958000000102402	epochs	3.0
1739.0623219801087	0.02876620000006369	epochs	3.0
1739.0910881801087	0.056967099999837956	epochs	2.0
1739.0910881801087	0.02857699999981378	epochs	3.0
1739.1196651801085	0.028390100000024177	epochs	3.0
1739.1480552801086	0.05622949999997218	epochs	2.0
1739.1480552801086	0.02820570000017142	epochs	3.0
1739.1762609801087	0.028023799999800758	epochs	3.0
1739.2042847801085	0.05551070000001346	epochs	2.0
1739.2042847801085	0.027844000000186497	epochs	3.0
1739.2321287801087	0.02766669999982696	epochs	3.0
1739.2597954801086	0.054810200000019904	epochs	2.0
1739.2597954801086	0.02749149999999645	epochs	3.0
1739.2872869801085	0.027318700000023455	epochs	3.0
1739.3146056801086	0.05412700000010773	epochs	2.0
1739.3146056801086	0.027147799999966082	epochs	3.0
1739.3417534801085	0.026979200000141645	epochs	3.0
1739.3687326801087	0.053460699999959616	epochs	2.0
1739.3687326801087	0.02681259999985741	epochs	3.0
1739.3955452801085	0.026648100000102204	epochs	3.0
1739.4221933801086	0.05281070000000909	epochs	2.0
1739.4221933801086	0.026485600000114573	epochs	3.0
1739.4486789801088	0.02632509999989452	epochs	3.0
1739.4750040801086	0.05217620000007628	epochs	2.0
1739.4750040801086	0.026166399999965506	epochs	3.0
1739.5011704801086	0.026009800000110772	epochs	3.0
1739.5271802801087	0.051556699999991906	epochs	2.0
1739.5271802801087	0.025854799999933675	epochs	3.0
1739.5530350801087	0.02570190000005823	epochs	3.0
1739.5787369801087	0.05095189999997274	epochs	2.0
1739.5787369801087	0.025550699999939752	epochs	3.0
1739.6042876801087	0.025401200000032986	epochs	3.0
1739.6296888801087	0.05036100000006627	epochs	2.0
1739.6296888801087	0.025253499999962514	epochs	3.0
1739.6549423801087	0.025107500000103755	epochs	3.0
1739.6800498801088	0.04978379999988647	epochs	2.0
1739.6800498801088	0.024963199999774588	epochs	3.0
1739.7050130801085	0.02482060000011188	epochs	3.0
1739.7298336801086	0.04921949999993558	epochs	2.0
1739.7298336801086	0.024679399999968155	epochs	3.0
1739.7545130801086	0.024540099999967424	epochs	3.0
1739.7790531801086	0.04866790000005494	epochs	2.0
1739.7790531801086	0.024402100000088467	epochs	3.0
1739.8034552801087	0.024265799999966475	epochs	3.0
1739.8277210801086	0.048128599999927246	epochs	2.0
1739.8277210801086	0.02413099999989754	epochs	3.0
1739.8518520801085	0.023997600000029706	epochs	3.0
1739.8758496801086	0.047601100000065344	epochs	2.0
1739.8758496801086	0.023865800000066884	epochs	3.0
1739.8997154801086	0.02373529999999846	epochs	3.0
1739.9234507801086	0.04708499999992455	epochs	2.0
1739.9234507801086	0.023606299999983094	epochs	3.0
1739.9470570801086	0.023478699999941455	epochs	3.0
1739.9705357801085	0.04658000000017637	epochs	2.0
1739.9705357801085	0.023352500000100918	epochs	3.0
1739.9938882801086	0.02322750000007545	epochs	3.0
1740.0171157801087	0.04608569999982137	epochs	2.0
1740.0171157801087	0.02310399999987567	epochs	3.0
1740.0402197801086	0.022981699999945704	epochs	3.0
1740.0632014801085	0.045601799999985815	epochs	2.0
1740.0632014801085	0.022860700000137513	epochs	3.0
1740.0860621801087	0.022741099999848302	epochs	3.0
1740.1088032801085	0.04512790000012501	epochs	2.0
1740.1088032801085	0.022622500000125	epochs	3.0
1740.1314257801087	0.02250540000000001	epochs	3.0
1740.1539311801087	0.0446638000000803	epochs	2.0
1740.1539311801087	0.02238929999998618	epochs	3.0
1740.1763204801086	0.022274500000094122	epochs	3.0
1740.1985949801087	0.044209199999841076	epochs	2.0
1740.1985949801087	0.022160799999937808	epochs	3.0
1740.2207557801087	0.022048399999903268	epochs	3.0
1740.2428041801086	0.04376360000014756	epochs	2.0
1740.2428041801086	0.021936900000127935	epochs	3.0
1740.2647410801087	0.021826700000019628	epochs	3.0
1740.2865677801087	0.04332709999994222	epochs	2.0
1740.2865677801087	0.021717599999874437	epochs	3.0
1740.3082853801086	0.021609500000067783	epochs	3.0
1740.3298948801087	0.04289900000003399	epochs	2.0
1740.3298948801087	0.02150249999999687	epochs	3.0
1740.3513973801087	0.021396500000037122	epochs	3.0
1740.3727938801087	0.04247949999989942	epochs	2.0
1740.3727938801087	0.021291699999892444	epochs	3.0
1740.3940855801086	0.021187800000006973	epochs	3.0
1740.4152733801086	0.04206790000012006	epochs	2.0
1740.4152733801086	0.02108490000000529	epochs	3.0
1740.4363582801086	0.02098300000011477	epochs	3.0
1740.4573412801087	0.04166439999994509	epochs	2.0
1740.4573412801087	0.020882199999959994	epochs	3.0
1740.4782234801087	0.020782199999985096	epochs	3.0
1740.4990056801087	0.041268499999887354	epochs	2.0
1740.4990056801087	0.020683299999973315	epochs	3.0
1740.5196889801086	0.02058519999991404	epochs	3.0
1740.5402741801086	0.04088000000001557	epochs	2.0
1740.5402741801086	0.0204881000001933	epochs	3.0
1740.5607622801087	0.02039189999982227	epochs	3.0
1740.5811541801086	0.04049880000002304	epochs	2.0
1740.5811541801086	0.0202966000001652	epochs	3.0
1740.6014507801087	0.02020219999985784	epochs	3.0
1740.6216529801086	0.04012460000012652	epochs	2.0
1740.6216529801086	0.02010870000003706	epochs	3.0
1740.6417616801086	0.02001590000008946	epochs	3.0
1740.6617775801087	0.03975730000001931	epochs	2.0
1740.6617775801087	0.0199241999998776	epochs	3.0
1740.6817017801086	0.019833100000141712	epochs	3.0
1740.7015348801087	0.03939669999999751	epochs	2.0
1740.7015348801087	0.019742999999834865	epochs	3.0
1740.7212778801086	0.019653700000162644	epochs	3.0
1740.7409315801087	0.03904239999997117	epochs	2.0
1740.7409315801087	0.019565099999908853	epochs	3.0
1740.7604966801086	0.019477300000062314	epochs	3.0
1740.7799739801087	0.03869459999987157	epochs	2.0
1740.7799739801087	0.019390400000020236	epochs	3.0
1740.7993643801087	0.019304199999851335	epochs	3.0
1740.8186685801086	0.03835290000006353	epochs	2.0
1740.8186685801086	0.019218800000089686	epochs	3.0
1740.8378873801087	0.01913409999997384	epochs	3.0
1740.8570214801086	0.03801720000001296	epochs	2.0
1740.8570214801086	0.019050200000037876	epochs	3.0
1740.8760716801087	0.018966999999975087	epochs	3.0
1740.8950386801087	0.03768719999993664	epochs	2.0
1740.8950386801087	0.01888450000001285	epochs	3.0
1740.9139231801087	0.01880269999992379	epochs	3.0
1740.9327258801086	0.03736309999999321	epochs	2.0
1740.9327258801086	0.018721700000014607	epochs	3.0
1740.9514475801086	0.018641399999978603	epochs	3.0
1740.9700889801086	0.037044300000161456	epochs	2.0
1740.9700889801086	0.018561600000111866	epochs	3.0
1740.9886505801087	0.01848270000004959	epochs	3.0
1741.0071332801087	0.03673099999991791	epochs	2.0
1741.0071332801087	0.018404299999929208	epochs	3.0
1741.0255375801087	0.018326699999988705	epochs	3.0
1741.0438642801087	0.03642289999993409	epochs	2.0
1741.0438642801087	0.018249599999990096	epochs	3.0
1741.0621138801087	0.018173299999943993	epochs	3.0
1741.0802871801086	0.03612010000006194	epochs	2.0
1741.0802871801086	0.018097600000146485	epochs	3.0
1741.0983847801087	0.018022499999915453	epochs	3.0
1741.1164072801087	0.03582209999990482	epochs	2.0
1741.1164072801087	0.017947900000081063	epochs	3.0
1741.1343551801087	0.01787419999982376	epochs	3.0
1741.1522293801086	0.03552899999999681	epochs	2.0
1741.1522293801086	0.017800800000031813	epochs	3.0
1741.1700301801086	0.017728199999965	epochs	3.0
1741.1877583801086	0.03524070000003121	epochs	2.0
1741.1877583801086	0.017656100000067454	epochs	3.0
1741.2054144801086	0.017584599999963757	epochs	3.0
1741.2229990801086	0.03495710000015606	epochs	2.0
1741.2229990801086	0.017513700000108656	epochs	3.0
1741.2405127801087	0.017443400000047404	epochs	3.0
1741.2579561801087	0.034677899999906	epochs	2.0
1741.2579561801087	0.017373599999928047	epochs	3.0
1741.2753297801087	0.017304299999977957	epochs	3.0
1741.2926340801087	0.03440329999989444	epochs	2.0
1741.2926340801087	0.017235699999901044	epochs	3.0
1741.3098697801086	0.0171675999999934	epochs	3.0
1741.3270373801085	0.034132800000179486	epochs	2.0
1741.3270373801085	0.017099900000175694	epochs	3.0
1741.3441372801087	0.017032900000003792	epochs	3.0
1741.3611701801087	0.03386669999986225	epochs	2.0
1741.3611701801087	0.01696640000000116	epochs	3.0
1741.3781365801087	0.01690029999986109	epochs	3.0
1741.3950368801086	0.03360459999998966	epochs	2.0
1741.3950368801086	0.01683479999996962	epochs	3.0
1741.4118716801086	0.01676980000002004	epochs	3.0
1741.4286414801086	0.033346599999958926	epochs	2.0
1741.4286414801086	0.016705300000012357	epochs	3.0
1741.4453467801086	0.01664129999994657	epochs	3.0
1741.4619880801085	0.03309250000006614	epochs	2.0
1741.4619880801085	0.016577800000050047	epochs	3.0
1741.4785658801086	0.01651470000001609	epochs	3.0
1741.4950805801086	0.032842300000083924	epochs	2.0
1741.4950805801086	0.01645220000000336	epochs	3.0
1741.5115327801086	0.016390100000080565	epochs	3.0
1741.5279228801087	0.03259570000000167	epochs	2.0
1741.5279228801087	0.016328400000020338	epochs	3.0
1741.5442512801087	0.016267299999981333	epochs	3.0
1741.5605185801087	0.032352899999978035	epochs	2.0
1741.5605185801087	0.016206600000032267	epochs	3.0
1741.5767251801087	0.016146299999945768	epochs	3.0
1741.5928714801087	0.032113700000081735	epochs	2.0
1741.5928714801087	0.01608659999988049	epochs	3.0
1741.6089580801086	0.016027100000201244	epochs	3.0
1741.6249851801088	0.03187800000000607	epochs	2.0
1741.6249851801088	0.0159681999998611	epochs	3.0
1741.6409533801086	0.01590980000014497	epochs	3.0
1741.6568631801088	0.03164569999989908	epochs	2.0
1741.6568631801088	0.015851599999905375	epochs	3.0
1741.6727147801087	0.015794099999993705	epochs	3.0
1741.6885088801087	0.031416699999908815	epochs	2.0
1741.6885088801087	0.01573669999993399	epochs	3.0
1741.7042455801086	0.015679999999974825	epochs	3.0
1741.7199255801086	0.031191100000114602	epochs	2.0
1741.7199255801086	0.015623600000026272	epochs	3.0
1741.7355491801086	0.01556750000008833	epochs	3.0
1741.7511166801087	0.030968699999903038	epochs	2.0
1741.7511166801087	0.015511999999944237	epochs	3.0
1741.7666286801086	0.0154566999999588	epochs	3.0
1741.7820853801086	0.030749499999956242	epochs	2.0
1741.7820853801086	0.015401999999994587	epochs	3.0
1741.7974873801086	0.015347499999961656	epochs	3.0
1741.8128348801085	0.03053320000003623	epochs	2.0
1741.8128348801085	0.015293400000018664	epochs	3.0
1741.8281282801086	0.015239800000017567	epochs	3.0
1741.8433680801086	0.030320100000153616	epochs	2.0
1741.8433680801086	0.015186500000027081	epochs	3.0
1741.8585545801086	0.015133600000126535	epochs	3.0
1741.8736881801087	0.030109899999843037	epochs	2.0
1741.8736881801087	0.015081000000009226	epochs	3.0
1741.8887691801087	0.015028899999833811	epochs	3.0
1741.9037980801086	0.029902500000162036	epochs	2.0
1741.9037980801086	0.014977000000044427	epochs	3.0
1741.9187750801086	0.014925500000117609	epochs	3.0
1741.9337005801087	0.029698099999905025	epochs	2.0
1741.9337005801087	0.014874399999825982	epochs	3.0
1741.9485749801086	0.014823700000079043	epochs	3.0
1741.9633986801086	0.029496299999891562	epochs	2.0
1741.9633986801086	0.014773200000036013	epochs	3.0
1741.9781718801087	0.014723099999855549	epochs	3.0
1741.9928949801085	0.029297400000132257	epochs	2.0
1741.9928949801085	0.014673400000219772	epochs	3.0
1742.0075683801088	0.014623999999912485	epochs	3.0
1742.0221923801087	0.029101099999934377	epochs	2.0
1742.0221923801087	0.014574900000070556	epochs	3.0
1742.0367672801087	0.01452619999986382	epochs	3.0
1742.0512934801086	0.028907399999980044	epochs	2.0
1742.0512934801086	0.014477700000043114	epochs	3.0
1742.0657711801086	0.014429699999936929	epochs	3.0
1742.0802008801086	0.028716199999962555	epochs	2.0
1742.0802008801086	0.014381800000137446	epochs	3.0
1742.0945826801087	0.01433439999982511	epochs	3.0
1742.1089170801085	0.028527600000188613	epochs	2.0
1742.1089170801085	0.014287200000126177	epochs	3.0
1742.1232042801087	0.014240400000062436	epochs	3.0
1742.1374446801087	0.02834139999981744	epochs	2.0
1742.1374446801087	0.014193799999929979	epochs	3.0
1742.1516384801087	0.014147599999887461	epochs	3.0
1742.1657860801085	0.028157700000065233	epochs	2.0
1742.1657860801085	0.014101700000082928	epochs	3.0
1742.1798877801086	0.014055999999982305	epochs	3.0
1742.1939437801086	0.027976300000091214	epochs	2.0
1742.1939437801086	0.014010600000119666	epochs	3.0
1742.2079543801087	0.013965699999971548	epochs	3.0
1742.2219200801087	0.027797199999895383	epochs	2.0
1742.2219200801087	0.013920800000050804	epochs	3.0
1742.2358408801088	0.01387639999984458	epochs	3.0
1742.2497172801086	0.02762040000015986	epochs	2.0
1742.2497172801086	0.013832200000024386	epochs	3.0
1742.2635494801086	0.013788200000135475	epochs	3.0
1742.2773376801088	0.027445899999975154	epochs	2.0
1742.2773376801088	0.013744599999881757	epochs	3.0
1742.2910822801086	0.013701300000093397	epochs	3.0
1742.3047835801087	0.027273499999864725	epochs	2.0
1742.3047835801087	0.013658200000008947	epochs	3.0
1742.3184417801087	0.013615299999855779	epochs	3.0
1742.3320570801086	0.027103399999987232	epochs	2.0
1742.3320570801086	0.013572800000019924	epochs	3.0
1742.3456298801086	0.013530599999967308	epochs	3.0
1742.3591604801086	0.02693520000002536	epochs	2.0
1742.3591604801086	0.013488400000142065	epochs	3.0
1742.3726488801087	0.013446799999883297	epochs	3.0
1742.3860956801086	0.026769199999989723	epochs	2.0
1742.3860956801086	0.013405200000079276	epochs	3.0
1742.3995008801087	0.013363999999910448	epochs	3.0
1742.4128648801086	0.026605199999949036	epochs	2.0
1742.4128648801086	0.013322900000048321	epochs	3.0
1742.4261877801086	0.013282299999900715	epochs	3.0
1742.4394700801085	0.026443200000130673	epochs	2.0
1742.4394700801085	0.013241699999980483	epochs	3.0
1742.4527117801085	0.01320150000015019	epochs	3.0
1742.4659132801087	0.026283199999852513	epochs	2.0
1742.4659132801087	0.013161500000023807	epochs	3.0
1742.4790747801087	0.013121699999828706	epochs	3.0
1742.4921964801085	0.02612500000009277	epochs	2.0
1742.4921964801085	0.013082100000019636	epochs	3.0
1742.5052785801086	0.013042900000073132	epochs	3.0
1742.5183214801086	0.025968899999952555	epochs	2.0
1742.5183214801086	0.01300390000005791	epochs	3.0
1742.5313253801087	0.012964999999894644	epochs	3.0
1742.5442903801086	0.025814500000024054	epochs	2.0
1742.5442903801086	0.012926399999969362	epochs	3.0
1742.5572167801085	0.012888100000054692	epochs	3.0
1742.5701048801086	0.025661899999931848	epochs	2.0
1742.5701048801086	0.012849899999991976	epochs	3.0
1742.5829547801086	0.012811999999939871	epochs	3.0
1742.5957667801085	0.02551120000021001	epochs	2.0
1742.5957667801085	0.012774400000125752	epochs	3.0
1742.6085411801087	0.012736800000084258	epochs	3.0
1742.6212779801087	0.02536229999986972	epochs	2.0
1742.6212779801087	0.01269969999998466	epochs	3.0
1742.6339776801087	0.01266259999988506	epochs	3.0
1742.6466402801086	0.02521500000011656	epochs	2.0
1742.6466402801086	0.012625800000023446	epochs	3.0
1742.6592660801086	0.012589200000093115	epochs	3.0
1742.6718552801087	0.024584799999956886	epochs	2.0
1742.6952852801087	0.5	epochs	-1.0
1742.6964400801087	0.5148799999999483	epochs	1.0
1743.2113200801086	0.48504000000002634	epochs	0.0
1744.3680000305176	0.10544000000004417	epochs	0.0
1744.3680000305176	0.04772210000010091	epochs	1.0
1744.4157221305177	0.009995799999842347	epochs	1.0
1744.4257179305175	0.04772210000010091	epochs	1.0
1744.4734400305176	2.0	epochs	0.0
1746.4734400305176	21.514239999999972	epochs	0.0
1746.4734400305176	1.0	epochs	1.0
1746.4734852305176	0.5	epochs	-1.0
1746.9734852305176	19.998800000000074	epochs	-1.0
1747.4734400305176	20.0	epochs	1.0
1747.4734400305176	4.356753900000058	epochs	-1.0
1747.4734400305176	1.9745871999998599	epochs	2.0
1747.4734400305176	1.0985622000000603	epochs	3.0
1748.5720022305177	0.8760249999997995	epochs	3.0
1749.4480272305175	1.3524075000000266	epochs	2.0
1749.4480272305175	0.7286355000001095	epochs	3.0
1750.1766627305176	0.6237719999999172	epochs	3.0
1750.8004347305175	1.0297592000001714	epochs	2.0
1750.8004347305175	0.5453293000000485	epochs	3.0
1751.3457640305176	0.48442990000012287	epochs	3.0
1751.8301939305177	0.8317861999998968	epochs	2.0
1751.8301939305177	0.4357762999998158	epochs	3.0
1752.2659702305175	0.39600990000008096	epochs	3.0
1752.6619801305176	0.6977970000000369	epochs	2.0
1752.6619801305176	0.3628982000000178	epochs	3.0
1753.0248783305176	0.33489880000001904	epochs	3.0
1753.3597771305176	0.601045699999986	epochs	2.0
1753.3597771305176	0.3109122999999272	epochs	3.0
1753.6706894305175	0.2901334000000588	epochs	3.0
1753.9608228305176	0.5278859000000011	epochs	2.0
1753.9608228305176	0.2719586000000618	epochs	3.0
1754.2327814305177	0.25592729999993935	epochs	3.0
1754.4887087305176	0.470619299999953	epochs	2.0
1754.4887087305176	0.241681299999982	epochs	3.0
1754.7303900305176	0.228937999999971	epochs	3.0
1754.9593280305176	0.42457039999999324	epochs	2.0
1754.9593280305176	0.21747140000002219	epochs	3.0
1755.1767994305176	0.20709899999997106	epochs	3.0
1755.3838984305175	0.3867354000001342	epochs	2.0
1755.3838984305175	0.19767109999997956	epochs	3.0
1755.5815695305175	0.18906430000015462	epochs	3.0
1755.7706338305177	0.35509529999990264	epochs	2.0
1755.7706338305177	0.18117589999997108	epochs	3.0
1755.9518097305177	0.17391939999993156	epochs	3.0
1756.1257291305176	0.3282431000000088	epochs	2.0
1756.1257291305176	0.16722189999995862	epochs	3.0
1756.2929510305175	0.16102120000005016	epochs	3.0
1756.4539722305176	0.30516800000009425	epochs	2.0
1756.4539722305176	0.15526389999990897	epochs	3.0
1756.6092361305175	0.14990410000018528	epochs	3.0
1756.7591402305177	0.28512529999989056	epochs	2.0
1756.7591402305177	0.14490209999985382	epochs	3.0
1756.9040423305175	0.14022320000003674	epochs	3.0
1757.0442655305176	0.267553800000087	epochs	2.0
1757.0442655305176	0.1358368999999584	epochs	3.0
1757.1801024305175	0.1317169000001286	epochs	3.0
1757.3118193305177	0.252022899999929	epochs	2.0
1757.3118193305177	0.1278393000000051	epochs	3.0
1757.4396586305177	0.1241835999999239	epochs	3.0
1757.5638422305176	0.23819649999995818	epochs	2.0
1757.5638422305176	0.12073110000005727	epochs	3.0
1757.6845733305177	0.11746539999990091	epochs	3.0
1757.8020387305176	0.2258088000000953	epochs	2.0
1757.8020387305176	0.1143718999999237	epochs	3.0
1757.9164106305175	0.11143690000017159	epochs	3.0
1758.0278475305176	0.21464599999990241	epochs	2.0
1758.0278475305176	0.10864889999993466	epochs	3.0
1758.1364964305176	0.10599709999996776	epochs	3.0
1758.2424935305175	0.20453500000007807	epochs	2.0
1758.2424935305175	0.10347150000006877	epochs	3.0
1758.3459650305176	0.1010635000000093	epochs	3.0
1758.4470285305176	0.19533400000000256	epochs	2.0
1758.4470285305176	0.09876510000003691	epochs	3.0
1758.5457936305177	0.09656889999996565	epochs	3.0
1758.6423625305176	0.18692529999998442	epochs	2.0
1758.6423625305176	0.09446830000001682	epochs	3.0
1758.7368308305176	0.09245699999996759	epochs	3.0
1758.8292878305176	0.17921069999988504	epochs	2.0
1758.8292878305176	0.09052959999985433	epochs	3.0
1758.9198174305175	0.08868110000003071	epochs	3.0
1759.0084985305175	0.17210769999996955	epochs	2.0
1759.0084985305175	0.08690630000000965	epochs	3.0
1759.0954048305175	0.0852013999999599	epochs	3.0
1759.1806062305175	0.16554640000003928	epochs	2.0
1759.1806062305175	0.08356190000017705	epochs	3.0
1759.2641681305176	0.08198449999986224	epochs	3.0
1759.3461526305175	0.15946710000002895	epochs	2.0
1759.3461526305175	0.08046540000009372	epochs	3.0
1759.4266180305176	0.07900169999993523	epochs	3.0
1759.5056197305175	0.15381840000009106	epochs	2.0
1759.5056197305175	0.07759009999995214	epochs	3.0
1759.5832098305175	0.07622830000013892	epochs	3.0
1759.6594381305176	0.14855639999996129	epochs	2.0
1759.6594381305176	0.07491329999993468	epochs	3.0
1759.7343514305176	0.0736431000000266	epochs	3.0
1759.8079945305176	0.14364240000008976	epochs	2.0
1759.8079945305176	0.07241500000009182	epochs	3.0
1759.8804095305177	0.07122739999999794	epochs	3.0
1759.9516369305177	0.13904309999998077	epochs	2.0
1759.9516369305177	0.07007799999996678	epochs	3.0
1760.0217149305176	0.06896510000001399	epochs	3.0
1760.0906800305177	0.13472929999988992	epochs	2.0
1760.0906800305177	0.0678871000000072	epochs	3.0
1760.1585671305177	0.06684219999988272	epochs	3.0
1760.2254093305176	0.1306752000000415	epochs	2.0
1760.2254093305176	0.06582909999997355	epochs	3.0
1760.2912384305175	0.06484610000006796	epochs	3.0
1760.3560845305176	0.1268577999999252	epochs	2.0
1760.3560845305176	0.06389199999989614	epochs	3.0
1760.4199765305175	0.06296580000002905	epochs	3.0
1760.4829423305175	0.12325720000012552	epochs	2.0
1760.4829423305175	0.06206580000002759	epochs	3.0
1760.5450081305175	0.06119140000009793	epochs	3.0
1760.6061995305176	0.11985540000000583	epochs	2.0
1760.6061995305176	0.060341099999959624	epochs	3.0
1760.6665406305176	0.059514300000046205	epochs	3.0
1760.7260549305176	0.1166361999999026	epochs	2.0
1760.7260549305176	0.058709599999929196	epochs	3.0
1760.7847645305176	0.057926599999973405	epochs	3.0
1760.8426911305176	0.11358560000007856	epochs	2.0
1760.8426911305176	0.05716419999998834	epochs	3.0
1760.8998553305175	0.056421400000090216	epochs	3.0
1760.9562767305176	0.11069049999991876	epochs	2.0
1760.9562767305176	0.055697900000041045	epochs	3.0
1761.0119746305177	0.05499259999987771	epochs	3.0
1761.0669672305175	0.1079391000000669	epochs	2.0
1761.0669672305175	0.05430490000003374	epochs	3.0
1761.1212721305176	0.05363420000003316	epochs	3.0
1761.1749063305176	0.10532149999994544	epochs	2.0
1761.1749063305176	0.05297999999993408	epochs	3.0
1761.2278863305175	0.052341500000011365	epochs	3.0
1761.2802278305176	0.10282759999995505	epochs	2.0
1761.2802278305176	0.05171810000001642	epochs	3.0
1761.3319459305176	0.051109499999938635	epochs	3.0
1761.3830554305175	0.10044910000010532	epochs	2.0
1761.3830554305175	0.050514900000052876	epochs	3.0
1761.4335703305176	0.04993420000005244	epochs	3.0
1761.4835045305176	0.0981782999999723	epochs	2.0
1761.4835045305176	0.04936659999998483	epochs	3.0
1761.5328711305176	0.04881169999998747	epochs	3.0
1761.5816828305176	0.09600780000005216	epochs	2.0
1761.5816828305176	0.04826920000004975	epochs	3.0
1761.6299520305176	0.04773860000000241	epochs	3.0
1761.6776906305176	0.09393120000004274	epochs	2.0
1761.6776906305176	0.04721949999998287	epochs	3.0
1761.7249101305176	0.046711700000059864	epochs	3.0
1761.7716218305177	0.09194259999981114	epochs	2.0
1761.7716218305177	0.046214599999984785	epochs	3.0
1761.8178364305177	0.04572799999982635	epochs	3.0
1761.8635644305175	0.09003630000006524	epochs	2.0
1761.8635644305175	0.04525150000017675	epochs	3.0
1761.9088159305177	0.04478479999988849	epochs	3.0
1761.9536007305176	0.08820760000003247	epochs	2.0
1761.9536007305176	0.044327800000019124	epochs	3.0
1761.9979285305176	0.04387980000001335	epochs	3.0
1762.0418083305176	0.0864516999999978	epochs	2.0
1762.0418083305176	0.04344100000002982	epochs	3.0
1762.0852493305176	0.04301069999996798	epochs	3.0
1762.1282600305176	0.08476429999996071	epochs	2.0
1762.1282600305176	0.04258899999990717	epochs	3.0
1762.1708490305175	0.04217530000005354	epochs	3.0
1762.2130243305176	0.08314150000001064	epochs	2.0
1762.2130243305176	0.04176970000003166	epochs	3.0
1762.2547940305176	0.041371799999978975	epochs	3.0
1762.2961658305176	0.08157970000002024	epochs	2.0
1762.2961658305176	0.040981399999964196	epochs	3.0
1762.3371472305175	0.04059830000005604	epochs	3.0
1762.3777455305176	0.08007550000002084	epochs	2.0
1762.3777455305176	0.040222300000095856	epochs	3.0
1762.4179678305177	0.03985319999992498	epochs	3.0
1762.4578210305176	0.07862569999997504	epochs	2.0
1762.4578210305176	0.039490800000066884	epochs	3.0
1762.4973118305177	0.03913489999990816	epochs	3.0
1762.5364467305176	0.07722760000001472	epochs	2.0
1762.5364467305176	0.038785400000051595	epochs	3.0
1762.5752321305176	0.03844219999996312	epochs	3.0
1762.6136743305176	0.07587820000003376	epochs	2.0
1762.6136743305176	0.03810479999992822	epochs	3.0
1762.6517791305175	0.03777340000010554	epochs	3.0
1762.6895525305176	0.0745752000000266	epochs	2.0
1762.6895525305176	0.03744770000002973	epochs	3.0
1762.7270002305177	0.03712749999999687	epochs	3.0
1762.7641277305177	0.07331629999998768	epochs	2.0
1762.7641277305177	0.03681289999985893	epochs	3.0
1762.8009406305175	0.03650340000012875	epochs	3.0
1762.8374440305176	0.07209899999998015	epochs	2.0
1762.8374440305176	0.03619909999997617	epochs	3.0
1762.8736431305176	0.03589990000000398	epochs	3.0
1762.9095430305176	0.07092169999987163	epochs	2.0
1762.9095430305176	0.03560560000005353	epochs	3.0
1762.9451486305177	0.03531609999981811	epochs	3.0
1762.9804647305175	0.06978200000003199	epochs	2.0
1762.9804647305175	0.03503120000004856	epochs	3.0
1763.0154959305175	0.03475079999998343	epochs	3.0
1763.0502467305175	0.06867860000011206	epochs	2.0
1763.0502467305175	0.03447510000000875	epochs	3.0
1763.0847218305175	0.034203500000103304	epochs	3.0
1763.1189253305176	0.06760929999995824	epochs	2.0
1763.1189253305176	0.033936199999970995	epochs	3.0
1763.1528615305176	0.033673099999987244	epochs	3.0
1763.1865346305176	0.06657289999998284	epochs	2.0
1763.1865346305176	0.03341399999999339	epochs	3.0
1763.2199486305176	0.033158899999989444	epochs	3.0
1763.2531075305176	0.06556780000005347	epochs	2.0
1763.2531075305176	0.03290769999989607	epochs	3.0
1763.2860152305175	0.0326601000001574	epochs	3.0
1763.3186753305176	0.06459259999996902	epochs	2.0
1763.3186753305176	0.03241639999987456	epochs	3.0
1763.3510917305175	0.03217620000009447	epochs	3.0
1763.3832679305176	0.06364600000006249	epochs	2.0
1763.3832679305176	0.03193959999998697	epochs	3.0
1763.4152075305176	0.03170640000007552	epochs	3.0
1763.4469139305177	0.0627266999999847	epochs	2.0
1763.4469139305177	0.031476599999905375	epochs	3.0
1763.4783905305176	0.03125010000007933	epochs	3.0
1763.5096406305177	0.06183359999999993	epochs	2.0
1763.5096406305177	0.03102689999991526	epochs	3.0
1763.5406675305176	0.030806700000084675	epochs	3.0
1763.5714742305177	0.060965599999917686	epochs	2.0
1763.5714742305177	0.030589799999916067	epochs	3.0
1763.6020640305176	0.030375800000001618	epochs	3.0
1763.6324398305176	0.06012160000000222	epochs	2.0
1763.6324398305176	0.030164900000045236	epochs	3.0
1763.6626047305176	0.02995669999995698	epochs	3.0
1763.6925614305176	0.05930069999999432	epochs	2.0
1763.6925614305176	0.029751600000054168	epochs	3.0
1763.7223130305176	0.029549099999940154	epochs	3.0
1763.7518621305176	0.05850179999993088	epochs	2.0
1763.7518621305176	0.02934940000000097	epochs	3.0
1763.7812115305176	0.029152399999929912	epochs	3.0
1763.8103639305175	0.05772420000016609	epochs	2.0
1763.8103639305175	0.028958000000102402	epochs	3.0
1763.8393219305176	0.02876620000006369	epochs	3.0
1763.8680881305177	0.056967099999837956	epochs	2.0
1763.8680881305177	0.02857699999981378	epochs	3.0
1763.8966651305175	0.028390100000024177	epochs	3.0
1763.9250552305175	0.05622949999997218	epochs	2.0
1763.9250552305175	0.02820570000017142	epochs	3.0
1763.9532609305177	0.028023799999800758	epochs	3.0
1763.9812847305175	0.05551070000001346	epochs	2.0
1763.9812847305175	0.027844000000186497	epochs	3.0
1764.0091287305177	0.02766669999982696	epochs	3.0
1764.0367954305175	0.054810200000019904	epochs	2.0
1764.0367954305175	0.02749149999999645	epochs	3.0
1764.0642869305175	0.027318700000023455	epochs	3.0
1764.0916056305175	0.05412700000010773	epochs	2.0
1764.0916056305175	0.027147799999966082	epochs	3.0
1764.1187534305175	0.026979200000141645	epochs	3.0
1764.1457326305176	0.053460699999959616	epochs	2.0
1764.1457326305176	0.02681259999985741	epochs	3.0
1764.1725452305175	0.026648100000102204	epochs	3.0
1764.1991933305176	0.05281070000000909	epochs	2.0
1764.1991933305176	0.026485600000114573	epochs	3.0
1764.2256789305177	0.02632509999989452	epochs	3.0
1764.2520040305176	0.05217620000007628	epochs	2.0
1764.2520040305176	0.026166399999965506	epochs	3.0
1764.2781704305175	0.026009800000110772	epochs	3.0
1764.3041802305177	0.051556699999991906	epochs	2.0
1764.3041802305177	0.025854799999933675	epochs	3.0
1764.3300350305176	0.02570190000005823	epochs	3.0
1764.3557369305177	0.05095189999997274	epochs	2.0
1764.3557369305177	0.025550699999939752	epochs	3.0
1764.3812876305176	0.025401200000032986	epochs	3.0
1764.4066888305176	0.05036100000006627	epochs	2.0
1764.4066888305176	0.025253499999962514	epochs	3.0
1764.4319423305176	0.025107500000103755	epochs	3.0
1764.4570498305177	0.04978379999988647	epochs	2.0
1764.4570498305177	0.024963199999774588	epochs	3.0
1764.4820130305175	0.02482060000011188	epochs	3.0
1764.5068336305176	0.04921949999993558	epochs	2.0
1764.5068336305176	0.024679399999968155	epochs	3.0
1764.5315130305175	0.024540099999967424	epochs	3.0
1764.5560531305175	0.04866790000005494	epochs	2.0
1764.5560531305175	0.024402100000088467	epochs	3.0
1764.5804552305176	0.024265799999966475	epochs	3.0
1764.6047210305176	0.048128599999927246	epochs	2.0
1764.6047210305176	0.02413099999989754	epochs	3.0
1764.6288520305175	0.023997600000029706	epochs	3.0
1764.6528496305175	0.047601100000065344	epochs	2.0
1764.6528496305175	0.023865800000066884	epochs	3.0
1764.6767154305176	0.02373529999999846	epochs	3.0
1764.7004507305176	0.04708499999992455	epochs	2.0
1764.7004507305176	0.023606299999983094	epochs	3.0
1764.7240570305175	0.023478699999941455	epochs	3.0
1764.7475357305175	0.04658000000017637	epochs	2.0
1764.7475357305175	0.023352500000100918	epochs	3.0
1764.7708882305176	0.02322750000007545	epochs	3.0
1764.7941157305177	0.04608569999982137	epochs	2.0
1764.7941157305177	0.02310399999987567	epochs	3.0
1764.8172197305175	0.022981699999945704	epochs	3.0
1764.8402014305175	0.045601799999985815	epochs	2.0
1764.8402014305175	0.022860700000137513	epochs	3.0
1764.8630621305176	0.022741099999848302	epochs	3.0
1764.8858032305175	0.04512790000012501	epochs	2.0
1764.8858032305175	0.022622500000125	epochs	3.0
1764.9084257305176	0.02250540000000001	epochs	3.0
1764.9309311305176	0.0446638000000803	epochs	2.0
1764.9309311305176	0.02238929999998618	epochs	3.0
1764.9533204305176	0.022274500000094122	epochs	3.0
1764.9755949305177	0.044209199999841076	epochs	2.0
1764.9755949305177	0.022160799999937808	epochs	3.0
1764.9977557305176	0.022048399999903268	epochs	3.0
1765.0198041305175	0.04376360000014756	epochs	2.0
1765.0198041305175	0.021936900000127935	epochs	3.0
1765.0417410305176	0.021826700000019628	epochs	3.0
1765.0635677305177	0.04332709999994222	epochs	2.0
1765.0635677305177	0.021717599999874437	epochs	3.0
1765.0852853305175	0.021609500000067783	epochs	3.0
1765.1068948305176	0.04289900000003399	epochs	2.0
1765.1068948305176	0.02150249999999687	epochs	3.0
1765.1283973305176	0.021396500000037122	epochs	3.0
1765.1497938305176	0.04247949999989942	epochs	2.0
1765.1497938305176	0.021291699999892444	epochs	3.0
1765.1710855305175	0.021187800000006973	epochs	3.0
1765.1922733305175	0.04206790000012006	epochs	2.0
1765.1922733305175	0.02108490000000529	epochs	3.0
1765.2133582305175	0.02098300000011477	epochs	3.0
1765.2343412305177	0.04166439999994509	epochs	2.0
1765.2343412305177	0.020882199999959994	epochs	3.0
1765.2552234305176	0.020782199999985096	epochs	3.0
1765.2760056305176	0.041268499999887354	epochs	2.0
1765.2760056305176	0.020683299999973315	epochs	3.0
1765.2966889305176	0.02058519999991404	epochs	3.0
1765.3172741305175	0.04088000000001557	epochs	2.0
1765.3172741305175	0.0204881000001933	epochs	3.0
1765.3377622305177	0.02039189999982227	epochs	3.0
1765.3581541305175	0.04049880000002304	epochs	2.0
1765.3581541305175	0.0202966000001652	epochs	3.0
1765.3784507305177	0.02020219999985784	epochs	3.0
1765.3986529305175	0.04012460000012652	epochs	2.0
1765.3986529305175	0.02010870000003706	epochs	3.0
1765.4187616305176	0.02001590000008946	epochs	3.0
1765.4387775305177	0.03975730000001931	epochs	2.0
1765.4387775305177	0.0199241999998776	epochs	3.0
1765.4587017305175	0.019833100000141712	epochs	3.0
1765.4785348305177	0.03939669999999751	epochs	2.0
1765.4785348305177	0.019742999999834865	epochs	3.0
1765.4982778305175	0.019653700000162644	epochs	3.0
1765.5179315305177	0.03904239999997117	epochs	2.0
1765.5179315305177	0.019565099999908853	epochs	3.0
1765.5374966305176	0.019477300000062314	epochs	3.0
1765.5569739305176	0.03869459999987157	epochs	2.0
1765.5569739305176	0.019390400000020236	epochs	3.0
1765.5763643305177	0.019304199999851335	epochs	3.0
1765.5956685305175	0.03835290000006353	epochs	2.0
1765.5956685305175	0.019218800000089686	epochs	3.0
1765.6148873305176	0.01913409999997384	epochs	3.0
1765.6340214305176	0.03801720000001296	epochs	2.0
1765.6340214305176	0.019050200000037876	epochs	3.0
1765.6530716305176	0.018966999999975087	epochs	3.0
1765.6720386305176	0.03768719999993664	epochs	2.0
1765.6720386305176	0.01888450000001285	epochs	3.0
1765.6909231305176	0.01880269999992379	epochs	3.0
1765.7097258305175	0.03736309999999321	epochs	2.0
1765.7097258305175	0.018721700000014607	epochs	3.0
1765.7284475305175	0.018641399999978603	epochs	3.0
1765.7470889305175	0.037044300000161456	epochs	2.0
1765.7470889305175	0.018561600000111866	epochs	3.0
1765.7656505305176	0.01848270000004959	epochs	3.0
1765.7841332305177	0.03673099999991791	epochs	2.0
1765.7841332305177	0.018404299999929208	epochs	3.0
1765.8025375305176	0.018326699999988705	epochs	3.0
1765.8208642305176	0.03642289999993409	epochs	2.0
1765.8208642305176	0.018249599999990096	epochs	3.0
1765.8391138305176	0.018173299999943993	epochs	3.0
1765.8572871305175	0.03612010000006194	epochs	2.0
1765.8572871305175	0.018097600000146485	epochs	3.0
1765.8753847305177	0.018022499999915453	epochs	3.0
1765.8934072305176	0.03582209999990482	epochs	2.0
1765.8934072305176	0.017947900000081063	epochs	3.0
1765.9113551305177	0.01787419999982376	epochs	3.0
1765.9292293305175	0.03552899999999681	epochs	2.0
1765.9292293305175	0.017800800000031813	epochs	3.0
1765.9470301305175	0.017728199999965	epochs	3.0
1765.9647583305175	0.03524070000003121	epochs	2.0
1765.9647583305175	0.017656100000067454	epochs	3.0
1765.9824144305176	0.017584599999963757	epochs	3.0
1765.9999990305175	0.03495710000015606	epochs	2.0
1765.9999990305175	0.017513700000108656	epochs	3.0
1766.0175127305176	0.017443400000047404	epochs	3.0
1766.0349561305177	0.034677899999906	epochs	2.0
1766.0349561305177	0.017373599999928047	epochs	3.0
1766.0523297305176	0.017304299999977957	epochs	3.0
1766.0696340305176	0.03440329999989444	epochs	2.0
1766.0696340305176	0.017235699999901044	epochs	3.0
1766.0868697305175	0.0171675999999934	epochs	3.0
1766.1040373305175	0.034132800000179486	epochs	2.0
1766.1040373305175	0.017099900000175694	epochs	3.0
1766.1211372305177	0.017032900000003792	epochs	3.0
1766.1381701305177	0.03386669999986225	epochs	2.0
1766.1381701305177	0.01696640000000116	epochs	3.0
1766.1551365305177	0.01690029999986109	epochs	3.0
1766.1720368305175	0.03360459999998966	epochs	2.0
1766.1720368305175	0.01683479999996962	epochs	3.0
1766.1888716305175	0.01676980000002004	epochs	3.0
1766.2056414305175	0.033346599999958926	epochs	2.0
1766.2056414305175	0.016705300000012357	epochs	3.0
1766.2223467305175	0.01664129999994657	epochs	3.0
1766.2389880305175	0.03309250000006614	epochs	2.0
1766.2389880305175	0.016577800000050047	epochs	3.0
1766.2555658305175	0.01651470000001609	epochs	3.0
1766.2720805305175	0.032842300000083924	epochs	2.0
1766.2720805305175	0.01645220000000336	epochs	3.0
1766.2885327305175	0.016390100000080565	epochs	3.0
1766.3049228305176	0.03259570000000167	epochs	2.0
1766.3049228305176	0.016328400000020338	epochs	3.0
1766.3212512305176	0.016267299999981333	epochs	3.0
1766.3375185305176	0.032352899999978035	epochs	2.0
1766.3375185305176	0.016206600000032267	epochs	3.0
1766.3537251305177	0.016146299999945768	epochs	3.0
1766.3698714305176	0.032113700000081735	epochs	2.0
1766.3698714305176	0.01608659999988049	epochs	3.0
1766.3859580305175	0.016027100000201244	epochs	3.0
1766.4019851305177	0.03187800000000607	epochs	2.0
1766.4019851305177	0.0159681999998611	epochs	3.0
1766.4179533305175	0.01590980000014497	epochs	3.0
1766.4338631305177	0.03164569999989908	epochs	2.0
1766.4338631305177	0.015851599999905375	epochs	3.0
1766.4497147305176	0.015794099999993705	epochs	3.0
1766.4655088305176	0.031416699999908815	epochs	2.0
1766.4655088305176	0.01573669999993399	epochs	3.0
1766.4812455305175	0.015679999999974825	epochs	3.0
1766.4969255305175	0.031191100000114602	epochs	2.0
1766.4969255305175	0.015623600000026272	epochs	3.0
1766.5125491305175	0.01556750000008833	epochs	3.0
1766.5281166305176	0.030968699999903038	epochs	2.0
1766.5281166305176	0.015511999999944237	epochs	3.0
1766.5436286305176	0.0154566999999588	epochs	3.0
1766.5590853305175	0.030749499999956242	epochs	2.0
1766.5590853305175	0.015401999999994587	epochs	3.0
1766.5744873305175	0.015347499999961656	epochs	3.0
1766.5898348305175	0.03053320000003623	epochs	2.0
1766.5898348305175	0.015293400000018664	epochs	3.0
1766.6051282305175	0.015239800000017567	epochs	3.0
1766.6203680305175	0.030320100000153616	epochs	2.0
1766.6203680305175	0.015186500000027081	epochs	3.0
1766.6355545305175	0.015133600000126535	epochs	3.0
1766.6506881305177	0.030109899999843037	epochs	2.0
1766.6506881305177	0.015081000000009226	epochs	3.0
1766.6657691305177	0.015028899999833811	epochs	3.0
1766.6807980305175	0.029902500000162036	epochs	2.0
1766.6807980305175	0.014977000000044427	epochs	3.0
1766.6957750305176	0.014925500000117609	epochs	3.0
1766.7107005305177	0.029698099999905025	epochs	2.0
1766.7107005305177	0.014874399999825982	epochs	3.0
1766.7255749305175	0.014823700000079043	epochs	3.0
1766.7403986305176	0.029496299999891562	epochs	2.0
1766.7403986305176	0.014773200000036013	epochs	3.0
1766.7551718305176	0.014723099999855549	epochs	3.0
1766.7698949305175	0.029297400000132257	epochs	2.0
1766.7698949305175	0.014673400000219772	epochs	3.0
1766.7845683305177	0.014623999999912485	epochs	3.0
1766.7991923305176	0.029101099999934377	epochs	2.0
1766.7991923305176	0.014574900000070556	epochs	3.0
1766.8137672305177	0.01452619999986382	epochs	3.0
1766.8282934305175	0.028907399999980044	epochs	2.0
1766.8282934305175	0.014477700000043114	epochs	3.0
1766.8427711305176	0.014429699999936929	epochs	3.0
1766.8572008305175	0.028716199999962555	epochs	2.0
1766.8572008305175	0.014381800000137446	epochs	3.0
1766.8715826305177	0.01433439999982511	epochs	3.0
1766.8859170305175	0.028527600000188613	epochs	2.0
1766.8859170305175	0.014287200000126177	epochs	3.0
1766.9002042305176	0.014240400000062436	epochs	3.0
1766.9144446305177	0.02834139999981744	epochs	2.0
1766.9144446305177	0.014193799999929979	epochs	3.0
1766.9286384305176	0.014147599999887461	epochs	3.0
1766.9427860305175	0.028157700000065233	epochs	2.0
1766.9427860305175	0.014101700000082928	epochs	3.0
1766.9568877305176	0.014055999999982305	epochs	3.0
1766.9709437305175	0.027976300000091214	epochs	2.0
1766.9709437305175	0.014010600000119666	epochs	3.0
1766.9849543305177	0.013965699999971548	epochs	3.0
1766.9989200305176	0.027797199999895383	epochs	2.0
1766.9989200305176	0.013920800000050804	epochs	3.0
1767.0128408305177	0.01387639999984458	epochs	3.0
1767.0267172305175	0.02762040000015986	epochs	2.0
1767.0267172305175	0.013832200000024386	epochs	3.0
1767.0405494305176	0.013788200000135475	epochs	3.0
1767.0543376305177	0.027445899999975154	epochs	2.0
1767.0543376305177	0.013744599999881757	epochs	3.0
1767.0680822305176	0.013701300000093397	epochs	3.0
1767.0817835305177	0.027273499999864725	epochs	2.0
1767.0817835305177	0.013658200000008947	epochs	3.0
1767.0954417305177	0.013615299999855779	epochs	3.0
1767.1090570305175	0.027103399999987232	epochs	2.0
1767.1090570305175	0.013572800000019924	epochs	3.0
1767.1226298305176	0.013530599999967308	epochs	3.0
1767.1361604305175	0.02693520000002536	epochs	2.0
1767.1361604305175	0.013488400000142065	epochs	3.0
1767.1496488305177	0.013446799999883297	epochs	3.0
1767.1630956305175	0.026769199999989723	epochs	2.0
1767.1630956305175	0.013405200000079276	epochs	3.0
1767.1765008305176	0.013363999999910448	epochs	3.0
1767.1898648305175	0.026605199999949036	epochs	2.0
1767.1898648305175	0.013322900000048321	epochs	3.0
1767.2031877305176	0.013282299999900715	epochs	3.0
1767.2164700305175	0.026443200000130673	epochs	2.0
1767.2164700305175	0.013241699999980483	epochs	3.0
1767.2297117305175	0.01320150000015019	epochs	3.0
1767.2429132305176	0.026283199999852513	epochs	2.0
1767.2429132305176	0.013161500000023807	epochs	3.0
1767.2560747305176	0.013121699999828706	epochs	3.0
1767.2691964305175	0.02612500000009277	epochs	2.0
1767.2691964305175	0.013082100000019636	epochs	3.0
1767.2822785305175	0.013042900000073132	epochs	3.0
1767.2953214305176	0.025968899999952555	epochs	2.0
1767.2953214305176	0.01300390000005791	epochs	3.0
1767.3083253305176	0.012964999999894644	epochs	3.0
1767.3212903305175	0.025814500000024054	epochs	2.0
1767.3212903305175	0.012926399999969362	epochs	3.0
1767.3342167305175	0.012888100000054692	epochs	3.0
1767.3471048305175	0.025661899999931848	epochs	2.0
1767.3471048305175	0.012849899999991976	epochs	3.0
1767.3599547305175	0.012811999999939871	epochs	3.0
1767.3727667305175	0.02551120000021001	epochs	2.0
1767.3727667305175	0.012774400000125752	epochs	3.0
1767.3855411305176	0.012736800000084258	epochs	3.0
1767.3982779305177	0.02536229999986972	epochs	2.0
1767.3982779305177	0.01269969999998466	epochs	3.0
1767.4109776305177	0.01266259999988506	epochs	3.0
1767.4236402305175	0.02521500000011656	epochs	2.0
1767.4236402305175	0.012625800000023446	epochs	3.0
1767.4362660305176	0.012589200000093115	epochs	3.0
1767.4488552305177	0.024584799999956886	epochs	2.0
1767.4722852305176	0.5	epochs	-1.0
1767.4734400305176	0.5142399999999725	epochs	1.0
1767.9876800305176	0.4856800000000021	epochs	0.0
1769.0329999923706	0.10544000000004417	epochs	0.0
1769.0329999923706	0.04772210000010091	epochs	1.0
1769.0807220923707	0.009995799999842347	epochs	1.0
1769.0907178923705	0.04772210000010091	epochs	1.0
1769.1384399923706	2.0	epochs	0.0
1771.1384399923706	21.534639999999854	epochs	0.0
1771.1384399923706	1.0	epochs	1.0
1771.1384851923706	0.5	epochs	-1.0
1771.6384851923706	19.998800000000074	epochs	-1.0
1772.1384399923706	20.0	epochs	1.0
1772.1384399923706	4.356753900000058	epochs	-1.0
1772.1384399923706	1.9745871999998599	epochs	2.0
1772.1384399923706	1.0985622000000603	epochs	3.0
1773.2370021923707	0.8760249999997995	epochs	3.0
1774.1130271923705	1.3524075000000266	epochs	2.0
1774.1130271923705	0.7286355000001095	epochs	3.0
1774.8416626923706	0.6237719999999172	epochs	3.0
1775.4654346923705	1.0297592000001714	epochs	2.0
1775.4654346923705	0.5453293000000485	epochs	3.0
1776.0107639923706	0.48442990000012287	epochs	3.0
1776.4951938923707	0.8317861999998968	epochs	2.0
1776.4951938923707	0.4357762999998158	epochs	3.0
1776.9309701923705	0.39600990000008096	epochs	3.0
1777.3269800923706	0.6977970000000369	epochs	2.0
1777.3269800923706	0.3628982000000178	epochs	3.0
1777.6898782923706	0.33489880000001904	epochs	3.0
1778.0247770923706	0.601045699999986	epochs	2.0
1778.0247770923706	0.3109122999999272	epochs	3.0
1778.3356893923706	0.2901334000000588	epochs	3.0
1778.6258227923706	0.5278859000000011	epochs	2.0
1778.6258227923706	0.2719586000000618	epochs	3.0
1778.8977813923707	0.25592729999993935	epochs	3.0
1779.1537086923706	0.470619299999953	epochs	2.0
1779.1537086923706	0.241681299999982	epochs	3.0
1779.3953899923706	0.228937999999971	epochs	3.0
1779.6243279923706	0.42457039999999324	epochs	2.0
1779.6243279923706	0.21747140000002219	epochs	3.0
1779.8417993923706	0.20709899999997106	epochs	3.0
1780.0488983923706	0.3867354000001342	epochs	2.0
1780.0488983923706	0.19767109999997956	epochs	3.0
1780.2465694923706	0.18906430000015462	epochs	3.0
1780.4356337923707	0.35509529999990264	epochs	2.0
1780.4356337923707	0.18117589999997108	epochs	3.0
1780.6168096923707	0.17391939999993156	epochs	3.0
1780.7907290923706	0.3282431000000088	epochs	2.0
1780.7907290923706	0.16722189999995862	epochs	3.0
1780.9579509923706	0.16102120000005016	epochs	3.0
1781.1189721923706	0.30516800000009425	epochs	2.0
1781.1189721923706	0.15526389999990897	epochs	3.0
1781.2742360923705	0.14990410000018528	epochs	3.0
1781.4241401923707	0.28512529999989056	epochs	2.0
1781.4241401923707	0.14490209999985382	epochs	3.0
1781.5690422923706	0.14022320000003674	epochs	3.0
1781.7092654923706	0.267553800000087	epochs	2.0
1781.7092654923706	0.1358368999999584	epochs	3.0
1781.8451023923706	0.1317169000001286	epochs	3.0
1781.9768192923707	0.252022899999929	epochs	2.0
1781.9768192923707	0.1278393000000051	epochs	3.0
1782.1046585923707	0.1241835999999239	epochs	3.0
1782.2288421923706	0.23819649999995818	epochs	2.0
1782.2288421923706	0.12073110000005727	epochs	3.0
1782.3495732923707	0.11746539999990091	epochs	3.0
1782.4670386923706	0.2258088000000953	epochs	2.0
1782.4670386923706	0.1143718999999237	epochs	3.0
1782.5814105923705	0.11143690000017159	epochs	3.0
1782.6928474923707	0.21464599999990241	epochs	2.0
1782.6928474923707	0.10864889999993466	epochs	3.0
1782.8014963923706	0.10599709999996776	epochs	3.0
1782.9074934923706	0.20453500000007807	epochs	2.0
1782.9074934923706	0.10347150000006877	epochs	3.0
1783.0109649923706	0.1010635000000093	epochs	3.0
1783.1120284923707	0.19533400000000256	epochs	2.0
1783.1120284923707	0.09876510000003691	epochs	3.0
1783.2107935923707	0.09656889999996565	epochs	3.0
1783.3073624923707	0.18692529999998442	epochs	2.0
1783.3073624923707	0.09446830000001682	epochs	3.0
1783.4018307923707	0.09245699999996759	epochs	3.0
1783.4942877923706	0.17921069999988504	epochs	2.0
1783.4942877923706	0.09052959999985433	epochs	3.0
1783.5848173923705	0.08868110000003071	epochs	3.0
1783.6734984923705	0.17210769999996955	epochs	2.0
1783.6734984923705	0.08690630000000965	epochs	3.0
1783.7604047923705	0.0852013999999599	epochs	3.0
1783.8456061923705	0.16554640000003928	epochs	2.0
1783.8456061923705	0.08356190000017705	epochs	3.0
1783.9291680923707	0.08198449999986224	epochs	3.0
1784.0111525923705	0.15946710000002895	epochs	2.0
1784.0111525923705	0.08046540000009372	epochs	3.0
1784.0916179923706	0.07900169999993523	epochs	3.0
1784.1706196923706	0.15381840000009106	epochs	2.0
1784.1706196923706	0.07759009999995214	epochs	3.0
1784.2482097923705	0.07622830000013892	epochs	3.0
1784.3244380923707	0.14855639999996129	epochs	2.0
1784.3244380923707	0.07491329999993468	epochs	3.0
1784.3993513923706	0.0736431000000266	epochs	3.0
1784.4729944923706	0.14364240000008976	epochs	2.0
1784.4729944923706	0.07241500000009182	epochs	3.0
1784.5454094923707	0.07122739999999794	epochs	3.0
1784.6166368923707	0.13904309999998077	epochs	2.0
1784.6166368923707	0.07007799999996678	epochs	3.0
1784.6867148923707	0.06896510000001399	epochs	3.0
1784.7556799923707	0.13472929999988992	epochs	2.0
1784.7556799923707	0.0678871000000072	epochs	3.0
1784.8235670923707	0.06684219999988272	epochs	3.0
1784.8904092923706	0.1306752000000415	epochs	2.0
1784.8904092923706	0.06582909999997355	epochs	3.0
1784.9562383923706	0.06484610000006796	epochs	3.0
1785.0210844923706	0.1268577999999252	epochs	2.0
1785.0210844923706	0.06389199999989614	epochs	3.0
1785.0849764923705	0.06296580000002905	epochs	3.0
1785.1479422923705	0.12325720000012552	epochs	2.0
1785.1479422923705	0.06206580000002759	epochs	3.0
1785.2100080923706	0.06119140000009793	epochs	3.0
1785.2711994923707	0.11985540000000583	epochs	2.0
1785.2711994923707	0.060341099999959624	epochs	3.0
1785.3315405923706	0.059514300000046205	epochs	3.0
1785.3910548923707	0.1166361999999026	epochs	2.0
1785.3910548923707	0.058709599999929196	epochs	3.0
1785.4497644923706	0.057926599999973405	epochs	3.0
1785.5076910923706	0.11358560000007856	epochs	2.0
1785.5076910923706	0.05716419999998834	epochs	3.0
1785.5648552923706	0.056421400000090216	epochs	3.0
1785.6212766923707	0.11069049999991876	epochs	2.0
1785.6212766923707	0.055697900000041045	epochs	3.0
1785.6769745923707	0.05499259999987771	epochs	3.0
1785.7319671923706	0.1079391000000669	epochs	2.0
1785.7319671923706	0.05430490000003374	epochs	3.0
1785.7862720923706	0.05363420000003316	epochs	3.0
1785.8399062923706	0.10532149999994544	epochs	2.0
1785.8399062923706	0.05297999999993408	epochs	3.0
1785.8928862923706	0.052341500000011365	epochs	3.0
1785.9452277923706	0.10282759999995505	epochs	2.0
1785.9452277923706	0.05171810000001642	epochs	3.0
1785.9969458923706	0.051109499999938635	epochs	3.0
1786.0480553923705	0.10044910000010532	epochs	2.0
1786.0480553923705	0.050514900000052876	epochs	3.0
1786.0985702923706	0.04993420000005244	epochs	3.0
1786.1485044923706	0.0981782999999723	epochs	2.0
1786.1485044923706	0.04936659999998483	epochs	3.0
1786.1978710923706	0.04881169999998747	epochs	3.0
1786.2466827923706	0.09600780000005216	epochs	2.0
1786.2466827923706	0.04826920000004975	epochs	3.0
1786.2949519923707	0.04773860000000241	epochs	3.0
1786.3426905923707	0.09393120000004274	epochs	2.0
1786.3426905923707	0.04721949999998287	epochs	3.0
1786.3899100923707	0.046711700000059864	epochs	3.0
1786.4366217923707	0.09194259999981114	epochs	2.0
1786.4366217923707	0.046214599999984785	epochs	3.0
1786.4828363923707	0.04572799999982635	epochs	3.0
1786.5285643923705	0.09003630000006524	epochs	2.0
1786.5285643923705	0.04525150000017675	epochs	3.0
1786.5738158923707	0.04478479999988849	epochs	3.0
1786.6186006923706	0.08820760000003247	epochs	2.0
1786.6186006923706	0.044327800000019124	epochs	3.0
1786.6629284923706	0.04387980000001335	epochs	3.0
1786.7068082923706	0.0864516999999978	epochs	2.0
1786.7068082923706	0.04344100000002982	epochs	3.0
1786.7502492923707	0.04301069999996798	epochs	3.0
1786.7932599923706	0.08476429999996071	epochs	2.0
1786.7932599923706	0.04258899999990717	epochs	3.0
1786.8358489923705	0.04217530000005354	epochs	3.0
1786.8780242923706	0.08314150000001064	epochs	2.0
1786.8780242923706	0.04176970000003166	epochs	3.0
1786.9197939923706	0.041371799999978975	epochs	3.0
1786.9611657923706	0.08157970000002024	epochs	2.0
1786.9611657923706	0.040981399999964196	epochs	3.0
1787.0021471923706	0.04059830000005604	epochs	3.0
1787.0427454923706	0.08007550000002084	epochs	2.0
1787.0427454923706	0.040222300000095856	epochs	3.0
1787.0829677923707	0.03985319999992498	epochs	3.0
1787.1228209923706	0.07862569999997504	epochs	2.0
1787.1228209923706	0.039490800000066884	epochs	3.0
1787.1623117923707	0.03913489999990816	epochs	3.0
1787.2014466923706	0.07722760000001472	epochs	2.0
1787.2014466923706	0.038785400000051595	epochs	3.0
1787.2402320923707	0.03844219999996312	epochs	3.0
1787.2786742923706	0.07587820000003376	epochs	2.0
1787.2786742923706	0.03810479999992822	epochs	3.0
1787.3167790923706	0.03777340000010554	epochs	3.0
1787.3545524923707	0.0745752000000266	epochs	2.0
1787.3545524923707	0.03744770000002973	epochs	3.0
1787.3920001923707	0.03712749999999687	epochs	3.0
1787.4291276923707	0.07331629999998768	epochs	2.0
1787.4291276923707	0.03681289999985893	epochs	3.0
1787.4659405923705	0.03650340000012875	epochs	3.0
1787.5024439923707	0.07209899999998015	epochs	2.0
1787.5024439923707	0.03619909999997617	epochs	3.0
1787.5386430923706	0.03589990000000398	epochs	3.0
1787.5745429923707	0.07092169999987163	epochs	2.0
1787.5745429923707	0.03560560000005353	epochs	3.0
1787.6101485923707	0.03531609999981811	epochs	3.0
1787.6454646923705	0.06978200000003199	epochs	2.0
1787.6454646923705	0.03503120000004856	epochs	3.0
1787.6804958923706	0.03475079999998343	epochs	3.0
1787.7152466923706	0.06867860000011206	epochs	2.0
1787.7152466923706	0.03447510000000875	epochs	3.0
1787.7497217923706	0.034203500000103304	epochs	3.0
1787.7839252923707	0.06760929999995824	epochs	2.0
1787.7839252923707	0.033936199999970995	epochs	3.0
1787.8178614923706	0.033673099999987244	epochs	3.0
1787.8515345923706	0.06657289999998284	epochs	2.0
1787.8515345923706	0.03341399999999339	epochs	3.0
1787.8849485923706	0.033158899999989444	epochs	3.0
1787.9181074923706	0.06556780000005347	epochs	2.0
1787.9181074923706	0.03290769999989607	epochs	3.0
1787.9510151923705	0.0326601000001574	epochs	3.0
1787.9836752923707	0.06459259999996902	epochs	2.0
1787.9836752923707	0.03241639999987456	epochs	3.0
1788.0160916923705	0.03217620000009447	epochs	3.0
1788.0482678923706	0.06364600000006249	epochs	2.0
1788.0482678923706	0.03193959999998697	epochs	3.0
1788.0802074923706	0.03170640000007552	epochs	3.0
1788.1119138923707	0.0627266999999847	epochs	2.0
1788.1119138923707	0.031476599999905375	epochs	3.0
1788.1433904923706	0.03125010000007933	epochs	3.0
1788.1746405923707	0.06183359999999993	epochs	2.0
1788.1746405923707	0.03102689999991526	epochs	3.0
1788.2056674923706	0.030806700000084675	epochs	3.0
1788.2364741923707	0.060965599999917686	epochs	2.0
1788.2364741923707	0.030589799999916067	epochs	3.0
1788.2670639923706	0.030375800000001618	epochs	3.0
1788.2974397923706	0.06012160000000222	epochs	2.0
1788.2974397923706	0.030164900000045236	epochs	3.0
1788.3276046923706	0.02995669999995698	epochs	3.0
1788.3575613923706	0.05930069999999432	epochs	2.0
1788.3575613923706	0.029751600000054168	epochs	3.0
1788.3873129923707	0.029549099999940154	epochs	3.0
1788.4168620923706	0.05850179999993088	epochs	2.0
1788.4168620923706	0.02934940000000097	epochs	3.0
1788.4462114923706	0.029152399999929912	epochs	3.0
1788.4753638923705	0.05772420000016609	epochs	2.0
1788.4753638923705	0.028958000000102402	epochs	3.0
1788.5043218923706	0.02876620000006369	epochs	3.0
1788.5330880923707	0.056967099999837956	epochs	2.0
1788.5330880923707	0.02857699999981378	epochs	3.0
1788.5616650923705	0.028390100000024177	epochs	3.0
1788.5900551923705	0.05622949999997218	epochs	2.0
1788.5900551923705	0.02820570000017142	epochs	3.0
1788.6182608923707	0.028023799999800758	epochs	3.0
1788.6462846923705	0.05551070000001346	epochs	2.0
1788.6462846923705	0.027844000000186497	epochs	3.0
1788.6741286923707	0.02766669999982696	epochs	3.0
1788.7017953923705	0.054810200000019904	epochs	2.0
1788.7017953923705	0.02749149999999645	epochs	3.0
1788.7292868923705	0.027318700000023455	epochs	3.0
1788.7566055923705	0.05412700000010773	epochs	2.0
1788.7566055923705	0.027147799999966082	epochs	3.0
1788.7837533923705	0.026979200000141645	epochs	3.0
1788.8107325923706	0.053460699999959616	epochs	2.0
1788.8107325923706	0.02681259999985741	epochs	3.0
1788.8375451923705	0.026648100000102204	epochs	3.0
1788.8641932923706	0.05281070000000909	epochs	2.0
1788.8641932923706	0.026485600000114573	epochs	3.0
1788.8906788923707	0.02632509999989452	epochs	3.0
1788.9170039923706	0.05217620000007628	epochs	2.0
1788.9170039923706	0.026166399999965506	epochs	3.0
1788.9431703923706	0.026009800000110772	epochs	3.0
1788.9691801923707	0.051556699999991906	epochs	2.0
1788.9691801923707	0.025854799999933675	epochs	3.0
1788.9950349923706	0.02570190000005823	epochs	3.0
1789.0207368923707	0.05095189999997274	epochs	2.0
1789.0207368923707	0.025550699999939752	epochs	3.0
1789.0462875923706	0.025401200000032986	epochs	3.0
1789.0716887923707	0.05036100000006627	epochs	2.0
1789.0716887923707	0.025253499999962514	epochs	3.0
1789.0969422923706	0.025107500000103755	epochs	3.0
1789.1220497923707	0.04978379999988647	epochs	2.0
1789.1220497923707	0.024963199999774588	epochs	3.0
1789.1470129923705	0.02482060000011188	epochs	3.0
1789.1718335923706	0.04921949999993558	epochs	2.0
1789.1718335923706	0.024679399999968155	epochs	3.0
1789.1965129923706	0.024540099999967424	epochs	3.0
1789.2210530923705	0.04866790000005494	epochs	2.0
1789.2210530923705	0.024402100000088467	epochs	3.0
1789.2454551923706	0.024265799999966475	epochs	3.0
1789.2697209923706	0.048128599999927246	epochs	2.0
1789.2697209923706	0.02413099999989754	epochs	3.0
1789.2938519923705	0.023997600000029706	epochs	3.0
1789.3178495923705	0.047601100000065344	epochs	2.0
1789.3178495923705	0.023865800000066884	epochs	3.0
1789.3417153923706	0.02373529999999846	epochs	3.0
1789.3654506923706	0.04708499999992455	epochs	2.0
1789.3654506923706	0.023606299999983094	epochs	3.0
1789.3890569923706	0.023478699999941455	epochs	3.0
1789.4125356923705	0.04658000000017637	epochs	2.0
1789.4125356923705	0.023352500000100918	epochs	3.0
1789.4358881923706	0.02322750000007545	epochs	3.0
1789.4591156923707	0.04608569999982137	epochs	2.0
1789.4591156923707	0.02310399999987567	epochs	3.0
1789.4822196923706	0.022981699999945704	epochs	3.0
1789.5052013923705	0.045601799999985815	epochs	2.0
1789.5052013923705	0.022860700000137513	epochs	3.0
1789.5280620923706	0.022741099999848302	epochs	3.0
1789.5508031923705	0.04512790000012501	epochs	2.0
1789.5508031923705	0.022622500000125	epochs	3.0
1789.5734256923706	0.02250540000000001	epochs	3.0
1789.5959310923706	0.0446638000000803	epochs	2.0
1789.5959310923706	0.02238929999998618	epochs	3.0
1789.6183203923706	0.022274500000094122	epochs	3.0
1789.6405948923707	0.044209199999841076	epochs	2.0
1789.6405948923707	0.022160799999937808	epochs	3.0
1789.6627556923706	0.022048399999903268	epochs	3.0
1789.6848040923705	0.04376360000014756	epochs	2.0
1789.6848040923705	0.021936900000127935	epochs	3.0
1789.7067409923707	0.021826700000019628	epochs	3.0
1789.7285676923707	0.04332709999994222	epochs	2.0
1789.7285676923707	0.021717599999874437	epochs	3.0
1789.7502852923706	0.021609500000067783	epochs	3.0
1789.7718947923706	0.04289900000003399	epochs	2.0
1789.7718947923706	0.02150249999999687	epochs	3.0
1789.7933972923706	0.021396500000037122	epochs	3.0
1789.8147937923707	0.04247949999989942	epochs	2.0
1789.8147937923707	0.021291699999892444	epochs	3.0
1789.8360854923706	0.021187800000006973	epochs	3.0
1789.8572732923706	0.04206790000012006	epochs	2.0
1789.8572732923706	0.02108490000000529	epochs	3.0
1789.8783581923706	0.02098300000011477	epochs	3.0
1789.8993411923707	0.04166439999994509	epochs	2.0
1789.8993411923707	0.020882199999959994	epochs	3.0
1789.9202233923706	0.020782199999985096	epochs	3.0
1789.9410055923706	0.041268499999887354	epochs	2.0
1789.9410055923706	0.020683299999973315	epochs	3.0
1789.9616888923706	0.02058519999991404	epochs	3.0
1789.9822740923705	0.04088000000001557	epochs	2.0
1789.9822740923705	0.0204881000001933	epochs	3.0
1790.0027621923707	0.02039189999982227	epochs	3.0
1790.0231540923705	0.04049880000002304	epochs	2.0
1790.0231540923705	0.0202966000001652	epochs	3.0
1790.0434506923707	0.02020219999985784	epochs	3.0
1790.0636528923706	0.04012460000012652	epochs	2.0
1790.0636528923706	0.02010870000003706	epochs	3.0
1790.0837615923706	0.02001590000008946	epochs	3.0
1790.1037774923707	0.03975730000001931	epochs	2.0
1790.1037774923707	0.0199241999998776	epochs	3.0
1790.1237016923706	0.019833100000141712	epochs	3.0
1790.1435347923707	0.03939669999999751	epochs	2.0
1790.1435347923707	0.019742999999834865	epochs	3.0
1790.1632777923705	0.019653700000162644	epochs	3.0
1790.1829314923707	0.03904239999997117	epochs	2.0
1790.1829314923707	0.019565099999908853	epochs	3.0
1790.2024965923706	0.019477300000062314	epochs	3.0
1790.2219738923707	0.03869459999987157	epochs	2.0
1790.2219738923707	0.019390400000020236	epochs	3.0
1790.2413642923707	0.019304199999851335	epochs	3.0
1790.2606684923705	0.03835290000006353	epochs	2.0
1790.2606684923705	0.019218800000089686	epochs	3.0
1790.2798872923706	0.01913409999997384	epochs	3.0
1790.2990213923706	0.03801720000001296	epochs	2.0
1790.2990213923706	0.019050200000037876	epochs	3.0
1790.3180715923706	0.018966999999975087	epochs	3.0
1790.3370385923706	0.03768719999993664	epochs	2.0
1790.3370385923706	0.01888450000001285	epochs	3.0
1790.3559230923706	0.01880269999992379	epochs	3.0
1790.3747257923706	0.03736309999999321	epochs	2.0
1790.3747257923706	0.018721700000014607	epochs	3.0
1790.3934474923706	0.018641399999978603	epochs	3.0
1790.4120888923705	0.037044300000161456	epochs	2.0
1790.4120888923705	0.018561600000111866	epochs	3.0
1790.4306504923707	0.01848270000004959	epochs	3.0
1790.4491331923707	0.03673099999991791	epochs	2.0
1790.4491331923707	0.018404299999929208	epochs	3.0
1790.4675374923706	0.018326699999988705	epochs	3.0
1790.4858641923706	0.03642289999993409	epochs	2.0
1790.4858641923706	0.018249599999990096	epochs	3.0
1790.5041137923706	0.018173299999943993	epochs	3.0
1790.5222870923706	0.03612010000006194	epochs	2.0
1790.5222870923706	0.018097600000146485	epochs	3.0
1790.5403846923707	0.018022499999915453	epochs	3.0
1790.5584071923706	0.03582209999990482	epochs	2.0
1790.5584071923706	0.017947900000081063	epochs	3.0
1790.5763550923707	0.01787419999982376	epochs	3.0
1790.5942292923705	0.03552899999999681	epochs	2.0
1790.5942292923705	0.017800800000031813	epochs	3.0
1790.6120300923706	0.017728199999965	epochs	3.0
1790.6297582923705	0.03524070000003121	epochs	2.0
1790.6297582923705	0.017656100000067454	epochs	3.0
1790.6474143923706	0.017584599999963757	epochs	3.0
1790.6649989923706	0.03495710000015606	epochs	2.0
1790.6649989923706	0.017513700000108656	epochs	3.0
1790.6825126923707	0.017443400000047404	epochs	3.0
1790.6999560923707	0.034677899999906	epochs	2.0
1790.6999560923707	0.017373599999928047	epochs	3.0
1790.7173296923706	0.017304299999977957	epochs	3.0
1790.7346339923706	0.03440329999989444	epochs	2.0
1790.7346339923706	0.017235699999901044	epochs	3.0
1790.7518696923705	0.0171675999999934	epochs	3.0
1790.7690372923705	0.034132800000179486	epochs	2.0
1790.7690372923705	0.017099900000175694	epochs	3.0
1790.7861371923707	0.017032900000003792	epochs	3.0
1790.8031700923707	0.03386669999986225	epochs	2.0
1790.8031700923707	0.01696640000000116	epochs	3.0
1790.8201364923707	0.01690029999986109	epochs	3.0
1790.8370367923706	0.03360459999998966	epochs	2.0
1790.8370367923706	0.01683479999996962	epochs	3.0
1790.8538715923705	0.01676980000002004	epochs	3.0
1790.8706413923705	0.033346599999958926	epochs	2.0
1790.8706413923705	0.016705300000012357	epochs	3.0
1790.8873466923706	0.01664129999994657	epochs	3.0
1790.9039879923705	0.03309250000006614	epochs	2.0
1790.9039879923705	0.016577800000050047	epochs	3.0
1790.9205657923706	0.01651470000001609	epochs	3.0
1790.9370804923706	0.032842300000083924	epochs	2.0
1790.9370804923706	0.01645220000000336	epochs	3.0
1790.9535326923706	0.016390100000080565	epochs	3.0
1790.9699227923707	0.03259570000000167	epochs	2.0
1790.9699227923707	0.016328400000020338	epochs	3.0
1790.9862511923707	0.016267299999981333	epochs	3.0
1791.0025184923707	0.032352899999978035	epochs	2.0
1791.0025184923707	0.016206600000032267	epochs	3.0
1791.0187250923707	0.016146299999945768	epochs	3.0
1791.0348713923706	0.032113700000081735	epochs	2.0
1791.0348713923706	0.01608659999988049	epochs	3.0
1791.0509579923705	0.016027100000201244	epochs	3.0
1791.0669850923707	0.03187800000000607	epochs	2.0
1791.0669850923707	0.0159681999998611	epochs	3.0
1791.0829532923706	0.01590980000014497	epochs	3.0
1791.0988630923707	0.03164569999989908	epochs	2.0
1791.0988630923707	0.015851599999905375	epochs	3.0
1791.1147146923706	0.015794099999993705	epochs	3.0
1791.1305087923706	0.031416699999908815	epochs	2.0
1791.1305087923706	0.01573669999993399	epochs	3.0
1791.1462454923706	0.015679999999974825	epochs	3.0
1791.1619254923705	0.031191100000114602	epochs	2.0
1791.1619254923705	0.015623600000026272	epochs	3.0
1791.1775490923706	0.01556750000008833	epochs	3.0
1791.1931165923706	0.030968699999903038	epochs	2.0
1791.1931165923706	0.015511999999944237	epochs	3.0
1791.2086285923706	0.0154566999999588	epochs	3.0
1791.2240852923705	0.030749499999956242	epochs	2.0
1791.2240852923705	0.015401999999994587	epochs	3.0
1791.2394872923705	0.015347499999961656	epochs	3.0
1791.2548347923705	0.03053320000003623	epochs	2.0
1791.2548347923705	0.015293400000018664	epochs	3.0
1791.2701281923705	0.015239800000017567	epochs	3.0
1791.2853679923705	0.030320100000153616	epochs	2.0
1791.2853679923705	0.015186500000027081	epochs	3.0
1791.3005544923706	0.015133600000126535	epochs	3.0
1791.3156880923707	0.030109899999843037	epochs	2.0
1791.3156880923707	0.015081000000009226	epochs	3.0
1791.3307690923707	0.015028899999833811	epochs	3.0
1791.3457979923705	0.029902500000162036	epochs	2.0
1791.3457979923705	0.014977000000044427	epochs	3.0
1791.3607749923706	0.014925500000117609	epochs	3.0
1791.3757004923707	0.029698099999905025	epochs	2.0
1791.3757004923707	0.014874399999825982	epochs	3.0
1791.3905748923705	0.014823700000079043	epochs	3.0
1791.4053985923706	0.029496299999891562	epochs	2.0
1791.4053985923706	0.014773200000036013	epochs	3.0
1791.4201717923706	0.014723099999855549	epochs	3.0
1791.4348948923705	0.029297400000132257	epochs	2.0
1791.4348948923705	0.014673400000219772	epochs	3.0
1791.4495682923707	0.014623999999912485	epochs	3.0
1791.4641922923706	0.029101099999934377	epochs	2.0
1791.4641922923706	0.014574900000070556	epochs	3.0
1791.4787671923707	0.01452619999986382	epochs	3.0
1791.4932933923706	0.028907399999980044	epochs	2.0
1791.4932933923706	0.014477700000043114	epochs	3.0
1791.5077710923706	0.014429699999936929	epochs	3.0
1791.5222007923705	0.028716199999962555	epochs	2.0
1791.5222007923705	0.014381800000137446	epochs	3.0
1791.5365825923707	0.01433439999982511	epochs	3.0
1791.5509169923705	0.028527600000188613	epochs	2.0
1791.5509169923705	0.014287200000126177	epochs	3.0
1791.5652041923706	0.014240400000062436	epochs	3.0
1791.5794445923707	0.02834139999981744	epochs	2.0
1791.5794445923707	0.014193799999929979	epochs	3.0
1791.5936383923706	0.014147599999887461	epochs	3.0
1791.6077859923705	0.028157700000065233	epochs	2.0
1791.6077859923705	0.014101700000082928	epochs	3.0
1791.6218876923706	0.014055999999982305	epochs	3.0
1791.6359436923706	0.027976300000091214	epochs	2.0
1791.6359436923706	0.014010600000119666	epochs	3.0
1791.6499542923707	0.013965699999971548	epochs	3.0
1791.6639199923707	0.027797199999895383	epochs	2.0
1791.6639199923707	0.013920800000050804	epochs	3.0
1791.6778407923707	0.01387639999984458	epochs	3.0
1791.6917171923706	0.02762040000015986	epochs	2.0
1791.6917171923706	0.013832200000024386	epochs	3.0
1791.7055493923706	0.013788200000135475	epochs	3.0
1791.7193375923707	0.027445899999975154	epochs	2.0
1791.7193375923707	0.013744599999881757	epochs	3.0
1791.7330821923706	0.013701300000093397	epochs	3.0
1791.7467834923707	0.027273499999864725	epochs	2.0
1791.7467834923707	0.013658200000008947	epochs	3.0
1791.7604416923707	0.013615299999855779	epochs	3.0
1791.7740569923706	0.027103399999987232	epochs	2.0
1791.7740569923706	0.013572800000019924	epochs	3.0
1791.7876297923706	0.013530599999967308	epochs	3.0
1791.8011603923705	0.02693520000002536	epochs	2.0
1791.8011603923705	0.013488400000142065	epochs	3.0
1791.8146487923707	0.013446799999883297	epochs	3.0
1791.8280955923706	0.026769199999989723	epochs	2.0
1791.8280955923706	0.013405200000079276	epochs	3.0
1791.8415007923707	0.013363999999910448	epochs	3.0
1791.8548647923706	0.026605199999949036	epochs	2.0
1791.8548647923706	0.013322900000048321	epochs	3.0
1791.8681876923706	0.013282299999900715	epochs	3.0
1791.8814699923705	0.026443200000130673	epochs	2.0
1791.8814699923705	0.013241699999980483	epochs	3.0
1791.8947116923705	0.01320150000015019	epochs	3.0
1791.9079131923706	0.026283199999852513	epochs	2.0
1791.9079131923706	0.013161500000023807	epochs	3.0
1791.9210746923707	0.013121699999828706	epochs	3.0
1791.9341963923705	0.02612500000009277	epochs	2.0
1791.9341963923705	0.013082100000019636	epochs	3.0
1791.9472784923705	0.013042900000073132	epochs	3.0
1791.9603213923706	0.025968899999952555	epochs	2.0
1791.9603213923706	0.01300390000005791	epochs	3.0
1791.9733252923706	0.012964999999894644	epochs	3.0
1791.9862902923705	0.025814500000024054	epochs	2.0
1791.9862902923705	0.012926399999969362	epochs	3.0
1791.9992166923705	0.012888100000054692	epochs	3.0
1792.0121047923706	0.025661899999931848	epochs	2.0
1792.0121047923706	0.012849899999991976	epochs	3.0
1792.0249546923706	0.012811999999939871	epochs	3.0
1792.0377666923705	0.02551120000021001	epochs	2.0
1792.0377666923705	0.012774400000125752	epochs	3.0
1792.0505410923706	0.012736800000084258	epochs	3.0
1792.0632778923707	0.02536229999986972	epochs	2.0
1792.0632778923707	0.01269969999998466	epochs	3.0
1792.0759775923707	0.01266259999988506	epochs	3.0
1792.0886401923706	0.02521500000011656	epochs	2.0
1792.0886401923706	0.012625800000023446	epochs	3.0
1792.1012659923706	0.012589200000093115	epochs	3.0
1792.1138551923707	0.024584799999956886	epochs	2.0
1792.1372851923707	0.5	epochs	-1.0
1792.1384399923706	0.5346399999998539	epochs	1.0
1792.6730799923705	0.4652800000001207	epochs	0.0
2050.4850001335144	0.10543999999981679	epochs	0.0
2050.4850001335144	0.04772210000010091	epochs	1.0
2050.5327222335145	0.009995800000069721	epochs	1.0
2050.5427180335146	0.04772209999964616	epochs	1.0
2050.590440133514	2.0	epochs	0.0
2052.590440133514	5.394400000000132	epochs	0.0
2052.590440133514	1.0	epochs	1.0
2052.5904853335146	0.5	epochs	-1.0
2053.0904853335146	4.894354799999746	epochs	-1.0
2053.590440133514	4.394400000000132	epochs	1.0
2053.590440133514	4.356753900000058	epochs	-1.0
2053.590440133514	1.9745872000003146	epochs	2.0
2053.590440133514	1.0985622000002877	epochs	3.0
2054.6890023335145	0.8760250000000269	epochs	3.0
2055.5650273335145	1.3524075000000266	epochs	2.0
2055.5650273335145	0.7286354999996547	epochs	3.0
2056.293662833514	0.6237720000003719	epochs	3.0
2056.9174348335146	1.0297591999997167	epochs	2.0
2056.9174348335146	0.5453293000000485	epochs	3.0
2057.4627641335146	0.4844298999996681	epochs	3.0
2057.9471940335143	0.03764610000007451	epochs	2.0
2057.9471940335143	0.03764610000007451	epochs	3.0
2057.9848401335144	16.60552000000007	epochs	0.0
2059.0390000343323	0.10543999999981679	epochs	0.0
2059.0390000343323	0.04772210000010091	epochs	1.0
2059.0867221343324	0.009995800000069721	epochs	1.0
2059.0967179343324	0.04772209999964616	epochs	1.0
2059.144440034332	2.0	epochs	0.0
2061.144440034332	5.394639999999981	epochs	0.0
2061.144440034332	1.0	epochs	1.0
2061.1444852343325	0.5	epochs	-1.0
2061.6444852343325	4.894594799999595	epochs	-1.0
2062.144440034332	4.394639999999981	epochs	1.0
2062.144440034332	4.356753900000058	epochs	-1.0
2062.144440034332	1.9745872000003146	epochs	2.0
2062.144440034332	1.0985622000002877	epochs	3.0
2063.2430022343324	0.8760250000000269	epochs	3.0
2064.1190272343324	1.3524075000000266	epochs	2.0
2064.1190272343324	0.7286354999996547	epochs	3.0
2064.847662734332	0.6237720000003719	epochs	3.0
2065.4714347343324	1.0297591999997167	epochs	2.0
2065.4714347343324	0.5453293000000485	epochs	3.0
2066.0167640343325	0.4844298999996681	epochs	3.0
2066.501193934332	0.03788609999992332	epochs	2.0
2066.501193934332	0.03788609999992332	epochs	3.0
2066.539080034332	16.60528000000022	epochs	0.0
2067.625	0.10543999999981679	epochs	0.0
2067.625	0.04772210000010091	epochs	1.0
2067.6727221	0.009995800000069721	epochs	1.0
2067.6827179	0.04772209999964616	epochs	1.0
2067.73044	2.0	epochs	0.0
2069.73044	5.394320000000334	epochs	0.0
2069.73044	1.0	epochs	1.0
2069.7304852	0.5	epochs	-1.0
2070.2304852	4.894274799999948	epochs	-1.0
2070.73044	4.394320000000334	epochs	1.0
2070.73044	4.356753900000058	epochs	-1.0
2070.73044	1.9745872000003146	epochs	2.0
2070.73044	1.0985622000002877	epochs	3.0
2071.8290022	0.8760250000000269	epochs	3.0
2072.7050272	1.3524075000000266	epochs	2.0
2072.7050272	0.7286354999996547	epochs	3.0
2073.4336627	0.6237720000003719	epochs	3.0
2074.0574347	1.0297591999997167	epochs	2.0
2074.0574347	0.5453293000000485	epochs	3.0
2074.602764	0.4844298999996681	epochs	3.0
2075.0871939	0.03756610000027649	epochs	2.0
2075.0871939	0.03756610000027649	epochs	3.0
2075.12476	16.605599999999868	epochs	0.0
2076.231999874115	0.10543999999981679	epochs	0.0
2076.231999874115	0.04772210000010091	epochs	1.0
2076.279721974115	0.009995800000069721	epochs	1.0
2076.289717774115	0.04772209999964616	epochs	1.0
2076.337439874115	2.0	epochs	0.0
2078.337439874115	21.514640000000327	epochs	0.0
2078.337439874115	1.0	epochs	1.0
2078.337485074115	0.5	epochs	-1.0
2078.837485074115	19.999039999999695	epochs	-1.0
2079.337439874115	20.0	epochs	1.0
2079.337439874115	4.356753900000058	epochs	-1.0
2079.337439874115	1.9745872000003146	epochs	2.0
2079.337439874115	1.0985622000002877	epochs	3.0
2080.436002074115	0.8760250000000269	epochs	3.0
2081.312027074115	1.3524075000000266	epochs	2.0
2081.312027074115	0.7286354999996547	epochs	3.0
2082.040662574115	0.6237720000003719	epochs	3.0
2082.664434574115	1.0297591999997167	epochs	2.0
2082.664434574115	0.5453293000000485	epochs	3.0
2083.209763874115	0.4844298999996681	epochs	3.0
2083.694193774115	0.8317862000003515	epochs	2.0
2083.694193774115	0.43577630000027057	epochs	3.0
2084.129970074115	0.39600990000008096	epochs	3.0
2084.525979974115	0.6977969999998095	epochs	2.0
2084.525979974115	0.3628981999995631	epochs	3.0
2084.888878174115	0.3348988000002464	epochs	3.0
2085.223776974115	0.6010456999997587	epochs	2.0
2085.223776974115	0.3109122999999272	epochs	3.0
2085.534689274115	0.29013339999983145	epochs	3.0
2085.824822674115	0.5278859000000011	epochs	2.0
2085.824822674115	0.27195860000028915	epochs	3.0
2086.096781274115	0.255927299999712	epochs	3.0
2086.352708574115	0.4706193000001804	epochs	2.0
2086.352708574115	0.241681299999982	epochs	3.0
2086.5943898741148	0.22893800000019837	epochs	3.0
2086.823327874115	0.42457039999999324	epochs	2.0
2086.823327874115	0.21747140000024956	epochs	3.0
2087.040799274115	0.20709899999974368	epochs	3.0
2087.247898274115	0.3867353999999068	epochs	2.0
2087.247898274115	0.19767110000020693	epochs	3.0
2087.445569374115	0.18906429999969987	epochs	3.0
2087.634633674115	0.35509529999990264	epochs	2.0
2087.634633674115	0.18117590000019845	epochs	3.0
2087.815809574115	0.17391939999970418	epochs	3.0
2087.9897289741148	0.32824310000023615	epochs	2.0
2087.9897289741148	0.167221900000186	epochs	3.0
2088.156950874115	0.16102120000005016	epochs	3.0
2088.317972074115	0.3051679999998669	epochs	2.0
2088.317972074115	0.15526390000013635	epochs	3.0
2088.473235974115	0.14990409999973053	epochs	3.0
2088.623140074115	0.2851253000003453	epochs	2.0
2088.623140074115	0.14490210000030856	epochs	3.0
2088.768042174115	0.14022320000003674	epochs	3.0
2088.908265374115	0.2675537999998596	epochs	2.0
2088.908265374115	0.1358368999999584	epochs	3.0
2089.044102274115	0.13171689999990122	epochs	3.0
2089.175819174115	0.2520228999997016	epochs	2.0
2089.175819174115	0.12783929999977772	epochs	3.0
2089.303658474115	0.1241835999999239	epochs	3.0
2089.427842074115	0.23819650000041293	epochs	2.0
2089.427842074115	0.12073110000028464	epochs	3.0
2089.548573174115	0.11746540000012828	epochs	3.0
2089.666038574115	0.22580879999986792	epochs	2.0
2089.666038574115	0.11437189999969632	epochs	3.0
2089.780410474115	0.11143690000017159	epochs	3.0
2089.891847374115	0.21464599999990241	epochs	2.0
2089.891847374115	0.10864889999993466	epochs	3.0
2090.000496274115	0.10599709999996776	epochs	3.0
2090.106493374115	0.2045349999998507	epochs	2.0
2090.106493374115	0.10347150000006877	epochs	3.0
2090.209964874115	0.10106349999978192	epochs	3.0
2090.311028374115	0.19533400000000256	epochs	2.0
2090.311028374115	0.09876510000003691	epochs	3.0
2090.409793474115	0.09656889999996565	epochs	3.0
2090.506362374115	0.18692529999998442	epochs	2.0
2090.506362374115	0.0944683000002442	epochs	3.0
2090.600830674115	0.09245699999974022	epochs	3.0
2090.693287674115	0.1792107000001124	epochs	2.0
2090.693287674115	0.0905296000000817	epochs	3.0
2090.783817274115	0.08868110000003071	epochs	3.0
2090.872498374115	0.17210770000019693	epochs	2.0
2090.872498374115	0.08690630000000965	epochs	3.0
2090.959404674115	0.08520140000018728	epochs	3.0
2091.044606074115	0.16554640000003928	epochs	2.0
2091.044606074115	0.08356189999994967	epochs	3.0
2091.128167974115	0.08198450000008961	epochs	3.0
2091.210152474115	0.15946709999980158	epochs	2.0
2091.210152474115	0.08046539999986635	epochs	3.0
2091.290617874115	0.07900169999993523	epochs	3.0
2091.369619574115	0.15381840000009106	epochs	2.0
2091.369619574115	0.07759010000017952	epochs	3.0
2091.447209674115	0.07622829999991154	epochs	3.0
2091.523437974115	0.14855639999996129	epochs	2.0
2091.523437974115	0.07491329999993468	epochs	3.0
2091.598351274115	0.0736431000000266	epochs	3.0
2091.671994374115	0.1436423999998624	epochs	2.0
2091.671994374115	0.07241500000009182	epochs	3.0
2091.744409374115	0.07122739999977057	epochs	3.0
2091.815636774115	0.13904309999998077	epochs	2.0
2091.815636774115	0.07007800000019415	epochs	3.0
2091.885714774115	0.06896509999978662	epochs	3.0
2091.954679874115	0.13472930000034467	epochs	2.0
2091.954679874115	0.0678871000000072	epochs	3.0
2092.022566974115	0.06684220000033747	epochs	3.0
2092.089409174115	0.13067519999958677	epochs	2.0
2092.089409174115	0.06582909999997355	epochs	3.0
2092.155238274115	0.06484609999961322	epochs	3.0
2092.220084374115	0.12685780000037994	epochs	2.0
2092.220084374115	0.06389200000012352	epochs	3.0
2092.283976374115	0.06296580000025642	epochs	3.0
2092.346942174115	0.12325719999989815	epochs	2.0
2092.346942174115	0.06206579999980022	epochs	3.0
2092.409007974115	0.06119140000009793	epochs	3.0
2092.470199374115	0.11985539999977846	epochs	2.0
2092.470199374115	0.06034109999973225	epochs	3.0
2092.530540474115	0.059514300000046205	epochs	3.0
2092.590054774115	0.11663620000035735	epochs	2.0
2092.590054774115	0.058709599999929196	epochs	3.0
2092.6487643741148	0.05792660000042815	epochs	3.0
2092.706690974115	0.11358559999962381	epochs	2.0
2092.706690974115	0.05716419999998834	epochs	3.0
2092.763855174115	0.05642139999963547	epochs	3.0
2092.820276574115	0.11069050000014613	epochs	2.0
2092.820276574115	0.05569790000026842	epochs	3.0
2092.875974474115	0.05499259999987771	epochs	3.0
2092.930967074115	0.10793909999983953	epochs	2.0
2092.930967074115	0.054304899999806366	epochs	3.0
2092.9852719741148	0.05363420000003316	epochs	3.0
2093.038906174115	0.10532150000017282	epochs	2.0
2093.038906174115	0.05298000000038883	epochs	3.0
2093.091886174115	0.05234149999978399	epochs	3.0
2093.144227674115	0.10282760000018243	epochs	2.0
2093.144227674115	0.05171810000001642	epochs	3.0
2093.195945774115	0.05110950000016601	epochs	3.0
2093.247055274115	0.10044909999987794	epochs	2.0
2093.247055274115	0.050514900000052876	epochs	3.0
2093.297570174115	0.04993419999982507	epochs	3.0
2093.347504374115	0.09817829999974492	epochs	2.0
2093.347504374115	0.049366599999757454	epochs	3.0
2093.396870974115	0.04881169999998747	epochs	3.0
2093.445682674115	0.09600780000027953	epochs	2.0
2093.445682674115	0.04826920000004975	epochs	3.0
2093.493951874115	0.04773860000022978	epochs	3.0
2093.541690474115	0.09393120000004274	epochs	2.0
2093.541690474115	0.0472194999997555	epochs	3.0
2093.588909974115	0.04671170000028724	epochs	3.0
2093.635621674115	0.09194260000003851	epochs	2.0
2093.635621674115	0.046214599999984785	epochs	3.0
2093.681836274115	0.045728000000053726	epochs	3.0
2093.727564274115	0.09003630000006524	epochs	2.0
2093.727564274115	0.045251499999722	epochs	3.0
2093.772815774115	0.04478480000034324	epochs	3.0
2093.817600574115	0.0882075999998051	epochs	2.0
2093.817600574115	0.04432779999979175	epochs	3.0
2093.861928374115	0.04387980000001335	epochs	3.0
2093.905808174115	0.0864516999999978	epochs	2.0
2093.905808174115	0.04344099999980244	epochs	3.0
2093.949249174115	0.04301070000019536	epochs	3.0
2093.992259874115	0.08476430000018809	epochs	2.0
2093.992259874115	0.04258900000013455	epochs	3.0
2094.034848874115	0.04217530000005354	epochs	3.0
2094.077024174115	0.08314149999978326	epochs	2.0
2094.077024174115	0.04176969999980429	epochs	3.0
2094.118793874115	0.041371799999978975	epochs	3.0
2094.160165674115	0.08157970000002024	epochs	2.0
2094.160165674115	0.040981399999964196	epochs	3.0
2094.201147074115	0.04059830000005604	epochs	3.0
2094.241745374115	0.08007550000002084	epochs	2.0
2094.241745374115	0.040222300000095856	epochs	3.0
2094.281967674115	0.03985319999992498	epochs	3.0
2094.321820874115	0.07862569999997504	epochs	2.0
2094.321820874115	0.03949079999983951	epochs	3.0
2094.361311674115	0.03913490000013553	epochs	3.0
2094.400446574115	0.07722759999978734	epochs	2.0
2094.400446574115	0.038785400000051595	epochs	3.0
2094.439231974115	0.03844219999973575	epochs	3.0
2094.477674174115	0.07587820000026113	epochs	2.0
2094.477674174115	0.038104800000382966	epochs	3.0
2094.515778974115	0.037773399999878166	epochs	3.0
2094.553552374115	0.07457519999979922	epochs	2.0
2094.553552374115	0.03744770000002973	epochs	3.0
2094.591000074115	0.0371274999997695	epochs	3.0
2094.628127574115	0.07331629999998768	epochs	2.0
2094.628127574115	0.036812900000313675	epochs	3.0
2094.664940474115	0.036503399999674	epochs	3.0
2094.701443874115	0.07209899999998015	epochs	2.0
2094.701443874115	0.03619909999997617	epochs	3.0
2094.737642974115	0.03589990000000398	epochs	3.0
2094.773542874115	0.07092170000032638	epochs	2.0
2094.773542874115	0.03560560000005353	epochs	3.0
2094.809148474115	0.035316100000272854	epochs	3.0
2094.844464574115	0.06978200000003199	epochs	2.0
2094.844464574115	0.03503120000004856	epochs	3.0
2094.879495774115	0.03475079999998343	epochs	3.0
2094.914246574115	0.06867859999965731	epochs	2.0
2094.914246574115	0.03447509999978138	epochs	3.0
2094.948721674115	0.03420349999987593	epochs	3.0
2094.982925174115	0.06760930000018561	epochs	2.0
2094.982925174115	0.033936199999970995	epochs	3.0
2095.016861374115	0.03367310000021462	epochs	3.0
2095.050534474115	0.06657289999975546	epochs	2.0
2095.050534474115	0.03341399999999339	epochs	3.0
2095.083948474115	0.03315889999976207	epochs	3.0
2095.1171073741148	0.06556780000028084	epochs	2.0
2095.1171073741148	0.03290770000012344	epochs	3.0
2095.150015074115	0.0326601000001574	epochs	3.0
2095.182675174115	0.06459259999974165	epochs	2.0
2095.182675174115	0.03241639999987456	epochs	3.0
2095.215091574115	0.032176199999867094	epochs	3.0
2095.247267774115	0.06364600000006249	epochs	2.0
2095.247267774115	0.03193959999998697	epochs	3.0
2095.279207374115	0.03170640000007552	epochs	3.0
2095.310913774115	0.0627266999999847	epochs	2.0
2095.310913774115	0.03147660000013275	epochs	3.0
2095.342390374115	0.031250099999851955	epochs	3.0
2095.373640474115	0.06183360000022731	epochs	2.0
2095.373640474115	0.031026900000142632	epochs	3.0
2095.404667374115	0.030806700000084675	epochs	3.0
2095.435474074115	0.06096560000014506	epochs	2.0
2095.435474074115	0.03058980000014344	epochs	3.0
2095.466063874115	0.030375800000001618	epochs	3.0
2095.496439674115	0.06012160000000222	epochs	2.0
2095.496439674115	0.030164899999817862	epochs	3.0
2095.526604574115	0.029956700000184355	epochs	3.0
2095.556561274115	0.05930069999976695	epochs	2.0
2095.556561274115	0.02975159999959942	epochs	3.0
2095.586312874115	0.029549100000167527	epochs	3.0
2095.615861974115	0.058501800000158255	epochs	2.0
2095.615861974115	0.029349400000228343	epochs	3.0
2095.645211374115	0.029152399999929912	epochs	3.0
2095.674363774115	0.05772419999993872	epochs	2.0
2095.674363774115	0.028957999999875028	epochs	3.0
2095.703321774115	0.02876620000006369	epochs	3.0
2095.732087974115	0.056967099999837956	epochs	2.0
2095.732087974115	0.028577000000041153	epochs	3.0
2095.760664974115	0.028390099999796803	epochs	3.0
2095.789055074115	0.05622949999997218	epochs	2.0
2095.789055074115	0.028205699999944045	epochs	3.0
2095.817260774115	0.028023800000028132	epochs	3.0
2095.845284574115	0.05551070000001346	epochs	2.0
2095.845284574115	0.027844000000186497	epochs	3.0
2095.873128574115	0.02766669999982696	epochs	3.0
2095.900795274115	0.05481020000024728	epochs	2.0
2095.900795274115	0.02749149999999645	epochs	3.0
2095.928286774115	0.02731870000025083	epochs	3.0
2095.955605474115	0.054126999999880354	epochs	2.0
2095.955605474115	0.027147799999966082	epochs	3.0
2095.982753274115	0.026979199999914272	epochs	3.0
2096.009732474115	0.053460699999959616	epochs	2.0
2096.009732474115	0.026812600000084785	epochs	3.0
2096.036545074115	0.02664809999987483	epochs	3.0
2096.063193174115	0.05281070000000909	epochs	2.0
2096.063193174115	0.0264855999998872	epochs	3.0
2096.089678774115	0.026325100000121893	epochs	3.0
2096.116003874115	0.052176199999848905	epochs	2.0
2096.116003874115	0.026166399999965506	epochs	3.0
2096.142170274115	0.0260097999998834	epochs	3.0
2096.168180074115	0.05155670000021928	epochs	2.0
2096.168180074115	0.02585480000016105	epochs	3.0
2096.194034874115	0.02570190000005823	epochs	3.0
2096.219736774115	0.050951899999745365	epochs	2.0
2096.219736774115	0.02555069999971238	epochs	3.0
2096.245287474115	0.025401200000032986	epochs	3.0
2096.270688674115	0.05036100000006627	epochs	2.0
2096.270688674115	0.025253499999962514	epochs	3.0
2096.2959421741148	0.025107500000103755	epochs	3.0
2096.321049674115	0.04978380000011384	epochs	2.0
2096.321049674115	0.02496320000000196	epochs	3.0
2096.346012874115	0.02482060000011188	epochs	3.0
2096.370833474115	0.04921950000016295	epochs	2.0
2096.370833474115	0.024679399999968155	epochs	3.0
2096.395512874115	0.024540100000194798	epochs	3.0
2096.420052974115	0.04866790000005494	epochs	2.0
2096.420052974115	0.024402099999861093	epochs	3.0
2096.444455074115	0.02426580000019385	epochs	3.0
2096.468720874115	0.048128599999927246	epochs	2.0
2096.468720874115	0.024130999999670166	epochs	3.0
2096.492851874115	0.02399760000025708	epochs	3.0
2096.516849474115	0.047601100000065344	epochs	2.0
2096.516849474115	0.02386579999983951	epochs	3.0
2096.540715274115	0.023735300000225834	epochs	3.0
2096.564450574115	0.047084999999697175	epochs	2.0
2096.564450574115	0.02360629999975572	epochs	3.0
2096.588056874115	0.023478699999941455	epochs	3.0
2096.611535574115	0.04658000000017637	epochs	2.0
2096.611535574115	0.023352499999873544	epochs	3.0
2096.6348880741148	0.023227500000302825	epochs	3.0
2096.658115574115	0.04608569999982137	epochs	2.0
2096.658115574115	0.02310399999987567	epochs	3.0
2096.681219574115	0.022981699999945704	epochs	3.0
2096.704201274115	0.045601799999985815	epochs	2.0
2096.704201274115	0.02286069999991014	epochs	3.0
2096.727061974115	0.022741100000075676	epochs	3.0
2096.749803074115	0.045127899999897636	epochs	2.0
2096.749803074115	0.022622500000125	epochs	3.0
2096.772425574115	0.022505399999772635	epochs	3.0
2096.794930974115	0.044663800000307674	epochs	2.0
2096.794930974115	0.022389300000213552	epochs	3.0
2096.817320274115	0.022274500000094122	epochs	3.0
2096.839594774115	0.044209199999841076	epochs	2.0
2096.839594774115	0.022160799999710434	epochs	3.0
2096.861755574115	0.02204840000013064	epochs	3.0
2096.883803974115	0.04376360000014756	epochs	2.0
2096.883803974115	0.021936900000127935	epochs	3.0
2096.905740874115	0.021826700000019628	epochs	3.0
2096.927567574115	0.043327099999714846	epochs	2.0
2096.927567574115	0.02171760000010181	epochs	3.0
2096.949285174115	0.021609499999613035	epochs	3.0
2096.970894674115	0.04289900000003399	epochs	2.0
2096.970894674115	0.021502500000224245	epochs	3.0
2096.992397174115	0.021396499999809748	epochs	3.0
2097.013793674115	0.042479500000354165	epochs	2.0
2097.013793674115	0.02129170000034719	epochs	3.0
2097.035085374115	0.021187800000006973	epochs	3.0
2097.056273174115	0.04206789999989269	epochs	2.0
2097.056273174115	0.02108490000000529	epochs	3.0
2097.077358074115	0.020982999999887397	epochs	3.0
2097.098341074115	0.041664399999717716	epochs	2.0
2097.098341074115	0.020882199999959994	epochs	3.0
2097.119223274115	0.020782199999757722	epochs	3.0
2097.140005474115	0.04126850000011473	epochs	2.0
2097.140005474115	0.02068330000020069	epochs	3.0
2097.160688774115	0.02058519999991404	epochs	3.0
2097.181273974115	0.04088000000001557	epochs	2.0
2097.181273974115	0.020488099999965925	epochs	3.0
2097.201762074115	0.020391900000049645	epochs	3.0
2097.222153974115	0.04049880000002304	epochs	2.0
2097.222153974115	0.0202966000001652	epochs	3.0
2097.242450574115	0.02020219999985784	epochs	3.0
2097.262652774115	0.04012460000012652	epochs	2.0
2097.262652774115	0.02010870000003706	epochs	3.0
2097.282761474115	0.02001590000008946	epochs	3.0
2097.302777374115	0.03975730000001931	epochs	2.0
2097.302777374115	0.0199241999998776	epochs	3.0
2097.322701574115	0.019833100000141712	epochs	3.0
2097.342534674115	0.03939669999999751	epochs	2.0
2097.342534674115	0.019742999999834865	epochs	3.0
2097.362277674115	0.019653700000162644	epochs	3.0
2097.381931374115	0.03904239999974379	epochs	2.0
2097.381931374115	0.019565099999908853	epochs	3.0
2097.401496474115	0.01947729999983494	epochs	3.0
2097.420973774115	0.03869460000032632	epochs	2.0
2097.420973774115	0.01939040000024761	epochs	3.0
2097.440364174115	0.01930420000007871	epochs	3.0
2097.459668374115	0.03835289999960878	epochs	2.0
2097.459668374115	0.01921879999963494	epochs	3.0
2097.478887174115	0.01913409999997384	epochs	3.0
2097.4980212741148	0.03801720000001296	epochs	2.0
2097.4980212741148	0.019050200000037876	epochs	3.0
2097.517071474115	0.018966999999975087	epochs	3.0
2097.536038474115	0.03768720000016401	epochs	2.0
2097.536038474115	0.018884500000240223	epochs	3.0
2097.554922974115	0.01880269999992379	epochs	3.0
2097.573725674115	0.037363100000220584	epochs	2.0
2097.573725674115	0.01872170000024198	epochs	3.0
2097.592447374115	0.018641399999978603	epochs	3.0
2097.611088774115	0.03704429999970671	epochs	2.0
2097.611088774115	0.018561599999884493	epochs	3.0
2097.629650374115	0.018482699999822216	epochs	3.0
2097.648133074115	0.036731000000145286	epochs	2.0
2097.648133074115	0.018404299999929208	epochs	3.0
2097.666537374115	0.01832670000021608	epochs	3.0
2097.684864074115	0.03642290000016146	epochs	2.0
2097.684864074115	0.018249599999762722	epochs	3.0
2097.703113674115	0.01817330000039874	epochs	3.0
2097.721286974115	0.03612009999960719	epochs	2.0
2097.721286974115	0.018097599999691738	epochs	3.0
2097.739384574115	0.018022499999915453	epochs	3.0
2097.757407074115	0.035822100000132195	epochs	2.0
2097.757407074115	0.017947900000308437	epochs	3.0
2097.775354974115	0.01787419999982376	epochs	3.0
2097.793229174115	0.03552900000022419	epochs	2.0
2097.793229174115	0.017800800000259187	epochs	3.0
2097.811029974115	0.017728199999965	epochs	3.0
2097.828758174115	0.03524070000003121	epochs	2.0
2097.828758174115	0.01765609999984008	epochs	3.0
2097.846414274115	0.01758460000019113	epochs	3.0
2097.863998874115	0.03495709999970131	epochs	2.0
2097.863998874115	0.01751369999965391	epochs	3.0
2097.881512574115	0.017443400000047404	epochs	3.0
2097.898955974115	0.03467790000013338	epochs	2.0
2097.898955974115	0.01737360000015542	epochs	3.0
2097.916329574115	0.017304299999977957	epochs	3.0
2097.933633874115	0.03440330000012182	epochs	2.0
2097.933633874115	0.017235700000128418	epochs	3.0
2097.950869574115	0.0171675999999934	epochs	3.0
2097.968037174115	0.03413279999995211	epochs	2.0
2097.968037174115	0.017099899999720947	epochs	3.0
2097.985137074115	0.017032900000231166	epochs	3.0
2098.002169974115	0.03386670000008962	epochs	2.0
2098.002169974115	0.01696640000000116	epochs	3.0
2098.019136374115	0.016900300000088464	epochs	3.0
2098.036036674115	0.033604599999762286	epochs	2.0
2098.036036674115	0.016834799999742245	epochs	3.0
2098.052871474115	0.01676980000002004	epochs	3.0
2098.069641274115	0.0333466000001863	epochs	2.0
2098.069641274115	0.016705300000012357	epochs	3.0
2098.086346574115	0.016641300000173942	epochs	3.0
2098.102987874115	0.033092499999838765	epochs	2.0
2098.102987874115	0.016577800000050047	epochs	3.0
2098.119565674115	0.016514699999788718	epochs	3.0
2098.136080374115	0.032842300000083924	epochs	2.0
2098.136080374115	0.01645220000000336	epochs	3.0
2098.152532574115	0.016390100000080565	epochs	3.0
2098.168922674115	0.03259570000000167	epochs	2.0
2098.168922674115	0.016328400000020338	epochs	3.0
2098.185251074115	0.016267299999981333	epochs	3.0
2098.201518374115	0.03235289999975066	epochs	2.0
2098.201518374115	0.016206599999804894	epochs	3.0
2098.217724974115	0.016146299999945768	epochs	3.0
2098.233871274115	0.032113700000081735	epochs	2.0
2098.233871274115	0.016086600000107865	epochs	3.0
2098.249957874115	0.01602709999997387	epochs	3.0
2098.265984974115	0.03187800000023344	epochs	2.0
2098.265984974115	0.015968200000315846	epochs	3.0
2098.281953174115	0.015909799999917595	epochs	3.0
2098.297862974115	0.03164569999989908	epochs	2.0
2098.297862974115	0.015851599999678	epochs	3.0
2098.313714574115	0.01579410000022108	epochs	3.0
2098.329508674115	0.03141670000013619	epochs	2.0
2098.329508674115	0.015736700000161363	epochs	3.0
2098.345245374115	0.015679999999974825	epochs	3.0
2098.360925374115	0.03119109999988723	epochs	2.0
2098.360925374115	0.015623599999798898	epochs	3.0
2098.376548974115	0.01556750000008833	epochs	3.0
2098.392116474115	0.030968699999903038	epochs	2.0
2098.392116474115	0.015511999999944237	epochs	3.0
2098.407628474115	0.0154566999999588	epochs	3.0
2098.423085174115	0.030749500000183616	epochs	2.0
2098.423085174115	0.015401999999994587	epochs	3.0
2098.438487174115	0.01534750000018903	epochs	3.0
2098.453834674115	0.030533199999808858	epochs	2.0
2098.453834674115	0.01529339999979129	epochs	3.0
2098.469128074115	0.015239800000017567	epochs	3.0
2098.484367874115	0.030320100000153616	epochs	2.0
2098.484367874115	0.015186500000254455	epochs	3.0
2098.499554374115	0.015133599999899161	epochs	3.0
2098.514687974115	0.030109899999843037	epochs	2.0
2098.514687974115	0.015081000000009226	epochs	3.0
2098.529768974115	0.015028899999833811	epochs	3.0
2098.544797874115	0.029902499999934662	epochs	2.0
2098.544797874115	0.0149770000002718	epochs	3.0
2098.559774874115	0.014925499999662861	epochs	3.0
2098.574700374115	0.0296981000001324	epochs	2.0
2098.574700374115	0.01487440000028073	epochs	3.0
2098.589574774115	0.01482369999985167	epochs	3.0
2098.604398474115	0.029496300000118936	epochs	2.0
2098.604398474115	0.014773200000036013	epochs	3.0
2098.619171674115	0.014723100000082923	epochs	3.0
2098.633894774115	0.029297399999904883	epochs	2.0
2098.633894774115	0.014673399999992398	epochs	3.0
2098.648568174115	0.014623999999912485	epochs	3.0
2098.663192174115	0.029101099999934377	epochs	2.0
2098.663192174115	0.014574899999843183	epochs	3.0
2098.677767074115	0.014526200000091194	epochs	3.0
2098.692293274115	0.028907400000207417	epochs	2.0
2098.692293274115	0.014477700000043114	epochs	3.0
2098.706770974115	0.014429700000164303	epochs	3.0
2098.721200674115	0.028716199999962555	epochs	2.0
2098.721200674115	0.014381799999682698	epochs	3.0
2098.735582474115	0.014334400000279857	epochs	3.0
2098.749916874115	0.02852759999996124	epochs	2.0
2098.749916874115	0.01428719999967143	epochs	3.0
2098.764204074115	0.01424040000028981	epochs	3.0
2098.778444474115	0.028341400000044814	epochs	2.0
2098.778444474115	0.014193799999702605	epochs	3.0
2098.792638274115	0.014147600000342209	epochs	3.0
2098.806785874115	0.028157700000065233	epochs	2.0
2098.806785874115	0.014101700000082928	epochs	3.0
2098.820887574115	0.014055999999982305	epochs	3.0
2098.834943574115	0.02797629999986384	epochs	2.0
2098.834943574115	0.014010599999892293	epochs	3.0
2098.848954174115	0.013965699999971548	epochs	3.0
2098.862919874115	0.027797199999895383	epochs	2.0
2098.862919874115	0.013920800000050804	epochs	3.0
2098.876840674115	0.01387639999984458	epochs	3.0
2098.890717074115	0.02762040000015986	epochs	2.0
2098.890717074115	0.01383220000025176	epochs	3.0
2098.904549274115	0.013788199999908102	epochs	3.0
2098.918337474115	0.02744589999974778	epochs	2.0
2098.918337474115	0.013744599999881757	epochs	3.0
2098.932082074115	0.013701299999866023	epochs	3.0
2098.945783374115	0.027273500000319473	epochs	2.0
2098.945783374115	0.013658200000008947	epochs	3.0
2098.959441574115	0.013615300000310526	epochs	3.0
2098.973056874115	0.02710339999975986	epochs	2.0
2098.973056874115	0.013572800000019924	epochs	3.0
2098.986629674115	0.013530599999739934	epochs	3.0
2099.000160274115	0.02693520000002536	epochs	2.0
2099.000160274115	0.01348839999991469	epochs	3.0
2099.013648674115	0.01344680000011067	epochs	3.0
2099.027095474115	0.026769200000217097	epochs	2.0
2099.027095474115	0.013405199999851902	epochs	3.0
2099.040500674115	0.013364000000365195	epochs	3.0
2099.053864674115	0.026605199999721663	epochs	2.0
2099.053864674115	0.013322899999820947	epochs	3.0
2099.067187574115	0.013282299999900715	epochs	3.0
2099.080469874115	0.0264431999999033	epochs	2.0
2099.080469874115	0.013241699999980483	epochs	3.0
2099.093711574115	0.013201499999922817	epochs	3.0
2099.106913074115	0.02628320000030726	epochs	2.0
2099.106913074115	0.013161500000023807	epochs	3.0
2099.120074574115	0.013121700000283454	epochs	3.0
2099.133196274115	0.026124999999865395	epochs	2.0
2099.133196274115	0.013082099999792263	epochs	3.0
2099.146278374115	0.013042900000073132	epochs	3.0
2099.159321274115	0.025968899999952555	epochs	2.0
2099.159321274115	0.01300390000005791	epochs	3.0
2099.172325174115	0.012964999999894644	epochs	3.0
2099.185290174115	0.025814500000251428	epochs	2.0
2099.185290174115	0.012926400000196736	epochs	3.0
2099.198216574115	0.012888100000054692	epochs	3.0
2099.211104674115	0.025661899999704474	epochs	2.0
2099.211104674115	0.012849899999764602	epochs	3.0
2099.223954574115	0.012811999999939871	epochs	3.0
2099.236766574115	0.025511199999982637	epochs	2.0
2099.236766574115	0.012774400000125752	epochs	3.0
2099.249540974115	0.012736799999856885	epochs	3.0
2099.262277774115	0.025362300000324467	epochs	2.0
2099.262277774115	0.012699700000212033	epochs	3.0
2099.274977474115	0.012662600000112434	epochs	3.0
2099.287640074115	0.025214999999661813	epochs	2.0
2099.287640074115	0.012625800000023446	epochs	3.0
2099.300265874115	0.012589199999638367	epochs	3.0
2099.312855074115	0.024584799999956886	epochs	2.0
2099.336525074115	0.5	epochs	-1.0
2099.337439874115	0.5146400000003268	epochs	1.0
2099.852079874115	0.48527999999987514	epochs	0.0
2100.9790000915527	0.10543999999981679	epochs	0.0
2100.9790000915527	0.04772210000010091	epochs	1.0
2101.026722191553	0.009995800000069721	epochs	1.0
2101.036717991553	0.04772209999964616	epochs	1.0
2101.0844400915526	2.0	epochs	0.0
2103.0844400915526	21.55424000000039	epochs	0.0
2103.0844400915526	1.0	epochs	1.0
2103.084485291553	0.5	epochs	-1.0
2103.584485291553	19.999039999999695	epochs	-1.0
2104.0844400915526	20.0	epochs	1.0
2104.0844400915526	4.356753900000058	epochs	-1.0
2104.0844400915526	1.9745872000003146	epochs	2.0
2104.0844400915526	1.0985622000002877	epochs	3.0
2105.183002291553	0.8760250000000269	epochs	3.0
2106.059027291553	1.3524075000000266	epochs	2.0
2106.059027291553	0.7286354999996547	epochs	3.0
2106.7876627915525	0.6237720000003719	epochs	3.0
2107.411434791553	1.0297591999997167	epochs	2.0
2107.411434791553	0.5453293000000485	epochs	3.0
2107.956764091553	0.4844298999996681	epochs	3.0
2108.4411939915526	0.8317862000003515	epochs	2.0
2108.4411939915526	0.43577630000027057	epochs	3.0
2108.876970291553	0.39600990000008096	epochs	3.0
2109.272980191553	0.6977969999998095	epochs	2.0
2109.272980191553	0.3628981999995631	epochs	3.0
2109.6358783915525	0.3348988000002464	epochs	3.0
2109.9707771915528	0.6010456999997587	epochs	2.0
2109.9707771915528	0.3109122999999272	epochs	3.0
2110.2816894915527	0.29013339999983145	epochs	3.0
2110.5718228915525	0.5278859000000011	epochs	2.0
2110.5718228915525	0.27195860000028915	epochs	3.0
2110.843781491553	0.255927299999712	epochs	3.0
2111.0997087915525	0.4706193000001804	epochs	2.0
2111.0997087915525	0.241681299999982	epochs	3.0
2111.3413900915525	0.22893800000019837	epochs	3.0
2111.5703280915527	0.42457039999999324	epochs	2.0
2111.5703280915527	0.21747140000024956	epochs	3.0
2111.787799491553	0.20709899999974368	epochs	3.0
2111.9948984915527	0.3867353999999068	epochs	2.0
2111.9948984915527	0.19767110000020693	epochs	3.0
2112.192569591553	0.18906429999969987	epochs	3.0
2112.3816338915526	0.35509529999990264	epochs	2.0
2112.3816338915526	0.18117590000019845	epochs	3.0
2112.562809791553	0.17391939999970418	epochs	3.0
2112.7367291915525	0.32824310000023615	epochs	2.0
2112.7367291915525	0.167221900000186	epochs	3.0
2112.9039510915527	0.16102120000005016	epochs	3.0
2113.0649722915527	0.3051679999998669	epochs	2.0
2113.0649722915527	0.15526390000013635	epochs	3.0
2113.220236191553	0.14990409999973053	epochs	3.0
2113.3701402915526	0.2851253000003453	epochs	2.0
2113.3701402915526	0.14490210000030856	epochs	3.0
2113.515042391553	0.14022320000003674	epochs	3.0
2113.655265591553	0.2675537999998596	epochs	2.0
2113.655265591553	0.1358368999999584	epochs	3.0
2113.791102491553	0.13171689999990122	epochs	3.0
2113.922819391553	0.2520228999997016	epochs	2.0
2113.922819391553	0.12783929999977772	epochs	3.0
2114.0506586915526	0.1241835999999239	epochs	3.0
2114.1748422915525	0.23819650000041293	epochs	2.0
2114.1748422915525	0.12073110000028464	epochs	3.0
2114.295573391553	0.11746540000012828	epochs	3.0
2114.413038791553	0.22580879999986792	epochs	2.0
2114.413038791553	0.11437189999969632	epochs	3.0
2114.5274106915526	0.11143690000017159	epochs	3.0
2114.638847591553	0.21464599999990241	epochs	2.0
2114.638847591553	0.10864889999993466	epochs	3.0
2114.7474964915527	0.10599709999996776	epochs	3.0
2114.8534935915527	0.2045349999998507	epochs	2.0
2114.8534935915527	0.10347150000006877	epochs	3.0
2114.956965091553	0.10106349999978192	epochs	3.0
2115.0580285915526	0.19533400000000256	epochs	2.0
2115.0580285915526	0.09876510000003691	epochs	3.0
2115.1567936915526	0.09656889999996565	epochs	3.0
2115.2533625915526	0.18692529999998442	epochs	2.0
2115.2533625915526	0.0944683000002442	epochs	3.0
2115.347830891553	0.09245699999974022	epochs	3.0
2115.4402878915525	0.1792107000001124	epochs	2.0
2115.4402878915525	0.0905296000000817	epochs	3.0
2115.5308174915526	0.08868110000003071	epochs	3.0
2115.6194985915527	0.17210770000019693	epochs	2.0
2115.6194985915527	0.08690630000000965	epochs	3.0
2115.7064048915527	0.08520140000018728	epochs	3.0
2115.791606291553	0.16554640000003928	epochs	2.0
2115.791606291553	0.08356189999994967	epochs	3.0
2115.875168191553	0.08198450000008961	epochs	3.0
2115.957152691553	0.15946709999980158	epochs	2.0
2115.957152691553	0.08046539999986635	epochs	3.0
2116.0376180915528	0.07900169999993523	epochs	3.0
2116.1166197915527	0.15381840000009106	epochs	2.0
2116.1166197915527	0.07759010000017952	epochs	3.0
2116.194209891553	0.07622829999991154	epochs	3.0
2116.270438191553	0.14855639999996129	epochs	2.0
2116.270438191553	0.07491329999993468	epochs	3.0
2116.3453514915527	0.0736431000000266	epochs	3.0
2116.4189945915527	0.1436423999998624	epochs	2.0
2116.4189945915527	0.07241500000009182	epochs	3.0
2116.491409591553	0.07122739999977057	epochs	3.0
2116.5626369915526	0.13904309999998077	epochs	2.0
2116.5626369915526	0.07007800000019415	epochs	3.0
2116.632714991553	0.06896509999978662	epochs	3.0
2116.7016800915526	0.13472930000034467	epochs	2.0
2116.7016800915526	0.0678871000000072	epochs	3.0
2116.7695671915526	0.06684220000033747	epochs	3.0
2116.836409391553	0.13067519999958677	epochs	2.0
2116.836409391553	0.06582909999997355	epochs	3.0
2116.902238491553	0.06484609999961322	epochs	3.0
2116.9670845915525	0.12685780000037994	epochs	2.0
2116.9670845915525	0.06389200000012352	epochs	3.0
2117.0309765915526	0.06296580000025642	epochs	3.0
2117.093942391553	0.12325719999989815	epochs	2.0
2117.093942391553	0.06206579999980022	epochs	3.0
2117.1560081915527	0.06119140000009793	epochs	3.0
2117.217199591553	0.11985539999977846	epochs	2.0
2117.217199591553	0.06034109999973225	epochs	3.0
2117.2775406915525	0.059514300000046205	epochs	3.0
2117.3370549915526	0.11663620000035735	epochs	2.0
2117.3370549915526	0.058709599999929196	epochs	3.0
2117.3957645915525	0.05792660000042815	epochs	3.0
2117.453691191553	0.11358559999962381	epochs	2.0
2117.453691191553	0.05716419999998834	epochs	3.0
2117.510855391553	0.05642139999963547	epochs	3.0
2117.5672767915526	0.11069050000014613	epochs	2.0
2117.5672767915526	0.05569790000026842	epochs	3.0
2117.622974691553	0.05499259999987771	epochs	3.0
2117.6779672915527	0.10793909999983953	epochs	2.0
2117.6779672915527	0.054304899999806366	epochs	3.0
2117.7322721915525	0.05363420000003316	epochs	3.0
2117.7859063915525	0.10532150000017282	epochs	2.0
2117.7859063915525	0.05298000000038883	epochs	3.0
2117.838886391553	0.05234149999978399	epochs	3.0
2117.8912278915527	0.10282760000018243	epochs	2.0
2117.8912278915527	0.05171810000001642	epochs	3.0
2117.9429459915527	0.05110950000016601	epochs	3.0
2117.994055491553	0.10044909999987794	epochs	2.0
2117.994055491553	0.050514900000052876	epochs	3.0
2118.044570391553	0.04993419999982507	epochs	3.0
2118.094504591553	0.09817829999974492	epochs	2.0
2118.094504591553	0.049366599999757454	epochs	3.0
2118.1438711915525	0.04881169999998747	epochs	3.0
2118.1926828915525	0.09600780000027953	epochs	2.0
2118.1926828915525	0.04826920000004975	epochs	3.0
2118.2409520915526	0.04773860000022978	epochs	3.0
2118.288690691553	0.09393120000004274	epochs	2.0
2118.288690691553	0.0472194999997555	epochs	3.0
2118.3359101915526	0.04671170000028724	epochs	3.0
2118.382621891553	0.09194260000003851	epochs	2.0
2118.382621891553	0.046214599999984785	epochs	3.0
2118.428836491553	0.045728000000053726	epochs	3.0
2118.474564491553	0.09003630000006524	epochs	2.0
2118.474564491553	0.045251499999722	epochs	3.0
2118.5198159915526	0.04478480000034324	epochs	3.0
2118.564600791553	0.0882075999998051	epochs	2.0
2118.564600791553	0.04432779999979175	epochs	3.0
2118.6089285915527	0.04387980000001335	epochs	3.0
2118.6528083915528	0.0864516999999978	epochs	2.0
2118.6528083915528	0.04344099999980244	epochs	3.0
2118.6962493915526	0.04301070000019536	epochs	3.0
2118.7392600915528	0.08476430000018809	epochs	2.0
2118.7392600915528	0.04258900000013455	epochs	3.0
2118.781849091553	0.04217530000005354	epochs	3.0
2118.824024391553	0.08314149999978326	epochs	2.0
2118.824024391553	0.04176969999980429	epochs	3.0
2118.8657940915527	0.041371799999978975	epochs	3.0
2118.9071658915527	0.08157970000002024	epochs	2.0
2118.9071658915527	0.040981399999964196	epochs	3.0
2118.9481472915527	0.04059830000005604	epochs	3.0
2118.9887455915527	0.08007550000002084	epochs	2.0
2118.9887455915527	0.040222300000095856	epochs	3.0
2119.028967891553	0.03985319999992498	epochs	3.0
2119.0688210915528	0.07862569999997504	epochs	2.0
2119.0688210915528	0.03949079999983951	epochs	3.0
2119.1083118915526	0.03913490000013553	epochs	3.0
2119.1474467915527	0.07722759999978734	epochs	2.0
2119.1474467915527	0.038785400000051595	epochs	3.0
2119.186232191553	0.03844219999973575	epochs	3.0
2119.2246743915525	0.07587820000026113	epochs	2.0
2119.2246743915525	0.038104800000382966	epochs	3.0
2119.262779191553	0.037773399999878166	epochs	3.0
2119.300552591553	0.07457519999979922	epochs	2.0
2119.300552591553	0.03744770000002973	epochs	3.0
2119.338000291553	0.0371274999997695	epochs	3.0
2119.3751277915526	0.07331629999998768	epochs	2.0
2119.3751277915526	0.036812900000313675	epochs	3.0
2119.411940691553	0.036503399999674	epochs	3.0
2119.4484440915526	0.07209899999998015	epochs	2.0
2119.4484440915526	0.03619909999997617	epochs	3.0
2119.4846431915525	0.03589990000000398	epochs	3.0
2119.5205430915526	0.07092170000032638	epochs	2.0
2119.5205430915526	0.03560560000005353	epochs	3.0
2119.5561486915526	0.035316100000272854	epochs	3.0
2119.591464791553	0.06978200000003199	epochs	2.0
2119.591464791553	0.03503120000004856	epochs	3.0
2119.626495991553	0.03475079999998343	epochs	3.0
2119.661246791553	0.06867859999965731	epochs	2.0
2119.661246791553	0.03447509999978138	epochs	3.0
2119.6957218915527	0.03420349999987593	epochs	3.0
2119.7299253915526	0.06760930000018561	epochs	2.0
2119.7299253915526	0.033936199999970995	epochs	3.0
2119.7638615915525	0.03367310000021462	epochs	3.0
2119.7975346915528	0.06657289999975546	epochs	2.0
2119.7975346915528	0.03341399999999339	epochs	3.0
2119.8309486915527	0.03315889999976207	epochs	3.0
2119.8641075915525	0.06556780000028084	epochs	2.0
2119.8641075915525	0.03290770000012344	epochs	3.0
2119.8970152915526	0.0326601000001574	epochs	3.0
2119.929675391553	0.06459259999974165	epochs	2.0
2119.929675391553	0.03241639999987456	epochs	3.0
2119.9620917915527	0.032176199999867094	epochs	3.0
2119.9942679915525	0.06364600000006249	epochs	2.0
2119.9942679915525	0.03193959999998697	epochs	3.0
2120.0262075915525	0.03170640000007552	epochs	3.0
2120.0579139915526	0.0627266999999847	epochs	2.0
2120.0579139915526	0.03147660000013275	epochs	3.0
2120.0893905915527	0.031250099999851955	epochs	3.0
2120.1206406915526	0.06183360000022731	epochs	2.0
2120.1206406915526	0.031026900000142632	epochs	3.0
2120.1516675915527	0.030806700000084675	epochs	3.0
2120.182474291553	0.06096560000014506	epochs	2.0
2120.182474291553	0.03058980000014344	epochs	3.0
2120.213064091553	0.030375800000001618	epochs	3.0
2120.243439891553	0.06012160000000222	epochs	2.0
2120.243439891553	0.030164899999817862	epochs	3.0
2120.2736047915528	0.029956700000184355	epochs	3.0
2120.303561491553	0.05930069999976695	epochs	2.0
2120.303561491553	0.02975159999959942	epochs	3.0
2120.3333130915526	0.029549100000167527	epochs	3.0
2120.3628621915527	0.058501800000158255	epochs	2.0
2120.3628621915527	0.029349400000228343	epochs	3.0
2120.392211591553	0.029152399999929912	epochs	3.0
2120.421363991553	0.05772419999993872	epochs	2.0
2120.421363991553	0.028957999999875028	epochs	3.0
2120.4503219915528	0.02876620000006369	epochs	3.0
2120.479088191553	0.056967099999837956	epochs	2.0
2120.479088191553	0.028577000000041153	epochs	3.0
2120.507665191553	0.028390099999796803	epochs	3.0
2120.5360552915527	0.05622949999997218	epochs	2.0
2120.5360552915527	0.028205699999944045	epochs	3.0
2120.5642609915526	0.028023800000028132	epochs	3.0
2120.5922847915526	0.05551070000001346	epochs	2.0
2120.5922847915526	0.027844000000186497	epochs	3.0
2120.620128791553	0.02766669999982696	epochs	3.0
2120.6477954915526	0.05481020000024728	epochs	2.0
2120.6477954915526	0.02749149999999645	epochs	3.0
2120.6752869915526	0.02731870000025083	epochs	3.0
2120.702605691553	0.054126999999880354	epochs	2.0
2120.702605691553	0.027147799999966082	epochs	3.0
2120.729753491553	0.026979199999914272	epochs	3.0
2120.7567326915528	0.053460699999959616	epochs	2.0
2120.7567326915528	0.026812600000084785	epochs	3.0
2120.783545291553	0.02664809999987483	epochs	3.0
2120.8101933915527	0.05281070000000909	epochs	2.0
2120.8101933915527	0.0264855999998872	epochs	3.0
2120.8366789915526	0.026325100000121893	epochs	3.0
2120.8630040915527	0.052176199999848905	epochs	2.0
2120.8630040915527	0.026166399999965506	epochs	3.0
2120.8891704915527	0.0260097999998834	epochs	3.0
2120.9151802915526	0.05155670000021928	epochs	2.0
2120.9151802915526	0.02585480000016105	epochs	3.0
2120.9410350915527	0.02570190000005823	epochs	3.0
2120.966736991553	0.050951899999745365	epochs	2.0
2120.966736991553	0.02555069999971238	epochs	3.0
2120.9922876915525	0.025401200000032986	epochs	3.0
2121.0176888915526	0.05036100000006627	epochs	2.0
2121.0176888915526	0.025253499999962514	epochs	3.0
2121.0429423915525	0.025107500000103755	epochs	3.0
2121.0680498915526	0.04978380000011384	epochs	2.0
2121.0680498915526	0.02496320000000196	epochs	3.0
2121.0930130915526	0.02482060000011188	epochs	3.0
2121.1178336915527	0.04921950000016295	epochs	2.0
2121.1178336915527	0.024679399999968155	epochs	3.0
2121.1425130915527	0.024540100000194798	epochs	3.0
2121.167053191553	0.04866790000005494	epochs	2.0
2121.167053191553	0.024402099999861093	epochs	3.0
2121.1914552915528	0.02426580000019385	epochs	3.0
2121.215721091553	0.048128599999927246	epochs	2.0
2121.215721091553	0.024130999999670166	epochs	3.0
2121.2398520915526	0.02399760000025708	epochs	3.0
2121.263849691553	0.047601100000065344	epochs	2.0
2121.263849691553	0.02386579999983951	epochs	3.0
2121.2877154915527	0.023735300000225834	epochs	3.0
2121.311450791553	0.047084999999697175	epochs	2.0
2121.311450791553	0.02360629999975572	epochs	3.0
2121.3350570915527	0.023478699999941455	epochs	3.0
2121.3585357915526	0.04658000000017637	epochs	2.0
2121.3585357915526	0.023352499999873544	epochs	3.0
2121.3818882915525	0.023227500000302825	epochs	3.0
2121.405115791553	0.04608569999982137	epochs	2.0
2121.405115791553	0.02310399999987567	epochs	3.0
2121.4282197915527	0.022981699999945704	epochs	3.0
2121.4512014915526	0.045601799999985815	epochs	2.0
2121.4512014915526	0.02286069999991014	epochs	3.0
2121.4740621915525	0.022741100000075676	epochs	3.0
2121.4968032915526	0.045127899999897636	epochs	2.0
2121.4968032915526	0.022622500000125	epochs	3.0
2121.5194257915527	0.022505399999772635	epochs	3.0
2121.5419311915525	0.044663800000307674	epochs	2.0
2121.5419311915525	0.022389300000213552	epochs	3.0
2121.5643204915527	0.022274500000094122	epochs	3.0
2121.586594991553	0.044209199999841076	epochs	2.0
2121.586594991553	0.022160799999710434	epochs	3.0
2121.6087557915525	0.02204840000013064	epochs	3.0
2121.6308041915527	0.04376360000014756	epochs	2.0
2121.6308041915527	0.021936900000127935	epochs	3.0
2121.652741091553	0.021826700000019628	epochs	3.0
2121.674567791553	0.043327099999714846	epochs	2.0
2121.674567791553	0.02171760000010181	epochs	3.0
2121.696285391553	0.021609499999613035	epochs	3.0
2121.7178948915525	0.04289900000003399	epochs	2.0
2121.7178948915525	0.021502500000224245	epochs	3.0
2121.7393973915528	0.021396499999809748	epochs	3.0
2121.7607938915526	0.042479500000354165	epochs	2.0
2121.7607938915526	0.02129170000034719	epochs	3.0
2121.782085591553	0.021187800000006973	epochs	3.0
2121.803273391553	0.04206789999989269	epochs	2.0
2121.803273391553	0.02108490000000529	epochs	3.0
2121.824358291553	0.020982999999887397	epochs	3.0
2121.845341291553	0.041664399999717716	epochs	2.0
2121.845341291553	0.020882199999959994	epochs	3.0
2121.866223491553	0.020782199999757722	epochs	3.0
2121.8870056915525	0.04126850000011473	epochs	2.0
2121.8870056915525	0.02068330000020069	epochs	3.0
2121.9076889915527	0.02058519999991404	epochs	3.0
2121.9282741915526	0.04088000000001557	epochs	2.0
2121.9282741915526	0.020488099999965925	epochs	3.0
2121.9487622915526	0.020391900000049645	epochs	3.0
2121.9691541915527	0.04049880000002304	epochs	2.0
2121.9691541915527	0.0202966000001652	epochs	3.0
2121.989450791553	0.02020219999985784	epochs	3.0
2122.0096529915527	0.04012460000012652	epochs	2.0
2122.0096529915527	0.02010870000003706	epochs	3.0
2122.0297616915527	0.02001590000008946	epochs	3.0
2122.049777591553	0.03975730000001931	epochs	2.0
2122.049777591553	0.0199241999998776	epochs	3.0
2122.0697017915527	0.019833100000141712	epochs	3.0
2122.089534891553	0.03939669999999751	epochs	2.0
2122.089534891553	0.019742999999834865	epochs	3.0
2122.1092778915527	0.019653700000162644	epochs	3.0
2122.128931591553	0.03904239999974379	epochs	2.0
2122.128931591553	0.019565099999908853	epochs	3.0
2122.1484966915527	0.01947729999983494	epochs	3.0
2122.1679739915526	0.03869460000032632	epochs	2.0
2122.1679739915526	0.01939040000024761	epochs	3.0
2122.187364391553	0.01930420000007871	epochs	3.0
2122.206668591553	0.03835289999960878	epochs	2.0
2122.206668591553	0.01921879999963494	epochs	3.0
2122.2258873915525	0.01913409999997384	epochs	3.0
2122.2450214915525	0.03801720000001296	epochs	2.0
2122.2450214915525	0.019050200000037876	epochs	3.0
2122.2640716915525	0.018966999999975087	epochs	3.0
2122.2830386915525	0.03768720000016401	epochs	2.0
2122.2830386915525	0.018884500000240223	epochs	3.0
2122.3019231915528	0.01880269999992379	epochs	3.0
2122.3207258915527	0.037363100000220584	epochs	2.0
2122.3207258915527	0.01872170000024198	epochs	3.0
2122.339447591553	0.018641399999978603	epochs	3.0
2122.358088991553	0.03704429999970671	epochs	2.0
2122.358088991553	0.018561599999884493	epochs	3.0
2122.376650591553	0.018482699999822216	epochs	3.0
2122.3951332915526	0.036731000000145286	epochs	2.0
2122.3951332915526	0.018404299999929208	epochs	3.0
2122.4135375915525	0.01832670000021608	epochs	3.0
2122.4318642915528	0.03642290000016146	epochs	2.0
2122.4318642915528	0.018249599999762722	epochs	3.0
2122.4501138915525	0.01817330000039874	epochs	3.0
2122.468287191553	0.03612009999960719	epochs	2.0
2122.468287191553	0.018097599999691738	epochs	3.0
2122.4863847915526	0.018022499999915453	epochs	3.0
2122.5044072915525	0.035822100000132195	epochs	2.0
2122.5044072915525	0.017947900000308437	epochs	3.0
2122.522355191553	0.01787419999982376	epochs	3.0
2122.5402293915527	0.03552900000022419	epochs	2.0
2122.5402293915527	0.017800800000259187	epochs	3.0
2122.558030191553	0.017728199999965	epochs	3.0
2122.575758391553	0.03524070000003121	epochs	2.0
2122.575758391553	0.01765609999984008	epochs	3.0
2122.5934144915527	0.01758460000019113	epochs	3.0
2122.610999091553	0.03495709999970131	epochs	2.0
2122.610999091553	0.01751369999965391	epochs	3.0
2122.6285127915526	0.017443400000047404	epochs	3.0
2122.6459561915526	0.03467790000013338	epochs	2.0
2122.6459561915526	0.01737360000015542	epochs	3.0
2122.6633297915528	0.017304299999977957	epochs	3.0
2122.6806340915527	0.03440330000012182	epochs	2.0
2122.6806340915527	0.017235700000128418	epochs	3.0
2122.697869791553	0.0171675999999934	epochs	3.0
2122.715037391553	0.03413279999995211	epochs	2.0
2122.715037391553	0.017099899999720947	epochs	3.0
2122.7321372915526	0.017032900000231166	epochs	3.0
2122.749170191553	0.03386670000008962	epochs	2.0
2122.749170191553	0.01696640000000116	epochs	3.0
2122.766136591553	0.016900300000088464	epochs	3.0
2122.783036891553	0.033604599999762286	epochs	2.0
2122.783036891553	0.016834799999742245	epochs	3.0
2122.7998716915527	0.01676980000002004	epochs	3.0
2122.8166414915527	0.0333466000001863	epochs	2.0
2122.8166414915527	0.016705300000012357	epochs	3.0
2122.8333467915527	0.016641300000173942	epochs	3.0
2122.849988091553	0.033092499999838765	epochs	2.0
2122.849988091553	0.016577800000050047	epochs	3.0
2122.866565891553	0.016514699999788718	epochs	3.0
2122.8830805915527	0.032842300000083924	epochs	2.0
2122.8830805915527	0.01645220000000336	epochs	3.0
2122.8995327915527	0.016390100000080565	epochs	3.0
2122.915922891553	0.03259570000000167	epochs	2.0
2122.915922891553	0.016328400000020338	epochs	3.0
2122.932251291553	0.016267299999981333	epochs	3.0
2122.948518591553	0.03235289999975066	epochs	2.0
2122.948518591553	0.016206599999804894	epochs	3.0
2122.9647251915526	0.016146299999945768	epochs	3.0
2122.9808714915525	0.032113700000081735	epochs	2.0
2122.9808714915525	0.016086600000107865	epochs	3.0
2122.9969580915526	0.01602709999997387	epochs	3.0
2123.0129851915526	0.03187800000023344	epochs	2.0
2123.0129851915526	0.015968200000315846	epochs	3.0
2123.028953391553	0.015909799999917595	epochs	3.0
2123.044863191553	0.03164569999989908	epochs	2.0
2123.044863191553	0.015851599999678	epochs	3.0
2123.0607147915525	0.01579410000022108	epochs	3.0
2123.0765088915527	0.03141670000013619	epochs	2.0
2123.0765088915527	0.015736700000161363	epochs	3.0
2123.092245591553	0.015679999999974825	epochs	3.0
2123.107925591553	0.03119109999988723	epochs	2.0
2123.107925591553	0.015623599999798898	epochs	3.0
2123.1235491915527	0.01556750000008833	epochs	3.0
2123.1391166915528	0.030968699999903038	epochs	2.0
2123.1391166915528	0.015511999999944237	epochs	3.0
2123.1546286915527	0.0154566999999588	epochs	3.0
2123.1700853915527	0.030749500000183616	epochs	2.0
2123.1700853915527	0.015401999999994587	epochs	3.0
2123.1854873915527	0.01534750000018903	epochs	3.0
2123.200834891553	0.030533199999808858	epochs	2.0
2123.200834891553	0.01529339999979129	epochs	3.0
2123.2161282915526	0.015239800000017567	epochs	3.0
2123.2313680915527	0.030320100000153616	epochs	2.0
2123.2313680915527	0.015186500000254455	epochs	3.0
2123.246554591553	0.015133599999899161	epochs	3.0
2123.261688191553	0.030109899999843037	epochs	2.0
2123.261688191553	0.015081000000009226	epochs	3.0
2123.276769191553	0.015028899999833811	epochs	3.0
2123.2917980915527	0.029902499999934662	epochs	2.0
2123.2917980915527	0.0149770000002718	epochs	3.0
2123.306775091553	0.014925499999662861	epochs	3.0
2123.3217005915526	0.0296981000001324	epochs	2.0
2123.3217005915526	0.01487440000028073	epochs	3.0
2123.336574991553	0.01482369999985167	epochs	3.0
2123.3513986915527	0.029496300000118936	epochs	2.0
2123.3513986915527	0.014773200000036013	epochs	3.0
2123.3661718915528	0.014723100000082923	epochs	3.0
2123.380894991553	0.029297399999904883	epochs	2.0
2123.380894991553	0.014673399999992398	epochs	3.0
2123.395568391553	0.014623999999912485	epochs	3.0
2123.4101923915528	0.029101099999934377	epochs	2.0
2123.4101923915528	0.014574899999843183	epochs	3.0
2123.4247672915526	0.014526200000091194	epochs	3.0
2123.4392934915527	0.028907400000207417	epochs	2.0
2123.4392934915527	0.014477700000043114	epochs	3.0
2123.4537711915527	0.014429700000164303	epochs	3.0
2123.468200891553	0.028716199999962555	epochs	2.0
2123.468200891553	0.014381799999682698	epochs	3.0
2123.4825826915526	0.014334400000279857	epochs	3.0
2123.496917091553	0.02852759999996124	epochs	2.0
2123.496917091553	0.01428719999967143	epochs	3.0
2123.5112042915525	0.01424040000028981	epochs	3.0
2123.525444691553	0.028341400000044814	epochs	2.0
2123.525444691553	0.014193799999702605	epochs	3.0
2123.5396384915525	0.014147600000342209	epochs	3.0
2123.553786091553	0.028157700000065233	epochs	2.0
2123.553786091553	0.014101700000082928	epochs	3.0
2123.567887791553	0.014055999999982305	epochs	3.0
2123.581943791553	0.02797629999986384	epochs	2.0
2123.581943791553	0.014010599999892293	epochs	3.0
2123.595954391553	0.013965699999971548	epochs	3.0
2123.609920091553	0.027797199999895383	epochs	2.0
2123.609920091553	0.013920800000050804	epochs	3.0
2123.623840891553	0.01387639999984458	epochs	3.0
2123.6377172915527	0.02762040000015986	epochs	2.0
2123.6377172915527	0.01383220000025176	epochs	3.0
2123.651549491553	0.013788199999908102	epochs	3.0
2123.665337691553	0.02744589999974778	epochs	2.0
2123.665337691553	0.013744599999881757	epochs	3.0
2123.6790822915527	0.013701299999866023	epochs	3.0
2123.6927835915526	0.027273500000319473	epochs	2.0
2123.6927835915526	0.013658200000008947	epochs	3.0
2123.7064417915526	0.013615300000310526	epochs	3.0
2123.720057091553	0.02710339999975986	epochs	2.0
2123.720057091553	0.013572800000019924	epochs	3.0
2123.733629891553	0.013530599999739934	epochs	3.0
2123.7471604915527	0.02693520000002536	epochs	2.0
2123.7471604915527	0.01348839999991469	epochs	3.0
2123.7606488915526	0.01344680000011067	epochs	3.0
2123.7740956915527	0.026769200000217097	epochs	2.0
2123.7740956915527	0.013405199999851902	epochs	3.0
2123.7875008915526	0.013364000000365195	epochs	3.0
2123.800864891553	0.026605199999721663	epochs	2.0
2123.800864891553	0.013322899999820947	epochs	3.0
2123.8141877915527	0.013282299999900715	epochs	3.0
2123.8274700915526	0.0264431999999033	epochs	2.0
2123.8274700915526	0.013241699999980483	epochs	3.0
2123.8407117915526	0.013201499999922817	epochs	3.0
2123.8539132915525	0.02628320000030726	epochs	2.0
2123.8539132915525	0.013161500000023807	epochs	3.0
2123.8670747915526	0.013121700000283454	epochs	3.0
2123.880196491553	0.026124999999865395	epochs	2.0
2123.880196491553	0.013082099999792263	epochs	3.0
2123.8932785915526	0.013042900000073132	epochs	3.0
2123.9063214915527	0.025968899999952555	epochs	2.0
2123.9063214915527	0.01300390000005791	epochs	3.0
2123.919325391553	0.012964999999894644	epochs	3.0
2123.9322903915527	0.025814500000251428	epochs	2.0
2123.9322903915527	0.012926400000196736	epochs	3.0
2123.945216791553	0.012888100000054692	epochs	3.0
2123.958104891553	0.025661899999704474	epochs	2.0
2123.958104891553	0.012849899999764602	epochs	3.0
2123.9709547915527	0.012811999999939871	epochs	3.0
2123.9837667915526	0.025511199999982637	epochs	2.0
2123.9837667915526	0.012774400000125752	epochs	3.0
2123.9965411915528	0.012736799999856885	epochs	3.0
2124.0092779915526	0.025362300000324467	epochs	2.0
2124.0092779915526	0.012699700000212033	epochs	3.0
2124.021977691553	0.012662600000112434	epochs	3.0
2124.034640291553	0.025214999999661813	epochs	2.0
2124.034640291553	0.012625800000023446	epochs	3.0
2124.047266091553	0.012589199999638367	epochs	3.0
2124.0598552915526	0.024584799999956886	epochs	2.0
2124.0835252915526	0.5	epochs	-1.0
2124.0844400915526	0.5542400000003909	epochs	1.0
2124.638680091553	0.4456799999998111	epochs	0.0
2125.800000190735	0.10543999999981679	epochs	0.0
2125.800000190735	0.04772210000010091	epochs	1.0
2125.847722290735	0.009995800000069721	epochs	1.0
2125.857718090735	0.04772209999964616	epochs	1.0
2125.9054401907347	2.0	epochs	0.0
2127.9054401907347	21.554399999999987	epochs	0.0
2127.9054401907347	1.0	epochs	1.0
2127.905485390735	0.5	epochs	-1.0
2128.405485390735	19.999039999999695	epochs	-1.0
2128.9054401907347	20.0	epochs	1.0
2128.9054401907347	4.356753900000058	epochs	-1.0
2128.9054401907347	1.9745872000003146	epochs	2.0
2128.9054401907347	1.0985622000002877	epochs	3.0
2130.004002390735	0.8760250000000269	epochs	3.0
2130.880027390735	1.3524075000000266	epochs	2.0
2130.880027390735	0.7286354999996547	epochs	3.0
2131.6086628907346	0.6237720000003719	epochs	3.0
2132.232434890735	1.0297591999997167	epochs	2.0
2132.232434890735	0.5453293000000485	epochs	3.0
2132.777764190735	0.4844298999996681	epochs	3.0
2133.2621940907347	0.8317862000003515	epochs	2.0
2133.2621940907347	0.43577630000027057	epochs	3.0
2133.697970390735	0.39600990000008096	epochs	3.0
2134.093980290735	0.6977969999998095	epochs	2.0
2134.093980290735	0.3628981999995631	epochs	3.0
2134.4568784907347	0.3348988000002464	epochs	3.0
2134.791777290735	0.6010456999997587	epochs	2.0
2134.791777290735	0.3109122999999272	epochs	3.0
2135.102689590735	0.29013339999983145	epochs	3.0
2135.3928229907347	0.5278859000000011	epochs	2.0
2135.3928229907347	0.27195860000028915	epochs	3.0
2135.664781590735	0.255927299999712	epochs	3.0
2135.9207088907347	0.4706193000001804	epochs	2.0
2135.9207088907347	0.241681299999982	epochs	3.0
2136.1623901907346	0.22893800000019837	epochs	3.0
2136.391328190735	0.42457039999999324	epochs	2.0
2136.391328190735	0.21747140000024956	epochs	3.0
2136.608799590735	0.20709899999974368	epochs	3.0
2136.815898590735	0.3867353999999068	epochs	2.0
2136.815898590735	0.19767110000020693	epochs	3.0
2137.013569690735	0.18906429999969987	epochs	3.0
2137.2026339907347	0.35509529999990264	epochs	2.0
2137.2026339907347	0.18117590000019845	epochs	3.0
2137.383809890735	0.17391939999970418	epochs	3.0
2137.5577292907346	0.32824310000023615	epochs	2.0
2137.5577292907346	0.167221900000186	epochs	3.0
2137.724951190735	0.16102120000005016	epochs	3.0
2137.885972390735	0.3051679999998669	epochs	2.0
2137.885972390735	0.15526390000013635	epochs	3.0
2138.041236290735	0.14990409999973053	epochs	3.0
2138.1911403907347	0.2851253000003453	epochs	2.0
2138.1911403907347	0.14490210000030856	epochs	3.0
2138.336042490735	0.14022320000003674	epochs	3.0
2138.476265690735	0.2675537999998596	epochs	2.0
2138.476265690735	0.1358368999999584	epochs	3.0
2138.612102590735	0.13171689999990122	epochs	3.0
2138.743819490735	0.2520228999997016	epochs	2.0
2138.743819490735	0.12783929999977772	epochs	3.0
2138.8716587907347	0.1241835999999239	epochs	3.0
2138.9958423907347	0.23819650000041293	epochs	2.0
2138.9958423907347	0.12073110000028464	epochs	3.0
2139.116573490735	0.11746540000012828	epochs	3.0
2139.234038890735	0.22580879999986792	epochs	2.0
2139.234038890735	0.11437189999969632	epochs	3.0
2139.3484107907348	0.11143690000017159	epochs	3.0
2139.459847690735	0.21464599999990241	epochs	2.0
2139.459847690735	0.10864889999993466	epochs	3.0
2139.568496590735	0.10599709999996776	epochs	3.0
2139.674493690735	0.2045349999998507	epochs	2.0
2139.674493690735	0.10347150000006877	epochs	3.0
2139.777965190735	0.10106349999978192	epochs	3.0
2139.8790286907347	0.19533400000000256	epochs	2.0
2139.8790286907347	0.09876510000003691	epochs	3.0
2139.9777937907347	0.09656889999996565	epochs	3.0
2140.0743626907347	0.18692529999998442	epochs	2.0
2140.0743626907347	0.0944683000002442	epochs	3.0
2140.168830990735	0.09245699999974022	epochs	3.0
2140.2612879907347	0.1792107000001124	epochs	2.0
2140.2612879907347	0.0905296000000817	epochs	3.0
2140.3518175907348	0.08868110000003071	epochs	3.0
2140.440498690735	0.17210770000019693	epochs	2.0
2140.440498690735	0.08690630000000965	epochs	3.0
2140.527404990735	0.08520140000018728	epochs	3.0
2140.612606390735	0.16554640000003928	epochs	2.0
2140.612606390735	0.08356189999994967	epochs	3.0
2140.696168290735	0.08198450000008961	epochs	3.0
2140.778152790735	0.15946709999980158	epochs	2.0
2140.778152790735	0.08046539999986635	epochs	3.0
2140.858618190735	0.07900169999993523	epochs	3.0
2140.937619890735	0.15381840000009106	epochs	2.0
2140.937619890735	0.07759010000017952	epochs	3.0
2141.015209990735	0.07622829999991154	epochs	3.0
2141.091438290735	0.14855639999996129	epochs	2.0
2141.091438290735	0.07491329999993468	epochs	3.0
2141.166351590735	0.0736431000000266	epochs	3.0
2141.239994690735	0.1436423999998624	epochs	2.0
2141.239994690735	0.07241500000009182	epochs	3.0
2141.312409690735	0.07122739999977057	epochs	3.0
2141.3836370907347	0.13904309999998077	epochs	2.0
2141.3836370907347	0.07007800000019415	epochs	3.0
2141.453715090735	0.06896509999978662	epochs	3.0
2141.5226801907347	0.13472930000034467	epochs	2.0
2141.5226801907347	0.0678871000000072	epochs	3.0
2141.5905672907347	0.06684220000033747	epochs	3.0
2141.657409490735	0.13067519999958677	epochs	2.0
2141.657409490735	0.06582909999997355	epochs	3.0
2141.723238590735	0.06484609999961322	epochs	3.0
2141.7880846907346	0.12685780000037994	epochs	2.0
2141.7880846907346	0.06389200000012352	epochs	3.0
2141.851976690735	0.06296580000025642	epochs	3.0
2141.914942490735	0.12325719999989815	epochs	2.0
2141.914942490735	0.06206579999980022	epochs	3.0
2141.977008290735	0.06119140000009793	epochs	3.0
2142.038199690735	0.11985539999977846	epochs	2.0
2142.038199690735	0.06034109999973225	epochs	3.0
2142.0985407907347	0.059514300000046205	epochs	3.0
2142.1580550907347	0.11663620000035735	epochs	2.0
2142.1580550907347	0.058709599999929196	epochs	3.0
2142.2167646907346	0.05792660000042815	epochs	3.0
2142.274691290735	0.11358559999962381	epochs	2.0
2142.274691290735	0.05716419999998834	epochs	3.0
2142.331855490735	0.05642139999963547	epochs	3.0
2142.3882768907347	0.11069050000014613	epochs	2.0
2142.3882768907347	0.05569790000026842	epochs	3.0
2142.443974790735	0.05499259999987771	epochs	3.0
2142.498967390735	0.10793909999983953	epochs	2.0
2142.498967390735	0.054304899999806366	epochs	3.0
2142.5532722907346	0.05363420000003316	epochs	3.0
2142.6069064907347	0.10532150000017282	epochs	2.0
2142.6069064907347	0.05298000000038883	epochs	3.0
2142.659886490735	0.05234149999978399	epochs	3.0
2142.712227990735	0.10282760000018243	epochs	2.0
2142.712227990735	0.05171810000001642	epochs	3.0
2142.763946090735	0.05110950000016601	epochs	3.0
2142.815055590735	0.10044909999987794	epochs	2.0
2142.815055590735	0.050514900000052876	epochs	3.0
2142.865570490735	0.04993419999982507	epochs	3.0
2142.915504690735	0.09817829999974492	epochs	2.0
2142.915504690735	0.049366599999757454	epochs	3.0
2142.9648712907347	0.04881169999998747	epochs	3.0
2143.0136829907347	0.09600780000027953	epochs	2.0
2143.0136829907347	0.04826920000004975	epochs	3.0
2143.0619521907347	0.04773860000022978	epochs	3.0
2143.109690790735	0.09393120000004274	epochs	2.0
2143.109690790735	0.0472194999997555	epochs	3.0
2143.1569102907347	0.04671170000028724	epochs	3.0
2143.203621990735	0.09194260000003851	epochs	2.0
2143.203621990735	0.046214599999984785	epochs	3.0
2143.249836590735	0.045728000000053726	epochs	3.0
2143.295564590735	0.09003630000006524	epochs	2.0
2143.295564590735	0.045251499999722	epochs	3.0
2143.3408160907347	0.04478480000034324	epochs	3.0
2143.385600890735	0.0882075999998051	epochs	2.0
2143.385600890735	0.04432779999979175	epochs	3.0
2143.429928690735	0.04387980000001335	epochs	3.0
2143.473808490735	0.0864516999999978	epochs	2.0
2143.473808490735	0.04344099999980244	epochs	3.0
2143.5172494907347	0.04301070000019536	epochs	3.0
2143.560260190735	0.08476430000018809	epochs	2.0
2143.560260190735	0.04258900000013455	epochs	3.0
2143.602849190735	0.04217530000005354	epochs	3.0
2143.645024490735	0.08314149999978326	epochs	2.0
2143.645024490735	0.04176969999980429	epochs	3.0
2143.686794190735	0.041371799999978975	epochs	3.0
2143.728165990735	0.08157970000002024	epochs	2.0
2143.728165990735	0.040981399999964196	epochs	3.0
2143.769147390735	0.04059830000005604	epochs	3.0
2143.809745690735	0.08007550000002084	epochs	2.0
2143.809745690735	0.040222300000095856	epochs	3.0
2143.849967990735	0.03985319999992498	epochs	3.0
2143.889821190735	0.07862569999997504	epochs	2.0
2143.889821190735	0.03949079999983951	epochs	3.0
2143.9293119907347	0.03913490000013553	epochs	3.0
2143.968446890735	0.07722759999978734	epochs	2.0
2143.968446890735	0.038785400000051595	epochs	3.0
2144.007232290735	0.03844219999973575	epochs	3.0
2144.0456744907347	0.07587820000026113	epochs	2.0
2144.0456744907347	0.038104800000382966	epochs	3.0
2144.083779290735	0.037773399999878166	epochs	3.0
2144.121552690735	0.07457519999979922	epochs	2.0
2144.121552690735	0.03744770000002973	epochs	3.0
2144.159000390735	0.0371274999997695	epochs	3.0
2144.1961278907347	0.07331629999998768	epochs	2.0
2144.1961278907347	0.036812900000313675	epochs	3.0
2144.232940790735	0.036503399999674	epochs	3.0
2144.2694441907347	0.07209899999998015	epochs	2.0
2144.2694441907347	0.03619909999997617	epochs	3.0
2144.3056432907347	0.03589990000000398	epochs	3.0
2144.3415431907347	0.07092170000032638	epochs	2.0
2144.3415431907347	0.03560560000005353	epochs	3.0
2144.3771487907347	0.035316100000272854	epochs	3.0
2144.412464890735	0.06978200000003199	epochs	2.0
2144.412464890735	0.03503120000004856	epochs	3.0
2144.447496090735	0.03475079999998343	epochs	3.0
2144.482246890735	0.06867859999965731	epochs	2.0
2144.482246890735	0.03447509999978138	epochs	3.0
2144.516721990735	0.03420349999987593	epochs	3.0
2144.5509254907347	0.06760930000018561	epochs	2.0
2144.5509254907347	0.033936199999970995	epochs	3.0
2144.5848616907347	0.03367310000021462	epochs	3.0
2144.618534790735	0.06657289999975546	epochs	2.0
2144.618534790735	0.03341399999999339	epochs	3.0
2144.651948790735	0.03315889999976207	epochs	3.0
2144.6851076907346	0.06556780000028084	epochs	2.0
2144.6851076907346	0.03290770000012344	epochs	3.0
2144.7180153907348	0.0326601000001574	epochs	3.0
2144.750675490735	0.06459259999974165	epochs	2.0
2144.750675490735	0.03241639999987456	epochs	3.0
2144.783091890735	0.032176199999867094	epochs	3.0
2144.8152680907347	0.06364600000006249	epochs	2.0
2144.8152680907347	0.03193959999998697	epochs	3.0
2144.8472076907346	0.03170640000007552	epochs	3.0
2144.8789140907347	0.0627266999999847	epochs	2.0
2144.8789140907347	0.03147660000013275	epochs	3.0
2144.910390690735	0.031250099999851955	epochs	3.0
2144.9416407907347	0.06183360000022731	epochs	2.0
2144.9416407907347	0.031026900000142632	epochs	3.0
2144.972667690735	0.030806700000084675	epochs	3.0
2145.003474390735	0.06096560000014506	epochs	2.0
2145.003474390735	0.03058980000014344	epochs	3.0
2145.034064190735	0.030375800000001618	epochs	3.0
2145.064439990735	0.06012160000000222	epochs	2.0
2145.064439990735	0.030164899999817862	epochs	3.0
2145.094604890735	0.029956700000184355	epochs	3.0
2145.124561590735	0.05930069999976695	epochs	2.0
2145.124561590735	0.02975159999959942	epochs	3.0
2145.1543131907347	0.029549100000167527	epochs	3.0
2145.183862290735	0.058501800000158255	epochs	2.0
2145.183862290735	0.029349400000228343	epochs	3.0
2145.213211690735	0.029152399999929912	epochs	3.0
2145.242364090735	0.05772419999993872	epochs	2.0
2145.242364090735	0.028957999999875028	epochs	3.0
2145.271322090735	0.02876620000006369	epochs	3.0
2145.300088290735	0.056967099999837956	epochs	2.0
2145.300088290735	0.028577000000041153	epochs	3.0
2145.328665290735	0.028390099999796803	epochs	3.0
2145.357055390735	0.05622949999997218	epochs	2.0
2145.357055390735	0.028205699999944045	epochs	3.0
2145.3852610907347	0.028023800000028132	epochs	3.0
2145.4132848907348	0.05551070000001346	epochs	2.0
2145.4132848907348	0.027844000000186497	epochs	3.0
2145.441128890735	0.02766669999982696	epochs	3.0
2145.4687955907348	0.05481020000024728	epochs	2.0
2145.4687955907348	0.02749149999999645	epochs	3.0
2145.4962870907348	0.02731870000025083	epochs	3.0
2145.523605790735	0.054126999999880354	epochs	2.0
2145.523605790735	0.027147799999966082	epochs	3.0
2145.550753590735	0.026979199999914272	epochs	3.0
2145.577732790735	0.053460699999959616	epochs	2.0
2145.577732790735	0.026812600000084785	epochs	3.0
2145.604545390735	0.02664809999987483	epochs	3.0
2145.631193490735	0.05281070000000909	epochs	2.0
2145.631193490735	0.0264855999998872	epochs	3.0
2145.6576790907347	0.026325100000121893	epochs	3.0
2145.684004190735	0.052176199999848905	epochs	2.0
2145.684004190735	0.026166399999965506	epochs	3.0
2145.710170590735	0.0260097999998834	epochs	3.0
2145.7361803907347	0.05155670000021928	epochs	2.0
2145.7361803907347	0.02585480000016105	epochs	3.0
2145.762035190735	0.02570190000005823	epochs	3.0
2145.787737090735	0.050951899999745365	epochs	2.0
2145.787737090735	0.02555069999971238	epochs	3.0
2145.8132877907346	0.025401200000032986	epochs	3.0
2145.8386889907347	0.05036100000006627	epochs	2.0
2145.8386889907347	0.025253499999962514	epochs	3.0
2145.8639424907346	0.025107500000103755	epochs	3.0
2145.8890499907347	0.04978380000011384	epochs	2.0
2145.8890499907347	0.02496320000000196	epochs	3.0
2145.9140131907347	0.02482060000011188	epochs	3.0
2145.938833790735	0.04921950000016295	epochs	2.0
2145.938833790735	0.024679399999968155	epochs	3.0
2145.963513190735	0.024540100000194798	epochs	3.0
2145.988053290735	0.04866790000005494	epochs	2.0
2145.988053290735	0.024402099999861093	epochs	3.0
2146.012455390735	0.02426580000019385	epochs	3.0
2146.036721190735	0.048128599999927246	epochs	2.0
2146.036721190735	0.024130999999670166	epochs	3.0
2146.0608521907347	0.02399760000025708	epochs	3.0
2146.084849790735	0.047601100000065344	epochs	2.0
2146.084849790735	0.02386579999983951	epochs	3.0
2146.108715590735	0.023735300000225834	epochs	3.0
2146.132450890735	0.047084999999697175	epochs	2.0
2146.132450890735	0.02360629999975572	epochs	3.0
2146.156057190735	0.023478699999941455	epochs	3.0
2146.1795358907348	0.04658000000017637	epochs	2.0
2146.1795358907348	0.023352499999873544	epochs	3.0
2146.2028883907346	0.023227500000302825	epochs	3.0
2146.226115890735	0.04608569999982137	epochs	2.0
2146.226115890735	0.02310399999987567	epochs	3.0
2146.249219890735	0.022981699999945704	epochs	3.0
2146.2722015907348	0.045601799999985815	epochs	2.0
2146.2722015907348	0.02286069999991014	epochs	3.0
2146.2950622907347	0.022741100000075676	epochs	3.0
2146.3178033907348	0.045127899999897636	epochs	2.0
2146.3178033907348	0.022622500000125	epochs	3.0
2146.340425890735	0.022505399999772635	epochs	3.0
2146.3629312907347	0.044663800000307674	epochs	2.0
2146.3629312907347	0.022389300000213552	epochs	3.0
2146.385320590735	0.022274500000094122	epochs	3.0
2146.407595090735	0.044209199999841076	epochs	2.0
2146.407595090735	0.022160799999710434	epochs	3.0
2146.4297558907347	0.02204840000013064	epochs	3.0
2146.451804290735	0.04376360000014756	epochs	2.0
2146.451804290735	0.021936900000127935	epochs	3.0
2146.473741190735	0.021826700000019628	epochs	3.0
2146.495567890735	0.043327099999714846	epochs	2.0
2146.495567890735	0.02171760000010181	epochs	3.0
2146.517285490735	0.021609499999613035	epochs	3.0
2146.5388949907347	0.04289900000003399	epochs	2.0
2146.5388949907347	0.021502500000224245	epochs	3.0
2146.560397490735	0.021396499999809748	epochs	3.0
2146.5817939907347	0.042479500000354165	epochs	2.0
2146.5817939907347	0.02129170000034719	epochs	3.0
2146.603085690735	0.021187800000006973	epochs	3.0
2146.624273490735	0.04206789999989269	epochs	2.0
2146.624273490735	0.02108490000000529	epochs	3.0
2146.645358390735	0.020982999999887397	epochs	3.0
2146.666341390735	0.041664399999717716	epochs	2.0
2146.666341390735	0.020882199999959994	epochs	3.0
2146.687223590735	0.020782199999757722	epochs	3.0
2146.7080057907347	0.04126850000011473	epochs	2.0
2146.7080057907347	0.02068330000020069	epochs	3.0
2146.728689090735	0.02058519999991404	epochs	3.0
2146.749274290735	0.04088000000001557	epochs	2.0
2146.749274290735	0.020488099999965925	epochs	3.0
2146.7697623907347	0.020391900000049645	epochs	3.0
2146.790154290735	0.04049880000002304	epochs	2.0
2146.790154290735	0.0202966000001652	epochs	3.0
2146.810450890735	0.02020219999985784	epochs	3.0
2146.830653090735	0.04012460000012652	epochs	2.0
2146.830653090735	0.02010870000003706	epochs	3.0
2146.850761790735	0.02001590000008946	epochs	3.0
2146.870777690735	0.03975730000001931	epochs	2.0
2146.870777690735	0.0199241999998776	epochs	3.0
2146.890701890735	0.019833100000141712	epochs	3.0
2146.910534990735	0.03939669999999751	epochs	2.0
2146.910534990735	0.019742999999834865	epochs	3.0
2146.930277990735	0.019653700000162644	epochs	3.0
2146.949931690735	0.03904239999974379	epochs	2.0
2146.949931690735	0.019565099999908853	epochs	3.0
2146.969496790735	0.01947729999983494	epochs	3.0
2146.9889740907347	0.03869460000032632	epochs	2.0
2146.9889740907347	0.01939040000024761	epochs	3.0
2147.008364490735	0.01930420000007871	epochs	3.0
2147.027668690735	0.03835289999960878	epochs	2.0
2147.027668690735	0.01921879999963494	epochs	3.0
2147.0468874907347	0.01913409999997384	epochs	3.0
2147.0660215907346	0.03801720000001296	epochs	2.0
2147.0660215907346	0.019050200000037876	epochs	3.0
2147.0850717907347	0.018966999999975087	epochs	3.0
2147.1040387907346	0.03768720000016401	epochs	2.0
2147.1040387907346	0.018884500000240223	epochs	3.0
2147.122923290735	0.01880269999992379	epochs	3.0
2147.141725990735	0.037363100000220584	epochs	2.0
2147.141725990735	0.01872170000024198	epochs	3.0
2147.160447690735	0.018641399999978603	epochs	3.0
2147.179089090735	0.03704429999970671	epochs	2.0
2147.179089090735	0.018561599999884493	epochs	3.0
2147.197650690735	0.018482699999822216	epochs	3.0
2147.2161333907347	0.036731000000145286	epochs	2.0
2147.2161333907347	0.018404299999929208	epochs	3.0
2147.2345376907347	0.01832670000021608	epochs	3.0
2147.252864390735	0.03642290000016146	epochs	2.0
2147.252864390735	0.018249599999762722	epochs	3.0
2147.2711139907346	0.01817330000039874	epochs	3.0
2147.289287290735	0.03612009999960719	epochs	2.0
2147.289287290735	0.018097599999691738	epochs	3.0
2147.3073848907347	0.018022499999915453	epochs	3.0
2147.3254073907347	0.035822100000132195	epochs	2.0
2147.3254073907347	0.017947900000308437	epochs	3.0
2147.343355290735	0.01787419999982376	epochs	3.0
2147.361229490735	0.03552900000022419	epochs	2.0
2147.361229490735	0.017800800000259187	epochs	3.0
2147.379030290735	0.017728199999965	epochs	3.0
2147.396758490735	0.03524070000003121	epochs	2.0
2147.396758490735	0.01765609999984008	epochs	3.0
2147.414414590735	0.01758460000019113	epochs	3.0
2147.431999190735	0.03495709999970131	epochs	2.0
2147.431999190735	0.01751369999965391	epochs	3.0
2147.4495128907347	0.017443400000047404	epochs	3.0
2147.4669562907347	0.03467790000013338	epochs	2.0
2147.4669562907347	0.01737360000015542	epochs	3.0
2147.484329890735	0.017304299999977957	epochs	3.0
2147.501634190735	0.03440330000012182	epochs	2.0
2147.501634190735	0.017235700000128418	epochs	3.0
2147.518869890735	0.0171675999999934	epochs	3.0
2147.536037490735	0.03413279999995211	epochs	2.0
2147.536037490735	0.017099899999720947	epochs	3.0
2147.5531373907347	0.017032900000231166	epochs	3.0
2147.570170290735	0.03386670000008962	epochs	2.0
2147.570170290735	0.01696640000000116	epochs	3.0
2147.587136690735	0.016900300000088464	epochs	3.0
2147.604036990735	0.033604599999762286	epochs	2.0
2147.604036990735	0.016834799999742245	epochs	3.0
2147.620871790735	0.01676980000002004	epochs	3.0
2147.637641590735	0.0333466000001863	epochs	2.0
2147.637641590735	0.016705300000012357	epochs	3.0
2147.654346890735	0.016641300000173942	epochs	3.0
2147.670988190735	0.033092499999838765	epochs	2.0
2147.670988190735	0.016577800000050047	epochs	3.0
2147.687565990735	0.016514699999788718	epochs	3.0
2147.704080690735	0.032842300000083924	epochs	2.0
2147.704080690735	0.01645220000000336	epochs	3.0
2147.720532890735	0.016390100000080565	epochs	3.0
2147.736922990735	0.03259570000000167	epochs	2.0
2147.736922990735	0.016328400000020338	epochs	3.0
2147.753251390735	0.016267299999981333	epochs	3.0
2147.769518690735	0.03235289999975066	epochs	2.0
2147.769518690735	0.016206599999804894	epochs	3.0
2147.7857252907347	0.016146299999945768	epochs	3.0
2147.8018715907347	0.032113700000081735	epochs	2.0
2147.8018715907347	0.016086600000107865	epochs	3.0
2147.8179581907348	0.01602709999997387	epochs	3.0
2147.8339852907347	0.03187800000023344	epochs	2.0
2147.8339852907347	0.015968200000315846	epochs	3.0
2147.849953490735	0.015909799999917595	epochs	3.0
2147.865863290735	0.03164569999989908	epochs	2.0
2147.865863290735	0.015851599999678	epochs	3.0
2147.8817148907347	0.01579410000022108	epochs	3.0
2147.897508990735	0.03141670000013619	epochs	2.0
2147.897508990735	0.015736700000161363	epochs	3.0
2147.913245690735	0.015679999999974825	epochs	3.0
2147.928925690735	0.03119109999988723	epochs	2.0
2147.928925690735	0.015623599999798898	epochs	3.0
2147.944549290735	0.01556750000008833	epochs	3.0
2147.960116790735	0.030968699999903038	epochs	2.0
2147.960116790735	0.015511999999944237	epochs	3.0
2147.975628790735	0.0154566999999588	epochs	3.0
2147.991085490735	0.030749500000183616	epochs	2.0
2147.991085490735	0.015401999999994587	epochs	3.0
2148.006487490735	0.01534750000018903	epochs	3.0
2148.021834990735	0.030533199999808858	epochs	2.0
2148.021834990735	0.01529339999979129	epochs	3.0
2148.037128390735	0.015239800000017567	epochs	3.0
2148.052368190735	0.030320100000153616	epochs	2.0
2148.052368190735	0.015186500000254455	epochs	3.0
2148.067554690735	0.015133599999899161	epochs	3.0
2148.082688290735	0.030109899999843037	epochs	2.0
2148.082688290735	0.015081000000009226	epochs	3.0
2148.097769290735	0.015028899999833811	epochs	3.0
2148.112798190735	0.029902499999934662	epochs	2.0
2148.112798190735	0.0149770000002718	epochs	3.0
2148.127775190735	0.014925499999662861	epochs	3.0
2148.1427006907347	0.0296981000001324	epochs	2.0
2148.1427006907347	0.01487440000028073	epochs	3.0
2148.157575090735	0.01482369999985167	epochs	3.0
2148.172398790735	0.029496300000118936	epochs	2.0
2148.172398790735	0.014773200000036013	epochs	3.0
2148.187171990735	0.014723100000082923	epochs	3.0
2148.201895090735	0.029297399999904883	epochs	2.0
2148.201895090735	0.014673399999992398	epochs	3.0
2148.216568490735	0.014623999999912485	epochs	3.0
2148.231192490735	0.029101099999934377	epochs	2.0
2148.231192490735	0.014574899999843183	epochs	3.0
2148.2457673907347	0.014526200000091194	epochs	3.0
2148.260293590735	0.028907400000207417	epochs	2.0
2148.260293590735	0.014477700000043114	epochs	3.0
2148.274771290735	0.014429700000164303	epochs	3.0
2148.289200990735	0.028716199999962555	epochs	2.0
2148.289200990735	0.014381799999682698	epochs	3.0
2148.3035827907347	0.014334400000279857	epochs	3.0
2148.317917190735	0.02852759999996124	epochs	2.0
2148.317917190735	0.01428719999967143	epochs	3.0
2148.3322043907347	0.01424040000028981	epochs	3.0
2148.346444790735	0.028341400000044814	epochs	2.0
2148.346444790735	0.014193799999702605	epochs	3.0
2148.3606385907347	0.014147600000342209	epochs	3.0
2148.374786190735	0.028157700000065233	epochs	2.0
2148.374786190735	0.014101700000082928	epochs	3.0
2148.388887890735	0.014055999999982305	epochs	3.0
2148.402943890735	0.02797629999986384	epochs	2.0
2148.402943890735	0.014010599999892293	epochs	3.0
2148.416954490735	0.013965699999971548	epochs	3.0
2148.430920190735	0.027797199999895383	epochs	2.0
2148.430920190735	0.013920800000050804	epochs	3.0
2148.444840990735	0.01387639999984458	epochs	3.0
2148.458717390735	0.02762040000015986	epochs	2.0
2148.458717390735	0.01383220000025176	epochs	3.0
2148.472549590735	0.013788199999908102	epochs	3.0
2148.486337790735	0.02744589999974778	epochs	2.0
2148.486337790735	0.013744599999881757	epochs	3.0
2148.500082390735	0.013701299999866023	epochs	3.0
2148.5137836907347	0.027273500000319473	epochs	2.0
2148.5137836907347	0.013658200000008947	epochs	3.0
2148.5274418907347	0.013615300000310526	epochs	3.0
2148.541057190735	0.02710339999975986	epochs	2.0
2148.541057190735	0.013572800000019924	epochs	3.0
2148.554629990735	0.013530599999739934	epochs	3.0
2148.568160590735	0.02693520000002536	epochs	2.0
2148.568160590735	0.01348839999991469	epochs	3.0
2148.5816489907347	0.01344680000011067	epochs	3.0
2148.595095790735	0.026769200000217097	epochs	2.0
2148.595095790735	0.013405199999851902	epochs	3.0
2148.6085009907347	0.013364000000365195	epochs	3.0
2148.621864990735	0.026605199999721663	epochs	2.0
2148.621864990735	0.013322899999820947	epochs	3.0
2148.635187890735	0.013282299999900715	epochs	3.0
2148.6484701907348	0.0264431999999033	epochs	2.0
2148.6484701907348	0.013241699999980483	epochs	3.0
2148.6617118907348	0.013201499999922817	epochs	3.0
2148.6749133907347	0.02628320000030726	epochs	2.0
2148.6749133907347	0.013161500000023807	epochs	3.0
2148.6880748907347	0.013121700000283454	epochs	3.0
2148.701196590735	0.026124999999865395	epochs	2.0
2148.701196590735	0.013082099999792263	epochs	3.0
2148.714278690735	0.013042900000073132	epochs	3.0
2148.727321590735	0.025968899999952555	epochs	2.0
2148.727321590735	0.01300390000005791	epochs	3.0
2148.740325490735	0.012964999999894644	epochs	3.0
2148.753290490735	0.025814500000251428	epochs	2.0
2148.753290490735	0.012926400000196736	epochs	3.0
2148.766216890735	0.012888100000054692	epochs	3.0
2148.779104990735	0.025661899999704474	epochs	2.0
2148.779104990735	0.012849899999764602	epochs	3.0
2148.791954890735	0.012811999999939871	epochs	3.0
2148.8047668907348	0.025511199999982637	epochs	2.0
2148.8047668907348	0.012774400000125752	epochs	3.0
2148.817541290735	0.012736799999856885	epochs	3.0
2148.8302780907347	0.025362300000324467	epochs	2.0
2148.8302780907347	0.012699700000212033	epochs	3.0
2148.842977790735	0.012662600000112434	epochs	3.0
2148.855640390735	0.025214999999661813	epochs	2.0
2148.855640390735	0.012625800000023446	epochs	3.0
2148.868266190735	0.012589199999638367	epochs	3.0
2148.8808553907347	0.024584799999956886	epochs	2.0
2148.9045253907348	0.5	epochs	-1.0
2148.9054401907347	0.5543999999999869	epochs	1.0
2149.4598401907347	0.4455200000002151	epochs	0.0
2356.0370001792908	0.10543999999981679	epochs	0.0
2356.0370001792908	0.04772210000010091	epochs	1.0
2356.084722279291	0.009995800000069721	epochs	1.0
2356.094718079291	0.04772209999964616	epochs	1.0
2356.1424401792906	2.0	epochs	0.0
2358.1424401792906	5.394400000000132	epochs	0.0
2358.1424401792906	1.0	epochs	1.0
2358.142485379291	0.5	epochs	-1.0
2358.642485379291	4.894354799999746	epochs	-1.0
2359.1424401792906	4.394400000000132	epochs	1.0
2359.1424401792906	4.356753900000058	epochs	-1.0
2359.1424401792906	1.9745872000003146	epochs	2.0
2359.1424401792906	1.0985622000002877	epochs	3.0
2360.241002379291	0.8760250000000269	epochs	3.0
2361.117027379291	1.3524075000000266	epochs	2.0
2361.117027379291	0.7286354999996547	epochs	3.0
2361.8456628792906	0.6237720000003719	epochs	3.0
2362.469434879291	1.0297591999997167	epochs	2.0
2362.469434879291	0.5453293000000485	epochs	3.0
2363.014764179291	0.4844298999996681	epochs	3.0
2363.4991940792906	0.03764610000007451	epochs	2.0
2363.4991940792906	0.03764610000007451	epochs	3.0
2363.5368401792907	16.60552000000007	epochs	0.0
2364.7249999046326	0.10543999999981679	epochs	0.0
2364.7249999046326	0.04772210000010091	epochs	1.0
2364.7727220046327	0.009995800000069721	epochs	1.0
2364.7827178046327	0.04772209999964616	epochs	1.0
2364.8304399046324	2.0	epochs	0.0
2366.8304399046324	21.514640000000327	epochs	0.0
2366.8304399046324	1.0	epochs	1.0
2366.8304851046328	0.5	epochs	-1.0
2367.3304851046328	19.998959999999897	epochs	-1.0
2367.8304399046324	20.0	epochs	1.0
2367.8304399046324	4.356753900000058	epochs	-1.0
2367.8304399046324	1.9745872000003146	epochs	2.0
2367.8304399046324	1.0985622000002877	epochs	3.0
2368.9290021046327	0.8760250000000269	epochs	3.0
2369.8050271046327	1.3524075000000266	epochs	2.0
2369.8050271046327	0.7286354999996547	epochs	3.0
2370.5336626046324	0.6237720000003719	epochs	3.0
2371.1574346046327	1.0297591999997167	epochs	2.0
2371.1574346046327	0.5453293000000485	epochs	3.0
2371.702763904633	0.4844298999996681	epochs	3.0
2372.1871938046324	0.8317862000003515	epochs	2.0
2372.1871938046324	0.43577630000027057	epochs	3.0
2372.6229701046327	0.39600990000008096	epochs	3.0
2373.018980004633	0.6977969999998095	epochs	2.0
2373.018980004633	0.3628981999995631	epochs	3.0
2373.3818782046324	0.3348988000002464	epochs	3.0
2373.7167770046326	0.6010456999997587	epochs	2.0
2373.7167770046326	0.3109122999999272	epochs	3.0
2374.0276893046325	0.29013339999983145	epochs	3.0
2374.3178227046324	0.5278859000000011	epochs	2.0
2374.3178227046324	0.27195860000028915	epochs	3.0
2374.5897813046327	0.255927299999712	epochs	3.0
2374.8457086046324	0.4706193000001804	epochs	2.0
2374.8457086046324	0.241681299999982	epochs	3.0
2375.0873899046323	0.22893800000019837	epochs	3.0
2375.3163279046325	0.42457039999999324	epochs	2.0
2375.3163279046325	0.21747140000024956	epochs	3.0
2375.533799304633	0.20709899999974368	epochs	3.0
2375.7408983046325	0.3867353999999068	epochs	2.0
2375.7408983046325	0.19767110000020693	epochs	3.0
2375.9385694046327	0.18906429999969987	epochs	3.0
2376.1276337046324	0.35509529999990264	epochs	2.0
2376.1276337046324	0.18117590000019845	epochs	3.0
2376.3088096046326	0.17391939999970418	epochs	3.0
2376.4827290046323	0.32824310000023615	epochs	2.0
2376.4827290046323	0.167221900000186	epochs	3.0
2376.6499509046325	0.16102120000005016	epochs	3.0
2376.8109721046326	0.3051679999998669	epochs	2.0
2376.8109721046326	0.15526390000013635	epochs	3.0
2376.9662360046327	0.14990409999973053	epochs	3.0
2377.1161401046324	0.2851253000003453	epochs	2.0
2377.1161401046324	0.14490210000030856	epochs	3.0
2377.2610422046328	0.14022320000003674	epochs	3.0
2377.401265404633	0.2675537999998596	epochs	2.0
2377.401265404633	0.1358368999999584	epochs	3.0
2377.5371023046328	0.13171689999990122	epochs	3.0
2377.6688192046327	0.2520228999997016	epochs	2.0
2377.6688192046327	0.12783929999977772	epochs	3.0
2377.7966585046324	0.1241835999999239	epochs	3.0
2377.9208421046324	0.23819650000041293	epochs	2.0
2377.9208421046324	0.12073110000028464	epochs	3.0
2378.0415732046326	0.11746540000012828	epochs	3.0
2378.1590386046328	0.22580879999986792	epochs	2.0
2378.1590386046328	0.11437189999969632	epochs	3.0
2378.2734105046325	0.11143690000017159	epochs	3.0
2378.3848474046326	0.21464599999990241	epochs	2.0
2378.3848474046326	0.10864889999993466	epochs	3.0
2378.4934963046326	0.10599709999996776	epochs	3.0
2378.5994934046325	0.2045349999998507	epochs	2.0
2378.5994934046325	0.10347150000006877	epochs	3.0
2378.7029649046326	0.10106349999978192	epochs	3.0
2378.8040284046324	0.19533400000000256	epochs	2.0
2378.8040284046324	0.09876510000003691	epochs	3.0
2378.9027935046324	0.09656889999996565	epochs	3.0
2378.9993624046324	0.18692529999998442	epochs	2.0
2378.9993624046324	0.0944683000002442	epochs	3.0
2379.0938307046326	0.09245699999974022	epochs	3.0
2379.1862877046324	0.1792107000001124	epochs	2.0
2379.1862877046324	0.0905296000000817	epochs	3.0
2379.2768173046325	0.08868110000003071	epochs	3.0
2379.3654984046325	0.17210770000019693	epochs	2.0
2379.3654984046325	0.08690630000000965	epochs	3.0
2379.4524047046325	0.08520140000018728	epochs	3.0
2379.5376061046327	0.16554640000003928	epochs	2.0
2379.5376061046327	0.08356189999994967	epochs	3.0
2379.6211680046326	0.08198450000008961	epochs	3.0
2379.7031525046327	0.15946709999980158	epochs	2.0
2379.7031525046327	0.08046539999986635	epochs	3.0
2379.7836179046326	0.07900169999993523	epochs	3.0
2379.8626196046325	0.15381840000009106	epochs	2.0
2379.8626196046325	0.07759010000017952	epochs	3.0
2379.9402097046327	0.07622829999991154	epochs	3.0
2380.0164380046326	0.14855639999996129	epochs	2.0
2380.0164380046326	0.07491329999993468	epochs	3.0
2380.0913513046326	0.0736431000000266	epochs	3.0
2380.1649944046326	0.1436423999998624	epochs	2.0
2380.1649944046326	0.07241500000009182	epochs	3.0
2380.2374094046327	0.07122739999977057	epochs	3.0
2380.3086368046324	0.13904309999998077	epochs	2.0
2380.3086368046324	0.07007800000019415	epochs	3.0
2380.3787148046326	0.06896509999978662	epochs	3.0
2380.4476799046324	0.13472930000034467	epochs	2.0
2380.4476799046324	0.0678871000000072	epochs	3.0
2380.5155670046324	0.06684220000033747	epochs	3.0
2380.5824092046328	0.13067519999958677	epochs	2.0
2380.5824092046328	0.06582909999997355	epochs	3.0
2380.6482383046327	0.06484609999961322	epochs	3.0
2380.7130844046324	0.12685780000037994	epochs	2.0
2380.7130844046324	0.06389200000012352	epochs	3.0
2380.7769764046325	0.06296580000025642	epochs	3.0
2380.8399422046327	0.12325719999989815	epochs	2.0
2380.8399422046327	0.06206579999980022	epochs	3.0
2380.9020080046325	0.06119140000009793	epochs	3.0
2380.9631994046326	0.11985539999977846	epochs	2.0
2380.9631994046326	0.06034109999973225	epochs	3.0
2381.0235405046324	0.059514300000046205	epochs	3.0
2381.0830548046324	0.11663620000035735	epochs	2.0
2381.0830548046324	0.058709599999929196	epochs	3.0
2381.1417644046323	0.05792660000042815	epochs	3.0
2381.1996910046328	0.11358559999962381	epochs	2.0
2381.1996910046328	0.05716419999998834	epochs	3.0
2381.2568552046328	0.05642139999963547	epochs	3.0
2381.3132766046324	0.11069050000014613	epochs	2.0
2381.3132766046324	0.05569790000026842	epochs	3.0
2381.3689745046327	0.05499259999987771	epochs	3.0
2381.4239671046325	0.10793909999983953	epochs	2.0
2381.4239671046325	0.054304899999806366	epochs	3.0
2381.4782720046323	0.05363420000003316	epochs	3.0
2381.5319062046324	0.10532150000017282	epochs	2.0
2381.5319062046324	0.05298000000038883	epochs	3.0
2381.5848862046328	0.05234149999978399	epochs	3.0
2381.6372277046326	0.10282760000018243	epochs	2.0
2381.6372277046326	0.05171810000001642	epochs	3.0
2381.6889458046326	0.05110950000016601	epochs	3.0
2381.7400553046327	0.10044909999987794	epochs	2.0
2381.7400553046327	0.050514900000052876	epochs	3.0
2381.790570204633	0.04993419999982507	epochs	3.0
2381.8405044046326	0.09817829999974492	epochs	2.0
2381.8405044046326	0.049366599999757454	epochs	3.0
2381.8898710046324	0.04881169999998747	epochs	3.0
2381.9386827046324	0.09600780000027953	epochs	2.0
2381.9386827046324	0.04826920000004975	epochs	3.0
2381.9869519046324	0.04773860000022978	epochs	3.0
2382.0346905046326	0.09393120000004274	epochs	2.0
2382.0346905046326	0.0472194999997555	epochs	3.0
2382.0819100046324	0.04671170000028724	epochs	3.0
2382.1286217046327	0.09194260000003851	epochs	2.0
2382.1286217046327	0.046214599999984785	epochs	3.0
2382.1748363046327	0.045728000000053726	epochs	3.0
2382.2205643046327	0.09003630000006524	epochs	2.0
2382.2205643046327	0.045251499999722	epochs	3.0
2382.2658158046324	0.04478480000034324	epochs	3.0
2382.310600604633	0.0882075999998051	epochs	2.0
2382.310600604633	0.04432779999979175	epochs	3.0
2382.3549284046326	0.04387980000001335	epochs	3.0
2382.3988082046326	0.0864516999999978	epochs	2.0
2382.3988082046326	0.04344099999980244	epochs	3.0
2382.4422492046324	0.04301070000019536	epochs	3.0
2382.4852599046326	0.08476430000018809	epochs	2.0
2382.4852599046326	0.04258900000013455	epochs	3.0
2382.5278489046327	0.04217530000005354	epochs	3.0
2382.570024204633	0.08314149999978326	epochs	2.0
2382.570024204633	0.04176969999980429	epochs	3.0
2382.6117939046326	0.041371799999978975	epochs	3.0
2382.6531657046326	0.08157970000002024	epochs	2.0
2382.6531657046326	0.040981399999964196	epochs	3.0
2382.6941471046325	0.04059830000005604	epochs	3.0
2382.7347454046326	0.08007550000002084	epochs	2.0
2382.7347454046326	0.040222300000095856	epochs	3.0
2382.7749677046327	0.03985319999992498	epochs	3.0
2382.8148209046326	0.07862569999997504	epochs	2.0
2382.8148209046326	0.03949079999983951	epochs	3.0
2382.8543117046324	0.03913490000013553	epochs	3.0
2382.8934466046326	0.07722759999978734	epochs	2.0
2382.8934466046326	0.038785400000051595	epochs	3.0
2382.9322320046326	0.03844219999973575	epochs	3.0
2382.9706742046324	0.07587820000026113	epochs	2.0
2382.9706742046324	0.038104800000382966	epochs	3.0
2383.0087790046327	0.037773399999878166	epochs	3.0
2383.0465524046326	0.07457519999979922	epochs	2.0
2383.0465524046326	0.03744770000002973	epochs	3.0
2383.0840001046327	0.0371274999997695	epochs	3.0
2383.1211276046324	0.07331629999998768	epochs	2.0
2383.1211276046324	0.036812900000313675	epochs	3.0
2383.1579405046327	0.036503399999674	epochs	3.0
2383.1944439046324	0.07209899999998015	epochs	2.0
2383.1944439046324	0.03619909999997617	epochs	3.0
2383.2306430046324	0.03589990000000398	epochs	3.0
2383.2665429046324	0.07092170000032638	epochs	2.0
2383.2665429046324	0.03560560000005353	epochs	3.0
2383.3021485046324	0.035316100000272854	epochs	3.0
2383.3374646046327	0.06978200000003199	epochs	2.0
2383.3374646046327	0.03503120000004856	epochs	3.0
2383.3724958046328	0.03475079999998343	epochs	3.0
2383.4072466046327	0.06867859999965731	epochs	2.0
2383.4072466046327	0.03447509999978138	epochs	3.0
2383.4417217046325	0.03420349999987593	epochs	3.0
2383.4759252046324	0.06760930000018561	epochs	2.0
2383.4759252046324	0.033936199999970995	epochs	3.0
2383.5098614046324	0.03367310000021462	epochs	3.0
2383.5435345046326	0.06657289999975546	epochs	2.0
2383.5435345046326	0.03341399999999339	epochs	3.0
2383.5769485046326	0.03315889999976207	epochs	3.0
2383.6101074046323	0.06556780000028084	epochs	2.0
2383.6101074046323	0.03290770000012344	epochs	3.0
2383.6430151046325	0.0326601000001574	epochs	3.0
2383.6756752046326	0.06459259999974165	epochs	2.0
2383.6756752046326	0.03241639999987456	epochs	3.0
2383.7080916046325	0.032176199999867094	epochs	3.0
2383.7402678046324	0.06364600000006249	epochs	2.0
2383.7402678046324	0.03193959999998697	epochs	3.0
2383.7722074046324	0.03170640000007552	epochs	3.0
2383.8039138046324	0.0627266999999847	epochs	2.0
2383.8039138046324	0.03147660000013275	epochs	3.0
2383.8353904046326	0.031250099999851955	epochs	3.0
2383.8666405046324	0.06183360000022731	epochs	2.0
2383.8666405046324	0.031026900000142632	epochs	3.0
2383.8976674046326	0.030806700000084675	epochs	3.0
2383.9284741046326	0.06096560000014506	epochs	2.0
2383.9284741046326	0.03058980000014344	epochs	3.0
2383.959063904633	0.030375800000001618	epochs	3.0
2383.989439704633	0.06012160000000222	epochs	2.0
2383.989439704633	0.030164899999817862	epochs	3.0
2384.0196046046326	0.029956700000184355	epochs	3.0
2384.049561304633	0.05930069999976695	epochs	2.0
2384.049561304633	0.02975159999959942	epochs	3.0
2384.0793129046324	0.029549100000167527	epochs	3.0
2384.1088620046326	0.058501800000158255	epochs	2.0
2384.1088620046326	0.029349400000228343	epochs	3.0
2384.138211404633	0.029152399999929912	epochs	3.0
2384.1673638046327	0.05772419999993872	epochs	2.0
2384.1673638046327	0.028957999999875028	epochs	3.0
2384.1963218046326	0.02876620000006369	epochs	3.0
2384.2250880046327	0.056967099999837956	epochs	2.0
2384.2250880046327	0.028577000000041153	epochs	3.0
2384.2536650046327	0.028390099999796803	epochs	3.0
2384.2820551046325	0.05622949999997218	epochs	2.0
2384.2820551046325	0.028205699999944045	epochs	3.0
2384.3102608046324	0.028023800000028132	epochs	3.0
2384.3382846046325	0.05551070000001346	epochs	2.0
2384.3382846046325	0.027844000000186497	epochs	3.0
2384.3661286046326	0.02766669999982696	epochs	3.0
2384.3937953046325	0.05481020000024728	epochs	2.0
2384.3937953046325	0.02749149999999645	epochs	3.0
2384.4212868046325	0.02731870000025083	epochs	3.0
2384.4486055046327	0.054126999999880354	epochs	2.0
2384.4486055046327	0.027147799999966082	epochs	3.0
2384.4757533046327	0.026979199999914272	epochs	3.0
2384.5027325046326	0.053460699999959616	epochs	2.0
2384.5027325046326	0.026812600000084785	epochs	3.0
2384.5295451046327	0.02664809999987483	epochs	3.0
2384.5561932046326	0.05281070000000909	epochs	2.0
2384.5561932046326	0.0264855999998872	epochs	3.0
2384.5826788046325	0.026325100000121893	epochs	3.0
2384.6090039046326	0.052176199999848905	epochs	2.0
2384.6090039046326	0.026166399999965506	epochs	3.0
2384.6351703046325	0.0260097999998834	epochs	3.0
2384.6611801046324	0.05155670000021928	epochs	2.0
2384.6611801046324	0.02585480000016105	epochs	3.0
2384.6870349046326	0.02570190000005823	epochs	3.0
2384.7127368046326	0.050951899999745365	epochs	2.0
2384.7127368046326	0.02555069999971238	epochs	3.0
2384.7382875046324	0.025401200000032986	epochs	3.0
2384.7636887046324	0.05036100000006627	epochs	2.0
2384.7636887046324	0.025253499999962514	epochs	3.0
2384.7889422046323	0.025107500000103755	epochs	3.0
2384.8140497046325	0.04978380000011384	epochs	2.0
2384.8140497046325	0.02496320000000196	epochs	3.0
2384.8390129046325	0.02482060000011188	epochs	3.0
2384.8638335046326	0.04921950000016295	epochs	2.0
2384.8638335046326	0.024679399999968155	epochs	3.0
2384.8885129046325	0.024540100000194798	epochs	3.0
2384.9130530046327	0.04866790000005494	epochs	2.0
2384.9130530046327	0.024402099999861093	epochs	3.0
2384.9374551046326	0.02426580000019385	epochs	3.0
2384.961720904633	0.048128599999927246	epochs	2.0
2384.961720904633	0.024130999999670166	epochs	3.0
2384.9858519046325	0.02399760000025708	epochs	3.0
2385.0098495046327	0.047601100000065344	epochs	2.0
2385.0098495046327	0.02386579999983951	epochs	3.0
2385.0337153046326	0.023735300000225834	epochs	3.0
2385.057450604633	0.047084999999697175	epochs	2.0
2385.057450604633	0.02360629999975572	epochs	3.0
2385.0810569046325	0.023478699999941455	epochs	3.0
2385.1045356046325	0.04658000000017637	epochs	2.0
2385.1045356046325	0.023352499999873544	epochs	3.0
2385.1278881046323	0.023227500000302825	epochs	3.0
2385.1511156046327	0.04608569999982137	epochs	2.0
2385.1511156046327	0.02310399999987567	epochs	3.0
2385.1742196046325	0.022981699999945704	epochs	3.0
2385.1972013046325	0.045601799999985815	epochs	2.0
2385.1972013046325	0.02286069999991014	epochs	3.0
2385.2200620046324	0.022741100000075676	epochs	3.0
2385.2428031046325	0.045127899999897636	epochs	2.0
2385.2428031046325	0.022622500000125	epochs	3.0
2385.2654256046326	0.022505399999772635	epochs	3.0
2385.2879310046324	0.044663800000307674	epochs	2.0
2385.2879310046324	0.022389300000213552	epochs	3.0
2385.3103203046326	0.022274500000094122	epochs	3.0
2385.3325948046327	0.044209199999841076	epochs	2.0
2385.3325948046327	0.022160799999710434	epochs	3.0
2385.3547556046324	0.02204840000013064	epochs	3.0
2385.3768040046325	0.04376360000014756	epochs	2.0
2385.3768040046325	0.021936900000127935	epochs	3.0
2385.3987409046326	0.021826700000019628	epochs	3.0
2385.4205676046327	0.043327099999714846	epochs	2.0
2385.4205676046327	0.02171760000010181	epochs	3.0
2385.4422852046328	0.021609499999613035	epochs	3.0
2385.4638947046324	0.04289900000003399	epochs	2.0
2385.4638947046324	0.021502500000224245	epochs	3.0
2385.4853972046326	0.021396499999809748	epochs	3.0
2385.5067937046324	0.042479500000354165	epochs	2.0
2385.5067937046324	0.02129170000034719	epochs	3.0
2385.5280854046327	0.021187800000006973	epochs	3.0
2385.5492732046328	0.04206789999989269	epochs	2.0
2385.5492732046328	0.02108490000000529	epochs	3.0
2385.5703581046328	0.020982999999887397	epochs	3.0
2385.5913411046326	0.041664399999717716	epochs	2.0
2385.5913411046326	0.020882199999959994	epochs	3.0
2385.6122233046326	0.020782199999757722	epochs	3.0
2385.6330055046324	0.04126850000011473	epochs	2.0
2385.6330055046324	0.02068330000020069	epochs	3.0
2385.6536888046326	0.02058519999991404	epochs	3.0
2385.6742740046325	0.04088000000001557	epochs	2.0
2385.6742740046325	0.020488099999965925	epochs	3.0
2385.6947621046324	0.020391900000049645	epochs	3.0
2385.7151540046325	0.04049880000002304	epochs	2.0
2385.7151540046325	0.0202966000001652	epochs	3.0
2385.7354506046327	0.02020219999985784	epochs	3.0
2385.7556528046325	0.04012460000012652	epochs	2.0
2385.7556528046325	0.02010870000003706	epochs	3.0
2385.7757615046326	0.02001590000008946	epochs	3.0
2385.7957774046326	0.03975730000001931	epochs	2.0
2385.7957774046326	0.0199241999998776	epochs	3.0
2385.8157016046325	0.019833100000141712	epochs	3.0
2385.8355347046327	0.03939669999999751	epochs	2.0
2385.8355347046327	0.019742999999834865	epochs	3.0
2385.8552777046325	0.019653700000162644	epochs	3.0
2385.8749314046327	0.03904239999974379	epochs	2.0
2385.8749314046327	0.019565099999908853	epochs	3.0
2385.8944965046326	0.01947729999983494	epochs	3.0
2385.9139738046324	0.03869460000032632	epochs	2.0
2385.9139738046324	0.01939040000024761	epochs	3.0
2385.9333642046327	0.01930420000007871	epochs	3.0
2385.9526684046327	0.03835289999960878	epochs	2.0
2385.9526684046327	0.01921879999963494	epochs	3.0
2385.9718872046324	0.01913409999997384	epochs	3.0
2385.9910213046323	0.03801720000001296	epochs	2.0
2385.9910213046323	0.019050200000037876	epochs	3.0
2386.0100715046324	0.018966999999975087	epochs	3.0
2386.0290385046324	0.03768720000016401	epochs	2.0
2386.0290385046324	0.018884500000240223	epochs	3.0
2386.0479230046326	0.01880269999992379	epochs	3.0
2386.0667257046325	0.037363100000220584	epochs	2.0
2386.0667257046325	0.01872170000024198	epochs	3.0
2386.0854474046328	0.018641399999978603	epochs	3.0
2386.1040888046327	0.03704429999970671	epochs	2.0
2386.1040888046327	0.018561599999884493	epochs	3.0
2386.1226504046326	0.018482699999822216	epochs	3.0
2386.1411331046324	0.036731000000145286	epochs	2.0
2386.1411331046324	0.018404299999929208	epochs	3.0
2386.1595374046324	0.01832670000021608	epochs	3.0
2386.1778641046326	0.03642290000016146	epochs	2.0
2386.1778641046326	0.018249599999762722	epochs	3.0
2386.1961137046324	0.01817330000039874	epochs	3.0
2386.2142870046328	0.03612009999960719	epochs	2.0
2386.2142870046328	0.018097599999691738	epochs	3.0
2386.2323846046324	0.018022499999915453	epochs	3.0
2386.2504071046324	0.035822100000132195	epochs	2.0
2386.2504071046324	0.017947900000308437	epochs	3.0
2386.2683550046327	0.01787419999982376	epochs	3.0
2386.2862292046325	0.03552900000022419	epochs	2.0
2386.2862292046325	0.017800800000259187	epochs	3.0
2386.3040300046328	0.017728199999965	epochs	3.0
2386.3217582046327	0.03524070000003121	epochs	2.0
2386.3217582046327	0.01765609999984008	epochs	3.0
2386.3394143046326	0.01758460000019113	epochs	3.0
2386.3569989046327	0.03495709999970131	epochs	2.0
2386.3569989046327	0.01751369999965391	epochs	3.0
2386.3745126046324	0.017443400000047404	epochs	3.0
2386.3919560046324	0.03467790000013338	epochs	2.0
2386.3919560046324	0.01737360000015542	epochs	3.0
2386.4093296046326	0.017304299999977957	epochs	3.0
2386.4266339046326	0.03440330000012182	epochs	2.0
2386.4266339046326	0.017235700000128418	epochs	3.0
2386.4438696046327	0.0171675999999934	epochs	3.0
2386.4610372046327	0.03413279999995211	epochs	2.0
2386.4610372046327	0.017099899999720947	epochs	3.0
2386.4781371046324	0.017032900000231166	epochs	3.0
2386.4951700046327	0.03386670000008962	epochs	2.0
2386.4951700046327	0.01696640000000116	epochs	3.0
2386.5121364046327	0.016900300000088464	epochs	3.0
2386.5290367046327	0.033604599999762286	epochs	2.0
2386.5290367046327	0.016834799999742245	epochs	3.0
2386.5458715046325	0.01676980000002004	epochs	3.0
2386.5626413046325	0.0333466000001863	epochs	2.0
2386.5626413046325	0.016705300000012357	epochs	3.0
2386.5793466046325	0.016641300000173942	epochs	3.0
2386.5959879046327	0.033092499999838765	epochs	2.0
2386.5959879046327	0.016577800000050047	epochs	3.0
2386.6125657046327	0.016514699999788718	epochs	3.0
2386.6290804046325	0.032842300000083924	epochs	2.0
2386.6290804046325	0.01645220000000336	epochs	3.0
2386.6455326046325	0.016390100000080565	epochs	3.0
2386.6619227046326	0.03259570000000167	epochs	2.0
2386.6619227046326	0.016328400000020338	epochs	3.0
2386.6782511046326	0.016267299999981333	epochs	3.0
2386.6945184046326	0.03235289999975066	epochs	2.0
2386.6945184046326	0.016206599999804894	epochs	3.0
2386.7107250046324	0.016146299999945768	epochs	3.0
2386.7268713046324	0.032113700000081735	epochs	2.0
2386.7268713046324	0.016086600000107865	epochs	3.0
2386.7429579046325	0.01602709999997387	epochs	3.0
2386.7589850046324	0.03187800000023344	epochs	2.0
2386.7589850046324	0.015968200000315846	epochs	3.0
2386.7749532046328	0.015909799999917595	epochs	3.0
2386.7908630046327	0.03164569999989908	epochs	2.0
2386.7908630046327	0.015851599999678	epochs	3.0
2386.8067146046324	0.01579410000022108	epochs	3.0
2386.8225087046326	0.03141670000013619	epochs	2.0
2386.8225087046326	0.015736700000161363	epochs	3.0
2386.8382454046327	0.015679999999974825	epochs	3.0
2386.8539254046327	0.03119109999988723	epochs	2.0
2386.8539254046327	0.015623599999798898	epochs	3.0
2386.8695490046325	0.01556750000008833	epochs	3.0
2386.8851165046326	0.030968699999903038	epochs	2.0
2386.8851165046326	0.015511999999944237	epochs	3.0
2386.9006285046326	0.0154566999999588	epochs	3.0
2386.9160852046325	0.030749500000183616	epochs	2.0
2386.9160852046325	0.015401999999994587	epochs	3.0
2386.9314872046325	0.01534750000018903	epochs	3.0
2386.9468347046327	0.030533199999808858	epochs	2.0
2386.9468347046327	0.01529339999979129	epochs	3.0
2386.9621281046325	0.015239800000017567	epochs	3.0
2386.9773679046325	0.030320100000153616	epochs	2.0
2386.9773679046325	0.015186500000254455	epochs	3.0
2386.9925544046328	0.015133599999899161	epochs	3.0
2387.0076880046327	0.030109899999843037	epochs	2.0
2387.0076880046327	0.015081000000009226	epochs	3.0
2387.0227690046327	0.015028899999833811	epochs	3.0
2387.0377979046325	0.029902499999934662	epochs	2.0
2387.0377979046325	0.0149770000002718	epochs	3.0
2387.0527749046328	0.014925499999662861	epochs	3.0
2387.0677004046324	0.0296981000001324	epochs	2.0
2387.0677004046324	0.01487440000028073	epochs	3.0
2387.0825748046327	0.01482369999985167	epochs	3.0
2387.0973985046326	0.029496300000118936	epochs	2.0
2387.0973985046326	0.014773200000036013	epochs	3.0
2387.1121717046326	0.014723100000082923	epochs	3.0
2387.1268948046327	0.029297399999904883	epochs	2.0
2387.1268948046327	0.014673399999992398	epochs	3.0
2387.1415682046327	0.014623999999912485	epochs	3.0
2387.1561922046326	0.029101099999934377	epochs	2.0
2387.1561922046326	0.014574899999843183	epochs	3.0
2387.1707671046324	0.014526200000091194	epochs	3.0
2387.1852933046325	0.028907400000207417	epochs	2.0
2387.1852933046325	0.014477700000043114	epochs	3.0
2387.1997710046326	0.014429700000164303	epochs	3.0
2387.2142007046327	0.028716199999962555	epochs	2.0
2387.2142007046327	0.014381799999682698	epochs	3.0
2387.2285825046324	0.014334400000279857	epochs	3.0
2387.2429169046327	0.02852759999996124	epochs	2.0
2387.2429169046327	0.01428719999967143	epochs	3.0
2387.2572041046324	0.01424040000028981	epochs	3.0
2387.2714445046327	0.028341400000044814	epochs	2.0
2387.2714445046327	0.014193799999702605	epochs	3.0
2387.2856383046324	0.014147600000342209	epochs	3.0
2387.2997859046327	0.028157700000065233	epochs	2.0
2387.2997859046327	0.014101700000082928	epochs	3.0
2387.313887604633	0.014055999999982305	epochs	3.0
2387.3279436046328	0.02797629999986384	epochs	2.0
2387.3279436046328	0.014010599999892293	epochs	3.0
2387.3419542046327	0.013965699999971548	epochs	3.0
2387.3559199046326	0.027797199999895383	epochs	2.0
2387.3559199046326	0.013920800000050804	epochs	3.0
2387.3698407046327	0.01387639999984458	epochs	3.0
2387.3837171046325	0.02762040000015986	epochs	2.0
2387.3837171046325	0.01383220000025176	epochs	3.0
2387.397549304633	0.013788199999908102	epochs	3.0
2387.4113375046327	0.02744589999974778	epochs	2.0
2387.4113375046327	0.013744599999881757	epochs	3.0
2387.4250821046326	0.013701299999866023	epochs	3.0
2387.4387834046324	0.027273500000319473	epochs	2.0
2387.4387834046324	0.013658200000008947	epochs	3.0
2387.4524416046324	0.013615300000310526	epochs	3.0
2387.4660569046328	0.02710339999975986	epochs	2.0
2387.4660569046328	0.013572800000019924	epochs	3.0
2387.4796297046328	0.013530599999739934	epochs	3.0
2387.4931603046325	0.02693520000002536	epochs	2.0
2387.4931603046325	0.01348839999991469	epochs	3.0
2387.5066487046324	0.01344680000011067	epochs	3.0
2387.5200955046325	0.026769200000217097	epochs	2.0
2387.5200955046325	0.013405199999851902	epochs	3.0
2387.5335007046324	0.013364000000365195	epochs	3.0
2387.5468647046328	0.026605199999721663	epochs	2.0
2387.5468647046328	0.013322899999820947	epochs	3.0
2387.5601876046326	0.013282299999900715	epochs	3.0
2387.5734699046325	0.0264431999999033	epochs	2.0
2387.5734699046325	0.013241699999980483	epochs	3.0
2387.5867116046325	0.013201499999922817	epochs	3.0
2387.5999131046324	0.02628320000030726	epochs	2.0
2387.5999131046324	0.013161500000023807	epochs	3.0
2387.6130746046324	0.013121700000283454	epochs	3.0
2387.6261963046327	0.026124999999865395	epochs	2.0
2387.6261963046327	0.013082099999792263	epochs	3.0
2387.6392784046325	0.013042900000073132	epochs	3.0
2387.6523213046326	0.025968899999952555	epochs	2.0
2387.6523213046326	0.01300390000005791	epochs	3.0
2387.6653252046326	0.012964999999894644	epochs	3.0
2387.6782902046325	0.025814500000251428	epochs	2.0
2387.6782902046325	0.012926400000196736	epochs	3.0
2387.6912166046327	0.012888100000054692	epochs	3.0
2387.7041047046328	0.025661899999704474	epochs	2.0
2387.7041047046328	0.012849899999764602	epochs	3.0
2387.7169546046325	0.012811999999939871	epochs	3.0
2387.7297666046325	0.025511199999982637	epochs	2.0
2387.7297666046325	0.012774400000125752	epochs	3.0
2387.7425410046326	0.012736799999856885	epochs	3.0
2387.7552778046324	0.025362300000324467	epochs	2.0
2387.7552778046324	0.012699700000212033	epochs	3.0
2387.7679775046327	0.012662600000112434	epochs	3.0
2387.7806401046328	0.025214999999661813	epochs	2.0
2387.7806401046328	0.012625800000023446	epochs	3.0
2387.793265904633	0.012589199999638367	epochs	3.0
2387.8058551046324	0.024584799999956886	epochs	2.0
2387.8294451046327	0.5	epochs	-1.0
2387.8304399046324	0.5146400000003268	epochs	1.0
2388.3450799046327	0.48527999999987514	epochs	0.0
2389.5469999313354	0.10543999999981679	epochs	0.0
2389.5469999313354	0.04772210000010091	epochs	1.0
2389.5947220313356	0.009995800000069721	epochs	1.0
2389.6047178313356	0.04772209999964616	epochs	1.0
2389.6524399313353	2.0	epochs	0.0
2391.6524399313353	21.554399999999987	epochs	0.0
2391.6524399313353	1.0	epochs	1.0
2391.6524851313357	0.5	epochs	-1.0
2392.1524851313357	19.998959999999897	epochs	-1.0
2392.6524399313353	20.0	epochs	1.0
2392.6524399313353	4.356753900000058	epochs	-1.0
2392.6524399313353	1.9745872000003146	epochs	2.0
2392.6524399313353	1.0985622000002877	epochs	3.0
2393.7510021313356	0.8760250000000269	epochs	3.0
2394.6270271313356	1.3524075000000266	epochs	2.0
2394.6270271313356	0.7286354999996547	epochs	3.0
2395.3556626313352	0.6237720000003719	epochs	3.0
2395.9794346313356	1.0297591999997167	epochs	2.0
2395.9794346313356	0.5453293000000485	epochs	3.0
2396.5247639313357	0.4844298999996681	epochs	3.0
2397.0091938313353	0.8317862000003515	epochs	2.0
2397.0091938313353	0.43577630000027057	epochs	3.0
2397.4449701313356	0.39600990000008096	epochs	3.0
2397.8409800313357	0.6977969999998095	epochs	2.0
2397.8409800313357	0.3628981999995631	epochs	3.0
2398.2038782313352	0.3348988000002464	epochs	3.0
2398.5387770313355	0.6010456999997587	epochs	2.0
2398.5387770313355	0.3109122999999272	epochs	3.0
2398.8496893313354	0.29013339999983145	epochs	3.0
2399.1398227313352	0.5278859000000011	epochs	2.0
2399.1398227313352	0.27195860000028915	epochs	3.0
2399.4117813313355	0.255927299999712	epochs	3.0
2399.6677086313352	0.4706193000001804	epochs	2.0
2399.6677086313352	0.241681299999982	epochs	3.0
2399.909389931335	0.22893800000019837	epochs	3.0
2400.1383279313354	0.42457039999999324	epochs	2.0
2400.1383279313354	0.21747140000024956	epochs	3.0
2400.3557993313357	0.20709899999974368	epochs	3.0
2400.5628983313354	0.3867353999999068	epochs	2.0
2400.5628983313354	0.19767110000020693	epochs	3.0
2400.7605694313356	0.18906429999969987	epochs	3.0
2400.9496337313353	0.35509529999990264	epochs	2.0
2400.9496337313353	0.18117590000019845	epochs	3.0
2401.1308096313355	0.17391939999970418	epochs	3.0
2401.3047290313352	0.32824310000023615	epochs	2.0
2401.3047290313352	0.167221900000186	epochs	3.0
2401.4719509313354	0.16102120000005016	epochs	3.0
2401.6329721313355	0.3051679999998669	epochs	2.0
2401.6329721313355	0.15526390000013635	epochs	3.0
2401.7882360313356	0.14990409999973053	epochs	3.0
2401.9381401313353	0.2851253000003453	epochs	2.0
2401.9381401313353	0.14490210000030856	epochs	3.0
2402.0830422313356	0.14022320000003674	epochs	3.0
2402.2232654313357	0.2675537999998596	epochs	2.0
2402.2232654313357	0.1358368999999584	epochs	3.0
2402.3591023313356	0.13171689999990122	epochs	3.0
2402.4908192313355	0.2520228999997016	epochs	2.0
2402.4908192313355	0.12783929999977772	epochs	3.0
2402.6186585313353	0.1241835999999239	epochs	3.0
2402.7428421313352	0.23819650000041293	epochs	2.0
2402.7428421313352	0.12073110000028464	epochs	3.0
2402.8635732313355	0.11746540000012828	epochs	3.0
2402.9810386313357	0.22580879999986792	epochs	2.0
2402.9810386313357	0.11437189999969632	epochs	3.0
2403.0954105313353	0.11143690000017159	epochs	3.0
2403.2068474313355	0.21464599999990241	epochs	2.0
2403.2068474313355	0.10864889999993466	epochs	3.0
2403.3154963313355	0.10599709999996776	epochs	3.0
2403.4214934313354	0.2045349999998507	epochs	2.0
2403.4214934313354	0.10347150000006877	epochs	3.0
2403.5249649313355	0.10106349999978192	epochs	3.0
2403.6260284313353	0.19533400000000256	epochs	2.0
2403.6260284313353	0.09876510000003691	epochs	3.0
2403.7247935313353	0.09656889999996565	epochs	3.0
2403.8213624313353	0.18692529999998442	epochs	2.0
2403.8213624313353	0.0944683000002442	epochs	3.0
2403.9158307313355	0.09245699999974022	epochs	3.0
2404.0082877313353	0.1792107000001124	epochs	2.0
2404.0082877313353	0.0905296000000817	epochs	3.0
2404.0988173313353	0.08868110000003071	epochs	3.0
2404.1874984313354	0.17210770000019693	epochs	2.0
2404.1874984313354	0.08690630000000965	epochs	3.0
2404.2744047313354	0.08520140000018728	epochs	3.0
2404.3596061313356	0.16554640000003928	epochs	2.0
2404.3596061313356	0.08356189999994967	epochs	3.0
2404.4431680313355	0.08198450000008961	epochs	3.0
2404.5251525313356	0.15946709999980158	epochs	2.0
2404.5251525313356	0.08046539999986635	epochs	3.0
2404.6056179313355	0.07900169999993523	epochs	3.0
2404.6846196313354	0.15381840000009106	epochs	2.0
2404.6846196313354	0.07759010000017952	epochs	3.0
2404.7622097313356	0.07622829999991154	epochs	3.0
2404.8384380313355	0.14855639999996129	epochs	2.0
2404.8384380313355	0.07491329999993468	epochs	3.0
2404.9133513313354	0.0736431000000266	epochs	3.0
2404.9869944313355	0.1436423999998624	epochs	2.0
2404.9869944313355	0.07241500000009182	epochs	3.0
2405.0594094313356	0.07122739999977057	epochs	3.0
2405.1306368313353	0.13904309999998077	epochs	2.0
2405.1306368313353	0.07007800000019415	epochs	3.0
2405.2007148313355	0.06896509999978662	epochs	3.0
2405.2696799313353	0.13472930000034467	epochs	2.0
2405.2696799313353	0.0678871000000072	epochs	3.0
2405.3375670313353	0.06684220000033747	epochs	3.0
2405.4044092313356	0.13067519999958677	epochs	2.0
2405.4044092313356	0.06582909999997355	epochs	3.0
2405.4702383313356	0.06484609999961322	epochs	3.0
2405.5350844313352	0.12685780000037994	epochs	2.0
2405.5350844313352	0.06389200000012352	epochs	3.0
2405.5989764313354	0.06296580000025642	epochs	3.0
2405.6619422313356	0.12325719999989815	epochs	2.0
2405.6619422313356	0.06206579999980022	epochs	3.0
2405.7240080313354	0.06119140000009793	epochs	3.0
2405.7851994313355	0.11985539999977846	epochs	2.0
2405.7851994313355	0.06034109999973225	epochs	3.0
2405.8455405313352	0.059514300000046205	epochs	3.0
2405.9050548313353	0.11663620000035735	epochs	2.0
2405.9050548313353	0.058709599999929196	epochs	3.0
2405.963764431335	0.05792660000042815	epochs	3.0
2406.0216910313356	0.11358559999962381	epochs	2.0
2406.0216910313356	0.05716419999998834	epochs	3.0
2406.0788552313356	0.05642139999963547	epochs	3.0
2406.1352766313353	0.11069050000014613	epochs	2.0
2406.1352766313353	0.05569790000026842	epochs	3.0
2406.1909745313355	0.05499259999987771	epochs	3.0
2406.2459671313354	0.10793909999983953	epochs	2.0
2406.2459671313354	0.054304899999806366	epochs	3.0
2406.300272031335	0.05363420000003316	epochs	3.0
2406.3539062313353	0.10532150000017282	epochs	2.0
2406.3539062313353	0.05298000000038883	epochs	3.0
2406.4068862313356	0.05234149999978399	epochs	3.0
2406.4592277313354	0.10282760000018243	epochs	2.0
2406.4592277313354	0.05171810000001642	epochs	3.0
2406.5109458313354	0.05110950000016601	epochs	3.0
2406.5620553313356	0.10044909999987794	epochs	2.0
2406.5620553313356	0.050514900000052876	epochs	3.0
2406.6125702313357	0.04993419999982507	epochs	3.0
2406.6625044313355	0.09817829999974492	epochs	2.0
2406.6625044313355	0.049366599999757454	epochs	3.0
2406.7118710313352	0.04881169999998747	epochs	3.0
2406.7606827313352	0.09600780000027953	epochs	2.0
2406.7606827313352	0.04826920000004975	epochs	3.0
2406.8089519313353	0.04773860000022978	epochs	3.0
2406.8566905313355	0.09393120000004274	epochs	2.0
2406.8566905313355	0.0472194999997555	epochs	3.0
2406.9039100313353	0.04671170000028724	epochs	3.0
2406.9506217313356	0.09194260000003851	epochs	2.0
2406.9506217313356	0.046214599999984785	epochs	3.0
2406.9968363313355	0.045728000000053726	epochs	3.0
2407.0425643313356	0.09003630000006524	epochs	2.0
2407.0425643313356	0.045251499999722	epochs	3.0
2407.0878158313353	0.04478480000034324	epochs	3.0
2407.1326006313357	0.0882075999998051	epochs	2.0
2407.1326006313357	0.04432779999979175	epochs	3.0
2407.1769284313355	0.04387980000001335	epochs	3.0
2407.2208082313355	0.0864516999999978	epochs	2.0
2407.2208082313355	0.04344099999980244	epochs	3.0
2407.2642492313353	0.04301070000019536	epochs	3.0
2407.3072599313355	0.08476430000018809	epochs	2.0
2407.3072599313355	0.04258900000013455	epochs	3.0
2407.3498489313356	0.04217530000005354	epochs	3.0
2407.3920242313357	0.08314149999978326	epochs	2.0
2407.3920242313357	0.04176969999980429	epochs	3.0
2407.4337939313355	0.041371799999978975	epochs	3.0
2407.4751657313354	0.08157970000002024	epochs	2.0
2407.4751657313354	0.040981399999964196	epochs	3.0
2407.5161471313354	0.04059830000005604	epochs	3.0
2407.5567454313355	0.08007550000002084	epochs	2.0
2407.5567454313355	0.040222300000095856	epochs	3.0
2407.5969677313356	0.03985319999992498	epochs	3.0
2407.6368209313355	0.07862569999997504	epochs	2.0
2407.6368209313355	0.03949079999983951	epochs	3.0
2407.6763117313353	0.03913490000013553	epochs	3.0
2407.7154466313355	0.07722759999978734	epochs	2.0
2407.7154466313355	0.038785400000051595	epochs	3.0
2407.7542320313355	0.03844219999973575	epochs	3.0
2407.7926742313352	0.07587820000026113	epochs	2.0
2407.7926742313352	0.038104800000382966	epochs	3.0
2407.8307790313356	0.037773399999878166	epochs	3.0
2407.8685524313355	0.07457519999979922	epochs	2.0
2407.8685524313355	0.03744770000002973	epochs	3.0
2407.9060001313355	0.0371274999997695	epochs	3.0
2407.9431276313353	0.07331629999998768	epochs	2.0
2407.9431276313353	0.036812900000313675	epochs	3.0
2407.9799405313356	0.036503399999674	epochs	3.0
2408.0164439313353	0.07209899999998015	epochs	2.0
2408.0164439313353	0.03619909999997617	epochs	3.0
2408.0526430313353	0.03589990000000398	epochs	3.0
2408.0885429313353	0.07092170000032638	epochs	2.0
2408.0885429313353	0.03560560000005353	epochs	3.0
2408.1241485313353	0.035316100000272854	epochs	3.0
2408.1594646313356	0.06978200000003199	epochs	2.0
2408.1594646313356	0.03503120000004856	epochs	3.0
2408.1944958313356	0.03475079999998343	epochs	3.0
2408.2292466313356	0.06867859999965731	epochs	2.0
2408.2292466313356	0.03447509999978138	epochs	3.0
2408.2637217313354	0.03420349999987593	epochs	3.0
2408.2979252313353	0.06760930000018561	epochs	2.0
2408.2979252313353	0.033936199999970995	epochs	3.0
2408.3318614313353	0.03367310000021462	epochs	3.0
2408.3655345313355	0.06657289999975546	epochs	2.0
2408.3655345313355	0.03341399999999339	epochs	3.0
2408.3989485313355	0.03315889999976207	epochs	3.0
2408.432107431335	0.06556780000028084	epochs	2.0
2408.432107431335	0.03290770000012344	epochs	3.0
2408.4650151313353	0.0326601000001574	epochs	3.0
2408.4976752313355	0.06459259999974165	epochs	2.0
2408.4976752313355	0.03241639999987456	epochs	3.0
2408.5300916313354	0.032176199999867094	epochs	3.0
2408.5622678313352	0.06364600000006249	epochs	2.0
2408.5622678313352	0.03193959999998697	epochs	3.0
2408.5942074313352	0.03170640000007552	epochs	3.0
2408.6259138313353	0.0627266999999847	epochs	2.0
2408.6259138313353	0.03147660000013275	epochs	3.0
2408.6573904313354	0.031250099999851955	epochs	3.0
2408.6886405313353	0.06183360000022731	epochs	2.0
2408.6886405313353	0.031026900000142632	epochs	3.0
2408.7196674313354	0.030806700000084675	epochs	3.0
2408.7504741313355	0.06096560000014506	epochs	2.0
2408.7504741313355	0.03058980000014344	epochs	3.0
2408.7810639313357	0.030375800000001618	epochs	3.0
2408.8114397313357	0.06012160000000222	epochs	2.0
2408.8114397313357	0.030164899999817862	epochs	3.0
2408.8416046313355	0.029956700000184355	epochs	3.0
2408.8715613313357	0.05930069999976695	epochs	2.0
2408.8715613313357	0.02975159999959942	epochs	3.0
2408.9013129313353	0.029549100000167527	epochs	3.0
2408.9308620313354	0.058501800000158255	epochs	2.0
2408.9308620313354	0.029349400000228343	epochs	3.0
2408.9602114313357	0.029152399999929912	epochs	3.0
2408.9893638313356	0.05772419999993872	epochs	2.0
2408.9893638313356	0.028957999999875028	epochs	3.0
2409.0183218313355	0.02876620000006369	epochs	3.0
2409.0470880313355	0.056967099999837956	epochs	2.0
2409.0470880313355	0.028577000000041153	epochs	3.0
2409.0756650313356	0.028390099999796803	epochs	3.0
2409.1040551313354	0.05622949999997218	epochs	2.0
2409.1040551313354	0.028205699999944045	epochs	3.0
2409.1322608313353	0.028023800000028132	epochs	3.0
2409.1602846313353	0.05551070000001346	epochs	2.0
2409.1602846313353	0.027844000000186497	epochs	3.0
2409.1881286313355	0.02766669999982696	epochs	3.0
2409.2157953313354	0.05481020000024728	epochs	2.0
2409.2157953313354	0.02749149999999645	epochs	3.0
2409.2432868313354	0.02731870000025083	epochs	3.0
2409.2706055313356	0.054126999999880354	epochs	2.0
2409.2706055313356	0.027147799999966082	epochs	3.0
2409.2977533313356	0.026979199999914272	epochs	3.0
2409.3247325313355	0.053460699999959616	epochs	2.0
2409.3247325313355	0.026812600000084785	epochs	3.0
2409.3515451313356	0.02664809999987483	epochs	3.0
2409.3781932313354	0.05281070000000909	epochs	2.0
2409.3781932313354	0.0264855999998872	epochs	3.0
2409.4046788313353	0.026325100000121893	epochs	3.0
2409.4310039313355	0.052176199999848905	epochs	2.0
2409.4310039313355	0.026166399999965506	epochs	3.0
2409.4571703313354	0.0260097999998834	epochs	3.0
2409.4831801313353	0.05155670000021928	epochs	2.0
2409.4831801313353	0.02585480000016105	epochs	3.0
2409.5090349313355	0.02570190000005823	epochs	3.0
2409.5347368313355	0.050951899999745365	epochs	2.0
2409.5347368313355	0.02555069999971238	epochs	3.0
2409.5602875313352	0.025401200000032986	epochs	3.0
2409.5856887313353	0.05036100000006627	epochs	2.0
2409.5856887313353	0.025253499999962514	epochs	3.0
2409.6109422313352	0.025107500000103755	epochs	3.0
2409.6360497313353	0.04978380000011384	epochs	2.0
2409.6360497313353	0.02496320000000196	epochs	3.0
2409.6610129313353	0.02482060000011188	epochs	3.0
2409.6858335313354	0.04921950000016295	epochs	2.0
2409.6858335313354	0.024679399999968155	epochs	3.0
2409.7105129313354	0.024540100000194798	epochs	3.0
2409.7350530313356	0.04866790000005494	epochs	2.0
2409.7350530313356	0.024402099999861093	epochs	3.0
2409.7594551313355	0.02426580000019385	epochs	3.0
2409.7837209313357	0.048128599999927246	epochs	2.0
2409.7837209313357	0.024130999999670166	epochs	3.0
2409.8078519313353	0.02399760000025708	epochs	3.0
2409.8318495313356	0.047601100000065344	epochs	2.0
2409.8318495313356	0.02386579999983951	epochs	3.0
2409.8557153313354	0.023735300000225834	epochs	3.0
2409.8794506313357	0.047084999999697175	epochs	2.0
2409.8794506313357	0.02360629999975572	epochs	3.0
2409.9030569313354	0.023478699999941455	epochs	3.0
2409.9265356313354	0.04658000000017637	epochs	2.0
2409.9265356313354	0.023352499999873544	epochs	3.0
2409.9498881313352	0.023227500000302825	epochs	3.0
2409.9731156313355	0.04608569999982137	epochs	2.0
2409.9731156313355	0.02310399999987567	epochs	3.0
2409.9962196313354	0.022981699999945704	epochs	3.0
2410.0192013313354	0.045601799999985815	epochs	2.0
2410.0192013313354	0.02286069999991014	epochs	3.0
2410.0420620313353	0.022741100000075676	epochs	3.0
2410.0648031313353	0.045127899999897636	epochs	2.0
2410.0648031313353	0.022622500000125	epochs	3.0
2410.0874256313355	0.022505399999772635	epochs	3.0
2410.1099310313352	0.044663800000307674	epochs	2.0
2410.1099310313352	0.022389300000213552	epochs	3.0
2410.1323203313354	0.022274500000094122	epochs	3.0
2410.1545948313355	0.044209199999841076	epochs	2.0
2410.1545948313355	0.022160799999710434	epochs	3.0
2410.1767556313353	0.02204840000013064	epochs	3.0
2410.1988040313354	0.04376360000014756	epochs	2.0
2410.1988040313354	0.021936900000127935	epochs	3.0
2410.2207409313355	0.021826700000019628	epochs	3.0
2410.2425676313355	0.043327099999714846	epochs	2.0
2410.2425676313355	0.02171760000010181	epochs	3.0
2410.2642852313356	0.021609499999613035	epochs	3.0
2410.2858947313352	0.04289900000003399	epochs	2.0
2410.2858947313352	0.021502500000224245	epochs	3.0
2410.3073972313355	0.021396499999809748	epochs	3.0
2410.3287937313353	0.042479500000354165	epochs	2.0
2410.3287937313353	0.02129170000034719	epochs	3.0
2410.3500854313356	0.021187800000006973	epochs	3.0
2410.3712732313356	0.04206789999989269	epochs	2.0
2410.3712732313356	0.02108490000000529	epochs	3.0
2410.3923581313356	0.020982999999887397	epochs	3.0
2410.4133411313355	0.041664399999717716	epochs	2.0
2410.4133411313355	0.020882199999959994	epochs	3.0
2410.4342233313355	0.020782199999757722	epochs	3.0
2410.4550055313352	0.04126850000011473	epochs	2.0
2410.4550055313352	0.02068330000020069	epochs	3.0
2410.4756888313354	0.02058519999991404	epochs	3.0
2410.4962740313354	0.04088000000001557	epochs	2.0
2410.4962740313354	0.020488099999965925	epochs	3.0
2410.5167621313353	0.020391900000049645	epochs	3.0
2410.5371540313354	0.04049880000002304	epochs	2.0
2410.5371540313354	0.0202966000001652	epochs	3.0
2410.5574506313355	0.02020219999985784	epochs	3.0
2410.5776528313354	0.04012460000012652	epochs	2.0
2410.5776528313354	0.02010870000003706	epochs	3.0
2410.5977615313354	0.02001590000008946	epochs	3.0
2410.6177774313355	0.03975730000001931	epochs	2.0
2410.6177774313355	0.0199241999998776	epochs	3.0
2410.6377016313354	0.019833100000141712	epochs	3.0
2410.6575347313355	0.03939669999999751	epochs	2.0
2410.6575347313355	0.019742999999834865	epochs	3.0
2410.6772777313354	0.019653700000162644	epochs	3.0
2410.6969314313355	0.03904239999974379	epochs	2.0
2410.6969314313355	0.019565099999908853	epochs	3.0
2410.7164965313355	0.01947729999983494	epochs	3.0
2410.7359738313353	0.03869460000032632	epochs	2.0
2410.7359738313353	0.01939040000024761	epochs	3.0
2410.7553642313355	0.01930420000007871	epochs	3.0
2410.7746684313356	0.03835289999960878	epochs	2.0
2410.7746684313356	0.01921879999963494	epochs	3.0
2410.7938872313352	0.01913409999997384	epochs	3.0
2410.813021331335	0.03801720000001296	epochs	2.0
2410.813021331335	0.019050200000037876	epochs	3.0
2410.8320715313353	0.018966999999975087	epochs	3.0
2410.8510385313352	0.03768720000016401	epochs	2.0
2410.8510385313352	0.018884500000240223	epochs	3.0
2410.8699230313355	0.01880269999992379	epochs	3.0
2410.8887257313354	0.037363100000220584	epochs	2.0
2410.8887257313354	0.01872170000024198	epochs	3.0
2410.9074474313356	0.018641399999978603	epochs	3.0
2410.9260888313356	0.03704429999970671	epochs	2.0
2410.9260888313356	0.018561599999884493	epochs	3.0
2410.9446504313355	0.018482699999822216	epochs	3.0
2410.9631331313353	0.036731000000145286	epochs	2.0
2410.9631331313353	0.018404299999929208	epochs	3.0
2410.9815374313353	0.01832670000021608	epochs	3.0
2410.9998641313355	0.03642290000016146	epochs	2.0
2410.9998641313355	0.018249599999762722	epochs	3.0
2411.0181137313352	0.01817330000039874	epochs	3.0
2411.0362870313356	0.03612009999960719	epochs	2.0
2411.0362870313356	0.018097599999691738	epochs	3.0
2411.0543846313353	0.018022499999915453	epochs	3.0
2411.0724071313352	0.035822100000132195	epochs	2.0
2411.0724071313352	0.017947900000308437	epochs	3.0
2411.0903550313355	0.01787419999982376	epochs	3.0
2411.1082292313354	0.03552900000022419	epochs	2.0
2411.1082292313354	0.017800800000259187	epochs	3.0
2411.1260300313356	0.017728199999965	epochs	3.0
2411.1437582313356	0.03524070000003121	epochs	2.0
2411.1437582313356	0.01765609999984008	epochs	3.0
2411.1614143313354	0.01758460000019113	epochs	3.0
2411.1789989313356	0.03495709999970131	epochs	2.0
2411.1789989313356	0.01751369999965391	epochs	3.0
2411.1965126313353	0.017443400000047404	epochs	3.0
2411.2139560313353	0.03467790000013338	epochs	2.0
2411.2139560313353	0.01737360000015542	epochs	3.0
2411.2313296313355	0.017304299999977957	epochs	3.0
2411.2486339313355	0.03440330000012182	epochs	2.0
2411.2486339313355	0.017235700000128418	epochs	3.0
2411.2658696313356	0.0171675999999934	epochs	3.0
2411.2830372313356	0.03413279999995211	epochs	2.0
2411.2830372313356	0.017099899999720947	epochs	3.0
2411.3001371313353	0.017032900000231166	epochs	3.0
2411.3171700313355	0.03386670000008962	epochs	2.0
2411.3171700313355	0.01696640000000116	epochs	3.0
2411.3341364313355	0.016900300000088464	epochs	3.0
2411.3510367313356	0.033604599999762286	epochs	2.0
2411.3510367313356	0.016834799999742245	epochs	3.0
2411.3678715313354	0.01676980000002004	epochs	3.0
2411.3846413313354	0.0333466000001863	epochs	2.0
2411.3846413313354	0.016705300000012357	epochs	3.0
2411.4013466313354	0.016641300000173942	epochs	3.0
2411.4179879313356	0.033092499999838765	epochs	2.0
2411.4179879313356	0.016577800000050047	epochs	3.0
2411.4345657313356	0.016514699999788718	epochs	3.0
2411.4510804313354	0.032842300000083924	epochs	2.0
2411.4510804313354	0.01645220000000336	epochs	3.0
2411.4675326313354	0.016390100000080565	epochs	3.0
2411.4839227313355	0.03259570000000167	epochs	2.0
2411.4839227313355	0.016328400000020338	epochs	3.0
2411.5002511313355	0.016267299999981333	epochs	3.0
2411.5165184313355	0.03235289999975066	epochs	2.0
2411.5165184313355	0.016206599999804894	epochs	3.0
2411.5327250313353	0.016146299999945768	epochs	3.0
2411.5488713313352	0.032113700000081735	epochs	2.0
2411.5488713313352	0.016086600000107865	epochs	3.0
2411.5649579313354	0.01602709999997387	epochs	3.0
2411.5809850313353	0.03187800000023344	epochs	2.0
2411.5809850313353	0.015968200000315846	epochs	3.0
2411.5969532313356	0.015909799999917595	epochs	3.0
2411.6128630313356	0.03164569999989908	epochs	2.0
2411.6128630313356	0.015851599999678	epochs	3.0
2411.6287146313352	0.01579410000022108	epochs	3.0
2411.6445087313355	0.03141670000013619	epochs	2.0
2411.6445087313355	0.015736700000161363	epochs	3.0
2411.6602454313356	0.015679999999974825	epochs	3.0
2411.6759254313356	0.03119109999988723	epochs	2.0
2411.6759254313356	0.015623599999798898	epochs	3.0
2411.6915490313354	0.01556750000008833	epochs	3.0
2411.7071165313355	0.030968699999903038	epochs	2.0
2411.7071165313355	0.015511999999944237	epochs	3.0
2411.7226285313354	0.0154566999999588	epochs	3.0
2411.7380852313354	0.030749500000183616	epochs	2.0
2411.7380852313354	0.015401999999994587	epochs	3.0
2411.7534872313354	0.01534750000018903	epochs	3.0
2411.7688347313356	0.030533199999808858	epochs	2.0
2411.7688347313356	0.01529339999979129	epochs	3.0
2411.7841281313354	0.015239800000017567	epochs	3.0
2411.7993679313354	0.030320100000153616	epochs	2.0
2411.7993679313354	0.015186500000254455	epochs	3.0
2411.8145544313356	0.015133599999899161	epochs	3.0
2411.8296880313355	0.030109899999843037	epochs	2.0
2411.8296880313355	0.015081000000009226	epochs	3.0
2411.8447690313355	0.015028899999833811	epochs	3.0
2411.8597979313354	0.029902499999934662	epochs	2.0
2411.8597979313354	0.0149770000002718	epochs	3.0
2411.8747749313357	0.014925499999662861	epochs	3.0
2411.8897004313353	0.0296981000001324	epochs	2.0
2411.8897004313353	0.01487440000028073	epochs	3.0
2411.9045748313356	0.01482369999985167	epochs	3.0
2411.9193985313354	0.029496300000118936	epochs	2.0
2411.9193985313354	0.014773200000036013	epochs	3.0
2411.9341717313355	0.014723100000082923	epochs	3.0
2411.9488948313356	0.029297399999904883	epochs	2.0
2411.9488948313356	0.014673399999992398	epochs	3.0
2411.9635682313356	0.014623999999912485	epochs	3.0
2411.9781922313355	0.029101099999934377	epochs	2.0
2411.9781922313355	0.014574899999843183	epochs	3.0
2411.9927671313353	0.014526200000091194	epochs	3.0
2412.0072933313354	0.028907400000207417	epochs	2.0
2412.0072933313354	0.014477700000043114	epochs	3.0
2412.0217710313354	0.014429700000164303	epochs	3.0
2412.0362007313356	0.028716199999962555	epochs	2.0
2412.0362007313356	0.014381799999682698	epochs	3.0
2412.0505825313353	0.014334400000279857	epochs	3.0
2412.0649169313356	0.02852759999996124	epochs	2.0
2412.0649169313356	0.01428719999967143	epochs	3.0
2412.0792041313352	0.01424040000028981	epochs	3.0
2412.0934445313355	0.028341400000044814	epochs	2.0
2412.0934445313355	0.014193799999702605	epochs	3.0
2412.1076383313352	0.014147600000342209	epochs	3.0
2412.1217859313356	0.028157700000065233	epochs	2.0
2412.1217859313356	0.014101700000082928	epochs	3.0
2412.1358876313357	0.014055999999982305	epochs	3.0
2412.1499436313356	0.02797629999986384	epochs	2.0
2412.1499436313356	0.014010599999892293	epochs	3.0
2412.1639542313355	0.013965699999971548	epochs	3.0
2412.1779199313355	0.027797199999895383	epochs	2.0
2412.1779199313355	0.013920800000050804	epochs	3.0
2412.1918407313356	0.01387639999984458	epochs	3.0
2412.2057171313354	0.02762040000015986	epochs	2.0
2412.2057171313354	0.01383220000025176	epochs	3.0
2412.2195493313357	0.013788199999908102	epochs	3.0
2412.2333375313356	0.02744589999974778	epochs	2.0
2412.2333375313356	0.013744599999881757	epochs	3.0
2412.2470821313354	0.013701299999866023	epochs	3.0
2412.2607834313353	0.027273500000319473	epochs	2.0
2412.2607834313353	0.013658200000008947	epochs	3.0
2412.2744416313353	0.013615300000310526	epochs	3.0
2412.2880569313356	0.02710339999975986	epochs	2.0
2412.2880569313356	0.013572800000019924	epochs	3.0
2412.3016297313357	0.013530599999739934	epochs	3.0
2412.3151603313354	0.02693520000002536	epochs	2.0
2412.3151603313354	0.01348839999991469	epochs	3.0
2412.3286487313353	0.01344680000011067	epochs	3.0
2412.3420955313354	0.026769200000217097	epochs	2.0
2412.3420955313354	0.013405199999851902	epochs	3.0
2412.3555007313353	0.013364000000365195	epochs	3.0
2412.3688647313356	0.026605199999721663	epochs	2.0
2412.3688647313356	0.013322899999820947	epochs	3.0
2412.3821876313355	0.013282299999900715	epochs	3.0
2412.3954699313354	0.0264431999999033	epochs	2.0
2412.3954699313354	0.013241699999980483	epochs	3.0
2412.4087116313353	0.013201499999922817	epochs	3.0
2412.4219131313353	0.02628320000030726	epochs	2.0
2412.4219131313353	0.013161500000023807	epochs	3.0
2412.4350746313353	0.013121700000283454	epochs	3.0
2412.4481963313356	0.026124999999865395	epochs	2.0
2412.4481963313356	0.013082099999792263	epochs	3.0
2412.4612784313354	0.013042900000073132	epochs	3.0
2412.4743213313354	0.025968899999952555	epochs	2.0
2412.4743213313354	0.01300390000005791	epochs	3.0
2412.4873252313355	0.012964999999894644	epochs	3.0
2412.5002902313354	0.025814500000251428	epochs	2.0
2412.5002902313354	0.012926400000196736	epochs	3.0
2412.5132166313356	0.012888100000054692	epochs	3.0
2412.5261047313356	0.025661899999704474	epochs	2.0
2412.5261047313356	0.012849899999764602	epochs	3.0
2412.5389546313354	0.012811999999939871	epochs	3.0
2412.5517666313353	0.025511199999982637	epochs	2.0
2412.5517666313353	0.012774400000125752	epochs	3.0
2412.5645410313355	0.012736799999856885	epochs	3.0
2412.5772778313353	0.025362300000324467	epochs	2.0
2412.5772778313353	0.012699700000212033	epochs	3.0
2412.5899775313355	0.012662600000112434	epochs	3.0
2412.6026401313356	0.025214999999661813	epochs	2.0
2412.6026401313356	0.012625800000023446	epochs	3.0
2412.6152659313357	0.012589199999638367	epochs	3.0
2412.6278551313353	0.024584799999956886	epochs	2.0
2412.6514451313355	0.5	epochs	-1.0
2412.6524399313353	0.5543999999999869	epochs	1.0
2413.2068399313353	0.4455200000002151	epochs	0.0
2414.441999912262	0.10543999999981679	epochs	0.0
2414.441999912262	0.04772210000010091	epochs	1.0
2414.489722012262	0.009995800000069721	epochs	1.0
2414.499717812262	0.04772209999964616	epochs	1.0
2414.547439912262	2.0	epochs	0.0
2416.547439912262	21.513920000000326	epochs	0.0
2416.547439912262	1.0	epochs	1.0
2416.547485112262	0.5	epochs	-1.0
2417.047485112262	19.998959999999897	epochs	-1.0
2417.547439912262	20.0	epochs	1.0
2417.547439912262	4.356753900000058	epochs	-1.0
2417.547439912262	1.9745872000003146	epochs	2.0
2417.547439912262	1.0985622000002877	epochs	3.0
2418.646002112262	0.8760250000000269	epochs	3.0
2419.522027112262	1.3524075000000266	epochs	2.0
2419.522027112262	0.7286354999996547	epochs	3.0
2420.2506626122617	0.6237720000003719	epochs	3.0
2420.874434612262	1.0297591999997167	epochs	2.0
2420.874434612262	0.5453293000000485	epochs	3.0
2421.419763912262	0.4844298999996681	epochs	3.0
2421.904193812262	0.8317862000003515	epochs	2.0
2421.904193812262	0.43577630000027057	epochs	3.0
2422.339970112262	0.39600990000008096	epochs	3.0
2422.735980012262	0.6977969999998095	epochs	2.0
2422.735980012262	0.3628981999995631	epochs	3.0
2423.0988782122618	0.3348988000002464	epochs	3.0
2423.433777012262	0.6010456999997587	epochs	2.0
2423.433777012262	0.3109122999999272	epochs	3.0
2423.744689312262	0.29013339999983145	epochs	3.0
2424.0348227122618	0.5278859000000011	epochs	2.0
2424.0348227122618	0.27195860000028915	epochs	3.0
2424.306781312262	0.255927299999712	epochs	3.0
2424.5627086122618	0.4706193000001804	epochs	2.0
2424.5627086122618	0.241681299999982	epochs	3.0
2424.8043899122617	0.22893800000019837	epochs	3.0
2425.033327912262	0.42457039999999324	epochs	2.0
2425.033327912262	0.21747140000024956	epochs	3.0
2425.250799312262	0.20709899999974368	epochs	3.0
2425.457898312262	0.3867353999999068	epochs	2.0
2425.457898312262	0.19767110000020693	epochs	3.0
2425.655569412262	0.18906429999969987	epochs	3.0
2425.844633712262	0.35509529999990264	epochs	2.0
2425.844633712262	0.18117590000019845	epochs	3.0
2426.025809612262	0.17391939999970418	epochs	3.0
2426.1997290122617	0.32824310000023615	epochs	2.0
2426.1997290122617	0.167221900000186	epochs	3.0
2426.366950912262	0.16102120000005016	epochs	3.0
2426.527972112262	0.3051679999998669	epochs	2.0
2426.527972112262	0.15526390000013635	epochs	3.0
2426.683236012262	0.14990409999973053	epochs	3.0
2426.833140112262	0.2851253000003453	epochs	2.0
2426.833140112262	0.14490210000030856	epochs	3.0
2426.978042212262	0.14022320000003674	epochs	3.0
2427.118265412262	0.2675537999998596	epochs	2.0
2427.118265412262	0.1358368999999584	epochs	3.0
2427.254102312262	0.13171689999990122	epochs	3.0
2427.385819212262	0.2520228999997016	epochs	2.0
2427.385819212262	0.12783929999977772	epochs	3.0
2427.513658512262	0.1241835999999239	epochs	3.0
2427.6378421122618	0.23819650000041293	epochs	2.0
2427.6378421122618	0.12073110000028464	epochs	3.0
2427.758573212262	0.11746540000012828	epochs	3.0
2427.876038612262	0.22580879999986792	epochs	2.0
2427.876038612262	0.11437189999969632	epochs	3.0
2427.990410512262	0.11143690000017159	epochs	3.0
2428.101847412262	0.21464599999990241	epochs	2.0
2428.101847412262	0.10864889999993466	epochs	3.0
2428.210496312262	0.10599709999996776	epochs	3.0
2428.316493412262	0.2045349999998507	epochs	2.0
2428.316493412262	0.10347150000006877	epochs	3.0
2428.419964912262	0.10106349999978192	epochs	3.0
2428.521028412262	0.19533400000000256	epochs	2.0
2428.521028412262	0.09876510000003691	epochs	3.0
2428.619793512262	0.09656889999996565	epochs	3.0
2428.716362412262	0.18692529999998442	epochs	2.0
2428.716362412262	0.0944683000002442	epochs	3.0
2428.810830712262	0.09245699999974022	epochs	3.0
2428.9032877122618	0.1792107000001124	epochs	2.0
2428.9032877122618	0.0905296000000817	epochs	3.0
2428.993817312262	0.08868110000003071	epochs	3.0
2429.082498412262	0.17210770000019693	epochs	2.0
2429.082498412262	0.08690630000000965	epochs	3.0
2429.169404712262	0.08520140000018728	epochs	3.0
2429.254606112262	0.16554640000003928	epochs	2.0
2429.254606112262	0.08356189999994967	epochs	3.0
2429.338168012262	0.08198450000008961	epochs	3.0
2429.420152512262	0.15946709999980158	epochs	2.0
2429.420152512262	0.08046539999986635	epochs	3.0
2429.500617912262	0.07900169999993523	epochs	3.0
2429.579619612262	0.15381840000009106	epochs	2.0
2429.579619612262	0.07759010000017952	epochs	3.0
2429.657209712262	0.07622829999991154	epochs	3.0
2429.733438012262	0.14855639999996129	epochs	2.0
2429.733438012262	0.07491329999993468	epochs	3.0
2429.808351312262	0.0736431000000266	epochs	3.0
2429.881994412262	0.1436423999998624	epochs	2.0
2429.881994412262	0.07241500000009182	epochs	3.0
2429.954409412262	0.07122739999977057	epochs	3.0
2430.025636812262	0.13904309999998077	epochs	2.0
2430.025636812262	0.07007800000019415	epochs	3.0
2430.095714812262	0.06896509999978662	epochs	3.0
2430.164679912262	0.13472930000034467	epochs	2.0
2430.164679912262	0.0678871000000072	epochs	3.0
2430.232567012262	0.06684220000033747	epochs	3.0
2430.299409212262	0.13067519999958677	epochs	2.0
2430.299409212262	0.06582909999997355	epochs	3.0
2430.365238312262	0.06484609999961322	epochs	3.0
2430.4300844122617	0.12685780000037994	epochs	2.0
2430.4300844122617	0.06389200000012352	epochs	3.0
2430.493976412262	0.06296580000025642	epochs	3.0
2430.556942212262	0.12325719999989815	epochs	2.0
2430.556942212262	0.06206579999980022	epochs	3.0
2430.619008012262	0.06119140000009793	epochs	3.0
2430.680199412262	0.11985539999977846	epochs	2.0
2430.680199412262	0.06034109999973225	epochs	3.0
2430.7405405122618	0.059514300000046205	epochs	3.0
2430.800054812262	0.11663620000035735	epochs	2.0
2430.800054812262	0.058709599999929196	epochs	3.0
2430.8587644122617	0.05792660000042815	epochs	3.0
2430.916691012262	0.11358559999962381	epochs	2.0
2430.916691012262	0.05716419999998834	epochs	3.0
2430.973855212262	0.05642139999963547	epochs	3.0
2431.030276612262	0.11069050000014613	epochs	2.0
2431.030276612262	0.05569790000026842	epochs	3.0
2431.085974512262	0.05499259999987771	epochs	3.0
2431.140967112262	0.10793909999983953	epochs	2.0
2431.140967112262	0.054304899999806366	epochs	3.0
2431.1952720122617	0.05363420000003316	epochs	3.0
2431.2489062122618	0.10532150000017282	epochs	2.0
2431.2489062122618	0.05298000000038883	epochs	3.0
2431.301886212262	0.05234149999978399	epochs	3.0
2431.354227712262	0.10282760000018243	epochs	2.0
2431.354227712262	0.05171810000001642	epochs	3.0
2431.405945812262	0.05110950000016601	epochs	3.0
2431.457055312262	0.10044909999987794	epochs	2.0
2431.457055312262	0.050514900000052876	epochs	3.0
2431.507570212262	0.04993419999982507	epochs	3.0
2431.557504412262	0.09817829999974492	epochs	2.0
2431.557504412262	0.049366599999757454	epochs	3.0
2431.6068710122618	0.04881169999998747	epochs	3.0
2431.6556827122618	0.09600780000027953	epochs	2.0
2431.6556827122618	0.04826920000004975	epochs	3.0
2431.703951912262	0.04773860000022978	epochs	3.0
2431.751690512262	0.09393120000004274	epochs	2.0
2431.751690512262	0.0472194999997555	epochs	3.0
2431.798910012262	0.04671170000028724	epochs	3.0
2431.845621712262	0.09194260000003851	epochs	2.0
2431.845621712262	0.046214599999984785	epochs	3.0
2431.891836312262	0.045728000000053726	epochs	3.0
2431.937564312262	0.09003630000006524	epochs	2.0
2431.937564312262	0.045251499999722	epochs	3.0
2431.982815812262	0.04478480000034324	epochs	3.0
2432.027600612262	0.0882075999998051	epochs	2.0
2432.027600612262	0.04432779999979175	epochs	3.0
2432.071928412262	0.04387980000001335	epochs	3.0
2432.115808212262	0.0864516999999978	epochs	2.0
2432.115808212262	0.04344099999980244	epochs	3.0
2432.159249212262	0.04301070000019536	epochs	3.0
2432.202259912262	0.08476430000018809	epochs	2.0
2432.202259912262	0.04258900000013455	epochs	3.0
2432.244848912262	0.04217530000005354	epochs	3.0
2432.287024212262	0.08314149999978326	epochs	2.0
2432.287024212262	0.04176969999980429	epochs	3.0
2432.328793912262	0.041371799999978975	epochs	3.0
2432.370165712262	0.08157970000002024	epochs	2.0
2432.370165712262	0.040981399999964196	epochs	3.0
2432.411147112262	0.04059830000005604	epochs	3.0
2432.451745412262	0.08007550000002084	epochs	2.0
2432.451745412262	0.040222300000095856	epochs	3.0
2432.491967712262	0.03985319999992498	epochs	3.0
2432.531820912262	0.07862569999997504	epochs	2.0
2432.531820912262	0.03949079999983951	epochs	3.0
2432.571311712262	0.03913490000013553	epochs	3.0
2432.610446612262	0.07722759999978734	epochs	2.0
2432.610446612262	0.038785400000051595	epochs	3.0
2432.649232012262	0.03844219999973575	epochs	3.0
2432.6876742122618	0.07587820000026113	epochs	2.0
2432.6876742122618	0.038104800000382966	epochs	3.0
2432.725779012262	0.037773399999878166	epochs	3.0
2432.763552412262	0.07457519999979922	epochs	2.0
2432.763552412262	0.03744770000002973	epochs	3.0
2432.801000112262	0.0371274999997695	epochs	3.0
2432.838127612262	0.07331629999998768	epochs	2.0
2432.838127612262	0.036812900000313675	epochs	3.0
2432.874940512262	0.036503399999674	epochs	3.0
2432.911443912262	0.07209899999998015	epochs	2.0
2432.911443912262	0.03619909999997617	epochs	3.0
2432.947643012262	0.03589990000000398	epochs	3.0
2432.983542912262	0.07092170000032638	epochs	2.0
2432.983542912262	0.03560560000005353	epochs	3.0
2433.019148512262	0.035316100000272854	epochs	3.0
2433.054464612262	0.06978200000003199	epochs	2.0
2433.054464612262	0.03503120000004856	epochs	3.0
2433.089495812262	0.03475079999998343	epochs	3.0
2433.124246612262	0.06867859999965731	epochs	2.0
2433.124246612262	0.03447509999978138	epochs	3.0
2433.158721712262	0.03420349999987593	epochs	3.0
2433.192925212262	0.06760930000018561	epochs	2.0
2433.192925212262	0.033936199999970995	epochs	3.0
2433.2268614122618	0.03367310000021462	epochs	3.0
2433.260534512262	0.06657289999975546	epochs	2.0
2433.260534512262	0.03341399999999339	epochs	3.0
2433.293948512262	0.03315889999976207	epochs	3.0
2433.3271074122617	0.06556780000028084	epochs	2.0
2433.3271074122617	0.03290770000012344	epochs	3.0
2433.360015112262	0.0326601000001574	epochs	3.0
2433.392675212262	0.06459259999974165	epochs	2.0
2433.392675212262	0.03241639999987456	epochs	3.0
2433.425091612262	0.032176199999867094	epochs	3.0
2433.4572678122618	0.06364600000006249	epochs	2.0
2433.4572678122618	0.03193959999998697	epochs	3.0
2433.4892074122617	0.03170640000007552	epochs	3.0
2433.520913812262	0.0627266999999847	epochs	2.0
2433.520913812262	0.03147660000013275	epochs	3.0
2433.552390412262	0.031250099999851955	epochs	3.0
2433.583640512262	0.06183360000022731	epochs	2.0
2433.583640512262	0.031026900000142632	epochs	3.0
2433.614667412262	0.030806700000084675	epochs	3.0
2433.645474112262	0.06096560000014506	epochs	2.0
2433.645474112262	0.03058980000014344	epochs	3.0
2433.676063912262	0.030375800000001618	epochs	3.0
2433.706439712262	0.06012160000000222	epochs	2.0
2433.706439712262	0.030164899999817862	epochs	3.0
2433.736604612262	0.029956700000184355	epochs	3.0
2433.766561312262	0.05930069999976695	epochs	2.0
2433.766561312262	0.02975159999959942	epochs	3.0
2433.796312912262	0.029549100000167527	epochs	3.0
2433.825862012262	0.058501800000158255	epochs	2.0
2433.825862012262	0.029349400000228343	epochs	3.0
2433.855211412262	0.029152399999929912	epochs	3.0
2433.884363812262	0.05772419999993872	epochs	2.0
2433.884363812262	0.028957999999875028	epochs	3.0
2433.913321812262	0.02876620000006369	epochs	3.0
2433.942088012262	0.056967099999837956	epochs	2.0
2433.942088012262	0.028577000000041153	epochs	3.0
2433.970665012262	0.028390099999796803	epochs	3.0
2433.999055112262	0.05622949999997218	epochs	2.0
2433.999055112262	0.028205699999944045	epochs	3.0
2434.027260812262	0.028023800000028132	epochs	3.0
2434.055284612262	0.05551070000001346	epochs	2.0
2434.055284612262	0.027844000000186497	epochs	3.0
2434.083128612262	0.02766669999982696	epochs	3.0
2434.110795312262	0.05481020000024728	epochs	2.0
2434.110795312262	0.02749149999999645	epochs	3.0
2434.138286812262	0.02731870000025083	epochs	3.0
2434.165605512262	0.054126999999880354	epochs	2.0
2434.165605512262	0.027147799999966082	epochs	3.0
2434.192753312262	0.026979199999914272	epochs	3.0
2434.219732512262	0.053460699999959616	epochs	2.0
2434.219732512262	0.026812600000084785	epochs	3.0
2434.246545112262	0.02664809999987483	epochs	3.0
2434.273193212262	0.05281070000000909	epochs	2.0
2434.273193212262	0.0264855999998872	epochs	3.0
2434.299678812262	0.026325100000121893	epochs	3.0
2434.326003912262	0.052176199999848905	epochs	2.0
2434.326003912262	0.026166399999965506	epochs	3.0
2434.352170312262	0.0260097999998834	epochs	3.0
2434.378180112262	0.05155670000021928	epochs	2.0
2434.378180112262	0.02585480000016105	epochs	3.0
2434.404034912262	0.02570190000005823	epochs	3.0
2434.429736812262	0.050951899999745365	epochs	2.0
2434.429736812262	0.02555069999971238	epochs	3.0
2434.4552875122617	0.025401200000032986	epochs	3.0
2434.480688712262	0.05036100000006627	epochs	2.0
2434.480688712262	0.025253499999962514	epochs	3.0
2434.5059422122617	0.025107500000103755	epochs	3.0
2434.531049712262	0.04978380000011384	epochs	2.0
2434.531049712262	0.02496320000000196	epochs	3.0
2434.556012912262	0.02482060000011188	epochs	3.0
2434.580833512262	0.04921950000016295	epochs	2.0
2434.580833512262	0.024679399999968155	epochs	3.0
2434.605512912262	0.024540100000194798	epochs	3.0
2434.630053012262	0.04866790000005494	epochs	2.0
2434.630053012262	0.024402099999861093	epochs	3.0
2434.654455112262	0.02426580000019385	epochs	3.0
2434.678720912262	0.048128599999927246	epochs	2.0
2434.678720912262	0.024130999999670166	epochs	3.0
2434.702851912262	0.02399760000025708	epochs	3.0
2434.726849512262	0.047601100000065344	epochs	2.0
2434.726849512262	0.02386579999983951	epochs	3.0
2434.750715312262	0.023735300000225834	epochs	3.0
2434.774450612262	0.047084999999697175	epochs	2.0
2434.774450612262	0.02360629999975572	epochs	3.0
2434.798056912262	0.023478699999941455	epochs	3.0
2434.821535612262	0.04658000000017637	epochs	2.0
2434.821535612262	0.023352499999873544	epochs	3.0
2434.8448881122617	0.023227500000302825	epochs	3.0
2434.868115612262	0.04608569999982137	epochs	2.0
2434.868115612262	0.02310399999987567	epochs	3.0
2434.891219612262	0.022981699999945704	epochs	3.0
2434.914201312262	0.045601799999985815	epochs	2.0
2434.914201312262	0.02286069999991014	epochs	3.0
2434.937062012262	0.022741100000075676	epochs	3.0
2434.959803112262	0.045127899999897636	epochs	2.0
2434.959803112262	0.022622500000125	epochs	3.0
2434.982425612262	0.022505399999772635	epochs	3.0
2435.0049310122617	0.044663800000307674	epochs	2.0
2435.0049310122617	0.022389300000213552	epochs	3.0
2435.027320312262	0.022274500000094122	epochs	3.0
2435.049594812262	0.044209199999841076	epochs	2.0
2435.049594812262	0.022160799999710434	epochs	3.0
2435.0717556122618	0.02204840000013064	epochs	3.0
2435.093804012262	0.04376360000014756	epochs	2.0
2435.093804012262	0.021936900000127935	epochs	3.0
2435.115740912262	0.021826700000019628	epochs	3.0
2435.137567612262	0.043327099999714846	epochs	2.0
2435.137567612262	0.02171760000010181	epochs	3.0
2435.159285212262	0.021609499999613035	epochs	3.0
2435.1808947122618	0.04289900000003399	epochs	2.0
2435.1808947122618	0.021502500000224245	epochs	3.0
2435.202397212262	0.021396499999809748	epochs	3.0
2435.223793712262	0.042479500000354165	epochs	2.0
2435.223793712262	0.02129170000034719	epochs	3.0
2435.245085412262	0.021187800000006973	epochs	3.0
2435.266273212262	0.04206789999989269	epochs	2.0
2435.266273212262	0.02108490000000529	epochs	3.0
2435.287358112262	0.020982999999887397	epochs	3.0
2435.308341112262	0.041664399999717716	epochs	2.0
2435.308341112262	0.020882199999959994	epochs	3.0
2435.329223312262	0.020782199999757722	epochs	3.0
2435.3500055122618	0.04126850000011473	epochs	2.0
2435.3500055122618	0.02068330000020069	epochs	3.0
2435.370688812262	0.02058519999991404	epochs	3.0
2435.391274012262	0.04088000000001557	epochs	2.0
2435.391274012262	0.020488099999965925	epochs	3.0
2435.411762112262	0.020391900000049645	epochs	3.0
2435.432154012262	0.04049880000002304	epochs	2.0
2435.432154012262	0.0202966000001652	epochs	3.0
2435.452450612262	0.02020219999985784	epochs	3.0
2435.472652812262	0.04012460000012652	epochs	2.0
2435.472652812262	0.02010870000003706	epochs	3.0
2435.492761512262	0.02001590000008946	epochs	3.0
2435.512777412262	0.03975730000001931	epochs	2.0
2435.512777412262	0.0199241999998776	epochs	3.0
2435.532701612262	0.019833100000141712	epochs	3.0
2435.552534712262	0.03939669999999751	epochs	2.0
2435.552534712262	0.019742999999834865	epochs	3.0
2435.572277712262	0.019653700000162644	epochs	3.0
2435.591931412262	0.03904239999974379	epochs	2.0
2435.591931412262	0.019565099999908853	epochs	3.0
2435.611496512262	0.01947729999983494	epochs	3.0
2435.630973812262	0.03869460000032632	epochs	2.0
2435.630973812262	0.01939040000024761	epochs	3.0
2435.650364212262	0.01930420000007871	epochs	3.0
2435.669668412262	0.03835289999960878	epochs	2.0
2435.669668412262	0.01921879999963494	epochs	3.0
2435.6888872122618	0.01913409999997384	epochs	3.0
2435.7080213122617	0.03801720000001296	epochs	2.0
2435.7080213122617	0.019050200000037876	epochs	3.0
2435.727071512262	0.018966999999975087	epochs	3.0
2435.7460385122617	0.03768720000016401	epochs	2.0
2435.7460385122617	0.018884500000240223	epochs	3.0
2435.764923012262	0.01880269999992379	epochs	3.0
2435.783725712262	0.037363100000220584	epochs	2.0
2435.783725712262	0.01872170000024198	epochs	3.0
2435.802447412262	0.018641399999978603	epochs	3.0
2435.821088812262	0.03704429999970671	epochs	2.0
2435.821088812262	0.018561599999884493	epochs	3.0
2435.839650412262	0.018482699999822216	epochs	3.0
2435.858133112262	0.036731000000145286	epochs	2.0
2435.858133112262	0.018404299999929208	epochs	3.0
2435.8765374122618	0.01832670000021608	epochs	3.0
2435.894864112262	0.03642290000016146	epochs	2.0
2435.894864112262	0.018249599999762722	epochs	3.0
2435.9131137122617	0.01817330000039874	epochs	3.0
2435.931287012262	0.03612009999960719	epochs	2.0
2435.931287012262	0.018097599999691738	epochs	3.0
2435.949384612262	0.018022499999915453	epochs	3.0
2435.9674071122618	0.035822100000132195	epochs	2.0
2435.9674071122618	0.017947900000308437	epochs	3.0
2435.985355012262	0.01787419999982376	epochs	3.0
2436.003229212262	0.03552900000022419	epochs	2.0
2436.003229212262	0.017800800000259187	epochs	3.0
2436.021030012262	0.017728199999965	epochs	3.0
2436.038758212262	0.03524070000003121	epochs	2.0
2436.038758212262	0.01765609999984008	epochs	3.0
2436.056414312262	0.01758460000019113	epochs	3.0
2436.073998912262	0.03495709999970131	epochs	2.0
2436.073998912262	0.01751369999965391	epochs	3.0
2436.091512612262	0.017443400000047404	epochs	3.0
2436.108956012262	0.03467790000013338	epochs	2.0
2436.108956012262	0.01737360000015542	epochs	3.0
2436.126329612262	0.017304299999977957	epochs	3.0
2436.143633912262	0.03440330000012182	epochs	2.0
2436.143633912262	0.017235700000128418	epochs	3.0
2436.160869612262	0.0171675999999934	epochs	3.0
2436.178037212262	0.03413279999995211	epochs	2.0
2436.178037212262	0.017099899999720947	epochs	3.0
2436.195137112262	0.017032900000231166	epochs	3.0
2436.212170012262	0.03386670000008962	epochs	2.0
2436.212170012262	0.01696640000000116	epochs	3.0
2436.229136412262	0.016900300000088464	epochs	3.0
2436.246036712262	0.033604599999762286	epochs	2.0
2436.246036712262	0.016834799999742245	epochs	3.0
2436.262871512262	0.01676980000002004	epochs	3.0
2436.279641312262	0.0333466000001863	epochs	2.0
2436.279641312262	0.016705300000012357	epochs	3.0
2436.296346612262	0.016641300000173942	epochs	3.0
2436.312987912262	0.033092499999838765	epochs	2.0
2436.312987912262	0.016577800000050047	epochs	3.0
2436.329565712262	0.016514699999788718	epochs	3.0
2436.346080412262	0.032842300000083924	epochs	2.0
2436.346080412262	0.01645220000000336	epochs	3.0
2436.362532612262	0.016390100000080565	epochs	3.0
2436.378922712262	0.03259570000000167	epochs	2.0
2436.378922712262	0.016328400000020338	epochs	3.0
2436.395251112262	0.016267299999981333	epochs	3.0
2436.411518412262	0.03235289999975066	epochs	2.0
2436.411518412262	0.016206599999804894	epochs	3.0
2436.427725012262	0.016146299999945768	epochs	3.0
2436.4438713122618	0.032113700000081735	epochs	2.0
2436.4438713122618	0.016086600000107865	epochs	3.0
2436.459957912262	0.01602709999997387	epochs	3.0
2436.475985012262	0.03187800000023344	epochs	2.0
2436.475985012262	0.015968200000315846	epochs	3.0
2436.491953212262	0.015909799999917595	epochs	3.0
2436.507863012262	0.03164569999989908	epochs	2.0
2436.507863012262	0.015851599999678	epochs	3.0
2436.5237146122618	0.01579410000022108	epochs	3.0
2436.539508712262	0.03141670000013619	epochs	2.0
2436.539508712262	0.015736700000161363	epochs	3.0
2436.555245412262	0.015679999999974825	epochs	3.0
2436.570925412262	0.03119109999988723	epochs	2.0
2436.570925412262	0.015623599999798898	epochs	3.0
2436.586549012262	0.01556750000008833	epochs	3.0
2436.602116512262	0.030968699999903038	epochs	2.0
2436.602116512262	0.015511999999944237	epochs	3.0
2436.617628512262	0.0154566999999588	epochs	3.0
2436.633085212262	0.030749500000183616	epochs	2.0
2436.633085212262	0.015401999999994587	epochs	3.0
2436.648487212262	0.01534750000018903	epochs	3.0
2436.663834712262	0.030533199999808858	epochs	2.0
2436.663834712262	0.01529339999979129	epochs	3.0
2436.679128112262	0.015239800000017567	epochs	3.0
2436.694367912262	0.030320100000153616	epochs	2.0
2436.694367912262	0.015186500000254455	epochs	3.0
2436.709554412262	0.015133599999899161	epochs	3.0
2436.724688012262	0.030109899999843037	epochs	2.0
2436.724688012262	0.015081000000009226	epochs	3.0
2436.739769012262	0.015028899999833811	epochs	3.0
2436.754797912262	0.029902499999934662	epochs	2.0
2436.754797912262	0.0149770000002718	epochs	3.0
2436.769774912262	0.014925499999662861	epochs	3.0
2436.784700412262	0.0296981000001324	epochs	2.0
2436.784700412262	0.01487440000028073	epochs	3.0
2436.799574812262	0.01482369999985167	epochs	3.0
2436.814398512262	0.029496300000118936	epochs	2.0
2436.814398512262	0.014773200000036013	epochs	3.0
2436.829171712262	0.014723100000082923	epochs	3.0
2436.843894812262	0.029297399999904883	epochs	2.0
2436.843894812262	0.014673399999992398	epochs	3.0
2436.858568212262	0.014623999999912485	epochs	3.0
2436.873192212262	0.029101099999934377	epochs	2.0
2436.873192212262	0.014574899999843183	epochs	3.0
2436.887767112262	0.014526200000091194	epochs	3.0
2436.902293312262	0.028907400000207417	epochs	2.0
2436.902293312262	0.014477700000043114	epochs	3.0
2436.916771012262	0.014429700000164303	epochs	3.0
2436.931200712262	0.028716199999962555	epochs	2.0
2436.931200712262	0.014381799999682698	epochs	3.0
2436.945582512262	0.014334400000279857	epochs	3.0
2436.959916912262	0.02852759999996124	epochs	2.0
2436.959916912262	0.01428719999967143	epochs	3.0
2436.9742041122618	0.01424040000028981	epochs	3.0
2436.988444512262	0.028341400000044814	epochs	2.0
2436.988444512262	0.014193799999702605	epochs	3.0
2437.0026383122618	0.014147600000342209	epochs	3.0
2437.016785912262	0.028157700000065233	epochs	2.0
2437.016785912262	0.014101700000082928	epochs	3.0
2437.030887612262	0.014055999999982305	epochs	3.0
2437.044943612262	0.02797629999986384	epochs	2.0
2437.044943612262	0.014010599999892293	epochs	3.0
2437.058954212262	0.013965699999971548	epochs	3.0
2437.072919912262	0.027797199999895383	epochs	2.0
2437.072919912262	0.013920800000050804	epochs	3.0
2437.086840712262	0.01387639999984458	epochs	3.0
2437.100717112262	0.02762040000015986	epochs	2.0
2437.100717112262	0.01383220000025176	epochs	3.0
2437.114549312262	0.013788199999908102	epochs	3.0
2437.128337512262	0.02744589999974778	epochs	2.0
2437.128337512262	0.013744599999881757	epochs	3.0
2437.142082112262	0.013701299999866023	epochs	3.0
2437.155783412262	0.027273500000319473	epochs	2.0
2437.155783412262	0.013658200000008947	epochs	3.0
2437.169441612262	0.013615300000310526	epochs	3.0
2437.183056912262	0.02710339999975986	epochs	2.0
2437.183056912262	0.013572800000019924	epochs	3.0
2437.196629712262	0.013530599999739934	epochs	3.0
2437.210160312262	0.02693520000002536	epochs	2.0
2437.210160312262	0.01348839999991469	epochs	3.0
2437.223648712262	0.01344680000011067	epochs	3.0
2437.237095512262	0.026769200000217097	epochs	2.0
2437.237095512262	0.013405199999851902	epochs	3.0
2437.250500712262	0.013364000000365195	epochs	3.0
2437.263864712262	0.026605199999721663	epochs	2.0
2437.263864712262	0.013322899999820947	epochs	3.0
2437.277187612262	0.013282299999900715	epochs	3.0
2437.290469912262	0.0264431999999033	epochs	2.0
2437.290469912262	0.013241699999980483	epochs	3.0
2437.303711612262	0.013201499999922817	epochs	3.0
2437.316913112262	0.02628320000030726	epochs	2.0
2437.316913112262	0.013161500000023807	epochs	3.0
2437.330074612262	0.013121700000283454	epochs	3.0
2437.343196312262	0.026124999999865395	epochs	2.0
2437.343196312262	0.013082099999792263	epochs	3.0
2437.356278412262	0.013042900000073132	epochs	3.0
2437.369321312262	0.025968899999952555	epochs	2.0
2437.369321312262	0.01300390000005791	epochs	3.0
2437.382325212262	0.012964999999894644	epochs	3.0
2437.395290212262	0.025814500000251428	epochs	2.0
2437.395290212262	0.012926400000196736	epochs	3.0
2437.408216612262	0.012888100000054692	epochs	3.0
2437.421104712262	0.025661899999704474	epochs	2.0
2437.421104712262	0.012849899999764602	epochs	3.0
2437.433954612262	0.012811999999939871	epochs	3.0
2437.446766612262	0.025511199999982637	epochs	2.0
2437.446766612262	0.012774400000125752	epochs	3.0
2437.459541012262	0.012736799999856885	epochs	3.0
2437.472277812262	0.025362300000324467	epochs	2.0
2437.472277812262	0.012699700000212033	epochs	3.0
2437.484977512262	0.012662600000112434	epochs	3.0
2437.497640112262	0.025214999999661813	epochs	2.0
2437.497640112262	0.012625800000023446	epochs	3.0
2437.510265912262	0.012589199999638367	epochs	3.0
2437.522855112262	0.024584799999956886	epochs	2.0
2437.546445112262	0.5	epochs	-1.0
2437.547439912262	0.5139200000003257	epochs	1.0
2438.061359912262	0.4859999999998763	epochs	0.0
2729.175000190735	0.10543999999981679	epochs	0.0
2729.175000190735	0.04772210000010091	epochs	1.0
2729.222722290735	0.009995800000069721	epochs	1.0
2729.232718090735	0.04772209999964616	epochs	1.0
2729.2804401907347	0.22992000000022017	epochs	0.0
2729.2804401907347	0.0500000000001819	epochs	1.0
2729.330440190735	0.010000000000218279	epochs	1.0
2729.340440190735	0.04999999999972715	epochs	1.0
2729.390440190735	0.010000000000218279	epochs	1.0
2729.400440190735	0.04999999999972715	epochs	1.0
2729.4504401907348	0.010000000000218279	epochs	1.0
2729.460440190735	0.04991999999992913	epochs	1.0
3604.9219999313354	0.10543999999981679	epochs	0.0
3604.9219999313354	0.04772210000010091	epochs	1.0
3604.9697220313356	0.009995800000069721	epochs	1.0
3604.9797178313356	0.04772209999964616	epochs	1.0
3605.0274399313353	0.22992000000022017	epochs	0.0
3605.0274399313353	0.0500000000001819	epochs	1.0
3605.0774399313354	0.010000000000218279	epochs	1.0
3605.0874399313357	0.04999999999972715	epochs	1.0
3605.1374399313354	0.010000000000218279	epochs	1.0
3605.1474399313356	0.04999999999972715	epochs	1.0
3605.1974399313353	0.010000000000218279	epochs	1.0
3605.2074399313356	0.04991999999992913	epochs	1.0
3622.090000152588	0.10543999999981679	epochs	0.0
3622.090000152588	0.04772210000010091	epochs	1.0
3622.137722252588	0.009995800000069721	epochs	1.0
3622.147718052588	0.04772209999964616	epochs	1.0
3622.1954401525877	2.999920000000202	epochs	0.0
3622.1954401525877	1.0	epochs	1.0
3623.1954401525877	1.0	epochs	1.0
3624.1954401525877	0.999920000000202	epochs	1.0
3626.420000076294	0.10543999999981679	epochs	0.0
3626.420000076294	0.04772210000010091	epochs	1.0
3626.467722176294	0.009995800000069721	epochs	1.0
3626.477717976294	0.04772209999964616	epochs	1.0
3626.5254400762938	2.999920000000202	epochs	0.0
3626.5254400762938	1.0	epochs	1.0
3627.5254400762938	1.0	epochs	1.0
3628.5254400762938	0.999920000000202	epochs	1.0
3630.803999900818	0.10543999999981679	epochs	0.0
3630.803999900818	0.04772210000010091	epochs	1.0
3630.851722000818	0.009995800000069721	epochs	1.0
3630.861717800818	0.04772209999964616	epochs	1.0
3630.9094399008177	2.999920000000202	epochs	0.0
3630.9094399008177	1.0	epochs	1.0
3631.9094399008177	1.0	epochs	1.0
3632.9094399008177	0.999920000000202	epochs	1.0
3635.146999835968	0.10543999999981679	epochs	0.0
3635.146999835968	0.04772210000010091	epochs	1.0
3635.194721935968	0.009995800000069721	epochs	1.0
3635.204717735968	0.04772209999964616	epochs	1.0
3635.252439835968	2.999920000000202	epochs	0.0
3635.252439835968	1.0	epochs	1.0
3636.252439835968	1.0	epochs	1.0
3637.252439835968	0.999920000000202	epochs	1.0
3639.563000202179	0.10543999999981679	epochs	0.0
3639.563000202179	0.04772210000010091	epochs	1.0
3639.610722302179	0.009995800000069721	epochs	1.0
3639.620718102179	0.04772209999964616	epochs	1.0
3639.6684402021788	2.999920000000202	epochs	0.0
3639.6684402021788	1.0	epochs	1.0
3640.6684402021788	1.0	epochs	1.0
3641.6684402021788	0.999920000000202	epochs	1.0
3643.968999862671	0.10543999999981679	epochs	0.0
3643.968999862671	0.04772210000010091	epochs	1.0
3644.016721962671	0.009995800000069721	epochs	1.0
3644.026717762671	0.04772209999964616	epochs	1.0
3644.0744398626707	2.999920000000202	epochs	0.0
3644.0744398626707	1.0	epochs	1.0
3645.0744398626707	1.0	epochs	1.0
3646.0744398626707	0.999920000000202	epochs	1.0
3648.385000228882	0.10543999999981679	epochs	0.0
3648.385000228882	0.04772210000010091	epochs	1.0
3648.432722328882	0.009995800000069721	epochs	1.0
3648.442718128882	0.04772209999964616	epochs	1.0
3648.4904402288817	2.999920000000202	epochs	0.0
3648.4904402288817	1.0	epochs	1.0
3649.4904402288817	1.0	epochs	1.0
3650.4904402288817	0.999920000000202	epochs	1.0
3652.919000148773	0.10543999999981679	epochs	0.0
3652.919000148773	0.04772210000010091	epochs	1.0
3652.9667222487733	0.009995800000069721	epochs	1.0
3652.9767180487734	0.04772209999964616	epochs	1.0
3653.024440148773	2.999920000000202	epochs	0.0
3653.024440148773	1.0	epochs	1.0
3654.024440148773	1.0	epochs	1.0
3655.024440148773	0.999920000000202	epochs	1.0
3657.3870000839233	0.10543999999981679	epochs	0.0
3657.3870000839233	0.04772210000010091	epochs	1.0
3657.4347221839234	0.009995800000069721	epochs	1.0
3657.4447179839235	0.04772209999964616	epochs	1.0
3657.492440083923	2.999920000000202	epochs	0.0
3657.492440083923	1.0	epochs	1.0
3658.492440083923	1.0	epochs	1.0
3659.492440083923	0.999920000000202	epochs	1.0
3661.8200001716614	0.10543999999981679	epochs	0.0
3661.8200001716614	0.04772210000010091	epochs	1.0
3661.8677222716615	0.009995800000069721	epochs	1.0
3661.8777180716615	0.04772209999964616	epochs	1.0
3661.925440171661	2.999920000000202	epochs	0.0
3661.925440171661	1.0	epochs	1.0
3662.925440171661	1.0	epochs	1.0
3663.925440171661	0.999920000000202	epochs	1.0
3666.2340002059937	0.10543999999981679	epochs	0.0
3666.2340002059937	0.04772210000010091	epochs	1.0
3666.2817223059938	0.009995800000069721	epochs	1.0
3666.291718105994	0.04772209999964616	epochs	1.0
3666.3394402059935	2.999920000000202	epochs	0.0
3666.3394402059935	1.0	epochs	1.0
3667.3394402059935	1.0	epochs	1.0
3668.3394402059935	0.999920000000202	epochs	1.0
3670.6500000953674	0.10543999999981679	epochs	0.0
3670.6500000953674	0.04772210000010091	epochs	1.0
3670.6977221953675	0.009995800000069721	epochs	1.0
3670.7077179953676	0.04772209999964616	epochs	1.0
3670.7554400953672	2.999920000000202	epochs	0.0
3670.7554400953672	1.0	epochs	1.0
3671.7554400953672	1.0	epochs	1.0
3672.7554400953672	0.999920000000202	epochs	1.0
3675.0780000686646	0.10543999999981679	epochs	0.0
3675.0780000686646	0.04772210000010091	epochs	1.0
3675.1257221686647	0.009995800000069721	epochs	1.0
3675.1357179686647	0.04772209999964616	epochs	1.0
3675.1834400686644	2.999920000000202	epochs	0.0
3675.1834400686644	1.0	epochs	1.0
3676.1834400686644	1.0	epochs	1.0
3677.1834400686644	0.999920000000202	epochs	1.0
3679.5279998779297	0.10543999999981679	epochs	0.0
3679.5279998779297	0.04772210000010091	epochs	1.0
3679.57572197793	0.009995800000069721	epochs	1.0
3679.58571777793	0.04772209999964616	epochs	1.0
3679.6334398779295	2.999920000000202	epochs	0.0
3679.6334398779295	1.0	epochs	1.0
3680.6334398779295	1.0	epochs	1.0
3681.6334398779295	0.999920000000202	epochs	1.0
3683.978000164032	0.10543999999981679	epochs	0.0
3683.978000164032	0.04772210000010091	epochs	1.0
3684.025722264032	0.009995800000069721	epochs	1.0
3684.035718064032	0.04772209999964616	epochs	1.0
3684.083440164032	2.999920000000202	epochs	0.0
3684.083440164032	1.0	epochs	1.0
3685.083440164032	1.0	epochs	1.0
3686.083440164032	0.999920000000202	epochs	1.0
3688.438000202179	0.10543999999981679	epochs	0.0
3688.438000202179	0.04772210000010091	epochs	1.0
3688.485722302179	0.009995800000069721	epochs	1.0
3688.495718102179	0.04772209999964616	epochs	1.0
3688.5434402021788	2.999920000000202	epochs	0.0
3688.5434402021788	1.0	epochs	1.0
3689.5434402021788	1.0	epochs	1.0
3690.5434402021788	0.999920000000202	epochs	1.0
3692.888000011444	0.10543999999981679	epochs	0.0
3692.888000011444	0.04772210000010091	epochs	1.0
3692.935722111444	0.009995800000069721	epochs	1.0
3692.9457179114443	0.04772209999964616	epochs	1.0
3692.993440011444	2.999920000000202	epochs	0.0
3692.993440011444	1.0	epochs	1.0
3693.993440011444	1.0	epochs	1.0
3694.993440011444	0.999920000000202	epochs	1.0
3697.321000099182	0.10543999999981679	epochs	0.0
3697.321000099182	0.04772210000010091	epochs	1.0
3697.3687221991822	0.009995800000069721	epochs	1.0
3697.3787179991823	0.04772209999964616	epochs	1.0
3697.426440099182	2.999920000000202	epochs	0.0
3697.426440099182	1.0	epochs	1.0
3698.426440099182	1.0	epochs	1.0
3699.426440099182	0.999920000000202	epochs	1.0
3702.0209999084473	0.10543999999981679	epochs	0.0
3702.0209999084473	0.04772210000010091	epochs	1.0
3702.0687220084474	0.009995800000069721	epochs	1.0
3702.0787178084474	0.04772209999964616	epochs	1.0
3702.126439908447	2.999920000000202	epochs	0.0
3702.126439908447	1.0	epochs	1.0
3703.126439908447	1.0	epochs	1.0
3704.126439908447	0.999920000000202	epochs	1.0
3706.5240001678467	0.10543999999981679	epochs	0.0
3706.5240001678467	0.04772210000010091	epochs	1.0
3706.571722267847	0.009995800000069721	epochs	1.0
3706.581718067847	0.04772209999964616	epochs	1.0
3706.6294401678465	2.999920000000202	epochs	0.0
3706.6294401678465	0.900000000000091	epochs	1.0
3707.5294401678466	0.09999999999990905	epochs	1.0
3707.6294401678465	1.0	epochs	1.0
3708.6294401678465	0.999920000000202	epochs	1.0
3711.0739998817444	0.10543999999981679	epochs	0.0
3711.0739998817444	0.04772210000010091	epochs	1.0
3711.1217219817445	0.009995800000069721	epochs	1.0
3711.1317177817446	0.04772209999964616	epochs	1.0
3711.179439881744	2.999920000000202	epochs	0.0
3711.179439881744	0.900000000000091	epochs	1.0
3712.0794398817443	0.09999999999990905	epochs	1.0
3712.179439881744	1.0	epochs	1.0
3713.179439881744	0.999920000000202	epochs	1.0
3715.6259999275208	0.10543999999981679	epochs	0.0
3715.6259999275208	0.04772210000010091	epochs	1.0
3715.673722027521	0.009995800000069721	epochs	1.0
3715.683717827521	0.04772209999964616	epochs	1.0
3715.7314399275206	2.999920000000202	epochs	0.0
3715.7314399275206	0.900000000000091	epochs	1.0
3716.6314399275207	0.09999999999990905	epochs	1.0
3716.7314399275206	1.0	epochs	1.0
3717.7314399275206	0.999920000000202	epochs	1.0
3720.1090002059937	0.10543999999981679	epochs	0.0
3720.1090002059937	0.04772210000010091	epochs	1.0
3720.1567223059938	0.009995800000069721	epochs	1.0
3720.166718105994	0.04772209999964616	epochs	1.0
3720.2144402059935	2.999920000000202	epochs	0.0
3720.2144402059935	0.900000000000091	epochs	1.0
3721.1144402059936	0.09999999999990905	epochs	1.0
3721.2144402059935	1.0	epochs	1.0
3722.2144402059935	0.999920000000202	epochs	1.0
3724.6230001449585	0.10543999999981679	epochs	0.0
3724.6230001449585	0.04772210000010091	epochs	1.0
3724.6707222449586	0.009995800000069721	epochs	1.0
3724.6807180449587	0.04772209999964616	epochs	1.0
3724.7284401449583	2.999920000000202	epochs	0.0
3724.7284401449583	0.900000000000091	epochs	1.0
3725.6284401449584	0.09999999999990905	epochs	1.0
3725.7284401449583	1.0	epochs	1.0
3726.7284401449583	0.999920000000202	epochs	1.0
3729.1230001449585	0.10543999999981679	epochs	0.0
3729.1230001449585	0.04772210000010091	epochs	1.0
3729.1707222449586	0.009995800000069721	epochs	1.0
3729.1807180449587	0.04772209999964616	epochs	1.0
3729.2284401449583	2.999920000000202	epochs	0.0
3729.2284401449583	0.900000000000091	epochs	1.0
3730.1284401449584	0.09999999999990905	epochs	1.0
3730.2284401449583	1.0	epochs	1.0
3731.2284401449583	0.999920000000202	epochs	1.0
3733.589000225067	0.10543999999981679	epochs	0.0
3733.589000225067	0.04772210000010091	epochs	1.0
3733.6367223250672	0.009995800000069721	epochs	1.0
3733.6467181250673	0.04772209999964616	epochs	1.0
3733.694440225067	2.999920000000202	epochs	0.0
3733.694440225067	0.900000000000091	epochs	1.0
3734.594440225067	0.09999999999990905	epochs	1.0
3734.694440225067	1.0	epochs	1.0
3735.694440225067	0.999920000000202	epochs	1.0
3738.1150002479553	0.10543999999981679	epochs	0.0
3738.1150002479553	0.04772210000010091	epochs	1.0
3738.1627223479554	0.009995800000069721	epochs	1.0
3738.1727181479555	0.04772209999964616	epochs	1.0
3738.220440247955	2.999920000000202	epochs	0.0
3738.220440247955	0.900000000000091	epochs	1.0
3739.1204402479552	0.09999999999990905	epochs	1.0
3739.220440247955	1.0	epochs	1.0
3740.220440247955	0.999920000000202	epochs	1.0
3742.6319999694824	0.10543999999981679	epochs	0.0
3742.6319999694824	0.04772210000010091	epochs	1.0
3742.6797220694825	0.009995800000069721	epochs	1.0
3742.6897178694826	0.04772209999964616	epochs	1.0
3742.7374399694822	2.999920000000202	epochs	0.0
3742.7374399694822	0.900000000000091	epochs	1.0
3743.6374399694823	0.09999999999990905	epochs	1.0
3743.7374399694822	1.0	epochs	1.0
3744.7374399694822	0.999920000000202	epochs	1.0
3747.1710000038147	0.10543999999981679	epochs	0.0
3747.1710000038147	0.04772210000010091	epochs	1.0
3747.218722103815	0.009995800000069721	epochs	1.0
3747.228717903815	0.04772209999964616	epochs	1.0
3747.2764400038145	2.999920000000202	epochs	0.0
3747.2764400038145	1.0	epochs	1.0
3748.2764400038145	1.0	epochs	1.0
3749.2764400038145	0.999920000000202	epochs	1.0
3751.755000114441	0.10543999999981679	epochs	0.0
3751.755000114441	0.04772210000010091	epochs	1.0
3751.802722214441	0.009995800000069721	epochs	1.0
3751.812718014441	0.04772209999964616	epochs	1.0
3751.8604401144407	0.9944800000002942	epochs	0.0
3751.8604401144407	0.9944800000002942	epochs	1.0
3752.854920114441	2.0054399999999077	epochs	0.0
