onset	duration	nwb_table	treelevel
11.19700002670288	0.09999999999999964	epochs	0.0
11.19700002670288	0.04499999999999993	epochs	1.0
11.24200002670288	0.009999999999999787	epochs	1.0
11.25200002670288	0.04499999999999993	epochs	1.0
11.29700002670288	0.7049950000000003	epochs	0.0
11.29700002670288	0.5	epochs	-1.0
11.29700002670288	0.5	epochs	-1.0
11.29700002670288	0.5	epochs	1.0
11.79700002670288	0.0600000000000005	epochs	-1.0
11.79700002670288	0.025000000000000355	epochs	-1.0
11.79700002670288	0.025000000000000355	epochs	1.0
11.82200002670288	0.009999999999999787	epochs	-1.0
11.82200002670288	0.009999999999999787	epochs	1.0
11.83200002670288	0.025000000000000355	epochs	-1.0
11.83200002670288	0.025000000000000355	epochs	1.0
11.857000026702881	0.0600000000000005	epochs	-1.0
11.857000026702881	0.025000000000000355	epochs	-1.0
11.857000026702881	0.025000000000000355	epochs	1.0
11.882000026702881	0.009999999999999787	epochs	-1.0
11.882000026702881	0.009999999999999787	epochs	1.0
11.892000026702881	0.025000000000000355	epochs	-1.0
11.892000026702881	0.025000000000000355	epochs	1.0
11.917000026702881	0.05999999999999872	epochs	-1.0
11.917000026702881	0.02499999999999858	epochs	-1.0
11.917000026702881	0.02499999999999858	epochs	1.0
11.94200002670288	0.010000000000001563	epochs	-1.0
11.94200002670288	0.010000000000001563	epochs	1.0
11.952000026702882	0.02499999999999858	epochs	-1.0
11.952000026702882	0.02499999999999858	epochs	1.0
11.97700002670288	0.024995000000000545	epochs	1.0
494.6499996185303	0.10000000000002274	epochs	0.0
494.6499996185303	0.045000000000015916	epochs	1.0
494.6949996185303	0.009999999999990905	epochs	1.0
494.7049996185303	0.045000000000015916	epochs	1.0
494.7499996185303	0.7049949999999967	epochs	0.0
494.7499996185303	0.5	epochs	-1.0
494.7499996185303	0.5	epochs	1.0
495.2499996185303	0.060000000000002274	epochs	-1.0
495.2499996185303	0.024999999999977263	epochs	-1.0
495.2499996185303	0.024999999999977263	epochs	1.0
495.2749996185303	0.009999999999990905	epochs	-1.0
495.2749996185303	0.009999999999990905	epochs	1.0
495.28499961853026	0.025000000000034106	epochs	-1.0
495.28499961853026	0.025000000000034106	epochs	1.0
495.3099996185303	0.060000000000002274	epochs	-1.0
495.3099996185303	0.024999999999977263	epochs	-1.0
495.3099996185303	0.024999999999977263	epochs	1.0
495.3349996185303	0.009999999999990905	epochs	-1.0
495.3349996185303	0.009999999999990905	epochs	1.0
495.34499961853027	0.025000000000034106	epochs	-1.0
495.34499961853027	0.025000000000034106	epochs	1.0
495.3699996185303	0.05999999999994543	epochs	-1.0
495.3699996185303	0.024999999999977263	epochs	-1.0
495.3699996185303	0.024999999999977263	epochs	1.0
495.3949996185303	0.009999999999990905	epochs	-1.0
495.3949996185303	0.009999999999990905	epochs	1.0
495.40499961853027	0.024999999999977263	epochs	-1.0
495.40499961853027	0.024999999999977263	epochs	1.0
495.42999961853025	0.02499500000004673	epochs	1.0
605.793999671936	0.10000000000002274	epochs	0.0
605.793999671936	0.04499999999995907	epochs	1.0
605.838999671936	0.009999999999990905	epochs	1.0
605.848999671936	0.04500000000007276	epochs	1.0
605.8939996719361	61.384995	epochs	0.0
605.8939996719361	0.5	epochs	-1.0
605.8939996719361	0.5	epochs	-1.0
605.8939996719361	0.5	epochs	1.0
606.3939996719361	0.05999999999994543	epochs	-1.0
606.3939996719361	0.024999999999977263	epochs	-1.0
606.3939996719361	0.024999999999977263	epochs	1.0
606.418999671936	0.009999999999990905	epochs	-1.0
606.418999671936	0.009999999999990905	epochs	1.0
606.428999671936	0.024999999999977263	epochs	-1.0
606.428999671936	0.024999999999977263	epochs	1.0
606.453999671936	0.06000000000005912	epochs	-1.0
606.453999671936	0.024999999999977263	epochs	-1.0
606.453999671936	0.024999999999977263	epochs	1.0
606.478999671936	0.010000000000104592	epochs	-1.0
606.478999671936	0.010000000000104592	epochs	1.0
606.4889996719361	0.024999999999977263	epochs	-1.0
606.4889996719361	0.024999999999977263	epochs	1.0
606.5139996719361	0.05999999999994543	epochs	-1.0
606.5139996719361	0.024999999999977263	epochs	-1.0
606.5139996719361	0.024999999999977263	epochs	1.0
606.538999671936	0.009999999999990905	epochs	-1.0
606.538999671936	0.009999999999990905	epochs	1.0
606.548999671936	0.024999999999977263	epochs	-1.0
606.548999671936	0.024999999999977263	epochs	1.0
606.573999671936	60.0	epochs	1.0
666.573999671936	0.5	epochs	-1.0
666.573999671936	0.5	epochs	-1.0
666.573999671936	0.5	epochs	1.0
667.073999671936	0.06000000000005912	epochs	-1.0
667.073999671936	0.024999999999977263	epochs	-1.0
667.073999671936	0.024999999999977263	epochs	1.0
667.098999671936	0.010000000000104592	epochs	-1.0
667.098999671936	0.010000000000104592	epochs	1.0
667.1089996719361	0.024999999999977263	epochs	-1.0
667.1089996719361	0.024999999999977263	epochs	1.0
667.1339996719361	0.05999999999994543	epochs	-1.0
667.1339996719361	0.024999999999977263	epochs	-1.0
667.1339996719361	0.024999999999977263	epochs	1.0
667.158999671936	0.009999999999990905	epochs	-1.0
667.158999671936	0.009999999999990905	epochs	1.0
667.168999671936	0.024999999999977263	epochs	-1.0
667.168999671936	0.024999999999977263	epochs	1.0
667.193999671936	0.06000000000005912	epochs	-1.0
667.193999671936	0.024999999999977263	epochs	-1.0
667.193999671936	0.024999999999977263	epochs	1.0
667.218999671936	0.009999999999990905	epochs	-1.0
667.218999671936	0.009999999999990905	epochs	1.0
667.228999671936	0.02500000000009095	epochs	-1.0
667.228999671936	0.02500000000009095	epochs	1.0
667.2539996719361	0.024994999999989886	epochs	1.0
732.5650000572205	0.10000000000002274	epochs	0.0
732.5650000572205	0.04499999999995907	epochs	1.0
732.6100000572204	0.009999999999990905	epochs	1.0
732.6200000572204	0.04500000000007276	epochs	1.0
732.6650000572205	0.7049949999999399	epochs	0.0
732.6650000572205	0.5	epochs	-1.0
732.6650000572205	0.5	epochs	-1.0
732.6650000572205	0.5	epochs	1.0
733.1650000572205	0.05999999999994543	epochs	-1.0
733.1650000572205	0.024999999999977263	epochs	-1.0
733.1650000572205	0.024999999999977263	epochs	1.0
733.1900000572205	0.009999999999990905	epochs	-1.0
733.1900000572205	0.009999999999990905	epochs	1.0
733.2000000572204	0.024999999999977263	epochs	-1.0
733.2000000572204	0.024999999999977263	epochs	1.0
733.2250000572204	0.06000000000005912	epochs	-1.0
733.2250000572204	0.024999999999977263	epochs	-1.0
733.2250000572204	0.024999999999977263	epochs	1.0
733.2500000572204	0.010000000000104592	epochs	-1.0
733.2500000572204	0.010000000000104592	epochs	1.0
733.2600000572205	0.024999999999977263	epochs	-1.0
733.2600000572205	0.024999999999977263	epochs	1.0
733.2850000572205	0.05999999999994543	epochs	-1.0
733.2850000572205	0.024999999999977263	epochs	-1.0
733.2850000572205	0.024999999999977263	epochs	1.0
733.3100000572205	0.009999999999990905	epochs	-1.0
733.3100000572205	0.009999999999990905	epochs	1.0
733.3200000572205	0.024999999999977263	epochs	-1.0
733.3200000572205	0.024999999999977263	epochs	1.0
733.3450000572204	0.024994999999989886	epochs	1.0
778.3229999542236	0.17064000000004853	epochs	0.0
778.3229999542236	0.0803201999999601	epochs	1.0
778.4033201542236	0.009999600000014652	epochs	1.0
778.4133197542236	0.08032020000007378	epochs	1.0
778.4936399542237	5.999979999999937	epochs	0.0
778.4936399542237	0.5	epochs	1.0
778.4936484542236	0.5	epochs	-1.0
778.4936484542236	0.5	epochs	-1.0
778.9936399542237	5.0	epochs	1.0
783.9936399542237	0.4999799999999368	epochs	1.0
783.9936484542236	0.4999715000000151	epochs	-1.0
789.561999797821	0.17064000000004853	epochs	0.0
789.561999797821	0.0803201999999601	epochs	1.0
789.642319997821	0.009999600000014652	epochs	1.0
789.652319597821	0.08032020000007378	epochs	1.0
789.7326397978211	2.529239999999959	epochs	0.0
789.7326397978211	0.5	epochs	1.0
789.732648297821	0.5	epochs	-1.0
790.2326397978211	1.0	epochs	1.0
791.2326397978211	1.0292399999999589	epochs	1.0
791.732648297821	0.5	epochs	-1.0
792.261879797821	0.970739999999978	epochs	0.0
792.6459999084473	0.17064000000004853	epochs	0.0
792.6459999084473	0.0803201999999601	epochs	1.0
792.7263201084472	0.009999600000014652	epochs	1.0
792.7363197084472	0.08032020000007378	epochs	1.0
792.8166399084473	2.530239999999935	epochs	0.0
792.8166399084473	0.5	epochs	1.0
792.8166484084472	0.5	epochs	-1.0
793.3166399084473	1.0	epochs	1.0
794.3166399084473	1.0302399999999352	epochs	1.0
794.8166484084472	0.5	epochs	-1.0
795.3468799084472	0.9697400000000016	epochs	0.0
795.6619997024536	0.17064000000004853	epochs	0.0
795.6619997024536	0.0803201999999601	epochs	1.0
795.7423199024536	0.009999600000014652	epochs	1.0
795.7523195024536	0.08032020000007378	epochs	1.0
795.8326397024537	2.5493399999999156	epochs	0.0
795.8326397024537	0.5	epochs	1.0
795.8326482024536	0.5	epochs	-1.0
796.3326397024537	1.0	epochs	1.0
797.3326397024537	1.0493399999999156	epochs	1.0
797.8326482024536	0.5	epochs	-1.0
798.3819797024536	0.9506400000000212	epochs	0.0
798.695999622345	0.17064000000004853	epochs	0.0
798.695999622345	0.0803201999999601	epochs	1.0
798.7763198223449	0.009999600000014652	epochs	1.0
798.786319422345	0.08032020000007378	epochs	1.0
798.866639622345	2.530239999999935	epochs	0.0
798.866639622345	0.5	epochs	1.0
798.8666481223449	0.5	epochs	-1.0
799.366639622345	1.0	epochs	1.0
800.366639622345	1.0302399999999352	epochs	1.0
800.8666481223449	0.5	epochs	-1.0
801.396879622345	0.9697400000000016	epochs	0.0
801.7879996299744	0.17064000000004853	epochs	0.0
801.7879996299744	0.0803201999999601	epochs	1.0
801.8683198299743	0.009999600000014652	epochs	1.0
801.8783194299743	0.08032020000007378	epochs	1.0
801.9586396299744	3.049260000000004	epochs	0.0
801.9586396299744	0.5	epochs	1.0
801.9586481299743	0.5	epochs	-1.0
802.4586396299744	1.0	epochs	1.0
803.4586396299744	1.5492600000000039	epochs	1.0
803.9586481299743	0.5	epochs	-1.0
804.4586481299743	0.5	epochs	-1.0
805.0078996299744	0.45071999999993295	epochs	0.0
805.4049997329712	0.6499800000000278	epochs	0.0
805.4049997329712	0.049999999999954525	epochs	1.0
805.4549997329711	0.5	epochs	1.0
805.9549997329711	0.09998000000007323	epochs	1.0
806.4719996452332	0.6499800000000278	epochs	0.0
806.4719996452332	0.049999999999954525	epochs	1.0
806.5219996452331	0.5	epochs	1.0
807.0219996452331	0.09998000000007323	epochs	1.0
807.5549998283386	0.6499800000000278	epochs	0.0
807.5549998283386	0.049999999999954525	epochs	1.0
807.6049998283386	0.5	epochs	1.0
808.1049998283386	0.09998000000007323	epochs	1.0
808.5720000267029	0.6499800000000278	epochs	0.0
808.5720000267029	0.049999999999954525	epochs	1.0
808.6220000267028	0.5	epochs	1.0
809.1220000267028	0.09998000000007323	epochs	1.0
809.6570000648499	0.6499800000000278	epochs	0.0
809.6570000648499	0.049999999999954525	epochs	1.0
809.7070000648498	0.5	epochs	1.0
810.2070000648498	0.09998000000007323	epochs	1.0
810.7739996910095	0.6499800000000278	epochs	0.0
810.7739996910095	0.049999999999954525	epochs	1.0
810.8239996910095	0.5	epochs	1.0
811.3239996910095	0.09998000000007323	epochs	1.0
811.8899998664856	0.17064000000004853	epochs	0.0
811.8899998664856	0.0803201999999601	epochs	1.0
811.9703200664856	0.009999600000014652	epochs	1.0
811.9803196664856	0.08032020000007378	epochs	1.0
812.0606398664856	0.5302399999999352	epochs	0.0
812.0606398664856	0.5	epochs	1.0
812.0606483664856	0.5	epochs	-1.0
812.5606398664856	0.030239999999935208	epochs	1.0
812.5908798664856	4.969740000000002	epochs	0.0
816.9070000648499	0.17064000000004853	epochs	0.0
816.9070000648499	0.0803201999999601	epochs	1.0
816.9873202648498	0.009999600000014652	epochs	1.0
816.9973198648498	0.08032020000007378	epochs	1.0
817.0776400648499	5.499979999999937	epochs	0.0
817.0776400648499	0.5	epochs	1.0
817.0776485648498	0.5	epochs	-1.0
817.5776400648499	1.0	epochs	1.0
818.5776400648499	3.999979999999937	epochs	1.0
819.0776483648499	0.5	epochs	-1.0
819.5776483648499	0.5	epochs	-1.0
820.0776483648499	0.5	epochs	-1.0
820.5776483648499	0.5	epochs	-1.0
821.0776483648499	0.5	epochs	-1.0
821.5776483648499	0.5	epochs	-1.0
823.1209998130798	0.17064000000004853	epochs	0.0
823.1209998130798	0.0803201999999601	epochs	1.0
823.2013200130798	0.009999600000014652	epochs	1.0
823.2113196130798	0.08032020000007378	epochs	1.0
823.2916398130799	2.5493599999999788	epochs	0.0
823.2916398130799	0.5	epochs	1.0
823.2916483130798	0.5	epochs	-1.0
823.7916398130799	1.0	epochs	1.0
824.7916398130799	1.0493599999999788	epochs	1.0
825.2916481130799	0.5	epochs	-1.0
825.8409998130799	2.950619999999958	epochs	0.0
828.3709998130798	0.17064000000004853	epochs	0.0
828.3709998130798	0.0803201999999601	epochs	1.0
828.4513200130798	0.009999600000014652	epochs	1.0
828.4613196130798	0.08032020000007378	epochs	1.0
828.5416398130799	0.5292399999999589	epochs	0.0
828.5416398130799	0.5	epochs	1.0
828.5416483130798	0.5	epochs	-1.0
829.0416398130799	0.029239999999958854	epochs	1.0
829.0708798130798	4.970739999999978	epochs	0.0
833.4019999504089	0.17064000000004853	epochs	0.0
833.4019999504089	0.0803201999999601	epochs	1.0
833.4823201504089	0.009999600000014652	epochs	1.0
833.4923197504089	0.08032020000007378	epochs	1.0
833.572639950409	0.5292399999999589	epochs	0.0
833.572639950409	0.5	epochs	1.0
833.5726484504089	0.5	epochs	-1.0
834.072639950409	0.029239999999958854	epochs	1.0
834.1018799504089	4.970739999999978	epochs	0.0
838.8689999580383	0.17064000000004853	epochs	0.0
838.8689999580383	0.0803201999999601	epochs	1.0
838.9493201580383	0.009999600000014652	epochs	1.0
838.9593197580383	0.08032020000007378	epochs	1.0
839.0396399580384	2.5302599999999984	epochs	0.0
839.0396399580384	0.5	epochs	1.0
839.0396484580383	0.5	epochs	-1.0
839.5396399580384	1.0	epochs	1.0
840.5396399580384	1.0302599999999984	epochs	1.0
841.0396481580383	0.5	epochs	-1.0
841.5698999580384	2.9697199999999384	epochs	0.0
844.293999671936	0.17064000000004853	epochs	0.0
844.293999671936	0.0803201999999601	epochs	1.0
844.374319871936	0.009999600000014652	epochs	1.0
844.384319471936	0.08032020000007378	epochs	1.0
844.4646396719361	0.5302399999999352	epochs	0.0
844.4646396719361	0.5	epochs	1.0
844.464648171936	0.5	epochs	-1.0
844.9646396719361	0.030239999999935208	epochs	1.0
844.994879671936	4.969740000000002	epochs	0.0
849.3839998245239	0.17064000000004853	epochs	0.0
849.3839998245239	0.0803201999999601	epochs	1.0
849.4643200245239	0.009999600000014652	epochs	1.0
849.4743196245239	0.08032020000007378	epochs	1.0
849.554639824524	0.5292399999999589	epochs	0.0
849.554639824524	0.5	epochs	1.0
849.5546483245239	0.5	epochs	-1.0
850.054639824524	0.029239999999958854	epochs	1.0
850.0838798245239	4.970739999999978	epochs	0.0
869.3020000457764	0.17064000000004853	epochs	0.0
869.3020000457764	0.0803201999999601	epochs	1.0
869.3823202457763	0.009999600000014652	epochs	1.0
869.3923198457763	0.08032020000007378	epochs	1.0
869.4726400457764	2.530239999999935	epochs	0.0
869.4726400457764	0.5	epochs	1.0
869.4726485457763	0.5	epochs	-1.0
869.9726400457764	1.0	epochs	1.0
870.9726400457764	1.0302399999999352	epochs	1.0
871.4726483457764	0.5	epochs	-1.0
872.0028800457764	2.9697400000000016	epochs	0.0
874.3059997558594	0.17064000000004853	epochs	0.0
874.3059997558594	0.0803201999999601	epochs	1.0
874.3863199558593	0.009999600000014652	epochs	1.0
874.3963195558593	0.08032020000007378	epochs	1.0
874.4766397558594	0.5292399999999589	epochs	0.0
874.4766397558594	0.5	epochs	1.0
874.4766482558593	0.5	epochs	-1.0
874.9766397558594	0.029239999999958854	epochs	1.0
875.0058797558594	4.970739999999978	epochs	0.0
900.780999660492	0.15297999999995682	epochs	0.0
900.780999660492	0.049999999999954525	epochs	1.0
900.8309996604919	0.0030000000000427463	epochs	1.0
900.8339996604919	0.09997999999995955	epochs	1.0
901.5149998664856	0.15297999999995682	epochs	0.0
901.5149998664856	0.049999999999954525	epochs	1.0
901.5649998664856	0.0030000000000427463	epochs	1.0
901.5679998664856	0.09997999999995955	epochs	1.0
902.1979999542236	0.15297999999995682	epochs	0.0
902.1979999542236	0.049999999999954525	epochs	1.0
902.2479999542236	0.0030000000000427463	epochs	1.0
902.2509999542236	0.09997999999995955	epochs	1.0
906.1479997634888	0.15297999999995682	epochs	0.0
906.1479997634888	0.049999999999954525	epochs	1.0
906.1979997634887	0.0030000000000427463	epochs	1.0
906.2009997634888	0.09997999999995955	epochs	1.0
906.8649997711182	0.15297999999995682	epochs	0.0
906.8649997711182	0.049999999999954525	epochs	1.0
906.9149997711181	0.0030000000000427463	epochs	1.0
906.9179997711182	0.09997999999995955	epochs	1.0
907.5650000572205	0.15297999999995682	epochs	0.0
907.5650000572205	0.049999999999954525	epochs	1.0
907.6150000572204	0.0030000000000427463	epochs	1.0
907.6180000572205	0.09997999999995955	epochs	1.0
908.280999660492	0.15297999999995682	epochs	0.0
908.280999660492	0.049999999999954525	epochs	1.0
908.3309996604919	0.0030000000000427463	epochs	1.0
908.3339996604919	0.09997999999995955	epochs	1.0
909.0650000572205	0.17064000000004853	epochs	0.0
909.0650000572205	0.0803201999999601	epochs	1.0
909.1453202572204	0.009999600000014652	epochs	1.0
909.1553198572204	0.08032020000007378	epochs	1.0
909.2356400572205	1.6029800000000023	epochs	0.0
909.2356400572205	0.5	epochs	1.0
909.2356485572204	0.5	epochs	-1.0
909.7356400572205	0.0029999999999290594	epochs	1.0
909.7386400572204	1.0999800000000732	epochs	1.0
910.2386485572205	0.5	epochs	-1.0
911.3889999389648	0.17064000000004853	epochs	0.0
911.3889999389648	0.0803201999999601	epochs	1.0
911.4693201389648	0.009999600000014652	epochs	1.0
911.4793197389648	0.08032020000007378	epochs	1.0
911.5596399389649	0.5292399999999589	epochs	0.0
911.5596399389649	0.5	epochs	1.0
911.5596484389648	0.5	epochs	-1.0
912.0596399389649	0.0029999999999290594	epochs	1.0
912.0626399389648	0.026240000000029795	epochs	1.0
912.0888799389649	1.0737400000000434	epochs	0.0
924.9109997749329	0.17064000000004853	epochs	0.0
924.9109997749329	0.0803201999999601	epochs	1.0
924.9913199749328	0.009999600000014652	epochs	1.0
925.0013195749328	0.08032020000007378	epochs	1.0
925.0816397749329	1.6029800000000023	epochs	0.0
925.0816397749329	0.5	epochs	1.0
925.0816482749328	0.5	epochs	-1.0
925.5816397749329	0.0029999999999290594	epochs	1.0
925.5846397749328	1.0999800000000732	epochs	1.0
926.0846482749329	0.5	epochs	-1.0
927.3109998703003	0.17064000000004853	epochs	0.0
927.3109998703003	0.0803201999999601	epochs	1.0
927.3913200703003	0.009999600000014652	epochs	1.0
927.4013196703003	0.08032020000007378	epochs	1.0
927.4816398703003	0.5292399999999589	epochs	0.0
927.4816398703003	0.5	epochs	1.0
927.4816483703003	0.5	epochs	-1.0
927.9816398703003	0.0029999999999290594	epochs	1.0
927.9846398703003	0.026240000000029795	epochs	1.0
928.0108798703003	1.0737400000000434	epochs	0.0
929.8079996109009	0.17064000000004853	epochs	0.0
929.8079996109009	0.0803201999999601	epochs	1.0
929.8883198109008	0.009999600000014652	epochs	1.0
929.8983194109009	0.08032020000007378	epochs	1.0
929.9786396109009	1.5302399999999352	epochs	0.0
929.9786396109009	0.5	epochs	1.0
929.9786481109008	0.5	epochs	-1.0
930.4786396109009	0.0029999999999290594	epochs	1.0
930.4816396109009	1.0272400000000061	epochs	1.0
930.9816481109009	0.5	epochs	-1.0
931.5088796109009	0.07274000000006708	epochs	0.0
932.0910000801086	0.17064000000004853	epochs	0.0
932.0910000801086	0.0803201999999601	epochs	1.0
932.1713202801086	0.009999600000014652	epochs	1.0
932.1813198801086	0.08032020000007378	epochs	1.0
932.2616400801087	0.5292399999999589	epochs	0.0
932.2616400801087	0.5	epochs	1.0
932.2616485801086	0.5	epochs	-1.0
932.7616400801087	0.0029999999999290594	epochs	1.0
932.7646400801086	0.026240000000029795	epochs	1.0
932.7908800801086	1.0737400000000434	epochs	0.0
934.2079997062683	0.17064000000004853	epochs	0.0
934.2079997062683	0.0803201999999601	epochs	1.0
934.2883199062683	0.009999600000014652	epochs	1.0
934.2983195062683	0.08032020000007378	epochs	1.0
934.3786397062684	1.6029800000000023	epochs	0.0
934.3786397062684	0.5	epochs	1.0
934.3786482062683	0.5	epochs	-1.0
934.8786397062684	0.0029999999999290594	epochs	1.0
934.8816397062683	1.0999800000000732	epochs	1.0
935.3816482062683	0.5	epochs	-1.0
936.6409997940063	0.17064000000004853	epochs	0.0
936.6409997940063	0.0803201999999601	epochs	1.0
936.7213199940063	0.009999600000014652	epochs	1.0
936.7313195940063	0.08032020000007378	epochs	1.0
936.8116397940064	0.5302399999999352	epochs	0.0
936.8116397940064	0.5	epochs	1.0
936.8116482940063	0.5	epochs	-1.0
937.3116397940064	0.0029999999999290594	epochs	1.0
937.3146397940063	0.027240000000006148	epochs	1.0
937.3418797940063	1.072740000000067	epochs	0.0
949.8009996414185	0.17064000000004853	epochs	0.0
949.8009996414185	0.0803201999999601	epochs	1.0
949.8813198414184	0.009999600000014652	epochs	1.0
949.8913194414184	0.08032020000007378	epochs	1.0
949.9716396414185	1.5292399999999589	epochs	0.0
949.9716396414185	0.5	epochs	1.0
949.9716481414184	0.5	epochs	-1.0
950.4716396414185	0.0029999999999290594	epochs	1.0
950.4746396414184	1.0262400000000298	epochs	1.0
950.9746481414185	0.5	epochs	-1.0
951.5008796414185	0.07374000000004344	epochs	0.0
952.1009998321533	0.17064000000004853	epochs	0.0
952.1009998321533	0.0803201999999601	epochs	1.0
952.1813200321533	0.009999600000014652	epochs	1.0
952.1913196321533	0.08032020000007378	epochs	1.0
952.2716398321534	1.5302399999999352	epochs	0.0
952.2716398321534	0.5	epochs	1.0
952.2716483321533	0.5	epochs	-1.0
952.7716398321534	0.0029999999999290594	epochs	1.0
952.7746398321533	1.0272400000000061	epochs	1.0
953.2746483321533	0.5	epochs	-1.0
953.8018798321533	0.07274000000006708	epochs	0.0
954.5339999198914	0.17064000000004853	epochs	0.0
954.5339999198914	0.0803201999999601	epochs	1.0
954.6143201198913	0.009999600000014652	epochs	1.0
954.6243197198913	0.08032020000007378	epochs	1.0
954.7046399198914	3.168139999999994	epochs	0.0
954.7046399198914	0.5	epochs	1.0
954.7046484198913	0.5	epochs	-1.0
955.2046399198914	2.668139999999994	epochs	1.0
956.8738999198913	0.9988800000000992	epochs	-1.0
956.8738999198913	0.03890000000001237	epochs	-1.0
957.3713883198914	0.5	epochs	-1.0
957.8727799198914	16.331839999999943	epochs	0.0
958.6679997444153	0.17064000000004853	epochs	0.0
958.6679997444153	0.0803201999999601	epochs	1.0
958.7483199444152	0.009999600000014652	epochs	1.0
958.7583195444153	0.08032020000007378	epochs	1.0
958.8386397444153	3.1291400000000067	epochs	0.0
958.8386397444153	0.5	epochs	1.0
958.8386482444153	0.5	epochs	-1.0
959.3386397444153	2.6291400000000067	epochs	1.0
960.9678997444153	0.9998800000000756	epochs	-1.0
960.9678997444153	0.039920000000051914	epochs	-1.0
961.4653881444153	0.5	epochs	-1.0
961.9677797444153	16.37083999999993	epochs	0.0
962.6889996528625	0.17064000000004853	epochs	0.0
962.6889996528625	0.0803201999999601	epochs	1.0
962.7693198528625	0.009999600000014652	epochs	1.0
962.7793194528625	0.08032020000007378	epochs	1.0
962.8596396528626	3.189139999999952	epochs	0.0
962.8596396528626	0.5	epochs	1.0
962.8596481528625	0.5	epochs	-1.0
963.3596396528626	2.689139999999952	epochs	1.0
965.0488996528626	0.9998799999999619	epochs	-1.0
965.0488996528626	0.03989999999998872	epochs	-1.0
965.5463880528625	0.5	epochs	-1.0
966.0487796528625	16.310839999999985	epochs	0.0
978.2300000190735	0.6499800000000278	epochs	0.0
978.2300000190735	0.049999999999954525	epochs	1.0
978.2800000190734	0.5	epochs	1.0
978.7800000190734	0.09998000000007323	epochs	1.0
979.646999835968	0.6499800000000278	epochs	0.0
979.646999835968	0.049999999999954525	epochs	1.0
979.696999835968	0.5	epochs	1.0
980.196999835968	0.09998000000007323	epochs	1.0
981.0049996376038	0.6499800000000278	epochs	0.0
981.0049996376038	0.049999999999954525	epochs	1.0
981.0549996376037	0.5	epochs	1.0
981.5549996376037	0.09998000000007323	epochs	1.0
982.454999923706	0.6499800000000278	epochs	0.0
982.454999923706	0.049999999999954525	epochs	1.0
982.504999923706	0.5	epochs	1.0
983.004999923706	0.09998000000007323	epochs	1.0
983.8719997406006	0.6499800000000278	epochs	0.0
983.8719997406006	0.049999999999954525	epochs	1.0
983.9219997406005	0.5	epochs	1.0
984.4219997406005	0.09998000000007323	epochs	1.0
985.3550000190735	0.6499800000000278	epochs	0.0
985.3550000190735	0.049999999999954525	epochs	1.0
985.4050000190734	0.5	epochs	1.0
985.9050000190734	0.09998000000007323	epochs	1.0
986.8220000267029	0.17064000000004853	epochs	0.0
986.8220000267029	0.0803201999999601	epochs	1.0
986.9023202267028	0.009999600000014652	epochs	1.0
986.9123198267029	0.08032020000007378	epochs	1.0
986.9926400267029	2.5292599999999084	epochs	0.0
986.9926400267029	0.5	epochs	1.0
986.9926485267029	0.5	epochs	-1.0
987.4926400267029	1.0	epochs	1.0
988.4926400267029	1.0292599999999084	epochs	1.0
988.9926483267029	0.5	epochs	-1.0
989.5219000267028	2.9707200000000284	epochs	0.0
992.045000076294	0.17064000000004853	epochs	0.0
992.045000076294	0.0803201999999601	epochs	1.0
992.1253202762939	0.009999600000014652	epochs	1.0
992.1353198762939	0.08032020000007378	epochs	1.0
992.215640076294	2.530239999999935	epochs	0.0
992.215640076294	0.5	epochs	1.0
992.2156485762939	0.5	epochs	-1.0
992.715640076294	1.0	epochs	1.0
993.715640076294	1.0302399999999352	epochs	1.0
994.2156482762939	0.5	epochs	-1.0
994.7458800762939	2.9697400000000016	epochs	0.0
997.0279998779297	0.17064000000004853	epochs	0.0
997.0279998779297	0.0803201999999601	epochs	1.0
997.1083200779296	0.009999600000014652	epochs	1.0
997.1183196779297	0.08032020000007378	epochs	1.0
997.1986398779297	2.529239999999959	epochs	0.0
997.1986398779297	0.5	epochs	1.0
997.1986483779297	0.5	epochs	-1.0
997.6986398779297	1.0	epochs	1.0
998.6986398779297	1.0292399999999589	epochs	1.0
999.1986480779296	0.5	epochs	-1.0
999.7278798779297	2.970739999999978	epochs	0.0
1002.146999835968	0.17064000000004853	epochs	0.0
1002.146999835968	0.0803201999999601	epochs	1.0
1002.227320035968	0.009999600000014652	epochs	1.0
1002.237319635968	0.08032020000007378	epochs	1.0
1002.3176398359681	2.5292599999999084	epochs	0.0
1002.3176398359681	0.5	epochs	1.0
1002.317648335968	0.5	epochs	-1.0
1002.8176398359681	1.0	epochs	1.0
1003.8176398359681	1.0292599999999084	epochs	1.0
1004.317648135968	0.5	epochs	-1.0
1004.846899835968	2.9707200000000284	epochs	0.0
1007.4800000190735	0.17064000000004853	epochs	0.0
1007.4800000190735	0.0803201999999601	epochs	1.0
1007.5603202190734	0.009999600000014652	epochs	1.0
1007.5703198190735	0.08032020000007378	epochs	1.0
1007.6506400190735	2.529239999999959	epochs	0.0
1007.6506400190735	0.5	epochs	1.0
1007.6506485190735	0.5	epochs	-1.0
1008.1506400190735	1.0	epochs	1.0
1009.1506400190735	1.0292399999999589	epochs	1.0
1009.6506483190735	0.5	epochs	-1.0
1010.1798800190735	2.970739999999978	epochs	0.0
1012.4759998321533	0.17064000000004853	epochs	0.0
1012.4759998321533	0.0803201999999601	epochs	1.0
1012.5563200321533	0.009999600000014652	epochs	1.0
1012.5663196321533	0.08032020000007378	epochs	1.0
1012.6466398321534	2.529239999999959	epochs	0.0
1012.6466398321534	0.5	epochs	1.0
1012.6466483321533	0.5	epochs	-1.0
1013.1466398321534	1.0	epochs	1.0
1014.1466398321534	1.0292399999999589	epochs	1.0
1014.6466483321533	0.5	epochs	-1.0
1015.1758798321533	3.970739999999978	epochs	0.0
1016.0929999351501	0.17064000000004853	epochs	0.0
1016.0929999351501	0.0803201999999601	epochs	1.0
1016.1733201351501	0.009999600000014652	epochs	1.0
1016.1833197351501	0.08032020000007378	epochs	1.0
1016.2636399351502	0.5292399999999589	epochs	0.0
1016.2636399351502	0.5	epochs	1.0
1016.2636484351501	0.5	epochs	-1.0
1016.7636399351502	0.029239999999958854	epochs	1.0
1016.7928799351502	5.970739999999978	epochs	0.0
1017.6599998474121	0.17064000000004853	epochs	0.0
1017.6599998474121	0.0803201999999601	epochs	1.0
1017.7403200474121	0.009999600000014652	epochs	1.0
1017.7503196474121	0.08032020000007378	epochs	1.0
1017.8306398474122	2.529239999999959	epochs	0.0
1017.8306398474122	0.5	epochs	1.0
1017.8306483474121	0.5	epochs	-1.0
1018.3306398474122	1.0	epochs	1.0
1019.3306398474122	1.0292399999999589	epochs	1.0
1019.8306483474121	0.5	epochs	-1.0
1020.3598798474121	3.9707400000000916	epochs	0.0
1021.2109999656677	0.17064000000004853	epochs	0.0
1021.2109999656677	0.0803201999999601	epochs	1.0
1021.2913201656677	0.009999600000014652	epochs	1.0
1021.3013197656677	0.08032020000007378	epochs	1.0
1021.3816399656678	2.530239999999935	epochs	0.0
1021.3816399656678	0.5	epochs	1.0
1021.3816484656677	0.5	epochs	-1.0
1021.8816399656678	1.0	epochs	1.0
1022.8816399656678	1.0302399999999352	epochs	1.0
1023.3816484656677	0.5	epochs	-1.0
1023.9118799656677	3.9697400000001153	epochs	0.0
1024.793999671936	0.17064000000004853	epochs	0.0
1024.793999671936	0.0803201999999601	epochs	1.0
1024.874319871936	0.00999960000012834	epochs	1.0
1024.8843194719361	0.0803201999999601	epochs	1.0
1024.964639671936	2.5492400000000544	epochs	0.0
1024.964639671936	0.5	epochs	1.0
1024.964648171936	0.5	epochs	-1.0
1025.464639671936	1.0	epochs	1.0
1026.464639671936	1.0492400000000544	epochs	1.0
1026.964648171936	0.5	epochs	-1.0
1027.5138796719361	3.950739999999996	epochs	0.0
1028.3779997825623	0.17064000000004853	epochs	0.0
1028.3779997825623	0.0803201999999601	epochs	1.0
1028.4583199825622	0.00999960000012834	epochs	1.0
1028.4683195825623	0.0803201999999601	epochs	1.0
1028.5486397825623	0.5292399999998452	epochs	0.0
1028.5486397825623	0.5	epochs	1.0
1028.5486482825622	0.5	epochs	-1.0
1029.0486397825623	0.029239999999845168	epochs	1.0
1029.0778797825621	5.970740000000205	epochs	0.0
1029.9609999656677	0.17064000000004853	epochs	0.0
1029.9609999656677	0.0803201999999601	epochs	1.0
1030.0413201656677	0.00999960000012834	epochs	1.0
1030.0513197656678	0.0803201999999601	epochs	1.0
1030.1316399656678	2.5302599999999984	epochs	0.0
1030.1316399656678	0.5	epochs	1.0
1030.1316484656677	0.5	epochs	-1.0
1030.6316399656678	1.0	epochs	1.0
1031.6316399656678	1.0302599999999984	epochs	1.0
1032.1316484656677	0.5	epochs	-1.0
1032.6618999656678	3.969720000000052	epochs	0.0
1033.5789999961853	0.17064000000004853	epochs	0.0
1033.5789999961853	0.0803201999999601	epochs	1.0
1033.6593201961853	0.00999960000012834	epochs	1.0
1033.6693197961854	0.0803201999999601	epochs	1.0
1033.7496399961854	2.529239999999845	epochs	0.0
1033.7496399961854	0.5	epochs	1.0
1033.7496484961853	0.5	epochs	-1.0
1034.2496399961854	1.0	epochs	1.0
1035.2496399961854	1.0292399999998452	epochs	1.0
1035.7496484961853	0.5	epochs	-1.0
1036.2788799961852	3.9707400000002053	epochs	0.0
1050.7679996490479	0.17064000000004853	epochs	0.0
1050.7679996490479	0.0803201999999601	epochs	1.0
1050.8483198490478	0.00999960000012834	epochs	1.0
1050.858319449048	0.0803201999999601	epochs	1.0
1050.938639649048	2.0	epochs	0.0
1052.938639649048	2.1490400000000136	epochs	0.0
1052.938639649048	1.0	epochs	1.0
1052.9386481490478	0.5	epochs	-1.0
1053.4386481490478	1.649031500000092	epochs	-1.0
1053.938639649048	1.1490400000000136	epochs	-1.0
1053.938639649048	1.1490400000000136	epochs	1.0
1053.938639649048	1.1490400000000136	epochs	2.0
1053.938639649048	1.0985622000000603	epochs	3.0
1055.037201849048	0.05047779999995328	epochs	3.0
1055.087679649048	19.85087999999996	epochs	0.0
1056.4679999351501	0.17064000000004853	epochs	0.0
1056.4679999351501	0.0803201999999601	epochs	1.0
1056.54832013515	0.00999960000012834	epochs	1.0
1056.5583197351502	0.0803201999999601	epochs	1.0
1056.6386399351502	2.0	epochs	0.0
1058.6386399351502	5.4099999999998545	epochs	0.0
1058.6386399351502	1.0	epochs	1.0
1058.6386484351501	0.5	epochs	-1.0
1059.1386484351501	4.909991499999933	epochs	-1.0
1059.6386399351502	4.4099999999998545	epochs	1.0
1059.6386399351502	4.356753900000058	epochs	-1.0
1059.6386399351502	1.9745871999998599	epochs	2.0
1059.6386399351502	1.0985622000000603	epochs	3.0
1060.7372021351503	0.8760249999997995	epochs	3.0
1061.61322713515	1.3524075000000266	epochs	2.0
1061.61322713515	0.7286355000001095	epochs	3.0
1062.3418626351502	0.6237719999999172	epochs	3.0
1062.96563463515	1.0297592000001714	epochs	2.0
1062.96563463515	0.5453293000000485	epochs	3.0
1063.5109639351501	0.48442990000012287	epochs	3.0
1063.9953938351503	0.05324609999979657	epochs	2.0
1063.9953938351503	0.05324609999979657	epochs	3.0
1064.04863993515	16.58992000000012	epochs	0.0
1065.0099997520447	0.17064000000004853	epochs	0.0
1065.0099997520447	0.0803201999999601	epochs	1.0
1065.0903199520446	0.00999960000012834	epochs	1.0
1065.1003195520448	0.0803201999999601	epochs	1.0
1065.1806397520447	2.0	epochs	0.0
1067.1806397520447	21.529039999999895	epochs	0.0
1067.1806397520447	1.0	epochs	1.0
1067.1806482520446	0.5	epochs	-1.0
1067.6806482520446	19.99720000000002	epochs	-1.0
1068.1806397520447	20.0	epochs	1.0
1068.1806397520447	4.356753900000058	epochs	-1.0
1068.1806397520447	1.9745871999998599	epochs	2.0
1068.1806397520447	1.0985622000000603	epochs	3.0
1069.2792019520448	0.8760249999997995	epochs	3.0
1070.1552269520446	1.3524075000000266	epochs	2.0
1070.1552269520446	0.7286355000001095	epochs	3.0
1070.8838624520447	0.6237719999999172	epochs	3.0
1071.5076344520446	1.0297592000001714	epochs	2.0
1071.5076344520446	0.5453293000000485	epochs	3.0
1072.0529637520447	0.48442990000012287	epochs	3.0
1072.5373936520448	0.8317861999998968	epochs	2.0
1072.5373936520448	0.4357762999998158	epochs	3.0
1072.9731699520446	0.39600990000008096	epochs	3.0
1073.3691798520447	0.6977970000000369	epochs	2.0
1073.3691798520447	0.3628982000000178	epochs	3.0
1073.7320780520447	0.33489880000001904	epochs	3.0
1074.0669768520447	0.601045699999986	epochs	2.0
1074.0669768520447	0.3109122999999272	epochs	3.0
1074.3778891520446	0.2901334000000588	epochs	3.0
1074.6680225520447	0.5278859000000011	epochs	2.0
1074.6680225520447	0.2719586000000618	epochs	3.0
1074.9399811520448	0.25592729999993935	epochs	3.0
1075.1959084520447	0.470619299999953	epochs	2.0
1075.1959084520447	0.241681299999982	epochs	3.0
1075.4375897520447	0.228937999999971	epochs	3.0
1075.6665277520447	0.42457039999999324	epochs	2.0
1075.6665277520447	0.21747140000002219	epochs	3.0
1075.8839991520447	0.20709899999997106	epochs	3.0
1076.0910981520447	0.3867354000001342	epochs	2.0
1076.0910981520447	0.19767109999997956	epochs	3.0
1076.2887692520446	0.18906430000015462	epochs	3.0
1076.4778335520448	0.35509529999990264	epochs	2.0
1076.4778335520448	0.18117589999997108	epochs	3.0
1076.6590094520448	0.17391939999993156	epochs	3.0
1076.8329288520447	0.3282431000000088	epochs	2.0
1076.8329288520447	0.16722189999995862	epochs	3.0
1077.0001507520446	0.16102120000005016	epochs	3.0
1077.1611719520447	0.3051679999998669	epochs	2.0
1077.1611719520447	0.15526389999990897	epochs	3.0
1077.3164358520446	0.1499040999999579	epochs	3.0
1077.4663399520446	0.28512530000011793	epochs	2.0
1077.4663399520446	0.1449021000000812	epochs	3.0
1077.6112420520446	0.14022320000003674	epochs	3.0
1077.7514652520447	0.267553800000087	epochs	2.0
1077.7514652520447	0.1358368999999584	epochs	3.0
1077.8873021520446	0.1317169000001286	epochs	3.0
1078.0190190520448	0.252022899999929	epochs	2.0
1078.0190190520448	0.1278393000000051	epochs	3.0
1078.1468583520448	0.1241835999999239	epochs	3.0
1078.2710419520447	0.23819649999995818	epochs	2.0
1078.2710419520447	0.12073110000005727	epochs	3.0
1078.3917730520448	0.11746539999990091	epochs	3.0
1078.5092384520447	0.2258088000000953	epochs	2.0
1078.5092384520447	0.1143718999999237	epochs	3.0
1078.6236103520446	0.11143690000017159	epochs	3.0
1078.7350472520448	0.21464599999990241	epochs	2.0
1078.7350472520448	0.10864889999993466	epochs	3.0
1078.8436961520447	0.10599709999996776	epochs	3.0
1078.9496932520447	0.20453500000007807	epochs	2.0
1078.9496932520447	0.10347150000006877	epochs	3.0
1079.0531647520447	0.1010635000000093	epochs	3.0
1079.1542282520447	0.19533400000000256	epochs	2.0
1079.1542282520447	0.09876510000003691	epochs	3.0
1079.2529933520448	0.09656889999996565	epochs	3.0
1079.3495622520447	0.18692529999998442	epochs	2.0
1079.3495622520447	0.09446830000001682	epochs	3.0
1079.4440305520448	0.09245699999996759	epochs	3.0
1079.5364875520447	0.17921069999988504	epochs	2.0
1079.5364875520447	0.09052959999985433	epochs	3.0
1079.6270171520446	0.08868110000003071	epochs	3.0
1079.7156982520446	0.17210769999996955	epochs	2.0
1079.7156982520446	0.08690630000000965	epochs	3.0
1079.8026045520446	0.0852013999999599	epochs	3.0
1079.8878059520446	0.16554640000003928	epochs	2.0
1079.8878059520446	0.08356190000017705	epochs	3.0
1079.9713678520448	0.08198449999986224	epochs	3.0
1080.0533523520446	0.15946710000002895	epochs	2.0
1080.0533523520446	0.08046540000009372	epochs	3.0
1080.1338177520447	0.07900169999993523	epochs	3.0
1080.2128194520446	0.15381840000009106	epochs	2.0
1080.2128194520446	0.07759009999995214	epochs	3.0
1080.2904095520446	0.07622830000013892	epochs	3.0
1080.3666378520447	0.14855639999996129	epochs	2.0
1080.3666378520447	0.07491329999993468	epochs	3.0
1080.4415511520447	0.0736431000000266	epochs	3.0
1080.5151942520447	0.14364240000008976	epochs	2.0
1080.5151942520447	0.07241500000009182	epochs	3.0
1080.5876092520448	0.07122739999999794	epochs	3.0
1080.6588366520448	0.13904309999998077	epochs	2.0
1080.6588366520448	0.07007799999996678	epochs	3.0
1080.7289146520448	0.06896510000001399	epochs	3.0
1080.7978797520448	0.13472929999988992	epochs	2.0
1080.7978797520448	0.0678871000000072	epochs	3.0
1080.8657668520448	0.06684219999988272	epochs	3.0
1080.9326090520447	0.1306752000000415	epochs	2.0
1080.9326090520447	0.06582909999997355	epochs	3.0
1080.9984381520446	0.06484610000006796	epochs	3.0
1081.0632842520447	0.1268577999999252	epochs	2.0
1081.0632842520447	0.06389199999989614	epochs	3.0
1081.1271762520446	0.06296580000002905	epochs	3.0
1081.1901420520446	0.12325720000012552	epochs	2.0
1081.1901420520446	0.06206580000002759	epochs	3.0
1081.2522078520446	0.06119140000009793	epochs	3.0
1081.3133992520447	0.11985540000000583	epochs	2.0
1081.3133992520447	0.060341099999959624	epochs	3.0
1081.3737403520447	0.059514300000046205	epochs	3.0
1081.4332546520448	0.1166361999999026	epochs	2.0
1081.4332546520448	0.058709599999929196	epochs	3.0
1081.4919642520447	0.057926599999973405	epochs	3.0
1081.5498908520447	0.11358560000007856	epochs	2.0
1081.5498908520447	0.05716419999998834	epochs	3.0
1081.6070550520446	0.056421400000090216	epochs	3.0
1081.6634764520447	0.11069049999991876	epochs	2.0
1081.6634764520447	0.055697900000041045	epochs	3.0
1081.7191743520448	0.05499259999987771	epochs	3.0
1081.7741669520447	0.1079391000000669	epochs	2.0
1081.7741669520447	0.05430490000003374	epochs	3.0
1081.8284718520447	0.05363420000003316	epochs	3.0
1081.8821060520447	0.10532149999994544	epochs	2.0
1081.8821060520447	0.05297999999993408	epochs	3.0
1081.9350860520447	0.052341500000011365	epochs	3.0
1081.9874275520447	0.10282759999995505	epochs	2.0
1081.9874275520447	0.05171810000001642	epochs	3.0
1082.0391456520447	0.051109499999938635	epochs	3.0
1082.0902551520446	0.10044910000010532	epochs	2.0
1082.0902551520446	0.050514900000052876	epochs	3.0
1082.1407700520447	0.04993420000005244	epochs	3.0
1082.1907042520447	0.0981782999999723	epochs	2.0
1082.1907042520447	0.04936659999998483	epochs	3.0
1082.2400708520447	0.04881169999998747	epochs	3.0
1082.2888825520447	0.09600780000005216	epochs	2.0
1082.2888825520447	0.04826920000004975	epochs	3.0
1082.3371517520447	0.04773860000000241	epochs	3.0
1082.3848903520447	0.09393120000004274	epochs	2.0
1082.3848903520447	0.04721949999998287	epochs	3.0
1082.4321098520447	0.046711700000059864	epochs	3.0
1082.4788215520448	0.09194259999981114	epochs	2.0
1082.4788215520448	0.046214599999984785	epochs	3.0
1082.5250361520448	0.04572799999982635	epochs	3.0
1082.5707641520446	0.09003630000006524	epochs	2.0
1082.5707641520446	0.04525150000017675	epochs	3.0
1082.6160156520448	0.04478479999988849	epochs	3.0
1082.6608004520447	0.08820760000003247	epochs	2.0
1082.6608004520447	0.044327800000019124	epochs	3.0
1082.7051282520447	0.04387980000001335	epochs	3.0
1082.7490080520447	0.0864516999999978	epochs	2.0
1082.7490080520447	0.04344100000002982	epochs	3.0
1082.7924490520447	0.04301069999996798	epochs	3.0
1082.8354597520447	0.08476429999996071	epochs	2.0
1082.8354597520447	0.04258899999990717	epochs	3.0
1082.8780487520446	0.04217530000005354	epochs	3.0
1082.9202240520447	0.08314150000001064	epochs	2.0
1082.9202240520447	0.04176970000003166	epochs	3.0
1082.9619937520447	0.041371799999978975	epochs	3.0
1083.0033655520447	0.08157970000002024	epochs	2.0
1083.0033655520447	0.040981399999964196	epochs	3.0
1083.0443469520446	0.04059830000005604	epochs	3.0
1083.0849452520447	0.08007550000002084	epochs	2.0
1083.0849452520447	0.040222300000095856	epochs	3.0
1083.1251675520448	0.03985319999992498	epochs	3.0
1083.1650207520447	0.07862569999997504	epochs	2.0
1083.1650207520447	0.039490800000066884	epochs	3.0
1083.2045115520448	0.03913489999990816	epochs	3.0
1083.2436464520447	0.07722760000001472	epochs	2.0
1083.2436464520447	0.038785400000051595	epochs	3.0
1083.2824318520447	0.03844219999996312	epochs	3.0
1083.3208740520447	0.07587820000003376	epochs	2.0
1083.3208740520447	0.03810479999992822	epochs	3.0
1083.3589788520446	0.03777340000010554	epochs	3.0
1083.3967522520447	0.0745752000000266	epochs	2.0
1083.3967522520447	0.03744770000002973	epochs	3.0
1083.4341999520448	0.03712749999999687	epochs	3.0
1083.4713274520448	0.07331629999998768	epochs	2.0
1083.4713274520448	0.03681289999985893	epochs	3.0
1083.5081403520446	0.03650340000012875	epochs	3.0
1083.5446437520447	0.07209899999998015	epochs	2.0
1083.5446437520447	0.03619909999997617	epochs	3.0
1083.5808428520447	0.03589990000000398	epochs	3.0
1083.6167427520447	0.07092169999987163	epochs	2.0
1083.6167427520447	0.03560560000005353	epochs	3.0
1083.6523483520448	0.03531609999981811	epochs	3.0
1083.6876644520446	0.06978200000003199	epochs	2.0
1083.6876644520446	0.03503120000004856	epochs	3.0
1083.7226956520446	0.03475079999998343	epochs	3.0
1083.7574464520446	0.06867860000011206	epochs	2.0
1083.7574464520446	0.03447510000000875	epochs	3.0
1083.7919215520446	0.034203500000103304	epochs	3.0
1083.8261250520447	0.06760929999995824	epochs	2.0
1083.8261250520447	0.033936199999970995	epochs	3.0
1083.8600612520447	0.033673099999987244	epochs	3.0
1083.8937343520447	0.06657289999998284	epochs	2.0
1083.8937343520447	0.03341399999999339	epochs	3.0
1083.9271483520447	0.033158899999989444	epochs	3.0
1083.9603072520447	0.06556780000005347	epochs	2.0
1083.9603072520447	0.03290769999989607	epochs	3.0
1083.9932149520446	0.0326601000001574	epochs	3.0
1084.0258750520447	0.06459259999996902	epochs	2.0
1084.0258750520447	0.03241639999987456	epochs	3.0
1084.0582914520446	0.03217620000009447	epochs	3.0
1084.0904676520447	0.06364600000006249	epochs	2.0
1084.0904676520447	0.03193959999998697	epochs	3.0
1084.1224072520447	0.03170640000007552	epochs	3.0
1084.1541136520448	0.0627266999999847	epochs	2.0
1084.1541136520448	0.031476599999905375	epochs	3.0
1084.1855902520447	0.03125010000007933	epochs	3.0
1084.2168403520448	0.06183359999999993	epochs	2.0
1084.2168403520448	0.03102689999991526	epochs	3.0
1084.2478672520447	0.030806700000084675	epochs	3.0
1084.2786739520448	0.060965599999917686	epochs	2.0
1084.2786739520448	0.030589799999916067	epochs	3.0
1084.3092637520447	0.030375800000001618	epochs	3.0
1084.3396395520447	0.06012160000000222	epochs	2.0
1084.3396395520447	0.030164900000045236	epochs	3.0
1084.3698044520447	0.02995669999995698	epochs	3.0
1084.3997611520447	0.05930069999999432	epochs	2.0
1084.3997611520447	0.029751600000054168	epochs	3.0
1084.4295127520447	0.029549099999940154	epochs	3.0
1084.4590618520447	0.05850179999993088	epochs	2.0
1084.4590618520447	0.02934940000000097	epochs	3.0
1084.4884112520447	0.029152399999929912	epochs	3.0
1084.5175636520446	0.05772420000016609	epochs	2.0
1084.5175636520446	0.028958000000102402	epochs	3.0
1084.5465216520447	0.02876620000006369	epochs	3.0
1084.5752878520448	0.056967099999837956	epochs	2.0
1084.5752878520448	0.02857699999981378	epochs	3.0
1084.6038648520446	0.028390100000024177	epochs	3.0
1084.6322549520446	0.05622949999997218	epochs	2.0
1084.6322549520446	0.02820570000017142	epochs	3.0
1084.6604606520448	0.028023799999800758	epochs	3.0
1084.6884844520446	0.05551070000001346	epochs	2.0
1084.6884844520446	0.027844000000186497	epochs	3.0
1084.7163284520448	0.02766669999982696	epochs	3.0
1084.7439951520446	0.054810200000019904	epochs	2.0
1084.7439951520446	0.02749149999999645	epochs	3.0
1084.7714866520446	0.027318700000023455	epochs	3.0
1084.7988053520446	0.05412700000010773	epochs	2.0
1084.7988053520446	0.027147799999966082	epochs	3.0
1084.8259531520446	0.026979200000141645	epochs	3.0
1084.8529323520447	0.053460699999959616	epochs	2.0
1084.8529323520447	0.02681259999985741	epochs	3.0
1084.8797449520446	0.026648100000102204	epochs	3.0
1084.9063930520447	0.05281070000000909	epochs	2.0
1084.9063930520447	0.0264855999998872	epochs	3.0
1084.9328786520446	0.026325100000121893	epochs	3.0
1084.9592037520447	0.05217620000007628	epochs	2.0
1084.9592037520447	0.026166399999965506	epochs	3.0
1084.9853701520447	0.026009800000110772	epochs	3.0
1085.0113799520448	0.051556699999991906	epochs	2.0
1085.0113799520448	0.025854799999933675	epochs	3.0
1085.0372347520447	0.02570190000005823	epochs	3.0
1085.0629366520448	0.05095189999997274	epochs	2.0
1085.0629366520448	0.025550699999939752	epochs	3.0
1085.0884873520447	0.025401200000032986	epochs	3.0
1085.1138885520447	0.050360999999838896	epochs	2.0
1085.1138885520447	0.025253499999962514	epochs	3.0
1085.1391420520447	0.02510749999987638	epochs	3.0
1085.1642495520446	0.04978380000011384	epochs	2.0
1085.1642495520446	0.02496320000000196	epochs	3.0
1085.1892127520446	0.02482060000011188	epochs	3.0
1085.2140333520447	0.04921949999993558	epochs	2.0
1085.2140333520447	0.024679399999968155	epochs	3.0
1085.2387127520446	0.024540099999967424	epochs	3.0
1085.2632528520446	0.04866790000005494	epochs	2.0
1085.2632528520446	0.024402100000088467	epochs	3.0
1085.2876549520447	0.024265799999966475	epochs	3.0
1085.3119207520447	0.048128599999927246	epochs	2.0
1085.3119207520447	0.02413099999989754	epochs	3.0
1085.3360517520446	0.023997600000029706	epochs	3.0
1085.3600493520446	0.047601100000065344	epochs	2.0
1085.3600493520446	0.023865800000066884	epochs	3.0
1085.3839151520447	0.02373529999999846	epochs	3.0
1085.4076504520447	0.04708499999992455	epochs	2.0
1085.4076504520447	0.023606299999983094	epochs	3.0
1085.4312567520446	0.023478699999941455	epochs	3.0
1085.4547354520446	0.04658000000017637	epochs	2.0
1085.4547354520446	0.023352500000100918	epochs	3.0
1085.4780879520447	0.02322750000007545	epochs	3.0
1085.5013154520448	0.04608569999982137	epochs	2.0
1085.5013154520448	0.02310399999987567	epochs	3.0
1085.5244194520446	0.022981699999945704	epochs	3.0
1085.5474011520446	0.045601799999985815	epochs	2.0
1085.5474011520446	0.022860700000137513	epochs	3.0
1085.5702618520447	0.022741099999848302	epochs	3.0
1085.5930029520446	0.04512790000012501	epochs	2.0
1085.5930029520446	0.022622500000125	epochs	3.0
1085.6156254520447	0.02250540000000001	epochs	3.0
1085.6381308520447	0.0446638000000803	epochs	2.0
1085.6381308520447	0.02238929999998618	epochs	3.0
1085.6605201520447	0.022274500000094122	epochs	3.0
1085.6827946520448	0.044209199999841076	epochs	2.0
1085.6827946520448	0.022160799999937808	epochs	3.0
1085.7049554520447	0.022048399999903268	epochs	3.0
1085.7270038520446	0.04376360000014756	epochs	2.0
1085.7270038520446	0.021936900000127935	epochs	3.0
1085.7489407520447	0.021826700000019628	epochs	3.0
1085.7707674520448	0.04332709999994222	epochs	2.0
1085.7707674520448	0.021717599999874437	epochs	3.0
1085.7924850520446	0.021609500000067783	epochs	3.0
1085.8140945520447	0.04289900000003399	epochs	2.0
1085.8140945520447	0.02150249999999687	epochs	3.0
1085.8355970520447	0.021396500000037122	epochs	3.0
1085.8569935520447	0.04247949999989942	epochs	2.0
1085.8569935520447	0.021291699999892444	epochs	3.0
1085.8782852520446	0.021187800000006973	epochs	3.0
1085.8994730520446	0.04206790000012006	epochs	2.0
1085.8994730520446	0.02108490000000529	epochs	3.0
1085.9205579520446	0.02098300000011477	epochs	3.0
1085.9415409520448	0.04166439999994509	epochs	2.0
1085.9415409520448	0.020882199999959994	epochs	3.0
1085.9624231520447	0.020782199999985096	epochs	3.0
1085.9832053520447	0.041268499999887354	epochs	2.0
1085.9832053520447	0.020683299999973315	epochs	3.0
1086.0038886520447	0.02058519999991404	epochs	3.0
1086.0244738520446	0.04088000000001557	epochs	2.0
1086.0244738520446	0.0204881000001933	epochs	3.0
1086.0449619520448	0.02039189999982227	epochs	3.0
1086.0653538520446	0.04049880000002304	epochs	2.0
1086.0653538520446	0.0202966000001652	epochs	3.0
1086.0856504520448	0.02020219999985784	epochs	3.0
1086.1058526520446	0.04012460000012652	epochs	2.0
1086.1058526520446	0.02010870000003706	epochs	3.0
1086.1259613520447	0.02001590000008946	epochs	3.0
1086.1459772520448	0.03975730000001931	epochs	2.0
1086.1459772520448	0.0199241999998776	epochs	3.0
1086.1659014520446	0.019833100000141712	epochs	3.0
1086.1857345520448	0.03939669999999751	epochs	2.0
1086.1857345520448	0.019742999999834865	epochs	3.0
1086.2054775520446	0.019653700000162644	epochs	3.0
1086.2251312520448	0.03904239999997117	epochs	2.0
1086.2251312520448	0.019565099999908853	epochs	3.0
1086.2446963520447	0.019477300000062314	epochs	3.0
1086.2641736520447	0.03869459999987157	epochs	2.0
1086.2641736520447	0.019390400000020236	epochs	3.0
1086.2835640520448	0.019304199999851335	epochs	3.0
1086.3028682520446	0.03835290000006353	epochs	2.0
1086.3028682520446	0.019218800000089686	epochs	3.0
1086.3220870520447	0.01913409999997384	epochs	3.0
1086.3412211520447	0.03801720000001296	epochs	2.0
1086.3412211520447	0.019050200000037876	epochs	3.0
1086.3602713520447	0.018966999999975087	epochs	3.0
1086.3792383520447	0.03768719999993664	epochs	2.0
1086.3792383520447	0.01888450000001285	epochs	3.0
1086.3981228520447	0.01880269999992379	epochs	3.0
1086.4169255520446	0.03736309999999321	epochs	2.0
1086.4169255520446	0.018721700000014607	epochs	3.0
1086.4356472520446	0.018641399999978603	epochs	3.0
1086.4542886520446	0.037044300000161456	epochs	2.0
1086.4542886520446	0.018561600000111866	epochs	3.0
1086.4728502520447	0.01848270000004959	epochs	3.0
1086.4913329520448	0.03673099999991791	epochs	2.0
1086.4913329520448	0.018404299999929208	epochs	3.0
1086.5097372520447	0.018326699999988705	epochs	3.0
1086.5280639520447	0.03642289999993409	epochs	2.0
1086.5280639520447	0.018249599999990096	epochs	3.0
1086.5463135520447	0.018173299999943993	epochs	3.0
1086.5644868520446	0.03612010000006194	epochs	2.0
1086.5644868520446	0.018097600000146485	epochs	3.0
1086.5825844520448	0.018022499999915453	epochs	3.0
1086.6006069520447	0.03582209999990482	epochs	2.0
1086.6006069520447	0.017947900000081063	epochs	3.0
1086.6185548520448	0.01787419999982376	epochs	3.0
1086.6364290520446	0.03552899999999681	epochs	2.0
1086.6364290520446	0.017800800000031813	epochs	3.0
1086.6542298520446	0.017728199999965	epochs	3.0
1086.6719580520446	0.03524070000003121	epochs	2.0
1086.6719580520446	0.017656100000067454	epochs	3.0
1086.6896141520447	0.017584599999963757	epochs	3.0
1086.7071987520446	0.03495710000015606	epochs	2.0
1086.7071987520446	0.017513700000108656	epochs	3.0
1086.7247124520447	0.017443400000047404	epochs	3.0
1086.7421558520448	0.034677899999906	epochs	2.0
1086.7421558520448	0.017373599999928047	epochs	3.0
1086.7595294520447	0.017304299999977957	epochs	3.0
1086.7768337520447	0.03440329999989444	epochs	2.0
1086.7768337520447	0.017235699999901044	epochs	3.0
1086.7940694520446	0.0171675999999934	epochs	3.0
1086.8112370520446	0.034132800000179486	epochs	2.0
1086.8112370520446	0.017099900000175694	epochs	3.0
1086.8283369520448	0.017032900000003792	epochs	3.0
1086.8453698520448	0.03386669999986225	epochs	2.0
1086.8453698520448	0.01696640000000116	epochs	3.0
1086.8623362520448	0.01690029999986109	epochs	3.0
1086.8792365520446	0.03360459999998966	epochs	2.0
1086.8792365520446	0.01683479999996962	epochs	3.0
1086.8960713520446	0.01676980000002004	epochs	3.0
1086.9128411520446	0.033346599999958926	epochs	2.0
1086.9128411520446	0.016705300000012357	epochs	3.0
1086.9295464520446	0.01664129999994657	epochs	3.0
1086.9461877520446	0.03309250000006614	epochs	2.0
1086.9461877520446	0.016577800000050047	epochs	3.0
1086.9627655520446	0.01651470000001609	epochs	3.0
1086.9792802520446	0.032842300000083924	epochs	2.0
1086.9792802520446	0.01645220000000336	epochs	3.0
1086.9957324520446	0.016390100000080565	epochs	3.0
1087.0121225520447	0.03259570000000167	epochs	2.0
1087.0121225520447	0.016328400000020338	epochs	3.0
1087.0284509520448	0.016267299999981333	epochs	3.0
1087.0447182520447	0.032352899999978035	epochs	2.0
1087.0447182520447	0.016206600000032267	epochs	3.0
1087.0609248520448	0.016146299999945768	epochs	3.0
1087.0770711520447	0.03211369999985436	epochs	2.0
1087.0770711520447	0.01608659999988049	epochs	3.0
1087.0931577520446	0.01602709999997387	epochs	3.0
1087.1091848520446	0.03187800000000607	epochs	2.0
1087.1091848520446	0.015968200000088473	epochs	3.0
1087.1251530520447	0.015909799999917595	epochs	3.0
1087.1410628520446	0.03164570000012645	epochs	2.0
1087.1410628520446	0.01585160000013275	epochs	3.0
1087.1569144520447	0.015794099999993705	epochs	3.0
1087.1727085520447	0.031416699999908815	epochs	2.0
1087.1727085520447	0.01573669999993399	epochs	3.0
1087.1884452520446	0.015679999999974825	epochs	3.0
1087.2041252520446	0.031191100000114602	epochs	2.0
1087.2041252520446	0.015623600000026272	epochs	3.0
1087.2197488520446	0.01556750000008833	epochs	3.0
1087.2353163520447	0.030968699999903038	epochs	2.0
1087.2353163520447	0.015511999999944237	epochs	3.0
1087.2508283520447	0.0154566999999588	epochs	3.0
1087.2662850520446	0.030749499999956242	epochs	2.0
1087.2662850520446	0.015401999999994587	epochs	3.0
1087.2816870520446	0.015347499999961656	epochs	3.0
1087.2970345520446	0.03053320000003623	epochs	2.0
1087.2970345520446	0.015293400000018664	epochs	3.0
1087.3123279520446	0.015239800000017567	epochs	3.0
1087.3275677520446	0.030320100000153616	epochs	2.0
1087.3275677520446	0.015186500000027081	epochs	3.0
1087.3427542520446	0.015133600000126535	epochs	3.0
1087.3578878520448	0.030109899999843037	epochs	2.0
1087.3578878520448	0.015081000000009226	epochs	3.0
1087.3729688520448	0.015028899999833811	epochs	3.0
1087.3879977520446	0.029902500000162036	epochs	2.0
1087.3879977520446	0.014977000000044427	epochs	3.0
1087.4029747520447	0.014925500000117609	epochs	3.0
1087.4179002520448	0.029698099999905025	epochs	2.0
1087.4179002520448	0.014874399999825982	epochs	3.0
1087.4327746520446	0.014823700000079043	epochs	3.0
1087.4475983520447	0.029496299999891562	epochs	2.0
1087.4475983520447	0.014773200000036013	epochs	3.0
1087.4623715520447	0.014723099999855549	epochs	3.0
1087.4770946520446	0.029297400000132257	epochs	2.0
1087.4770946520446	0.014673400000219772	epochs	3.0
1087.4917680520448	0.014623999999912485	epochs	3.0
1087.5063920520447	0.029101099999934377	epochs	2.0
1087.5063920520447	0.014574900000070556	epochs	3.0
1087.5209669520448	0.01452619999986382	epochs	3.0
1087.5354931520446	0.028907399999980044	epochs	2.0
1087.5354931520446	0.014477700000043114	epochs	3.0
1087.5499708520447	0.014429699999936929	epochs	3.0
1087.5644005520446	0.028716199999962555	epochs	2.0
1087.5644005520446	0.014381800000137446	epochs	3.0
1087.5787823520448	0.01433439999982511	epochs	3.0
1087.5931167520446	0.028527600000188613	epochs	2.0
1087.5931167520446	0.014287200000126177	epochs	3.0
1087.6074039520447	0.014240400000062436	epochs	3.0
1087.6216443520448	0.02834139999981744	epochs	2.0
1087.6216443520448	0.014193799999929979	epochs	3.0
1087.6358381520447	0.014147599999887461	epochs	3.0
1087.6499857520446	0.028157700000065233	epochs	2.0
1087.6499857520446	0.014101700000082928	epochs	3.0
1087.6640874520447	0.014055999999982305	epochs	3.0
1087.6781434520447	0.027976300000091214	epochs	2.0
1087.6781434520447	0.014010600000119666	epochs	3.0
1087.6921540520448	0.013965699999971548	epochs	3.0
1087.7061197520447	0.027797199999895383	epochs	2.0
1087.7061197520447	0.013920800000050804	epochs	3.0
1087.7200405520448	0.01387639999984458	epochs	3.0
1087.7339169520446	0.027620399999932488	epochs	2.0
1087.7339169520446	0.013832200000024386	epochs	3.0
1087.7477491520447	0.013788199999908102	epochs	3.0
1087.7615373520446	0.027445900000202528	epochs	2.0
1087.7615373520446	0.01374460000010913	epochs	3.0
1087.7752819520447	0.013701300000093397	epochs	3.0
1087.7889832520448	0.027273499999864725	epochs	2.0
1087.7889832520448	0.013658200000008947	epochs	3.0
1087.8026414520448	0.013615299999855779	epochs	3.0
1087.8162567520446	0.027103399999987232	epochs	2.0
1087.8162567520446	0.013572800000019924	epochs	3.0
1087.8298295520447	0.013530599999967308	epochs	3.0
1087.8433601520446	0.02693520000002536	epochs	2.0
1087.8433601520446	0.013488400000142065	epochs	3.0
1087.8568485520448	0.013446799999883297	epochs	3.0
1087.8702953520446	0.026769199999989723	epochs	2.0
1087.8702953520446	0.013405200000079276	epochs	3.0
1087.8837005520447	0.013363999999910448	epochs	3.0
1087.8970645520446	0.026605199999949036	epochs	2.0
1087.8970645520446	0.013322900000048321	epochs	3.0
1087.9103874520447	0.013282299999900715	epochs	3.0
1087.9236697520446	0.026443200000130673	epochs	2.0
1087.9236697520446	0.013241699999980483	epochs	3.0
1087.9369114520446	0.01320150000015019	epochs	3.0
1087.9501129520447	0.026283199999852513	epochs	2.0
1087.9501129520447	0.013161500000023807	epochs	3.0
1087.9632744520447	0.013121699999828706	epochs	3.0
1087.9763961520446	0.02612500000009277	epochs	2.0
1087.9763961520446	0.013082100000019636	epochs	3.0
1087.9894782520446	0.013042900000073132	epochs	3.0
1088.0025211520447	0.025968899999952555	epochs	2.0
1088.0025211520447	0.01300390000005791	epochs	3.0
1088.0155250520447	0.012964999999894644	epochs	3.0
1088.0284900520446	0.025814500000024054	epochs	2.0
1088.0284900520446	0.012926399999969362	epochs	3.0
1088.0414164520446	0.012888100000054692	epochs	3.0
1088.0543045520446	0.025661899999931848	epochs	2.0
1088.0543045520446	0.012849899999991976	epochs	3.0
1088.0671544520446	0.012811999999939871	epochs	3.0
1088.0799664520446	0.02551120000021001	epochs	2.0
1088.0799664520446	0.012774400000125752	epochs	3.0
1088.0927408520447	0.012736800000084258	epochs	3.0
1088.1054776520448	0.02536229999986972	epochs	2.0
1088.1054776520448	0.01269969999998466	epochs	3.0
1088.1181773520448	0.01266259999988506	epochs	3.0
1088.1308399520447	0.02521500000011656	epochs	2.0
1088.1308399520447	0.012625800000023446	epochs	3.0
1088.1434657520447	0.012589200000093115	epochs	3.0
1088.1560549520448	0.024584799999956886	epochs	2.0
1088.1778482520447	0.5	epochs	-1.0
1088.1806397520447	0.5290399999998954	epochs	1.0
1088.7096797520446	0.47088000000007924	epochs	0.0
1089.9489998817444	0.17064000000004853	epochs	0.0
1089.9489998817444	0.0803201999999601	epochs	1.0
1090.0293200817443	0.00999960000012834	epochs	1.0
1090.0393196817445	0.0803201999999601	epochs	1.0
1090.1196398817444	2.0	epochs	0.0
1092.1196398817444	21.55007999999998	epochs	0.0
1092.1196398817444	1.0	epochs	1.0
1092.1196483817444	0.5	epochs	-1.0
1092.6196483817444	19.99720000000002	epochs	-1.0
1093.1196398817444	20.0	epochs	1.0
1093.1196398817444	4.356753900000058	epochs	-1.0
1093.1196398817444	1.9745871999998599	epochs	2.0
1093.1196398817444	1.0985622000000603	epochs	3.0
1094.2182020817445	0.8760249999997995	epochs	3.0
1095.0942270817443	1.3524075000000266	epochs	2.0
1095.0942270817443	0.7286355000001095	epochs	3.0
1095.8228625817444	0.6237719999999172	epochs	3.0
1096.4466345817443	1.0297592000001714	epochs	2.0
1096.4466345817443	0.5453293000000485	epochs	3.0
1096.9919638817444	0.48442990000012287	epochs	3.0
1097.4763937817445	0.8317861999998968	epochs	2.0
1097.4763937817445	0.4357762999998158	epochs	3.0
1097.9121700817443	0.39600990000008096	epochs	3.0
1098.3081799817444	0.6977970000000369	epochs	2.0
1098.3081799817444	0.3628982000000178	epochs	3.0
1098.6710781817444	0.33489880000001904	epochs	3.0
1099.0059769817444	0.601045699999986	epochs	2.0
1099.0059769817444	0.3109122999999272	epochs	3.0
1099.3168892817444	0.2901334000000588	epochs	3.0
1099.6070226817444	0.5278859000000011	epochs	2.0
1099.6070226817444	0.2719586000000618	epochs	3.0
1099.8789812817445	0.25592729999993935	epochs	3.0
1100.1349085817444	0.470619299999953	epochs	2.0
1100.1349085817444	0.241681299999982	epochs	3.0
1100.3765898817444	0.228937999999971	epochs	3.0
1100.6055278817444	0.42457039999999324	epochs	2.0
1100.6055278817444	0.21747140000002219	epochs	3.0
1100.8229992817444	0.20709899999997106	epochs	3.0
1101.0300982817444	0.3867354000001342	epochs	2.0
1101.0300982817444	0.19767109999997956	epochs	3.0
1101.2277693817443	0.18906430000015462	epochs	3.0
1101.4168336817445	0.35509529999990264	epochs	2.0
1101.4168336817445	0.18117589999997108	epochs	3.0
1101.5980095817445	0.17391939999993156	epochs	3.0
1101.7719289817444	0.3282431000000088	epochs	2.0
1101.7719289817444	0.16722189999995862	epochs	3.0
1101.9391508817444	0.16102120000005016	epochs	3.0
1102.1001720817444	0.3051679999998669	epochs	2.0
1102.1001720817444	0.15526389999990897	epochs	3.0
1102.2554359817443	0.1499040999999579	epochs	3.0
1102.4053400817443	0.28512530000011793	epochs	2.0
1102.4053400817443	0.1449021000000812	epochs	3.0
1102.5502421817444	0.14022320000003674	epochs	3.0
1102.6904653817444	0.267553800000087	epochs	2.0
1102.6904653817444	0.1358368999999584	epochs	3.0
1102.8263022817443	0.1317169000001286	epochs	3.0
1102.9580191817445	0.252022899999929	epochs	2.0
1102.9580191817445	0.1278393000000051	epochs	3.0
1103.0858584817445	0.1241835999999239	epochs	3.0
1103.2100420817444	0.23819649999995818	epochs	2.0
1103.2100420817444	0.12073110000005727	epochs	3.0
1103.3307731817445	0.11746539999990091	epochs	3.0
1103.4482385817444	0.2258088000000953	epochs	2.0
1103.4482385817444	0.1143718999999237	epochs	3.0
1103.5626104817443	0.11143690000017159	epochs	3.0
1103.6740473817445	0.21464599999990241	epochs	2.0
1103.6740473817445	0.10864889999993466	epochs	3.0
1103.7826962817444	0.10599709999996776	epochs	3.0
1103.8886933817444	0.20453500000007807	epochs	2.0
1103.8886933817444	0.10347150000006877	epochs	3.0
1103.9921648817444	0.1010635000000093	epochs	3.0
1104.0932283817444	0.19533400000000256	epochs	2.0
1104.0932283817444	0.09876510000003691	epochs	3.0
1104.1919934817445	0.09656889999996565	epochs	3.0
1104.2885623817444	0.18692529999998442	epochs	2.0
1104.2885623817444	0.09446830000001682	epochs	3.0
1104.3830306817445	0.09245699999996759	epochs	3.0
1104.4754876817444	0.17921069999988504	epochs	2.0
1104.4754876817444	0.09052959999985433	epochs	3.0
1104.5660172817443	0.08868110000003071	epochs	3.0
1104.6546983817443	0.17210769999996955	epochs	2.0
1104.6546983817443	0.08690630000000965	epochs	3.0
1104.7416046817443	0.0852013999999599	epochs	3.0
1104.8268060817443	0.16554640000003928	epochs	2.0
1104.8268060817443	0.08356190000017705	epochs	3.0
1104.9103679817445	0.08198449999986224	epochs	3.0
1104.9923524817443	0.15946710000002895	epochs	2.0
1104.9923524817443	0.08046540000009372	epochs	3.0
1105.0728178817444	0.07900169999993523	epochs	3.0
1105.1518195817443	0.15381840000009106	epochs	2.0
1105.1518195817443	0.07759009999995214	epochs	3.0
1105.2294096817443	0.07622830000013892	epochs	3.0
1105.3056379817444	0.14855639999996129	epochs	2.0
1105.3056379817444	0.07491329999993468	epochs	3.0
1105.3805512817444	0.0736431000000266	epochs	3.0
1105.4541943817444	0.14364240000008976	epochs	2.0
1105.4541943817444	0.07241500000009182	epochs	3.0
1105.5266093817445	0.07122739999999794	epochs	3.0
1105.5978367817445	0.13904309999998077	epochs	2.0
1105.5978367817445	0.07007799999996678	epochs	3.0
1105.6679147817445	0.06896510000001399	epochs	3.0
1105.7368798817445	0.13472929999988992	epochs	2.0
1105.7368798817445	0.0678871000000072	epochs	3.0
1105.8047669817445	0.06684219999988272	epochs	3.0
1105.8716091817444	0.1306752000000415	epochs	2.0
1105.8716091817444	0.06582909999997355	epochs	3.0
1105.9374382817443	0.06484610000006796	epochs	3.0
1106.0022843817444	0.1268577999999252	epochs	2.0
1106.0022843817444	0.06389199999989614	epochs	3.0
1106.0661763817443	0.06296580000002905	epochs	3.0
1106.1291421817443	0.12325720000012552	epochs	2.0
1106.1291421817443	0.06206580000002759	epochs	3.0
1106.1912079817444	0.06119140000009793	epochs	3.0
1106.2523993817445	0.11985540000000583	epochs	2.0
1106.2523993817445	0.060341099999959624	epochs	3.0
1106.3127404817444	0.059514300000046205	epochs	3.0
1106.3722547817445	0.1166361999999026	epochs	2.0
1106.3722547817445	0.058709599999929196	epochs	3.0
1106.4309643817444	0.057926599999973405	epochs	3.0
1106.4888909817444	0.11358560000007856	epochs	2.0
1106.4888909817444	0.05716419999998834	epochs	3.0
1106.5460551817444	0.056421400000090216	epochs	3.0
1106.6024765817444	0.11069049999991876	epochs	2.0
1106.6024765817444	0.055697900000041045	epochs	3.0
1106.6581744817445	0.05499259999987771	epochs	3.0
1106.7131670817444	0.1079391000000669	epochs	2.0
1106.7131670817444	0.05430490000003374	epochs	3.0
1106.7674719817444	0.05363420000003316	epochs	3.0
1106.8211061817444	0.10532149999994544	epochs	2.0
1106.8211061817444	0.05297999999993408	epochs	3.0
1106.8740861817444	0.052341500000011365	epochs	3.0
1106.9264276817444	0.10282759999995505	epochs	2.0
1106.9264276817444	0.05171810000001642	epochs	3.0
1106.9781457817444	0.051109499999938635	epochs	3.0
1107.0292552817443	0.10044910000010532	epochs	2.0
1107.0292552817443	0.050514900000052876	epochs	3.0
1107.0797701817444	0.04993420000005244	epochs	3.0
1107.1297043817444	0.0981782999999723	epochs	2.0
1107.1297043817444	0.04936659999998483	epochs	3.0
1107.1790709817444	0.04881169999998747	epochs	3.0
1107.2278826817444	0.09600780000005216	epochs	2.0
1107.2278826817444	0.04826920000004975	epochs	3.0
1107.2761518817445	0.04773860000000241	epochs	3.0
1107.3238904817445	0.09393120000004274	epochs	2.0
1107.3238904817445	0.04721949999998287	epochs	3.0
1107.3711099817444	0.046711700000059864	epochs	3.0
1107.4178216817445	0.09194259999981114	epochs	2.0
1107.4178216817445	0.046214599999984785	epochs	3.0
1107.4640362817445	0.04572799999982635	epochs	3.0
1107.5097642817443	0.09003630000006524	epochs	2.0
1107.5097642817443	0.04525150000017675	epochs	3.0
1107.5550157817445	0.04478479999988849	epochs	3.0
1107.5998005817444	0.08820760000003247	epochs	2.0
1107.5998005817444	0.044327800000019124	epochs	3.0
1107.6441283817444	0.04387980000001335	epochs	3.0
1107.6880081817444	0.0864516999999978	epochs	2.0
1107.6880081817444	0.04344100000002982	epochs	3.0
1107.7314491817444	0.04301069999996798	epochs	3.0
1107.7744598817444	0.08476429999996071	epochs	2.0
1107.7744598817444	0.04258899999990717	epochs	3.0
1107.8170488817443	0.04217530000005354	epochs	3.0
1107.8592241817444	0.08314150000001064	epochs	2.0
1107.8592241817444	0.04176970000003166	epochs	3.0
1107.9009938817444	0.041371799999978975	epochs	3.0
1107.9423656817444	0.08157970000002024	epochs	2.0
1107.9423656817444	0.040981399999964196	epochs	3.0
1107.9833470817443	0.04059830000005604	epochs	3.0
1108.0239453817444	0.08007550000002084	epochs	2.0
1108.0239453817444	0.040222300000095856	epochs	3.0
1108.0641676817445	0.03985319999992498	epochs	3.0
1108.1040208817444	0.07862569999997504	epochs	2.0
1108.1040208817444	0.039490800000066884	epochs	3.0
1108.1435116817445	0.03913489999990816	epochs	3.0
1108.1826465817444	0.07722760000001472	epochs	2.0
1108.1826465817444	0.038785400000051595	epochs	3.0
1108.2214319817444	0.03844219999996312	epochs	3.0
1108.2598741817444	0.07587820000003376	epochs	2.0
1108.2598741817444	0.03810479999992822	epochs	3.0
1108.2979789817443	0.03777340000010554	epochs	3.0
1108.3357523817444	0.0745752000000266	epochs	2.0
1108.3357523817444	0.03744770000002973	epochs	3.0
1108.3732000817445	0.03712749999999687	epochs	3.0
1108.4103275817445	0.07331629999998768	epochs	2.0
1108.4103275817445	0.03681289999985893	epochs	3.0
1108.4471404817443	0.03650340000012875	epochs	3.0
1108.4836438817445	0.07209899999998015	epochs	2.0
1108.4836438817445	0.03619909999997617	epochs	3.0
1108.5198429817444	0.03589990000000398	epochs	3.0
1108.5557428817444	0.07092169999987163	epochs	2.0
1108.5557428817444	0.03560560000005353	epochs	3.0
1108.5913484817445	0.03531609999981811	epochs	3.0
1108.6266645817443	0.06978200000003199	epochs	2.0
1108.6266645817443	0.03503120000004856	epochs	3.0
1108.6616957817444	0.03475079999998343	epochs	3.0
1108.6964465817443	0.06867860000011206	epochs	2.0
1108.6964465817443	0.03447510000000875	epochs	3.0
1108.7309216817443	0.034203500000103304	epochs	3.0
1108.7651251817445	0.06760929999995824	epochs	2.0
1108.7651251817445	0.033936199999970995	epochs	3.0
1108.7990613817444	0.033673099999987244	epochs	3.0
1108.8327344817444	0.06657289999998284	epochs	2.0
1108.8327344817444	0.03341399999999339	epochs	3.0
1108.8661484817444	0.033158899999989444	epochs	3.0
1108.8993073817444	0.06556780000005347	epochs	2.0
1108.8993073817444	0.03290769999989607	epochs	3.0
1108.9322150817443	0.0326601000001574	epochs	3.0
1108.9648751817444	0.06459259999996902	epochs	2.0
1108.9648751817444	0.03241639999987456	epochs	3.0
1108.9972915817443	0.03217620000009447	epochs	3.0
1109.0294677817444	0.06364600000006249	epochs	2.0
1109.0294677817444	0.03193959999998697	epochs	3.0
1109.0614073817444	0.03170640000007552	epochs	3.0
1109.0931137817445	0.0627266999999847	epochs	2.0
1109.0931137817445	0.031476599999905375	epochs	3.0
1109.1245903817444	0.03125010000007933	epochs	3.0
1109.1558404817445	0.06183359999999993	epochs	2.0
1109.1558404817445	0.03102689999991526	epochs	3.0
1109.1868673817444	0.030806700000084675	epochs	3.0
1109.2176740817445	0.060965599999917686	epochs	2.0
1109.2176740817445	0.030589799999916067	epochs	3.0
1109.2482638817444	0.030375800000001618	epochs	3.0
1109.2786396817444	0.06012160000000222	epochs	2.0
1109.2786396817444	0.030164900000045236	epochs	3.0
1109.3088045817444	0.02995669999995698	epochs	3.0
1109.3387612817444	0.05930069999999432	epochs	2.0
1109.3387612817444	0.029751600000054168	epochs	3.0
1109.3685128817444	0.029549099999940154	epochs	3.0
1109.3980619817444	0.05850179999993088	epochs	2.0
1109.3980619817444	0.02934940000000097	epochs	3.0
1109.4274113817444	0.029152399999929912	epochs	3.0
1109.4565637817443	0.05772420000016609	epochs	2.0
1109.4565637817443	0.028958000000102402	epochs	3.0
1109.4855217817444	0.02876620000006369	epochs	3.0
1109.5142879817445	0.056967099999837956	epochs	2.0
1109.5142879817445	0.02857699999981378	epochs	3.0
1109.5428649817443	0.028390100000024177	epochs	3.0
1109.5712550817443	0.05622949999997218	epochs	2.0
1109.5712550817443	0.02820570000017142	epochs	3.0
1109.5994607817445	0.028023799999800758	epochs	3.0
1109.6274845817443	0.05551070000001346	epochs	2.0
1109.6274845817443	0.027844000000186497	epochs	3.0
1109.6553285817445	0.02766669999982696	epochs	3.0
1109.6829952817443	0.054810200000019904	epochs	2.0
1109.6829952817443	0.02749149999999645	epochs	3.0
1109.7104867817443	0.027318700000023455	epochs	3.0
1109.7378054817443	0.05412700000010773	epochs	2.0
1109.7378054817443	0.027147799999966082	epochs	3.0
1109.7649532817443	0.026979200000141645	epochs	3.0
1109.7919324817444	0.053460699999959616	epochs	2.0
1109.7919324817444	0.02681259999985741	epochs	3.0
1109.8187450817443	0.026648100000102204	epochs	3.0
1109.8453931817444	0.05281070000000909	epochs	2.0
1109.8453931817444	0.0264855999998872	epochs	3.0
1109.8718787817443	0.026325100000121893	epochs	3.0
1109.8982038817444	0.05217620000007628	epochs	2.0
1109.8982038817444	0.026166399999965506	epochs	3.0
1109.9243702817444	0.026009800000110772	epochs	3.0
1109.9503800817445	0.051556699999991906	epochs	2.0
1109.9503800817445	0.025854799999933675	epochs	3.0
1109.9762348817444	0.02570190000005823	epochs	3.0
1110.0019367817445	0.05095189999997274	epochs	2.0
1110.0019367817445	0.025550699999939752	epochs	3.0
1110.0274874817444	0.025401200000032986	epochs	3.0
1110.0528886817444	0.050360999999838896	epochs	2.0
1110.0528886817444	0.025253499999962514	epochs	3.0
1110.0781421817444	0.02510749999987638	epochs	3.0
1110.1032496817443	0.04978380000011384	epochs	2.0
1110.1032496817443	0.02496320000000196	epochs	3.0
1110.1282128817443	0.02482060000011188	epochs	3.0
1110.1530334817444	0.04921949999993558	epochs	2.0
1110.1530334817444	0.024679399999968155	epochs	3.0
1110.1777128817444	0.024540099999967424	epochs	3.0
1110.2022529817443	0.04866790000005494	epochs	2.0
1110.2022529817443	0.024402100000088467	epochs	3.0
1110.2266550817444	0.024265799999966475	epochs	3.0
1110.2509208817444	0.048128599999927246	epochs	2.0
1110.2509208817444	0.02413099999989754	epochs	3.0
1110.2750518817443	0.023997600000029706	epochs	3.0
1110.2990494817443	0.047601100000065344	epochs	2.0
1110.2990494817443	0.023865800000066884	epochs	3.0
1110.3229152817444	0.02373529999999846	epochs	3.0
1110.3466505817444	0.04708499999992455	epochs	2.0
1110.3466505817444	0.023606299999983094	epochs	3.0
1110.3702568817444	0.023478699999941455	epochs	3.0
1110.3937355817443	0.04658000000017637	epochs	2.0
1110.3937355817443	0.023352500000100918	epochs	3.0
1110.4170880817444	0.02322750000007545	epochs	3.0
1110.4403155817445	0.04608569999982137	epochs	2.0
1110.4403155817445	0.02310399999987567	epochs	3.0
1110.4634195817443	0.022981699999945704	epochs	3.0
1110.4864012817443	0.045601799999985815	epochs	2.0
1110.4864012817443	0.022860700000137513	epochs	3.0
1110.5092619817444	0.022741099999848302	epochs	3.0
1110.5320030817443	0.04512790000012501	epochs	2.0
1110.5320030817443	0.022622500000125	epochs	3.0
1110.5546255817444	0.02250540000000001	epochs	3.0
1110.5771309817444	0.0446638000000803	epochs	2.0
1110.5771309817444	0.02238929999998618	epochs	3.0
1110.5995202817444	0.022274500000094122	epochs	3.0
1110.6217947817445	0.044209199999841076	epochs	2.0
1110.6217947817445	0.022160799999937808	epochs	3.0
1110.6439555817444	0.022048399999903268	epochs	3.0
1110.6660039817443	0.04376360000014756	epochs	2.0
1110.6660039817443	0.021936900000127935	epochs	3.0
1110.6879408817445	0.021826700000019628	epochs	3.0
1110.7097675817445	0.04332709999994222	epochs	2.0
1110.7097675817445	0.021717599999874437	epochs	3.0
1110.7314851817443	0.021609500000067783	epochs	3.0
1110.7530946817444	0.04289900000003399	epochs	2.0
1110.7530946817444	0.02150249999999687	epochs	3.0
1110.7745971817444	0.021396500000037122	epochs	3.0
1110.7959936817444	0.04247949999989942	epochs	2.0
1110.7959936817444	0.021291699999892444	epochs	3.0
1110.8172853817443	0.021187800000006973	epochs	3.0
1110.8384731817443	0.04206790000012006	epochs	2.0
1110.8384731817443	0.02108490000000529	epochs	3.0
1110.8595580817444	0.02098300000011477	epochs	3.0
1110.8805410817445	0.04166439999994509	epochs	2.0
1110.8805410817445	0.020882199999959994	epochs	3.0
1110.9014232817444	0.020782199999985096	epochs	3.0
1110.9222054817444	0.041268499999887354	epochs	2.0
1110.9222054817444	0.020683299999973315	epochs	3.0
1110.9428887817444	0.02058519999991404	epochs	3.0
1110.9634739817443	0.04088000000001557	epochs	2.0
1110.9634739817443	0.0204881000001933	epochs	3.0
1110.9839620817445	0.02039189999982227	epochs	3.0
1111.0043539817443	0.04049880000002304	epochs	2.0
1111.0043539817443	0.0202966000001652	epochs	3.0
1111.0246505817445	0.02020219999985784	epochs	3.0
1111.0448527817443	0.04012460000012652	epochs	2.0
1111.0448527817443	0.02010870000003706	epochs	3.0
1111.0649614817444	0.02001590000008946	epochs	3.0
1111.0849773817445	0.03975730000001931	epochs	2.0
1111.0849773817445	0.0199241999998776	epochs	3.0
1111.1049015817443	0.019833100000141712	epochs	3.0
1111.1247346817445	0.03939669999999751	epochs	2.0
1111.1247346817445	0.019742999999834865	epochs	3.0
1111.1444776817443	0.019653700000162644	epochs	3.0
1111.1641313817445	0.03904239999997117	epochs	2.0
1111.1641313817445	0.019565099999908853	epochs	3.0
1111.1836964817444	0.019477300000062314	epochs	3.0
1111.2031737817445	0.03869459999987157	epochs	2.0
1111.2031737817445	0.019390400000020236	epochs	3.0
1111.2225641817445	0.019304199999851335	epochs	3.0
1111.2418683817443	0.03835290000006353	epochs	2.0
1111.2418683817443	0.019218800000089686	epochs	3.0
1111.2610871817444	0.01913409999997384	epochs	3.0
1111.2802212817444	0.03801720000001296	epochs	2.0
1111.2802212817444	0.019050200000037876	epochs	3.0
1111.2992714817444	0.018966999999975087	epochs	3.0
1111.3182384817444	0.03768719999993664	epochs	2.0
1111.3182384817444	0.01888450000001285	epochs	3.0
1111.3371229817444	0.01880269999992379	epochs	3.0
1111.3559256817443	0.03736309999999321	epochs	2.0
1111.3559256817443	0.018721700000014607	epochs	3.0
1111.3746473817444	0.018641399999978603	epochs	3.0
1111.3932887817443	0.037044300000161456	epochs	2.0
1111.3932887817443	0.018561600000111866	epochs	3.0
1111.4118503817444	0.01848270000004959	epochs	3.0
1111.4303330817445	0.03673099999991791	epochs	2.0
1111.4303330817445	0.018404299999929208	epochs	3.0
1111.4487373817444	0.018326699999988705	epochs	3.0
1111.4670640817444	0.03642289999993409	epochs	2.0
1111.4670640817444	0.018249599999990096	epochs	3.0
1111.4853136817444	0.018173299999943993	epochs	3.0
1111.5034869817443	0.03612010000006194	epochs	2.0
1111.5034869817443	0.018097600000146485	epochs	3.0
1111.5215845817445	0.018022499999915453	epochs	3.0
1111.5396070817444	0.03582209999990482	epochs	2.0
1111.5396070817444	0.017947900000081063	epochs	3.0
1111.5575549817445	0.01787419999982376	epochs	3.0
1111.5754291817443	0.03552899999999681	epochs	2.0
1111.5754291817443	0.017800800000031813	epochs	3.0
1111.5932299817443	0.017728199999965	epochs	3.0
1111.6109581817443	0.03524070000003121	epochs	2.0
1111.6109581817443	0.017656100000067454	epochs	3.0
1111.6286142817444	0.017584599999963757	epochs	3.0
1111.6461988817443	0.03495710000015606	epochs	2.0
1111.6461988817443	0.017513700000108656	epochs	3.0
1111.6637125817444	0.017443400000047404	epochs	3.0
1111.6811559817445	0.034677899999906	epochs	2.0
1111.6811559817445	0.017373599999928047	epochs	3.0
1111.6985295817444	0.017304299999977957	epochs	3.0
1111.7158338817444	0.03440329999989444	epochs	2.0
1111.7158338817444	0.017235699999901044	epochs	3.0
1111.7330695817443	0.0171675999999934	epochs	3.0
1111.7502371817443	0.034132800000179486	epochs	2.0
1111.7502371817443	0.017099900000175694	epochs	3.0
1111.7673370817445	0.017032900000003792	epochs	3.0
1111.7843699817445	0.03386669999986225	epochs	2.0
1111.7843699817445	0.01696640000000116	epochs	3.0
1111.8013363817445	0.01690029999986109	epochs	3.0
1111.8182366817443	0.03360459999998966	epochs	2.0
1111.8182366817443	0.01683479999996962	epochs	3.0
1111.8350714817443	0.01676980000002004	epochs	3.0
1111.8518412817443	0.033346599999958926	epochs	2.0
1111.8518412817443	0.016705300000012357	epochs	3.0
1111.8685465817443	0.01664129999994657	epochs	3.0
1111.8851878817443	0.03309250000006614	epochs	2.0
1111.8851878817443	0.016577800000050047	epochs	3.0
1111.9017656817443	0.01651470000001609	epochs	3.0
1111.9182803817444	0.032842300000083924	epochs	2.0
1111.9182803817444	0.01645220000000336	epochs	3.0
1111.9347325817444	0.016390100000080565	epochs	3.0
1111.9511226817444	0.03259570000000167	epochs	2.0
1111.9511226817444	0.016328400000020338	epochs	3.0
1111.9674510817445	0.016267299999981333	epochs	3.0
1111.9837183817444	0.032352899999978035	epochs	2.0
1111.9837183817444	0.016206600000032267	epochs	3.0
1111.9999249817445	0.016146299999945768	epochs	3.0
1112.0160712817444	0.03211369999985436	epochs	2.0
1112.0160712817444	0.01608659999988049	epochs	3.0
1112.0321578817443	0.01602709999997387	epochs	3.0
1112.0481849817443	0.03187800000000607	epochs	2.0
1112.0481849817443	0.015968200000088473	epochs	3.0
1112.0641531817444	0.015909799999917595	epochs	3.0
1112.0800629817443	0.03164570000012645	epochs	2.0
1112.0800629817443	0.01585160000013275	epochs	3.0
1112.0959145817444	0.015794099999993705	epochs	3.0
1112.1117086817444	0.031416699999908815	epochs	2.0
1112.1117086817444	0.01573669999993399	epochs	3.0
1112.1274453817443	0.015679999999974825	epochs	3.0
1112.1431253817443	0.031191100000114602	epochs	2.0
1112.1431253817443	0.015623600000026272	epochs	3.0
1112.1587489817443	0.01556750000008833	epochs	3.0
1112.1743164817444	0.030968699999903038	epochs	2.0
1112.1743164817444	0.015511999999944237	epochs	3.0
1112.1898284817444	0.0154566999999588	epochs	3.0
1112.2052851817443	0.030749499999956242	epochs	2.0
1112.2052851817443	0.015401999999994587	epochs	3.0
1112.2206871817443	0.015347499999961656	epochs	3.0
1112.2360346817443	0.03053320000003623	epochs	2.0
1112.2360346817443	0.015293400000018664	epochs	3.0
1112.2513280817443	0.015239800000017567	epochs	3.0
1112.2665678817443	0.030320100000153616	epochs	2.0
1112.2665678817443	0.015186500000027081	epochs	3.0
1112.2817543817443	0.015133600000126535	epochs	3.0
1112.2968879817445	0.030109899999843037	epochs	2.0
1112.2968879817445	0.015081000000009226	epochs	3.0
1112.3119689817445	0.015028899999833811	epochs	3.0
1112.3269978817443	0.029902500000162036	epochs	2.0
1112.3269978817443	0.014977000000044427	epochs	3.0
1112.3419748817444	0.014925500000117609	epochs	3.0
1112.3569003817445	0.029698099999905025	epochs	2.0
1112.3569003817445	0.014874399999825982	epochs	3.0
1112.3717747817443	0.014823700000079043	epochs	3.0
1112.3865984817444	0.029496299999891562	epochs	2.0
1112.3865984817444	0.014773200000036013	epochs	3.0
1112.4013716817444	0.014723099999855549	epochs	3.0
1112.4160947817443	0.029297400000132257	epochs	2.0
1112.4160947817443	0.014673400000219772	epochs	3.0
1112.4307681817445	0.014623999999912485	epochs	3.0
1112.4453921817444	0.029101099999934377	epochs	2.0
1112.4453921817444	0.014574900000070556	epochs	3.0
1112.4599670817445	0.01452619999986382	epochs	3.0
1112.4744932817443	0.028907399999980044	epochs	2.0
1112.4744932817443	0.014477700000043114	epochs	3.0
1112.4889709817444	0.014429699999936929	epochs	3.0
1112.5034006817443	0.028716199999962555	epochs	2.0
1112.5034006817443	0.014381800000137446	epochs	3.0
1112.5177824817445	0.01433439999982511	epochs	3.0
1112.5321168817443	0.028527600000188613	epochs	2.0
1112.5321168817443	0.014287200000126177	epochs	3.0
1112.5464040817444	0.014240400000062436	epochs	3.0
1112.5606444817445	0.02834139999981744	epochs	2.0
1112.5606444817445	0.014193799999929979	epochs	3.0
1112.5748382817444	0.014147599999887461	epochs	3.0
1112.5889858817443	0.028157700000065233	epochs	2.0
1112.5889858817443	0.014101700000082928	epochs	3.0
1112.6030875817444	0.014055999999982305	epochs	3.0
1112.6171435817444	0.027976300000091214	epochs	2.0
1112.6171435817444	0.014010600000119666	epochs	3.0
1112.6311541817445	0.013965699999971548	epochs	3.0
1112.6451198817444	0.027797199999895383	epochs	2.0
1112.6451198817444	0.013920800000050804	epochs	3.0
1112.6590406817445	0.01387639999984458	epochs	3.0
1112.6729170817443	0.027620399999932488	epochs	2.0
1112.6729170817443	0.013832200000024386	epochs	3.0
1112.6867492817444	0.013788199999908102	epochs	3.0
1112.7005374817443	0.027445900000202528	epochs	2.0
1112.7005374817443	0.01374460000010913	epochs	3.0
1112.7142820817444	0.013701300000093397	epochs	3.0
1112.7279833817445	0.027273499999864725	epochs	2.0
1112.7279833817445	0.013658200000008947	epochs	3.0
1112.7416415817445	0.013615299999855779	epochs	3.0
1112.7552568817443	0.027103399999987232	epochs	2.0
1112.7552568817443	0.013572800000019924	epochs	3.0
1112.7688296817444	0.013530599999967308	epochs	3.0
1112.7823602817443	0.02693520000002536	epochs	2.0
1112.7823602817443	0.013488400000142065	epochs	3.0
1112.7958486817445	0.013446799999883297	epochs	3.0
1112.8092954817444	0.026769199999989723	epochs	2.0
1112.8092954817444	0.013405200000079276	epochs	3.0
1112.8227006817444	0.013363999999910448	epochs	3.0
1112.8360646817443	0.026605199999949036	epochs	2.0
1112.8360646817443	0.013322900000048321	epochs	3.0
1112.8493875817444	0.013282299999900715	epochs	3.0
1112.8626698817443	0.026443200000130673	epochs	2.0
1112.8626698817443	0.013241699999980483	epochs	3.0
1112.8759115817443	0.01320150000015019	epochs	3.0
1112.8891130817444	0.026283199999852513	epochs	2.0
1112.8891130817444	0.013161500000023807	epochs	3.0
1112.9022745817445	0.013121699999828706	epochs	3.0
1112.9153962817443	0.02612500000009277	epochs	2.0
1112.9153962817443	0.013082100000019636	epochs	3.0
1112.9284783817443	0.013042900000073132	epochs	3.0
1112.9415212817444	0.025968899999952555	epochs	2.0
1112.9415212817444	0.01300390000005791	epochs	3.0
1112.9545251817444	0.012964999999894644	epochs	3.0
1112.9674901817443	0.025814500000024054	epochs	2.0
1112.9674901817443	0.012926399999969362	epochs	3.0
1112.9804165817443	0.012888100000054692	epochs	3.0
1112.9933046817443	0.025661899999931848	epochs	2.0
1112.9933046817443	0.012849899999991976	epochs	3.0
1113.0061545817443	0.012811999999939871	epochs	3.0
1113.0189665817443	0.02551120000021001	epochs	2.0
1113.0189665817443	0.012774400000125752	epochs	3.0
1113.0317409817444	0.012736800000084258	epochs	3.0
1113.0444777817445	0.02536229999986972	epochs	2.0
1113.0444777817445	0.01269969999998466	epochs	3.0
1113.0571774817445	0.01266259999988506	epochs	3.0
1113.0698400817444	0.02521500000011656	epochs	2.0
1113.0698400817444	0.012625800000023446	epochs	3.0
1113.0824658817444	0.012589200000093115	epochs	3.0
1113.0950550817445	0.024584799999956886	epochs	2.0
1113.1168483817444	0.5	epochs	-1.0
1113.1196398817444	0.5500799999999799	epochs	1.0
1113.6697198817444	0.4498399999999947	epochs	0.0
1114.6510000228882	0.17064000000004853	epochs	0.0
1114.6510000228882	0.0803201999999601	epochs	1.0
1114.7313202228881	0.00999960000012834	epochs	1.0
1114.7413198228883	0.0803201999999601	epochs	1.0
1114.8216400228882	2.0	epochs	0.0
1116.8216400228882	0.5299999999999727	epochs	0.0
1116.8216400228882	0.5299999999999727	epochs	1.0
1116.8216485228882	0.5	epochs	-1.0
1117.3216485228882	0.02999150000005102	epochs	-1.0
1117.3516400228882	21.469920000000002	epochs	0.0
1118.3680000305176	0.17064000000004853	epochs	0.0
1118.3680000305176	0.0803201999999601	epochs	1.0
1118.4483202305175	0.00999960000012834	epochs	1.0
1118.4583198305177	0.0803201999999601	epochs	1.0
1118.5386400305176	2.0	epochs	0.0
1120.5386400305176	21.999919999999975	epochs	0.0
1120.5386400305176	1.0	epochs	1.0
1120.5386485305175	0.5	epochs	-1.0
1121.0386485305175	19.99720000000002	epochs	-1.0
1121.5386400305176	20.0	epochs	1.0
1121.5386400305176	4.356753900000058	epochs	-1.0
1121.5386400305176	1.9745871999998599	epochs	2.0
1121.5386400305176	1.0985622000000603	epochs	3.0
1122.6372022305177	0.8760249999997995	epochs	3.0
1123.5132272305175	1.3524075000000266	epochs	2.0
1123.5132272305175	0.7286355000001095	epochs	3.0
1124.2418627305176	0.6237719999999172	epochs	3.0
1124.8656347305175	1.0297592000001714	epochs	2.0
1124.8656347305175	0.5453293000000485	epochs	3.0
1125.4109640305176	0.48442990000012287	epochs	3.0
1125.8953939305177	0.8317861999998968	epochs	2.0
1125.8953939305177	0.4357762999998158	epochs	3.0
1126.3311702305175	0.39600990000008096	epochs	3.0
1126.7271801305176	0.6977970000000369	epochs	2.0
1126.7271801305176	0.3628982000000178	epochs	3.0
1127.0900783305176	0.33489880000001904	epochs	3.0
1127.4249771305176	0.601045699999986	epochs	2.0
1127.4249771305176	0.3109122999999272	epochs	3.0
1127.7358894305175	0.2901334000000588	epochs	3.0
1128.0260228305176	0.5278859000000011	epochs	2.0
1128.0260228305176	0.2719586000000618	epochs	3.0
1128.2979814305177	0.25592729999993935	epochs	3.0
1128.5539087305176	0.470619299999953	epochs	2.0
1128.5539087305176	0.241681299999982	epochs	3.0
1128.7955900305176	0.228937999999971	epochs	3.0
1129.0245280305176	0.42457039999999324	epochs	2.0
1129.0245280305176	0.21747140000002219	epochs	3.0
1129.2419994305176	0.20709899999997106	epochs	3.0
1129.4490984305176	0.3867354000001342	epochs	2.0
1129.4490984305176	0.19767109999997956	epochs	3.0
1129.6467695305175	0.18906430000015462	epochs	3.0
1129.8358338305177	0.35509529999990264	epochs	2.0
1129.8358338305177	0.18117589999997108	epochs	3.0
1130.0170097305177	0.17391939999993156	epochs	3.0
1130.1909291305176	0.3282431000000088	epochs	2.0
1130.1909291305176	0.16722189999995862	epochs	3.0
1130.3581510305175	0.16102120000005016	epochs	3.0
1130.5191722305176	0.3051679999998669	epochs	2.0
1130.5191722305176	0.15526389999990897	epochs	3.0
1130.6744361305175	0.1499040999999579	epochs	3.0
1130.8243402305175	0.28512530000011793	epochs	2.0
1130.8243402305175	0.1449021000000812	epochs	3.0
1130.9692423305175	0.14022320000003674	epochs	3.0
1131.1094655305176	0.267553800000087	epochs	2.0
1131.1094655305176	0.1358368999999584	epochs	3.0
1131.2453024305175	0.1317169000001286	epochs	3.0
1131.3770193305177	0.252022899999929	epochs	2.0
1131.3770193305177	0.1278393000000051	epochs	3.0
1131.5048586305177	0.1241835999999239	epochs	3.0
1131.6290422305176	0.23819649999995818	epochs	2.0
1131.6290422305176	0.12073110000005727	epochs	3.0
1131.7497733305177	0.11746539999990091	epochs	3.0
1131.8672387305176	0.2258088000000953	epochs	2.0
1131.8672387305176	0.1143718999999237	epochs	3.0
1131.9816106305175	0.11143690000017159	epochs	3.0
1132.0930475305177	0.21464599999990241	epochs	2.0
1132.0930475305177	0.10864889999993466	epochs	3.0
1132.2016964305176	0.10599709999996776	epochs	3.0
1132.3076935305176	0.20453500000007807	epochs	2.0
1132.3076935305176	0.10347150000006877	epochs	3.0
1132.4111650305176	0.1010635000000093	epochs	3.0
1132.5122285305176	0.19533400000000256	epochs	2.0
1132.5122285305176	0.09876510000003691	epochs	3.0
1132.6109936305177	0.09656889999996565	epochs	3.0
1132.7075625305176	0.18692529999998442	epochs	2.0
1132.7075625305176	0.09446830000001682	epochs	3.0
1132.8020308305177	0.09245699999996759	epochs	3.0
1132.8944878305176	0.17921069999988504	epochs	2.0
1132.8944878305176	0.09052959999985433	epochs	3.0
1132.9850174305175	0.08868110000003071	epochs	3.0
1133.0736985305175	0.17210769999996955	epochs	2.0
1133.0736985305175	0.08690630000000965	epochs	3.0
1133.1606048305175	0.0852013999999599	epochs	3.0
1133.2458062305175	0.16554640000003928	epochs	2.0
1133.2458062305175	0.08356190000017705	epochs	3.0
1133.3293681305177	0.08198449999986224	epochs	3.0
1133.4113526305175	0.15946710000002895	epochs	2.0
1133.4113526305175	0.08046540000009372	epochs	3.0
1133.4918180305176	0.07900169999993523	epochs	3.0
1133.5708197305175	0.15381840000009106	epochs	2.0
1133.5708197305175	0.07759009999995214	epochs	3.0
1133.6484098305175	0.07622830000013892	epochs	3.0
1133.7246381305176	0.14855639999996129	epochs	2.0
1133.7246381305176	0.07491329999993468	epochs	3.0
1133.7995514305176	0.0736431000000266	epochs	3.0
1133.8731945305176	0.14364240000008976	epochs	2.0
1133.8731945305176	0.07241500000009182	epochs	3.0
1133.9456095305177	0.07122739999999794	epochs	3.0
1134.0168369305177	0.13904309999998077	epochs	2.0
1134.0168369305177	0.07007799999996678	epochs	3.0
1134.0869149305177	0.06896510000001399	epochs	3.0
1134.1558800305177	0.13472929999988992	epochs	2.0
1134.1558800305177	0.0678871000000072	epochs	3.0
1134.2237671305177	0.06684219999988272	epochs	3.0
1134.2906093305176	0.1306752000000415	epochs	2.0
1134.2906093305176	0.06582909999997355	epochs	3.0
1134.3564384305175	0.06484610000006796	epochs	3.0
1134.4212845305176	0.1268577999999252	epochs	2.0
1134.4212845305176	0.06389199999989614	epochs	3.0
1134.4851765305175	0.06296580000002905	epochs	3.0
1134.5481423305175	0.12325720000012552	epochs	2.0
1134.5481423305175	0.06206580000002759	epochs	3.0
1134.6102081305175	0.06119140000009793	epochs	3.0
1134.6713995305176	0.11985540000000583	epochs	2.0
1134.6713995305176	0.060341099999959624	epochs	3.0
1134.7317406305176	0.059514300000046205	epochs	3.0
1134.7912549305177	0.1166361999999026	epochs	2.0
1134.7912549305177	0.058709599999929196	epochs	3.0
1134.8499645305176	0.057926599999973405	epochs	3.0
1134.9078911305176	0.11358560000007856	epochs	2.0
1134.9078911305176	0.05716419999998834	epochs	3.0
1134.9650553305175	0.056421400000090216	epochs	3.0
1135.0214767305176	0.11069049999991876	epochs	2.0
1135.0214767305176	0.055697900000041045	epochs	3.0
1135.0771746305177	0.05499259999987771	epochs	3.0
1135.1321672305176	0.1079391000000669	epochs	2.0
1135.1321672305176	0.05430490000003374	epochs	3.0
1135.1864721305176	0.05363420000003316	epochs	3.0
1135.2401063305176	0.10532149999994544	epochs	2.0
1135.2401063305176	0.05297999999993408	epochs	3.0
1135.2930863305176	0.052341500000011365	epochs	3.0
1135.3454278305176	0.10282759999995505	epochs	2.0
1135.3454278305176	0.05171810000001642	epochs	3.0
1135.3971459305176	0.051109499999938635	epochs	3.0
1135.4482554305175	0.10044910000010532	epochs	2.0
1135.4482554305175	0.050514900000052876	epochs	3.0
1135.4987703305176	0.04993420000005244	epochs	3.0
1135.5487045305176	0.0981782999999723	epochs	2.0
1135.5487045305176	0.04936659999998483	epochs	3.0
1135.5980711305176	0.04881169999998747	epochs	3.0
1135.6468828305176	0.09600780000005216	epochs	2.0
1135.6468828305176	0.04826920000004975	epochs	3.0
1135.6951520305176	0.04773860000000241	epochs	3.0
1135.7428906305176	0.09393120000004274	epochs	2.0
1135.7428906305176	0.04721949999998287	epochs	3.0
1135.7901101305176	0.046711700000059864	epochs	3.0
1135.8368218305177	0.09194259999981114	epochs	2.0
1135.8368218305177	0.046214599999984785	epochs	3.0
1135.8830364305177	0.04572799999982635	epochs	3.0
1135.9287644305175	0.09003630000006524	epochs	2.0
1135.9287644305175	0.04525150000017675	epochs	3.0
1135.9740159305177	0.04478479999988849	epochs	3.0
1136.0188007305176	0.08820760000003247	epochs	2.0
1136.0188007305176	0.044327800000019124	epochs	3.0
1136.0631285305176	0.04387980000001335	epochs	3.0
1136.1070083305176	0.0864516999999978	epochs	2.0
1136.1070083305176	0.04344100000002982	epochs	3.0
1136.1504493305176	0.04301069999996798	epochs	3.0
1136.1934600305176	0.08476429999996071	epochs	2.0
1136.1934600305176	0.04258899999990717	epochs	3.0
1136.2360490305175	0.04217530000005354	epochs	3.0
1136.2782243305176	0.08314150000001064	epochs	2.0
1136.2782243305176	0.04176970000003166	epochs	3.0
1136.3199940305176	0.041371799999978975	epochs	3.0
1136.3613658305176	0.08157970000002024	epochs	2.0
1136.3613658305176	0.040981399999964196	epochs	3.0
1136.4023472305175	0.04059830000005604	epochs	3.0
1136.4429455305176	0.08007550000002084	epochs	2.0
1136.4429455305176	0.040222300000095856	epochs	3.0
1136.4831678305177	0.03985319999992498	epochs	3.0
1136.5230210305176	0.07862569999997504	epochs	2.0
1136.5230210305176	0.039490800000066884	epochs	3.0
1136.5625118305177	0.03913489999990816	epochs	3.0
1136.6016467305176	0.07722760000001472	epochs	2.0
1136.6016467305176	0.038785400000051595	epochs	3.0
1136.6404321305176	0.03844219999996312	epochs	3.0
1136.6788743305176	0.07587820000003376	epochs	2.0
1136.6788743305176	0.03810479999992822	epochs	3.0
1136.7169791305175	0.03777340000010554	epochs	3.0
1136.7547525305176	0.0745752000000266	epochs	2.0
1136.7547525305176	0.03744770000002973	epochs	3.0
1136.7922002305177	0.03712749999999687	epochs	3.0
1136.8293277305177	0.07331629999998768	epochs	2.0
1136.8293277305177	0.03681289999985893	epochs	3.0
1136.8661406305175	0.03650340000012875	epochs	3.0
1136.9026440305176	0.07209899999998015	epochs	2.0
1136.9026440305176	0.03619909999997617	epochs	3.0
1136.9388431305176	0.03589990000000398	epochs	3.0
1136.9747430305176	0.07092169999987163	epochs	2.0
1136.9747430305176	0.03560560000005353	epochs	3.0
1137.0103486305177	0.03531609999981811	epochs	3.0
1137.0456647305175	0.06978200000003199	epochs	2.0
1137.0456647305175	0.03503120000004856	epochs	3.0
1137.0806959305175	0.03475079999998343	epochs	3.0
1137.1154467305175	0.06867860000011206	epochs	2.0
1137.1154467305175	0.03447510000000875	epochs	3.0
1137.1499218305175	0.034203500000103304	epochs	3.0
1137.1841253305176	0.06760929999995824	epochs	2.0
1137.1841253305176	0.033936199999970995	epochs	3.0
1137.2180615305176	0.033673099999987244	epochs	3.0
1137.2517346305176	0.06657289999998284	epochs	2.0
1137.2517346305176	0.03341399999999339	epochs	3.0
1137.2851486305176	0.033158899999989444	epochs	3.0
1137.3183075305176	0.06556780000005347	epochs	2.0
1137.3183075305176	0.03290769999989607	epochs	3.0
1137.3512152305175	0.0326601000001574	epochs	3.0
1137.3838753305176	0.06459259999996902	epochs	2.0
1137.3838753305176	0.03241639999987456	epochs	3.0
1137.4162917305175	0.03217620000009447	epochs	3.0
1137.4484679305176	0.06364600000006249	epochs	2.0
1137.4484679305176	0.03193959999998697	epochs	3.0
1137.4804075305176	0.03170640000007552	epochs	3.0
1137.5121139305177	0.0627266999999847	epochs	2.0
1137.5121139305177	0.031476599999905375	epochs	3.0
1137.5435905305176	0.03125010000007933	epochs	3.0
1137.5748406305177	0.06183359999999993	epochs	2.0
1137.5748406305177	0.03102689999991526	epochs	3.0
1137.6058675305176	0.030806700000084675	epochs	3.0
1137.6366742305177	0.060965599999917686	epochs	2.0
1137.6366742305177	0.030589799999916067	epochs	3.0
1137.6672640305176	0.030375800000001618	epochs	3.0
1137.6976398305176	0.06012160000000222	epochs	2.0
1137.6976398305176	0.030164900000045236	epochs	3.0
1137.7278047305176	0.02995669999995698	epochs	3.0
1137.7577614305176	0.05930069999999432	epochs	2.0
1137.7577614305176	0.029751600000054168	epochs	3.0
1137.7875130305176	0.029549099999940154	epochs	3.0
1137.8170621305176	0.05850179999993088	epochs	2.0
1137.8170621305176	0.02934940000000097	epochs	3.0
1137.8464115305176	0.029152399999929912	epochs	3.0
1137.8755639305175	0.05772420000016609	epochs	2.0
1137.8755639305175	0.028958000000102402	epochs	3.0
1137.9045219305176	0.02876620000006369	epochs	3.0
1137.9332881305177	0.056967099999837956	epochs	2.0
1137.9332881305177	0.02857699999981378	epochs	3.0
1137.9618651305175	0.028390100000024177	epochs	3.0
1137.9902552305175	0.05622949999997218	epochs	2.0
1137.9902552305175	0.02820570000017142	epochs	3.0
1138.0184609305177	0.028023799999800758	epochs	3.0
1138.0464847305175	0.05551070000001346	epochs	2.0
1138.0464847305175	0.027844000000186497	epochs	3.0
1138.0743287305177	0.02766669999982696	epochs	3.0
1138.1019954305175	0.054810200000019904	epochs	2.0
1138.1019954305175	0.02749149999999645	epochs	3.0
1138.1294869305175	0.027318700000023455	epochs	3.0
1138.1568056305175	0.05412700000010773	epochs	2.0
1138.1568056305175	0.027147799999966082	epochs	3.0
1138.1839534305175	0.026979200000141645	epochs	3.0
1138.2109326305176	0.053460699999959616	epochs	2.0
1138.2109326305176	0.02681259999985741	epochs	3.0
1138.2377452305175	0.026648100000102204	epochs	3.0
1138.2643933305176	0.05281070000000909	epochs	2.0
1138.2643933305176	0.0264855999998872	epochs	3.0
1138.2908789305175	0.026325100000121893	epochs	3.0
1138.3172040305176	0.05217620000007628	epochs	2.0
1138.3172040305176	0.026166399999965506	epochs	3.0
1138.3433704305176	0.026009800000110772	epochs	3.0
1138.3693802305177	0.051556699999991906	epochs	2.0
1138.3693802305177	0.025854799999933675	epochs	3.0
1138.3952350305176	0.02570190000005823	epochs	3.0
1138.4209369305177	0.05095189999997274	epochs	2.0
1138.4209369305177	0.025550699999939752	epochs	3.0
1138.4464876305176	0.025401200000032986	epochs	3.0
1138.4718888305176	0.050360999999838896	epochs	2.0
1138.4718888305176	0.025253499999962514	epochs	3.0
1138.4971423305176	0.02510749999987638	epochs	3.0
1138.5222498305175	0.04978380000011384	epochs	2.0
1138.5222498305175	0.02496320000000196	epochs	3.0
1138.5472130305175	0.02482060000011188	epochs	3.0
1138.5720336305176	0.04921949999993558	epochs	2.0
1138.5720336305176	0.024679399999968155	epochs	3.0
1138.5967130305175	0.024540099999967424	epochs	3.0
1138.6212531305175	0.04866790000005494	epochs	2.0
1138.6212531305175	0.024402100000088467	epochs	3.0
1138.6456552305176	0.024265799999966475	epochs	3.0
1138.6699210305176	0.048128599999927246	epochs	2.0
1138.6699210305176	0.02413099999989754	epochs	3.0
1138.6940520305175	0.023997600000029706	epochs	3.0
1138.7180496305175	0.047601100000065344	epochs	2.0
1138.7180496305175	0.023865800000066884	epochs	3.0
1138.7419154305176	0.02373529999999846	epochs	3.0
1138.7656507305176	0.04708499999992455	epochs	2.0
1138.7656507305176	0.023606299999983094	epochs	3.0
1138.7892570305175	0.023478699999941455	epochs	3.0
1138.8127357305175	0.04658000000017637	epochs	2.0
1138.8127357305175	0.023352500000100918	epochs	3.0
1138.8360882305176	0.02322750000007545	epochs	3.0
1138.8593157305177	0.04608569999982137	epochs	2.0
1138.8593157305177	0.02310399999987567	epochs	3.0
1138.8824197305175	0.022981699999945704	epochs	3.0
1138.9054014305175	0.045601799999985815	epochs	2.0
1138.9054014305175	0.022860700000137513	epochs	3.0
1138.9282621305176	0.022741099999848302	epochs	3.0
1138.9510032305175	0.04512790000012501	epochs	2.0
1138.9510032305175	0.022622500000125	epochs	3.0
1138.9736257305176	0.02250540000000001	epochs	3.0
1138.9961311305176	0.0446638000000803	epochs	2.0
1138.9961311305176	0.02238929999998618	epochs	3.0
1139.0185204305176	0.022274500000094122	epochs	3.0
1139.0407949305177	0.044209199999841076	epochs	2.0
1139.0407949305177	0.022160799999937808	epochs	3.0
1139.0629557305176	0.022048399999903268	epochs	3.0
1139.0850041305175	0.04376360000014756	epochs	2.0
1139.0850041305175	0.021936900000127935	epochs	3.0
1139.1069410305176	0.021826700000019628	epochs	3.0
1139.1287677305177	0.04332709999994222	epochs	2.0
1139.1287677305177	0.021717599999874437	epochs	3.0
1139.1504853305175	0.021609500000067783	epochs	3.0
1139.1720948305176	0.04289900000003399	epochs	2.0
1139.1720948305176	0.02150249999999687	epochs	3.0
1139.1935973305176	0.021396500000037122	epochs	3.0
1139.2149938305176	0.04247949999989942	epochs	2.0
1139.2149938305176	0.021291699999892444	epochs	3.0
1139.2362855305175	0.021187800000006973	epochs	3.0
1139.2574733305175	0.04206790000012006	epochs	2.0
1139.2574733305175	0.02108490000000529	epochs	3.0
1139.2785582305175	0.02098300000011477	epochs	3.0
1139.2995412305177	0.04166439999994509	epochs	2.0
1139.2995412305177	0.020882199999959994	epochs	3.0
1139.3204234305176	0.020782199999985096	epochs	3.0
1139.3412056305176	0.041268499999887354	epochs	2.0
1139.3412056305176	0.020683299999973315	epochs	3.0
1139.3618889305176	0.02058519999991404	epochs	3.0
1139.3824741305175	0.04088000000001557	epochs	2.0
1139.3824741305175	0.0204881000001933	epochs	3.0
1139.4029622305177	0.02039189999982227	epochs	3.0
1139.4233541305175	0.04049880000002304	epochs	2.0
1139.4233541305175	0.0202966000001652	epochs	3.0
1139.4436507305177	0.02020219999985784	epochs	3.0
1139.4638529305175	0.04012460000012652	epochs	2.0
1139.4638529305175	0.02010870000003706	epochs	3.0
1139.4839616305176	0.02001590000008946	epochs	3.0
1139.5039775305177	0.03975730000001931	epochs	2.0
1139.5039775305177	0.0199241999998776	epochs	3.0
1139.5239017305175	0.019833100000141712	epochs	3.0
1139.5437348305177	0.03939669999999751	epochs	2.0
1139.5437348305177	0.019742999999834865	epochs	3.0
1139.5634778305175	0.019653700000162644	epochs	3.0
1139.5831315305177	0.03904239999997117	epochs	2.0
1139.5831315305177	0.019565099999908853	epochs	3.0
1139.6026966305176	0.019477300000062314	epochs	3.0
1139.6221739305176	0.03869459999987157	epochs	2.0
1139.6221739305176	0.019390400000020236	epochs	3.0
1139.6415643305177	0.019304199999851335	epochs	3.0
1139.6608685305175	0.03835290000006353	epochs	2.0
1139.6608685305175	0.019218800000089686	epochs	3.0
1139.6800873305176	0.01913409999997384	epochs	3.0
1139.6992214305176	0.03801720000001296	epochs	2.0
1139.6992214305176	0.019050200000037876	epochs	3.0
1139.7182716305176	0.018966999999975087	epochs	3.0
1139.7372386305176	0.03768719999993664	epochs	2.0
1139.7372386305176	0.01888450000001285	epochs	3.0
1139.7561231305176	0.01880269999992379	epochs	3.0
1139.7749258305175	0.03736309999999321	epochs	2.0
1139.7749258305175	0.018721700000014607	epochs	3.0
1139.7936475305175	0.018641399999978603	epochs	3.0
1139.8122889305175	0.037044300000161456	epochs	2.0
1139.8122889305175	0.018561600000111866	epochs	3.0
1139.8308505305176	0.01848270000004959	epochs	3.0
1139.8493332305177	0.03673099999991791	epochs	2.0
1139.8493332305177	0.018404299999929208	epochs	3.0
1139.8677375305176	0.018326699999988705	epochs	3.0
1139.8860642305176	0.03642289999993409	epochs	2.0
1139.8860642305176	0.018249599999990096	epochs	3.0
1139.9043138305176	0.018173299999943993	epochs	3.0
1139.9224871305175	0.03612010000006194	epochs	2.0
1139.9224871305175	0.018097600000146485	epochs	3.0
1139.9405847305177	0.018022499999915453	epochs	3.0
1139.9586072305176	0.03582209999990482	epochs	2.0
1139.9586072305176	0.017947900000081063	epochs	3.0
1139.9765551305177	0.01787419999982376	epochs	3.0
1139.9944293305175	0.03552899999999681	epochs	2.0
1139.9944293305175	0.017800800000031813	epochs	3.0
1140.0122301305175	0.017728199999965	epochs	3.0
1140.0299583305175	0.03524070000003121	epochs	2.0
1140.0299583305175	0.017656100000067454	epochs	3.0
1140.0476144305176	0.017584599999963757	epochs	3.0
1140.0651990305175	0.03495710000015606	epochs	2.0
1140.0651990305175	0.017513700000108656	epochs	3.0
1140.0827127305176	0.017443400000047404	epochs	3.0
1140.1001561305177	0.034677899999906	epochs	2.0
1140.1001561305177	0.017373599999928047	epochs	3.0
1140.1175297305176	0.017304299999977957	epochs	3.0
1140.1348340305176	0.03440329999989444	epochs	2.0
1140.1348340305176	0.017235699999901044	epochs	3.0
1140.1520697305175	0.0171675999999934	epochs	3.0
1140.1692373305175	0.034132800000179486	epochs	2.0
1140.1692373305175	0.017099900000175694	epochs	3.0
1140.1863372305177	0.017032900000003792	epochs	3.0
1140.2033701305177	0.03386669999986225	epochs	2.0
1140.2033701305177	0.01696640000000116	epochs	3.0
1140.2203365305177	0.01690029999986109	epochs	3.0
1140.2372368305175	0.03360459999998966	epochs	2.0
1140.2372368305175	0.01683479999996962	epochs	3.0
1140.2540716305175	0.01676980000002004	epochs	3.0
1140.2708414305175	0.033346599999958926	epochs	2.0
1140.2708414305175	0.016705300000012357	epochs	3.0
1140.2875467305175	0.01664129999994657	epochs	3.0
1140.3041880305175	0.03309250000006614	epochs	2.0
1140.3041880305175	0.016577800000050047	epochs	3.0
1140.3207658305175	0.01651470000001609	epochs	3.0
1140.3372805305175	0.032842300000083924	epochs	2.0
1140.3372805305175	0.01645220000000336	epochs	3.0
1140.3537327305175	0.016390100000080565	epochs	3.0
1140.3701228305176	0.03259570000000167	epochs	2.0
1140.3701228305176	0.016328400000020338	epochs	3.0
1140.3864512305177	0.016267299999981333	epochs	3.0
1140.4027185305176	0.032352899999978035	epochs	2.0
1140.4027185305176	0.016206600000032267	epochs	3.0
1140.4189251305177	0.016146299999945768	epochs	3.0
1140.4350714305176	0.03211369999985436	epochs	2.0
1140.4350714305176	0.01608659999988049	epochs	3.0
1140.4511580305175	0.01602709999997387	epochs	3.0
1140.4671851305175	0.03187800000000607	epochs	2.0
1140.4671851305175	0.015968200000088473	epochs	3.0
1140.4831533305176	0.015909799999917595	epochs	3.0
1140.4990631305175	0.03164570000012645	epochs	2.0
1140.4990631305175	0.01585160000013275	epochs	3.0
1140.5149147305176	0.015794099999993705	epochs	3.0
1140.5307088305176	0.031416699999908815	epochs	2.0
1140.5307088305176	0.01573669999993399	epochs	3.0
1140.5464455305175	0.015679999999974825	epochs	3.0
1140.5621255305175	0.031191100000114602	epochs	2.0
1140.5621255305175	0.015623600000026272	epochs	3.0
1140.5777491305175	0.01556750000008833	epochs	3.0
1140.5933166305176	0.030968699999903038	epochs	2.0
1140.5933166305176	0.015511999999944237	epochs	3.0
1140.6088286305176	0.0154566999999588	epochs	3.0
1140.6242853305175	0.030749499999956242	epochs	2.0
1140.6242853305175	0.015401999999994587	epochs	3.0
1140.6396873305175	0.015347499999961656	epochs	3.0
1140.6550348305175	0.03053320000003623	epochs	2.0
1140.6550348305175	0.015293400000018664	epochs	3.0
1140.6703282305175	0.015239800000017567	epochs	3.0
1140.6855680305175	0.030320100000153616	epochs	2.0
1140.6855680305175	0.015186500000027081	epochs	3.0
1140.7007545305175	0.015133600000126535	epochs	3.0
1140.7158881305177	0.030109899999843037	epochs	2.0
1140.7158881305177	0.015081000000009226	epochs	3.0
1140.7309691305177	0.015028899999833811	epochs	3.0
1140.7459980305175	0.029902500000162036	epochs	2.0
1140.7459980305175	0.014977000000044427	epochs	3.0
1140.7609750305176	0.014925500000117609	epochs	3.0
1140.7759005305177	0.029698099999905025	epochs	2.0
1140.7759005305177	0.014874399999825982	epochs	3.0
1140.7907749305175	0.014823700000079043	epochs	3.0
1140.8055986305176	0.029496299999891562	epochs	2.0
1140.8055986305176	0.014773200000036013	epochs	3.0
1140.8203718305176	0.014723099999855549	epochs	3.0
1140.8350949305175	0.029297400000132257	epochs	2.0
1140.8350949305175	0.014673400000219772	epochs	3.0
1140.8497683305177	0.014623999999912485	epochs	3.0
1140.8643923305176	0.029101099999934377	epochs	2.0
1140.8643923305176	0.014574900000070556	epochs	3.0
1140.8789672305177	0.01452619999986382	epochs	3.0
1140.8934934305175	0.028907399999980044	epochs	2.0
1140.8934934305175	0.014477700000043114	epochs	3.0
1140.9079711305176	0.014429699999936929	epochs	3.0
1140.9224008305175	0.028716199999962555	epochs	2.0
1140.9224008305175	0.014381800000137446	epochs	3.0
1140.9367826305177	0.01433439999982511	epochs	3.0
1140.9511170305175	0.028527600000188613	epochs	2.0
1140.9511170305175	0.014287200000126177	epochs	3.0
1140.9654042305176	0.014240400000062436	epochs	3.0
1140.9796446305177	0.02834139999981744	epochs	2.0
1140.9796446305177	0.014193799999929979	epochs	3.0
1140.9938384305176	0.014147599999887461	epochs	3.0
1141.0079860305175	0.028157700000065233	epochs	2.0
1141.0079860305175	0.014101700000082928	epochs	3.0
1141.0220877305176	0.014055999999982305	epochs	3.0
1141.0361437305176	0.027976300000091214	epochs	2.0
1141.0361437305176	0.014010600000119666	epochs	3.0
1141.0501543305177	0.013965699999971548	epochs	3.0
1141.0641200305176	0.027797199999895383	epochs	2.0
1141.0641200305176	0.013920800000050804	epochs	3.0
1141.0780408305177	0.01387639999984458	epochs	3.0
1141.0919172305175	0.027620399999932488	epochs	2.0
1141.0919172305175	0.013832200000024386	epochs	3.0
1141.1057494305176	0.013788199999908102	epochs	3.0
1141.1195376305175	0.027445900000202528	epochs	2.0
1141.1195376305175	0.01374460000010913	epochs	3.0
1141.1332822305176	0.013701300000093397	epochs	3.0
1141.1469835305177	0.027273499999864725	epochs	2.0
1141.1469835305177	0.013658200000008947	epochs	3.0
1141.1606417305177	0.013615299999855779	epochs	3.0
1141.1742570305175	0.027103399999987232	epochs	2.0
1141.1742570305175	0.013572800000019924	epochs	3.0
1141.1878298305176	0.013530599999967308	epochs	3.0
1141.2013604305175	0.02693520000002536	epochs	2.0
1141.2013604305175	0.013488400000142065	epochs	3.0
1141.2148488305177	0.013446799999883297	epochs	3.0
1141.2282956305176	0.026769199999989723	epochs	2.0
1141.2282956305176	0.013405200000079276	epochs	3.0
1141.2417008305176	0.013363999999910448	epochs	3.0
1141.2550648305175	0.026605199999949036	epochs	2.0
1141.2550648305175	0.013322900000048321	epochs	3.0
1141.2683877305176	0.013282299999900715	epochs	3.0
1141.2816700305175	0.026443200000130673	epochs	2.0
1141.2816700305175	0.013241699999980483	epochs	3.0
1141.2949117305175	0.01320150000015019	epochs	3.0
1141.3081132305176	0.026283199999852513	epochs	2.0
1141.3081132305176	0.013161500000023807	epochs	3.0
1141.3212747305176	0.013121699999828706	epochs	3.0
1141.3343964305175	0.02612500000009277	epochs	2.0
1141.3343964305175	0.013082100000019636	epochs	3.0
1141.3474785305175	0.013042900000073132	epochs	3.0
1141.3605214305176	0.025968899999952555	epochs	2.0
1141.3605214305176	0.01300390000005791	epochs	3.0
1141.3735253305176	0.012964999999894644	epochs	3.0
1141.3864903305175	0.025814500000024054	epochs	2.0
1141.3864903305175	0.012926399999969362	epochs	3.0
1141.3994167305175	0.012888100000054692	epochs	3.0
1141.4123048305175	0.025661899999931848	epochs	2.0
1141.4123048305175	0.012849899999991976	epochs	3.0
1141.4251547305175	0.012811999999939871	epochs	3.0
1141.4379667305175	0.02551120000021001	epochs	2.0
1141.4379667305175	0.012774400000125752	epochs	3.0
1141.4507411305176	0.012736800000084258	epochs	3.0
1141.4634779305177	0.02536229999986972	epochs	2.0
1141.4634779305177	0.01269969999998466	epochs	3.0
1141.4761776305177	0.01266259999988506	epochs	3.0
1141.4888402305176	0.02521500000011656	epochs	2.0
1141.4888402305176	0.012625800000023446	epochs	3.0
1141.5014660305176	0.012589200000093115	epochs	3.0
1141.5140552305177	0.024584799999956886	epochs	2.0
1141.5358485305176	0.5	epochs	-1.0
1141.5386400305176	0.9999199999999746	epochs	1.0
1142.0358485305176	0.5	epochs	-1.0
1143.8669996261597	0.17064000000004853	epochs	0.0
1143.8669996261597	0.0803201999999601	epochs	1.0
1143.9473198261596	0.00999960000012834	epochs	1.0
1143.9573194261598	0.0803201999999601	epochs	1.0
1144.0376396261597	2.0	epochs	0.0
1146.0376396261597	0.52895999999987	epochs	0.0
1146.0376396261597	0.52895999999987	epochs	1.0
1146.0376481261596	0.5	epochs	-1.0
1146.5376481261596	0.028951499999948282	epochs	-1.0
1146.5665996261596	21.470960000000105	epochs	0.0
1147.6840000152588	0.17064000000004853	epochs	0.0
1147.6840000152588	0.0803201999999601	epochs	1.0
1147.7643202152587	0.00999960000012834	epochs	1.0
1147.7743198152589	0.0803201999999601	epochs	1.0
1147.8546400152588	2.0	epochs	0.0
1149.8546400152588	0.52895999999987	epochs	0.0
1149.8546400152588	0.52895999999987	epochs	1.0
1149.8546485152588	0.5	epochs	-1.0
1150.3546485152588	0.028951499999948282	epochs	-1.0
1150.3836000152587	21.470960000000105	epochs	0.0
1151.516999721527	0.17064000000004853	epochs	0.0
1151.516999721527	0.0803201999999601	epochs	1.0
1151.597319921527	0.00999960000012834	epochs	1.0
1151.6073195215272	0.0803201999999601	epochs	1.0
1151.6876397215271	2.0	epochs	0.0
1153.6876397215271	0.52895999999987	epochs	0.0
1153.6876397215271	0.52895999999987	epochs	1.0
1153.687648221527	0.5	epochs	-1.0
1154.187648221527	0.028951499999948282	epochs	-1.0
1154.216599721527	21.470960000000105	epochs	0.0
1155.316999912262	0.17064000000004853	epochs	0.0
1155.316999912262	0.0803201999999601	epochs	1.0
1155.397320112262	0.00999960000012834	epochs	1.0
1155.407319712262	0.0803201999999601	epochs	1.0
1155.487639912262	2.0	epochs	0.0
1157.487639912262	5.369040000000041	epochs	0.0
1157.487639912262	1.0	epochs	1.0
1157.487648412262	0.5	epochs	-1.0
1157.987648412262	4.869031500000119	epochs	-1.0
1158.487639912262	4.369040000000041	epochs	1.0
1158.487639912262	4.356753900000058	epochs	-1.0
1158.487639912262	1.9745871999998599	epochs	2.0
1158.487639912262	1.0985622000000603	epochs	3.0
1159.586202112262	0.8760249999997995	epochs	3.0
1160.4622271122619	1.3524075000000266	epochs	2.0
1160.4622271122619	0.7286355000001095	epochs	3.0
1161.190862612262	0.6237719999999172	epochs	3.0
1161.814634612262	1.0297592000001714	epochs	2.0
1161.814634612262	0.5453293000000485	epochs	3.0
1162.359963912262	0.48442990000012287	epochs	3.0
1162.844393812262	0.01228609999998298	epochs	2.0
1162.844393812262	0.01228609999998298	epochs	3.0
1162.856679912262	16.630879999999934	epochs	0.0
1163.9839997291565	0.17064000000004853	epochs	0.0
1163.9839997291565	0.0803201999999601	epochs	1.0
1164.0643199291565	0.00999960000012834	epochs	1.0
1164.0743195291566	0.0803201999999601	epochs	1.0
1164.1546397291565	2.0	epochs	0.0
1166.1546397291565	5.369040000000041	epochs	0.0
1166.1546397291565	1.0	epochs	1.0
1166.1546482291565	0.5	epochs	-1.0
1166.6546482291565	4.869031500000119	epochs	-1.0
1167.1546397291565	4.369040000000041	epochs	1.0
1167.1546397291565	4.356753900000058	epochs	-1.0
1167.1546397291565	1.9745871999998599	epochs	2.0
1167.1546397291565	1.0985622000000603	epochs	3.0
1168.2532019291566	0.8760249999997995	epochs	3.0
1169.1292269291564	1.3524075000000266	epochs	2.0
1169.1292269291564	0.7286355000001095	epochs	3.0
1169.8578624291565	0.6237719999999172	epochs	3.0
1170.4816344291564	1.0297592000001714	epochs	2.0
1170.4816344291564	0.5453293000000485	epochs	3.0
1171.0269637291565	0.48442990000012287	epochs	3.0
1171.5113936291566	0.01228609999998298	epochs	2.0
1171.5113936291566	0.01228609999998298	epochs	3.0
1171.5236797291566	16.630879999999934	epochs	0.0
1190.4629998207092	0.17064000000004853	epochs	0.0
1190.4629998207092	0.0803201999999601	epochs	1.0
1190.5433200207092	0.00999960000012834	epochs	1.0
1190.5533196207093	0.0803201999999601	epochs	1.0
1190.6336398207093	0.2299199999999928	epochs	0.0
1190.6336398207093	0.049999999999954525	epochs	1.0
1190.6836398207092	0.009999999999990905	epochs	1.0
1190.6936398207092	0.049999999999954525	epochs	1.0
1190.7436398207092	0.009999999999990905	epochs	1.0
1190.7536398207092	0.049999999999954525	epochs	1.0
1190.8036398207091	0.010000000000218279	epochs	1.0
1190.8136398207093	0.04991999999992913	epochs	1.0
1369.33899974823	0.17064000000004853	epochs	0.0
1369.33899974823	0.0803201999999601	epochs	1.0
1369.41931994823	0.00999960000012834	epochs	1.0
1369.42931954823	0.0803201999999601	epochs	1.0
1369.50963974823	2.9999199999999746	epochs	0.0
1369.50963974823	1.0	epochs	1.0
1370.50963974823	1.0	epochs	1.0
1371.50963974823	0.9999199999999746	epochs	1.0
1373.6499996185303	0.17064000000004853	epochs	0.0
1373.6499996185303	0.0803201999999601	epochs	1.0
1373.7303198185302	0.00999960000012834	epochs	1.0
1373.7403194185304	0.0803201999999601	epochs	1.0
1373.8206396185303	2.9999199999999746	epochs	0.0
1373.8206396185303	1.0	epochs	1.0
1374.8206396185303	1.0	epochs	1.0
1375.8206396185303	0.9999199999999746	epochs	1.0
1377.8999996185303	0.17064000000004853	epochs	0.0
1377.8999996185303	0.0803201999999601	epochs	1.0
1377.9803198185302	0.00999960000012834	epochs	1.0
1377.9903194185304	0.0803201999999601	epochs	1.0
1378.0706396185303	2.9999199999999746	epochs	0.0
1378.0706396185303	1.0	epochs	1.0
1379.0706396185303	1.0	epochs	1.0
1380.0706396185303	0.9999199999999746	epochs	1.0
1382.1079998016357	0.17064000000004853	epochs	0.0
1382.1079998016357	0.0803201999999601	epochs	1.0
1382.1883200016357	0.00999960000012834	epochs	1.0
1382.1983196016358	0.0803201999999601	epochs	1.0
1382.2786398016358	2.9999199999999746	epochs	0.0
1382.2786398016358	1.0	epochs	1.0
1383.2786398016358	1.0	epochs	1.0
1384.2786398016358	0.9999199999999746	epochs	1.0
1386.3249998092651	0.17064000000004853	epochs	0.0
1386.3249998092651	0.0803201999999601	epochs	1.0
1386.405320009265	0.00999960000012834	epochs	1.0
1386.4153196092652	0.0803201999999601	epochs	1.0
1386.4956398092652	2.9999199999999746	epochs	0.0
1386.4956398092652	1.0	epochs	1.0
1387.4956398092652	1.0	epochs	1.0
1388.4956398092652	0.9999199999999746	epochs	1.0
1390.5579996109009	0.17064000000004853	epochs	0.0
1390.5579996109009	0.0803201999999601	epochs	1.0
1390.6383198109008	0.00999960000012834	epochs	1.0
1390.648319410901	0.0803201999999601	epochs	1.0
1390.728639610901	2.9999199999999746	epochs	0.0
1390.728639610901	1.0	epochs	1.0
1391.728639610901	1.0	epochs	1.0
1392.728639610901	0.9999199999999746	epochs	1.0
1394.8559999465942	0.17064000000004853	epochs	0.0
1394.8559999465942	0.0803201999999601	epochs	1.0
1394.9363201465942	0.00999960000012834	epochs	1.0
1394.9463197465943	0.0803201999999601	epochs	1.0
1395.0266399465943	2.9999199999999746	epochs	0.0
1395.0266399465943	1.0	epochs	1.0
1396.0266399465943	1.0	epochs	1.0
1397.0266399465943	0.9999199999999746	epochs	1.0
1399.1719999313354	0.17064000000004853	epochs	0.0
1399.1719999313354	0.0803201999999601	epochs	1.0
1399.2523201313354	0.00999960000012834	epochs	1.0
1399.2623197313355	0.0803201999999601	epochs	1.0
1399.3426399313355	2.9999199999999746	epochs	0.0
1399.3426399313355	1.0	epochs	1.0
1400.3426399313355	1.0	epochs	1.0
1401.3426399313355	0.9999199999999746	epochs	1.0
1403.4899997711182	0.17064000000004853	epochs	0.0
1403.4899997711182	0.0803201999999601	epochs	1.0
1403.5703199711181	0.00999960000012834	epochs	1.0
1403.5803195711183	0.0803201999999601	epochs	1.0
1403.6606397711182	2.9999199999999746	epochs	0.0
1403.6606397711182	1.0	epochs	1.0
1404.6606397711182	1.0	epochs	1.0
1405.6606397711182	0.9999199999999746	epochs	1.0
1407.8399996757507	0.17064000000004853	epochs	0.0
1407.8399996757507	0.0803201999999601	epochs	1.0
1407.9203198757507	0.00999960000012834	epochs	1.0
1407.9303194757508	0.0803201999999601	epochs	1.0
1408.0106396757508	2.9999199999999746	epochs	0.0
1408.0106396757508	1.0	epochs	1.0
1409.0106396757508	1.0	epochs	1.0
1410.0106396757508	0.9999199999999746	epochs	1.0
1412.2149996757507	0.17064000000004853	epochs	0.0
1412.2149996757507	0.0803201999999601	epochs	1.0
1412.2953198757507	0.00999960000012834	epochs	1.0
1412.3053194757508	0.0803201999999601	epochs	1.0
1412.3856396757508	2.9999199999999746	epochs	0.0
1412.3856396757508	1.0	epochs	1.0
1413.3856396757508	1.0	epochs	1.0
1414.3856396757508	0.9999199999999746	epochs	1.0
1416.4309997558594	0.17064000000004853	epochs	0.0
1416.4309997558594	0.0803201999999601	epochs	1.0
1416.5113199558593	0.00999960000012834	epochs	1.0
1416.5213195558595	0.0803201999999601	epochs	1.0
1416.6016397558594	2.9999199999999746	epochs	0.0
1416.6016397558594	1.0	epochs	1.0
1417.6016397558594	1.0	epochs	1.0
1418.6016397558594	0.9999199999999746	epochs	1.0
1420.7479996681213	0.17064000000004853	epochs	0.0
1420.7479996681213	0.0803201999999601	epochs	1.0
1420.8283198681213	0.00999960000012834	epochs	1.0
1420.8383194681214	0.0803201999999601	epochs	1.0
1420.9186396681214	2.9999199999999746	epochs	0.0
1420.9186396681214	1.0	epochs	1.0
1421.9186396681214	1.0	epochs	1.0
1422.9186396681214	0.9999199999999746	epochs	1.0
1425.0379996299744	0.17064000000004853	epochs	0.0
1425.0379996299744	0.0803201999999601	epochs	1.0
1425.1183198299743	0.00999960000012834	epochs	1.0
1425.1283194299745	0.0803201999999601	epochs	1.0
1425.2086396299744	2.9999199999999746	epochs	0.0
1425.2086396299744	1.0	epochs	1.0
1426.2086396299744	1.0	epochs	1.0
1427.2086396299744	0.9999199999999746	epochs	1.0
1429.3049998283386	0.17064000000004853	epochs	0.0
1429.3049998283386	0.0803201999999601	epochs	1.0
1429.3853200283386	0.00999960000012834	epochs	1.0
1429.3953196283387	0.0803201999999601	epochs	1.0
1429.4756398283387	2.9999199999999746	epochs	0.0
1429.4756398283387	1.0	epochs	1.0
1430.4756398283387	1.0	epochs	1.0
1431.4756398283387	0.9999199999999746	epochs	1.0
1433.670000076294	0.17064000000004853	epochs	0.0
1433.670000076294	0.0803201999999601	epochs	1.0
1433.750320276294	0.00999960000012834	epochs	1.0
1433.760319876294	0.0803201999999601	epochs	1.0
1433.840640076294	2.9999199999999746	epochs	0.0
1433.840640076294	1.0	epochs	1.0
1434.840640076294	1.0	epochs	1.0
1435.840640076294	0.9999199999999746	epochs	1.0
1437.9539999961853	0.17064000000004853	epochs	0.0
1437.9539999961853	0.0803201999999601	epochs	1.0
1438.0343201961853	0.00999960000012834	epochs	1.0
1438.0443197961854	0.0803201999999601	epochs	1.0
1438.1246399961854	2.9999199999999746	epochs	0.0
1438.1246399961854	1.0	epochs	1.0
1439.1246399961854	1.0	epochs	1.0
1440.1246399961854	0.9999199999999746	epochs	1.0
1442.2909998893738	0.17064000000004853	epochs	0.0
1442.2909998893738	0.0803201999999601	epochs	1.0
1442.3713200893737	0.00999960000012834	epochs	1.0
1442.3813196893739	0.0803201999999601	epochs	1.0
1442.4616398893738	2.9999199999999746	epochs	0.0
1442.4616398893738	1.0	epochs	1.0
1443.4616398893738	1.0	epochs	1.0
1444.4616398893738	0.9999199999999746	epochs	1.0
1446.5579996109009	0.17064000000004853	epochs	0.0
1446.5579996109009	0.0803201999999601	epochs	1.0
1446.6383198109008	0.00999960000012834	epochs	1.0
1446.648319410901	0.0803201999999601	epochs	1.0
1446.728639610901	2.9999199999999746	epochs	0.0
1446.728639610901	1.0	epochs	1.0
1447.728639610901	1.0	epochs	1.0
1448.728639610901	0.9999199999999746	epochs	1.0
1450.8410000801086	0.17064000000004853	epochs	0.0
1450.8410000801086	0.0803201999999601	epochs	1.0
1450.9213202801086	0.00999960000012834	epochs	1.0
1450.9313198801087	0.0803201999999601	epochs	1.0
1451.0116400801087	2.9999199999999746	epochs	0.0
1451.0116400801087	0.8999999999998636	epochs	1.0
1451.9116400801086	0.10000000000013642	epochs	1.0
1452.0116400801087	1.0	epochs	1.0
1453.0116400801087	0.9999199999999746	epochs	1.0
1455.1669998168945	0.17064000000004853	epochs	0.0
1455.1669998168945	0.0803201999999601	epochs	1.0
1455.2473200168945	0.00999960000012834	epochs	1.0
1455.2573196168946	0.0803201999999601	epochs	1.0
1455.3376398168946	2.9999199999999746	epochs	0.0
1455.3376398168946	0.8999999999998636	epochs	1.0
1456.2376398168944	0.10000000000013642	epochs	1.0
1456.3376398168946	1.0	epochs	1.0
1457.3376398168946	0.9999199999999746	epochs	1.0
1459.4839997291565	0.17064000000004853	epochs	0.0
1459.4839997291565	0.0803201999999601	epochs	1.0
1459.5643199291565	0.00999960000012834	epochs	1.0
1459.5743195291566	0.0803201999999601	epochs	1.0
1459.6546397291565	2.9999199999999746	epochs	0.0
1459.6546397291565	0.8999999999998636	epochs	1.0
1460.5546397291564	0.10000000000013642	epochs	1.0
1460.6546397291565	1.0	epochs	1.0
1461.6546397291565	0.9999199999999746	epochs	1.0
1463.8099999427795	0.17064000000004853	epochs	0.0
1463.8099999427795	0.0803201999999601	epochs	1.0
1463.8903201427795	0.00999960000012834	epochs	1.0
1463.9003197427796	0.0803201999999601	epochs	1.0
1463.9806399427796	2.9999199999999746	epochs	0.0
1463.9806399427796	0.8999999999998636	epochs	1.0
1464.8806399427795	0.10000000000013642	epochs	1.0
1464.9806399427796	1.0	epochs	1.0
1465.9806399427796	0.9999199999999746	epochs	1.0
1468.0929999351501	0.17064000000004853	epochs	0.0
1468.0929999351501	0.0803201999999601	epochs	1.0
1468.17332013515	0.00999960000012834	epochs	1.0
1468.1833197351502	0.0803201999999601	epochs	1.0
1468.2636399351502	2.9999199999999746	epochs	0.0
1468.2636399351502	0.8999999999998636	epochs	1.0
1469.16363993515	0.10000000000013642	epochs	1.0
1469.2636399351502	1.0	epochs	1.0
1470.2636399351502	0.9999199999999746	epochs	1.0
1472.4649996757507	0.17064000000004853	epochs	0.0
1472.4649996757507	0.0803201999999601	epochs	1.0
1472.5453198757507	0.00999960000012834	epochs	1.0
1472.5553194757508	0.0803201999999601	epochs	1.0
1472.6356396757508	2.9999199999999746	epochs	0.0
1472.6356396757508	0.8999999999998636	epochs	1.0
1473.5356396757506	0.10000000000013642	epochs	1.0
1473.6356396757508	1.0	epochs	1.0
1474.6356396757508	0.9999199999999746	epochs	1.0
1476.7820000648499	0.17064000000004853	epochs	0.0
1476.7820000648499	0.0803201999999601	epochs	1.0
1476.8623202648498	0.00999960000012834	epochs	1.0
1476.87231986485	0.0803201999999601	epochs	1.0
1476.95264006485	2.9999199999999746	epochs	0.0
1476.95264006485	0.8999999999998636	epochs	1.0
1477.8526400648498	0.10000000000013642	epochs	1.0
1477.95264006485	1.0	epochs	1.0
1478.95264006485	0.9999199999999746	epochs	1.0
1481.2149996757507	0.17064000000004853	epochs	0.0
1481.2149996757507	0.0803201999999601	epochs	1.0
1481.2953198757507	0.00999960000012834	epochs	1.0
1481.3053194757508	0.0803201999999601	epochs	1.0
1481.3856396757508	2.9999199999999746	epochs	0.0
1481.3856396757508	0.8999999999998636	epochs	1.0
1482.2856396757506	0.10000000000013642	epochs	1.0
1482.3856396757508	1.0	epochs	1.0
1483.3856396757508	0.9999199999999746	epochs	1.0
1485.651999950409	0.17064000000004853	epochs	0.0
1485.651999950409	0.0803201999999601	epochs	1.0
1485.732320150409	0.00999960000012834	epochs	1.0
1485.742319750409	0.0803201999999601	epochs	1.0
1485.822639950409	2.9999199999999746	epochs	0.0
1485.822639950409	0.8999999999998636	epochs	1.0
1486.7226399504088	0.10000000000013642	epochs	1.0
1486.822639950409	1.0	epochs	1.0
1487.822639950409	0.9999199999999746	epochs	1.0
1490.0689997673035	0.17064000000004853	epochs	0.0
1490.0689997673035	0.0803201999999601	epochs	1.0
1490.1493199673034	0.00999960000012834	epochs	1.0
1490.1593195673036	0.0803201999999601	epochs	1.0
1490.2396397673035	2.9999199999999746	epochs	0.0
1490.2396397673035	1.0	epochs	1.0
1491.2396397673035	1.0	epochs	1.0
1492.2396397673035	0.9999199999999746	epochs	1.0
1504.3129997253418	0.17064000000004853	epochs	0.0
1504.3129997253418	0.0803201999999601	epochs	1.0
1504.3933199253418	0.00999960000012834	epochs	1.0
1504.4033195253419	0.0803201999999601	epochs	1.0
1504.4836397253418	0.2299199999999928	epochs	0.0
1504.4836397253418	0.049999999999954525	epochs	1.0
1504.5336397253418	0.009999999999990905	epochs	1.0
1504.5436397253418	0.049999999999954525	epochs	1.0
1504.5936397253417	0.009999999999990905	epochs	1.0
1504.6036397253417	0.049999999999954525	epochs	1.0
1504.6536397253417	0.010000000000218279	epochs	1.0
1504.663639725342	0.04991999999992913	epochs	1.0
