onset	duration	nwb_table	treelevel
10.314000129699707	0.09999999999999964	epochs	0.0
10.314000129699707	0.04499999999999993	epochs	1.0
10.359000129699707	0.009999999999999787	epochs	1.0
10.369000129699707	0.04499999999999993	epochs	1.0
10.414000129699707	0.5400500000000008	epochs	0.0
10.414000129699707	0.5	epochs	-1.0
10.414000129699707	0.5	epochs	-1.0
10.414000129699707	0.5	epochs	1.0
10.914000129699707	0.04005000000000081	epochs	-1.0
10.914000129699707	0.025000000000000355	epochs	-1.0
10.914000129699707	0.025000000000000355	epochs	1.0
10.939000129699707	0.009999999999999787	epochs	-1.0
10.939000129699707	0.009999999999999787	epochs	1.0
10.949000129699707	0.005050000000000665	epochs	-1.0
10.949000129699707	0.005050000000000665	epochs	1.0
10.954050129699707	0.16494499999999945	epochs	0.0
11.148000240325928	0.09999999999999964	epochs	0.0
11.148000240325928	0.04499999999999993	epochs	1.0
11.193000240325928	0.009999999999999787	epochs	1.0
11.203000240325927	0.04499999999999993	epochs	1.0
11.248000240325927	0.5401699999999998	epochs	0.0
11.248000240325927	0.5	epochs	-1.0
11.248000240325927	0.5	epochs	-1.0
11.248000240325927	0.5	epochs	1.0
11.748000240325927	0.04016999999999982	epochs	-1.0
11.748000240325927	0.025000000000000355	epochs	-1.0
11.748000240325927	0.025000000000000355	epochs	1.0
11.773000240325928	0.009999999999999787	epochs	-1.0
11.773000240325928	0.009999999999999787	epochs	1.0
11.783000240325928	0.005169999999999675	epochs	-1.0
11.783000240325928	0.005169999999999675	epochs	1.0
11.788170240325927	0.16482500000000044	epochs	0.0
11.948000431060791	0.09999999999999964	epochs	0.0
11.948000431060791	0.04499999999999993	epochs	1.0
11.993000431060791	0.009999999999999787	epochs	1.0
12.00300043106079	0.04499999999999993	epochs	1.0
12.04800043106079	0.5003000000000011	epochs	0.0
12.04800043106079	0.5	epochs	-1.0
12.04800043106079	0.5	epochs	-1.0
12.04800043106079	0.5	epochs	1.0
12.54800043106079	0.0003000000000010772	epochs	-1.0
12.54800043106079	0.0003000000000010772	epochs	-1.0
12.54800043106079	0.0003000000000010772	epochs	1.0
12.548300431060792	0.20469499999999918	epochs	0.0
563.6190004348755	0.10000000000002274	epochs	0.0
563.6190004348755	0.04499999999995907	epochs	1.0
563.6640004348754	0.009999999999990905	epochs	1.0
563.6740004348754	0.04500000000007276	epochs	1.0
563.7190004348755	0.7049949999999399	epochs	0.0
563.7190004348755	0.5	epochs	-1.0
563.7190004348755	0.5	epochs	1.0
564.2190004348755	0.05999999999994543	epochs	-1.0
564.2190004348755	0.024999999999977263	epochs	-1.0
564.2190004348755	0.024999999999977263	epochs	1.0
564.2440004348755	0.009999999999990905	epochs	-1.0
564.2440004348755	0.009999999999990905	epochs	1.0
564.2540004348755	0.024999999999977263	epochs	-1.0
564.2540004348755	0.024999999999977263	epochs	1.0
564.2790004348755	0.06000000000005912	epochs	-1.0
564.2790004348755	0.024999999999977263	epochs	-1.0
564.2790004348755	0.024999999999977263	epochs	1.0
564.3040004348754	0.010000000000104592	epochs	-1.0
564.3040004348754	0.010000000000104592	epochs	1.0
564.3140004348755	0.024999999999977263	epochs	-1.0
564.3140004348755	0.024999999999977263	epochs	1.0
564.3390004348755	0.05999999999994543	epochs	-1.0
564.3390004348755	0.024999999999977263	epochs	-1.0
564.3390004348755	0.024999999999977263	epochs	1.0
564.3640004348755	0.009999999999990905	epochs	-1.0
564.3640004348755	0.009999999999990905	epochs	1.0
564.3740004348755	0.024999999999977263	epochs	-1.0
564.3740004348755	0.024999999999977263	epochs	1.0
564.3990004348755	0.024994999999989886	epochs	1.0
571.6770000457764	0.10000000000002274	epochs	0.0
571.6770000457764	0.04499999999995907	epochs	1.0
571.7220000457763	0.009999999999990905	epochs	1.0
571.7320000457763	0.04500000000007276	epochs	1.0
571.7770000457764	0.7049949999999399	epochs	0.0
571.7770000457764	0.5	epochs	-1.0
571.7770000457764	0.5	epochs	1.0
572.2770000457764	0.05999999999994543	epochs	-1.0
572.2770000457764	0.024999999999977263	epochs	-1.0
572.2770000457764	0.024999999999977263	epochs	1.0
572.3020000457764	0.009999999999990905	epochs	-1.0
572.3020000457764	0.009999999999990905	epochs	1.0
572.3120000457764	0.024999999999977263	epochs	-1.0
572.3120000457764	0.024999999999977263	epochs	1.0
572.3370000457763	0.06000000000005912	epochs	-1.0
572.3370000457763	0.024999999999977263	epochs	-1.0
572.3370000457763	0.024999999999977263	epochs	1.0
572.3620000457763	0.010000000000104592	epochs	-1.0
572.3620000457763	0.010000000000104592	epochs	1.0
572.3720000457764	0.024999999999977263	epochs	-1.0
572.3720000457764	0.024999999999977263	epochs	1.0
572.3970000457764	0.05999999999994543	epochs	-1.0
572.3970000457764	0.024999999999977263	epochs	-1.0
572.3970000457764	0.024999999999977263	epochs	1.0
572.4220000457764	0.009999999999990905	epochs	-1.0
572.4220000457764	0.009999999999990905	epochs	1.0
572.4320000457764	0.024999999999977263	epochs	-1.0
572.4320000457764	0.024999999999977263	epochs	1.0
572.4570000457763	0.024994999999989886	epochs	1.0
625.6630001068115	0.10000000000002274	epochs	0.0
625.6630001068115	0.04499999999995907	epochs	1.0
625.7080001068115	0.009999999999990905	epochs	1.0
625.7180001068115	0.04500000000007276	epochs	1.0
625.7630001068115	61.384995	epochs	0.0
625.7630001068115	0.5	epochs	-1.0
625.7630001068115	0.5	epochs	-1.0
625.7630001068115	0.5	epochs	1.0
626.2630001068115	0.05999999999994543	epochs	-1.0
626.2630001068115	0.024999999999977263	epochs	-1.0
626.2630001068115	0.024999999999977263	epochs	1.0
626.2880001068115	0.009999999999990905	epochs	-1.0
626.2880001068115	0.009999999999990905	epochs	1.0
626.2980001068115	0.024999999999977263	epochs	-1.0
626.2980001068115	0.024999999999977263	epochs	1.0
626.3230001068115	0.06000000000005912	epochs	-1.0
626.3230001068115	0.024999999999977263	epochs	-1.0
626.3230001068115	0.024999999999977263	epochs	1.0
626.3480001068115	0.010000000000104592	epochs	-1.0
626.3480001068115	0.010000000000104592	epochs	1.0
626.3580001068116	0.024999999999977263	epochs	-1.0
626.3580001068116	0.024999999999977263	epochs	1.0
626.3830001068116	0.05999999999994543	epochs	-1.0
626.3830001068116	0.024999999999977263	epochs	-1.0
626.3830001068116	0.024999999999977263	epochs	1.0
626.4080001068115	0.009999999999990905	epochs	-1.0
626.4080001068115	0.009999999999990905	epochs	1.0
626.4180001068115	0.024999999999977263	epochs	-1.0
626.4180001068115	0.024999999999977263	epochs	1.0
626.4430001068115	60.0	epochs	1.0
686.4430001068115	0.5	epochs	-1.0
686.4430001068115	0.5	epochs	-1.0
686.4430001068115	0.5	epochs	1.0
686.9430001068115	0.06000000000005912	epochs	-1.0
686.9430001068115	0.024999999999977263	epochs	-1.0
686.9430001068115	0.024999999999977263	epochs	1.0
686.9680001068115	0.010000000000104592	epochs	-1.0
686.9680001068115	0.010000000000104592	epochs	1.0
686.9780001068116	0.024999999999977263	epochs	-1.0
686.9780001068116	0.024999999999977263	epochs	1.0
687.0030001068116	0.05999999999994543	epochs	-1.0
687.0030001068116	0.024999999999977263	epochs	-1.0
687.0030001068116	0.024999999999977263	epochs	1.0
687.0280001068115	0.009999999999990905	epochs	-1.0
687.0280001068115	0.009999999999990905	epochs	1.0
687.0380001068115	0.024999999999977263	epochs	-1.0
687.0380001068115	0.024999999999977263	epochs	1.0
687.0630001068115	0.06000000000005912	epochs	-1.0
687.0630001068115	0.024999999999977263	epochs	-1.0
687.0630001068115	0.024999999999977263	epochs	1.0
687.0880001068115	0.009999999999990905	epochs	-1.0
687.0880001068115	0.009999999999990905	epochs	1.0
687.0980001068115	0.02500000000009095	epochs	-1.0
687.0980001068115	0.02500000000009095	epochs	1.0
687.1230001068116	0.024994999999989886	epochs	1.0
716.6950001716614	0.10000000000002274	epochs	0.0
716.6950001716614	0.04499999999995907	epochs	1.0
716.7400001716613	0.009999999999990905	epochs	1.0
716.7500001716613	0.04500000000007276	epochs	1.0
716.7950001716614	0.7049949999999399	epochs	0.0
716.7950001716614	0.5	epochs	-1.0
716.7950001716614	0.5	epochs	-1.0
716.7950001716614	0.5	epochs	1.0
717.2950001716614	0.05999999999994543	epochs	-1.0
717.2950001716614	0.024999999999977263	epochs	-1.0
717.2950001716614	0.024999999999977263	epochs	1.0
717.3200001716614	0.009999999999990905	epochs	-1.0
717.3200001716614	0.009999999999990905	epochs	1.0
717.3300001716614	0.024999999999977263	epochs	-1.0
717.3300001716614	0.024999999999977263	epochs	1.0
717.3550001716613	0.06000000000005912	epochs	-1.0
717.3550001716613	0.024999999999977263	epochs	-1.0
717.3550001716613	0.024999999999977263	epochs	1.0
717.3800001716613	0.010000000000104592	epochs	-1.0
717.3800001716613	0.010000000000104592	epochs	1.0
717.3900001716614	0.024999999999977263	epochs	-1.0
717.3900001716614	0.024999999999977263	epochs	1.0
717.4150001716614	0.05999999999994543	epochs	-1.0
717.4150001716614	0.024999999999977263	epochs	-1.0
717.4150001716614	0.024999999999977263	epochs	1.0
717.4400001716614	0.009999999999990905	epochs	-1.0
717.4400001716614	0.009999999999990905	epochs	1.0
717.4500001716614	0.024999999999977263	epochs	-1.0
717.4500001716614	0.024999999999977263	epochs	1.0
717.4750001716613	0.024994999999989886	epochs	1.0
761.5720000267029	0.11184000000002925	epochs	0.0
761.5720000267029	0.05092079999997168	epochs	1.0
761.6229208267029	0.009998399999972207	epochs	1.0
761.6329192267028	0.050920800000085364	epochs	1.0
761.6838400267029	5.999979999999937	epochs	0.0
761.6838400267029	0.5	epochs	1.0
761.6838568267029	0.5	epochs	-1.0
761.6838568267029	0.5	epochs	-1.0
762.1838400267029	5.0	epochs	1.0
767.1838400267029	0.4999799999999368	epochs	1.0
767.1838568267029	0.499963199999911	epochs	-1.0
773.5080003738403	0.11184000000002925	epochs	0.0
773.5080003738403	0.05092079999997168	epochs	1.0
773.5589211738403	0.009998399999972207	epochs	1.0
773.5689195738403	0.050920800000085364	epochs	1.0
773.6198403738404	0.5285199999999577	epochs	0.0
773.6198403738404	0.5	epochs	1.0
773.6198571738404	0.5	epochs	-1.0
774.1198403738404	0.02851999999995769	epochs	1.0
774.1483603738403	2.971459999999979	epochs	0.0
774.4410004615784	0.11184000000002925	epochs	0.0
774.4410004615784	0.05092079999997168	epochs	1.0
774.4919212615783	0.009998399999972207	epochs	1.0
774.5019196615783	0.050920800000085364	epochs	1.0
774.5528404615784	3.499979999999937	epochs	0.0
774.5528404615784	0.5	epochs	1.0
774.5528572615784	0.5	epochs	-1.0
775.0528404615784	1.0	epochs	1.0
776.0528404615784	1.9999799999999368	epochs	1.0
776.5528572615784	0.5	epochs	-1.0
777.0528572615784	0.5	epochs	-1.0
778.3990001678467	0.11184000000002925	epochs	0.0
778.3990001678467	0.05092079999997168	epochs	1.0
778.4499209678467	0.009998399999972207	epochs	1.0
778.4599193678466	0.050920800000085364	epochs	1.0
778.5108401678467	3.008299999999963	epochs	0.0
778.5108401678467	0.5	epochs	1.0
778.5108569678467	0.5	epochs	-1.0
779.0108401678467	1.0	epochs	1.0
780.0108401678467	1.508299999999963	epochs	1.0
780.5108569678467	0.5	epochs	-1.0
781.0108569678467	0.5	epochs	-1.0
781.5191401678467	0.4916799999999739	epochs	0.0
781.8820004463196	0.11184000000002925	epochs	0.0
781.8820004463196	0.05092079999997168	epochs	1.0
781.9329212463196	0.009998399999972207	epochs	1.0
781.9429196463195	0.050920800000085364	epochs	1.0
781.9938404463196	3.499979999999937	epochs	0.0
781.9938404463196	0.5	epochs	1.0
781.9938572463196	0.5	epochs	-1.0
782.4938404463196	1.0	epochs	1.0
783.4938404463196	1.9999799999999368	epochs	1.0
783.9938572463196	0.5	epochs	-1.0
784.4938572463196	0.5	epochs	-1.0
785.889000415802	0.11184000000002925	epochs	0.0
785.889000415802	0.05092079999997168	epochs	1.0
785.939921215802	0.009998399999972207	epochs	1.0
785.949919615802	0.050920800000085364	epochs	1.0
786.000840415802	0.5278799999999819	epochs	0.0
786.000840415802	0.5	epochs	1.0
786.0008572158021	0.5	epochs	-1.0
786.500840415802	0.02787999999998192	epochs	1.0
786.528720415802	2.972099999999955	epochs	0.0
799.1320004463196	0.11184000000002925	epochs	0.0
799.1320004463196	0.05092079999997168	epochs	1.0
799.1829212463196	0.009998399999972207	epochs	1.0
799.1929196463195	0.050920800000085364	epochs	1.0
799.2438404463196	3.0486799999999903	epochs	0.0
799.2438404463196	0.5	epochs	1.0
799.2438572463196	0.5	epochs	-1.0
799.7438404463196	1.0	epochs	1.0
800.7438404463196	1.5486799999999903	epochs	1.0
801.2438572463196	0.5	epochs	-1.0
801.7438572463196	0.5	epochs	-1.0
802.2925204463196	0.4512999999999465	epochs	0.0
802.6150002479553	0.11184000000002925	epochs	0.0
802.6150002479553	0.05092079999997168	epochs	1.0
802.6659210479553	0.009998399999972207	epochs	1.0
802.6759194479553	0.050920800000085364	epochs	1.0
802.7268402479554	0.5280199999999695	epochs	0.0
802.7268402479554	0.5	epochs	1.0
802.7268570479554	0.5	epochs	-1.0
803.2268402479554	0.028019999999969514	epochs	1.0
803.2548602479553	2.9719599999999673	epochs	0.0
803.6150002479553	0.11184000000002925	epochs	0.0
803.6150002479553	0.05092079999997168	epochs	1.0
803.6659210479553	0.009998399999972207	epochs	1.0
803.6759194479553	0.050920800000085364	epochs	1.0
803.7268402479554	0.5280199999999695	epochs	0.0
803.7268402479554	0.5	epochs	1.0
803.7268570479554	0.5	epochs	-1.0
804.2268402479554	0.028019999999969514	epochs	1.0
804.2548602479553	2.9719599999999673	epochs	0.0
816.7770004272461	0.11184000000002925	epochs	0.0
816.7770004272461	0.05092079999997168	epochs	1.0
816.8279212272461	0.009998399999972207	epochs	1.0
816.837919627246	0.050920800000085364	epochs	1.0
816.8888404272461	3.0076799999999366	epochs	0.0
816.8888404272461	0.5	epochs	1.0
816.8888572272461	0.5	epochs	-1.0
817.3888404272461	1.0	epochs	1.0
818.3888404272461	1.5076799999999366	epochs	1.0
818.8888572272461	0.5	epochs	-1.0
819.3888572272461	0.5	epochs	-1.0
819.8965204272461	0.4923000000000002	epochs	0.0
820.2940001487732	0.11184000000002925	epochs	0.0
820.2940001487732	0.05092079999997168	epochs	1.0
820.3449209487732	0.009998399999972207	epochs	1.0
820.3549193487731	0.050920800000085364	epochs	1.0
820.4058401487732	3.499979999999937	epochs	0.0
820.4058401487732	0.5	epochs	1.0
820.4058569487732	0.5	epochs	-1.0
820.9058401487732	1.0	epochs	1.0
821.9058401487732	1.9999799999999368	epochs	1.0
822.4058569487732	0.5	epochs	-1.0
822.9058569487732	0.5	epochs	-1.0
824.3770003318787	0.11184000000002925	epochs	0.0
824.3770003318787	0.05092079999997168	epochs	1.0
824.4279211318786	0.009998399999972207	epochs	1.0
824.4379195318786	0.050920800000085364	epochs	1.0
824.4888403318787	0.5285199999999577	epochs	0.0
824.4888403318787	0.5	epochs	1.0
824.4888571318787	0.5	epochs	-1.0
824.9888403318787	0.02851999999995769	epochs	1.0
825.0173603318786	2.971459999999979	epochs	0.0
837.6130003929138	0.11184000000002925	epochs	0.0
837.6130003929138	0.05092079999997168	epochs	1.0
837.6639211929138	0.009998399999972207	epochs	1.0
837.6739195929138	0.050920800000085364	epochs	1.0
837.7248403929138	3.499979999999937	epochs	0.0
837.7248403929138	0.5	epochs	1.0
837.7248571929139	0.5	epochs	-1.0
838.2248403929138	1.0	epochs	1.0
839.2248403929138	1.9999799999999368	epochs	1.0
839.7248571929139	0.5	epochs	-1.0
840.2248571929139	0.5	epochs	-1.0
841.7130002975464	0.11184000000002925	epochs	0.0
841.7130002975464	0.05092079999997168	epochs	1.0
841.7639210975464	0.009998399999972207	epochs	1.0
841.7739194975463	0.050920800000085364	epochs	1.0
841.8248402975464	0.5281400000000076	epochs	0.0
841.8248402975464	0.5	epochs	1.0
841.8248570975464	0.5	epochs	-1.0
842.3248402975464	0.028140000000007603	epochs	1.0
842.3529802975464	2.971839999999929	epochs	0.0
854.951000213623	0.11184000000002925	epochs	0.0
854.951000213623	0.05092079999997168	epochs	1.0
855.001921013623	0.009998399999972207	epochs	1.0
855.011919413623	0.050920800000085364	epochs	1.0
855.0628402136231	2.548339999999939	epochs	0.0
855.0628402136231	0.5	epochs	1.0
855.0628570136231	0.5	epochs	-1.0
855.5628402136231	1.0	epochs	1.0
856.5628402136231	1.0483399999999392	epochs	1.0
857.0628570136231	0.5	epochs	-1.0
857.611180213623	0.9516399999999976	epochs	0.0
858.0660004615784	0.11184000000002925	epochs	0.0
858.0660004615784	0.05092079999997168	epochs	1.0
858.1169212615783	0.009998399999972207	epochs	1.0
858.1269196615783	0.050920800000085364	epochs	1.0
858.1778404615784	3.0477999999999383	epochs	0.0
858.1778404615784	0.5	epochs	1.0
858.1778572615784	0.5	epochs	-1.0
858.6778404615784	1.0	epochs	1.0
859.6778404615784	1.5477999999999383	epochs	1.0
860.1778572615784	0.5	epochs	-1.0
860.6778572615784	0.5	epochs	-1.0
861.2256404615783	0.45217999999999847	epochs	0.0
861.7660002708435	0.6499800000000278	epochs	0.0
861.7660002708435	0.049999999999954525	epochs	1.0
861.8160002708435	0.5	epochs	1.0
862.3160002708435	0.09998000000007323	epochs	1.0
862.9830002784729	0.6499800000000278	epochs	0.0
862.9830002784729	0.049999999999954525	epochs	1.0
863.0330002784729	0.5	epochs	1.0
863.5330002784729	0.09998000000007323	epochs	1.0
864.1490001678467	0.6499800000000278	epochs	0.0
864.1490001678467	0.049999999999954525	epochs	1.0
864.1990001678466	0.5	epochs	1.0
864.6990001678466	0.09998000000007323	epochs	1.0
865.2990002632141	0.6499800000000278	epochs	0.0
865.2990002632141	0.049999999999954525	epochs	1.0
865.3490002632141	0.5	epochs	1.0
865.8490002632141	0.09998000000007323	epochs	1.0
866.4420003890991	0.6499800000000278	epochs	0.0
866.4420003890991	0.049999999999954525	epochs	1.0
866.4920003890991	0.5	epochs	1.0
866.9920003890991	0.09998000000007323	epochs	1.0
867.6590003967285	0.6499800000000278	epochs	0.0
867.6590003967285	0.049999999999954525	epochs	1.0
867.7090003967285	0.5	epochs	1.0
868.2090003967285	0.09998000000007323	epochs	1.0
868.8590002059937	0.6499800000000278	epochs	0.0
868.8590002059937	0.049999999999954525	epochs	1.0
868.9090002059936	0.5	epochs	1.0
869.4090002059936	0.09998000000007323	epochs	1.0
870.0250000953674	0.6499800000000278	epochs	0.0
870.0250000953674	0.049999999999954525	epochs	1.0
870.0750000953674	0.5	epochs	1.0
870.5750000953674	0.09998000000007323	epochs	1.0
871.2920002937317	0.11184000000002925	epochs	0.0
871.2920002937317	0.05092079999997168	epochs	1.0
871.3429210937317	0.009998399999972207	epochs	1.0
871.3529194937316	0.050920800000085364	epochs	1.0
871.4038402937317	0.5272599999999557	epochs	0.0
871.4038402937317	0.5	epochs	1.0
871.4038570937317	0.5	epochs	-1.0
871.9038402937317	0.027259999999955653	epochs	1.0
871.9311002937317	4.972719999999981	epochs	0.0
891.4539999961853	0.11184000000002925	epochs	0.0
891.4539999961853	0.05092079999997168	epochs	1.0
891.5049207961853	0.009998399999972207	epochs	1.0
891.5149191961852	0.050920800000085364	epochs	1.0
891.5658399961853	3.008420000000001	epochs	0.0
891.5658399961853	0.5	epochs	1.0
891.5658567961854	0.5	epochs	-1.0
892.0658399961853	1.0	epochs	1.0
893.0658399961853	1.508420000000001	epochs	1.0
893.5658566961853	0.5	epochs	-1.0
894.0658566961853	0.5	epochs	-1.0
894.5742599961853	2.491559999999936	epochs	0.0
896.7210001945496	0.11184000000002925	epochs	0.0
896.7210001945496	0.05092079999997168	epochs	1.0
896.7719209945495	0.009998399999972207	epochs	1.0
896.7819193945495	0.050920800000085364	epochs	1.0
896.8328401945496	0.5277599999999438	epochs	0.0
896.8328401945496	0.5	epochs	1.0
896.8328569945496	0.5	epochs	-1.0
897.3328401945496	0.02775999999994383	epochs	1.0
897.3606001945495	4.972219999999993	epochs	0.0
901.9880003929138	0.11184000000002925	epochs	0.0
901.9880003929138	0.05092079999997168	epochs	1.0
902.0389211929138	0.009998399999972207	epochs	1.0
902.0489195929138	0.050920800000085364	epochs	1.0
902.0998403929138	2.5485800000000154	epochs	0.0
902.0998403929138	0.5	epochs	1.0
902.0998571929139	0.5	epochs	-1.0
902.5998403929138	1.0	epochs	1.0
903.5998403929138	1.0485800000000154	epochs	1.0
904.0998570929138	0.5	epochs	-1.0
904.6484203929139	2.9513999999999214	epochs	0.0
907.2510004043579	0.11184000000002925	epochs	0.0
907.2510004043579	0.05092079999997168	epochs	1.0
907.3019212043579	0.009998399999972207	epochs	1.0
907.3119196043579	0.050920800000085364	epochs	1.0
907.3628404043579	0.5285199999999577	epochs	0.0
907.3628404043579	0.5	epochs	1.0
907.362857204358	0.5	epochs	-1.0
907.8628404043579	0.02851999999995769	epochs	1.0
907.8913604043579	4.971459999999979	epochs	0.0
912.4010000228882	0.11184000000002925	epochs	0.0
912.4010000228882	0.05092079999997168	epochs	1.0
912.4519208228882	0.009998399999972207	epochs	1.0
912.4619192228881	0.050920800000085364	epochs	1.0
912.5128400228882	2.5480999999999767	epochs	0.0
912.5128400228882	0.5	epochs	1.0
912.5128568228882	0.5	epochs	-1.0
913.0128400228882	1.0	epochs	1.0
914.0128400228882	1.0480999999999767	epochs	1.0
914.5128567228882	0.5	epochs	-1.0
915.0609400228882	2.95187999999996	epochs	0.0
917.599000453949	0.11184000000002925	epochs	0.0
917.599000453949	0.05092079999997168	epochs	1.0
917.649921253949	0.009998399999972207	epochs	1.0
917.6599196539489	0.050920800000085364	epochs	1.0
917.710840453949	0.5280199999999695	epochs	0.0
917.710840453949	0.5	epochs	1.0
917.710857253949	0.5	epochs	-1.0
918.210840453949	0.028019999999969514	epochs	1.0
918.238860453949	4.971959999999967	epochs	0.0
937.835000038147	0.11184000000002925	epochs	0.0
937.835000038147	0.05092079999997168	epochs	1.0
937.885920838147	0.009998399999972207	epochs	1.0
937.8959192381469	0.050920800000085364	epochs	1.0
937.946840038147	2.548599999999965	epochs	0.0
937.946840038147	0.5	epochs	1.0
937.946856838147	0.5	epochs	-1.0
938.446840038147	1.0	epochs	1.0
939.446840038147	1.048599999999965	epochs	1.0
939.946856738147	0.5	epochs	-1.0
940.495440038147	2.951379999999972	epochs	0.0
943.0350003242493	0.11184000000002925	epochs	0.0
943.0350003242493	0.05092079999997168	epochs	1.0
943.0859211242492	0.009998399999972207	epochs	1.0
943.0959195242492	0.050920800000085364	epochs	1.0
943.1468403242493	0.528259999999932	epochs	0.0
943.1468403242493	0.5	epochs	1.0
943.1468571242493	0.5	epochs	-1.0
943.6468403242493	0.028259999999932006	epochs	1.0
943.6751003242492	4.971720000000005	epochs	0.0
963.2850003242493	0.11184000000002925	epochs	0.0
963.2850003242493	0.05092079999997168	epochs	1.0
963.3359211242492	0.009998399999972207	epochs	1.0
963.3459195242492	0.050920800000085364	epochs	1.0
963.3968403242493	2.5477200000000266	epochs	0.0
963.3968403242493	0.5	epochs	1.0
963.3968571242493	0.5	epochs	-1.0
963.8968403242493	1.0	epochs	1.0
964.8968403242493	1.0477200000000266	epochs	1.0
965.3968570242492	0.5	epochs	-1.0
965.9445603242493	2.95225999999991	epochs	0.0
1009.6230001449585	0.15297999999995682	epochs	0.0
1009.6230001449585	0.049999999999954525	epochs	1.0
1009.6730001449585	0.0030000000000427463	epochs	1.0
1009.6760001449585	0.09997999999995955	epochs	1.0
1010.4230003356934	0.15297999999995682	epochs	0.0
1010.4230003356934	0.049999999999954525	epochs	1.0
1010.4730003356933	0.0030000000000427463	epochs	1.0
1010.4760003356934	0.09997999999995955	epochs	1.0
1011.2390003204346	0.15297999999995682	epochs	0.0
1011.2390003204346	0.049999999999954525	epochs	1.0
1011.2890003204345	0.0030000000000427463	epochs	1.0
1011.2920003204346	0.09997999999995955	epochs	1.0
1012.0560002326965	0.15297999999995682	epochs	0.0
1012.0560002326965	0.049999999999954525	epochs	1.0
1012.1060002326965	0.0030000000000427463	epochs	1.0
1012.1090002326965	0.09997999999995955	epochs	1.0
1012.889000415802	0.15297999999995682	epochs	0.0
1012.889000415802	0.049999999999954525	epochs	1.0
1012.939000415802	0.0030000000000427463	epochs	1.0
1012.942000415802	0.09997999999995955	epochs	1.0
1013.7560000419617	0.15297999999995682	epochs	0.0
1013.7560000419617	0.049999999999954525	epochs	1.0
1013.8060000419616	0.0030000000000427463	epochs	1.0
1013.8090000419617	0.09997999999995955	epochs	1.0
1014.5890002250671	0.15297999999995682	epochs	0.0
1014.5890002250671	0.049999999999954525	epochs	1.0
1014.6390002250671	0.0030000000000427463	epochs	1.0
1014.6420002250671	0.09997999999995955	epochs	1.0
1015.456000328064	0.15297999999995682	epochs	0.0
1015.456000328064	0.049999999999954525	epochs	1.0
1015.5060003280639	0.0030000000000427463	epochs	1.0
1015.509000328064	0.09997999999995955	epochs	1.0
1016.3060002326965	0.15297999999995682	epochs	0.0
1016.3060002326965	0.049999999999954525	epochs	1.0
1016.3560002326965	0.0030000000000427463	epochs	1.0
1016.3590002326965	0.09997999999995955	epochs	1.0
1017.2090001106262	0.15297999999995682	epochs	0.0
1017.2090001106262	0.049999999999954525	epochs	1.0
1017.2590001106262	0.0030000000000427463	epochs	1.0
1017.2620001106262	0.09997999999995955	epochs	1.0
1018.1090002059937	0.15297999999995682	epochs	0.0
1018.1090002059937	0.049999999999954525	epochs	1.0
1018.1590002059936	0.0030000000000427463	epochs	1.0
1018.1620002059936	0.09997999999995955	epochs	1.0
1019.0920000076294	0.11184000000002925	epochs	0.0
1019.0920000076294	0.05092079999997168	epochs	1.0
1019.1429208076294	0.009998399999972207	epochs	1.0
1019.1529192076293	0.050920800000085364	epochs	1.0
1019.2038400076294	1.5276799999999184	epochs	0.0
1019.2038400076294	0.5	epochs	1.0
1019.2038568076294	0.5	epochs	-1.0
1019.7038400076294	0.0029999999999290594	epochs	1.0
1019.7068400076294	1.0246799999999894	epochs	1.0
1020.2068568076294	0.5	epochs	-1.0
1020.7315200076293	0.07530000000008386	epochs	0.0
1021.3760004043579	0.11184000000002925	epochs	0.0
1021.3760004043579	0.05092079999997168	epochs	1.0
1021.4269212043579	0.009998399999972207	epochs	1.0
1021.4369196043579	0.050920800000085364	epochs	1.0
1021.4878404043579	1.5286800000000085	epochs	0.0
1021.4878404043579	0.5	epochs	1.0
1021.487857204358	0.5	epochs	-1.0
1021.9878404043579	0.0029999999999290594	epochs	1.0
1021.9908404043579	1.0256800000000794	epochs	1.0
1022.4908572043579	0.5	epochs	-1.0
1023.016520404358	0.07429999999999382	epochs	0.0
1023.6260004043579	0.11184000000002925	epochs	0.0
1023.6260004043579	0.05092079999997168	epochs	1.0
1023.6769212043579	0.009998399999972207	epochs	1.0
1023.6869196043579	0.050920800000085364	epochs	1.0
1023.7378404043579	1.5285599999999704	epochs	0.0
1023.7378404043579	0.5	epochs	1.0
1023.737857204358	0.4999999999998863	epochs	-1.0
1024.237840404358	0.0029999999999290594	epochs	1.0
1024.2408404043579	1.0255600000000413	epochs	1.0
1024.740857204358	0.5	epochs	-1.0
1025.266400404358	0.07441999999991822	epochs	0.0
1025.9920001029968	0.11184000000002925	epochs	0.0
1025.9920001029968	0.050920800000085364	epochs	1.0
1026.042920902997	0.00999839999985852	epochs	1.0
1026.0529193029968	0.050920800000085364	epochs	1.0
1026.1038401029969	4.608600000000024	epochs	0.0
1026.1038401029969	0.5	epochs	1.0
1026.1038569029968	0.5	epochs	-1.0
1026.6038401029969	4.108600000000024	epochs	1.0
1029.7121201029968	1.0003200000001016	epochs	-1.0
1029.7121201029968	0.04030000000011569	epochs	-1.0
1030.209616902997	0.5	epochs	-1.0
1030.7124401029969	14.891380000000026	epochs	0.0
1031.5800004005432	0.11184000000002925	epochs	0.0
1031.5800004005432	0.050920800000085364	epochs	1.0
1031.6309212005433	0.00999839999985852	epochs	1.0
1031.6409196005432	0.050920800000085364	epochs	1.0
1031.6918404005432	0.5282799999999952	epochs	0.0
1031.6918404005432	0.5	epochs	1.0
1031.6918572005432	0.5	epochs	-1.0
1032.1918404005432	0.028279999999995198	epochs	1.0
1032.2201204005432	18.971700000000055	epochs	0.0
1060.7650003433228	0.11184000000002925	epochs	0.0
1060.7650003433228	0.050920800000085364	epochs	1.0
1060.8159211433228	0.00999839999985852	epochs	1.0
1060.8259195433227	0.050920800000085364	epochs	1.0
1060.8768403433228	5.4676600000000235	epochs	0.0
1060.8768403433228	0.5	epochs	1.0
1060.8768571433227	0.5	epochs	-1.0
1061.3768403433228	4.9676600000000235	epochs	1.0
1064.8445803433228	1.4999199999999746	epochs	-1.0
1064.8445803433228	0.04031999999983782	epochs	-1.0
1065.3420771433227	0.5	epochs	-1.0
1065.8420771433227	0.5	epochs	-1.0
1066.3445003433228	14.032320000000027	epochs	0.0
1067.2140002250671	0.11184000000002925	epochs	0.0
1067.2140002250671	0.050920800000085364	epochs	1.0
1067.2649210250672	0.00999839999985852	epochs	1.0
1067.274919425067	0.050920800000085364	epochs	1.0
1067.3258402250672	4.9866799999999785	epochs	0.0
1067.3258402250672	0.5	epochs	1.0
1067.325857025067	0.5	epochs	-1.0
1067.8258402250672	4.4866799999999785	epochs	1.0
1071.2735802250672	1.0389399999999114	epochs	-1.0
1071.2735802250672	0.03855999999996129	epochs	-1.0
1071.7710770250671	0.5	epochs	-1.0
1072.3125202250671	14.513300000000072	epochs	0.0
1107.2760000228882	0.6499799999999141	epochs	0.0
1107.2760000228882	0.049999999999954525	epochs	1.0
1107.3260000228881	0.5	epochs	1.0
1107.8260000228881	0.09997999999995955	epochs	1.0
1108.710000038147	0.6499799999999141	epochs	0.0
1108.710000038147	0.049999999999954525	epochs	1.0
1108.760000038147	0.5	epochs	1.0
1109.260000038147	0.09997999999995955	epochs	1.0
1110.126000404358	0.6499799999999141	epochs	0.0
1110.126000404358	0.049999999999954525	epochs	1.0
1110.1760004043579	0.5	epochs	1.0
1110.6760004043579	0.09997999999995955	epochs	1.0
1111.5260000228882	0.6499799999999141	epochs	0.0
1111.5260000228882	0.049999999999954525	epochs	1.0
1111.5760000228881	0.5	epochs	1.0
1112.0760000228881	0.09997999999995955	epochs	1.0
1113.0260000228882	0.11184000000002925	epochs	0.0
1113.0260000228882	0.050920800000085364	epochs	1.0
1113.0769208228883	0.00999839999985852	epochs	1.0
1113.0869192228881	0.050920800000085364	epochs	1.0
1113.1378400228882	3.0084199999998873	epochs	0.0
1113.1378400228882	0.5	epochs	1.0
1113.1378568228881	0.5	epochs	-1.0
1113.6378400228882	1.0	epochs	1.0
1114.6378400228882	1.5084199999998873	epochs	1.0
1115.1378568228881	0.5	epochs	-1.0
1115.6378568228881	0.5	epochs	-1.0
1116.146260022888	2.491560000000163	epochs	0.0
1118.237000465393	0.11184000000002925	epochs	0.0
1118.237000465393	0.050920800000085364	epochs	1.0
1118.2879212653932	0.00999839999985852	epochs	1.0
1118.297919665393	0.050920800000085364	epochs	1.0
1118.348840465393	2.5479800000000523	epochs	0.0
1118.348840465393	0.5	epochs	1.0
1118.348857265393	0.5	epochs	-1.0
1118.848840465393	1.0	epochs	1.0
1119.848840465393	1.0479800000000523	epochs	1.0
1120.3488571653932	0.5	epochs	-1.0
1120.8968204653931	2.951999999999998	epochs	0.0
1123.4539999961853	0.11184000000002925	epochs	0.0
1123.4539999961853	0.050920800000085364	epochs	1.0
1123.5049207961854	0.00999839999985852	epochs	1.0
1123.5149191961852	0.050920800000085364	epochs	1.0
1123.5658399961853	2.548340000000053	epochs	0.0
1123.5658399961853	0.5	epochs	1.0
1123.5658567961852	0.5	epochs	-1.0
1124.0658399961853	1.0	epochs	1.0
1125.0658399961853	1.048340000000053	epochs	1.0
1125.5658567961852	0.5	epochs	-1.0
1126.1141799961854	3.9516399999999976	epochs	0.0
1126.9590001106262	0.11184000000002925	epochs	0.0
1126.9590001106262	0.050920800000085364	epochs	1.0
1127.0099209106263	0.00999839999985852	epochs	1.0
1127.0199193106262	0.050920800000085364	epochs	1.0
1127.0708401106262	2.5484599999999773	epochs	0.0
1127.0708401106262	0.5	epochs	1.0
1127.0708569106262	0.5	epochs	-1.0
1127.5708401106262	1.0	epochs	1.0
1128.5708401106262	1.0484599999999773	epochs	1.0
1129.0708569106262	0.5	epochs	-1.0
1129.6193001106262	3.951520000000073	epochs	0.0
1130.3420000076294	0.11184000000002925	epochs	0.0
1130.3420000076294	0.050920800000085364	epochs	1.0
1130.3929208076295	0.00999839999985852	epochs	1.0
1130.4029192076293	0.050920800000085364	epochs	1.0
1130.4538400076294	0.5281399999998939	epochs	0.0
1130.4538400076294	0.5	epochs	1.0
1130.4538568076293	0.5	epochs	-1.0
1130.9538400076294	0.028139999999893917	epochs	1.0
1130.9819800076293	5.971840000000157	epochs	0.0
1146.4940004348755	0.11184000000002925	epochs	0.0
1146.4940004348755	0.050920800000085364	epochs	1.0
1146.5449212348756	0.00999839999985852	epochs	1.0
1146.5549196348754	0.050920800000085364	epochs	1.0
1146.6058404348755	3.007920000000013	epochs	0.0
1146.6058404348755	0.5	epochs	1.0
1146.6058572348754	0.5	epochs	-1.0
1147.1058404348755	1.0	epochs	1.0
1148.1058404348755	1.5079200000000128	epochs	1.0
1148.6058572348754	0.5	epochs	-1.0
1149.1058572348754	0.5	epochs	-1.0
1149.6137604348755	3.4920600000000377	epochs	0.0
1150.4010000228882	0.11184000000002925	epochs	0.0
1150.4010000228882	0.050920800000085364	epochs	1.0
1150.4519208228883	0.00999839999985852	epochs	1.0
1150.4619192228881	0.050920800000085364	epochs	1.0
1150.5128400228882	2.547839999999951	epochs	0.0
1150.5128400228882	0.5	epochs	1.0
1150.5128568228881	0.5	epochs	-1.0
1151.0128400228882	1.0	epochs	1.0
1152.0128400228882	1.047839999999951	epochs	1.0
1152.5128568228881	0.5	epochs	-1.0
1153.0606800228882	3.9521400000000995	epochs	0.0
1153.8510003089905	0.11184000000002925	epochs	0.0
1153.8510003089905	0.050920800000085364	epochs	1.0
1153.9019211089906	0.00999839999985852	epochs	1.0
1153.9119195089904	0.050920800000085364	epochs	1.0
1153.9628403089905	0.5277799999998933	epochs	0.0
1153.9628403089905	0.5	epochs	1.0
1153.9628571089904	0.5	epochs	-1.0
1154.4628403089905	0.027779999999893334	epochs	1.0
1154.4906203089904	5.972200000000157	epochs	0.0
1155.3010001182556	0.11184000000002925	epochs	0.0
1155.3010001182556	0.050920800000085364	epochs	1.0
1155.3519209182557	0.00999839999985852	epochs	1.0
1155.3619193182556	0.050920800000085364	epochs	1.0
1155.4128401182556	2.547839999999951	epochs	0.0
1155.4128401182556	0.5	epochs	1.0
1155.4128569182556	0.5	epochs	-1.0
1155.9128401182556	1.0	epochs	1.0
1156.9128401182556	1.047839999999951	epochs	1.0
1157.4128569182556	0.5	epochs	-1.0
1157.9606801182556	3.9521400000000995	epochs	0.0
1158.7790002822876	0.11184000000002925	epochs	0.0
1158.7790002822876	0.050920800000085364	epochs	1.0
1158.8299210822877	0.00999839999985852	epochs	1.0
1158.8399194822875	0.050920800000085364	epochs	1.0
1158.8908402822876	2.5477200000000266	epochs	0.0
1158.8908402822876	0.5	epochs	1.0
1158.8908570822875	0.5	epochs	-1.0
1159.3908402822876	1.0	epochs	1.0
1160.3908402822876	1.0477200000000266	epochs	1.0
1160.8908570822875	0.5	epochs	-1.0
1161.4385602822877	3.952260000000024	epochs	0.0
1231.527000427246	0.11184000000002925	epochs	0.0
1231.527000427246	0.050920800000085364	epochs	1.0
1231.5779212272462	0.00999839999985852	epochs	1.0
1231.587919627246	0.050920800000085364	epochs	1.0
1231.6388404272461	2.0	epochs	0.0
1233.6388404272461	5.387519999999995	epochs	0.0
1233.6388404272461	1.0	epochs	1.0
1233.638857227246	0.5	epochs	-1.0
1234.138857227246	4.887503200000083	epochs	-1.0
1234.6388404272461	4.387519999999995	epochs	1.0
1234.6388404272461	4.356753900000058	epochs	-1.0
1234.6388404272461	1.9745871999998599	epochs	2.0
1234.6388404272461	1.0985622000000603	epochs	3.0
1235.7374026272462	0.8760249999997995	epochs	3.0
1236.613427627246	1.3524075000000266	epochs	2.0
1236.613427627246	0.7286355000001095	epochs	3.0
1237.342063127246	0.6237719999999172	epochs	3.0
1237.965835127246	1.0297592000001714	epochs	2.0
1237.965835127246	0.5453293000000485	epochs	3.0
1238.511164427246	0.48442990000012287	epochs	3.0
1238.9955943272462	0.03076609999993707	epochs	2.0
1238.9955943272462	0.03076609999993707	epochs	3.0
1239.0263604272461	16.61239999999998	epochs	0.0
1239.9980001449585	0.11184000000002925	epochs	0.0
1239.9980001449585	0.050920800000085364	epochs	1.0
1240.0489209449586	0.00999839999985852	epochs	1.0
1240.0589193449584	0.050920800000085364	epochs	1.0
1240.1098401449585	2.0	epochs	0.0
1242.1098401449585	21.508399999999938	epochs	0.0
1242.1098401449585	1.0	epochs	1.0
1242.1098569449584	0.5	epochs	-1.0
1242.6098569449584	19.998479999999972	epochs	-1.0
1243.1098401449585	20.0	epochs	1.0
1243.1098401449585	4.356753900000058	epochs	-1.0
1243.1098401449585	1.9745871999998599	epochs	2.0
1243.1098401449585	1.0985622000000603	epochs	3.0
1244.2084023449586	0.8760249999997995	epochs	3.0
1245.0844273449584	1.3524075000000266	epochs	2.0
1245.0844273449584	0.7286355000001095	epochs	3.0
1245.8130628449585	0.6237719999999172	epochs	3.0
1246.4368348449584	1.0297592000001714	epochs	2.0
1246.4368348449584	0.5453293000000485	epochs	3.0
1246.9821641449585	0.48442990000012287	epochs	3.0
1247.4665940449586	0.8317861999998968	epochs	2.0
1247.4665940449586	0.4357762999998158	epochs	3.0
1247.9023703449584	0.39600990000008096	epochs	3.0
1248.2983802449585	0.6977970000000369	epochs	2.0
1248.2983802449585	0.3628982000000178	epochs	3.0
1248.6612784449585	0.33489880000001904	epochs	3.0
1248.9961772449585	0.601045699999986	epochs	2.0
1248.9961772449585	0.3109122999999272	epochs	3.0
1249.3070895449584	0.2901334000000588	epochs	3.0
1249.5972229449585	0.5278859000000011	epochs	2.0
1249.5972229449585	0.2719586000000618	epochs	3.0
1249.8691815449586	0.25592729999993935	epochs	3.0
1250.1251088449585	0.470619299999953	epochs	2.0
1250.1251088449585	0.241681299999982	epochs	3.0
1250.3667901449585	0.228937999999971	epochs	3.0
1250.5957281449585	0.42457039999999324	epochs	2.0
1250.5957281449585	0.21747140000002219	epochs	3.0
1250.8131995449585	0.20709899999997106	epochs	3.0
1251.0202985449585	0.3867354000001342	epochs	2.0
1251.0202985449585	0.19767109999997956	epochs	3.0
1251.2179696449584	0.18906430000015462	epochs	3.0
1251.4070339449586	0.35509529999990264	epochs	2.0
1251.4070339449586	0.18117589999997108	epochs	3.0
1251.5882098449586	0.17391939999993156	epochs	3.0
1251.7621292449585	0.3282431000000088	epochs	2.0
1251.7621292449585	0.16722189999995862	epochs	3.0
1251.9293511449584	0.16102120000005016	epochs	3.0
1252.0903723449585	0.30516800000009425	epochs	2.0
1252.0903723449585	0.15526389999990897	epochs	3.0
1252.2456362449584	0.14990410000018528	epochs	3.0
1252.3955403449586	0.28512529999989056	epochs	2.0
1252.3955403449586	0.14490209999985382	epochs	3.0
1252.5404424449584	0.14022320000003674	epochs	3.0
1252.6806656449585	0.267553800000087	epochs	2.0
1252.6806656449585	0.1358368999999584	epochs	3.0
1252.8165025449584	0.1317169000001286	epochs	3.0
1252.9482194449586	0.252022899999929	epochs	2.0
1252.9482194449586	0.1278393000000051	epochs	3.0
1253.0760587449586	0.1241835999999239	epochs	3.0
1253.2002423449585	0.23819649999995818	epochs	2.0
1253.2002423449585	0.12073110000005727	epochs	3.0
1253.3209734449586	0.11746539999990091	epochs	3.0
1253.4384388449585	0.2258088000000953	epochs	2.0
1253.4384388449585	0.11437190000015107	epochs	3.0
1253.5528107449586	0.11143689999994422	epochs	3.0
1253.6642476449586	0.21464599999990241	epochs	2.0
1253.6642476449586	0.10864889999993466	epochs	3.0
1253.7728965449585	0.10599709999996776	epochs	3.0
1253.8788936449585	0.20453500000007807	epochs	2.0
1253.8788936449585	0.10347150000006877	epochs	3.0
1253.9823651449585	0.1010635000000093	epochs	3.0
1254.0834286449585	0.19533400000000256	epochs	2.0
1254.0834286449585	0.09876510000003691	epochs	3.0
1254.1821937449586	0.09656889999996565	epochs	3.0
1254.2787626449585	0.18692529999998442	epochs	2.0
1254.2787626449585	0.09446830000001682	epochs	3.0
1254.3732309449586	0.09245699999996759	epochs	3.0
1254.4656879449585	0.17921069999988504	epochs	2.0
1254.4656879449585	0.0905296000000817	epochs	3.0
1254.5562175449586	0.08868109999980334	epochs	3.0
1254.6448986449584	0.17210770000019693	epochs	2.0
1254.6448986449584	0.08690630000000965	epochs	3.0
1254.7318049449584	0.08520140000018728	epochs	3.0
1254.8170063449586	0.1655463999998119	epochs	2.0
1254.8170063449586	0.08356189999994967	epochs	3.0
1254.9005682449585	0.08198449999986224	epochs	3.0
1254.9825527449584	0.15946710000002895	epochs	2.0
1254.9825527449584	0.08046540000009372	epochs	3.0
1255.0630181449585	0.07900169999993523	epochs	3.0
1255.1420198449584	0.15381840000009106	epochs	2.0
1255.1420198449584	0.07759009999995214	epochs	3.0
1255.2196099449584	0.07622830000013892	epochs	3.0
1255.2958382449585	0.14855639999996129	epochs	2.0
1255.2958382449585	0.07491329999993468	epochs	3.0
1255.3707515449585	0.0736431000000266	epochs	3.0
1255.4443946449585	0.14364240000008976	epochs	2.0
1255.4443946449585	0.07241500000009182	epochs	3.0
1255.5168096449586	0.07122739999999794	epochs	3.0
1255.5880370449586	0.13904309999998077	epochs	2.0
1255.5880370449586	0.07007799999996678	epochs	3.0
1255.6581150449585	0.06896510000001399	epochs	3.0
1255.7270801449586	0.13472929999988992	epochs	2.0
1255.7270801449586	0.0678871000000072	epochs	3.0
1255.7949672449586	0.06684219999988272	epochs	3.0
1255.8618094449585	0.1306752000000415	epochs	2.0
1255.8618094449585	0.06582909999997355	epochs	3.0
1255.9276385449584	0.06484610000006796	epochs	3.0
1255.9924846449585	0.1268577999999252	epochs	2.0
1255.9924846449585	0.06389199999989614	epochs	3.0
1256.0563766449584	0.06296580000002905	epochs	3.0
1256.1193424449584	0.12325720000012552	epochs	2.0
1256.1193424449584	0.06206580000002759	epochs	3.0
1256.1814082449584	0.06119140000009793	epochs	3.0
1256.2425996449585	0.11985540000000583	epochs	2.0
1256.2425996449585	0.060341099999959624	epochs	3.0
1256.3029407449585	0.059514300000046205	epochs	3.0
1256.3624550449586	0.1166361999999026	epochs	2.0
1256.3624550449586	0.058709599999929196	epochs	3.0
1256.4211646449585	0.057926599999973405	epochs	3.0
1256.4790912449585	0.11358560000007856	epochs	2.0
1256.4790912449585	0.05716419999998834	epochs	3.0
1256.5362554449584	0.056421400000090216	epochs	3.0
1256.5926768449585	0.11069049999991876	epochs	2.0
1256.5926768449585	0.055697900000041045	epochs	3.0
1256.6483747449586	0.05499259999987771	epochs	3.0
1256.7033673449585	0.1079391000000669	epochs	2.0
1256.7033673449585	0.05430490000003374	epochs	3.0
1256.7576722449585	0.05363420000003316	epochs	3.0
1256.8113064449585	0.10532149999994544	epochs	2.0
1256.8113064449585	0.05297999999993408	epochs	3.0
1256.8642864449585	0.052341500000011365	epochs	3.0
1256.9166279449585	0.10282759999995505	epochs	2.0
1256.9166279449585	0.05171810000001642	epochs	3.0
1256.9683460449585	0.051109499999938635	epochs	3.0
1257.0194555449584	0.10044910000010532	epochs	2.0
1257.0194555449584	0.050514900000052876	epochs	3.0
1257.0699704449585	0.04993420000005244	epochs	3.0
1257.1199046449585	0.0981782999999723	epochs	2.0
1257.1199046449585	0.04936659999998483	epochs	3.0
1257.1692712449585	0.04881169999998747	epochs	3.0
1257.2180829449585	0.09600780000005216	epochs	2.0
1257.2180829449585	0.04826920000004975	epochs	3.0
1257.2663521449585	0.04773860000000241	epochs	3.0
1257.3140907449585	0.09393120000004274	epochs	2.0
1257.3140907449585	0.04721949999998287	epochs	3.0
1257.3613102449585	0.046711700000059864	epochs	3.0
1257.4080219449586	0.09194259999981114	epochs	2.0
1257.4080219449586	0.046214599999984785	epochs	3.0
1257.4542365449586	0.04572799999982635	epochs	3.0
1257.4999645449584	0.09003630000006524	epochs	2.0
1257.4999645449584	0.04525150000017675	epochs	3.0
1257.5452160449586	0.04478479999988849	epochs	3.0
1257.5900008449585	0.08820760000003247	epochs	2.0
1257.5900008449585	0.044327800000019124	epochs	3.0
1257.6343286449585	0.04387980000001335	epochs	3.0
1257.6782084449585	0.0864516999999978	epochs	2.0
1257.6782084449585	0.04344100000002982	epochs	3.0
1257.7216494449585	0.04301069999996798	epochs	3.0
1257.7646601449585	0.08476429999996071	epochs	2.0
1257.7646601449585	0.04258899999990717	epochs	3.0
1257.8072491449584	0.04217530000005354	epochs	3.0
1257.8494244449585	0.08314150000001064	epochs	2.0
1257.8494244449585	0.04176970000003166	epochs	3.0
1257.8911941449585	0.041371799999978975	epochs	3.0
1257.9325659449585	0.08157970000002024	epochs	2.0
1257.9325659449585	0.040981399999964196	epochs	3.0
1257.9735473449584	0.04059830000005604	epochs	3.0
1258.0141456449585	0.08007550000002084	epochs	2.0
1258.0141456449585	0.040222300000095856	epochs	3.0
1258.0543679449586	0.03985319999992498	epochs	3.0
1258.0942211449585	0.07862569999997504	epochs	2.0
1258.0942211449585	0.039490800000066884	epochs	3.0
1258.1337119449586	0.03913489999990816	epochs	3.0
1258.1728468449585	0.07722760000001472	epochs	2.0
1258.1728468449585	0.038785400000051595	epochs	3.0
1258.2116322449585	0.03844219999996312	epochs	3.0
1258.2500744449585	0.07587820000003376	epochs	2.0
1258.2500744449585	0.03810479999992822	epochs	3.0
1258.2881792449584	0.03777340000010554	epochs	3.0
1258.3259526449585	0.0745752000000266	epochs	2.0
1258.3259526449585	0.03744770000002973	epochs	3.0
1258.3634003449586	0.03712749999999687	epochs	3.0
1258.4005278449586	0.07331629999998768	epochs	2.0
1258.4005278449586	0.03681289999985893	epochs	3.0
1258.4373407449584	0.03650340000012875	epochs	3.0
1258.4738441449585	0.07209899999998015	epochs	2.0
1258.4738441449585	0.03619909999997617	epochs	3.0
1258.5100432449585	0.03589990000000398	epochs	3.0
1258.5459431449585	0.07092169999987163	epochs	2.0
1258.5459431449585	0.03560560000005353	epochs	3.0
1258.5815487449586	0.03531609999981811	epochs	3.0
1258.6168648449584	0.06978200000003199	epochs	2.0
1258.6168648449584	0.03503120000004856	epochs	3.0
1258.6518960449584	0.03475079999998343	epochs	3.0
1258.6866468449584	0.06867860000011206	epochs	2.0
1258.6866468449584	0.03447510000000875	epochs	3.0
1258.7211219449584	0.034203500000103304	epochs	3.0
1258.7553254449585	0.06760929999995824	epochs	2.0
1258.7553254449585	0.033936199999970995	epochs	3.0
1258.7892616449585	0.033673099999987244	epochs	3.0
1258.8229347449585	0.06657289999998284	epochs	2.0
1258.8229347449585	0.03341399999999339	epochs	3.0
1258.8563487449585	0.033158899999989444	epochs	3.0
1258.8895076449585	0.06556780000005347	epochs	2.0
1258.8895076449585	0.03290770000012344	epochs	3.0
1258.9224153449586	0.032660099999930026	epochs	3.0
1258.9550754449585	0.06459259999996902	epochs	2.0
1258.9550754449585	0.03241639999987456	epochs	3.0
1258.9874918449584	0.03217620000009447	epochs	3.0
1259.0196680449585	0.06364600000006249	epochs	2.0
1259.0196680449585	0.03193959999998697	epochs	3.0
1259.0516076449585	0.03170640000007552	epochs	3.0
1259.0833140449586	0.0627266999999847	epochs	2.0
1259.0833140449586	0.031476599999905375	epochs	3.0
1259.1147906449585	0.03125010000007933	epochs	3.0
1259.1460407449586	0.06183359999999993	epochs	2.0
1259.1460407449586	0.03102689999991526	epochs	3.0
1259.1770676449585	0.030806700000084675	epochs	3.0
1259.2078743449586	0.060965599999917686	epochs	2.0
1259.2078743449586	0.030589799999916067	epochs	3.0
1259.2384641449585	0.030375800000001618	epochs	3.0
1259.2688399449585	0.06012160000000222	epochs	2.0
1259.2688399449585	0.030164900000045236	epochs	3.0
1259.2990048449585	0.02995669999995698	epochs	3.0
1259.3289615449585	0.05930069999999432	epochs	2.0
1259.3289615449585	0.029751600000054168	epochs	3.0
1259.3587131449585	0.029549099999940154	epochs	3.0
1259.3882622449585	0.05850179999993088	epochs	2.0
1259.3882622449585	0.02934940000000097	epochs	3.0
1259.4176116449585	0.029152399999929912	epochs	3.0
1259.4467640449584	0.05772420000016609	epochs	2.0
1259.4467640449584	0.028958000000102402	epochs	3.0
1259.4757220449585	0.02876620000006369	epochs	3.0
1259.5044882449586	0.056967099999837956	epochs	2.0
1259.5044882449586	0.028577000000041153	epochs	3.0
1259.5330652449586	0.028390099999796803	epochs	3.0
1259.5614553449584	0.05622950000019955	epochs	2.0
1259.5614553449584	0.02820570000017142	epochs	3.0
1259.5896610449586	0.028023800000028132	epochs	3.0
1259.6176848449586	0.055510699999786084	epochs	2.0
1259.6176848449586	0.027843999999959124	epochs	3.0
1259.6455288449586	0.02766669999982696	epochs	3.0
1259.6731955449584	0.054810200000019904	epochs	2.0
1259.6731955449584	0.02749149999999645	epochs	3.0
1259.7006870449584	0.027318700000023455	epochs	3.0
1259.7280057449584	0.05412700000010773	epochs	2.0
1259.7280057449584	0.027147800000193456	epochs	3.0
1259.7551535449586	0.026979199999914272	epochs	3.0
1259.7821327449585	0.053460699999959616	epochs	2.0
1259.7821327449585	0.026812600000084785	epochs	3.0
1259.8089453449586	0.02664809999987483	epochs	3.0
1259.8355934449585	0.05281070000000909	epochs	2.0
1259.8355934449585	0.026485600000114573	epochs	3.0
1259.8620790449586	0.02632509999989452	epochs	3.0
1259.8884041449585	0.05217620000007628	epochs	2.0
1259.8884041449585	0.026166399999965506	epochs	3.0
1259.9145705449585	0.026009800000110772	epochs	3.0
1259.9405803449586	0.051556699999991906	epochs	2.0
1259.9405803449586	0.025854799999933675	epochs	3.0
1259.9664351449585	0.02570190000005823	epochs	3.0
1259.9921370449586	0.05095189999997274	epochs	2.0
1259.9921370449586	0.025550699999939752	epochs	3.0
1260.0176877449585	0.025401200000032986	epochs	3.0
1260.0430889449585	0.05036100000006627	epochs	2.0
1260.0430889449585	0.025253499999962514	epochs	3.0
1260.0683424449585	0.025107500000103755	epochs	3.0
1260.0934499449586	0.04978379999988647	epochs	2.0
1260.0934499449586	0.02496320000000196	epochs	3.0
1260.1184131449586	0.024820599999884507	epochs	3.0
1260.1432337449585	0.04921949999993558	epochs	2.0
1260.1432337449585	0.024679399999968155	epochs	3.0
1260.1679131449584	0.024540099999967424	epochs	3.0
1260.1924532449584	0.04866790000005494	epochs	2.0
1260.1924532449584	0.024402100000088467	epochs	3.0
1260.2168553449585	0.024265799999966475	epochs	3.0
1260.2411211449585	0.048128599999927246	epochs	2.0
1260.2411211449585	0.024131000000124914	epochs	3.0
1260.2652521449586	0.023997599999802333	epochs	3.0
1260.2892497449584	0.047601100000065344	epochs	2.0
1260.2892497449584	0.023865800000066884	epochs	3.0
1260.3131155449585	0.02373529999999846	epochs	3.0
1260.3368508449585	0.04708499999992455	epochs	2.0
1260.3368508449585	0.023606299999983094	epochs	3.0
1260.3604571449584	0.023478699999941455	epochs	3.0
1260.3839358449584	0.04658000000017637	epochs	2.0
1260.3839358449584	0.023352500000100918	epochs	3.0
1260.4072883449585	0.02322750000007545	epochs	3.0
1260.4305158449586	0.04608569999982137	epochs	2.0
1260.4305158449586	0.02310399999987567	epochs	3.0
1260.4536198449584	0.022981699999945704	epochs	3.0
1260.4766015449584	0.04560180000021319	epochs	2.0
1260.4766015449584	0.022860700000137513	epochs	3.0
1260.4994622449585	0.022741100000075676	epochs	3.0
1260.5222033449586	0.045127899999897636	epochs	2.0
1260.5222033449586	0.022622499999897627	epochs	3.0
1260.5448258449585	0.02250540000000001	epochs	3.0
1260.5673312449585	0.0446638000000803	epochs	2.0
1260.5673312449585	0.02238929999998618	epochs	3.0
1260.5897205449585	0.022274500000094122	epochs	3.0
1260.6119950449586	0.044209199999841076	epochs	2.0
1260.6119950449586	0.022160799999937808	epochs	3.0
1260.6341558449585	0.022048399999903268	epochs	3.0
1260.6562042449584	0.04376360000014756	epochs	2.0
1260.6562042449584	0.021936900000127935	epochs	3.0
1260.6781411449585	0.021826700000019628	epochs	3.0
1260.6999678449586	0.04332709999994222	epochs	2.0
1260.6999678449586	0.021717599999874437	epochs	3.0
1260.7216854449584	0.021609500000067783	epochs	3.0
1260.7432949449585	0.04289900000003399	epochs	2.0
1260.7432949449585	0.02150249999999687	epochs	3.0
1260.7647974449585	0.021396500000037122	epochs	3.0
1260.7861939449585	0.04247949999989942	epochs	2.0
1260.7861939449585	0.021291699999892444	epochs	3.0
1260.8074856449584	0.021187800000006973	epochs	3.0
1260.8286734449584	0.04206790000012006	epochs	2.0
1260.8286734449584	0.02108490000000529	epochs	3.0
1260.8497583449584	0.02098300000011477	epochs	3.0
1260.8707413449586	0.04166439999994509	epochs	2.0
1260.8707413449586	0.020882199999959994	epochs	3.0
1260.8916235449585	0.020782199999985096	epochs	3.0
1260.9124057449585	0.041268499999887354	epochs	2.0
1260.9124057449585	0.020683299999973315	epochs	3.0
1260.9330890449585	0.02058519999991404	epochs	3.0
1260.9536742449584	0.04088000000001557	epochs	2.0
1260.9536742449584	0.0204881000001933	epochs	3.0
1260.9741623449586	0.02039189999982227	epochs	3.0
1260.9945542449584	0.04049880000002304	epochs	2.0
1260.9945542449584	0.0202966000001652	epochs	3.0
1261.0148508449586	0.02020219999985784	epochs	3.0
1261.0350530449584	0.04012460000012652	epochs	2.0
1261.0350530449584	0.02010870000003706	epochs	3.0
1261.0551617449585	0.02001590000008946	epochs	3.0
1261.0751776449586	0.03975730000001931	epochs	2.0
1261.0751776449586	0.0199241999998776	epochs	3.0
1261.0951018449584	0.019833100000141712	epochs	3.0
1261.1149349449586	0.03939669999999751	epochs	2.0
1261.1149349449586	0.019742999999834865	epochs	3.0
1261.1346779449584	0.019653700000162644	epochs	3.0
1261.1543316449586	0.03904239999997117	epochs	2.0
1261.1543316449586	0.019565099999908853	epochs	3.0
1261.1738967449585	0.019477300000062314	epochs	3.0
1261.1933740449585	0.03869459999987157	epochs	2.0
1261.1933740449585	0.019390400000020236	epochs	3.0
1261.2127644449586	0.019304199999851335	epochs	3.0
1261.2320686449584	0.03835290000006353	epochs	2.0
1261.2320686449584	0.019218800000089686	epochs	3.0
1261.2512874449585	0.01913409999997384	epochs	3.0
1261.2704215449585	0.03801720000001296	epochs	2.0
1261.2704215449585	0.019050200000037876	epochs	3.0
1261.2894717449585	0.018966999999975087	epochs	3.0
1261.3084387449585	0.03768719999993664	epochs	2.0
1261.3084387449585	0.01888450000001285	epochs	3.0
1261.3273232449585	0.01880269999992379	epochs	3.0
1261.3461259449584	0.03736309999999321	epochs	2.0
1261.3461259449584	0.018721700000014607	epochs	3.0
1261.3648476449584	0.018641399999978603	epochs	3.0
1261.3834890449584	0.037044300000161456	epochs	2.0
1261.3834890449584	0.018561600000111866	epochs	3.0
1261.4020506449585	0.01848270000004959	epochs	3.0
1261.4205333449586	0.03673099999991791	epochs	2.0
1261.4205333449586	0.018404299999929208	epochs	3.0
1261.4389376449585	0.018326699999988705	epochs	3.0
1261.4572643449585	0.03642289999993409	epochs	2.0
1261.4572643449585	0.018249599999990096	epochs	3.0
1261.4755139449585	0.018173299999943993	epochs	3.0
1261.4936872449584	0.03612010000006194	epochs	2.0
1261.4936872449584	0.018097600000146485	epochs	3.0
1261.5117848449586	0.018022499999915453	epochs	3.0
1261.5298073449585	0.03582209999990482	epochs	2.0
1261.5298073449585	0.017947900000081063	epochs	3.0
1261.5477552449586	0.01787419999982376	epochs	3.0
1261.5656294449584	0.03552899999999681	epochs	2.0
1261.5656294449584	0.017800800000031813	epochs	3.0
1261.5834302449584	0.017728199999965	epochs	3.0
1261.6011584449584	0.03524070000003121	epochs	2.0
1261.6011584449584	0.017656100000067454	epochs	3.0
1261.6188145449585	0.017584599999963757	epochs	3.0
1261.6363991449584	0.03495710000015606	epochs	2.0
1261.6363991449584	0.017513700000108656	epochs	3.0
1261.6539128449585	0.017443400000047404	epochs	3.0
1261.6713562449586	0.034677899999906	epochs	2.0
1261.6713562449586	0.017373599999928047	epochs	3.0
1261.6887298449585	0.017304299999977957	epochs	3.0
1261.7060341449585	0.03440329999989444	epochs	2.0
1261.7060341449585	0.017235699999901044	epochs	3.0
1261.7232698449584	0.0171675999999934	epochs	3.0
1261.7404374449584	0.034132800000179486	epochs	2.0
1261.7404374449584	0.017099900000175694	epochs	3.0
1261.7575373449586	0.017032900000003792	epochs	3.0
1261.7745702449586	0.03386669999986225	epochs	2.0
1261.7745702449586	0.01696640000000116	epochs	3.0
1261.7915366449586	0.01690029999986109	epochs	3.0
1261.8084369449584	0.03360459999998966	epochs	2.0
1261.8084369449584	0.01683479999996962	epochs	3.0
1261.8252717449584	0.01676980000002004	epochs	3.0
1261.8420415449584	0.0333466000001863	epochs	2.0
1261.8420415449584	0.016705300000012357	epochs	3.0
1261.8587468449584	0.016641300000173942	epochs	3.0
1261.8753881449586	0.033092499999838765	epochs	2.0
1261.8753881449586	0.016577799999822673	epochs	3.0
1261.8919659449584	0.01651470000001609	epochs	3.0
1261.9084806449584	0.032842300000083924	epochs	2.0
1261.9084806449584	0.01645220000000336	epochs	3.0
1261.9249328449584	0.016390100000080565	epochs	3.0
1261.9413229449585	0.03259570000000167	epochs	2.0
1261.9413229449585	0.016328400000020338	epochs	3.0
1261.9576513449585	0.016267299999981333	epochs	3.0
1261.9739186449585	0.032352899999978035	epochs	2.0
1261.9739186449585	0.016206600000032267	epochs	3.0
1261.9901252449586	0.016146299999945768	epochs	3.0
1262.0062715449585	0.032113700000081735	epochs	2.0
1262.0062715449585	0.01608659999988049	epochs	3.0
1262.0223581449584	0.016027100000201244	epochs	3.0
1262.0383852449586	0.03187800000000607	epochs	2.0
1262.0383852449586	0.0159681999998611	epochs	3.0
1262.0543534449585	0.01590980000014497	epochs	3.0
1262.0702632449586	0.03164569999989908	epochs	2.0
1262.0702632449586	0.015851599999905375	epochs	3.0
1262.0861148449585	0.015794099999993705	epochs	3.0
1262.1019089449585	0.031416699999908815	epochs	2.0
1262.1019089449585	0.01573669999993399	epochs	3.0
1262.1176456449584	0.015679999999974825	epochs	3.0
1262.1333256449584	0.031191100000114602	epochs	2.0
1262.1333256449584	0.015623600000026272	epochs	3.0
1262.1489492449584	0.01556750000008833	epochs	3.0
1262.1645167449585	0.030968699999903038	epochs	2.0
1262.1645167449585	0.015511999999944237	epochs	3.0
1262.1800287449585	0.0154566999999588	epochs	3.0
1262.1954854449584	0.030749500000183616	epochs	2.0
1262.1954854449584	0.015401999999994587	epochs	3.0
1262.2108874449584	0.01534750000018903	epochs	3.0
1262.2262349449586	0.030533199999808858	epochs	2.0
1262.2262349449586	0.01529339999979129	epochs	3.0
1262.2415283449584	0.015239800000017567	epochs	3.0
1262.2567681449584	0.030320100000153616	epochs	2.0
1262.2567681449584	0.015186500000027081	epochs	3.0
1262.2719546449584	0.015133600000126535	epochs	3.0
1262.2870882449586	0.030109899999843037	epochs	2.0
1262.2870882449586	0.015081000000009226	epochs	3.0
1262.3021692449586	0.015028899999833811	epochs	3.0
1262.3171981449584	0.029902500000162036	epochs	2.0
1262.3171981449584	0.014977000000044427	epochs	3.0
1262.3321751449585	0.014925500000117609	epochs	3.0
1262.3471006449586	0.029698099999905025	epochs	2.0
1262.3471006449586	0.014874399999825982	epochs	3.0
1262.3619750449584	0.014823700000079043	epochs	3.0
1262.3767987449585	0.029496300000118936	epochs	2.0
1262.3767987449585	0.014773200000036013	epochs	3.0
1262.3915719449585	0.014723100000082923	epochs	3.0
1262.4062950449586	0.029297399999904883	epochs	2.0
1262.4062950449586	0.014673399999992398	epochs	3.0
1262.4209684449586	0.014623999999912485	epochs	3.0
1262.4355924449585	0.029101099999934377	epochs	2.0
1262.4355924449585	0.014574900000070556	epochs	3.0
1262.4501673449586	0.01452619999986382	epochs	3.0
1262.4646935449584	0.028907399999980044	epochs	2.0
1262.4646935449584	0.014477700000043114	epochs	3.0
1262.4791712449585	0.014429699999936929	epochs	3.0
1262.4936009449584	0.02871620000018993	epochs	2.0
1262.4936009449584	0.014381800000137446	epochs	3.0
1262.5079827449586	0.014334400000052483	epochs	3.0
1262.5223171449586	0.02852759999996124	epochs	2.0
1262.5223171449586	0.014287199999898803	epochs	3.0
1262.5366043449585	0.014240400000062436	epochs	3.0
1262.5508447449586	0.02834139999981744	epochs	2.0
1262.5508447449586	0.014193799999929979	epochs	3.0
1262.5650385449585	0.014147599999887461	epochs	3.0
1262.5791861449584	0.028157700000065233	epochs	2.0
1262.5791861449584	0.014101700000082928	epochs	3.0
1262.5932878449585	0.014055999999982305	epochs	3.0
1262.6073438449585	0.027976300000091214	epochs	2.0
1262.6073438449585	0.014010600000119666	epochs	3.0
1262.6213544449586	0.013965699999971548	epochs	3.0
1262.6353201449585	0.027797199999895383	epochs	2.0
1262.6353201449585	0.013920800000050804	epochs	3.0
1262.6492409449586	0.01387639999984458	epochs	3.0
1262.6631173449584	0.02762040000015986	epochs	2.0
1262.6631173449584	0.013832200000024386	epochs	3.0
1262.6769495449585	0.013788200000135475	epochs	3.0
1262.6907377449586	0.027445899999975154	epochs	2.0
1262.6907377449586	0.013744599999881757	epochs	3.0
1262.7044823449585	0.013701300000093397	epochs	3.0
1262.7181836449586	0.027273499999864725	epochs	2.0
1262.7181836449586	0.013658200000008947	epochs	3.0
1262.7318418449586	0.013615299999855779	epochs	3.0
1262.7454571449584	0.027103399999987232	epochs	2.0
1262.7454571449584	0.013572800000019924	epochs	3.0
1262.7590299449585	0.013530599999967308	epochs	3.0
1262.7725605449584	0.02693520000002536	epochs	2.0
1262.7725605449584	0.013488400000142065	epochs	3.0
1262.7860489449586	0.013446799999883297	epochs	3.0
1262.7994957449584	0.026769199999989723	epochs	2.0
1262.7994957449584	0.013405200000079276	epochs	3.0
1262.8129009449585	0.013363999999910448	epochs	3.0
1262.8262649449584	0.026605199999949036	epochs	2.0
1262.8262649449584	0.013322900000048321	epochs	3.0
1262.8395878449585	0.013282299999900715	epochs	3.0
1262.8528701449584	0.026443200000130673	epochs	2.0
1262.8528701449584	0.013241700000207857	epochs	3.0
1262.8661118449586	0.013201499999922817	epochs	3.0
1262.8793133449585	0.026283200000079887	epochs	2.0
1262.8793133449585	0.013161500000023807	epochs	3.0
1262.8924748449585	0.01312170000005608	epochs	3.0
1262.9055965449586	0.026124999999865395	epochs	2.0
1262.9055965449586	0.013082099999792263	epochs	3.0
1262.9186786449584	0.013042900000073132	epochs	3.0
1262.9317215449585	0.025968899999952555	epochs	2.0
1262.9317215449585	0.01300390000005791	epochs	3.0
1262.9447254449585	0.012964999999894644	epochs	3.0
1262.9576904449584	0.025814500000024054	epochs	2.0
1262.9576904449584	0.012926399999969362	epochs	3.0
1262.9706168449584	0.012888100000054692	epochs	3.0
1262.9835049449584	0.02566190000015922	epochs	2.0
1262.9835049449584	0.012849899999991976	epochs	3.0
1262.9963548449584	0.012812000000167245	epochs	3.0
1263.0091668449586	0.025511199999982637	epochs	2.0
1263.0091668449586	0.012774399999898378	epochs	3.0
1263.0219412449585	0.012736800000084258	epochs	3.0
1263.0346780449586	0.02536229999986972	epochs	2.0
1263.0346780449586	0.01269969999998466	epochs	3.0
1263.0473777449586	0.01266259999988506	epochs	3.0
1263.0600403449585	0.02521500000011656	epochs	2.0
1263.0600403449585	0.012625800000023446	epochs	3.0
1263.0726661449585	0.012589200000093115	epochs	3.0
1263.0852553449586	0.024584799999956886	epochs	2.0
1263.1083369449584	0.5	epochs	-1.0
1263.1098401449585	0.5083999999999378	epochs	1.0
1263.6182401449585	0.4915200000000368	epochs	0.0
1264.755000114441	0.11184000000002925	epochs	0.0
1264.755000114441	0.050920800000085364	epochs	1.0
1264.805920914441	0.00999839999985852	epochs	1.0
1264.8159193144409	0.050920800000085364	epochs	1.0
1264.866840114441	2.0	epochs	0.0
1266.866840114441	21.527519999999868	epochs	0.0
1266.866840114441	1.0	epochs	1.0
1266.8668569144409	0.5	epochs	-1.0
1267.3668569144409	19.998479999999972	epochs	-1.0
1267.866840114441	20.0	epochs	1.0
1267.866840114441	4.356753900000058	epochs	-1.0
1267.866840114441	1.9745871999998599	epochs	2.0
1267.866840114441	1.0985622000000603	epochs	3.0
1268.965402314441	0.8760249999997995	epochs	3.0
1269.8414273144408	1.3524075000000266	epochs	2.0
1269.8414273144408	0.7286355000001095	epochs	3.0
1270.570062814441	0.6237719999999172	epochs	3.0
1271.1938348144408	1.0297592000001714	epochs	2.0
1271.1938348144408	0.5453293000000485	epochs	3.0
1271.7391641144409	0.48442990000012287	epochs	3.0
1272.223594014441	0.8317861999998968	epochs	2.0
1272.223594014441	0.4357762999998158	epochs	3.0
1272.6593703144408	0.39600990000008096	epochs	3.0
1273.055380214441	0.6977970000000369	epochs	2.0
1273.055380214441	0.3628982000000178	epochs	3.0
1273.418278414441	0.33489880000001904	epochs	3.0
1273.753177214441	0.601045699999986	epochs	2.0
1273.753177214441	0.3109122999999272	epochs	3.0
1274.0640895144409	0.2901334000000588	epochs	3.0
1274.354222914441	0.5278859000000011	epochs	2.0
1274.354222914441	0.2719586000000618	epochs	3.0
1274.626181514441	0.25592729999993935	epochs	3.0
1274.882108814441	0.470619299999953	epochs	2.0
1274.882108814441	0.241681299999982	epochs	3.0
1275.123790114441	0.228937999999971	epochs	3.0
1275.3527281144409	0.42457039999999324	epochs	2.0
1275.3527281144409	0.21747140000002219	epochs	3.0
1275.570199514441	0.20709899999997106	epochs	3.0
1275.7772985144409	0.3867354000001342	epochs	2.0
1275.7772985144409	0.19767109999997956	epochs	3.0
1275.9749696144409	0.18906430000015462	epochs	3.0
1276.164033914441	0.35509529999990264	epochs	2.0
1276.164033914441	0.18117589999997108	epochs	3.0
1276.345209814441	0.17391939999993156	epochs	3.0
1276.519129214441	0.3282431000000088	epochs	2.0
1276.519129214441	0.16722189999995862	epochs	3.0
1276.6863511144409	0.16102120000005016	epochs	3.0
1276.847372314441	0.30516800000009425	epochs	2.0
1276.847372314441	0.15526389999990897	epochs	3.0
1277.0026362144408	0.14990410000018528	epochs	3.0
1277.152540314441	0.28512529999989056	epochs	2.0
1277.152540314441	0.14490209999985382	epochs	3.0
1277.2974424144409	0.14022320000003674	epochs	3.0
1277.437665614441	0.267553800000087	epochs	2.0
1277.437665614441	0.1358368999999584	epochs	3.0
1277.5735025144409	0.1317169000001286	epochs	3.0
1277.705219414441	0.252022899999929	epochs	2.0
1277.705219414441	0.1278393000000051	epochs	3.0
1277.833058714441	0.1241835999999239	epochs	3.0
1277.957242314441	0.23819649999995818	epochs	2.0
1277.957242314441	0.12073110000005727	epochs	3.0
1278.077973414441	0.11746539999990091	epochs	3.0
1278.1954388144409	0.2258088000000953	epochs	2.0
1278.1954388144409	0.11437190000015107	epochs	3.0
1278.309810714441	0.11143689999994422	epochs	3.0
1278.421247614441	0.21464599999990241	epochs	2.0
1278.421247614441	0.10864889999993466	epochs	3.0
1278.529896514441	0.10599709999996776	epochs	3.0
1278.6358936144409	0.20453500000007807	epochs	2.0
1278.6358936144409	0.10347150000006877	epochs	3.0
1278.739365114441	0.1010635000000093	epochs	3.0
1278.840428614441	0.19533400000000256	epochs	2.0
1278.840428614441	0.09876510000003691	epochs	3.0
1278.939193714441	0.09656889999996565	epochs	3.0
1279.035762614441	0.18692529999998442	epochs	2.0
1279.035762614441	0.09446830000001682	epochs	3.0
1279.130230914441	0.09245699999996759	epochs	3.0
1279.222687914441	0.17921069999988504	epochs	2.0
1279.222687914441	0.0905296000000817	epochs	3.0
1279.313217514441	0.08868109999980334	epochs	3.0
1279.4018986144408	0.17210770000019693	epochs	2.0
1279.4018986144408	0.08690630000000965	epochs	3.0
1279.4888049144408	0.08520140000018728	epochs	3.0
1279.574006314441	0.1655463999998119	epochs	2.0
1279.574006314441	0.08356189999994967	epochs	3.0
1279.657568214441	0.08198449999986224	epochs	3.0
1279.7395527144408	0.15946710000002895	epochs	2.0
1279.7395527144408	0.08046540000009372	epochs	3.0
1279.820018114441	0.07900169999993523	epochs	3.0
1279.8990198144409	0.15381840000009106	epochs	2.0
1279.8990198144409	0.07759009999995214	epochs	3.0
1279.9766099144408	0.07622830000013892	epochs	3.0
1280.052838214441	0.14855639999996129	epochs	2.0
1280.052838214441	0.07491329999993468	epochs	3.0
1280.127751514441	0.0736431000000266	epochs	3.0
1280.201394614441	0.14364240000008976	epochs	2.0
1280.201394614441	0.07241500000009182	epochs	3.0
1280.273809614441	0.07122739999999794	epochs	3.0
1280.345037014441	0.13904309999998077	epochs	2.0
1280.345037014441	0.07007799999996678	epochs	3.0
1280.415115014441	0.06896510000001399	epochs	3.0
1280.484080114441	0.13472929999988992	epochs	2.0
1280.484080114441	0.0678871000000072	epochs	3.0
1280.551967214441	0.06684219999988272	epochs	3.0
1280.6188094144409	0.1306752000000415	epochs	2.0
1280.6188094144409	0.06582909999997355	epochs	3.0
1280.6846385144408	0.06484610000006796	epochs	3.0
1280.749484614441	0.1268577999999252	epochs	2.0
1280.749484614441	0.06389199999989614	epochs	3.0
1280.8133766144408	0.06296580000002905	epochs	3.0
1280.8763424144408	0.12325720000012552	epochs	2.0
1280.8763424144408	0.06206580000002759	epochs	3.0
1280.9384082144409	0.06119140000009793	epochs	3.0
1280.999599614441	0.11985540000000583	epochs	2.0
1280.999599614441	0.060341099999959624	epochs	3.0
1281.059940714441	0.059514300000046205	epochs	3.0
1281.119455014441	0.1166361999999026	epochs	2.0
1281.119455014441	0.058709599999929196	epochs	3.0
1281.178164614441	0.057926599999973405	epochs	3.0
1281.2360912144409	0.11358560000007856	epochs	2.0
1281.2360912144409	0.05716419999998834	epochs	3.0
1281.2932554144409	0.056421400000090216	epochs	3.0
1281.349676814441	0.11069049999991876	epochs	2.0
1281.349676814441	0.055697900000041045	epochs	3.0
1281.405374714441	0.05499259999987771	epochs	3.0
1281.4603673144409	0.1079391000000669	epochs	2.0
1281.4603673144409	0.05430490000003374	epochs	3.0
1281.514672214441	0.05363420000003316	epochs	3.0
1281.568306414441	0.10532149999994544	epochs	2.0
1281.568306414441	0.05297999999993408	epochs	3.0
1281.6212864144409	0.052341500000011365	epochs	3.0
1281.6736279144409	0.10282759999995505	epochs	2.0
1281.6736279144409	0.05171810000001642	epochs	3.0
1281.725346014441	0.051109499999938635	epochs	3.0
1281.7764555144408	0.10044910000010532	epochs	2.0
1281.7764555144408	0.050514900000052876	epochs	3.0
1281.826970414441	0.04993420000005244	epochs	3.0
1281.876904614441	0.0981782999999723	epochs	2.0
1281.876904614441	0.04936659999998483	epochs	3.0
1281.926271214441	0.04881169999998747	epochs	3.0
1281.975082914441	0.09600780000005216	epochs	2.0
1281.975082914441	0.04826920000004975	epochs	3.0
1282.023352114441	0.04773860000000241	epochs	3.0
1282.071090714441	0.09393120000004274	epochs	2.0
1282.071090714441	0.04721949999998287	epochs	3.0
1282.118310214441	0.046711700000059864	epochs	3.0
1282.165021914441	0.09194259999981114	epochs	2.0
1282.165021914441	0.046214599999984785	epochs	3.0
1282.211236514441	0.04572799999982635	epochs	3.0
1282.2569645144408	0.09003630000006524	epochs	2.0
1282.2569645144408	0.04525150000017675	epochs	3.0
1282.302216014441	0.04478479999988849	epochs	3.0
1282.347000814441	0.08820760000003247	epochs	2.0
1282.347000814441	0.044327800000019124	epochs	3.0
1282.391328614441	0.04387980000001335	epochs	3.0
1282.435208414441	0.0864516999999978	epochs	2.0
1282.435208414441	0.04344100000002982	epochs	3.0
1282.478649414441	0.04301069999996798	epochs	3.0
1282.521660114441	0.08476429999996071	epochs	2.0
1282.521660114441	0.04258899999990717	epochs	3.0
1282.5642491144408	0.04217530000005354	epochs	3.0
1282.6064244144409	0.08314150000001064	epochs	2.0
1282.6064244144409	0.04176970000003166	epochs	3.0
1282.648194114441	0.041371799999978975	epochs	3.0
1282.689565914441	0.08157970000002024	epochs	2.0
1282.689565914441	0.040981399999964196	epochs	3.0
1282.7305473144409	0.04059830000005604	epochs	3.0
1282.771145614441	0.08007550000002084	epochs	2.0
1282.771145614441	0.040222300000095856	epochs	3.0
1282.811367914441	0.03985319999992498	epochs	3.0
1282.851221114441	0.07862569999997504	epochs	2.0
1282.851221114441	0.039490800000066884	epochs	3.0
1282.890711914441	0.03913489999990816	epochs	3.0
1282.929846814441	0.07722760000001472	epochs	2.0
1282.929846814441	0.038785400000051595	epochs	3.0
1282.968632214441	0.03844219999996312	epochs	3.0
1283.007074414441	0.07587820000003376	epochs	2.0
1283.007074414441	0.03810479999992822	epochs	3.0
1283.0451792144409	0.03777340000010554	epochs	3.0
1283.082952614441	0.0745752000000266	epochs	2.0
1283.082952614441	0.03744770000002973	epochs	3.0
1283.120400314441	0.03712749999999687	epochs	3.0
1283.157527814441	0.07331629999998768	epochs	2.0
1283.157527814441	0.03681289999985893	epochs	3.0
1283.1943407144408	0.03650340000012875	epochs	3.0
1283.230844114441	0.07209899999998015	epochs	2.0
1283.230844114441	0.03619909999997617	epochs	3.0
1283.267043214441	0.03589990000000398	epochs	3.0
1283.302943114441	0.07092169999987163	epochs	2.0
1283.302943114441	0.03560560000005353	epochs	3.0
1283.338548714441	0.03531609999981811	epochs	3.0
1283.3738648144408	0.06978200000003199	epochs	2.0
1283.3738648144408	0.03503120000004856	epochs	3.0
1283.4088960144409	0.03475079999998343	epochs	3.0
1283.4436468144409	0.06867860000011206	epochs	2.0
1283.4436468144409	0.03447510000000875	epochs	3.0
1283.4781219144409	0.034203500000103304	epochs	3.0
1283.512325414441	0.06760929999995824	epochs	2.0
1283.512325414441	0.033936199999970995	epochs	3.0
1283.546261614441	0.033673099999987244	epochs	3.0
1283.579934714441	0.06657289999998284	epochs	2.0
1283.579934714441	0.03341399999999339	epochs	3.0
1283.613348714441	0.033158899999989444	epochs	3.0
1283.646507614441	0.06556780000005347	epochs	2.0
1283.646507614441	0.03290770000012344	epochs	3.0
1283.679415314441	0.032660099999930026	epochs	3.0
1283.712075414441	0.06459259999996902	epochs	2.0
1283.712075414441	0.03241639999987456	epochs	3.0
1283.7444918144408	0.03217620000009447	epochs	3.0
1283.776668014441	0.06364600000006249	epochs	2.0
1283.776668014441	0.03193959999998697	epochs	3.0
1283.808607614441	0.03170640000007552	epochs	3.0
1283.840314014441	0.0627266999999847	epochs	2.0
1283.840314014441	0.031476599999905375	epochs	3.0
1283.871790614441	0.03125010000007933	epochs	3.0
1283.903040714441	0.06183359999999993	epochs	2.0
1283.903040714441	0.03102689999991526	epochs	3.0
1283.934067614441	0.030806700000084675	epochs	3.0
1283.964874314441	0.060965599999917686	epochs	2.0
1283.964874314441	0.030589799999916067	epochs	3.0
1283.995464114441	0.030375800000001618	epochs	3.0
1284.025839914441	0.06012160000000222	epochs	2.0
1284.025839914441	0.030164900000045236	epochs	3.0
1284.056004814441	0.02995669999995698	epochs	3.0
1284.085961514441	0.05930069999999432	epochs	2.0
1284.085961514441	0.029751600000054168	epochs	3.0
1284.115713114441	0.029549099999940154	epochs	3.0
1284.145262214441	0.05850179999993088	epochs	2.0
1284.145262214441	0.02934940000000097	epochs	3.0
1284.174611614441	0.029152399999929912	epochs	3.0
1284.2037640144408	0.05772420000016609	epochs	2.0
1284.2037640144408	0.028958000000102402	epochs	3.0
1284.232722014441	0.02876620000006369	epochs	3.0
1284.261488214441	0.056967099999837956	epochs	2.0
1284.261488214441	0.028577000000041153	epochs	3.0
1284.290065214441	0.028390099999796803	epochs	3.0
1284.3184553144408	0.05622950000019955	epochs	2.0
1284.3184553144408	0.02820570000017142	epochs	3.0
1284.346661014441	0.028023800000028132	epochs	3.0
1284.374684814441	0.055510699999786084	epochs	2.0
1284.374684814441	0.027843999999959124	epochs	3.0
1284.402528814441	0.02766669999982696	epochs	3.0
1284.4301955144408	0.054810200000019904	epochs	2.0
1284.4301955144408	0.02749149999999645	epochs	3.0
1284.4576870144408	0.027318700000023455	epochs	3.0
1284.4850057144408	0.05412700000010773	epochs	2.0
1284.4850057144408	0.027147800000193456	epochs	3.0
1284.512153514441	0.026979199999914272	epochs	3.0
1284.539132714441	0.053460699999959616	epochs	2.0
1284.539132714441	0.026812600000084785	epochs	3.0
1284.565945314441	0.02664809999987483	epochs	3.0
1284.592593414441	0.05281070000000909	epochs	2.0
1284.592593414441	0.026485600000114573	epochs	3.0
1284.619079014441	0.02632509999989452	epochs	3.0
1284.645404114441	0.05217620000007628	epochs	2.0
1284.645404114441	0.026166399999965506	epochs	3.0
1284.6715705144409	0.026009800000110772	epochs	3.0
1284.697580314441	0.051556699999991906	epochs	2.0
1284.697580314441	0.025854799999933675	epochs	3.0
1284.723435114441	0.02570190000005823	epochs	3.0
1284.749137014441	0.05095189999997274	epochs	2.0
1284.749137014441	0.025550699999939752	epochs	3.0
1284.774687714441	0.025401200000032986	epochs	3.0
1284.800088914441	0.05036100000006627	epochs	2.0
1284.800088914441	0.025253499999962514	epochs	3.0
1284.825342414441	0.025107500000103755	epochs	3.0
1284.850449914441	0.04978379999988647	epochs	2.0
1284.850449914441	0.02496320000000196	epochs	3.0
1284.875413114441	0.024820599999884507	epochs	3.0
1284.900233714441	0.04921949999993558	epochs	2.0
1284.900233714441	0.024679399999968155	epochs	3.0
1284.9249131144409	0.024540099999967424	epochs	3.0
1284.9494532144408	0.04866790000005494	epochs	2.0
1284.9494532144408	0.024402100000088467	epochs	3.0
1284.973855314441	0.024265799999966475	epochs	3.0
1284.998121114441	0.048128599999927246	epochs	2.0
1284.998121114441	0.024131000000124914	epochs	3.0
1285.022252114441	0.023997599999802333	epochs	3.0
1285.0462497144408	0.047601100000065344	epochs	2.0
1285.0462497144408	0.023865800000066884	epochs	3.0
1285.0701155144409	0.02373529999999846	epochs	3.0
1285.0938508144409	0.04708499999992455	epochs	2.0
1285.0938508144409	0.023606299999983094	epochs	3.0
1285.1174571144409	0.023478699999941455	epochs	3.0
1285.1409358144408	0.04658000000017637	epochs	2.0
1285.1409358144408	0.023352500000100918	epochs	3.0
1285.164288314441	0.02322750000007545	epochs	3.0
1285.187515814441	0.04608569999982137	epochs	2.0
1285.187515814441	0.02310399999987567	epochs	3.0
1285.2106198144409	0.022981699999945704	epochs	3.0
1285.2336015144408	0.04560180000021319	epochs	2.0
1285.2336015144408	0.022860700000137513	epochs	3.0
1285.256462214441	0.022741100000075676	epochs	3.0
1285.279203314441	0.045127899999897636	epochs	2.0
1285.279203314441	0.022622499999897627	epochs	3.0
1285.301825814441	0.02250540000000001	epochs	3.0
1285.324331214441	0.0446638000000803	epochs	2.0
1285.324331214441	0.02238929999998618	epochs	3.0
1285.346720514441	0.022274500000094122	epochs	3.0
1285.368995014441	0.044209199999841076	epochs	2.0
1285.368995014441	0.022160799999937808	epochs	3.0
1285.391155814441	0.022048399999903268	epochs	3.0
1285.4132042144408	0.04376360000014756	epochs	2.0
1285.4132042144408	0.021936900000127935	epochs	3.0
1285.435141114441	0.021826700000019628	epochs	3.0
1285.456967814441	0.04332709999994222	epochs	2.0
1285.456967814441	0.021717599999874437	epochs	3.0
1285.4786854144409	0.021609500000067783	epochs	3.0
1285.500294914441	0.04289900000003399	epochs	2.0
1285.500294914441	0.02150249999999687	epochs	3.0
1285.521797414441	0.021396500000037122	epochs	3.0
1285.543193914441	0.04247949999989942	epochs	2.0
1285.543193914441	0.021291699999892444	epochs	3.0
1285.5644856144409	0.021187800000006973	epochs	3.0
1285.5856734144409	0.04206790000012006	epochs	2.0
1285.5856734144409	0.02108490000000529	epochs	3.0
1285.6067583144409	0.02098300000011477	epochs	3.0
1285.627741314441	0.04166439999994509	epochs	2.0
1285.627741314441	0.020882199999959994	epochs	3.0
1285.648623514441	0.020782199999985096	epochs	3.0
1285.669405714441	0.041268499999887354	epochs	2.0
1285.669405714441	0.020683299999973315	epochs	3.0
1285.690089014441	0.02058519999991404	epochs	3.0
1285.7106742144408	0.04088000000001557	epochs	2.0
1285.7106742144408	0.0204881000001933	epochs	3.0
1285.731162314441	0.02039189999982227	epochs	3.0
1285.7515542144408	0.04049880000002304	epochs	2.0
1285.7515542144408	0.0202966000001652	epochs	3.0
1285.771850814441	0.02020219999985784	epochs	3.0
1285.7920530144409	0.04012460000012652	epochs	2.0
1285.7920530144409	0.02010870000003706	epochs	3.0
1285.812161714441	0.02001590000008946	epochs	3.0
1285.832177614441	0.03975730000001931	epochs	2.0
1285.832177614441	0.0199241999998776	epochs	3.0
1285.8521018144409	0.019833100000141712	epochs	3.0
1285.871934914441	0.03939669999999751	epochs	2.0
1285.871934914441	0.019742999999834865	epochs	3.0
1285.8916779144408	0.019653700000162644	epochs	3.0
1285.911331614441	0.03904239999997117	epochs	2.0
1285.911331614441	0.019565099999908853	epochs	3.0
1285.930896714441	0.019477300000062314	epochs	3.0
1285.950374014441	0.03869459999987157	epochs	2.0
1285.950374014441	0.019390400000020236	epochs	3.0
1285.969764414441	0.019304199999851335	epochs	3.0
1285.9890686144408	0.03835290000006353	epochs	2.0
1285.9890686144408	0.019218800000089686	epochs	3.0
1286.008287414441	0.01913409999997384	epochs	3.0
1286.027421514441	0.03801720000001296	epochs	2.0
1286.027421514441	0.019050200000037876	epochs	3.0
1286.046471714441	0.018966999999975087	epochs	3.0
1286.065438714441	0.03768719999993664	epochs	2.0
1286.065438714441	0.01888450000001285	epochs	3.0
1286.084323214441	0.01880269999992379	epochs	3.0
1286.1031259144409	0.03736309999999321	epochs	2.0
1286.1031259144409	0.018721700000014607	epochs	3.0
1286.1218476144409	0.018641399999978603	epochs	3.0
1286.1404890144408	0.037044300000161456	epochs	2.0
1286.1404890144408	0.018561600000111866	epochs	3.0
1286.159050614441	0.01848270000004959	epochs	3.0
1286.177533314441	0.03673099999991791	epochs	2.0
1286.177533314441	0.018404299999929208	epochs	3.0
1286.195937614441	0.018326699999988705	epochs	3.0
1286.214264314441	0.03642289999993409	epochs	2.0
1286.214264314441	0.018249599999990096	epochs	3.0
1286.232513914441	0.018173299999943993	epochs	3.0
1286.2506872144409	0.03612010000006194	epochs	2.0
1286.2506872144409	0.018097600000146485	epochs	3.0
1286.268784814441	0.018022499999915453	epochs	3.0
1286.286807314441	0.03582209999990482	epochs	2.0
1286.286807314441	0.017947900000081063	epochs	3.0
1286.304755214441	0.01787419999982376	epochs	3.0
1286.3226294144408	0.03552899999999681	epochs	2.0
1286.3226294144408	0.017800800000031813	epochs	3.0
1286.3404302144409	0.017728199999965	epochs	3.0
1286.3581584144408	0.03524070000003121	epochs	2.0
1286.3581584144408	0.017656100000067454	epochs	3.0
1286.375814514441	0.017584599999963757	epochs	3.0
1286.3933991144409	0.03495710000015606	epochs	2.0
1286.3933991144409	0.017513700000108656	epochs	3.0
1286.410912814441	0.017443400000047404	epochs	3.0
1286.428356214441	0.034677899999906	epochs	2.0
1286.428356214441	0.017373599999928047	epochs	3.0
1286.445729814441	0.017304299999977957	epochs	3.0
1286.463034114441	0.03440329999989444	epochs	2.0
1286.463034114441	0.017235699999901044	epochs	3.0
1286.4802698144408	0.0171675999999934	epochs	3.0
1286.4974374144408	0.034132800000179486	epochs	2.0
1286.4974374144408	0.017099900000175694	epochs	3.0
1286.514537314441	0.017032900000003792	epochs	3.0
1286.531570214441	0.03386669999986225	epochs	2.0
1286.531570214441	0.01696640000000116	epochs	3.0
1286.548536614441	0.01690029999986109	epochs	3.0
1286.5654369144409	0.03360459999998966	epochs	2.0
1286.5654369144409	0.01683479999996962	epochs	3.0
1286.5822717144408	0.01676980000002004	epochs	3.0
1286.5990415144408	0.0333466000001863	epochs	2.0
1286.5990415144408	0.016705300000012357	epochs	3.0
1286.6157468144409	0.016641300000173942	epochs	3.0
1286.632388114441	0.033092499999838765	epochs	2.0
1286.632388114441	0.016577799999822673	epochs	3.0
1286.6489659144409	0.01651470000001609	epochs	3.0
1286.6654806144409	0.032842300000083924	epochs	2.0
1286.6654806144409	0.01645220000000336	epochs	3.0
1286.6819328144409	0.016390100000080565	epochs	3.0
1286.698322914441	0.03259570000000167	epochs	2.0
1286.698322914441	0.016328400000020338	epochs	3.0
1286.714651314441	0.016267299999981333	epochs	3.0
1286.730918614441	0.032352899999978035	epochs	2.0
1286.730918614441	0.016206600000032267	epochs	3.0
1286.747125214441	0.016146299999945768	epochs	3.0
1286.763271514441	0.032113700000081735	epochs	2.0
1286.763271514441	0.01608659999988049	epochs	3.0
1286.7793581144408	0.016027100000201244	epochs	3.0
1286.795385214441	0.03187800000000607	epochs	2.0
1286.795385214441	0.0159681999998611	epochs	3.0
1286.8113534144409	0.01590980000014497	epochs	3.0
1286.827263214441	0.03164569999989908	epochs	2.0
1286.827263214441	0.015851599999905375	epochs	3.0
1286.843114814441	0.015794099999993705	epochs	3.0
1286.858908914441	0.031416699999908815	epochs	2.0
1286.858908914441	0.01573669999993399	epochs	3.0
1286.8746456144409	0.015679999999974825	epochs	3.0
1286.8903256144408	0.031191100000114602	epochs	2.0
1286.8903256144408	0.015623600000026272	epochs	3.0
1286.9059492144409	0.01556750000008833	epochs	3.0
1286.921516714441	0.030968699999903038	epochs	2.0
1286.921516714441	0.015511999999944237	epochs	3.0
1286.9370287144409	0.0154566999999588	epochs	3.0
1286.9524854144408	0.030749500000183616	epochs	2.0
1286.9524854144408	0.015401999999994587	epochs	3.0
1286.9678874144408	0.01534750000018903	epochs	3.0
1286.983234914441	0.030533199999808858	epochs	2.0
1286.983234914441	0.01529339999979129	epochs	3.0
1286.9985283144408	0.015239800000017567	epochs	3.0
1287.0137681144408	0.030320100000153616	epochs	2.0
1287.0137681144408	0.015186500000027081	epochs	3.0
1287.0289546144409	0.015133600000126535	epochs	3.0
1287.044088214441	0.030109899999843037	epochs	2.0
1287.044088214441	0.015081000000009226	epochs	3.0
1287.059169214441	0.015028899999833811	epochs	3.0
1287.0741981144408	0.029902500000162036	epochs	2.0
1287.0741981144408	0.014977000000044427	epochs	3.0
1287.0891751144409	0.014925500000117609	epochs	3.0
1287.104100614441	0.029698099999905025	epochs	2.0
1287.104100614441	0.014874399999825982	epochs	3.0
1287.1189750144408	0.014823700000079043	epochs	3.0
1287.133798714441	0.029496300000118936	epochs	2.0
1287.133798714441	0.014773200000036013	epochs	3.0
1287.148571914441	0.014723100000082923	epochs	3.0
1287.163295014441	0.029297399999904883	epochs	2.0
1287.163295014441	0.014673399999992398	epochs	3.0
1287.177968414441	0.014623999999912485	epochs	3.0
1287.192592414441	0.029101099999934377	epochs	2.0
1287.192592414441	0.014574900000070556	epochs	3.0
1287.207167314441	0.01452619999986382	epochs	3.0
1287.2216935144409	0.028907399999980044	epochs	2.0
1287.2216935144409	0.014477700000043114	epochs	3.0
1287.236171214441	0.014429699999936929	epochs	3.0
1287.2506009144408	0.02871620000018993	epochs	2.0
1287.2506009144408	0.014381800000137446	epochs	3.0
1287.264982714441	0.014334400000052483	epochs	3.0
1287.279317114441	0.02852759999996124	epochs	2.0
1287.279317114441	0.014287199999898803	epochs	3.0
1287.293604314441	0.014240400000062436	epochs	3.0
1287.307844714441	0.02834139999981744	epochs	2.0
1287.307844714441	0.014193799999929979	epochs	3.0
1287.322038514441	0.014147599999887461	epochs	3.0
1287.3361861144408	0.028157700000065233	epochs	2.0
1287.3361861144408	0.014101700000082928	epochs	3.0
1287.350287814441	0.014055999999982305	epochs	3.0
1287.3643438144409	0.027976300000091214	epochs	2.0
1287.3643438144409	0.014010600000119666	epochs	3.0
1287.378354414441	0.013965699999971548	epochs	3.0
1287.392320114441	0.027797199999895383	epochs	2.0
1287.392320114441	0.013920800000050804	epochs	3.0
1287.406240914441	0.01387639999984458	epochs	3.0
1287.4201173144409	0.02762040000015986	epochs	2.0
1287.4201173144409	0.013832200000024386	epochs	3.0
1287.4339495144409	0.013788200000135475	epochs	3.0
1287.447737714441	0.027445899999975154	epochs	2.0
1287.447737714441	0.013744599999881757	epochs	3.0
1287.461482314441	0.013701300000093397	epochs	3.0
1287.475183614441	0.027273499999864725	epochs	2.0
1287.475183614441	0.013658200000008947	epochs	3.0
1287.488841814441	0.013615299999855779	epochs	3.0
1287.5024571144409	0.027103399999987232	epochs	2.0
1287.5024571144409	0.013572800000019924	epochs	3.0
1287.5160299144409	0.013530599999967308	epochs	3.0
1287.5295605144408	0.02693520000002536	epochs	2.0
1287.5295605144408	0.013488400000142065	epochs	3.0
1287.543048914441	0.013446799999883297	epochs	3.0
1287.5564957144409	0.026769199999989723	epochs	2.0
1287.5564957144409	0.013405200000079276	epochs	3.0
1287.569900914441	0.013363999999910448	epochs	3.0
1287.5832649144409	0.026605199999949036	epochs	2.0
1287.5832649144409	0.013322900000048321	epochs	3.0
1287.596587814441	0.013282299999900715	epochs	3.0
1287.6098701144408	0.026443200000130673	epochs	2.0
1287.6098701144408	0.013241700000207857	epochs	3.0
1287.623111814441	0.013201499999922817	epochs	3.0
1287.636313314441	0.026283200000079887	epochs	2.0
1287.636313314441	0.013161500000023807	epochs	3.0
1287.649474814441	0.01312170000005608	epochs	3.0
1287.662596514441	0.026124999999865395	epochs	2.0
1287.662596514441	0.013082099999792263	epochs	3.0
1287.6756786144408	0.013042900000073132	epochs	3.0
1287.6887215144409	0.025968899999952555	epochs	2.0
1287.6887215144409	0.01300390000005791	epochs	3.0
1287.701725414441	0.012964999999894644	epochs	3.0
1287.7146904144408	0.025814500000024054	epochs	2.0
1287.7146904144408	0.012926399999969362	epochs	3.0
1287.7276168144408	0.012888100000054692	epochs	3.0
1287.7405049144409	0.02566190000015922	epochs	2.0
1287.7405049144409	0.012849899999991976	epochs	3.0
1287.7533548144409	0.012812000000167245	epochs	3.0
1287.766166814441	0.025511199999982637	epochs	2.0
1287.766166814441	0.012774399999898378	epochs	3.0
1287.778941214441	0.012736800000084258	epochs	3.0
1287.791678014441	0.02536229999986972	epochs	2.0
1287.791678014441	0.01269969999998466	epochs	3.0
1287.804377714441	0.01266259999988506	epochs	3.0
1287.8170403144409	0.02521500000011656	epochs	2.0
1287.8170403144409	0.012625800000023446	epochs	3.0
1287.829666114441	0.012589200000093115	epochs	3.0
1287.842255314441	0.024584799999956886	epochs	2.0
1287.8653369144408	0.5	epochs	-1.0
1287.866840114441	0.5275199999998677	epochs	1.0
1288.3943601144408	0.47240000000010696	epochs	0.0
1289.3340001106262	0.11184000000002925	epochs	0.0
1289.3340001106262	0.050920800000085364	epochs	1.0
1289.3849209106263	0.00999839999985852	epochs	1.0
1289.3949193106262	0.050920800000085364	epochs	1.0
1289.4458401106262	2.0	epochs	0.0
1291.4458401106262	0.5079200000000128	epochs	0.0
1291.4458401106262	0.5079200000000128	epochs	1.0
1291.4458569106262	0.5	epochs	-1.0
1291.9458569106262	0.007903200000100696	epochs	-1.0
1291.9537601106263	21.491999999999962	epochs	0.0
1293.1180000305176	0.11184000000002925	epochs	0.0
1293.1180000305176	0.050920800000085364	epochs	1.0
1293.1689208305177	0.00999839999985852	epochs	1.0
1293.1789192305175	0.050920800000085364	epochs	1.0
1293.2298400305176	2.0	epochs	0.0
1295.2298400305176	0.5075999999999112	epochs	0.0
1295.2298400305176	0.5075999999999112	epochs	1.0
1295.2298568305175	0.5	epochs	-1.0
1295.7298568305175	0.007583199999999124	epochs	-1.0
1295.7374400305175	21.492320000000063	epochs	0.0
1296.9340000152588	0.11184000000002925	epochs	0.0
1296.9340000152588	0.050920800000085364	epochs	1.0
1296.9849208152589	0.00999839999985852	epochs	1.0
1296.9949192152587	0.050920800000085364	epochs	1.0
1297.0458400152588	2.0	epochs	0.0
1299.0458400152588	21.527759999999944	epochs	0.0
1299.0458400152588	1.0	epochs	1.0
1299.0458568152587	0.5	epochs	-1.0
1299.5458568152587	19.998479999999972	epochs	-1.0
1300.0458400152588	20.0	epochs	1.0
1300.0458400152588	4.356753900000058	epochs	-1.0
1300.0458400152588	1.9745871999998599	epochs	2.0
1300.0458400152588	1.0985622000000603	epochs	3.0
1301.1444022152589	0.8760249999997995	epochs	3.0
1302.0204272152587	1.3524075000000266	epochs	2.0
1302.0204272152587	0.7286355000001095	epochs	3.0
1302.7490627152588	0.6237719999999172	epochs	3.0
1303.3728347152587	1.0297592000001714	epochs	2.0
1303.3728347152587	0.5453293000000485	epochs	3.0
1303.9181640152588	0.48442990000012287	epochs	3.0
1304.4025939152589	0.8317861999998968	epochs	2.0
1304.4025939152589	0.4357762999998158	epochs	3.0
1304.8383702152587	0.39600990000008096	epochs	3.0
1305.2343801152588	0.6977970000000369	epochs	2.0
1305.2343801152588	0.3628982000000178	epochs	3.0
1305.5972783152588	0.33489880000001904	epochs	3.0
1305.9321771152588	0.601045699999986	epochs	2.0
1305.9321771152588	0.3109122999999272	epochs	3.0
1306.2430894152587	0.2901334000000588	epochs	3.0
1306.5332228152588	0.5278859000000011	epochs	2.0
1306.5332228152588	0.2719586000000618	epochs	3.0
1306.8051814152589	0.25592729999993935	epochs	3.0
1307.0611087152588	0.470619299999953	epochs	2.0
1307.0611087152588	0.241681299999982	epochs	3.0
1307.3027900152588	0.228937999999971	epochs	3.0
1307.5317280152588	0.42457039999999324	epochs	2.0
1307.5317280152588	0.21747140000002219	epochs	3.0
1307.7491994152588	0.20709899999997106	epochs	3.0
1307.9562984152587	0.3867354000001342	epochs	2.0
1307.9562984152587	0.19767109999997956	epochs	3.0
1308.1539695152587	0.18906430000015462	epochs	3.0
1308.3430338152589	0.35509529999990264	epochs	2.0
1308.3430338152589	0.18117589999997108	epochs	3.0
1308.5242097152588	0.17391939999993156	epochs	3.0
1308.6981291152588	0.3282431000000088	epochs	2.0
1308.6981291152588	0.16722189999995862	epochs	3.0
1308.8653510152587	0.16102120000005016	epochs	3.0
1309.0263722152588	0.30516800000009425	epochs	2.0
1309.0263722152588	0.15526389999990897	epochs	3.0
1309.1816361152587	0.14990410000018528	epochs	3.0
1309.3315402152589	0.28512529999989056	epochs	2.0
1309.3315402152589	0.14490209999985382	epochs	3.0
1309.4764423152587	0.14022320000003674	epochs	3.0
1309.6166655152588	0.267553800000087	epochs	2.0
1309.6166655152588	0.1358368999999584	epochs	3.0
1309.7525024152587	0.1317169000001286	epochs	3.0
1309.8842193152589	0.252022899999929	epochs	2.0
1309.8842193152589	0.1278393000000051	epochs	3.0
1310.0120586152589	0.1241835999999239	epochs	3.0
1310.1362422152588	0.23819649999995818	epochs	2.0
1310.1362422152588	0.12073110000005727	epochs	3.0
1310.2569733152588	0.11746539999990091	epochs	3.0
1310.3744387152587	0.2258088000000953	epochs	2.0
1310.3744387152587	0.11437190000015107	epochs	3.0
1310.488810615259	0.11143689999994422	epochs	3.0
1310.6002475152588	0.21464599999990241	epochs	2.0
1310.6002475152588	0.10864889999993466	epochs	3.0
1310.7088964152588	0.10599709999996776	epochs	3.0
1310.8148935152587	0.20453500000007807	epochs	2.0
1310.8148935152587	0.10347150000006877	epochs	3.0
1310.9183650152588	0.1010635000000093	epochs	3.0
1311.0194285152588	0.19533400000000256	epochs	2.0
1311.0194285152588	0.09876510000003691	epochs	3.0
1311.1181936152589	0.09656889999996565	epochs	3.0
1311.2147625152588	0.18692529999998442	epochs	2.0
1311.2147625152588	0.09446830000001682	epochs	3.0
1311.3092308152588	0.09245699999996759	epochs	3.0
1311.4016878152588	0.17921069999988504	epochs	2.0
1311.4016878152588	0.0905296000000817	epochs	3.0
1311.492217415259	0.08868109999980334	epochs	3.0
1311.5808985152587	0.17210770000019693	epochs	2.0
1311.5808985152587	0.08690630000000965	epochs	3.0
1311.6678048152587	0.08520140000018728	epochs	3.0
1311.753006215259	0.1655463999998119	epochs	2.0
1311.753006215259	0.08356189999994967	epochs	3.0
1311.8365681152588	0.08198449999986224	epochs	3.0
1311.9185526152587	0.15946710000002895	epochs	2.0
1311.9185526152587	0.08046540000009372	epochs	3.0
1311.9990180152588	0.07900169999993523	epochs	3.0
1312.0780197152587	0.15381840000009106	epochs	2.0
1312.0780197152587	0.07759009999995214	epochs	3.0
1312.1556098152587	0.07622830000013892	epochs	3.0
1312.2318381152588	0.14855639999996129	epochs	2.0
1312.2318381152588	0.07491329999993468	epochs	3.0
1312.3067514152588	0.0736431000000266	epochs	3.0
1312.3803945152588	0.14364240000008976	epochs	2.0
1312.3803945152588	0.07241500000009182	epochs	3.0
1312.4528095152589	0.07122739999999794	epochs	3.0
1312.5240369152589	0.13904309999998077	epochs	2.0
1312.5240369152589	0.07007799999996678	epochs	3.0
1312.5941149152588	0.06896510000001399	epochs	3.0
1312.6630800152589	0.13472929999988992	epochs	2.0
1312.6630800152589	0.0678871000000072	epochs	3.0
1312.7309671152589	0.06684219999988272	epochs	3.0
1312.7978093152587	0.1306752000000415	epochs	2.0
1312.7978093152587	0.06582909999997355	epochs	3.0
1312.8636384152587	0.06484610000006796	epochs	3.0
1312.9284845152588	0.1268577999999252	epochs	2.0
1312.9284845152588	0.06389199999989614	epochs	3.0
1312.9923765152587	0.06296580000002905	epochs	3.0
1313.0553423152587	0.12325720000012552	epochs	2.0
1313.0553423152587	0.06206580000002759	epochs	3.0
1313.1174081152587	0.06119140000009793	epochs	3.0
1313.1785995152588	0.11985540000000583	epochs	2.0
1313.1785995152588	0.060341099999959624	epochs	3.0
1313.2389406152588	0.059514300000046205	epochs	3.0
1313.2984549152588	0.1166361999999026	epochs	2.0
1313.2984549152588	0.058709599999929196	epochs	3.0
1313.3571645152588	0.057926599999973405	epochs	3.0
1313.4150911152587	0.11358560000007856	epochs	2.0
1313.4150911152587	0.05716419999998834	epochs	3.0
1313.4722553152587	0.056421400000090216	epochs	3.0
1313.5286767152588	0.11069049999991876	epochs	2.0
1313.5286767152588	0.055697900000041045	epochs	3.0
1313.5843746152589	0.05499259999987771	epochs	3.0
1313.6393672152587	0.1079391000000669	epochs	2.0
1313.6393672152587	0.05430490000003374	epochs	3.0
1313.6936721152588	0.05363420000003316	epochs	3.0
1313.7473063152588	0.10532149999994544	epochs	2.0
1313.7473063152588	0.05297999999993408	epochs	3.0
1313.8002863152587	0.052341500000011365	epochs	3.0
1313.8526278152588	0.10282759999995505	epochs	2.0
1313.8526278152588	0.05171810000001642	epochs	3.0
1313.9043459152588	0.051109499999938635	epochs	3.0
1313.9554554152587	0.10044910000010532	epochs	2.0
1313.9554554152587	0.050514900000052876	epochs	3.0
1314.0059703152588	0.04993420000005244	epochs	3.0
1314.0559045152588	0.0981782999999723	epochs	2.0
1314.0559045152588	0.04936659999998483	epochs	3.0
1314.1052711152588	0.04881169999998747	epochs	3.0
1314.1540828152588	0.09600780000005216	epochs	2.0
1314.1540828152588	0.04826920000004975	epochs	3.0
1314.2023520152588	0.04773860000000241	epochs	3.0
1314.2500906152588	0.09393120000004274	epochs	2.0
1314.2500906152588	0.04721949999998287	epochs	3.0
1314.2973101152588	0.046711700000059864	epochs	3.0
1314.3440218152589	0.09194259999981114	epochs	2.0
1314.3440218152589	0.046214599999984785	epochs	3.0
1314.3902364152589	0.04572799999982635	epochs	3.0
1314.4359644152587	0.09003630000006524	epochs	2.0
1314.4359644152587	0.04525150000017675	epochs	3.0
1314.4812159152589	0.04478479999988849	epochs	3.0
1314.5260007152588	0.08820760000003247	epochs	2.0
1314.5260007152588	0.044327800000019124	epochs	3.0
1314.5703285152588	0.04387980000001335	epochs	3.0
1314.6142083152588	0.0864516999999978	epochs	2.0
1314.6142083152588	0.04344100000002982	epochs	3.0
1314.6576493152588	0.04301069999996798	epochs	3.0
1314.7006600152588	0.08476429999996071	epochs	2.0
1314.7006600152588	0.04258899999990717	epochs	3.0
1314.7432490152587	0.04217530000005354	epochs	3.0
1314.7854243152588	0.08314150000001064	epochs	2.0
1314.7854243152588	0.04176970000003166	epochs	3.0
1314.8271940152588	0.041371799999978975	epochs	3.0
1314.8685658152588	0.08157970000002024	epochs	2.0
1314.8685658152588	0.040981399999964196	epochs	3.0
1314.9095472152587	0.04059830000005604	epochs	3.0
1314.9501455152588	0.08007550000002084	epochs	2.0
1314.9501455152588	0.040222300000095856	epochs	3.0
1314.9903678152589	0.03985319999992498	epochs	3.0
1315.0302210152588	0.07862569999997504	epochs	2.0
1315.0302210152588	0.039490800000066884	epochs	3.0
1315.0697118152589	0.03913489999990816	epochs	3.0
1315.1088467152588	0.07722760000001472	epochs	2.0
1315.1088467152588	0.038785400000051595	epochs	3.0
1315.1476321152588	0.03844219999996312	epochs	3.0
1315.1860743152588	0.07587820000003376	epochs	2.0
1315.1860743152588	0.03810479999992822	epochs	3.0
1315.2241791152587	0.03777340000010554	epochs	3.0
1315.2619525152588	0.0745752000000266	epochs	2.0
1315.2619525152588	0.03744770000002973	epochs	3.0
1315.2994002152589	0.03712749999999687	epochs	3.0
1315.3365277152589	0.07331629999998768	epochs	2.0
1315.3365277152589	0.03681289999985893	epochs	3.0
1315.3733406152587	0.03650340000012875	epochs	3.0
1315.4098440152588	0.07209899999998015	epochs	2.0
1315.4098440152588	0.03619909999997617	epochs	3.0
1315.4460431152588	0.03589990000000398	epochs	3.0
1315.4819430152588	0.07092169999987163	epochs	2.0
1315.4819430152588	0.03560560000005353	epochs	3.0
1315.5175486152589	0.03531609999981811	epochs	3.0
1315.5528647152587	0.06978200000003199	epochs	2.0
1315.5528647152587	0.03503120000004856	epochs	3.0
1315.5878959152587	0.03475079999998343	epochs	3.0
1315.6226467152587	0.06867860000011206	epochs	2.0
1315.6226467152587	0.03447510000000875	epochs	3.0
1315.6571218152587	0.034203500000103304	epochs	3.0
1315.6913253152588	0.06760929999995824	epochs	2.0
1315.6913253152588	0.033936199999970995	epochs	3.0
1315.7252615152588	0.033673099999987244	epochs	3.0
1315.7589346152588	0.06657289999998284	epochs	2.0
1315.7589346152588	0.03341399999999339	epochs	3.0
1315.7923486152588	0.033158899999989444	epochs	3.0
1315.8255075152588	0.06556780000005347	epochs	2.0
1315.8255075152588	0.03290770000012344	epochs	3.0
1315.858415215259	0.032660099999930026	epochs	3.0
1315.8910753152588	0.06459259999996902	epochs	2.0
1315.8910753152588	0.03241639999987456	epochs	3.0
1315.9234917152587	0.03217620000009447	epochs	3.0
1315.9556679152588	0.06364600000006249	epochs	2.0
1315.9556679152588	0.03193959999998697	epochs	3.0
1315.9876075152588	0.03170640000007552	epochs	3.0
1316.0193139152589	0.0627266999999847	epochs	2.0
1316.0193139152589	0.031476599999905375	epochs	3.0
1316.0507905152588	0.03125010000007933	epochs	3.0
1316.0820406152588	0.06183359999999993	epochs	2.0
1316.0820406152588	0.03102689999991526	epochs	3.0
1316.1130675152588	0.030806700000084675	epochs	3.0
1316.1438742152588	0.060965599999917686	epochs	2.0
1316.1438742152588	0.030589799999916067	epochs	3.0
1316.1744640152588	0.030375800000001618	epochs	3.0
1316.2048398152588	0.06012160000000222	epochs	2.0
1316.2048398152588	0.030164900000045236	epochs	3.0
1316.2350047152588	0.02995669999995698	epochs	3.0
1316.2649614152588	0.05930069999999432	epochs	2.0
1316.2649614152588	0.029751600000054168	epochs	3.0
1316.2947130152588	0.029549099999940154	epochs	3.0
1316.3242621152588	0.05850179999993088	epochs	2.0
1316.3242621152588	0.02934940000000097	epochs	3.0
1316.3536115152588	0.029152399999929912	epochs	3.0
1316.3827639152587	0.05772420000016609	epochs	2.0
1316.3827639152587	0.028958000000102402	epochs	3.0
1316.4117219152588	0.02876620000006369	epochs	3.0
1316.4404881152589	0.056967099999837956	epochs	2.0
1316.4404881152589	0.028577000000041153	epochs	3.0
1316.469065115259	0.028390099999796803	epochs	3.0
1316.4974552152587	0.05622950000019955	epochs	2.0
1316.4974552152587	0.02820570000017142	epochs	3.0
1316.5256609152589	0.028023800000028132	epochs	3.0
1316.553684715259	0.055510699999786084	epochs	2.0
1316.553684715259	0.027843999999959124	epochs	3.0
1316.5815287152589	0.02766669999982696	epochs	3.0
1316.6091954152587	0.054810200000019904	epochs	2.0
1316.6091954152587	0.02749149999999645	epochs	3.0
1316.6366869152587	0.027318700000023455	epochs	3.0
1316.6640056152587	0.05412700000010773	epochs	2.0
1316.6640056152587	0.027147800000193456	epochs	3.0
1316.691153415259	0.026979199999914272	epochs	3.0
1316.7181326152588	0.053460699999959616	epochs	2.0
1316.7181326152588	0.026812600000084785	epochs	3.0
1316.744945215259	0.02664809999987483	epochs	3.0
1316.7715933152588	0.05281070000000909	epochs	2.0
1316.7715933152588	0.026485600000114573	epochs	3.0
1316.7980789152589	0.02632509999989452	epochs	3.0
1316.8244040152588	0.05217620000007628	epochs	2.0
1316.8244040152588	0.026166399999965506	epochs	3.0
1316.8505704152587	0.026009800000110772	epochs	3.0
1316.8765802152589	0.051556699999991906	epochs	2.0
1316.8765802152589	0.025854799999933675	epochs	3.0
1316.9024350152588	0.02570190000005823	epochs	3.0
1316.9281369152588	0.05095189999997274	epochs	2.0
1316.9281369152588	0.025550699999939752	epochs	3.0
1316.9536876152588	0.025401200000032986	epochs	3.0
1316.9790888152588	0.05036100000006627	epochs	2.0
1316.9790888152588	0.025253499999962514	epochs	3.0
1317.0043423152588	0.025107500000103755	epochs	3.0
1317.0294498152589	0.04978379999988647	epochs	2.0
1317.0294498152589	0.02496320000000196	epochs	3.0
1317.054413015259	0.024820599999884507	epochs	3.0
1317.0792336152588	0.04921949999993558	epochs	2.0
1317.0792336152588	0.024679399999968155	epochs	3.0
1317.1039130152587	0.024540099999967424	epochs	3.0
1317.1284531152587	0.04866790000005494	epochs	2.0
1317.1284531152587	0.024402100000088467	epochs	3.0
1317.1528552152588	0.024265799999966475	epochs	3.0
1317.1771210152588	0.048128599999927246	epochs	2.0
1317.1771210152588	0.024131000000124914	epochs	3.0
1317.201252015259	0.023997599999802333	epochs	3.0
1317.2252496152587	0.047601100000065344	epochs	2.0
1317.2252496152587	0.023865800000066884	epochs	3.0
1317.2491154152588	0.02373529999999846	epochs	3.0
1317.2728507152588	0.04708499999992455	epochs	2.0
1317.2728507152588	0.023606299999983094	epochs	3.0
1317.2964570152587	0.023478699999941455	epochs	3.0
1317.3199357152587	0.04658000000017637	epochs	2.0
1317.3199357152587	0.023352500000100918	epochs	3.0
1317.3432882152588	0.02322750000007545	epochs	3.0
1317.3665157152589	0.04608569999982137	epochs	2.0
1317.3665157152589	0.02310399999987567	epochs	3.0
1317.3896197152587	0.022981699999945704	epochs	3.0
1317.4126014152587	0.04560180000021319	epochs	2.0
1317.4126014152587	0.022860700000137513	epochs	3.0
1317.4354621152588	0.022741100000075676	epochs	3.0
1317.458203215259	0.045127899999897636	epochs	2.0
1317.458203215259	0.022622499999897627	epochs	3.0
1317.4808257152588	0.02250540000000001	epochs	3.0
1317.5033311152588	0.0446638000000803	epochs	2.0
1317.5033311152588	0.02238929999998618	epochs	3.0
1317.5257204152588	0.022274500000094122	epochs	3.0
1317.5479949152589	0.044209199999841076	epochs	2.0
1317.5479949152589	0.022160799999937808	epochs	3.0
1317.5701557152588	0.022048399999903268	epochs	3.0
1317.5922041152587	0.04376360000014756	epochs	2.0
1317.5922041152587	0.021936900000127935	epochs	3.0
1317.6141410152588	0.021826700000019628	epochs	3.0
1317.6359677152589	0.04332709999994222	epochs	2.0
1317.6359677152589	0.021717599999874437	epochs	3.0
1317.6576853152587	0.021609500000067783	epochs	3.0
1317.6792948152588	0.04289900000003399	epochs	2.0
1317.6792948152588	0.02150249999999687	epochs	3.0
1317.7007973152588	0.021396500000037122	epochs	3.0
1317.7221938152588	0.04247949999989942	epochs	2.0
1317.7221938152588	0.021291699999892444	epochs	3.0
1317.7434855152587	0.021187800000006973	epochs	3.0
1317.7646733152587	0.04206790000012006	epochs	2.0
1317.7646733152587	0.02108490000000529	epochs	3.0
1317.7857582152587	0.02098300000011477	epochs	3.0
1317.8067412152589	0.04166439999994509	epochs	2.0
1317.8067412152589	0.020882199999959994	epochs	3.0
1317.8276234152588	0.020782199999985096	epochs	3.0
1317.8484056152588	0.041268499999887354	epochs	2.0
1317.8484056152588	0.020683299999973315	epochs	3.0
1317.8690889152588	0.02058519999991404	epochs	3.0
1317.8896741152587	0.04088000000001557	epochs	2.0
1317.8896741152587	0.0204881000001933	epochs	3.0
1317.9101622152589	0.02039189999982227	epochs	3.0
1317.9305541152587	0.04049880000002304	epochs	2.0
1317.9305541152587	0.0202966000001652	epochs	3.0
1317.9508507152589	0.02020219999985784	epochs	3.0
1317.9710529152587	0.04012460000012652	epochs	2.0
1317.9710529152587	0.02010870000003706	epochs	3.0
1317.9911616152588	0.02001590000008946	epochs	3.0
1318.0111775152589	0.03975730000001931	epochs	2.0
1318.0111775152589	0.0199241999998776	epochs	3.0
1318.0311017152587	0.019833100000141712	epochs	3.0
1318.0509348152589	0.03939669999999751	epochs	2.0
1318.0509348152589	0.019742999999834865	epochs	3.0
1318.0706778152587	0.019653700000162644	epochs	3.0
1318.0903315152589	0.03904239999997117	epochs	2.0
1318.0903315152589	0.019565099999908853	epochs	3.0
1318.1098966152588	0.019477300000062314	epochs	3.0
1318.1293739152588	0.03869459999987157	epochs	2.0
1318.1293739152588	0.019390400000020236	epochs	3.0
1318.1487643152589	0.019304199999851335	epochs	3.0
1318.1680685152587	0.03835290000006353	epochs	2.0
1318.1680685152587	0.019218800000089686	epochs	3.0
1318.1872873152588	0.01913409999997384	epochs	3.0
1318.2064214152588	0.03801720000001296	epochs	2.0
1318.2064214152588	0.019050200000037876	epochs	3.0
1318.2254716152588	0.018966999999975087	epochs	3.0
1318.2444386152588	0.03768719999993664	epochs	2.0
1318.2444386152588	0.01888450000001285	epochs	3.0
1318.2633231152588	0.01880269999992379	epochs	3.0
1318.2821258152587	0.03736309999999321	epochs	2.0
1318.2821258152587	0.018721700000014607	epochs	3.0
1318.3008475152587	0.018641399999978603	epochs	3.0
1318.3194889152587	0.037044300000161456	epochs	2.0
1318.3194889152587	0.018561600000111866	epochs	3.0
1318.3380505152588	0.01848270000004959	epochs	3.0
1318.3565332152589	0.03673099999991791	epochs	2.0
1318.3565332152589	0.018404299999929208	epochs	3.0
1318.3749375152588	0.018326699999988705	epochs	3.0
1318.3932642152588	0.03642289999993409	epochs	2.0
1318.3932642152588	0.018249599999990096	epochs	3.0
1318.4115138152588	0.018173299999943993	epochs	3.0
1318.4296871152587	0.03612010000006194	epochs	2.0
1318.4296871152587	0.018097600000146485	epochs	3.0
1318.4477847152589	0.018022499999915453	epochs	3.0
1318.4658072152588	0.03582209999990482	epochs	2.0
1318.4658072152588	0.017947900000081063	epochs	3.0
1318.4837551152589	0.01787419999982376	epochs	3.0
1318.5016293152587	0.03552899999999681	epochs	2.0
1318.5016293152587	0.017800800000031813	epochs	3.0
1318.5194301152587	0.017728199999965	epochs	3.0
1318.5371583152587	0.03524070000003121	epochs	2.0
1318.5371583152587	0.017656100000067454	epochs	3.0
1318.5548144152588	0.017584599999963757	epochs	3.0
1318.5723990152587	0.03495710000015606	epochs	2.0
1318.5723990152587	0.017513700000108656	epochs	3.0
1318.5899127152588	0.017443400000047404	epochs	3.0
1318.6073561152589	0.034677899999906	epochs	2.0
1318.6073561152589	0.017373599999928047	epochs	3.0
1318.6247297152588	0.017304299999977957	epochs	3.0
1318.6420340152588	0.03440329999989444	epochs	2.0
1318.6420340152588	0.017235699999901044	epochs	3.0
1318.6592697152587	0.0171675999999934	epochs	3.0
1318.6764373152587	0.034132800000179486	epochs	2.0
1318.6764373152587	0.017099900000175694	epochs	3.0
1318.6935372152589	0.017032900000003792	epochs	3.0
1318.7105701152589	0.03386669999986225	epochs	2.0
1318.7105701152589	0.01696640000000116	epochs	3.0
1318.7275365152589	0.01690029999986109	epochs	3.0
1318.7444368152587	0.03360459999998966	epochs	2.0
1318.7444368152587	0.01683479999996962	epochs	3.0
1318.7612716152587	0.01676980000002004	epochs	3.0
1318.7780414152587	0.0333466000001863	epochs	2.0
1318.7780414152587	0.016705300000012357	epochs	3.0
1318.7947467152587	0.016641300000173942	epochs	3.0
1318.811388015259	0.033092499999838765	epochs	2.0
1318.811388015259	0.016577799999822673	epochs	3.0
1318.8279658152587	0.01651470000001609	epochs	3.0
1318.8444805152587	0.032842300000083924	epochs	2.0
1318.8444805152587	0.01645220000000336	epochs	3.0
1318.8609327152587	0.016390100000080565	epochs	3.0
1318.8773228152588	0.03259570000000167	epochs	2.0
1318.8773228152588	0.016328400000020338	epochs	3.0
1318.8936512152588	0.016267299999981333	epochs	3.0
1318.9099185152588	0.032352899999978035	epochs	2.0
1318.9099185152588	0.016206600000032267	epochs	3.0
1318.9261251152589	0.016146299999945768	epochs	3.0
1318.9422714152588	0.032113700000081735	epochs	2.0
1318.9422714152588	0.01608659999988049	epochs	3.0
1318.9583580152587	0.016027100000201244	epochs	3.0
1318.9743851152589	0.03187800000000607	epochs	2.0
1318.9743851152589	0.0159681999998611	epochs	3.0
1318.9903533152587	0.01590980000014497	epochs	3.0
1319.006263115259	0.03164569999989908	epochs	2.0
1319.006263115259	0.015851599999905375	epochs	3.0
1319.0221147152588	0.015794099999993705	epochs	3.0
1319.0379088152588	0.031416699999908815	epochs	2.0
1319.0379088152588	0.01573669999993399	epochs	3.0
1319.0536455152587	0.015679999999974825	epochs	3.0
1319.0693255152587	0.031191100000114602	epochs	2.0
1319.0693255152587	0.015623600000026272	epochs	3.0
1319.0849491152587	0.01556750000008833	epochs	3.0
1319.1005166152588	0.030968699999903038	epochs	2.0
1319.1005166152588	0.015511999999944237	epochs	3.0
1319.1160286152588	0.0154566999999588	epochs	3.0
1319.1314853152587	0.030749500000183616	epochs	2.0
1319.1314853152587	0.015401999999994587	epochs	3.0
1319.1468873152587	0.01534750000018903	epochs	3.0
1319.162234815259	0.030533199999808858	epochs	2.0
1319.162234815259	0.01529339999979129	epochs	3.0
1319.1775282152587	0.015239800000017567	epochs	3.0
1319.1927680152587	0.030320100000153616	epochs	2.0
1319.1927680152587	0.015186500000027081	epochs	3.0
1319.2079545152587	0.015133600000126535	epochs	3.0
1319.2230881152589	0.030109899999843037	epochs	2.0
1319.2230881152589	0.015081000000009226	epochs	3.0
1319.2381691152589	0.015028899999833811	epochs	3.0
1319.2531980152587	0.029902500000162036	epochs	2.0
1319.2531980152587	0.014977000000044427	epochs	3.0
1319.2681750152587	0.014925500000117609	epochs	3.0
1319.2831005152589	0.029698099999905025	epochs	2.0
1319.2831005152589	0.014874399999825982	epochs	3.0
1319.2979749152587	0.014823700000079043	epochs	3.0
1319.3127986152588	0.029496300000118936	epochs	2.0
1319.3127986152588	0.014773200000036013	epochs	3.0
1319.3275718152588	0.014723100000082923	epochs	3.0
1319.342294915259	0.029297399999904883	epochs	2.0
1319.342294915259	0.014673399999992398	epochs	3.0
1319.3569683152589	0.014623999999912485	epochs	3.0
1319.3715923152588	0.029101099999934377	epochs	2.0
1319.3715923152588	0.014574900000070556	epochs	3.0
1319.3861672152589	0.01452619999986382	epochs	3.0
1319.4006934152587	0.028907399999980044	epochs	2.0
1319.4006934152587	0.014477700000043114	epochs	3.0
1319.4151711152588	0.014429699999936929	epochs	3.0
1319.4296008152587	0.02871620000018993	epochs	2.0
1319.4296008152587	0.014381800000137446	epochs	3.0
1319.4439826152588	0.014334400000052483	epochs	3.0
1319.458317015259	0.02852759999996124	epochs	2.0
1319.458317015259	0.014287199999898803	epochs	3.0
1319.4726042152588	0.014240400000062436	epochs	3.0
1319.4868446152589	0.02834139999981744	epochs	2.0
1319.4868446152589	0.014193799999929979	epochs	3.0
1319.5010384152588	0.014147599999887461	epochs	3.0
1319.5151860152587	0.028157700000065233	epochs	2.0
1319.5151860152587	0.014101700000082928	epochs	3.0
1319.5292877152588	0.014055999999982305	epochs	3.0
1319.5433437152587	0.027976300000091214	epochs	2.0
1319.5433437152587	0.014010600000119666	epochs	3.0
1319.5573543152589	0.013965699999971548	epochs	3.0
1319.5713200152588	0.027797199999895383	epochs	2.0
1319.5713200152588	0.013920800000050804	epochs	3.0
1319.5852408152589	0.01387639999984458	epochs	3.0
1319.5991172152587	0.02762040000015986	epochs	2.0
1319.5991172152587	0.013832200000024386	epochs	3.0
1319.6129494152588	0.013788200000135475	epochs	3.0
1319.626737615259	0.027445899999975154	epochs	2.0
1319.626737615259	0.013744599999881757	epochs	3.0
1319.6404822152588	0.013701300000093397	epochs	3.0
1319.6541835152589	0.027273499999864725	epochs	2.0
1319.6541835152589	0.013658200000008947	epochs	3.0
1319.6678417152589	0.013615299999855779	epochs	3.0
1319.6814570152587	0.027103399999987232	epochs	2.0
1319.6814570152587	0.013572800000019924	epochs	3.0
1319.6950298152587	0.013530599999967308	epochs	3.0
1319.7085604152587	0.02693520000002536	epochs	2.0
1319.7085604152587	0.013488400000142065	epochs	3.0
1319.7220488152589	0.013446799999883297	epochs	3.0
1319.7354956152587	0.026769199999989723	epochs	2.0
1319.7354956152587	0.013405200000079276	epochs	3.0
1319.7489008152588	0.013363999999910448	epochs	3.0
1319.7622648152587	0.026605199999949036	epochs	2.0
1319.7622648152587	0.013322900000048321	epochs	3.0
1319.7755877152588	0.013282299999900715	epochs	3.0
1319.7888700152587	0.026443200000130673	epochs	2.0
1319.7888700152587	0.013241700000207857	epochs	3.0
1319.802111715259	0.013201499999922817	epochs	3.0
1319.8153132152588	0.026283200000079887	epochs	2.0
1319.8153132152588	0.013161500000023807	epochs	3.0
1319.8284747152588	0.01312170000005608	epochs	3.0
1319.841596415259	0.026124999999865395	epochs	2.0
1319.841596415259	0.013082099999792263	epochs	3.0
1319.8546785152587	0.013042900000073132	epochs	3.0
1319.8677214152588	0.025968899999952555	epochs	2.0
1319.8677214152588	0.01300390000005791	epochs	3.0
1319.8807253152588	0.012964999999894644	epochs	3.0
1319.8936903152587	0.025814500000024054	epochs	2.0
1319.8936903152587	0.012926399999969362	epochs	3.0
1319.9066167152587	0.012888100000054692	epochs	3.0
1319.9195048152587	0.02566190000015922	epochs	2.0
1319.9195048152587	0.012849899999991976	epochs	3.0
1319.9323547152587	0.012812000000167245	epochs	3.0
1319.945166715259	0.025511199999982637	epochs	2.0
1319.945166715259	0.012774399999898378	epochs	3.0
1319.9579411152588	0.012736800000084258	epochs	3.0
1319.9706779152589	0.02536229999986972	epochs	2.0
1319.9706779152589	0.01269969999998466	epochs	3.0
1319.9833776152589	0.01266259999988506	epochs	3.0
1319.9960402152587	0.02521500000011656	epochs	2.0
1319.9960402152587	0.012625800000023446	epochs	3.0
1320.0086660152588	0.012589200000093115	epochs	3.0
1320.0212552152589	0.024584799999956886	epochs	2.0
1320.0443368152587	0.5	epochs	-1.0
1320.0458400152588	0.5277599999999438	epochs	1.0
1320.5736000152588	0.4721600000000308	epochs	0.0
1414.6620001792908	0.11184000000002925	epochs	0.0
1414.6620001792908	0.050920800000085364	epochs	1.0
1414.7129209792909	0.00999839999985852	epochs	1.0
1414.7229193792907	0.050920800000085364	epochs	1.0
1414.7738401792908	2.0	epochs	0.0
1416.7738401792908	5.387760000000071	epochs	0.0
1416.7738401792908	1.0	epochs	1.0
1416.7738569792907	0.5	epochs	-1.0
1417.2738569792907	4.887743200000159	epochs	-1.0
1417.7738401792908	4.387760000000071	epochs	1.0
1417.7738401792908	4.356753900000058	epochs	-1.0
1417.7738401792908	1.9745871999998599	epochs	2.0
1417.7738401792908	1.0985622000000603	epochs	3.0
1418.8724023792909	0.8760249999997995	epochs	3.0
1419.7484273792907	1.3524075000000266	epochs	2.0
1419.7484273792907	0.7286355000001095	epochs	3.0
1420.4770628792908	0.6237719999999172	epochs	3.0
1421.1008348792907	1.0297592000001714	epochs	2.0
1421.1008348792907	0.5453293000000485	epochs	3.0
1421.6461641792907	0.48442990000012287	epochs	3.0
1422.1305940792909	0.031006100000013248	epochs	2.0
1422.1305940792909	0.031006100000013248	epochs	3.0
1422.1616001792909	16.612159999999903	epochs	0.0
1423.148000240326	0.11184000000002925	epochs	0.0
1423.148000240326	0.050920800000085364	epochs	1.0
1423.198921040326	0.00999839999985852	epochs	1.0
1423.2089194403259	0.050920800000085364	epochs	1.0
1423.259840240326	2.0	epochs	0.0
1425.259840240326	0.547839999999951	epochs	0.0
1425.259840240326	0.547839999999951	epochs	1.0
1425.2598570403259	0.5	epochs	-1.0
1425.7598570403259	0.04782320000003892	epochs	-1.0
1425.807680240326	21.452080000000024	epochs	0.0
1426.898000240326	0.11184000000002925	epochs	0.0
1426.898000240326	0.050920800000085364	epochs	1.0
1426.948921040326	0.00999839999985852	epochs	1.0
1426.9589194403259	0.050920800000085364	epochs	1.0
1427.009840240326	2.0	epochs	0.0
1429.009840240326	0.5076799999999366	epochs	0.0
1429.009840240326	0.5076799999999366	epochs	1.0
1429.0098570403259	0.5	epochs	-1.0
1429.5098570403259	0.007663200000024517	epochs	-1.0
1429.517520240326	21.492240000000038	epochs	0.0
1430.7620000839233	0.11184000000002925	epochs	0.0
1430.7620000839233	0.050920800000085364	epochs	1.0
1430.8129208839234	0.00999839999985852	epochs	1.0
1430.8229192839233	0.050920800000085364	epochs	1.0
1430.8738400839234	2.0	epochs	0.0
1432.8738400839234	21.507759999999962	epochs	0.0
1432.8738400839234	1.0	epochs	1.0
1432.8738568839233	0.5	epochs	-1.0
1433.3738568839233	19.998559999999998	epochs	-1.0
1433.8738400839234	20.0	epochs	1.0
1433.8738400839234	4.356753900000058	epochs	-1.0
1433.8738400839234	1.9745871999998599	epochs	2.0
1433.8738400839234	1.0985622000000603	epochs	3.0
1434.9724022839234	0.8760249999997995	epochs	3.0
1435.8484272839232	1.3524075000000266	epochs	2.0
1435.8484272839232	0.7286355000001095	epochs	3.0
1436.5770627839233	0.6237719999999172	epochs	3.0
1437.2008347839233	1.0297592000001714	epochs	2.0
1437.2008347839233	0.5453293000000485	epochs	3.0
1437.7461640839233	0.48442990000012287	epochs	3.0
1438.2305939839234	0.8317861999998968	epochs	2.0
1438.2305939839234	0.4357762999998158	epochs	3.0
1438.6663702839232	0.39600990000008096	epochs	3.0
1439.0623801839233	0.6977970000000369	epochs	2.0
1439.0623801839233	0.3628982000000178	epochs	3.0
1439.4252783839233	0.33489880000001904	epochs	3.0
1439.7601771839234	0.601045699999986	epochs	2.0
1439.7601771839234	0.3109122999999272	epochs	3.0
1440.0710894839233	0.2901334000000588	epochs	3.0
1440.3612228839233	0.5278859000000011	epochs	2.0
1440.3612228839233	0.2719586000000618	epochs	3.0
1440.6331814839234	0.25592729999993935	epochs	3.0
1440.8891087839233	0.470619299999953	epochs	2.0
1440.8891087839233	0.241681299999982	epochs	3.0
1441.1307900839233	0.228937999999971	epochs	3.0
1441.3597280839233	0.42457039999999324	epochs	2.0
1441.3597280839233	0.21747140000002219	epochs	3.0
1441.5771994839233	0.20709899999997106	epochs	3.0
1441.7842984839233	0.3867354000001342	epochs	2.0
1441.7842984839233	0.19767109999997956	epochs	3.0
1441.9819695839233	0.18906430000015462	epochs	3.0
1442.1710338839234	0.35509529999990264	epochs	2.0
1442.1710338839234	0.18117589999997108	epochs	3.0
1442.3522097839234	0.17391939999993156	epochs	3.0
1442.5261291839233	0.3282431000000088	epochs	2.0
1442.5261291839233	0.16722189999995862	epochs	3.0
1442.6933510839233	0.16102120000005016	epochs	3.0
1442.8543722839233	0.30516800000009425	epochs	2.0
1442.8543722839233	0.15526389999990897	epochs	3.0
1443.0096361839232	0.14990410000018528	epochs	3.0
1443.1595402839234	0.28512529999989056	epochs	2.0
1443.1595402839234	0.14490209999985382	epochs	3.0
1443.3044423839233	0.14022320000003674	epochs	3.0
1443.4446655839233	0.267553800000087	epochs	2.0
1443.4446655839233	0.1358368999999584	epochs	3.0
1443.5805024839233	0.1317169000001286	epochs	3.0
1443.7122193839234	0.252022899999929	epochs	2.0
1443.7122193839234	0.1278393000000051	epochs	3.0
1443.8400586839234	0.1241835999999239	epochs	3.0
1443.9642422839233	0.23819649999995818	epochs	2.0
1443.9642422839233	0.12073110000005727	epochs	3.0
1444.0849733839234	0.11746539999990091	epochs	3.0
1444.2024387839233	0.2258088000000953	epochs	2.0
1444.2024387839233	0.11437190000015107	epochs	3.0
1444.3168106839234	0.11143689999994422	epochs	3.0
1444.4282475839234	0.21464599999990241	epochs	2.0
1444.4282475839234	0.10864889999993466	epochs	3.0
1444.5368964839233	0.10599709999996776	epochs	3.0
1444.6428935839233	0.20453500000007807	epochs	2.0
1444.6428935839233	0.10347150000006877	epochs	3.0
1444.7463650839234	0.1010635000000093	epochs	3.0
1444.8474285839234	0.19533400000000256	epochs	2.0
1444.8474285839234	0.09876510000003691	epochs	3.0
1444.9461936839234	0.09656889999996565	epochs	3.0
1445.0427625839234	0.18692529999998442	epochs	2.0
1445.0427625839234	0.09446830000001682	epochs	3.0
1445.1372308839234	0.09245699999996759	epochs	3.0
1445.2296878839234	0.17921069999988504	epochs	2.0
1445.2296878839234	0.0905296000000817	epochs	3.0
1445.3202174839234	0.08868109999980334	epochs	3.0
1445.4088985839232	0.17210770000019693	epochs	2.0
1445.4088985839232	0.08690630000000965	epochs	3.0
1445.4958048839233	0.08520140000018728	epochs	3.0
1445.5810062839234	0.1655463999998119	epochs	2.0
1445.5810062839234	0.08356189999994967	epochs	3.0
1445.6645681839234	0.08198449999986224	epochs	3.0
1445.7465526839233	0.15946710000002895	epochs	2.0
1445.7465526839233	0.08046540000009372	epochs	3.0
1445.8270180839233	0.07900169999993523	epochs	3.0
1445.9060197839233	0.15381840000009106	epochs	2.0
1445.9060197839233	0.07759009999995214	epochs	3.0
1445.9836098839232	0.07622830000013892	epochs	3.0
1446.0598381839234	0.14855639999996129	epochs	2.0
1446.0598381839234	0.07491329999993468	epochs	3.0
1446.1347514839233	0.0736431000000266	epochs	3.0
1446.2083945839233	0.14364240000008976	epochs	2.0
1446.2083945839233	0.07241500000009182	epochs	3.0
1446.2808095839234	0.07122739999999794	epochs	3.0
1446.3520369839234	0.13904309999998077	epochs	2.0
1446.3520369839234	0.07007799999996678	epochs	3.0
1446.4221149839234	0.06896510000001399	epochs	3.0
1446.4910800839234	0.13472929999988992	epochs	2.0
1446.4910800839234	0.0678871000000072	epochs	3.0
1446.5589671839234	0.06684219999988272	epochs	3.0
1446.6258093839233	0.1306752000000415	epochs	2.0
1446.6258093839233	0.06582909999997355	epochs	3.0
1446.6916384839233	0.06484610000006796	epochs	3.0
1446.7564845839233	0.1268577999999252	epochs	2.0
1446.7564845839233	0.06389199999989614	epochs	3.0
1446.8203765839232	0.06296580000002905	epochs	3.0
1446.8833423839233	0.12325720000012552	epochs	2.0
1446.8833423839233	0.06206580000002759	epochs	3.0
1446.9454081839233	0.06119140000009793	epochs	3.0
1447.0065995839234	0.11985540000000583	epochs	2.0
1447.0065995839234	0.060341099999959624	epochs	3.0
1447.0669406839233	0.059514300000046205	epochs	3.0
1447.1264549839234	0.1166361999999026	epochs	2.0
1447.1264549839234	0.058709599999929196	epochs	3.0
1447.1851645839233	0.057926599999973405	epochs	3.0
1447.2430911839233	0.11358560000007856	epochs	2.0
1447.2430911839233	0.05716419999998834	epochs	3.0
1447.3002553839233	0.056421400000090216	epochs	3.0
1447.3566767839234	0.11069049999991876	epochs	2.0
1447.3566767839234	0.055697900000041045	epochs	3.0
1447.4123746839234	0.05499259999987771	epochs	3.0
1447.4673672839233	0.1079391000000669	epochs	2.0
1447.4673672839233	0.05430490000003374	epochs	3.0
1447.5216721839233	0.05363420000003316	epochs	3.0
1447.5753063839234	0.10532149999994544	epochs	2.0
1447.5753063839234	0.05297999999993408	epochs	3.0
1447.6282863839233	0.052341500000011365	epochs	3.0
1447.6806278839233	0.10282759999995505	epochs	2.0
1447.6806278839233	0.05171810000001642	epochs	3.0
1447.7323459839233	0.051109499999938635	epochs	3.0
1447.7834554839233	0.10044910000010532	epochs	2.0
1447.7834554839233	0.050514900000052876	epochs	3.0
1447.8339703839233	0.04993420000005244	epochs	3.0
1447.8839045839234	0.0981782999999723	epochs	2.0
1447.8839045839234	0.04936659999998483	epochs	3.0
1447.9332711839234	0.04881169999998747	epochs	3.0
1447.9820828839233	0.09600780000005216	epochs	2.0
1447.9820828839233	0.04826920000004975	epochs	3.0
1448.0303520839234	0.04773860000000241	epochs	3.0
1448.0780906839234	0.09393120000004274	epochs	2.0
1448.0780906839234	0.04721949999998287	epochs	3.0
1448.1253101839234	0.046711700000059864	epochs	3.0
1448.1720218839234	0.09194259999981114	epochs	2.0
1448.1720218839234	0.046214599999984785	epochs	3.0
1448.2182364839234	0.04572799999982635	epochs	3.0
1448.2639644839232	0.09003630000006524	epochs	2.0
1448.2639644839232	0.04525150000017675	epochs	3.0
1448.3092159839234	0.04478479999988849	epochs	3.0
1448.3540007839233	0.08820760000003247	epochs	2.0
1448.3540007839233	0.044327800000019124	epochs	3.0
1448.3983285839233	0.04387980000001335	epochs	3.0
1448.4422083839233	0.0864516999999978	epochs	2.0
1448.4422083839233	0.04344100000002982	epochs	3.0
1448.4856493839234	0.04301069999996798	epochs	3.0
1448.5286600839233	0.08476429999996071	epochs	2.0
1448.5286600839233	0.04258899999990717	epochs	3.0
1448.5712490839232	0.04217530000005354	epochs	3.0
1448.6134243839233	0.08314150000001064	epochs	2.0
1448.6134243839233	0.04176970000003166	epochs	3.0
1448.6551940839233	0.041371799999978975	epochs	3.0
1448.6965658839233	0.08157970000002024	epochs	2.0
1448.6965658839233	0.040981399999964196	epochs	3.0
1448.7375472839233	0.04059830000005604	epochs	3.0
1448.7781455839233	0.08007550000002084	epochs	2.0
1448.7781455839233	0.040222300000095856	epochs	3.0
1448.8183678839234	0.03985319999992498	epochs	3.0
1448.8582210839234	0.07862569999997504	epochs	2.0
1448.8582210839234	0.039490800000066884	epochs	3.0
1448.8977118839234	0.03913489999990816	epochs	3.0
1448.9368467839233	0.07722760000001472	epochs	2.0
1448.9368467839233	0.038785400000051595	epochs	3.0
1448.9756321839234	0.03844219999996312	epochs	3.0
1449.0140743839233	0.07587820000003376	epochs	2.0
1449.0140743839233	0.03810479999992822	epochs	3.0
1449.0521791839233	0.03777340000010554	epochs	3.0
1449.0899525839234	0.0745752000000266	epochs	2.0
1449.0899525839234	0.03744770000002973	epochs	3.0
1449.1274002839234	0.03712749999999687	epochs	3.0
1449.1645277839234	0.07331629999998768	epochs	2.0
1449.1645277839234	0.03681289999985893	epochs	3.0
1449.2013406839233	0.03650340000012875	epochs	3.0
1449.2378440839234	0.07209899999998015	epochs	2.0
1449.2378440839234	0.03619909999997617	epochs	3.0
1449.2740431839234	0.03589990000000398	epochs	3.0
1449.3099430839234	0.07092169999987163	epochs	2.0
1449.3099430839234	0.03560560000005353	epochs	3.0
1449.3455486839234	0.03531609999981811	epochs	3.0
1449.3808647839232	0.06978200000003199	epochs	2.0
1449.3808647839232	0.03503120000004856	epochs	3.0
1449.4158959839233	0.03475079999998343	epochs	3.0
1449.4506467839233	0.06867860000011206	epochs	2.0
1449.4506467839233	0.03447510000000875	epochs	3.0
1449.4851218839233	0.034203500000103304	epochs	3.0
1449.5193253839234	0.06760929999995824	epochs	2.0
1449.5193253839234	0.033936199999970995	epochs	3.0
1449.5532615839234	0.033673099999987244	epochs	3.0
1449.5869346839233	0.06657289999998284	epochs	2.0
1449.5869346839233	0.03341399999999339	epochs	3.0
1449.6203486839233	0.033158899999989444	epochs	3.0
1449.6535075839233	0.06556780000005347	epochs	2.0
1449.6535075839233	0.03290770000012344	epochs	3.0
1449.6864152839235	0.032660099999930026	epochs	3.0
1449.7190753839234	0.06459259999996902	epochs	2.0
1449.7190753839234	0.03241639999987456	epochs	3.0
1449.7514917839233	0.03217620000009447	epochs	3.0
1449.7836679839234	0.06364600000006249	epochs	2.0
1449.7836679839234	0.03193959999998697	epochs	3.0
1449.8156075839233	0.03170640000007552	epochs	3.0
1449.8473139839234	0.0627266999999847	epochs	2.0
1449.8473139839234	0.031476599999905375	epochs	3.0
1449.8787905839233	0.03125010000007933	epochs	3.0
1449.9100406839234	0.06183359999999993	epochs	2.0
1449.9100406839234	0.03102689999991526	epochs	3.0
1449.9410675839233	0.030806700000084675	epochs	3.0
1449.9718742839234	0.060965599999917686	epochs	2.0
1449.9718742839234	0.030589799999916067	epochs	3.0
1450.0024640839233	0.030375800000001618	epochs	3.0
1450.0328398839233	0.06012160000000222	epochs	2.0
1450.0328398839233	0.030164900000045236	epochs	3.0
1450.0630047839234	0.02995669999995698	epochs	3.0
1450.0929614839233	0.05930069999999432	epochs	2.0
1450.0929614839233	0.029751600000054168	epochs	3.0
1450.1227130839234	0.029549099999940154	epochs	3.0
1450.1522621839233	0.05850179999993088	epochs	2.0
1450.1522621839233	0.02934940000000097	epochs	3.0
1450.1816115839233	0.029152399999929912	epochs	3.0
1450.2107639839232	0.05772420000016609	epochs	2.0
1450.2107639839232	0.028958000000102402	epochs	3.0
1450.2397219839233	0.02876620000006369	epochs	3.0
1450.2684881839234	0.056967099999837956	epochs	2.0
1450.2684881839234	0.028577000000041153	epochs	3.0
1450.2970651839235	0.028390099999796803	epochs	3.0
1450.3254552839232	0.05622950000019955	epochs	2.0
1450.3254552839232	0.02820570000017142	epochs	3.0
1450.3536609839234	0.028023800000028132	epochs	3.0
1450.3816847839234	0.055510699999786084	epochs	2.0
1450.3816847839234	0.027843999999959124	epochs	3.0
1450.4095287839234	0.02766669999982696	epochs	3.0
1450.4371954839232	0.054810200000019904	epochs	2.0
1450.4371954839232	0.02749149999999645	epochs	3.0
1450.4646869839232	0.027318700000023455	epochs	3.0
1450.4920056839233	0.05412700000010773	epochs	2.0
1450.4920056839233	0.027147800000193456	epochs	3.0
1450.5191534839234	0.026979199999914272	epochs	3.0
1450.5461326839234	0.053460699999959616	epochs	2.0
1450.5461326839234	0.026812600000084785	epochs	3.0
1450.5729452839234	0.02664809999987483	epochs	3.0
1450.5995933839233	0.05281070000000909	epochs	2.0
1450.5995933839233	0.026485600000114573	epochs	3.0
1450.6260789839234	0.02632509999989452	epochs	3.0
1450.6524040839233	0.05217620000007628	epochs	2.0
1450.6524040839233	0.026166399999965506	epochs	3.0
1450.6785704839233	0.026009800000110772	epochs	3.0
1450.7045802839234	0.051556699999991906	epochs	2.0
1450.7045802839234	0.025854799999933675	epochs	3.0
1450.7304350839233	0.02570190000005823	epochs	3.0
1450.7561369839234	0.05095189999997274	epochs	2.0
1450.7561369839234	0.025550699999939752	epochs	3.0
1450.7816876839233	0.025401200000032986	epochs	3.0
1450.8070888839234	0.05036100000006627	epochs	2.0
1450.8070888839234	0.025253499999962514	epochs	3.0
1450.8323423839233	0.025107500000103755	epochs	3.0
1450.8574498839234	0.04978379999988647	epochs	2.0
1450.8574498839234	0.02496320000000196	epochs	3.0
1450.8824130839234	0.024820599999884507	epochs	3.0
1450.9072336839233	0.04921949999993558	epochs	2.0
1450.9072336839233	0.024679399999968155	epochs	3.0
1450.9319130839233	0.024540099999967424	epochs	3.0
1450.9564531839233	0.04866790000005494	epochs	2.0
1450.9564531839233	0.024402100000088467	epochs	3.0
1450.9808552839233	0.024265799999966475	epochs	3.0
1451.0051210839233	0.048128599999927246	epochs	2.0
1451.0051210839233	0.024131000000124914	epochs	3.0
1451.0292520839234	0.023997599999802333	epochs	3.0
1451.0532496839232	0.047601100000065344	epochs	2.0
1451.0532496839232	0.023865800000066884	epochs	3.0
1451.0771154839233	0.02373529999999846	epochs	3.0
1451.1008507839233	0.04708499999992455	epochs	2.0
1451.1008507839233	0.023606299999983094	epochs	3.0
1451.1244570839233	0.023478699999941455	epochs	3.0
1451.1479357839232	0.04658000000017637	epochs	2.0
1451.1479357839232	0.023352500000100918	epochs	3.0
1451.1712882839233	0.02322750000007545	epochs	3.0
1451.1945157839234	0.04608569999982137	epochs	2.0
1451.1945157839234	0.02310399999987567	epochs	3.0
1451.2176197839233	0.022981699999945704	epochs	3.0
1451.2406014839232	0.04560180000021319	epochs	2.0
1451.2406014839232	0.022860700000137513	epochs	3.0
1451.2634621839234	0.022741100000075676	epochs	3.0
1451.2862032839234	0.045127899999897636	epochs	2.0
1451.2862032839234	0.022622499999897627	epochs	3.0
1451.3088257839233	0.02250540000000001	epochs	3.0
1451.3313311839233	0.0446638000000803	epochs	2.0
1451.3313311839233	0.02238929999998618	epochs	3.0
1451.3537204839233	0.022274500000094122	epochs	3.0
1451.3759949839234	0.044209199999841076	epochs	2.0
1451.3759949839234	0.022160799999937808	epochs	3.0
1451.3981557839234	0.022048399999903268	epochs	3.0
1451.4202041839233	0.04376360000014756	epochs	2.0
1451.4202041839233	0.021936900000127935	epochs	3.0
1451.4421410839234	0.021826700000019628	epochs	3.0
1451.4639677839234	0.04332709999994222	epochs	2.0
1451.4639677839234	0.021717599999874437	epochs	3.0
1451.4856853839233	0.021609500000067783	epochs	3.0
1451.5072948839234	0.04289900000003399	epochs	2.0
1451.5072948839234	0.02150249999999687	epochs	3.0
1451.5287973839233	0.021396500000037122	epochs	3.0
1451.5501938839234	0.04247949999989942	epochs	2.0
1451.5501938839234	0.021291699999892444	epochs	3.0
1451.5714855839233	0.021187800000006973	epochs	3.0
1451.5926733839233	0.04206790000012006	epochs	2.0
1451.5926733839233	0.02108490000000529	epochs	3.0
1451.6137582839233	0.02098300000011477	epochs	3.0
1451.6347412839234	0.04166439999994509	epochs	2.0
1451.6347412839234	0.020882199999959994	epochs	3.0
1451.6556234839234	0.020782199999985096	epochs	3.0
1451.6764056839233	0.041268499999887354	epochs	2.0
1451.6764056839233	0.020683299999973315	epochs	3.0
1451.6970889839233	0.02058519999991404	epochs	3.0
1451.7176741839232	0.04088000000001557	epochs	2.0
1451.7176741839232	0.0204881000001933	epochs	3.0
1451.7381622839234	0.02039189999982227	epochs	3.0
1451.7585541839233	0.04049880000002304	epochs	2.0
1451.7585541839233	0.0202966000001652	epochs	3.0
1451.7788507839234	0.02020219999985784	epochs	3.0
1451.7990529839233	0.04012460000012652	epochs	2.0
1451.7990529839233	0.02010870000003706	epochs	3.0
1451.8191616839233	0.02001590000008946	epochs	3.0
1451.8391775839234	0.03975730000001931	epochs	2.0
1451.8391775839234	0.0199241999998776	epochs	3.0
1451.8591017839233	0.019833100000141712	epochs	3.0
1451.8789348839234	0.03939669999999751	epochs	2.0
1451.8789348839234	0.019742999999834865	epochs	3.0
1451.8986778839233	0.019653700000162644	epochs	3.0
1451.9183315839234	0.03904239999997117	epochs	2.0
1451.9183315839234	0.019565099999908853	epochs	3.0
1451.9378966839233	0.019477300000062314	epochs	3.0
1451.9573739839234	0.03869459999987157	epochs	2.0
1451.9573739839234	0.019390400000020236	epochs	3.0
1451.9767643839234	0.019304199999851335	epochs	3.0
1451.9960685839233	0.03835290000006353	epochs	2.0
1451.9960685839233	0.019218800000089686	epochs	3.0
1452.0152873839234	0.01913409999997384	epochs	3.0
1452.0344214839233	0.03801720000001296	epochs	2.0
1452.0344214839233	0.019050200000037876	epochs	3.0
1452.0534716839234	0.018966999999975087	epochs	3.0
1452.0724386839233	0.03768719999993664	epochs	2.0
1452.0724386839233	0.01888450000001285	epochs	3.0
1452.0913231839234	0.01880269999992379	epochs	3.0
1452.1101258839233	0.03736309999999321	epochs	2.0
1452.1101258839233	0.018721700000014607	epochs	3.0
1452.1288475839233	0.018641399999978603	epochs	3.0
1452.1474889839233	0.037044300000161456	epochs	2.0
1452.1474889839233	0.018561600000111866	epochs	3.0
1452.1660505839234	0.01848270000004959	epochs	3.0
1452.1845332839234	0.03673099999991791	epochs	2.0
1452.1845332839234	0.018404299999929208	epochs	3.0
1452.2029375839234	0.018326699999988705	epochs	3.0
1452.2212642839233	0.03642289999993409	epochs	2.0
1452.2212642839233	0.018249599999990096	epochs	3.0
1452.2395138839233	0.018173299999943993	epochs	3.0
1452.2576871839233	0.03612010000006194	epochs	2.0
1452.2576871839233	0.018097600000146485	epochs	3.0
1452.2757847839234	0.018022499999915453	epochs	3.0
1452.2938072839233	0.03582209999990482	epochs	2.0
1452.2938072839233	0.017947900000081063	epochs	3.0
1452.3117551839234	0.01787419999982376	epochs	3.0
1452.3296293839232	0.03552899999999681	epochs	2.0
1452.3296293839232	0.017800800000031813	epochs	3.0
1452.3474301839233	0.017728199999965	epochs	3.0
1452.3651583839232	0.03524070000003121	epochs	2.0
1452.3651583839232	0.017656100000067454	epochs	3.0
1452.3828144839233	0.017584599999963757	epochs	3.0
1452.4003990839233	0.03495710000015606	epochs	2.0
1452.4003990839233	0.017513700000108656	epochs	3.0
1452.4179127839234	0.017443400000047404	epochs	3.0
1452.4353561839234	0.034677899999906	epochs	2.0
1452.4353561839234	0.017373599999928047	epochs	3.0
1452.4527297839234	0.017304299999977957	epochs	3.0
1452.4700340839233	0.03440329999989444	epochs	2.0
1452.4700340839233	0.017235699999901044	epochs	3.0
1452.4872697839232	0.0171675999999934	epochs	3.0
1452.5044373839232	0.034132800000179486	epochs	2.0
1452.5044373839232	0.017099900000175694	epochs	3.0
1452.5215372839234	0.017032900000003792	epochs	3.0
1452.5385701839234	0.03386669999986225	epochs	2.0
1452.5385701839234	0.01696640000000116	epochs	3.0
1452.5555365839234	0.01690029999986109	epochs	3.0
1452.5724368839233	0.03360459999998966	epochs	2.0
1452.5724368839233	0.01683479999996962	epochs	3.0
1452.5892716839232	0.01676980000002004	epochs	3.0
1452.6060414839233	0.0333466000001863	epochs	2.0
1452.6060414839233	0.016705300000012357	epochs	3.0
1452.6227467839233	0.016641300000173942	epochs	3.0
1452.6393880839234	0.033092499999838765	epochs	2.0
1452.6393880839234	0.016577799999822673	epochs	3.0
1452.6559658839233	0.01651470000001609	epochs	3.0
1452.6724805839233	0.032842300000083924	epochs	2.0
1452.6724805839233	0.01645220000000336	epochs	3.0
1452.6889327839233	0.016390100000080565	epochs	3.0
1452.7053228839234	0.03259570000000167	epochs	2.0
1452.7053228839234	0.016328400000020338	epochs	3.0
1452.7216512839234	0.016267299999981333	epochs	3.0
1452.7379185839234	0.032352899999978035	epochs	2.0
1452.7379185839234	0.016206600000032267	epochs	3.0
1452.7541251839234	0.016146299999945768	epochs	3.0
1452.7702714839234	0.032113700000081735	epochs	2.0
1452.7702714839234	0.01608659999988049	epochs	3.0
1452.7863580839232	0.016027100000201244	epochs	3.0
1452.8023851839234	0.03187800000000607	epochs	2.0
1452.8023851839234	0.0159681999998611	epochs	3.0
1452.8183533839233	0.01590980000014497	epochs	3.0
1452.8342631839234	0.03164569999989908	epochs	2.0
1452.8342631839234	0.015851599999905375	epochs	3.0
1452.8501147839233	0.015794099999993705	epochs	3.0
1452.8659088839233	0.031416699999908815	epochs	2.0
1452.8659088839233	0.01573669999993399	epochs	3.0
1452.8816455839233	0.015679999999974825	epochs	3.0
1452.8973255839232	0.031191100000114602	epochs	2.0
1452.8973255839232	0.015623600000026272	epochs	3.0
1452.9129491839233	0.01556750000008833	epochs	3.0
1452.9285166839234	0.030968699999903038	epochs	2.0
1452.9285166839234	0.015511999999944237	epochs	3.0
1452.9440286839233	0.0154566999999588	epochs	3.0
1452.9594853839233	0.030749500000183616	epochs	2.0
1452.9594853839233	0.015401999999994587	epochs	3.0
1452.9748873839233	0.01534750000018903	epochs	3.0
1452.9902348839234	0.030533199999808858	epochs	2.0
1452.9902348839234	0.01529339999979129	epochs	3.0
1453.0055282839232	0.015239800000017567	epochs	3.0
1453.0207680839233	0.030320100000153616	epochs	2.0
1453.0207680839233	0.015186500000027081	epochs	3.0
1453.0359545839233	0.015133600000126535	epochs	3.0
1453.0510881839234	0.030109899999843037	epochs	2.0
1453.0510881839234	0.015081000000009226	epochs	3.0
1453.0661691839234	0.015028899999833811	epochs	3.0
1453.0811980839233	0.029902500000162036	epochs	2.0
1453.0811980839233	0.014977000000044427	epochs	3.0
1453.0961750839233	0.014925500000117609	epochs	3.0
1453.1111005839234	0.029698099999905025	epochs	2.0
1453.1111005839234	0.014874399999825982	epochs	3.0
1453.1259749839232	0.014823700000079043	epochs	3.0
1453.1407986839233	0.029496300000118936	epochs	2.0
1453.1407986839233	0.014773200000036013	epochs	3.0
1453.1555718839234	0.014723100000082923	epochs	3.0
1453.1702949839234	0.029297399999904883	epochs	2.0
1453.1702949839234	0.014673399999992398	epochs	3.0
1453.1849683839234	0.014623999999912485	epochs	3.0
1453.1995923839233	0.029101099999934377	epochs	2.0
1453.1995923839233	0.014574900000070556	epochs	3.0
1453.2141672839234	0.01452619999986382	epochs	3.0
1453.2286934839233	0.028907399999980044	epochs	2.0
1453.2286934839233	0.014477700000043114	epochs	3.0
1453.2431711839233	0.014429699999936929	epochs	3.0
1453.2576008839233	0.02871620000018993	epochs	2.0
1453.2576008839233	0.014381800000137446	epochs	3.0
1453.2719826839234	0.014334400000052483	epochs	3.0
1453.2863170839234	0.02852759999996124	epochs	2.0
1453.2863170839234	0.014287199999898803	epochs	3.0
1453.3006042839233	0.014240400000062436	epochs	3.0
1453.3148446839234	0.02834139999981744	epochs	2.0
1453.3148446839234	0.014193799999929979	epochs	3.0
1453.3290384839233	0.014147599999887461	epochs	3.0
1453.3431860839232	0.028157700000065233	epochs	2.0
1453.3431860839232	0.014101700000082928	epochs	3.0
1453.3572877839233	0.014055999999982305	epochs	3.0
1453.3713437839233	0.027976300000091214	epochs	2.0
1453.3713437839233	0.014010600000119666	epochs	3.0
1453.3853543839234	0.013965699999971548	epochs	3.0
1453.3993200839234	0.027797199999895383	epochs	2.0
1453.3993200839234	0.013920800000050804	epochs	3.0
1453.4132408839234	0.01387639999984458	epochs	3.0
1453.4271172839233	0.02762040000015986	epochs	2.0
1453.4271172839233	0.013832200000024386	epochs	3.0
1453.4409494839233	0.013788200000135475	epochs	3.0
1453.4547376839234	0.027445899999975154	epochs	2.0
1453.4547376839234	0.013744599999881757	epochs	3.0
1453.4684822839233	0.013701300000093397	epochs	3.0
1453.4821835839234	0.027273499999864725	epochs	2.0
1453.4821835839234	0.013658200000008947	epochs	3.0
1453.4958417839234	0.013615299999855779	epochs	3.0
1453.5094570839233	0.027103399999987232	epochs	2.0
1453.5094570839233	0.013572800000019924	epochs	3.0
1453.5230298839233	0.013530599999967308	epochs	3.0
1453.5365604839233	0.02693520000002536	epochs	2.0
1453.5365604839233	0.013488400000142065	epochs	3.0
1453.5500488839234	0.013446799999883297	epochs	3.0
1453.5634956839233	0.026769199999989723	epochs	2.0
1453.5634956839233	0.013405200000079276	epochs	3.0
1453.5769008839234	0.013363999999910448	epochs	3.0
1453.5902648839233	0.026605199999949036	epochs	2.0
1453.5902648839233	0.013322900000048321	epochs	3.0
1453.6035877839233	0.013282299999900715	epochs	3.0
1453.6168700839232	0.026443200000130673	epochs	2.0
1453.6168700839232	0.013241700000207857	epochs	3.0
1453.6301117839234	0.013201499999922817	epochs	3.0
1453.6433132839234	0.026283200000079887	epochs	2.0
1453.6433132839234	0.013161500000023807	epochs	3.0
1453.6564747839234	0.01312170000005608	epochs	3.0
1453.6695964839234	0.026124999999865395	epochs	2.0
1453.6695964839234	0.013082099999792263	epochs	3.0
1453.6826785839232	0.013042900000073132	epochs	3.0
1453.6957214839233	0.025968899999952555	epochs	2.0
1453.6957214839233	0.01300390000005791	epochs	3.0
1453.7087253839234	0.012964999999894644	epochs	3.0
1453.7216903839233	0.025814500000024054	epochs	2.0
1453.7216903839233	0.012926399999969362	epochs	3.0
1453.7346167839232	0.012888100000054692	epochs	3.0
1453.7475048839233	0.02566190000015922	epochs	2.0
1453.7475048839233	0.012849899999991976	epochs	3.0
1453.7603547839233	0.012812000000167245	epochs	3.0
1453.7731667839234	0.025511199999982637	epochs	2.0
1453.7731667839234	0.012774399999898378	epochs	3.0
1453.7859411839233	0.012736800000084258	epochs	3.0
1453.7986779839234	0.02536229999986972	epochs	2.0
1453.7986779839234	0.01269969999998466	epochs	3.0
1453.8113776839234	0.01266259999988506	epochs	3.0
1453.8240402839233	0.02521500000011656	epochs	2.0
1453.8240402839233	0.012625800000023446	epochs	3.0
1453.8366660839233	0.012589200000093115	epochs	3.0
1453.8492552839234	0.024584799999956886	epochs	2.0
1453.8724168839233	0.5	epochs	-1.0
1453.8738400839234	0.507759999999962	epochs	1.0
1454.3816000839233	0.4921600000000126	epochs	0.0
1455.4550004005432	0.11184000000002925	epochs	0.0
1455.4550004005432	0.050920800000085364	epochs	1.0
1455.5059212005433	0.00999839999985852	epochs	1.0
1455.5159196005432	0.050920800000085364	epochs	1.0
1455.5668404005432	2.0	epochs	0.0
1457.5668404005432	21.999919999999975	epochs	0.0
1457.5668404005432	1.0	epochs	1.0
1457.5668572005432	0.5	epochs	-1.0
1458.0668572005432	19.998559999999998	epochs	-1.0
1458.5668404005432	20.0	epochs	1.0
1458.5668404005432	4.356753900000058	epochs	-1.0
1458.5668404005432	1.9745871999998599	epochs	2.0
1458.5668404005432	1.0985622000000603	epochs	3.0
1459.6654026005433	0.8760249999997995	epochs	3.0
1460.541427600543	1.3524075000000266	epochs	2.0
1460.541427600543	0.7286355000001095	epochs	3.0
1461.2700631005432	0.6237719999999172	epochs	3.0
1461.8938351005431	1.0297592000001714	epochs	2.0
1461.8938351005431	0.5453293000000485	epochs	3.0
1462.4391644005432	0.48442990000012287	epochs	3.0
1462.9235943005433	0.8317861999998968	epochs	2.0
1462.9235943005433	0.4357762999998158	epochs	3.0
1463.3593706005431	0.39600990000008096	epochs	3.0
1463.7553805005432	0.6977970000000369	epochs	2.0
1463.7553805005432	0.3628982000000178	epochs	3.0
1464.1182787005432	0.33489880000001904	epochs	3.0
1464.4531775005432	0.601045699999986	epochs	2.0
1464.4531775005432	0.3109122999999272	epochs	3.0
1464.7640898005432	0.2901334000000588	epochs	3.0
1465.0542232005432	0.5278859000000011	epochs	2.0
1465.0542232005432	0.2719586000000618	epochs	3.0
1465.3261818005433	0.25592729999993935	epochs	3.0
1465.5821091005432	0.470619299999953	epochs	2.0
1465.5821091005432	0.241681299999982	epochs	3.0
1465.8237904005432	0.228937999999971	epochs	3.0
1466.0527284005432	0.42457039999999324	epochs	2.0
1466.0527284005432	0.21747140000002219	epochs	3.0
1466.2701998005432	0.20709899999997106	epochs	3.0
1466.4772988005432	0.3867354000001342	epochs	2.0
1466.4772988005432	0.19767109999997956	epochs	3.0
1466.6749699005431	0.18906430000015462	epochs	3.0
1466.8640342005433	0.35509529999990264	epochs	2.0
1466.8640342005433	0.18117589999997108	epochs	3.0
1467.0452101005433	0.17391939999993156	epochs	3.0
1467.2191295005432	0.3282431000000088	epochs	2.0
1467.2191295005432	0.16722189999995862	epochs	3.0
1467.3863514005432	0.16102120000005016	epochs	3.0
1467.5473726005432	0.30516800000009425	epochs	2.0
1467.5473726005432	0.15526389999990897	epochs	3.0
1467.7026365005431	0.14990410000018528	epochs	3.0
1467.8525406005433	0.28512529999989056	epochs	2.0
1467.8525406005433	0.14490209999985382	epochs	3.0
1467.9974427005432	0.14022320000003674	epochs	3.0
1468.1376659005432	0.267553800000087	epochs	2.0
1468.1376659005432	0.1358368999999584	epochs	3.0
1468.2735028005432	0.1317169000001286	epochs	3.0
1468.4052197005433	0.252022899999929	epochs	2.0
1468.4052197005433	0.1278393000000051	epochs	3.0
1468.5330590005433	0.1241835999999239	epochs	3.0
1468.6572426005432	0.23819649999995818	epochs	2.0
1468.6572426005432	0.12073110000005727	epochs	3.0
1468.7779737005433	0.11746539999990091	epochs	3.0
1468.8954391005432	0.2258088000000953	epochs	2.0
1468.8954391005432	0.11437190000015107	epochs	3.0
1469.0098110005433	0.11143689999994422	epochs	3.0
1469.1212479005433	0.21464599999990241	epochs	2.0
1469.1212479005433	0.10864889999993466	epochs	3.0
1469.2298968005432	0.10599709999996776	epochs	3.0
1469.3358939005432	0.20453500000007807	epochs	2.0
1469.3358939005432	0.10347150000006877	epochs	3.0
1469.4393654005432	0.1010635000000093	epochs	3.0
1469.5404289005432	0.19533400000000256	epochs	2.0
1469.5404289005432	0.09876510000003691	epochs	3.0
1469.6391940005433	0.09656889999996565	epochs	3.0
1469.7357629005432	0.18692529999998442	epochs	2.0
1469.7357629005432	0.09446830000001682	epochs	3.0
1469.8302312005433	0.09245699999996759	epochs	3.0
1469.9226882005432	0.17921069999988504	epochs	2.0
1469.9226882005432	0.0905296000000817	epochs	3.0
1470.0132178005433	0.08868109999980334	epochs	3.0
1470.1018989005431	0.17210770000019693	epochs	2.0
1470.1018989005431	0.08690630000000965	epochs	3.0
1470.1888052005431	0.08520140000018728	epochs	3.0
1470.2740066005433	0.1655463999998119	epochs	2.0
1470.2740066005433	0.08356189999994967	epochs	3.0
1470.3575685005433	0.08198449999986224	epochs	3.0
1470.4395530005431	0.15946710000002895	epochs	2.0
1470.4395530005431	0.08046540000009372	epochs	3.0
1470.5200184005432	0.07900169999993523	epochs	3.0
1470.5990201005432	0.15381840000009106	epochs	2.0
1470.5990201005432	0.07759009999995214	epochs	3.0
1470.676610200543	0.07622830000013892	epochs	3.0
1470.7528385005432	0.14855639999996129	epochs	2.0
1470.7528385005432	0.07491329999993468	epochs	3.0
1470.8277518005432	0.0736431000000266	epochs	3.0
1470.9013949005432	0.14364240000008976	epochs	2.0
1470.9013949005432	0.07241500000009182	epochs	3.0
1470.9738099005433	0.07122739999999794	epochs	3.0
1471.0450373005433	0.13904309999998077	epochs	2.0
1471.0450373005433	0.07007799999996678	epochs	3.0
1471.1151153005433	0.06896510000001399	epochs	3.0
1471.1840804005433	0.13472929999988992	epochs	2.0
1471.1840804005433	0.0678871000000072	epochs	3.0
1471.2519675005433	0.06684219999988272	epochs	3.0
1471.3188097005432	0.1306752000000415	epochs	2.0
1471.3188097005432	0.06582909999997355	epochs	3.0
1471.3846388005431	0.06484610000006796	epochs	3.0
1471.4494849005432	0.1268577999999252	epochs	2.0
1471.4494849005432	0.06389199999989614	epochs	3.0
1471.513376900543	0.06296580000002905	epochs	3.0
1471.5763427005431	0.12325720000012552	epochs	2.0
1471.5763427005431	0.06206580000002759	epochs	3.0
1471.6384085005432	0.06119140000009793	epochs	3.0
1471.6995999005433	0.11985540000000583	epochs	2.0
1471.6995999005433	0.060341099999959624	epochs	3.0
1471.7599410005432	0.059514300000046205	epochs	3.0
1471.8194553005433	0.1166361999999026	epochs	2.0
1471.8194553005433	0.058709599999929196	epochs	3.0
1471.8781649005432	0.057926599999973405	epochs	3.0
1471.9360915005432	0.11358560000007856	epochs	2.0
1471.9360915005432	0.05716419999998834	epochs	3.0
1471.9932557005432	0.056421400000090216	epochs	3.0
1472.0496771005432	0.11069049999991876	epochs	2.0
1472.0496771005432	0.055697900000041045	epochs	3.0
1472.1053750005433	0.05499259999987771	epochs	3.0
1472.1603676005432	0.1079391000000669	epochs	2.0
1472.1603676005432	0.05430490000003374	epochs	3.0
1472.2146725005432	0.05363420000003316	epochs	3.0
1472.2683067005432	0.10532149999994544	epochs	2.0
1472.2683067005432	0.05297999999993408	epochs	3.0
1472.3212867005432	0.052341500000011365	epochs	3.0
1472.3736282005432	0.10282759999995505	epochs	2.0
1472.3736282005432	0.05171810000001642	epochs	3.0
1472.4253463005432	0.051109499999938635	epochs	3.0
1472.4764558005431	0.10044910000010532	epochs	2.0
1472.4764558005431	0.050514900000052876	epochs	3.0
1472.5269707005432	0.04993420000005244	epochs	3.0
1472.5769049005432	0.0981782999999723	epochs	2.0
1472.5769049005432	0.04936659999998483	epochs	3.0
1472.6262715005432	0.04881169999998747	epochs	3.0
1472.6750832005432	0.09600780000005216	epochs	2.0
1472.6750832005432	0.04826920000004975	epochs	3.0
1472.7233524005433	0.04773860000000241	epochs	3.0
1472.7710910005433	0.09393120000004274	epochs	2.0
1472.7710910005433	0.04721949999998287	epochs	3.0
1472.8183105005432	0.046711700000059864	epochs	3.0
1472.8650222005433	0.09194259999981114	epochs	2.0
1472.8650222005433	0.046214599999984785	epochs	3.0
1472.9112368005433	0.04572799999982635	epochs	3.0
1472.9569648005431	0.09003630000006524	epochs	2.0
1472.9569648005431	0.04525150000017675	epochs	3.0
1473.0022163005433	0.04478479999988849	epochs	3.0
1473.0470011005432	0.08820760000003247	epochs	2.0
1473.0470011005432	0.044327800000019124	epochs	3.0
1473.0913289005432	0.04387980000001335	epochs	3.0
1473.1352087005432	0.0864516999999978	epochs	2.0
1473.1352087005432	0.04344100000002982	epochs	3.0
1473.1786497005432	0.04301069999996798	epochs	3.0
1473.2216604005432	0.08476429999996071	epochs	2.0
1473.2216604005432	0.04258899999990717	epochs	3.0
1473.2642494005431	0.04217530000005354	epochs	3.0
1473.3064247005432	0.08314150000001064	epochs	2.0
1473.3064247005432	0.04176970000003166	epochs	3.0
1473.3481944005432	0.041371799999978975	epochs	3.0
1473.3895662005432	0.08157970000002024	epochs	2.0
1473.3895662005432	0.040981399999964196	epochs	3.0
1473.4305476005432	0.04059830000005604	epochs	3.0
1473.4711459005432	0.08007550000002084	epochs	2.0
1473.4711459005432	0.040222300000095856	epochs	3.0
1473.5113682005433	0.03985319999992498	epochs	3.0
1473.5512214005432	0.07862569999997504	epochs	2.0
1473.5512214005432	0.039490800000066884	epochs	3.0
1473.5907122005433	0.03913489999990816	epochs	3.0
1473.6298471005432	0.07722760000001472	epochs	2.0
1473.6298471005432	0.038785400000051595	epochs	3.0
1473.6686325005433	0.03844219999996312	epochs	3.0
1473.7070747005432	0.07587820000003376	epochs	2.0
1473.7070747005432	0.03810479999992822	epochs	3.0
1473.7451795005431	0.03777340000010554	epochs	3.0
1473.7829529005433	0.0745752000000266	epochs	2.0
1473.7829529005433	0.03744770000002973	epochs	3.0
1473.8204006005433	0.03712749999999687	epochs	3.0
1473.8575281005433	0.07331629999998768	epochs	2.0
1473.8575281005433	0.03681289999985893	epochs	3.0
1473.8943410005431	0.03650340000012875	epochs	3.0
1473.9308444005433	0.07209899999998015	epochs	2.0
1473.9308444005433	0.03619909999997617	epochs	3.0
1473.9670435005432	0.03589990000000398	epochs	3.0
1474.0029434005432	0.07092169999987163	epochs	2.0
1474.0029434005432	0.03560560000005353	epochs	3.0
1474.0385490005433	0.03531609999981811	epochs	3.0
1474.0738651005431	0.06978200000003199	epochs	2.0
1474.0738651005431	0.03503120000004856	epochs	3.0
1474.1088963005432	0.03475079999998343	epochs	3.0
1474.1436471005431	0.06867860000011206	epochs	2.0
1474.1436471005431	0.03447510000000875	epochs	3.0
1474.1781222005432	0.034203500000103304	epochs	3.0
1474.2123257005433	0.06760929999995824	epochs	2.0
1474.2123257005433	0.033936199999970995	epochs	3.0
1474.2462619005432	0.033673099999987244	epochs	3.0
1474.2799350005432	0.06657289999998284	epochs	2.0
1474.2799350005432	0.03341399999999339	epochs	3.0
1474.3133490005432	0.033158899999989444	epochs	3.0
1474.3465079005432	0.06556780000005347	epochs	2.0
1474.3465079005432	0.03290770000012344	epochs	3.0
1474.3794156005433	0.032660099999930026	epochs	3.0
1474.4120757005433	0.06459259999996902	epochs	2.0
1474.4120757005433	0.03241639999987456	epochs	3.0
1474.4444921005431	0.03217620000009447	epochs	3.0
1474.4766683005432	0.06364600000006249	epochs	2.0
1474.4766683005432	0.03193959999998697	epochs	3.0
1474.5086079005432	0.03170640000007552	epochs	3.0
1474.5403143005433	0.0627266999999847	epochs	2.0
1474.5403143005433	0.031476599999905375	epochs	3.0
1474.5717909005432	0.03125010000007933	epochs	3.0
1474.6030410005433	0.06183359999999993	epochs	2.0
1474.6030410005433	0.03102689999991526	epochs	3.0
1474.6340679005432	0.030806700000084675	epochs	3.0
1474.6648746005433	0.060965599999917686	epochs	2.0
1474.6648746005433	0.030589799999916067	epochs	3.0
1474.6954644005432	0.030375800000001618	epochs	3.0
1474.7258402005432	0.06012160000000222	epochs	2.0
1474.7258402005432	0.030164900000045236	epochs	3.0
1474.7560051005432	0.02995669999995698	epochs	3.0
1474.7859618005432	0.05930069999999432	epochs	2.0
1474.7859618005432	0.029751600000054168	epochs	3.0
1474.8157134005432	0.029549099999940154	epochs	3.0
1474.8452625005432	0.05850179999993088	epochs	2.0
1474.8452625005432	0.02934940000000097	epochs	3.0
1474.8746119005432	0.029152399999929912	epochs	3.0
1474.9037643005431	0.05772420000016609	epochs	2.0
1474.9037643005431	0.028958000000102402	epochs	3.0
1474.9327223005432	0.02876620000006369	epochs	3.0
1474.9614885005433	0.056967099999837956	epochs	2.0
1474.9614885005433	0.028577000000041153	epochs	3.0
1474.9900655005433	0.028390099999796803	epochs	3.0
1475.0184556005431	0.05622950000019955	epochs	2.0
1475.0184556005431	0.02820570000017142	epochs	3.0
1475.0466613005433	0.028023800000028132	epochs	3.0
1475.0746851005433	0.055510699999786084	epochs	2.0
1475.0746851005433	0.027843999999959124	epochs	3.0
1475.1025291005433	0.02766669999982696	epochs	3.0
1475.130195800543	0.054810200000019904	epochs	2.0
1475.130195800543	0.02749149999999645	epochs	3.0
1475.157687300543	0.027318700000023455	epochs	3.0
1475.1850060005431	0.05412700000010773	epochs	2.0
1475.1850060005431	0.027147800000193456	epochs	3.0
1475.2121538005433	0.026979199999914272	epochs	3.0
1475.2391330005432	0.053460699999959616	epochs	2.0
1475.2391330005432	0.026812600000084785	epochs	3.0
1475.2659456005433	0.02664809999987483	epochs	3.0
1475.2925937005432	0.05281070000000909	epochs	2.0
1475.2925937005432	0.026485600000114573	epochs	3.0
1475.3190793005433	0.02632509999989452	epochs	3.0
1475.3454044005432	0.05217620000007628	epochs	2.0
1475.3454044005432	0.026166399999965506	epochs	3.0
1475.3715708005432	0.026009800000110772	epochs	3.0
1475.3975806005433	0.051556699999991906	epochs	2.0
1475.3975806005433	0.025854799999933675	epochs	3.0
1475.4234354005432	0.02570190000005823	epochs	3.0
1475.4491373005433	0.05095189999997274	epochs	2.0
1475.4491373005433	0.025550699999939752	epochs	3.0
1475.4746880005432	0.025401200000032986	epochs	3.0
1475.5000892005432	0.05036100000006627	epochs	2.0
1475.5000892005432	0.025253499999962514	epochs	3.0
1475.5253427005432	0.025107500000103755	epochs	3.0
1475.5504502005433	0.04978379999988647	epochs	2.0
1475.5504502005433	0.02496320000000196	epochs	3.0
1475.5754134005433	0.024820599999884507	epochs	3.0
1475.6002340005432	0.04921949999993558	epochs	2.0
1475.6002340005432	0.024679399999968155	epochs	3.0
1475.6249134005432	0.024540099999967424	epochs	3.0
1475.6494535005431	0.04866790000005494	epochs	2.0
1475.6494535005431	0.024402100000088467	epochs	3.0
1475.6738556005432	0.024265799999966475	epochs	3.0
1475.6981214005432	0.048128599999927246	epochs	2.0
1475.6981214005432	0.024131000000124914	epochs	3.0
1475.7222524005433	0.023997599999802333	epochs	3.0
1475.7462500005431	0.047601100000065344	epochs	2.0
1475.7462500005431	0.023865800000066884	epochs	3.0
1475.7701158005432	0.02373529999999846	epochs	3.0
1475.7938511005432	0.04708499999992455	epochs	2.0
1475.7938511005432	0.023606299999983094	epochs	3.0
1475.8174574005432	0.023478699999941455	epochs	3.0
1475.840936100543	0.04658000000017637	epochs	2.0
1475.840936100543	0.023352500000100918	epochs	3.0
1475.8642886005432	0.02322750000007545	epochs	3.0
1475.8875161005433	0.04608569999982137	epochs	2.0
1475.8875161005433	0.02310399999987567	epochs	3.0
1475.9106201005432	0.022981699999945704	epochs	3.0
1475.933601800543	0.04560180000021319	epochs	2.0
1475.933601800543	0.022860700000137513	epochs	3.0
1475.9564625005432	0.022741100000075676	epochs	3.0
1475.9792036005433	0.045127899999897636	epochs	2.0
1475.9792036005433	0.022622499999897627	epochs	3.0
1476.0018261005432	0.02250540000000001	epochs	3.0
1476.0243315005432	0.0446638000000803	epochs	2.0
1476.0243315005432	0.02238929999998618	epochs	3.0
1476.0467208005432	0.022274500000094122	epochs	3.0
1476.0689953005433	0.044209199999841076	epochs	2.0
1476.0689953005433	0.022160799999937808	epochs	3.0
1476.0911561005432	0.022048399999903268	epochs	3.0
1476.1132045005431	0.04376360000014756	epochs	2.0
1476.1132045005431	0.021936900000127935	epochs	3.0
1476.1351414005433	0.021826700000019628	epochs	3.0
1476.1569681005433	0.04332709999994222	epochs	2.0
1476.1569681005433	0.021717599999874437	epochs	3.0
1476.1786857005432	0.021609500000067783	epochs	3.0
1476.2002952005432	0.04289900000003399	epochs	2.0
1476.2002952005432	0.02150249999999687	epochs	3.0
1476.2217977005432	0.021396500000037122	epochs	3.0
1476.2431942005433	0.04247949999989942	epochs	2.0
1476.2431942005433	0.021291699999892444	epochs	3.0
1476.2644859005431	0.021187800000006973	epochs	3.0
1476.2856737005432	0.04206790000012006	epochs	2.0
1476.2856737005432	0.02108490000000529	epochs	3.0
1476.3067586005432	0.02098300000011477	epochs	3.0
1476.3277416005433	0.04166439999994509	epochs	2.0
1476.3277416005433	0.020882199999959994	epochs	3.0
1476.3486238005432	0.020782199999985096	epochs	3.0
1476.3694060005432	0.041268499999887354	epochs	2.0
1476.3694060005432	0.020683299999973315	epochs	3.0
1476.3900893005432	0.02058519999991404	epochs	3.0
1476.410674500543	0.04088000000001557	epochs	2.0
1476.410674500543	0.0204881000001933	epochs	3.0
1476.4311626005433	0.02039189999982227	epochs	3.0
1476.4515545005431	0.04049880000002304	epochs	2.0
1476.4515545005431	0.0202966000001652	epochs	3.0
1476.4718511005433	0.02020219999985784	epochs	3.0
1476.4920533005431	0.04012460000012652	epochs	2.0
1476.4920533005431	0.02010870000003706	epochs	3.0
1476.5121620005432	0.02001590000008946	epochs	3.0
1476.5321779005433	0.03975730000001931	epochs	2.0
1476.5321779005433	0.0199241999998776	epochs	3.0
1476.5521021005432	0.019833100000141712	epochs	3.0
1476.5719352005433	0.03939669999999751	epochs	2.0
1476.5719352005433	0.019742999999834865	epochs	3.0
1476.5916782005431	0.019653700000162644	epochs	3.0
1476.6113319005433	0.03904239999997117	epochs	2.0
1476.6113319005433	0.019565099999908853	epochs	3.0
1476.6308970005432	0.019477300000062314	epochs	3.0
1476.6503743005433	0.03869459999987157	epochs	2.0
1476.6503743005433	0.019390400000020236	epochs	3.0
1476.6697647005433	0.019304199999851335	epochs	3.0
1476.6890689005431	0.03835290000006353	epochs	2.0
1476.6890689005431	0.019218800000089686	epochs	3.0
1476.7082877005432	0.01913409999997384	epochs	3.0
1476.7274218005432	0.03801720000001296	epochs	2.0
1476.7274218005432	0.019050200000037876	epochs	3.0
1476.7464720005432	0.018966999999975087	epochs	3.0
1476.7654390005432	0.03768719999993664	epochs	2.0
1476.7654390005432	0.01888450000001285	epochs	3.0
1476.7843235005432	0.01880269999992379	epochs	3.0
1476.8031262005431	0.03736309999999321	epochs	2.0
1476.8031262005431	0.018721700000014607	epochs	3.0
1476.8218479005432	0.018641399999978603	epochs	3.0
1476.8404893005431	0.037044300000161456	epochs	2.0
1476.8404893005431	0.018561600000111866	epochs	3.0
1476.8590509005433	0.01848270000004959	epochs	3.0
1476.8775336005433	0.03673099999991791	epochs	2.0
1476.8775336005433	0.018404299999929208	epochs	3.0
1476.8959379005432	0.018326699999988705	epochs	3.0
1476.9142646005432	0.03642289999993409	epochs	2.0
1476.9142646005432	0.018249599999990096	epochs	3.0
1476.9325142005432	0.018173299999943993	epochs	3.0
1476.9506875005432	0.03612010000006194	epochs	2.0
1476.9506875005432	0.018097600000146485	epochs	3.0
1476.9687851005433	0.018022499999915453	epochs	3.0
1476.9868076005432	0.03582209999990482	epochs	2.0
1476.9868076005432	0.017947900000081063	epochs	3.0
1477.0047555005433	0.01787419999982376	epochs	3.0
1477.0226297005431	0.03552899999999681	epochs	2.0
1477.0226297005431	0.017800800000031813	epochs	3.0
1477.0404305005432	0.017728199999965	epochs	3.0
1477.0581587005431	0.03524070000003121	epochs	2.0
1477.0581587005431	0.017656100000067454	epochs	3.0
1477.0758148005432	0.017584599999963757	epochs	3.0
1477.0933994005431	0.03495710000015606	epochs	2.0
1477.0933994005431	0.017513700000108656	epochs	3.0
1477.1109131005433	0.017443400000047404	epochs	3.0
1477.1283565005433	0.034677899999906	epochs	2.0
1477.1283565005433	0.017373599999928047	epochs	3.0
1477.1457301005432	0.017304299999977957	epochs	3.0
1477.1630344005432	0.03440329999989444	epochs	2.0
1477.1630344005432	0.017235699999901044	epochs	3.0
1477.180270100543	0.0171675999999934	epochs	3.0
1477.197437700543	0.034132800000179486	epochs	2.0
1477.197437700543	0.017099900000175694	epochs	3.0
1477.2145376005433	0.017032900000003792	epochs	3.0
1477.2315705005433	0.03386669999986225	epochs	2.0
1477.2315705005433	0.01696640000000116	epochs	3.0
1477.2485369005433	0.01690029999986109	epochs	3.0
1477.2654372005431	0.03360459999998966	epochs	2.0
1477.2654372005431	0.01683479999996962	epochs	3.0
1477.2822720005431	0.01676980000002004	epochs	3.0
1477.2990418005431	0.0333466000001863	epochs	2.0
1477.2990418005431	0.016705300000012357	epochs	3.0
1477.3157471005431	0.016641300000173942	epochs	3.0
1477.3323884005433	0.033092499999838765	epochs	2.0
1477.3323884005433	0.016577799999822673	epochs	3.0
1477.3489662005431	0.01651470000001609	epochs	3.0
1477.3654809005432	0.032842300000083924	epochs	2.0
1477.3654809005432	0.01645220000000336	epochs	3.0
1477.3819331005432	0.016390100000080565	epochs	3.0
1477.3983232005432	0.03259570000000167	epochs	2.0
1477.3983232005432	0.016328400000020338	epochs	3.0
1477.4146516005433	0.016267299999981333	epochs	3.0
1477.4309189005432	0.032352899999978035	epochs	2.0
1477.4309189005432	0.016206600000032267	epochs	3.0
1477.4471255005433	0.016146299999945768	epochs	3.0
1477.4632718005432	0.032113700000081735	epochs	2.0
1477.4632718005432	0.01608659999988049	epochs	3.0
1477.479358400543	0.016027100000201244	epochs	3.0
1477.4953855005433	0.03187800000000607	epochs	2.0
1477.4953855005433	0.0159681999998611	epochs	3.0
1477.5113537005432	0.01590980000014497	epochs	3.0
1477.5272635005433	0.03164569999989908	epochs	2.0
1477.5272635005433	0.015851599999905375	epochs	3.0
1477.5431151005432	0.015794099999993705	epochs	3.0
1477.5589092005432	0.031416699999908815	epochs	2.0
1477.5589092005432	0.01573669999993399	epochs	3.0
1477.5746459005431	0.015679999999974825	epochs	3.0
1477.5903259005431	0.031191100000114602	epochs	2.0
1477.5903259005431	0.015623600000026272	epochs	3.0
1477.6059495005431	0.01556750000008833	epochs	3.0
1477.6215170005432	0.030968699999903038	epochs	2.0
1477.6215170005432	0.015511999999944237	epochs	3.0
1477.6370290005432	0.0154566999999588	epochs	3.0
1477.6524857005431	0.030749500000183616	epochs	2.0
1477.6524857005431	0.015401999999994587	epochs	3.0
1477.6678877005431	0.01534750000018903	epochs	3.0
1477.6832352005433	0.030533199999808858	epochs	2.0
1477.6832352005433	0.01529339999979129	epochs	3.0
1477.698528600543	0.015239800000017567	epochs	3.0
1477.7137684005431	0.030320100000153616	epochs	2.0
1477.7137684005431	0.015186500000027081	epochs	3.0
1477.7289549005432	0.015133600000126535	epochs	3.0
1477.7440885005433	0.030109899999843037	epochs	2.0
1477.7440885005433	0.015081000000009226	epochs	3.0
1477.7591695005433	0.015028899999833811	epochs	3.0
1477.7741984005431	0.029902500000162036	epochs	2.0
1477.7741984005431	0.014977000000044427	epochs	3.0
1477.7891754005432	0.014925500000117609	epochs	3.0
1477.8041009005433	0.029698099999905025	epochs	2.0
1477.8041009005433	0.014874399999825982	epochs	3.0
1477.8189753005431	0.014823700000079043	epochs	3.0
1477.8337990005432	0.029496300000118936	epochs	2.0
1477.8337990005432	0.014773200000036013	epochs	3.0
1477.8485722005432	0.014723100000082923	epochs	3.0
1477.8632953005433	0.029297399999904883	epochs	2.0
1477.8632953005433	0.014673399999992398	epochs	3.0
1477.8779687005433	0.014623999999912485	epochs	3.0
1477.8925927005432	0.029101099999934377	epochs	2.0
1477.8925927005432	0.014574900000070556	epochs	3.0
1477.9071676005433	0.01452619999986382	epochs	3.0
1477.9216938005432	0.028907399999980044	epochs	2.0
1477.9216938005432	0.014477700000043114	epochs	3.0
1477.9361715005432	0.014429699999936929	epochs	3.0
1477.9506012005431	0.02871620000018993	epochs	2.0
1477.9506012005431	0.014381800000137446	epochs	3.0
1477.9649830005433	0.014334400000052483	epochs	3.0
1477.9793174005433	0.02852759999996124	epochs	2.0
1477.9793174005433	0.014287199999898803	epochs	3.0
1477.9936046005432	0.014240400000062436	epochs	3.0
1478.0078450005433	0.02834139999981744	epochs	2.0
1478.0078450005433	0.014193799999929979	epochs	3.0
1478.0220388005432	0.014147599999887461	epochs	3.0
1478.036186400543	0.028157700000065233	epochs	2.0
1478.036186400543	0.014101700000082928	epochs	3.0
1478.0502881005432	0.014055999999982305	epochs	3.0
1478.0643441005432	0.027976300000091214	epochs	2.0
1478.0643441005432	0.014010600000119666	epochs	3.0
1478.0783547005433	0.013965699999971548	epochs	3.0
1478.0923204005433	0.027797199999895383	epochs	2.0
1478.0923204005433	0.013920800000050804	epochs	3.0
1478.1062412005433	0.01387639999984458	epochs	3.0
1478.1201176005432	0.02762040000015986	epochs	2.0
1478.1201176005432	0.013832200000024386	epochs	3.0
1478.1339498005432	0.013788200000135475	epochs	3.0
1478.1477380005433	0.027445899999975154	epochs	2.0
1478.1477380005433	0.013744599999881757	epochs	3.0
1478.1614826005432	0.013701300000093397	epochs	3.0
1478.1751839005433	0.027273499999864725	epochs	2.0
1478.1751839005433	0.013658200000008947	epochs	3.0
1478.1888421005433	0.013615299999855779	epochs	3.0
1478.2024574005432	0.027103399999987232	epochs	2.0
1478.2024574005432	0.013572800000019924	epochs	3.0
1478.2160302005432	0.013530599999967308	epochs	3.0
1478.2295608005431	0.02693520000002536	epochs	2.0
1478.2295608005431	0.013488400000142065	epochs	3.0
1478.2430492005433	0.013446799999883297	epochs	3.0
1478.2564960005432	0.026769199999989723	epochs	2.0
1478.2564960005432	0.013405200000079276	epochs	3.0
1478.2699012005432	0.013363999999910448	epochs	3.0
1478.2832652005432	0.026605199999949036	epochs	2.0
1478.2832652005432	0.013322900000048321	epochs	3.0
1478.2965881005432	0.013282299999900715	epochs	3.0
1478.309870400543	0.026443200000130673	epochs	2.0
1478.309870400543	0.013241700000207857	epochs	3.0
1478.3231121005433	0.013201499999922817	epochs	3.0
1478.3363136005432	0.026283200000079887	epochs	2.0
1478.3363136005432	0.013161500000023807	epochs	3.0
1478.3494751005433	0.01312170000005608	epochs	3.0
1478.3625968005433	0.026124999999865395	epochs	2.0
1478.3625968005433	0.013082099999792263	epochs	3.0
1478.375678900543	0.013042900000073132	epochs	3.0
1478.3887218005432	0.025968899999952555	epochs	2.0
1478.3887218005432	0.01300390000005791	epochs	3.0
1478.4017257005432	0.012964999999894644	epochs	3.0
1478.4146907005431	0.025814500000024054	epochs	2.0
1478.4146907005431	0.012926399999969362	epochs	3.0
1478.427617100543	0.012888100000054692	epochs	3.0
1478.4405052005432	0.02566190000015922	epochs	2.0
1478.4405052005432	0.012849899999991976	epochs	3.0
1478.4533551005431	0.012812000000167245	epochs	3.0
1478.4661671005433	0.025511199999982637	epochs	2.0
1478.4661671005433	0.012774399999898378	epochs	3.0
1478.4789415005432	0.012736800000084258	epochs	3.0
1478.4916783005433	0.02536229999986972	epochs	2.0
1478.4916783005433	0.01269969999998466	epochs	3.0
1478.5043780005433	0.01266259999988506	epochs	3.0
1478.5170406005432	0.02521500000011656	epochs	2.0
1478.5170406005432	0.012625800000023446	epochs	3.0
1478.5296664005432	0.012589200000093115	epochs	3.0
1478.5422556005433	0.024584799999956886	epochs	2.0
1478.5654172005432	0.5	epochs	-1.0
1478.5668404005432	0.9999199999999746	epochs	1.0
1479.0654172005432	0.5	epochs	-1.0
1480.8210000991821	0.11184000000002925	epochs	0.0
1480.8210000991821	0.050920800000085364	epochs	1.0
1480.8719208991822	0.00999839999985852	epochs	1.0
1480.881919299182	0.050920800000085364	epochs	1.0
1480.9328400991822	2.0	epochs	0.0
1482.9328400991822	0.5480800000000272	epochs	0.0
1482.9328400991822	0.5480800000000272	epochs	1.0
1482.932856899182	0.5	epochs	-1.0
1483.432856899182	0.0480632000001151	epochs	-1.0
1483.4809200991822	21.451839999999947	epochs	0.0
1484.5040001869202	0.11184000000002925	epochs	0.0
1484.5040001869202	0.050920800000085364	epochs	1.0
1484.5549209869203	0.00999839999985852	epochs	1.0
1484.56491938692	0.050920800000085364	epochs	1.0
1484.6158401869202	2.0	epochs	0.0
1486.6158401869202	0.5479199999999764	epochs	0.0
1486.6158401869202	0.5479199999999764	epochs	1.0
1486.61585698692	0.5	epochs	-1.0
1487.11585698692	0.04790320000006432	epochs	-1.0
1487.1637601869202	21.451999999999998	epochs	0.0
1488.2600002288818	0.11184000000002925	epochs	0.0
1488.2600002288818	0.050920800000085364	epochs	1.0
1488.310921028882	0.00999839999985852	epochs	1.0
1488.3209194288818	0.050920800000085364	epochs	1.0
1488.3718402288819	2.0	epochs	0.0
1490.3718402288819	0.5481600000000526	epochs	0.0
1490.3718402288819	0.5481600000000526	epochs	1.0
1490.3718570288818	0.5	epochs	-1.0
1490.8718570288818	0.048143200000140496	epochs	-1.0
1490.920000228882	21.451759999999922	epochs	0.0
1491.9430003166199	0.11184000000002925	epochs	0.0
1491.9430003166199	0.050920800000085364	epochs	1.0
1491.99392111662	0.00999839999985852	epochs	1.0
1492.0039195166198	0.050920800000085364	epochs	1.0
1492.05484031662	2.0	epochs	0.0
1494.05484031662	0.5075999999999112	epochs	0.0
1494.05484031662	0.5075999999999112	epochs	1.0
1494.0548571166198	0.5	epochs	-1.0
1494.5548571166198	0.007583199999999124	epochs	-1.0
1494.5624403166198	21.492320000000063	epochs	0.0
1495.8270001411438	0.11184000000002925	epochs	0.0
1495.8270001411438	0.050920800000085364	epochs	1.0
1495.8779209411439	0.00999839999985852	epochs	1.0
1495.8879193411437	0.050920800000085364	epochs	1.0
1495.9388401411438	2.0	epochs	0.0
1497.9388401411438	0.5076799999999366	epochs	0.0
1497.9388401411438	0.5076799999999366	epochs	1.0
1497.9388569411437	0.5	epochs	-1.0
1498.4388569411437	0.007663200000024517	epochs	-1.0
1498.4465201411438	21.492240000000038	epochs	0.0
1520.724000453949	0.11184000000002925	epochs	0.0
1520.724000453949	0.050920800000085364	epochs	1.0
1520.774921253949	0.00999839999985852	epochs	1.0
1520.784919653949	0.050920800000085364	epochs	1.0
1520.835840453949	2.0	epochs	0.0
1522.835840453949	5.387519999999995	epochs	0.0
1522.835840453949	1.0	epochs	1.0
1522.835857253949	0.5	epochs	-1.0
1523.335857253949	4.887503200000083	epochs	-1.0
1523.835840453949	4.387519999999995	epochs	1.0
1523.835840453949	4.356753900000058	epochs	-1.0
1523.835840453949	1.9745871999998599	epochs	2.0
1523.835840453949	1.0985622000000603	epochs	3.0
1524.934402653949	0.8760249999997995	epochs	3.0
1525.8104276539489	1.3524075000000266	epochs	2.0
1525.8104276539489	0.7286355000001095	epochs	3.0
1526.539063153949	0.6237719999999172	epochs	3.0
1527.162835153949	1.0297592000001714	epochs	2.0
1527.162835153949	0.5453293000000485	epochs	3.0
1527.708164453949	0.48442990000012287	epochs	3.0
1528.192594353949	0.03076609999993707	epochs	2.0
1528.192594353949	0.03076609999993707	epochs	3.0
1528.223360453949	16.61239999999998	epochs	0.0
1529.3120002746582	0.11184000000002925	epochs	0.0
1529.3120002746582	0.050920800000085364	epochs	1.0
1529.3629210746583	0.00999839999985852	epochs	1.0
1529.3729194746581	0.050920800000085364	epochs	1.0
1529.4238402746582	2.0	epochs	0.0
1531.4238402746582	21.999919999999975	epochs	0.0
1531.4238402746582	1.0	epochs	1.0
1531.4238570746581	0.5	epochs	-1.0
1531.9238570746581	19.998479999999972	epochs	-1.0
1532.4238402746582	20.0	epochs	1.0
1532.4238402746582	4.356753900000058	epochs	-1.0
1532.4238402746582	1.9745871999998599	epochs	2.0
1532.4238402746582	1.0985622000000603	epochs	3.0
1533.5224024746583	0.8760249999997995	epochs	3.0
1534.398427474658	1.3524075000000266	epochs	2.0
1534.398427474658	0.7286355000001095	epochs	3.0
1535.1270629746582	0.6237719999999172	epochs	3.0
1535.7508349746581	1.0297592000001714	epochs	2.0
1535.7508349746581	0.5453293000000485	epochs	3.0
1536.2961642746582	0.48442990000012287	epochs	3.0
1536.7805941746583	0.8317861999998968	epochs	2.0
1536.7805941746583	0.4357762999998158	epochs	3.0
1537.216370474658	0.39600990000008096	epochs	3.0
1537.6123803746582	0.6977970000000369	epochs	2.0
1537.6123803746582	0.3628982000000178	epochs	3.0
1537.9752785746582	0.33489880000001904	epochs	3.0
1538.3101773746582	0.601045699999986	epochs	2.0
1538.3101773746582	0.3109122999999272	epochs	3.0
1538.6210896746582	0.2901334000000588	epochs	3.0
1538.9112230746582	0.5278859000000011	epochs	2.0
1538.9112230746582	0.2719586000000618	epochs	3.0
1539.1831816746583	0.25592729999993935	epochs	3.0
1539.4391089746582	0.470619299999953	epochs	2.0
1539.4391089746582	0.241681299999982	epochs	3.0
1539.6807902746582	0.228937999999971	epochs	3.0
1539.9097282746582	0.42457039999999324	epochs	2.0
1539.9097282746582	0.21747140000002219	epochs	3.0
1540.1271996746582	0.20709899999997106	epochs	3.0
1540.3342986746582	0.3867354000001342	epochs	2.0
1540.3342986746582	0.19767109999997956	epochs	3.0
1540.5319697746581	0.18906430000015462	epochs	3.0
1540.7210340746583	0.35509529999990264	epochs	2.0
1540.7210340746583	0.18117589999997108	epochs	3.0
1540.9022099746583	0.17391939999993156	epochs	3.0
1541.0761293746582	0.3282431000000088	epochs	2.0
1541.0761293746582	0.16722189999995862	epochs	3.0
1541.2433512746582	0.16102120000005016	epochs	3.0
1541.4043724746582	0.30516800000009425	epochs	2.0
1541.4043724746582	0.15526389999990897	epochs	3.0
1541.559636374658	0.14990410000018528	epochs	3.0
1541.7095404746583	0.28512529999989056	epochs	2.0
1541.7095404746583	0.14490209999985382	epochs	3.0
1541.8544425746582	0.14022320000003674	epochs	3.0
1541.9946657746582	0.267553800000087	epochs	2.0
1541.9946657746582	0.1358368999999584	epochs	3.0
1542.1305026746581	0.1317169000001286	epochs	3.0
1542.2622195746583	0.252022899999929	epochs	2.0
1542.2622195746583	0.1278393000000051	epochs	3.0
1542.3900588746583	0.1241835999999239	epochs	3.0
1542.5142424746582	0.23819649999995818	epochs	2.0
1542.5142424746582	0.12073110000005727	epochs	3.0
1542.6349735746583	0.11746539999990091	epochs	3.0
1542.7524389746582	0.2258088000000953	epochs	2.0
1542.7524389746582	0.11437190000015107	epochs	3.0
1542.8668108746583	0.11143689999994422	epochs	3.0
1542.9782477746583	0.21464599999990241	epochs	2.0
1542.9782477746583	0.10864889999993466	epochs	3.0
1543.0868966746582	0.10599709999996776	epochs	3.0
1543.1928937746582	0.20453500000007807	epochs	2.0
1543.1928937746582	0.10347150000006877	epochs	3.0
1543.2963652746582	0.1010635000000093	epochs	3.0
1543.3974287746582	0.19533400000000256	epochs	2.0
1543.3974287746582	0.09876510000003691	epochs	3.0
1543.4961938746583	0.09656889999996565	epochs	3.0
1543.5927627746582	0.18692529999998442	epochs	2.0
1543.5927627746582	0.09446830000001682	epochs	3.0
1543.6872310746583	0.09245699999996759	epochs	3.0
1543.7796880746582	0.17921069999988504	epochs	2.0
1543.7796880746582	0.0905296000000817	epochs	3.0
1543.8702176746583	0.08868109999980334	epochs	3.0
1543.958898774658	0.17210770000019693	epochs	2.0
1543.958898774658	0.08690630000000965	epochs	3.0
1544.0458050746581	0.08520140000018728	epochs	3.0
1544.1310064746583	0.1655463999998119	epochs	2.0
1544.1310064746583	0.08356189999994967	epochs	3.0
1544.2145683746583	0.08198449999986224	epochs	3.0
1544.2965528746581	0.15946710000002895	epochs	2.0
1544.2965528746581	0.08046540000009372	epochs	3.0
1544.3770182746582	0.07900169999993523	epochs	3.0
1544.4560199746581	0.15381840000009106	epochs	2.0
1544.4560199746581	0.07759009999995214	epochs	3.0
1544.533610074658	0.07622830000013892	epochs	3.0
1544.6098383746582	0.14855639999996129	epochs	2.0
1544.6098383746582	0.07491329999993468	epochs	3.0
1544.6847516746582	0.0736431000000266	epochs	3.0
1544.7583947746582	0.14364240000008976	epochs	2.0
1544.7583947746582	0.07241500000009182	epochs	3.0
1544.8308097746583	0.07122739999999794	epochs	3.0
1544.9020371746583	0.13904309999998077	epochs	2.0
1544.9020371746583	0.07007799999996678	epochs	3.0
1544.9721151746583	0.06896510000001399	epochs	3.0
1545.0410802746583	0.13472929999988992	epochs	2.0
1545.0410802746583	0.0678871000000072	epochs	3.0
1545.1089673746583	0.06684219999988272	epochs	3.0
1545.1758095746582	0.1306752000000415	epochs	2.0
1545.1758095746582	0.06582909999997355	epochs	3.0
1545.2416386746581	0.06484610000006796	epochs	3.0
1545.3064847746582	0.1268577999999252	epochs	2.0
1545.3064847746582	0.06389199999989614	epochs	3.0
1545.370376774658	0.06296580000002905	epochs	3.0
1545.4333425746581	0.12325720000012552	epochs	2.0
1545.4333425746581	0.06206580000002759	epochs	3.0
1545.4954083746582	0.06119140000009793	epochs	3.0
1545.5565997746583	0.11985540000000583	epochs	2.0
1545.5565997746583	0.060341099999959624	epochs	3.0
1545.6169408746582	0.059514300000046205	epochs	3.0
1545.6764551746583	0.1166361999999026	epochs	2.0
1545.6764551746583	0.058709599999929196	epochs	3.0
1545.7351647746582	0.057926599999973405	epochs	3.0
1545.7930913746582	0.11358560000007856	epochs	2.0
1545.7930913746582	0.05716419999998834	epochs	3.0
1545.8502555746581	0.056421400000090216	epochs	3.0
1545.9066769746582	0.11069049999991876	epochs	2.0
1545.9066769746582	0.055697900000041045	epochs	3.0
1545.9623748746583	0.05499259999987771	epochs	3.0
1546.0173674746582	0.1079391000000669	epochs	2.0
1546.0173674746582	0.05430490000003374	epochs	3.0
1546.0716723746582	0.05363420000003316	epochs	3.0
1546.1253065746582	0.10532149999994544	epochs	2.0
1546.1253065746582	0.05297999999993408	epochs	3.0
1546.1782865746582	0.052341500000011365	epochs	3.0
1546.2306280746582	0.10282759999995505	epochs	2.0
1546.2306280746582	0.05171810000001642	epochs	3.0
1546.2823461746582	0.051109499999938635	epochs	3.0
1546.3334556746581	0.10044910000010532	epochs	2.0
1546.3334556746581	0.050514900000052876	epochs	3.0
1546.3839705746582	0.04993420000005244	epochs	3.0
1546.4339047746582	0.0981782999999723	epochs	2.0
1546.4339047746582	0.04936659999998483	epochs	3.0
1546.4832713746582	0.04881169999998747	epochs	3.0
1546.5320830746582	0.09600780000005216	epochs	2.0
1546.5320830746582	0.04826920000004975	epochs	3.0
1546.5803522746583	0.04773860000000241	epochs	3.0
1546.6280908746583	0.09393120000004274	epochs	2.0
1546.6280908746583	0.04721949999998287	epochs	3.0
1546.6753103746582	0.046711700000059864	epochs	3.0
1546.7220220746583	0.09194259999981114	epochs	2.0
1546.7220220746583	0.046214599999984785	epochs	3.0
1546.7682366746583	0.04572799999982635	epochs	3.0
1546.813964674658	0.09003630000006524	epochs	2.0
1546.813964674658	0.04525150000017675	epochs	3.0
1546.8592161746583	0.04478479999988849	epochs	3.0
1546.9040009746582	0.08820760000003247	epochs	2.0
1546.9040009746582	0.044327800000019124	epochs	3.0
1546.9483287746582	0.04387980000001335	epochs	3.0
1546.9922085746582	0.0864516999999978	epochs	2.0
1546.9922085746582	0.04344100000002982	epochs	3.0
1547.0356495746582	0.04301069999996798	epochs	3.0
1547.0786602746582	0.08476429999996071	epochs	2.0
1547.0786602746582	0.04258899999990717	epochs	3.0
1547.121249274658	0.04217530000005354	epochs	3.0
1547.1634245746582	0.08314150000001064	epochs	2.0
1547.1634245746582	0.04176970000003166	epochs	3.0
1547.2051942746582	0.041371799999978975	epochs	3.0
1547.2465660746582	0.08157970000002024	epochs	2.0
1547.2465660746582	0.040981399999964196	epochs	3.0
1547.2875474746581	0.04059830000005604	epochs	3.0
1547.3281457746582	0.08007550000002084	epochs	2.0
1547.3281457746582	0.040222300000095856	epochs	3.0
1547.3683680746583	0.03985319999992498	epochs	3.0
1547.4082212746582	0.07862569999997504	epochs	2.0
1547.4082212746582	0.039490800000066884	epochs	3.0
1547.4477120746583	0.03913489999990816	epochs	3.0
1547.4868469746582	0.07722760000001472	epochs	2.0
1547.4868469746582	0.038785400000051595	epochs	3.0
1547.5256323746582	0.03844219999996312	epochs	3.0
1547.5640745746582	0.07587820000003376	epochs	2.0
1547.5640745746582	0.03810479999992822	epochs	3.0
1547.6021793746581	0.03777340000010554	epochs	3.0
1547.6399527746582	0.0745752000000266	epochs	2.0
1547.6399527746582	0.03744770000002973	epochs	3.0
1547.6774004746583	0.03712749999999687	epochs	3.0
1547.7145279746583	0.07331629999998768	epochs	2.0
1547.7145279746583	0.03681289999985893	epochs	3.0
1547.7513408746581	0.03650340000012875	epochs	3.0
1547.7878442746583	0.07209899999998015	epochs	2.0
1547.7878442746583	0.03619909999997617	epochs	3.0
1547.8240433746582	0.03589990000000398	epochs	3.0
1547.8599432746582	0.07092169999987163	epochs	2.0
1547.8599432746582	0.03560560000005353	epochs	3.0
1547.8955488746583	0.03531609999981811	epochs	3.0
1547.930864974658	0.06978200000003199	epochs	2.0
1547.930864974658	0.03503120000004856	epochs	3.0
1547.9658961746582	0.03475079999998343	epochs	3.0
1548.0006469746581	0.06867860000011206	epochs	2.0
1548.0006469746581	0.03447510000000875	epochs	3.0
1548.0351220746581	0.034203500000103304	epochs	3.0
1548.0693255746583	0.06760929999995824	epochs	2.0
1548.0693255746583	0.033936199999970995	epochs	3.0
1548.1032617746582	0.033673099999987244	epochs	3.0
1548.1369348746582	0.06657289999998284	epochs	2.0
1548.1369348746582	0.03341399999999339	epochs	3.0
1548.1703488746582	0.033158899999989444	epochs	3.0
1548.2035077746582	0.06556780000005347	epochs	2.0
1548.2035077746582	0.03290770000012344	epochs	3.0
1548.2364154746583	0.032660099999930026	epochs	3.0
1548.2690755746582	0.06459259999996902	epochs	2.0
1548.2690755746582	0.03241639999987456	epochs	3.0
1548.3014919746581	0.03217620000009447	epochs	3.0
1548.3336681746582	0.06364600000006249	epochs	2.0
1548.3336681746582	0.03193959999998697	epochs	3.0
1548.3656077746582	0.03170640000007552	epochs	3.0
1548.3973141746583	0.0627266999999847	epochs	2.0
1548.3973141746583	0.031476599999905375	epochs	3.0
1548.4287907746582	0.03125010000007933	epochs	3.0
1548.4600408746583	0.06183359999999993	epochs	2.0
1548.4600408746583	0.03102689999991526	epochs	3.0
1548.4910677746582	0.030806700000084675	epochs	3.0
1548.5218744746583	0.060965599999917686	epochs	2.0
1548.5218744746583	0.030589799999916067	epochs	3.0
1548.5524642746582	0.030375800000001618	epochs	3.0
1548.5828400746582	0.06012160000000222	epochs	2.0
1548.5828400746582	0.030164900000045236	epochs	3.0
1548.6130049746582	0.02995669999995698	epochs	3.0
1548.6429616746582	0.05930069999999432	epochs	2.0
1548.6429616746582	0.029751600000054168	epochs	3.0
1548.6727132746582	0.029549099999940154	epochs	3.0
1548.7022623746582	0.05850179999993088	epochs	2.0
1548.7022623746582	0.02934940000000097	epochs	3.0
1548.7316117746582	0.029152399999929912	epochs	3.0
1548.760764174658	0.05772420000016609	epochs	2.0
1548.760764174658	0.028958000000102402	epochs	3.0
1548.7897221746582	0.02876620000006369	epochs	3.0
1548.8184883746583	0.056967099999837956	epochs	2.0
1548.8184883746583	0.028577000000041153	epochs	3.0
1548.8470653746583	0.028390099999796803	epochs	3.0
1548.875455474658	0.05622950000019955	epochs	2.0
1548.875455474658	0.02820570000017142	epochs	3.0
1548.9036611746583	0.028023800000028132	epochs	3.0
1548.9316849746583	0.055510699999786084	epochs	2.0
1548.9316849746583	0.027843999999959124	epochs	3.0
1548.9595289746583	0.02766669999982696	epochs	3.0
1548.987195674658	0.054810200000019904	epochs	2.0
1548.987195674658	0.02749149999999645	epochs	3.0
1549.014687174658	0.027318700000023455	epochs	3.0
1549.0420058746581	0.05412700000010773	epochs	2.0
1549.0420058746581	0.027147800000193456	epochs	3.0
1549.0691536746583	0.026979199999914272	epochs	3.0
1549.0961328746582	0.053460699999959616	epochs	2.0
1549.0961328746582	0.026812600000084785	epochs	3.0
1549.1229454746583	0.02664809999987483	epochs	3.0
1549.1495935746582	0.05281070000000909	epochs	2.0
1549.1495935746582	0.026485600000114573	epochs	3.0
1549.1760791746583	0.02632509999989452	epochs	3.0
1549.2024042746582	0.05217620000007628	epochs	2.0
1549.2024042746582	0.026166399999965506	epochs	3.0
1549.2285706746582	0.026009800000110772	epochs	3.0
1549.2545804746583	0.051556699999991906	epochs	2.0
1549.2545804746583	0.025854799999933675	epochs	3.0
1549.2804352746582	0.02570190000005823	epochs	3.0
1549.3061371746583	0.05095189999997274	epochs	2.0
1549.3061371746583	0.025550699999939752	epochs	3.0
1549.3316878746582	0.025401200000032986	epochs	3.0
1549.3570890746582	0.05036100000006627	epochs	2.0
1549.3570890746582	0.025253499999962514	epochs	3.0
1549.3823425746582	0.025107500000103755	epochs	3.0
1549.4074500746583	0.04978379999988647	epochs	2.0
1549.4074500746583	0.02496320000000196	epochs	3.0
1549.4324132746583	0.024820599999884507	epochs	3.0
1549.4572338746582	0.04921949999993558	epochs	2.0
1549.4572338746582	0.024679399999968155	epochs	3.0
1549.4819132746582	0.024540099999967424	epochs	3.0
1549.5064533746581	0.04866790000005494	epochs	2.0
1549.5064533746581	0.024402100000088467	epochs	3.0
1549.5308554746582	0.024265799999966475	epochs	3.0
1549.5551212746582	0.048128599999927246	epochs	2.0
1549.5551212746582	0.024131000000124914	epochs	3.0
1549.5792522746583	0.023997599999802333	epochs	3.0
1549.603249874658	0.047601100000065344	epochs	2.0
1549.603249874658	0.023865800000066884	epochs	3.0
1549.6271156746582	0.02373529999999846	epochs	3.0
1549.6508509746582	0.04708499999992455	epochs	2.0
1549.6508509746582	0.023606299999983094	epochs	3.0
1549.6744572746582	0.023478699999941455	epochs	3.0
1549.697935974658	0.04658000000017637	epochs	2.0
1549.697935974658	0.023352500000100918	epochs	3.0
1549.7212884746582	0.02322750000007545	epochs	3.0
1549.7445159746583	0.04608569999982137	epochs	2.0
1549.7445159746583	0.02310399999987567	epochs	3.0
1549.7676199746581	0.022981699999945704	epochs	3.0
1549.790601674658	0.04560180000021319	epochs	2.0
1549.790601674658	0.022860700000137513	epochs	3.0
1549.8134623746582	0.022741100000075676	epochs	3.0
1549.8362034746583	0.045127899999897636	epochs	2.0
1549.8362034746583	0.022622499999897627	epochs	3.0
1549.8588259746582	0.02250540000000001	epochs	3.0
1549.8813313746582	0.0446638000000803	epochs	2.0
1549.8813313746582	0.02238929999998618	epochs	3.0
1549.9037206746582	0.022274500000094122	epochs	3.0
1549.9259951746583	0.044209199999841076	epochs	2.0
1549.9259951746583	0.022160799999937808	epochs	3.0
1549.9481559746582	0.022048399999903268	epochs	3.0
1549.9702043746581	0.04376360000014756	epochs	2.0
1549.9702043746581	0.021936900000127935	epochs	3.0
1549.9921412746583	0.021826700000019628	epochs	3.0
1550.0139679746583	0.04332709999994222	epochs	2.0
1550.0139679746583	0.021717599999874437	epochs	3.0
1550.0356855746581	0.021609500000067783	epochs	3.0
1550.0572950746582	0.04289900000003399	epochs	2.0
1550.0572950746582	0.02150249999999687	epochs	3.0
1550.0787975746582	0.021396500000037122	epochs	3.0
1550.1001940746582	0.04247949999989942	epochs	2.0
1550.1001940746582	0.021291699999892444	epochs	3.0
1550.1214857746581	0.021187800000006973	epochs	3.0
1550.1426735746581	0.04206790000012006	epochs	2.0
1550.1426735746581	0.02108490000000529	epochs	3.0
1550.1637584746582	0.02098300000011477	epochs	3.0
1550.1847414746583	0.04166439999994509	epochs	2.0
1550.1847414746583	0.020882199999959994	epochs	3.0
1550.2056236746582	0.020782199999985096	epochs	3.0
1550.2264058746582	0.041268499999887354	epochs	2.0
1550.2264058746582	0.020683299999973315	epochs	3.0
1550.2470891746582	0.02058519999991404	epochs	3.0
1550.267674374658	0.04088000000001557	epochs	2.0
1550.267674374658	0.0204881000001933	epochs	3.0
1550.2881624746583	0.02039189999982227	epochs	3.0
1550.3085543746581	0.04049880000002304	epochs	2.0
1550.3085543746581	0.0202966000001652	epochs	3.0
1550.3288509746583	0.02020219999985784	epochs	3.0
1550.3490531746581	0.04012460000012652	epochs	2.0
1550.3490531746581	0.02010870000003706	epochs	3.0
1550.3691618746582	0.02001590000008946	epochs	3.0
1550.3891777746583	0.03975730000001931	epochs	2.0
1550.3891777746583	0.0199241999998776	epochs	3.0
1550.4091019746581	0.019833100000141712	epochs	3.0
1550.4289350746583	0.03939669999999751	epochs	2.0
1550.4289350746583	0.019742999999834865	epochs	3.0
1550.4486780746581	0.019653700000162644	epochs	3.0
1550.4683317746583	0.03904239999997117	epochs	2.0
1550.4683317746583	0.019565099999908853	epochs	3.0
1550.4878968746582	0.019477300000062314	epochs	3.0
1550.5073741746583	0.03869459999987157	epochs	2.0
1550.5073741746583	0.019390400000020236	epochs	3.0
1550.5267645746583	0.019304199999851335	epochs	3.0
1550.5460687746581	0.03835290000006353	epochs	2.0
1550.5460687746581	0.019218800000089686	epochs	3.0
1550.5652875746582	0.01913409999997384	epochs	3.0
1550.5844216746582	0.03801720000001296	epochs	2.0
1550.5844216746582	0.019050200000037876	epochs	3.0
1550.6034718746582	0.018966999999975087	epochs	3.0
1550.6224388746582	0.03768719999993664	epochs	2.0
1550.6224388746582	0.01888450000001285	epochs	3.0
1550.6413233746582	0.01880269999992379	epochs	3.0
1550.6601260746581	0.03736309999999321	epochs	2.0
1550.6601260746581	0.018721700000014607	epochs	3.0
1550.6788477746582	0.018641399999978603	epochs	3.0
1550.6974891746581	0.037044300000161456	epochs	2.0
1550.6974891746581	0.018561600000111866	epochs	3.0
1550.7160507746582	0.01848270000004959	epochs	3.0
1550.7345334746583	0.03673099999991791	epochs	2.0
1550.7345334746583	0.018404299999929208	epochs	3.0
1550.7529377746582	0.018326699999988705	epochs	3.0
1550.7712644746582	0.03642289999993409	epochs	2.0
1550.7712644746582	0.018249599999990096	epochs	3.0
1550.7895140746582	0.018173299999943993	epochs	3.0
1550.8076873746581	0.03612010000006194	epochs	2.0
1550.8076873746581	0.018097600000146485	epochs	3.0
1550.8257849746583	0.018022499999915453	epochs	3.0
1550.8438074746582	0.03582209999990482	epochs	2.0
1550.8438074746582	0.017947900000081063	epochs	3.0
1550.8617553746583	0.01787419999982376	epochs	3.0
1550.879629574658	0.03552899999999681	epochs	2.0
1550.879629574658	0.017800800000031813	epochs	3.0
1550.8974303746581	0.017728199999965	epochs	3.0
1550.915158574658	0.03524070000003121	epochs	2.0
1550.915158574658	0.017656100000067454	epochs	3.0
1550.9328146746582	0.017584599999963757	epochs	3.0
1550.9503992746581	0.03495710000015606	epochs	2.0
1550.9503992746581	0.017513700000108656	epochs	3.0
1550.9679129746582	0.017443400000047404	epochs	3.0
1550.9853563746583	0.034677899999906	epochs	2.0
1550.9853563746583	0.017373599999928047	epochs	3.0
1551.0027299746582	0.017304299999977957	epochs	3.0
1551.0200342746582	0.03440329999989444	epochs	2.0
1551.0200342746582	0.017235699999901044	epochs	3.0
1551.037269974658	0.0171675999999934	epochs	3.0
1551.054437574658	0.034132800000179486	epochs	2.0
1551.054437574658	0.017099900000175694	epochs	3.0
1551.0715374746583	0.017032900000003792	epochs	3.0
1551.0885703746583	0.03386669999986225	epochs	2.0
1551.0885703746583	0.01696640000000116	epochs	3.0
1551.1055367746583	0.01690029999986109	epochs	3.0
1551.1224370746581	0.03360459999998966	epochs	2.0
1551.1224370746581	0.01683479999996962	epochs	3.0
1551.139271874658	0.01676980000002004	epochs	3.0
1551.1560416746581	0.0333466000001863	epochs	2.0
1551.1560416746581	0.016705300000012357	epochs	3.0
1551.1727469746581	0.016641300000173942	epochs	3.0
1551.1893882746583	0.033092499999838765	epochs	2.0
1551.1893882746583	0.016577799999822673	epochs	3.0
1551.2059660746581	0.01651470000001609	epochs	3.0
1551.2224807746582	0.032842300000083924	epochs	2.0
1551.2224807746582	0.01645220000000336	epochs	3.0
1551.2389329746582	0.016390100000080565	epochs	3.0
1551.2553230746582	0.03259570000000167	epochs	2.0
1551.2553230746582	0.016328400000020338	epochs	3.0
1551.2716514746583	0.016267299999981333	epochs	3.0
1551.2879187746582	0.032352899999978035	epochs	2.0
1551.2879187746582	0.016206600000032267	epochs	3.0
1551.3041253746583	0.016146299999945768	epochs	3.0
1551.3202716746582	0.032113700000081735	epochs	2.0
1551.3202716746582	0.01608659999988049	epochs	3.0
1551.336358274658	0.016027100000201244	epochs	3.0
1551.3523853746583	0.03187800000000607	epochs	2.0
1551.3523853746583	0.0159681999998611	epochs	3.0
1551.3683535746582	0.01590980000014497	epochs	3.0
1551.3842633746583	0.03164569999989908	epochs	2.0
1551.3842633746583	0.015851599999905375	epochs	3.0
1551.4001149746582	0.015794099999993705	epochs	3.0
1551.4159090746582	0.031416699999908815	epochs	2.0
1551.4159090746582	0.01573669999993399	epochs	3.0
1551.4316457746581	0.015679999999974825	epochs	3.0
1551.447325774658	0.031191100000114602	epochs	2.0
1551.447325774658	0.015623600000026272	epochs	3.0
1551.4629493746581	0.01556750000008833	epochs	3.0
1551.4785168746582	0.030968699999903038	epochs	2.0
1551.4785168746582	0.015511999999944237	epochs	3.0
1551.4940288746582	0.0154566999999588	epochs	3.0
1551.5094855746581	0.030749500000183616	epochs	2.0
1551.5094855746581	0.015401999999994587	epochs	3.0
1551.5248875746581	0.01534750000018903	epochs	3.0
1551.5402350746583	0.030533199999808858	epochs	2.0
1551.5402350746583	0.01529339999979129	epochs	3.0
1551.555528474658	0.015239800000017567	epochs	3.0
1551.5707682746581	0.030320100000153616	epochs	2.0
1551.5707682746581	0.015186500000027081	epochs	3.0
1551.5859547746581	0.015133600000126535	epochs	3.0
1551.6010883746583	0.030109899999843037	epochs	2.0
1551.6010883746583	0.015081000000009226	epochs	3.0
1551.6161693746583	0.015028899999833811	epochs	3.0
1551.6311982746581	0.029902500000162036	epochs	2.0
1551.6311982746581	0.014977000000044427	epochs	3.0
1551.6461752746582	0.014925500000117609	epochs	3.0
1551.6611007746583	0.029698099999905025	epochs	2.0
1551.6611007746583	0.014874399999825982	epochs	3.0
1551.675975174658	0.014823700000079043	epochs	3.0
1551.6907988746582	0.029496300000118936	epochs	2.0
1551.6907988746582	0.014773200000036013	epochs	3.0
1551.7055720746582	0.014723100000082923	epochs	3.0
1551.7202951746583	0.029297399999904883	epochs	2.0
1551.7202951746583	0.014673399999992398	epochs	3.0
1551.7349685746583	0.014623999999912485	epochs	3.0
1551.7495925746582	0.029101099999934377	epochs	2.0
1551.7495925746582	0.014574900000070556	epochs	3.0
1551.7641674746583	0.01452619999986382	epochs	3.0
1551.7786936746581	0.028907399999980044	epochs	2.0
1551.7786936746581	0.014477700000043114	epochs	3.0
1551.7931713746582	0.014429699999936929	epochs	3.0
1551.8076010746581	0.02871620000018993	epochs	2.0
1551.8076010746581	0.014381800000137446	epochs	3.0
1551.8219828746583	0.014334400000052483	epochs	3.0
1551.8363172746583	0.02852759999996124	epochs	2.0
1551.8363172746583	0.014287199999898803	epochs	3.0
1551.8506044746582	0.014240400000062436	epochs	3.0
1551.8648448746583	0.02834139999981744	epochs	2.0
1551.8648448746583	0.014193799999929979	epochs	3.0
1551.8790386746582	0.014147599999887461	epochs	3.0
1551.893186274658	0.028157700000065233	epochs	2.0
1551.893186274658	0.014101700000082928	epochs	3.0
1551.9072879746582	0.014055999999982305	epochs	3.0
1551.9213439746582	0.027976300000091214	epochs	2.0
1551.9213439746582	0.014010600000119666	epochs	3.0
1551.9353545746583	0.013965699999971548	epochs	3.0
1551.9493202746582	0.027797199999895383	epochs	2.0
1551.9493202746582	0.013920800000050804	epochs	3.0
1551.9632410746583	0.01387639999984458	epochs	3.0
1551.9771174746581	0.02762040000015986	epochs	2.0
1551.9771174746581	0.013832200000024386	epochs	3.0
1551.9909496746582	0.013788200000135475	epochs	3.0
1552.0047378746583	0.027445899999975154	epochs	2.0
1552.0047378746583	0.013744599999881757	epochs	3.0
1552.0184824746582	0.013701300000093397	epochs	3.0
1552.0321837746583	0.027273499999864725	epochs	2.0
1552.0321837746583	0.013658200000008947	epochs	3.0
1552.0458419746583	0.013615299999855779	epochs	3.0
1552.0594572746581	0.027103399999987232	epochs	2.0
1552.0594572746581	0.013572800000019924	epochs	3.0
1552.0730300746582	0.013530599999967308	epochs	3.0
1552.0865606746581	0.02693520000002536	epochs	2.0
1552.0865606746581	0.013488400000142065	epochs	3.0
1552.1000490746583	0.013446799999883297	epochs	3.0
1552.1134958746582	0.026769199999989723	epochs	2.0
1552.1134958746582	0.013405200000079276	epochs	3.0
1552.1269010746582	0.013363999999910448	epochs	3.0
1552.1402650746581	0.026605199999949036	epochs	2.0
1552.1402650746581	0.013322900000048321	epochs	3.0
1552.1535879746582	0.013282299999900715	epochs	3.0
1552.166870274658	0.026443200000130673	epochs	2.0
1552.166870274658	0.013241700000207857	epochs	3.0
1552.1801119746583	0.013201499999922817	epochs	3.0
1552.1933134746582	0.026283200000079887	epochs	2.0
1552.1933134746582	0.013161500000023807	epochs	3.0
1552.2064749746582	0.01312170000005608	epochs	3.0
1552.2195966746583	0.026124999999865395	epochs	2.0
1552.2195966746583	0.013082099999792263	epochs	3.0
1552.232678774658	0.013042900000073132	epochs	3.0
1552.2457216746582	0.025968899999952555	epochs	2.0
1552.2457216746582	0.01300390000005791	epochs	3.0
1552.2587255746582	0.012964999999894644	epochs	3.0
1552.2716905746581	0.025814500000024054	epochs	2.0
1552.2716905746581	0.012926399999969362	epochs	3.0
1552.284616974658	0.012888100000054692	epochs	3.0
1552.2975050746581	0.02566190000015922	epochs	2.0
1552.2975050746581	0.012849899999991976	epochs	3.0
1552.3103549746581	0.012812000000167245	epochs	3.0
1552.3231669746583	0.025511199999982637	epochs	2.0
1552.3231669746583	0.012774399999898378	epochs	3.0
1552.3359413746582	0.012736800000084258	epochs	3.0
1552.3486781746583	0.02536229999986972	epochs	2.0
1552.3486781746583	0.01269969999998466	epochs	3.0
1552.3613778746583	0.01266259999988506	epochs	3.0
1552.3740404746582	0.02521500000011656	epochs	2.0
1552.3740404746582	0.012625800000023446	epochs	3.0
1552.3866662746582	0.012589200000093115	epochs	3.0
1552.3992554746583	0.024584799999956886	epochs	2.0
1552.4223370746581	0.5	epochs	-1.0
1552.4238402746582	0.9999199999999746	epochs	1.0
1552.9223370746581	0.5	epochs	-1.0
1554.6460003852844	0.11184000000002925	epochs	0.0
1554.6460003852844	0.050920800000085364	epochs	1.0
1554.6969211852845	0.00999839999985852	epochs	1.0
1554.7069195852844	0.050920800000085364	epochs	1.0
1554.7578403852845	2.0	epochs	0.0
1556.7578403852845	0.5074399999998604	epochs	0.0
1556.7578403852845	0.5074399999998604	epochs	1.0
1556.7578571852844	0.5	epochs	-1.0
1557.2578571852844	0.007423199999948338	epochs	-1.0
1557.2652803852843	21.492480000000114	epochs	0.0
1558.3630003929138	0.11184000000002925	epochs	0.0
1558.3630003929138	0.050920800000085364	epochs	1.0
1558.413921192914	0.00999839999985852	epochs	1.0
1558.4239195929138	0.050920800000085364	epochs	1.0
1558.4748403929138	2.0	epochs	0.0
1560.4748403929138	0.5074399999998604	epochs	0.0
1560.4748403929138	0.5074399999998604	epochs	1.0
1560.4748571929138	0.5	epochs	-1.0
1560.9748571929138	0.007423199999948338	epochs	-1.0
1560.9822803929137	21.492480000000114	epochs	0.0
1562.25	0.11184000000002925	epochs	0.0
1562.25	0.050920800000085364	epochs	1.0
1562.3009208	0.00999839999985852	epochs	1.0
1562.3109192	0.050920800000085364	epochs	1.0
1562.36184	2.0	epochs	0.0
1564.36184	0.5480800000000272	epochs	0.0
1564.36184	0.5480800000000272	epochs	1.0
1564.3618568	0.5	epochs	-1.0
1564.8618568	0.0480632000001151	epochs	-1.0
1564.90992	21.451839999999947	epochs	0.0
1566.0670003890991	0.11184000000002925	epochs	0.0
1566.0670003890991	0.050920800000085364	epochs	1.0
1566.1179211890992	0.00999839999985852	epochs	1.0
1566.127919589099	0.050920800000085364	epochs	1.0
1566.1788403890992	2.0	epochs	0.0
1568.1788403890992	0.547839999999951	epochs	0.0
1568.1788403890992	0.547839999999951	epochs	1.0
1568.178857189099	0.5	epochs	-1.0
1568.678857189099	0.04782320000003892	epochs	-1.0
1568.726680389099	21.452080000000024	epochs	0.0
1569.8280000686646	0.11184000000002925	epochs	0.0
1569.8280000686646	0.050920800000085364	epochs	1.0
1569.8789208686646	0.00999839999985852	epochs	1.0
1569.8889192686645	0.050920800000085364	epochs	1.0
1569.9398400686646	2.0	epochs	0.0
1571.9398400686646	0.5078399999999874	epochs	0.0
1571.9398400686646	0.5078399999999874	epochs	1.0
1571.9398568686645	0.5	epochs	-1.0
1572.4398568686645	0.007823200000075303	epochs	-1.0
1572.4476800686646	21.492079999999987	epochs	0.0
1573.6780004501343	0.11184000000002925	epochs	0.0
1573.6780004501343	0.050920800000085364	epochs	1.0
1573.7289212501344	0.00999839999985852	epochs	1.0
1573.7389196501342	0.050920800000085364	epochs	1.0
1573.7898404501343	2.0	epochs	0.0
1575.7898404501343	0.548319999999876	epochs	0.0
1575.7898404501343	0.548319999999876	epochs	1.0
1575.7898572501342	0.5	epochs	-1.0
1576.2898572501342	0.04830319999996391	epochs	-1.0
1576.3381604501342	21.4516000000001	epochs	0.0
1577.5780000686646	0.11184000000002925	epochs	0.0
1577.5780000686646	0.050920800000085364	epochs	1.0
1577.6289208686646	0.00999839999985852	epochs	1.0
1577.6389192686645	0.050920800000085364	epochs	1.0
1577.6898400686646	2.0	epochs	0.0
1579.6898400686646	0.5479199999999764	epochs	0.0
1579.6898400686646	0.5479199999999764	epochs	1.0
1579.6898568686645	0.5	epochs	-1.0
1580.1898568686645	0.04790320000006432	epochs	-1.0
1580.2377600686646	21.451999999999998	epochs	0.0
1603.1990003585815	0.11184000000002925	epochs	0.0
1603.1990003585815	0.050920800000085364	epochs	1.0
1603.2499211585816	0.00999839999985852	epochs	1.0
1603.2599195585815	0.050920800000085364	epochs	1.0
1603.3108403585816	0.2299199999999928	epochs	0.0
1603.3108403585816	0.049999999999954525	epochs	1.0
1603.3608403585815	0.009999999999990905	epochs	1.0
1603.3708403585815	0.049999999999954525	epochs	1.0
1603.4208403585815	0.009999999999990905	epochs	1.0
1603.4308403585815	0.0500000000001819	epochs	1.0
1603.4808403585816	0.009999999999990905	epochs	1.0
1603.4908403585816	0.04991999999992913	epochs	1.0
2494.268000125885	0.11184000000002925	epochs	0.0
2494.268000125885	0.05092079999985799	epochs	1.0
2494.318920925885	0.009998400000313268	epochs	1.0
2494.328919325885	0.05092079999985799	epochs	1.0
2494.379840125885	0.22991999999976542	epochs	0.0
2494.379840125885	0.0500000000001819	epochs	1.0
2494.429840125885	0.009999999999763531	epochs	1.0
2494.439840125885	0.0500000000001819	epochs	1.0
2494.489840125885	0.009999999999763531	epochs	1.0
2494.499840125885	0.0500000000001819	epochs	1.0
2494.549840125885	0.009999999999763531	epochs	1.0
2494.559840125885	0.04991999999992913	epochs	1.0
2528.081000328064	0.11184000000002925	epochs	0.0
2528.081000328064	0.05092079999985799	epochs	1.0
2528.131921128064	0.009998400000313268	epochs	1.0
2528.141919528064	0.05092079999985799	epochs	1.0
2528.192840328064	2.9999199999997472	epochs	0.0
2528.192840328064	1.0	epochs	1.0
2529.192840328064	1.0	epochs	1.0
2530.192840328064	0.9999199999997472	epochs	1.0
2532.4310002326965	0.11184000000002925	epochs	0.0
2532.4310002326965	0.05092079999985799	epochs	1.0
2532.4819210326964	0.009998400000313268	epochs	1.0
2532.4919194326967	0.05092079999985799	epochs	1.0
2532.5428402326966	2.9999199999997472	epochs	0.0
2532.5428402326966	1.0	epochs	1.0
2533.5428402326966	1.0	epochs	1.0
2534.5428402326966	0.9999199999997472	epochs	1.0
2536.7980003356934	0.11184000000002925	epochs	0.0
2536.7980003356934	0.05092079999985799	epochs	1.0
2536.848921135693	0.009998400000313268	epochs	1.0
2536.8589195356935	0.05092079999985799	epochs	1.0
2536.9098403356934	2.9999199999997472	epochs	0.0
2536.9098403356934	1.0	epochs	1.0
2537.9098403356934	1.0	epochs	1.0
2538.9098403356934	0.9999199999997472	epochs	1.0
2541.28200006485	0.11184000000002925	epochs	0.0
2541.28200006485	0.05092079999985799	epochs	1.0
2541.3329208648497	0.009998400000313268	epochs	1.0
2541.34291926485	0.05092079999985799	epochs	1.0
2541.39384006485	2.9999199999997472	epochs	0.0
2541.39384006485	1.0	epochs	1.0
2542.39384006485	1.0	epochs	1.0
2543.39384006485	0.9999199999997472	epochs	1.0
2545.69300031662	0.11184000000002925	epochs	0.0
2545.69300031662	0.05092079999985799	epochs	1.0
2545.7439211166197	0.009998400000313268	epochs	1.0
2545.75391951662	0.05092079999985799	epochs	1.0
2545.80484031662	2.9999199999997472	epochs	0.0
2545.80484031662	1.0	epochs	1.0
2546.80484031662	1.0	epochs	1.0
2547.80484031662	0.9999199999997472	epochs	1.0
2550.126000404358	0.11184000000002925	epochs	0.0
2550.126000404358	0.05092079999985799	epochs	1.0
2550.1769212043578	0.009998400000313268	epochs	1.0
2550.186919604358	0.05092079999985799	epochs	1.0
2550.237840404358	2.9999199999997472	epochs	0.0
2550.237840404358	1.0	epochs	1.0
2551.237840404358	1.0	epochs	1.0
2552.237840404358	0.9999199999997472	epochs	1.0
2554.595000267029	0.11184000000002925	epochs	0.0
2554.595000267029	0.05092079999985799	epochs	1.0
2554.6459210670287	0.009998400000313268	epochs	1.0
2554.655919467029	0.05092079999985799	epochs	1.0
2554.706840267029	2.9999199999997472	epochs	0.0
2554.706840267029	1.0	epochs	1.0
2555.706840267029	1.0	epochs	1.0
2556.706840267029	0.9999199999997472	epochs	1.0
2558.9950003623962	0.11184000000002925	epochs	0.0
2558.9950003623962	0.05092079999985799	epochs	1.0
2559.045921162396	0.009998400000313268	epochs	1.0
2559.0559195623964	0.05092079999985799	epochs	1.0
2559.1068403623963	2.9999199999997472	epochs	0.0
2559.1068403623963	1.0	epochs	1.0
2560.1068403623963	1.0	epochs	1.0
2561.1068403623963	0.9999199999997472	epochs	1.0
2563.362000465393	0.11184000000002925	epochs	0.0
2563.362000465393	0.05092079999985799	epochs	1.0
2563.412921265393	0.009998400000313268	epochs	1.0
2563.4229196653932	0.05092079999985799	epochs	1.0
2563.473840465393	2.9999199999997472	epochs	0.0
2563.473840465393	1.0	epochs	1.0
2564.473840465393	1.0	epochs	1.0
2565.473840465393	0.9999199999997472	epochs	1.0
2567.728000164032	0.11184000000002925	epochs	0.0
2567.728000164032	0.05092079999985799	epochs	1.0
2567.778920964032	0.009998400000313268	epochs	1.0
2567.788919364032	0.05092079999985799	epochs	1.0
2567.839840164032	2.9999199999997472	epochs	0.0
2567.839840164032	1.0	epochs	1.0
2568.839840164032	1.0	epochs	1.0
2569.839840164032	0.9999199999997472	epochs	1.0
2572.1280002593994	0.11184000000002925	epochs	0.0
2572.1280002593994	0.05092079999985799	epochs	1.0
2572.1789210593993	0.009998400000313268	epochs	1.0
2572.1889194593996	0.05092079999985799	epochs	1.0
2572.2398402593994	2.9999199999997472	epochs	0.0
2572.2398402593994	1.0	epochs	1.0
2573.2398402593994	1.0	epochs	1.0
2574.2398402593994	0.9999199999997472	epochs	1.0
2576.4620003700256	0.11184000000002925	epochs	0.0
2576.4620003700256	0.05092079999985799	epochs	1.0
2576.5129211700255	0.009998400000313268	epochs	1.0
2576.522919570026	0.05092079999985799	epochs	1.0
2576.5738403700257	2.9999199999997472	epochs	0.0
2576.5738403700257	1.0	epochs	1.0
2577.5738403700257	1.0	epochs	1.0
2578.5738403700257	0.9999199999997472	epochs	1.0
2580.795000076294	0.11184000000002925	epochs	0.0
2580.795000076294	0.05092079999985799	epochs	1.0
2580.845920876294	0.009998400000313268	epochs	1.0
2580.855919276294	0.05092079999985799	epochs	1.0
2580.906840076294	2.9999199999997472	epochs	0.0
2580.906840076294	1.0	epochs	1.0
2581.906840076294	1.0	epochs	1.0
2582.906840076294	0.9999199999997472	epochs	1.0
2585.175000190735	0.11184000000002925	epochs	0.0
2585.175000190735	0.05092079999985799	epochs	1.0
2585.2259209907347	0.009998400000313268	epochs	1.0
2585.235919390735	0.05092079999985799	epochs	1.0
2585.286840190735	2.9999199999997472	epochs	0.0
2585.286840190735	1.0	epochs	1.0
2586.286840190735	1.0	epochs	1.0
2587.286840190735	0.9999199999997472	epochs	1.0
2589.5420002937317	3.1117599999997765	epochs	0.0
