onset	duration	nwb_table	treelevel
0.9369997978210449	0.10000000000000009	epochs	0.0
0.9369997978210449	0.04500000000000004	epochs	1.0
0.981999797821045	0.010000000000000009	epochs	1.0
0.991999797821045	0.04500000000000004	epochs	1.0
1.036999797821045	0.7049949999999998	epochs	0.0
1.036999797821045	0.5	epochs	-1.0
1.036999797821045	0.5	epochs	-1.0
1.036999797821045	0.5	epochs	1.0
1.536999797821045	0.06000000000000005	epochs	-1.0
1.536999797821045	0.02499999999999991	epochs	-1.0
1.536999797821045	0.02499999999999991	epochs	1.0
1.561999797821045	0.010000000000000009	epochs	-1.0
1.561999797821045	0.010000000000000009	epochs	1.0
1.571999797821045	0.025000000000000133	epochs	-1.0
1.571999797821045	0.025000000000000133	epochs	1.0
1.596999797821045	0.05999999999999983	epochs	-1.0
1.596999797821045	0.02499999999999991	epochs	-1.0
1.596999797821045	0.02499999999999991	epochs	1.0
1.621999797821045	0.009999999999999787	epochs	-1.0
1.621999797821045	0.009999999999999787	epochs	1.0
1.6319997978210448	0.025000000000000133	epochs	-1.0
1.6319997978210448	0.025000000000000133	epochs	1.0
1.656999797821045	0.06000000000000005	epochs	-1.0
1.656999797821045	0.025000000000000133	epochs	-1.0
1.656999797821045	0.025000000000000133	epochs	1.0
1.681999797821045	0.009999999999999787	epochs	-1.0
1.681999797821045	0.009999999999999787	epochs	1.0
1.6919997978210448	0.025000000000000133	epochs	-1.0
1.6919997978210448	0.025000000000000133	epochs	1.0
1.716999797821045	0.02499499999999988	epochs	1.0
337.0869998931885	0.10000000000002274	epochs	0.0
337.0869998931885	0.045000000000015916	epochs	1.0
337.1319998931885	0.009999999999990905	epochs	1.0
337.1419998931885	0.045000000000015916	epochs	1.0
337.1869998931885	0.7049949999999967	epochs	0.0
337.1869998931885	0.5	epochs	-1.0
337.1869998931885	0.5	epochs	1.0
337.6869998931885	0.060000000000002274	epochs	-1.0
337.6869998931885	0.024999999999977263	epochs	-1.0
337.6869998931885	0.024999999999977263	epochs	1.0
337.7119998931885	0.009999999999990905	epochs	-1.0
337.7119998931885	0.009999999999990905	epochs	1.0
337.72199989318847	0.025000000000034106	epochs	-1.0
337.72199989318847	0.025000000000034106	epochs	1.0
337.7469998931885	0.060000000000002274	epochs	-1.0
337.7469998931885	0.024999999999977263	epochs	-1.0
337.7469998931885	0.024999999999977263	epochs	1.0
337.7719998931885	0.009999999999990905	epochs	-1.0
337.7719998931885	0.009999999999990905	epochs	1.0
337.78199989318847	0.025000000000034106	epochs	-1.0
337.78199989318847	0.025000000000034106	epochs	1.0
337.8069998931885	0.05999999999994543	epochs	-1.0
337.8069998931885	0.024999999999977263	epochs	-1.0
337.8069998931885	0.024999999999977263	epochs	1.0
337.8319998931885	0.009999999999990905	epochs	-1.0
337.8319998931885	0.009999999999990905	epochs	1.0
337.8419998931885	0.024999999999977263	epochs	-1.0
337.8419998931885	0.024999999999977263	epochs	1.0
337.86699989318845	0.02499500000004673	epochs	1.0
472.8990001678467	0.10000000000002274	epochs	0.0
472.8990001678467	0.045000000000015916	epochs	1.0
472.9440001678467	0.009999999999990905	epochs	1.0
472.9540001678467	0.045000000000015916	epochs	1.0
472.9990001678467	61.384995	epochs	0.0
472.9990001678467	0.5	epochs	-1.0
472.9990001678467	0.5	epochs	-1.0
472.9990001678467	0.5	epochs	1.0
473.4990001678467	0.060000000000002274	epochs	-1.0
473.4990001678467	0.024999999999977263	epochs	-1.0
473.4990001678467	0.024999999999977263	epochs	1.0
473.5240001678467	0.009999999999990905	epochs	-1.0
473.5240001678467	0.009999999999990905	epochs	1.0
473.53400016784667	0.025000000000034106	epochs	-1.0
473.53400016784667	0.025000000000034106	epochs	1.0
473.5590001678467	0.060000000000002274	epochs	-1.0
473.5590001678467	0.024999999999977263	epochs	-1.0
473.5590001678467	0.024999999999977263	epochs	1.0
473.5840001678467	0.009999999999990905	epochs	-1.0
473.5840001678467	0.009999999999990905	epochs	1.0
473.5940001678467	0.025000000000034106	epochs	-1.0
473.5940001678467	0.025000000000034106	epochs	1.0
473.6190001678467	0.05999999999994543	epochs	-1.0
473.6190001678467	0.024999999999977263	epochs	-1.0
473.6190001678467	0.024999999999977263	epochs	1.0
473.6440001678467	0.009999999999990905	epochs	-1.0
473.6440001678467	0.009999999999990905	epochs	1.0
473.6540001678467	0.024999999999977263	epochs	-1.0
473.6540001678467	0.024999999999977263	epochs	1.0
473.67900016784665	60.0	epochs	1.0
533.6790001678467	0.5	epochs	-1.0
533.6790001678467	0.5	epochs	-1.0
533.6790001678467	0.5	epochs	1.0
534.1790001678467	0.06000000000005912	epochs	-1.0
534.1790001678467	0.024999999999977263	epochs	-1.0
534.1790001678467	0.024999999999977263	epochs	1.0
534.2040001678466	0.010000000000104592	epochs	-1.0
534.2040001678466	0.010000000000104592	epochs	1.0
534.2140001678467	0.024999999999977263	epochs	-1.0
534.2140001678467	0.024999999999977263	epochs	1.0
534.2390001678467	0.05999999999994543	epochs	-1.0
534.2390001678467	0.024999999999977263	epochs	-1.0
534.2390001678467	0.024999999999977263	epochs	1.0
534.2640001678467	0.009999999999990905	epochs	-1.0
534.2640001678467	0.009999999999990905	epochs	1.0
534.2740001678467	0.024999999999977263	epochs	-1.0
534.2740001678467	0.024999999999977263	epochs	1.0
534.2990001678467	0.06000000000005912	epochs	-1.0
534.2990001678467	0.024999999999977263	epochs	-1.0
534.2990001678467	0.024999999999977263	epochs	1.0
534.3240001678466	0.009999999999990905	epochs	-1.0
534.3240001678466	0.009999999999990905	epochs	1.0
534.3340001678466	0.02500000000009095	epochs	-1.0
534.3340001678466	0.02500000000009095	epochs	1.0
534.3590001678467	0.024994999999989886	epochs	1.0
557.8619999885559	0.10000000000002274	epochs	0.0
557.8619999885559	0.04499999999995907	epochs	1.0
557.9069999885559	0.009999999999990905	epochs	1.0
557.9169999885559	0.04500000000007276	epochs	1.0
557.9619999885559	0.7049949999999399	epochs	0.0
557.9619999885559	0.5	epochs	-1.0
557.9619999885559	0.5	epochs	-1.0
557.9619999885559	0.5	epochs	1.0
558.4619999885559	0.05999999999994543	epochs	-1.0
558.4619999885559	0.024999999999977263	epochs	-1.0
558.4619999885559	0.024999999999977263	epochs	1.0
558.4869999885559	0.009999999999990905	epochs	-1.0
558.4869999885559	0.009999999999990905	epochs	1.0
558.4969999885559	0.024999999999977263	epochs	-1.0
558.4969999885559	0.024999999999977263	epochs	1.0
558.5219999885559	0.06000000000005912	epochs	-1.0
558.5219999885559	0.024999999999977263	epochs	-1.0
558.5219999885559	0.024999999999977263	epochs	1.0
558.5469999885559	0.010000000000104592	epochs	-1.0
558.5469999885559	0.010000000000104592	epochs	1.0
558.556999988556	0.024999999999977263	epochs	-1.0
558.556999988556	0.024999999999977263	epochs	1.0
558.5819999885559	0.05999999999994543	epochs	-1.0
558.5819999885559	0.024999999999977263	epochs	-1.0
558.5819999885559	0.024999999999977263	epochs	1.0
558.6069999885559	0.009999999999990905	epochs	-1.0
558.6069999885559	0.009999999999990905	epochs	1.0
558.6169999885559	0.024999999999977263	epochs	-1.0
558.6169999885559	0.024999999999977263	epochs	1.0
558.6419999885559	0.024994999999989886	epochs	1.0
616.9980001449585	0.10000000000002274	epochs	0.0
616.9980001449585	0.04499999999995907	epochs	1.0
617.0430001449585	0.009999999999990905	epochs	1.0
617.0530001449584	0.04500000000007276	epochs	1.0
617.0980001449585	2.520440000000008	epochs	0.0
617.0980001449585	0.5	epochs	-1.0
617.0980001449585	0.5	epochs	1.0
617.5980001449585	1.0	epochs	1.0
618.5980001449585	1.0204400000000078	epochs	1.0
619.0980001449585	0.5	epochs	-1.0
619.6184401449585	0.979539999999929	epochs	0.0
619.9479999542236	0.10000000000002274	epochs	0.0
619.9479999542236	0.04499999999995907	epochs	1.0
619.9929999542236	0.009999999999990905	epochs	1.0
620.0029999542236	0.04500000000007276	epochs	1.0
620.0479999542237	2.5590599999999313	epochs	0.0
620.0479999542237	0.5	epochs	-1.0
620.0479999542237	0.5	epochs	1.0
620.5479999542237	1.0	epochs	1.0
621.5479999542237	1.0590599999999313	epochs	1.0
622.0479999542237	0.5	epochs	-1.0
622.6070599542236	0.9409200000000055	epochs	0.0
622.8979997634888	0.10000000000002274	epochs	0.0
622.8979997634888	0.04499999999995907	epochs	1.0
622.9429997634887	0.009999999999990905	epochs	1.0
622.9529997634887	0.04500000000007276	epochs	1.0
622.9979997634888	2.55953999999997	epochs	0.0
622.9979997634888	0.5	epochs	-1.0
622.9979997634888	0.5	epochs	1.0
623.4979997634888	1.0	epochs	1.0
624.4979997634888	1.05953999999997	epochs	1.0
624.9979997634888	0.5	epochs	-1.0
625.5575397634888	0.9404399999999669	epochs	0.0
625.8819999694824	0.10000000000002274	epochs	0.0
625.8819999694824	0.04499999999995907	epochs	1.0
625.9269999694824	0.009999999999990905	epochs	1.0
625.9369999694824	0.04500000000007276	epochs	1.0
625.9819999694824	3.0597799999999324	epochs	0.0
625.9819999694824	0.5	epochs	-1.0
625.9819999694824	0.5	epochs	1.0
626.4819999694824	1.0	epochs	1.0
627.4819999694824	1.5597799999999324	epochs	1.0
627.9819999694824	0.5	epochs	-1.0
628.4819999694824	0.5	epochs	-1.0
629.0417799694824	0.44020000000000437	epochs	0.0
629.356999874115	0.10000000000002274	epochs	0.0
629.356999874115	0.04499999999995907	epochs	1.0
629.401999874115	0.009999999999990905	epochs	1.0
629.4119998741149	0.04500000000007276	epochs	1.0
629.456999874115	3.0194999999999936	epochs	0.0
629.456999874115	0.5	epochs	-1.0
629.456999874115	0.5	epochs	1.0
629.956999874115	1.0	epochs	1.0
630.956999874115	1.5194999999999936	epochs	1.0
631.456999874115	0.5	epochs	-1.0
631.956999874115	0.5	epochs	-1.0
632.476499874115	0.4804799999999432	epochs	0.0
632.856999874115	0.6499800000000278	epochs	0.0
632.856999874115	0.049999999999954525	epochs	1.0
632.906999874115	0.5	epochs	1.0
633.406999874115	0.09998000000007323	epochs	1.0
633.9400000572205	0.6499800000000278	epochs	0.0
633.9400000572205	0.049999999999954525	epochs	1.0
633.9900000572204	0.5	epochs	1.0
634.4900000572204	0.09998000000007323	epochs	1.0
635.0069999694824	0.6499800000000278	epochs	0.0
635.0069999694824	0.049999999999954525	epochs	1.0
635.0569999694824	0.5	epochs	1.0
635.5569999694824	0.09998000000007323	epochs	1.0
636.0729999542236	0.6499800000000278	epochs	0.0
636.0729999542236	0.049999999999954525	epochs	1.0
636.1229999542236	0.5	epochs	1.0
636.6229999542236	0.09998000000007323	epochs	1.0
637.1519999504089	0.6499800000000278	epochs	0.0
637.1519999504089	0.049999999999954525	epochs	1.0
637.2019999504089	0.5	epochs	1.0
637.7019999504089	0.09998000000007323	epochs	1.0
638.2360000610352	0.6499800000000278	epochs	0.0
638.2360000610352	0.049999999999954525	epochs	1.0
638.2860000610351	0.5	epochs	1.0
638.7860000610351	0.09998000000007323	epochs	1.0
639.3020000457764	0.6499800000000278	epochs	0.0
639.3020000457764	0.049999999999954525	epochs	1.0
639.3520000457763	0.5	epochs	1.0
639.8520000457763	0.09998000000007323	epochs	1.0
640.4019999504089	0.10000000000002274	epochs	0.0
640.4019999504089	0.04499999999995907	epochs	1.0
640.4469999504089	0.009999999999990905	epochs	1.0
640.4569999504089	0.04500000000007276	epochs	1.0
640.501999950409	2.5591799999999694	epochs	0.0
640.501999950409	0.5	epochs	-1.0
640.501999950409	0.5	epochs	1.0
641.001999950409	1.0	epochs	1.0
642.001999950409	1.0591799999999694	epochs	1.0
642.5019998504089	0.5	epochs	-1.0
643.0611799504089	2.9407999999999674	epochs	0.0
645.6189999580383	0.10000000000002274	epochs	0.0
645.6189999580383	0.04499999999995907	epochs	1.0
645.6639999580383	0.009999999999990905	epochs	1.0
645.6739999580383	0.04500000000007276	epochs	1.0
645.7189999580384	0.5004999999999882	epochs	0.0
645.7189999580384	0.5	epochs	-1.0
645.7189999580384	0.5	epochs	1.0
646.2189999580384	0.0004999999999881766	epochs	1.0
646.2194999580383	4.999479999999949	epochs	0.0
650.7509999275208	0.10000000000002274	epochs	0.0
650.7509999275208	0.04499999999995907	epochs	1.0
650.7959999275207	0.009999999999990905	epochs	1.0
650.8059999275207	0.04500000000007276	epochs	1.0
650.8509999275208	5.499979999999937	epochs	0.0
650.8509999275208	0.5	epochs	-1.0
650.8509999275208	0.5	epochs	1.0
651.3509999275208	1.0	epochs	1.0
652.3509999275208	3.999979999999937	epochs	1.0
652.8509997275207	0.5	epochs	-1.0
653.3509997275207	0.5	epochs	-1.0
653.8509997275207	0.5	epochs	-1.0
654.3509997275207	0.5	epochs	-1.0
654.8509997275207	0.5	epochs	-1.0
655.3509997275207	0.5	epochs	-1.0
656.8390002250671	0.10000000000002274	epochs	0.0
656.8390002250671	0.04499999999995907	epochs	1.0
656.8840002250671	0.009999999999990905	epochs	1.0
656.8940002250671	0.04500000000007276	epochs	1.0
656.9390002250672	0.5403599999999642	epochs	0.0
656.9390002250672	0.5	epochs	-1.0
656.9390002250672	0.5	epochs	1.0
657.4390002250672	0.0403599999999642	epochs	1.0
657.4793602250671	4.959619999999973	epochs	0.0
677.0720000267029	0.10000000000002274	epochs	0.0
677.0720000267029	0.04499999999995907	epochs	1.0
677.1170000267028	0.009999999999990905	epochs	1.0
677.1270000267028	0.04500000000007276	epochs	1.0
677.1720000267029	4.519879999999944	epochs	0.0
677.1720000267029	0.5	epochs	-1.0
677.1720000267029	0.5	epochs	1.0
677.6720000267029	1.0	epochs	1.0
678.6720000267029	3.0198799999999437	epochs	1.0
679.1719998267029	0.5	epochs	-1.0
679.6719998267029	0.5	epochs	-1.0
680.1719998267029	0.5	epochs	-1.0
680.6719998267029	0.5	epochs	-1.0
681.1719998267029	0.5	epochs	-1.0
681.6918800267028	0.9800999999999931	epochs	0.0
682.1719999313354	0.10000000000002274	epochs	0.0
682.1719999313354	0.04499999999995907	epochs	1.0
682.2169999313354	0.009999999999990905	epochs	1.0
682.2269999313354	0.04500000000007276	epochs	1.0
682.2719999313355	0.5398400000000265	epochs	0.0
682.2719999313355	0.5	epochs	-1.0
682.2719999313355	0.5	epochs	1.0
682.7719999313355	0.03984000000002652	epochs	1.0
682.8118399313355	4.96013999999991	epochs	0.0
702.3959999084473	0.10000000000002274	epochs	0.0
702.3959999084473	0.04499999999995907	epochs	1.0
702.4409999084472	0.009999999999990905	epochs	1.0
702.4509999084472	0.04500000000007276	epochs	1.0
702.4959999084473	0.5394800000000259	epochs	0.0
702.4959999084473	0.5	epochs	-1.0
702.4959999084473	0.5	epochs	1.0
702.9959999084473	0.03948000000002594	epochs	1.0
703.0354799084473	4.960499999999911	epochs	0.0
722.5920000076294	0.10000000000002274	epochs	0.0
722.5920000076294	0.04499999999995907	epochs	1.0
722.6370000076294	0.009999999999990905	epochs	1.0
722.6470000076293	0.04500000000007276	epochs	1.0
722.6920000076294	0.5399800000000141	epochs	0.0
722.6920000076294	0.5	epochs	-1.0
722.6920000076294	0.5	epochs	1.0
723.1920000076294	0.039980000000014115	epochs	1.0
723.2319800076294	4.959999999999923	epochs	0.0
727.8720002174377	0.10000000000002274	epochs	0.0
727.8720002174377	0.04499999999995907	epochs	1.0
727.9170002174377	0.009999999999990905	epochs	1.0
727.9270002174377	0.04500000000007276	epochs	1.0
727.9720002174378	5.0204800000000205	epochs	0.0
727.9720002174378	0.5	epochs	-1.0
727.9720002174378	0.5	epochs	1.0
728.4720002174378	1.0	epochs	1.0
729.4720002174378	3.5204800000000205	epochs	1.0
729.9719999174378	0.5	epochs	-1.0
730.4719999174378	0.5	epochs	-1.0
730.9719999174378	0.5	epochs	-1.0
731.4719999174378	0.5000000999999656	epochs	-1.0
731.9720000174377	0.49999990000003436	epochs	-1.0
732.4719999174378	0.5	epochs	-1.0
732.9924802174378	0.4794999999999163	epochs	0.0
733.454999923706	0.10000000000002274	epochs	0.0
733.454999923706	0.04499999999995907	epochs	1.0
733.499999923706	0.009999999999990905	epochs	1.0
733.509999923706	0.04500000000007276	epochs	1.0
733.5549999237061	0.5003600000000006	epochs	0.0
733.5549999237061	0.5	epochs	-1.0
733.5549999237061	0.5	epochs	1.0
734.0549999237061	0.0003600000000005821	epochs	1.0
734.0553599237061	4.999619999999936	epochs	0.0
744.1399998664856	0.15297999999995682	epochs	0.0
744.1399998664856	0.049999999999954525	epochs	1.0
744.1899998664856	0.0030000000000427463	epochs	1.0
744.1929998664856	0.09997999999995955	epochs	1.0
744.8070001602173	0.15297999999995682	epochs	0.0
744.8070001602173	0.049999999999954525	epochs	1.0
744.8570001602172	0.0030000000000427463	epochs	1.0
744.8600001602173	0.09997999999995955	epochs	1.0
745.4400000572205	0.15297999999995682	epochs	0.0
745.4400000572205	0.049999999999954525	epochs	1.0
745.4900000572204	0.0030000000000427463	epochs	1.0
745.4930000572205	0.09997999999995955	epochs	1.0
746.0729999542236	0.15297999999995682	epochs	0.0
746.0729999542236	0.049999999999954525	epochs	1.0
746.1229999542236	0.0030000000000427463	epochs	1.0
746.1259999542236	0.09997999999995955	epochs	1.0
746.7919998168945	0.15297999999995682	epochs	0.0
746.7919998168945	0.049999999999954525	epochs	1.0
746.8419998168945	0.0030000000000427463	epochs	1.0
746.8449998168945	0.09997999999995955	epochs	1.0
747.4749999046326	0.15297999999995682	epochs	0.0
747.4749999046326	0.049999999999954525	epochs	1.0
747.5249999046325	0.0030000000000427463	epochs	1.0
747.5279999046326	0.09997999999995955	epochs	1.0
748.1750001907349	0.15297999999995682	epochs	0.0
748.1750001907349	0.049999999999954525	epochs	1.0
748.2250001907348	0.0030000000000427463	epochs	1.0
748.2280001907349	0.09997999999995955	epochs	1.0
748.8920001983643	0.15297999999995682	epochs	0.0
748.8920001983643	0.049999999999954525	epochs	1.0
748.9420001983642	0.0030000000000427463	epochs	1.0
748.9450001983643	0.09997999999995955	epochs	1.0
749.5920000076294	0.15297999999995682	epochs	0.0
749.5920000076294	0.049999999999954525	epochs	1.0
749.6420000076293	0.0030000000000427463	epochs	1.0
749.6450000076294	0.09997999999995955	epochs	1.0
750.3090000152588	0.15297999999995682	epochs	0.0
750.3090000152588	0.049999999999954525	epochs	1.0
750.3590000152587	0.0030000000000427463	epochs	1.0
750.3620000152588	0.09997999999995955	epochs	1.0
751.0590000152588	0.10000000000002274	epochs	0.0
751.0590000152588	0.04499999999995907	epochs	1.0
751.1040000152587	0.009999999999990905	epochs	1.0
751.1140000152587	0.04500000000007276	epochs	1.0
751.1590000152588	1.5595200000000204	epochs	0.0
751.1590000152588	0.5	epochs	-1.0
751.1590000152588	0.5	epochs	1.0
751.6590000152588	0.0029999999999290594	epochs	1.0
751.6620000152587	1.0565200000000914	epochs	1.0
752.1620000152587	0.5	epochs	-1.0
752.7185200152588	0.043459999999981846	epochs	0.0
753.2090001106262	0.10000000000002274	epochs	0.0
753.2090001106262	0.04499999999995907	epochs	1.0
753.2540001106262	0.009999999999990905	epochs	1.0
753.2640001106262	0.04500000000007276	epochs	1.0
753.3090001106262	1.5602799999999206	epochs	0.0
753.3090001106262	0.5	epochs	-1.0
753.3090001106262	0.5	epochs	1.0
753.8090001106262	0.0029999999999290594	epochs	1.0
753.8120001106262	1.0572799999999916	epochs	1.0
754.3120001106262	0.5	epochs	-1.0
754.8692801106262	0.04270000000008167	epochs	0.0
755.4089999198914	0.10000000000002274	epochs	0.0
755.4089999198914	0.04499999999995907	epochs	1.0
755.4539999198913	0.009999999999990905	epochs	1.0
755.4639999198913	0.04500000000007276	epochs	1.0
755.5089999198914	2.7604599999999664	epochs	0.0
755.5089999198914	0.5	epochs	-1.0
755.5089999198914	0.5	epochs	1.0
756.0089999198914	2.2604599999999664	epochs	1.0
757.2691399198914	1.0003199999999879	epochs	-1.0
757.2691399198914	0.03956000000005133	epochs	-1.0
757.7666198198914	0.5	epochs	-1.0
758.2694599198913	16.73951999999997	epochs	0.0
758.9489998817444	0.10000000000002274	epochs	0.0
758.9489998817444	0.04499999999995907	epochs	1.0
758.9939998817443	0.009999999999990905	epochs	1.0
759.0039998817443	0.04500000000007276	epochs	1.0
759.0489998817444	2.7603599999999915	epochs	0.0
759.0489998817444	0.5	epochs	-1.0
759.0489998817444	0.5	epochs	1.0
759.5489998817444	2.2603599999999915	epochs	1.0
760.8087798817444	1.0005800000000136	epochs	-1.0
760.8087798817444	0.03956000000005133	epochs	-1.0
761.3062597817444	0.5	epochs	-1.0
761.8093598817444	16.739619999999945	epochs	0.0
762.3829998970032	0.10000000000002274	epochs	0.0
762.3829998970032	0.04499999999995907	epochs	1.0
762.4279998970031	0.009999999999990905	epochs	1.0
762.4379998970031	0.04500000000007276	epochs	1.0
762.4829998970032	2.760220000000004	epochs	0.0
762.4829998970032	0.5	epochs	-1.0
762.4829998970032	0.5	epochs	1.0
762.9829998970032	2.260220000000004	epochs	1.0
764.2429998970032	1.000220000000013	epochs	-1.0
764.2429998970032	0.039559999999937645	epochs	-1.0
764.7404797970032	0.5	epochs	-1.0
765.2432198970032	16.739759999999933	epochs	0.0
811.2379999160767	0.6499800000000278	epochs	0.0
811.2379999160767	0.049999999999954525	epochs	1.0
811.2879999160766	0.5	epochs	1.0
811.7879999160766	0.09998000000007323	epochs	1.0
812.4879999160767	0.6499800000000278	epochs	0.0
812.4879999160767	0.049999999999954525	epochs	1.0
812.5379999160766	0.5	epochs	1.0
813.0379999160766	0.09998000000007323	epochs	1.0
813.7210001945496	0.6499800000000278	epochs	0.0
813.7210001945496	0.049999999999954525	epochs	1.0
813.7710001945495	0.5	epochs	1.0
814.2710001945495	0.09998000000007323	epochs	1.0
814.9710001945496	0.6499800000000278	epochs	0.0
814.9710001945496	0.049999999999954525	epochs	1.0
815.0210001945495	0.5	epochs	1.0
815.5210001945495	0.09998000000007323	epochs	1.0
816.1380000114441	0.6499800000000278	epochs	0.0
816.1380000114441	0.049999999999954525	epochs	1.0
816.188000011444	0.5	epochs	1.0
816.688000011444	0.09998000000007323	epochs	1.0
817.5130000114441	0.10000000000002274	epochs	0.0
817.5130000114441	0.04499999999995907	epochs	1.0
817.558000011444	0.009999999999990905	epochs	1.0
817.568000011444	0.04500000000007276	epochs	1.0
817.6130000114441	0.5000999999999749	epochs	0.0
817.6130000114441	0.5	epochs	-1.0
817.6130000114441	0.5	epochs	1.0
818.1130000114441	9.999999997489795e-05	epochs	1.0
818.1131000114441	4.999879999999962	epochs	0.0
837.7300000190735	0.10000000000002274	epochs	0.0
837.7300000190735	0.04499999999995907	epochs	1.0
837.7750000190734	0.009999999999990905	epochs	1.0
837.7850000190734	0.04500000000007276	epochs	1.0
837.8300000190735	2.5192799999999806	epochs	0.0
837.8300000190735	0.5	epochs	-1.0
837.8300000190735	0.5	epochs	1.0
838.3300000190735	1.0	epochs	1.0
839.3300000190735	1.0192799999999806	epochs	1.0
839.8299997190735	0.5	epochs	-1.0
840.3492800190735	2.980699999999956	epochs	0.0
842.9800000190735	0.10000000000002274	epochs	0.0
842.9800000190735	0.04499999999995907	epochs	1.0
843.0250000190734	0.009999999999990905	epochs	1.0
843.0350000190734	0.04500000000007276	epochs	1.0
843.0800000190735	2.520440000000008	epochs	0.0
843.0800000190735	0.5	epochs	-1.0
843.0800000190735	0.5	epochs	1.0
843.5800000190735	1.0	epochs	1.0
844.5800000190735	1.0204400000000078	epochs	1.0
845.0799995190735	0.5	epochs	-1.0
845.6004400190735	2.979539999999929	epochs	0.0
848.2179999351501	0.10000000000002274	epochs	0.0
848.2179999351501	0.04499999999995907	epochs	1.0
848.2629999351501	0.009999999999990905	epochs	1.0
848.2729999351501	0.04500000000007276	epochs	1.0
848.3179999351502	5.499979999999937	epochs	0.0
848.3179999351502	0.5	epochs	-1.0
848.3179999351502	0.5	epochs	1.0
848.8179999351502	1.0	epochs	1.0
849.8179999351502	3.999979999999937	epochs	1.0
850.3179995351502	0.5	epochs	-1.0
850.8179995351502	0.5	epochs	-1.0
851.3179995351502	0.5	epochs	-1.0
851.8179995351502	0.5	epochs	-1.0
852.3179995351502	0.5	epochs	-1.0
852.8179995351502	0.5	epochs	-1.0
854.5349998474121	0.10000000000002274	epochs	0.0
854.5349998474121	0.04499999999995907	epochs	1.0
854.5799998474121	0.009999999999990905	epochs	1.0
854.5899998474121	0.04500000000007276	epochs	1.0
854.6349998474121	0.5404800000000023	epochs	0.0
854.6349998474121	0.5	epochs	-1.0
854.6349998474121	0.5	epochs	1.0
855.1349998474121	0.04048000000000229	epochs	1.0
855.1754798474121	4.9594999999999345	epochs	0.0
859.7329998016357	0.10000000000002274	epochs	0.0
859.7329998016357	0.04499999999995907	epochs	1.0
859.7779998016357	0.009999999999990905	epochs	1.0
859.7879998016357	0.04500000000007276	epochs	1.0
859.8329998016358	0.5002399999999625	epochs	0.0
859.8329998016358	0.5	epochs	-1.0
859.8329998016358	0.5	epochs	1.0
860.3329998016358	0.00023999999996249244	epochs	1.0
860.3332398016357	4.999739999999974	epochs	0.0
865.0	0.10000000000002274	epochs	0.0
865.0	0.04499999999995907	epochs	1.0
865.045	0.009999999999990905	epochs	1.0
865.055	0.04500000000007276	epochs	1.0
865.1	2.5597999999999956	epochs	0.0
865.1	0.5	epochs	-1.0
865.1	0.5	epochs	1.0
865.6	1.0	epochs	1.0
866.6	1.0597999999999956	epochs	1.0
867.0999996	0.5	epochs	-1.0
867.6598	2.940179999999941	epochs	0.0
870.1989998817444	0.10000000000002274	epochs	0.0
870.1989998817444	0.04499999999995907	epochs	1.0
870.2439998817443	0.009999999999990905	epochs	1.0
870.2539998817443	0.04500000000007276	epochs	1.0
870.2989998817444	2.500059999999962	epochs	0.0
870.2989998817444	0.5	epochs	-1.0
870.2989998817444	0.5	epochs	1.0
870.7989998817444	1.0	epochs	1.0
871.7989998817444	1.0000599999999622	epochs	1.0
872.2989994817444	0.5	epochs	-1.0
872.7990598817444	2.9999199999999746	epochs	0.0
875.433000087738	0.10000000000002274	epochs	0.0
875.433000087738	0.04499999999995907	epochs	1.0
875.478000087738	0.009999999999990905	epochs	1.0
875.488000087738	0.04500000000007276	epochs	1.0
875.5330000877381	2.5194400000000314	epochs	0.0
875.5330000877381	0.5	epochs	-1.0
875.5330000877381	0.5	epochs	1.0
876.0330000877381	1.0	epochs	1.0
877.0330000877381	1.0194400000000314	epochs	1.0
877.5330000877381	0.5	epochs	-1.0
878.0524400877381	3.9805399999999054	epochs	0.0
878.768000125885	0.10000000000002274	epochs	0.0
878.768000125885	0.04499999999995907	epochs	1.0
878.813000125885	0.009999999999990905	epochs	1.0
878.823000125885	0.04500000000007276	epochs	1.0
878.868000125885	0.5404800000000023	epochs	0.0
878.868000125885	0.5	epochs	-1.0
878.868000125885	0.5	epochs	1.0
879.368000125885	0.04048000000000229	epochs	1.0
879.408480125885	5.9594999999999345	epochs	0.0
894.9190001487732	0.10000000000002274	epochs	0.0
894.9190001487732	0.04499999999995907	epochs	1.0
894.9640001487732	0.009999999999990905	epochs	1.0
894.9740001487731	0.04500000000007276	epochs	1.0
895.0190001487732	6.499979999999937	epochs	0.0
895.0190001487732	0.5	epochs	-1.0
895.0190001487732	0.5	epochs	1.0
895.5190001487732	1.0	epochs	1.0
896.5190001487732	4.999979999999937	epochs	1.0
897.0190001487732	0.5	epochs	-1.0
897.5190001487732	0.5	epochs	-1.0
898.0190001487732	0.5	epochs	-1.0
898.5190001487732	0.5	epochs	-1.0
899.0190001487732	0.5	epochs	-1.0
899.5190001487732	0.5	epochs	-1.0
900.0190001487732	0.5	epochs	-1.0
900.5190001487732	0.5	epochs	-1.0
902.3330001831055	0.10000000000002274	epochs	0.0
902.3330001831055	0.04499999999995907	epochs	1.0
902.3780001831054	0.009999999999990905	epochs	1.0
902.3880001831054	0.04500000000007276	epochs	1.0
902.4330001831055	0.5002399999999625	epochs	0.0
902.4330001831055	0.5	epochs	-1.0
902.4330001831055	0.5	epochs	1.0
902.9330001831055	0.00023999999996249244	epochs	1.0
902.9332401831055	5.999739999999974	epochs	0.0
918.5370001792908	0.10000000000002274	epochs	0.0
918.5370001792908	0.04499999999995907	epochs	1.0
918.5820001792907	0.009999999999990905	epochs	1.0
918.5920001792907	0.04500000000007276	epochs	1.0
918.6370001792908	0.5388599999999997	epochs	0.0
918.6370001792908	0.5	epochs	-1.0
918.6370001792908	0.5	epochs	1.0
919.1370001792908	0.03885999999999967	epochs	1.0
919.1758601792908	5.961119999999937	epochs	0.0
919.8870000839233	0.10000000000002274	epochs	0.0
919.8870000839233	0.04499999999995907	epochs	1.0
919.9320000839233	0.009999999999990905	epochs	1.0
919.9420000839233	0.04500000000007276	epochs	1.0
919.9870000839234	6.499979999999937	epochs	0.0
919.9870000839234	0.5	epochs	-1.0
919.9870000839234	0.5	epochs	1.0
920.4870000839234	1.0	epochs	1.0
921.4870000839234	4.999979999999937	epochs	1.0
921.9870000839234	0.5	epochs	-1.0
922.4870000839234	0.5	epochs	-1.0
922.9870000839234	0.5	epochs	-1.0
923.4870000839234	0.5	epochs	-1.0
923.9870000839234	0.5	epochs	-1.0
924.4870000839234	0.5	epochs	-1.0
924.9870000839234	0.5	epochs	-1.0
925.4870000839234	0.5	epochs	-1.0
927.3639998435974	0.10000000000002274	epochs	0.0
927.3639998435974	0.04499999999995907	epochs	1.0
927.4089998435974	0.009999999999990905	epochs	1.0
927.4189998435974	0.04500000000007276	epochs	1.0
927.4639998435974	0.5400999999999385	epochs	0.0
927.4639998435974	0.5	epochs	-1.0
927.4639998435974	0.5	epochs	1.0
927.9639998435974	0.04009999999993852	epochs	1.0
928.0040998435974	5.959879999999998	epochs	0.0
928.7810001373291	0.10000000000002274	epochs	0.0
928.7810001373291	0.04499999999995907	epochs	1.0
928.8260001373291	0.009999999999990905	epochs	1.0
928.836000137329	0.04500000000007276	epochs	1.0
928.8810001373291	0.5395999999999503	epochs	0.0
928.8810001373291	0.5	epochs	-1.0
928.8810001373291	0.5	epochs	1.0
929.3810001373291	0.03959999999995034	epochs	1.0
929.4206001373291	5.9603799999999865	epochs	0.0
930.1970000267029	0.10000000000002274	epochs	0.0
930.1970000267029	0.04499999999995907	epochs	1.0
930.2420000267028	0.009999999999990905	epochs	1.0
930.2520000267028	0.04500000000007276	epochs	1.0
930.2970000267029	0.5397199999999884	epochs	0.0
930.2970000267029	0.5	epochs	-1.0
930.2970000267029	0.5	epochs	1.0
930.7970000267029	0.03971999999998843	epochs	1.0
930.8367200267029	5.960259999999948	epochs	0.0
931.5809998512268	0.10000000000002274	epochs	0.0
931.5809998512268	0.04499999999995907	epochs	1.0
931.6259998512268	0.009999999999990905	epochs	1.0
931.6359998512268	0.04500000000007276	epochs	1.0
931.6809998512268	0.5397199999999884	epochs	0.0
931.6809998512268	0.5	epochs	-1.0
931.6809998512268	0.5	epochs	1.0
932.1809998512268	0.03971999999998843	epochs	1.0
932.2207198512268	5.960259999999948	epochs	0.0
933.0139999389648	0.10000000000002274	epochs	0.0
933.0139999389648	0.04499999999995907	epochs	1.0
933.0589999389648	0.009999999999990905	epochs	1.0
933.0689999389648	0.04500000000007276	epochs	1.0
933.1139999389649	0.5394999999999754	epochs	0.0
933.1139999389649	0.5	epochs	-1.0
933.1139999389649	0.5	epochs	1.0
933.6139999389649	0.039499999999975444	epochs	1.0
933.6534999389648	5.960479999999961	epochs	0.0
945.646999835968	0.10000000000002274	epochs	0.0
945.646999835968	0.04499999999995907	epochs	1.0
945.691999835968	0.009999999999990905	epochs	1.0
945.701999835968	0.04500000000007276	epochs	1.0
945.746999835968	0.5399999999999636	epochs	0.0
945.746999835968	0.5	epochs	-1.0
945.746999835968	0.5	epochs	1.0
946.246999835968	0.03999999999996362	epochs	1.0
946.286999835968	5.959979999999973	epochs	0.0
947.0139999389648	0.10000000000002274	epochs	0.0
947.0139999389648	0.04499999999995907	epochs	1.0
947.0589999389648	0.009999999999990905	epochs	1.0
947.0689999389648	0.04500000000007276	epochs	1.0
947.1139999389649	0.5002399999999625	epochs	0.0
947.1139999389649	0.5	epochs	-1.0
947.1139999389649	0.5	epochs	1.0
947.6139999389649	0.00023999999996249244	epochs	1.0
947.6142399389648	5.999739999999974	epochs	0.0
948.3379998207092	0.10000000000002274	epochs	0.0
948.3379998207092	0.04499999999995907	epochs	1.0
948.3829998207092	0.009999999999990905	epochs	1.0
948.3929998207092	0.04500000000007276	epochs	1.0
948.4379998207093	0.500479999999925	epochs	0.0
948.4379998207093	0.5	epochs	-1.0
948.4379998207093	0.5	epochs	1.0
948.9379998207093	0.0004799999999249849	epochs	1.0
948.9384798207092	5.999500000000012	epochs	0.0
964.5009999275208	0.10000000000002274	epochs	0.0
964.5009999275208	0.04499999999995907	epochs	1.0
964.5459999275207	0.009999999999990905	epochs	1.0
964.5559999275207	0.04500000000007276	epochs	1.0
964.6009999275208	2.560299999999984	epochs	0.0
964.6009999275208	0.5	epochs	-1.0
964.6009999275208	0.5	epochs	1.0
965.1009999275208	1.0	epochs	1.0
966.1009999275208	1.0602999999999838	epochs	1.0
966.6009999275208	0.5	epochs	-1.0
967.1612999275208	3.939679999999953	epochs	0.0
967.9910001754761	0.10000000000002274	epochs	0.0
967.9910001754761	0.04499999999995907	epochs	1.0
968.036000175476	0.009999999999990905	epochs	1.0
968.046000175476	0.04500000000007276	epochs	1.0
968.0910001754761	0.5002399999999625	epochs	0.0
968.0910001754761	0.5	epochs	-1.0
968.0910001754761	0.5	epochs	1.0
968.5910001754761	0.00023999999996249244	epochs	1.0
968.5912401754761	5.999739999999974	epochs	0.0
984.1799998283386	0.10000000000002274	epochs	0.0
984.1799998283386	0.04499999999995907	epochs	1.0
984.2249998283386	0.009999999999990905	epochs	1.0
984.2349998283386	0.04500000000007276	epochs	1.0
984.2799998283386	2.500319999999988	epochs	0.0
984.2799998283386	0.5	epochs	-1.0
984.2799998283386	0.5	epochs	1.0
984.7799998283386	1.0	epochs	1.0
985.7799998283386	1.0003199999999879	epochs	1.0
986.2799998283386	0.5	epochs	-1.0
986.7803198283386	3.999659999999949	epochs	0.0
987.6350002288818	0.10000000000002274	epochs	0.0
987.6350002288818	0.04499999999995907	epochs	1.0
987.6800002288818	0.009999999999990905	epochs	1.0
987.6900002288818	0.04500000000007276	epochs	1.0
987.7350002288819	0.5402399999999261	epochs	0.0
987.7350002288819	0.5	epochs	-1.0
987.7350002288819	0.5	epochs	1.0
988.2350002288819	0.04023999999992611	epochs	1.0
988.2752402288818	5.959740000000011	epochs	0.0
1003.7740001678467	0.10000000000002274	epochs	0.0
1003.7740001678467	0.04499999999995907	epochs	1.0
1003.8190001678466	0.009999999999990905	epochs	1.0
1003.8290001678466	0.04500000000007276	epochs	1.0
1003.8740001678467	0.5003600000000006	epochs	0.0
1003.8740001678467	0.5	epochs	-1.0
1003.8740001678467	0.5	epochs	1.0
1004.3740001678467	0.0003600000000005821	epochs	1.0
1004.3743601678467	5.999619999999936	epochs	0.0
1020.0260000228882	0.10000000000002274	epochs	0.0
1020.0260000228882	0.04499999999995907	epochs	1.0
1020.0710000228881	0.009999999999990905	epochs	1.0
1020.0810000228881	0.04500000000007276	epochs	1.0
1020.1260000228882	0.5001199999999244	epochs	0.0
1020.1260000228882	0.5	epochs	-1.0
1020.1260000228882	0.5	epochs	1.0
1020.6260000228882	0.0001199999999244028	epochs	1.0
1020.6261200228881	5.999860000000012	epochs	0.0
1021.5430002212524	0.10000000000002274	epochs	0.0
1021.5430002212524	0.04499999999995907	epochs	1.0
1021.5880002212524	0.009999999999990905	epochs	1.0
1021.5980002212524	0.04500000000007276	epochs	1.0
1021.6430002212525	0.5399800000000141	epochs	0.0
1021.6430002212525	0.5	epochs	-1.0
1021.6430002212525	0.5	epochs	1.0
1022.1430002212525	0.039980000000014115	epochs	1.0
1022.1829802212525	5.959999999999923	epochs	0.0
1023.0260000228882	0.10000000000002274	epochs	0.0
1023.0260000228882	0.04499999999995907	epochs	1.0
1023.0710000228881	0.009999999999990905	epochs	1.0
1023.0810000228881	0.04500000000007276	epochs	1.0
1023.1260000228882	2.5599399999999832	epochs	0.0
1023.1260000228882	0.5	epochs	-1.0
1023.1260000228882	0.5	epochs	1.0
1023.6260000228882	0.9999999999998863	epochs	1.0
1024.626000022888	1.059940000000097	epochs	1.0
1025.126000022888	0.5	epochs	-1.0
1025.6859400228882	3.9400399999999536	epochs	0.0
1026.659999847412	0.09999999999990905	epochs	0.0
1026.659999847412	0.04500000000007276	epochs	1.0
1026.7049998474122	0.009999999999990905	epochs	1.0
1026.7149998474122	0.044999999999845386	epochs	1.0
1026.759999847412	0.5396200000000135	epochs	0.0
1026.759999847412	0.5	epochs	-1.0
1026.759999847412	0.5	epochs	1.0
1027.259999847412	0.03962000000001353	epochs	1.0
1027.299619847412	5.960360000000037	epochs	0.0
1028.2579998970032	0.09999999999990905	epochs	0.0
1028.2579998970032	0.04500000000007276	epochs	1.0
1028.3029998970032	0.009999999999990905	epochs	1.0
1028.3129998970032	0.044999999999845386	epochs	1.0
1028.357999897003	0.5398600000000897	epochs	0.0
1028.357999897003	0.5	epochs	-1.0
1028.357999897003	0.5	epochs	1.0
1028.857999897003	0.03986000000008971	epochs	1.0
1028.8978598970032	5.960119999999961	epochs	0.0
1075.1129999160767	0.09999999999990905	epochs	0.0
1075.1129999160767	0.04500000000007276	epochs	1.0
1075.1579999160767	0.009999999999990905	epochs	1.0
1075.1679999160767	0.044999999999845386	epochs	1.0
1075.2129999160766	2.0	epochs	0.0
1077.2129999160766	0.5196800000001076	epochs	0.0
1077.2129999160766	0.5196800000001076	epochs	1.0
1077.2129999160766	0.5	epochs	-1.0
1077.7129999160766	0.01968000000010761	epochs	-1.0
1077.7326799160767	21.480240000000094	epochs	0.0
1079.151999950409	0.09999999999990905	epochs	0.0
1079.151999950409	0.04500000000007276	epochs	1.0
1079.196999950409	0.009999999999990905	epochs	1.0
1079.206999950409	0.044999999999845386	epochs	1.0
1079.2519999504088	2.0	epochs	0.0
1081.2519999504088	1.5596800000000712	epochs	0.0
1081.2519999504088	1.0	epochs	1.0
1081.2519999504088	0.5	epochs	-1.0
1081.7519999504088	1.0596800000000712	epochs	-1.0
1082.2519999504088	0.5596800000000712	epochs	-1.0
1082.2519999504088	0.5596800000000712	epochs	1.0
1082.2519999504088	0.5596800000000712	epochs	2.0
1082.2519999504088	0.5596800000000712	epochs	3.0
1082.811679950409	20.44024000000013	epochs	0.0
1083.8850002288818	0.09999999999990905	epochs	0.0
1083.8850002288818	0.04500000000007276	epochs	1.0
1083.930000228882	0.009999999999990905	epochs	1.0
1083.940000228882	0.044999999999845386	epochs	1.0
1083.9850002288817	2.0	epochs	0.0
1085.9850002288817	1.618800000000192	epochs	0.0
1085.9850002288817	1.0	epochs	1.0
1085.9850002288817	0.5	epochs	-1.0
1086.4850002288817	1.118800000000192	epochs	-1.0
1086.9850002288817	0.6188000000001921	epochs	-1.0
1086.9850002288817	0.6188000000001921	epochs	1.0
1086.9850002288817	0.6188000000001921	epochs	2.0
1086.9850002288817	0.6188000000001921	epochs	3.0
1087.603800228882	20.38112000000001	epochs	0.0
1088.603000164032	0.09999999999990905	epochs	0.0
1088.603000164032	0.04500000000007276	epochs	1.0
1088.648000164032	0.009999999999990905	epochs	1.0
1088.658000164032	0.044999999999845386	epochs	1.0
1088.703000164032	2.0	epochs	0.0
1090.703000164032	5.399360000000115	epochs	0.0
1090.703000164032	1.0	epochs	1.0
1090.703000164032	0.5	epochs	-1.0
1091.203000164032	4.899360000000115	epochs	-1.0
1091.703000164032	4.399360000000115	epochs	1.0
1091.703000164032	4.356753900000058	epochs	-1.0
1091.703000164032	1.9745872000000873	epochs	2.0
1091.703000164032	1.0985622000000603	epochs	3.0
1092.801562364032	0.8760250000000269	epochs	3.0
1093.677587364032	1.3524075000000266	epochs	2.0
1093.677587364032	0.7286355000001095	epochs	3.0
1094.406222864032	0.6237719999999172	epochs	3.0
1095.029994864032	1.029759199999944	epochs	2.0
1095.029994864032	0.5453293000000485	epochs	3.0
1095.575324164032	0.4844298999998955	epochs	3.0
1096.059754064032	0.04260610000005727	epochs	2.0
1096.059754064032	0.04260610000005727	epochs	3.0
1096.102360164032	16.600560000000087	epochs	0.0
1097.2529997825623	0.09999999999990905	epochs	0.0
1097.2529997825623	0.04500000000007276	epochs	1.0
1097.2979997825623	0.009999999999990905	epochs	1.0
1097.3079997825623	0.044999999999845386	epochs	1.0
1097.3529997825622	2.0	epochs	0.0
1099.3529997825622	21.999520000000075	epochs	0.0
1099.3529997825622	1.0	epochs	1.0
1099.3529997825622	0.5	epochs	-1.0
1099.8529997825622	19.995840000000044	epochs	-1.0
1100.3529997825622	20.0	epochs	1.0
1100.3529997825622	4.356753900000058	epochs	-1.0
1100.3529997825622	1.9745872000000873	epochs	2.0
1100.3529997825622	1.0985622000000603	epochs	3.0
1101.4515619825622	0.8760250000000269	epochs	3.0
1102.3275869825623	1.3524075000000266	epochs	2.0
1102.3275869825623	0.7286355000001095	epochs	3.0
1103.0562224825624	0.6237719999999172	epochs	3.0
1103.6799944825623	1.029759199999944	epochs	2.0
1103.6799944825623	0.5453293000000485	epochs	3.0
1104.2253237825623	0.4844298999998955	epochs	3.0
1104.7097536825622	0.8317862000001242	epochs	2.0
1104.7097536825622	0.4357763000000432	epochs	3.0
1105.1455299825623	0.39600990000008096	epochs	3.0
1105.5415398825623	0.6977969999998095	epochs	2.0
1105.5415398825623	0.3628982000000178	epochs	3.0
1105.9044380825624	0.33489879999979166	epochs	3.0
1106.2393368825622	0.601045699999986	epochs	2.0
1106.2393368825622	0.3109123000001546	epochs	3.0
1106.5502491825623	0.29013339999983145	epochs	3.0
1106.8403825825621	0.5278859000000011	epochs	2.0
1106.8403825825621	0.2719586000000618	epochs	3.0
1107.1123411825622	0.25592729999993935	epochs	3.0
1107.3682684825621	0.4706193000001804	epochs	2.0
1107.3682684825621	0.24168130000020938	epochs	3.0
1107.6099497825624	0.228937999999971	epochs	3.0
1107.8388877825623	0.42457039999999324	epochs	2.0
1107.8388877825623	0.21747140000002219	epochs	3.0
1108.0563591825623	0.20709899999997106	epochs	3.0
1108.2634581825623	0.3867353999999068	epochs	2.0
1108.2634581825623	0.19767109999997956	epochs	3.0
1108.4611292825623	0.18906429999992724	epochs	3.0
1108.6501935825622	0.35509530000013	epochs	2.0
1108.6501935825622	0.18117589999997108	epochs	3.0
1108.8313694825622	0.17391940000015893	epochs	3.0
1109.0052888825624	0.3282431000000088	epochs	2.0
1109.0052888825624	0.16722189999995862	epochs	3.0
1109.1725107825623	0.16102120000005016	epochs	3.0
1109.3335319825624	0.3051679999998669	epochs	2.0
1109.3335319825624	0.15526389999990897	epochs	3.0
1109.4887958825623	0.1499040999999579	epochs	3.0
1109.6386999825622	0.28512530000011793	epochs	2.0
1109.6386999825622	0.1449021000000812	epochs	3.0
1109.7836020825623	0.14022320000003674	epochs	3.0
1109.9238252825623	0.2675537999998596	epochs	2.0
1109.9238252825623	0.1358368999999584	epochs	3.0
1110.0596621825623	0.13171689999990122	epochs	3.0
1110.1913790825622	0.25202290000015637	epochs	2.0
1110.1913790825622	0.1278393000000051	epochs	3.0
1110.3192183825622	0.12418360000015127	epochs	3.0
1110.4434019825624	0.23819649999995818	epochs	2.0
1110.4434019825624	0.1207310999998299	epochs	3.0
1110.5641330825622	0.11746540000012828	epochs	3.0
1110.6815984825623	0.22580879999986792	epochs	2.0
1110.6815984825623	0.1143718999999237	epochs	3.0
1110.7959703825622	0.11143689999994422	epochs	3.0
1110.9074072825622	0.2146460000001298	epochs	2.0
1110.9074072825622	0.10864890000016203	epochs	3.0
1111.0160561825624	0.10599709999996776	epochs	3.0
1111.1220532825623	0.2045349999998507	epochs	2.0
1111.1220532825623	0.1034714999998414	epochs	3.0
1111.2255247825622	0.1010635000000093	epochs	3.0
1111.3265882825622	0.19533400000000256	epochs	2.0
1111.3265882825622	0.09876510000003691	epochs	3.0
1111.4253533825622	0.09656889999996565	epochs	3.0
1111.5219222825622	0.18692529999998442	epochs	2.0
1111.5219222825622	0.09446830000001682	epochs	3.0
1111.6163905825622	0.09245699999996759	epochs	3.0
1111.7088475825622	0.1792107000001124	epochs	2.0
1111.7088475825622	0.0905296000000817	epochs	3.0
1111.7993771825622	0.08868110000003071	epochs	3.0
1111.8880582825623	0.17210769999996955	epochs	2.0
1111.8880582825623	0.08690630000000965	epochs	3.0
1111.9749645825623	0.0852013999999599	epochs	3.0
1112.0601659825622	0.16554640000003928	epochs	2.0
1112.0601659825622	0.08356189999994967	epochs	3.0
1112.1437278825622	0.08198450000008961	epochs	3.0
1112.2257123825623	0.15946710000002895	epochs	2.0
1112.2257123825623	0.08046539999986635	epochs	3.0
1112.3061777825621	0.0790017000001626	epochs	3.0
1112.3851794825623	0.1538183999998637	epochs	2.0
1112.3851794825623	0.07759009999995214	epochs	3.0
1112.4627695825623	0.07622829999991154	epochs	3.0
1112.5389978825622	0.14855640000018866	epochs	2.0
1112.5389978825622	0.07491330000016205	epochs	3.0
1112.6139111825623	0.0736431000000266	epochs	3.0
1112.6875542825624	0.1436423999998624	epochs	2.0
1112.6875542825624	0.07241499999986445	epochs	3.0
1112.7599692825622	0.07122739999999794	epochs	3.0
1112.8311966825622	0.13904309999998077	epochs	2.0
1112.8311966825622	0.07007799999996678	epochs	3.0
1112.9012746825622	0.06896510000001399	epochs	3.0
1112.9702397825622	0.1347293000001173	epochs	2.0
1112.9702397825622	0.0678871000000072	epochs	3.0
1113.0381268825622	0.0668422000001101	epochs	3.0
1113.1049690825623	0.1306752000000415	epochs	2.0
1113.1049690825623	0.06582909999997355	epochs	3.0
1113.1707981825623	0.06484610000006796	epochs	3.0
1113.2356442825624	0.1268577999999252	epochs	2.0
1113.2356442825624	0.06389199999989614	epochs	3.0
1113.2995362825623	0.06296580000002905	epochs	3.0
1113.3625020825623	0.12325719999989815	epochs	2.0
1113.3625020825623	0.06206580000002759	epochs	3.0
1113.4245678825623	0.061191399999870555	epochs	3.0
1113.4857592825622	0.11985540000000583	epochs	2.0
1113.4857592825622	0.060341099999959624	epochs	3.0
1113.5461003825621	0.059514300000046205	epochs	3.0
1113.6056146825622	0.11663620000012997	epochs	2.0
1113.6056146825622	0.05870960000015657	epochs	3.0
1113.6643242825623	0.057926599999973405	epochs	3.0
1113.7222508825623	0.11358559999985118	epochs	2.0
1113.7222508825623	0.05716419999998834	epochs	3.0
1113.7794150825623	0.05642139999986284	epochs	3.0
1113.8358364825622	0.11069050000014613	epochs	2.0
1113.8358364825622	0.055697900000041045	epochs	3.0
1113.8915343825622	0.054992600000105085	epochs	3.0
1113.9465269825623	0.10793909999983953	epochs	2.0
1113.9465269825623	0.05430490000003374	epochs	3.0
1114.0008318825624	0.05363419999980579	epochs	3.0
1114.0544660825622	0.10532150000017282	epochs	2.0
1114.0544660825622	0.052980000000161453	epochs	3.0
1114.1074460825623	0.052341500000011365	epochs	3.0
1114.1597875825623	0.10282759999995505	epochs	2.0
1114.1597875825623	0.05171810000001642	epochs	3.0
1114.2115056825623	0.051109499999938635	epochs	3.0
1114.2626151825623	0.10044909999987794	epochs	2.0
1114.2626151825623	0.050514900000052876	epochs	3.0
1114.3131300825623	0.04993419999982507	epochs	3.0
1114.3630642825622	0.09817830000019967	epochs	2.0
1114.3630642825622	0.04936659999998483	epochs	3.0
1114.4124308825621	0.04881170000021484	epochs	3.0
1114.4612425825624	0.09600779999982478	epochs	2.0
1114.4612425825624	0.048269199999822376	epochs	3.0
1114.5095117825622	0.04773860000000241	epochs	3.0
1114.5572503825622	0.09393120000004274	epochs	2.0
1114.5572503825622	0.04721949999998287	epochs	3.0
1114.6044698825622	0.046711700000059864	epochs	3.0
1114.6511815825622	0.09194260000003851	epochs	2.0
1114.6511815825622	0.046214599999984785	epochs	3.0
1114.6973961825622	0.045728000000053726	epochs	3.0
1114.7431241825623	0.09003630000006524	epochs	2.0
1114.7431241825623	0.045251499999949374	epochs	3.0
1114.7883756825622	0.044784800000115865	epochs	3.0
1114.8331604825623	0.08820760000003247	epochs	2.0
1114.8331604825623	0.044327800000019124	epochs	3.0
1114.8774882825624	0.04387980000001335	epochs	3.0
1114.9213680825624	0.0864516999999978	epochs	2.0
1114.9213680825624	0.04344099999980244	epochs	3.0
1114.9648090825622	0.04301070000019536	epochs	3.0
1115.0078197825624	0.08476429999996071	epochs	2.0
1115.0078197825624	0.04258899999990717	epochs	3.0
1115.0504087825623	0.04217530000005354	epochs	3.0
1115.0925840825623	0.08314150000001064	epochs	2.0
1115.0925840825623	0.04176970000003166	epochs	3.0
1115.1343537825624	0.041371799999978975	epochs	3.0
1115.1757255825623	0.08157970000002024	epochs	2.0
1115.1757255825623	0.040981399999964196	epochs	3.0
1115.2167069825623	0.04059830000005604	epochs	3.0
1115.2573052825624	0.08007549999979346	epochs	2.0
1115.2573052825624	0.04022229999986848	epochs	3.0
1115.2975275825622	0.03985319999992498	epochs	3.0
1115.3373807825621	0.07862570000020241	epochs	2.0
1115.3373807825621	0.039490800000066884	epochs	3.0
1115.3768715825622	0.03913490000013553	epochs	3.0
1115.4160064825624	0.07722760000001472	epochs	2.0
1115.4160064825624	0.03878539999982422	epochs	3.0
1115.4547918825622	0.038442200000190496	epochs	3.0
1115.4932340825624	0.07587819999980638	epochs	2.0
1115.4932340825624	0.03810479999992822	epochs	3.0
1115.5313388825623	0.037773399999878166	epochs	3.0
1115.5691122825622	0.0745752000000266	epochs	2.0
1115.5691122825622	0.03744770000002973	epochs	3.0
1115.6065599825622	0.03712749999999687	epochs	3.0
1115.6436874825622	0.07331629999998768	epochs	2.0
1115.6436874825622	0.0368129000000863	epochs	3.0
1115.6805003825623	0.036503399999901376	epochs	3.0
1115.7170037825622	0.07209899999998015	epochs	2.0
1115.7170037825622	0.03619909999997617	epochs	3.0
1115.7532028825622	0.03589990000000398	epochs	3.0
1115.7891027825622	0.07092170000009901	epochs	2.0
1115.7891027825622	0.03560560000005353	epochs	3.0
1115.8247083825622	0.03531610000004548	epochs	3.0
1115.8600244825623	0.06978200000003199	epochs	2.0
1115.8600244825623	0.03503120000004856	epochs	3.0
1115.8950556825623	0.03475079999998343	epochs	3.0
1115.9298064825623	0.06867859999988468	epochs	2.0
1115.9298064825623	0.03447510000000875	epochs	3.0
1115.9642815825623	0.03420349999987593	epochs	3.0
1115.9984850825622	0.06760930000018561	epochs	2.0
1115.9984850825622	0.033936199999970995	epochs	3.0
1116.0324212825622	0.03367310000021462	epochs	3.0
1116.0660943825624	0.06657289999998284	epochs	2.0
1116.0660943825624	0.03341399999999339	epochs	3.0
1116.0995083825624	0.033158899999989444	epochs	3.0
1116.1326672825624	0.06556779999982609	epochs	2.0
1116.1326672825624	0.03290769999989607	epochs	3.0
1116.1655749825622	0.032660099999930026	epochs	3.0
1116.1982350825622	0.06459259999996902	epochs	2.0
1116.1982350825622	0.03241640000010193	epochs	3.0
1116.2306514825623	0.032176199999867094	epochs	3.0
1116.2628276825621	0.06364600000006249	epochs	2.0
1116.2628276825621	0.03193960000021434	epochs	3.0
1116.2947672825624	0.031706399999848145	epochs	3.0
1116.3264736825622	0.0627266999999847	epochs	2.0
1116.3264736825622	0.03147660000013275	epochs	3.0
1116.3579502825623	0.031250099999851955	epochs	3.0
1116.3892003825622	0.06183359999999993	epochs	2.0
1116.3892003825622	0.031026900000142632	epochs	3.0
1116.4202272825623	0.0308066999998573	epochs	3.0
1116.4510339825622	0.06096560000014506	epochs	2.0
1116.4510339825622	0.03058980000014344	epochs	3.0
1116.4816237825623	0.030375800000001618	epochs	3.0
1116.5119995825623	0.06012160000000222	epochs	2.0
1116.5119995825623	0.030164899999817862	epochs	3.0
1116.5421644825622	0.029956700000184355	epochs	3.0
1116.5721211825623	0.05930069999999432	epochs	2.0
1116.5721211825623	0.029751599999826794	epochs	3.0
1116.6018727825622	0.029549100000167527	epochs	3.0
1116.6314218825623	0.05850179999993088	epochs	2.0
1116.6314218825623	0.02934940000000097	epochs	3.0
1116.6607712825623	0.029152399999929912	epochs	3.0
1116.6899236825623	0.05772419999993872	epochs	2.0
1116.6899236825623	0.028958000000102402	epochs	3.0
1116.7188816825624	0.028766199999836317	epochs	3.0
1116.7476478825622	0.05696710000006533	epochs	2.0
1116.7476478825622	0.028577000000041153	epochs	3.0
1116.7762248825622	0.028390100000024177	epochs	3.0
1116.8046149825623	0.05622949999997218	epochs	2.0
1116.8046149825623	0.028205699999944045	epochs	3.0
1116.8328206825622	0.028023800000028132	epochs	3.0
1116.8608444825622	0.05551070000001346	epochs	2.0
1116.8608444825622	0.027843999999959124	epochs	3.0
1116.8886884825622	0.027666700000054334	epochs	3.0
1116.9163551825623	0.054810200000019904	epochs	2.0
1116.9163551825623	0.02749149999999645	epochs	3.0
1116.9438466825623	0.027318700000023455	epochs	3.0
1116.9711653825623	0.054126999999880354	epochs	2.0
1116.9711653825623	0.027147799999966082	epochs	3.0
1116.9983131825622	0.026979199999914272	epochs	3.0
1117.0252923825622	0.05346070000018699	epochs	2.0
1117.0252923825622	0.026812600000084785	epochs	3.0
1117.0521049825622	0.026648100000102204	epochs	3.0
1117.0787530825623	0.05281070000000909	epochs	2.0
1117.0787530825623	0.0264855999998872	epochs	3.0
1117.1052386825622	0.026325100000121893	epochs	3.0
1117.1315637825624	0.052176199999848905	epochs	2.0
1117.1315637825624	0.026166399999965506	epochs	3.0
1117.1577301825623	0.0260097999998834	epochs	3.0
1117.1837399825622	0.051556699999991906	epochs	2.0
1117.1837399825622	0.02585480000016105	epochs	3.0
1117.2095947825624	0.025701899999830857	epochs	3.0
1117.2352966825622	0.05095189999997274	epochs	2.0
1117.2352966825622	0.025550700000167126	epochs	3.0
1117.2608473825624	0.025401199999805613	epochs	3.0
1117.2862485825622	0.05036100000006627	epochs	2.0
1117.2862485825622	0.025253500000189888	epochs	3.0
1117.3115020825624	0.02510749999987638	epochs	3.0
1117.3366095825622	0.04978380000011384	epochs	2.0
1117.3366095825622	0.02496320000000196	epochs	3.0
1117.3615727825622	0.02482060000011188	epochs	3.0
1117.3863933825623	0.04921949999993558	epochs	2.0
1117.3863933825623	0.024679399999968155	epochs	3.0
1117.4110727825623	0.024540099999967424	epochs	3.0
1117.4356128825623	0.04866790000005494	epochs	2.0
1117.4356128825623	0.024402100000088467	epochs	3.0
1117.4600149825624	0.024265799999966475	epochs	3.0
1117.4842807825623	0.048128599999927246	epochs	2.0
1117.4842807825623	0.02413099999989754	epochs	3.0
1117.5084117825622	0.023997600000029706	epochs	3.0
1117.5324093825623	0.047601100000065344	epochs	2.0
1117.5324093825623	0.023865800000066884	epochs	3.0
1117.5562751825623	0.02373529999999846	epochs	3.0
1117.5800104825623	0.04708499999992455	epochs	2.0
1117.5800104825623	0.023606299999983094	epochs	3.0
1117.6036167825623	0.023478699999941455	epochs	3.0
1117.6270954825623	0.046579999999948996	epochs	2.0
1117.6270954825623	0.023352500000100918	epochs	3.0
1117.6504479825624	0.023227499999848078	epochs	3.0
1117.6736754825622	0.046085700000048746	epochs	2.0
1117.6736754825622	0.023104000000103042	epochs	3.0
1117.6967794825623	0.022981699999945704	epochs	3.0
1117.7197611825623	0.045601799999985815	epochs	2.0
1117.7197611825623	0.02286069999991014	epochs	3.0
1117.7426218825622	0.022741100000075676	epochs	3.0
1117.7653629825622	0.04512790000012501	epochs	2.0
1117.7653629825622	0.022622500000125	epochs	3.0
1117.7879854825624	0.02250540000000001	epochs	3.0
1117.8104908825624	0.04466379999985293	epochs	2.0
1117.8104908825624	0.02238929999998618	epochs	3.0
1117.8328801825623	0.022274499999866748	epochs	3.0
1117.8551546825622	0.04420920000006845	epochs	2.0
1117.8551546825622	0.022160799999937808	epochs	3.0
1117.8773154825622	0.02204840000013064	epochs	3.0
1117.8993638825623	0.04376359999992019	epochs	2.0
1117.8993638825623	0.02193689999990056	epochs	3.0
1117.9213007825622	0.021826700000019628	epochs	3.0
1117.9431274825622	0.04332709999994222	epochs	2.0
1117.9431274825622	0.02171760000010181	epochs	3.0
1117.9648450825623	0.02160949999984041	epochs	3.0
1117.9864545825621	0.04289900000003399	epochs	2.0
1117.9864545825621	0.021502500000224245	epochs	3.0
1118.0079570825624	0.021396499999809748	epochs	3.0
1118.0293535825622	0.04247950000012679	epochs	2.0
1118.0293535825622	0.021291700000119818	epochs	3.0
1118.0506452825623	0.021187800000006973	epochs	3.0
1118.0718330825623	0.04206789999989269	epochs	2.0
1118.0718330825623	0.02108490000000529	epochs	3.0
1118.0929179825623	0.020982999999887397	epochs	3.0
1118.1139009825622	0.04166439999994509	epochs	2.0
1118.1139009825622	0.020882199999959994	epochs	3.0
1118.1347831825622	0.020782199999985096	epochs	3.0
1118.1555653825621	0.04126850000011473	epochs	2.0
1118.1555653825621	0.02068330000020069	epochs	3.0
1118.1762486825623	0.02058519999991404	epochs	3.0
1118.1968338825623	0.04088000000001557	epochs	2.0
1118.1968338825623	0.020488099999965925	epochs	3.0
1118.2173219825622	0.020391900000049645	epochs	3.0
1118.2377138825623	0.04049880000002304	epochs	2.0
1118.2377138825623	0.020296599999937825	epochs	3.0
1118.2580104825622	0.020202200000085213	epochs	3.0
1118.2782126825623	0.040124599999899146	epochs	2.0
1118.2782126825623	0.02010870000003706	epochs	3.0
1118.2983213825623	0.020015899999862086	epochs	3.0
1118.3183372825622	0.03975730000001931	epochs	2.0
1118.3183372825622	0.019924200000104975	epochs	3.0
1118.3382614825623	0.01983309999991434	epochs	3.0
1118.3580945825622	0.03939669999999751	epochs	2.0
1118.3580945825622	0.01974300000006224	epochs	3.0
1118.3778375825623	0.01965369999993527	epochs	3.0
1118.3974912825622	0.03904239999997117	epochs	2.0
1118.3974912825622	0.019565100000136226	epochs	3.0
1118.4170563825624	0.01947729999983494	epochs	3.0
1118.4365336825622	0.038694600000098944	epochs	2.0
1118.4365336825622	0.019390400000020236	epochs	3.0
1118.4559240825622	0.01930420000007871	epochs	3.0
1118.4752282825623	0.03835290000006353	epochs	2.0
1118.4752282825623	0.019218799999862313	epochs	3.0
1118.4944470825621	0.019134100000201215	epochs	3.0
1118.5135811825623	0.03801720000001296	epochs	2.0
1118.5135811825623	0.019050199999810502	epochs	3.0
1118.5326313825622	0.01896700000020246	epochs	3.0
1118.5515983825624	0.03768719999993664	epochs	2.0
1118.5515983825624	0.018884499999785476	epochs	3.0
1118.5704828825621	0.018802700000151162	epochs	3.0
1118.5892855825623	0.03736309999999321	epochs	2.0
1118.5892855825623	0.018721700000014607	epochs	3.0
1118.6080072825623	0.018641399999978603	epochs	3.0
1118.6266486825623	0.03704429999993408	epochs	2.0
1118.6266486825623	0.018561599999884493	epochs	3.0
1118.6452102825622	0.01848270000004959	epochs	3.0
1118.6636929825622	0.036731000000145286	epochs	2.0
1118.6636929825622	0.018404299999929208	epochs	3.0
1118.6820972825622	0.01832670000021608	epochs	3.0
1118.7004239825624	0.03642289999993409	epochs	2.0
1118.7004239825624	0.018249599999990096	epochs	3.0
1118.7186735825624	0.018173299999943993	epochs	3.0
1118.7368468825623	0.03612010000006194	epochs	2.0
1118.7368468825623	0.01809759999991911	epochs	3.0
1118.7549444825622	0.018022500000142827	epochs	3.0
1118.7729669825624	0.03582209999990482	epochs	2.0
1118.7729669825624	0.01794789999985369	epochs	3.0
1118.7909148825622	0.017874200000051133	epochs	3.0
1118.8087890825623	0.03552899999999681	epochs	2.0
1118.8087890825623	0.017800800000031813	epochs	3.0
1118.8265898825623	0.017728199999965	epochs	3.0
1118.8443180825623	0.03524070000003121	epochs	2.0
1118.8443180825623	0.017656100000067454	epochs	3.0
1118.8619741825623	0.017584599999963757	epochs	3.0
1118.8795587825623	0.03495709999992869	epochs	2.0
1118.8795587825623	0.017513699999881283	epochs	3.0
1118.8970724825622	0.017443400000047404	epochs	3.0
1118.9145158825622	0.03467790000013338	epochs	2.0
1118.9145158825622	0.017373599999928047	epochs	3.0
1118.9318894825622	0.01730430000020533	epochs	3.0
1118.9491937825624	0.03440329999989444	epochs	2.0
1118.9491937825624	0.017235699999901044	epochs	3.0
1118.9664294825623	0.0171675999999934	epochs	3.0
1118.9835970825623	0.03413279999995211	epochs	2.0
1118.9835970825623	0.01709989999994832	epochs	3.0
1119.0006969825622	0.017032900000003792	epochs	3.0
1119.0177298825622	0.03386670000008962	epochs	2.0
1119.0177298825622	0.01696640000000116	epochs	3.0
1119.0346962825622	0.016900300000088464	epochs	3.0
1119.0515965825623	0.03360459999998966	epochs	2.0
1119.0515965825623	0.01683479999996962	epochs	3.0
1119.0684313825623	0.01676980000002004	epochs	3.0
1119.0852011825623	0.033346599999958926	epochs	2.0
1119.0852011825623	0.016705300000012357	epochs	3.0
1119.1019064825623	0.01664129999994657	epochs	3.0
1119.1185477825622	0.03309250000006614	epochs	2.0
1119.1185477825622	0.016577800000050047	epochs	3.0
1119.1351255825623	0.01651470000001609	epochs	3.0
1119.1516402825623	0.03284229999985655	epochs	2.0
1119.1516402825623	0.01645220000000336	epochs	3.0
1119.1680924825623	0.01639009999985319	epochs	3.0
1119.1844825825622	0.03259570000000167	epochs	2.0
1119.1844825825622	0.016328400000020338	epochs	3.0
1119.2008109825622	0.016267299999981333	epochs	3.0
1119.2170782825622	0.032352899999978035	epochs	2.0
1119.2170782825622	0.016206600000032267	epochs	3.0
1119.2332848825622	0.016146299999945768	epochs	3.0
1119.2494311825621	0.032113700000081735	epochs	2.0
1119.2494311825621	0.016086600000107865	epochs	3.0
1119.2655177825623	0.01602709999997387	epochs	3.0
1119.2815448825622	0.03187800000000607	epochs	2.0
1119.2815448825622	0.015968200000088473	epochs	3.0
1119.2975130825623	0.015909799999917595	epochs	3.0
1119.3134228825622	0.03164570000012645	epochs	2.0
1119.3134228825622	0.015851599999905375	epochs	3.0
1119.3292744825621	0.01579410000022108	epochs	3.0
1119.3450685825624	0.031416699999908815	epochs	2.0
1119.3450685825624	0.01573669999993399	epochs	3.0
1119.3608052825623	0.015679999999974825	epochs	3.0
1119.3764852825623	0.03119109999988723	epochs	2.0
1119.3764852825623	0.015623600000026272	epochs	3.0
1119.3921088825623	0.015567499999860956	epochs	3.0
1119.4076763825622	0.03096870000013041	epochs	2.0
1119.4076763825622	0.01551200000017161	epochs	3.0
1119.4231883825623	0.0154566999999588	epochs	3.0
1119.4386450825623	0.030749499999956242	epochs	2.0
1119.4386450825623	0.015401999999994587	epochs	3.0
1119.4540470825623	0.015347499999961656	epochs	3.0
1119.4693945825622	0.03053320000003623	epochs	2.0
1119.4693945825622	0.015293400000018664	epochs	3.0
1119.4846879825623	0.015239800000017567	epochs	3.0
1119.4999277825623	0.030320099999926242	epochs	2.0
1119.4999277825623	0.015186500000027081	epochs	3.0
1119.5151142825623	0.015133599999899161	epochs	3.0
1119.5302478825622	0.03010990000007041	epochs	2.0
1119.5302478825622	0.015081000000009226	epochs	3.0
1119.5453288825622	0.015028900000061185	epochs	3.0
1119.5603577825623	0.029902499999934662	epochs	2.0
1119.5603577825623	0.014977000000044427	epochs	3.0
1119.5753347825623	0.014925499999890235	epochs	3.0
1119.5902602825622	0.0296981000001324	epochs	2.0
1119.5902602825622	0.014874400000053356	epochs	3.0
1119.6051346825623	0.014823700000079043	epochs	3.0
1119.6199583825623	0.029496299999891562	epochs	2.0
1119.6199583825623	0.01477319999980864	epochs	3.0
1119.6347315825622	0.014723100000082923	epochs	3.0
1119.6494546825622	0.029297400000132257	epochs	2.0
1119.6494546825622	0.014673399999992398	epochs	3.0
1119.6641280825622	0.014624000000139858	epochs	3.0
1119.6787520825624	0.029101099999934377	epochs	2.0
1119.6787520825624	0.014574899999843183	epochs	3.0
1119.6933269825622	0.014526200000091194	epochs	3.0
1119.7078531825623	0.028907399999980044	epochs	2.0
1119.7078531825623	0.014477700000043114	epochs	3.0
1119.7223308825623	0.014429699999936929	epochs	3.0
1119.7367605825623	0.028716199999962555	epochs	2.0
1119.7367605825623	0.014381799999910072	epochs	3.0
1119.7511423825622	0.014334400000052483	epochs	3.0
1119.7654767825622	0.02852759999996124	epochs	2.0
1119.7654767825622	0.014287199999898803	epochs	3.0
1119.7797639825621	0.014240400000062436	epochs	3.0
1119.7940043825622	0.028341400000044814	epochs	2.0
1119.7940043825622	0.014193800000157353	epochs	3.0
1119.8081981825624	0.014147599999887461	epochs	3.0
1119.8223457825623	0.028157700000065233	epochs	2.0
1119.8223457825623	0.014101700000082928	epochs	3.0
1119.8364474825623	0.014055999999982305	epochs	3.0
1119.8505034825623	0.02797629999986384	epochs	2.0
1119.8505034825623	0.014010599999892293	epochs	3.0
1119.8645140825622	0.013965699999971548	epochs	3.0
1119.8784797825622	0.027797200000122757	epochs	2.0
1119.8784797825622	0.013920800000050804	epochs	3.0
1119.8924005825622	0.013876400000071953	epochs	3.0
1119.9062769825623	0.027620399999932488	epochs	2.0
1119.9062769825623	0.013832200000024386	epochs	3.0
1119.9201091825623	0.013788199999908102	epochs	3.0
1119.9338973825622	0.027445899999975154	epochs	2.0
1119.9338973825622	0.01374460000010913	epochs	3.0
1119.9476419825623	0.013701299999866023	epochs	3.0
1119.9613432825622	0.0272735000000921	epochs	2.0
1119.9613432825622	0.013658200000008947	epochs	3.0
1119.9750014825622	0.013615300000083153	epochs	3.0
1119.9886167825623	0.027103399999987232	epochs	2.0
1119.9886167825623	0.013572800000019924	epochs	3.0
1120.0021895825623	0.013530599999967308	epochs	3.0
1120.0157201825623	0.02693520000002536	epochs	2.0
1120.0157201825623	0.01348839999991469	epochs	3.0
1120.0292085825622	0.01344680000011067	epochs	3.0
1120.0426553825623	0.026769199999989723	epochs	2.0
1120.0426553825623	0.013405199999851902	epochs	3.0
1120.0560605825622	0.013364000000137821	epochs	3.0
1120.0694245825623	0.026605199999949036	epochs	2.0
1120.0694245825623	0.013322900000048321	epochs	3.0
1120.0827474825624	0.013282299999900715	epochs	3.0
1120.0960297825623	0.0264431999999033	epochs	2.0
1120.0960297825623	0.013241699999980483	epochs	3.0
1120.1092714825622	0.013201499999922817	epochs	3.0
1120.1224729825622	0.026283200000079887	epochs	2.0
1120.1224729825622	0.013161500000023807	epochs	3.0
1120.1356344825622	0.01312170000005608	epochs	3.0
1120.1487561825622	0.02612500000009277	epochs	2.0
1120.1487561825622	0.013082100000019636	epochs	3.0
1120.1618382825623	0.013042900000073132	epochs	3.0
1120.1748811825623	0.025968899999952555	epochs	2.0
1120.1748811825623	0.013003899999830537	epochs	3.0
1120.1878850825622	0.012965000000122018	epochs	3.0
1120.2008500825623	0.025814500000024054	epochs	2.0
1120.2008500825623	0.012926399999969362	epochs	3.0
1120.2137764825623	0.012888100000054692	epochs	3.0
1120.2266645825623	0.025661899999931848	epochs	2.0
1120.2266645825623	0.012849899999991976	epochs	3.0
1120.2395144825623	0.012811999999939871	epochs	3.0
1120.2523264825622	0.025511199999982637	epochs	2.0
1120.2523264825622	0.012774400000125752	epochs	3.0
1120.2651008825624	0.012736799999856885	epochs	3.0
1120.2778376825622	0.025362300000097093	epochs	2.0
1120.2778376825622	0.01269969999998466	epochs	3.0
1120.2905373825622	0.012662600000112434	epochs	3.0
1120.3031999825623	0.025214999999889187	epochs	2.0
1120.3031999825623	0.012625800000023446	epochs	3.0
1120.3158257825623	0.012589199999865741	epochs	3.0
1120.3284149825622	0.024584799999956886	epochs	2.0
1120.3488397825622	0.5	epochs	-1.0
1120.3529997825622	0.999520000000075	epochs	1.0
1120.8488397825622	0.5	epochs	-1.0
1121.3525197825622	0.00040000000012696546	epochs	0.0
1122.5560002326965	0.09999999999990905	epochs	0.0
1122.5560002326965	0.04500000000007276	epochs	1.0
1122.6010002326966	0.009999999999990905	epochs	1.0
1122.6110002326966	0.044999999999845386	epochs	1.0
1122.6560002326964	2.0	epochs	0.0
1124.6560002326964	21.999920000000202	epochs	0.0
1124.6560002326964	1.0	epochs	1.0
1124.6560002326964	0.5	epochs	-1.0
1125.1560002326964	19.995840000000044	epochs	-1.0
1125.6560002326964	20.0	epochs	1.0
1125.6560002326964	4.356753900000058	epochs	-1.0
1125.6560002326964	1.9745872000000873	epochs	2.0
1125.6560002326964	1.0985622000000603	epochs	3.0
1126.7545624326965	0.8760250000000269	epochs	3.0
1127.6305874326965	1.3524075000000266	epochs	2.0
1127.6305874326965	0.7286355000001095	epochs	3.0
1128.3592229326966	0.6237719999999172	epochs	3.0
1128.9829949326966	1.029759199999944	epochs	2.0
1128.9829949326966	0.5453293000000485	epochs	3.0
1129.5283242326966	0.4844298999998955	epochs	3.0
1130.0127541326965	0.8317862000001242	epochs	2.0
1130.0127541326965	0.4357763000000432	epochs	3.0
1130.4485304326965	0.39600990000008096	epochs	3.0
1130.8445403326966	0.6977969999998095	epochs	2.0
1130.8445403326966	0.3628982000000178	epochs	3.0
1131.2074385326966	0.33489879999979166	epochs	3.0
1131.5423373326964	0.601045699999986	epochs	2.0
1131.5423373326964	0.3109123000001546	epochs	3.0
1131.8532496326966	0.29013339999983145	epochs	3.0
1132.1433830326964	0.5278859000000011	epochs	2.0
1132.1433830326964	0.2719586000000618	epochs	3.0
1132.4153416326965	0.25592729999993935	epochs	3.0
1132.6712689326964	0.4706193000001804	epochs	2.0
1132.6712689326964	0.24168130000020938	epochs	3.0
1132.9129502326966	0.228937999999971	epochs	3.0
1133.1418882326966	0.42457039999999324	epochs	2.0
1133.1418882326966	0.21747140000002219	epochs	3.0
1133.3593596326966	0.20709899999997106	epochs	3.0
1133.5664586326966	0.3867353999999068	epochs	2.0
1133.5664586326966	0.19767109999997956	epochs	3.0
1133.7641297326966	0.18906429999992724	epochs	3.0
1133.9531940326965	0.35509530000013	epochs	2.0
1133.9531940326965	0.18117589999997108	epochs	3.0
1134.1343699326965	0.17391940000015893	epochs	3.0
1134.3082893326966	0.3282431000000088	epochs	2.0
1134.3082893326966	0.16722189999995862	epochs	3.0
1134.4755112326966	0.16102120000005016	epochs	3.0
1134.6365324326966	0.3051679999998669	epochs	2.0
1134.6365324326966	0.15526389999990897	epochs	3.0
1134.7917963326965	0.1499040999999579	epochs	3.0
1134.9417004326965	0.28512530000011793	epochs	2.0
1134.9417004326965	0.1449021000000812	epochs	3.0
1135.0866025326966	0.14022320000003674	epochs	3.0
1135.2268257326966	0.2675537999998596	epochs	2.0
1135.2268257326966	0.1358368999999584	epochs	3.0
1135.3626626326966	0.13171689999990122	epochs	3.0
1135.4943795326965	0.25202290000015637	epochs	2.0
1135.4943795326965	0.1278393000000051	epochs	3.0
1135.6222188326965	0.12418360000015127	epochs	3.0
1135.7464024326966	0.23819649999995818	epochs	2.0
1135.7464024326966	0.1207310999998299	epochs	3.0
1135.8671335326965	0.11746540000012828	epochs	3.0
1135.9845989326966	0.22580879999986792	epochs	2.0
1135.9845989326966	0.1143718999999237	epochs	3.0
1136.0989708326965	0.11143689999994422	epochs	3.0
1136.2104077326965	0.2146460000001298	epochs	2.0
1136.2104077326965	0.10864890000016203	epochs	3.0
1136.3190566326966	0.10599709999996776	epochs	3.0
1136.4250537326966	0.2045349999998507	epochs	2.0
1136.4250537326966	0.1034714999998414	epochs	3.0
1136.5285252326964	0.1010635000000093	epochs	3.0
1136.6295887326964	0.19533400000000256	epochs	2.0
1136.6295887326964	0.09876510000003691	epochs	3.0
1136.7283538326965	0.09656889999996565	epochs	3.0
1136.8249227326965	0.18692529999998442	epochs	2.0
1136.8249227326965	0.09446830000001682	epochs	3.0
1136.9193910326965	0.09245699999996759	epochs	3.0
1137.0118480326964	0.1792107000001124	epochs	2.0
1137.0118480326964	0.0905296000000817	epochs	3.0
1137.1023776326965	0.08868110000003071	epochs	3.0
1137.1910587326965	0.17210769999996955	epochs	2.0
1137.1910587326965	0.08690630000000965	epochs	3.0
1137.2779650326966	0.0852013999999599	epochs	3.0
1137.3631664326965	0.16554640000003928	epochs	2.0
1137.3631664326965	0.08356189999994967	epochs	3.0
1137.4467283326965	0.08198450000008961	epochs	3.0
1137.5287128326966	0.15946710000002895	epochs	2.0
1137.5287128326966	0.08046539999986635	epochs	3.0
1137.6091782326964	0.0790017000001626	epochs	3.0
1137.6881799326966	0.1538183999998637	epochs	2.0
1137.6881799326966	0.07759009999995214	epochs	3.0
1137.7657700326965	0.07622829999991154	epochs	3.0
1137.8419983326964	0.14855640000018866	epochs	2.0
1137.8419983326964	0.07491330000016205	epochs	3.0
1137.9169116326966	0.0736431000000266	epochs	3.0
1137.9905547326966	0.1436423999998624	epochs	2.0
1137.9905547326966	0.07241499999986445	epochs	3.0
1138.0629697326965	0.07122739999999794	epochs	3.0
1138.1341971326965	0.13904309999998077	epochs	2.0
1138.1341971326965	0.07007799999996678	epochs	3.0
1138.2042751326965	0.06896510000001399	epochs	3.0
1138.2732402326965	0.1347293000001173	epochs	2.0
1138.2732402326965	0.0678871000000072	epochs	3.0
1138.3411273326965	0.0668422000001101	epochs	3.0
1138.4079695326966	0.1306752000000415	epochs	2.0
1138.4079695326966	0.06582909999997355	epochs	3.0
1138.4737986326966	0.06484610000006796	epochs	3.0
1138.5386447326966	0.1268577999999252	epochs	2.0
1138.5386447326966	0.06389199999989614	epochs	3.0
1138.6025367326965	0.06296580000002905	epochs	3.0
1138.6655025326966	0.12325719999989815	epochs	2.0
1138.6655025326966	0.06206580000002759	epochs	3.0
1138.7275683326966	0.061191399999870555	epochs	3.0
1138.7887597326965	0.11985540000000583	epochs	2.0
1138.7887597326965	0.060341099999959624	epochs	3.0
1138.8491008326964	0.059514300000046205	epochs	3.0
1138.9086151326965	0.11663620000012997	epochs	2.0
1138.9086151326965	0.05870960000015657	epochs	3.0
1138.9673247326966	0.057926599999973405	epochs	3.0
1139.0252513326966	0.11358559999985118	epochs	2.0
1139.0252513326966	0.05716419999998834	epochs	3.0
1139.0824155326966	0.05642139999986284	epochs	3.0
1139.1388369326964	0.11069050000014613	epochs	2.0
1139.1388369326964	0.055697900000041045	epochs	3.0
1139.1945348326965	0.054992600000105085	epochs	3.0
1139.2495274326966	0.10793909999983953	epochs	2.0
1139.2495274326966	0.05430490000003374	epochs	3.0
1139.3038323326966	0.05363419999980579	epochs	3.0
1139.3574665326964	0.10532150000017282	epochs	2.0
1139.3574665326964	0.052980000000161453	epochs	3.0
1139.4104465326966	0.052341500000011365	epochs	3.0
1139.4627880326966	0.10282759999995505	epochs	2.0
1139.4627880326966	0.05171810000001642	epochs	3.0
1139.5145061326966	0.051109499999938635	epochs	3.0
1139.5656156326966	0.10044909999987794	epochs	2.0
1139.5656156326966	0.050514900000052876	epochs	3.0
1139.6161305326966	0.04993419999982507	epochs	3.0
1139.6660647326964	0.09817830000019967	epochs	2.0
1139.6660647326964	0.04936659999998483	epochs	3.0
1139.7154313326964	0.04881170000021484	epochs	3.0
1139.7642430326966	0.09600779999982478	epochs	2.0
1139.7642430326966	0.048269199999822376	epochs	3.0
1139.8125122326965	0.04773860000000241	epochs	3.0
1139.8602508326965	0.09393120000004274	epochs	2.0
1139.8602508326965	0.04721949999998287	epochs	3.0
1139.9074703326964	0.046711700000059864	epochs	3.0
1139.9541820326965	0.09194260000003851	epochs	2.0
1139.9541820326965	0.046214599999984785	epochs	3.0
1140.0003966326965	0.045728000000053726	epochs	3.0
1140.0461246326965	0.09003630000006524	epochs	2.0
1140.0461246326965	0.045251499999949374	epochs	3.0
1140.0913761326965	0.044784800000115865	epochs	3.0
1140.1361609326966	0.08820760000003247	epochs	2.0
1140.1361609326966	0.044327800000019124	epochs	3.0
1140.1804887326966	0.04387980000001335	epochs	3.0
1140.2243685326966	0.0864516999999978	epochs	2.0
1140.2243685326966	0.04344099999980244	epochs	3.0
1140.2678095326964	0.04301070000019536	epochs	3.0
1140.3108202326966	0.08476429999996071	epochs	2.0
1140.3108202326966	0.04258899999990717	epochs	3.0
1140.3534092326965	0.04217530000005354	epochs	3.0
1140.3955845326966	0.08314150000001064	epochs	2.0
1140.3955845326966	0.04176970000003166	epochs	3.0
1140.4373542326966	0.041371799999978975	epochs	3.0
1140.4787260326966	0.08157970000002024	epochs	2.0
1140.4787260326966	0.040981399999964196	epochs	3.0
1140.5197074326966	0.04059830000005604	epochs	3.0
1140.5603057326966	0.08007549999979346	epochs	2.0
1140.5603057326966	0.04022229999986848	epochs	3.0
1140.6005280326965	0.03985319999992498	epochs	3.0
1140.6403812326964	0.07862570000020241	epochs	2.0
1140.6403812326964	0.039490800000066884	epochs	3.0
1140.6798720326965	0.03913490000013553	epochs	3.0
1140.7190069326966	0.07722760000001472	epochs	2.0
1140.7190069326966	0.03878539999982422	epochs	3.0
1140.7577923326965	0.038442200000190496	epochs	3.0
1140.7962345326966	0.07587819999980638	epochs	2.0
1140.7962345326966	0.03810479999992822	epochs	3.0
1140.8343393326966	0.037773399999878166	epochs	3.0
1140.8721127326965	0.0745752000000266	epochs	2.0
1140.8721127326965	0.03744770000002973	epochs	3.0
1140.9095604326965	0.03712749999999687	epochs	3.0
1140.9466879326965	0.07331629999998768	epochs	2.0
1140.9466879326965	0.0368129000000863	epochs	3.0
1140.9835008326966	0.036503399999901376	epochs	3.0
1141.0200042326965	0.07209899999998015	epochs	2.0
1141.0200042326965	0.03619909999997617	epochs	3.0
1141.0562033326964	0.03589990000000398	epochs	3.0
1141.0921032326964	0.07092170000009901	epochs	2.0
1141.0921032326964	0.03560560000005353	epochs	3.0
1141.1277088326965	0.03531610000004548	epochs	3.0
1141.1630249326965	0.06978200000003199	epochs	2.0
1141.1630249326965	0.03503120000004856	epochs	3.0
1141.1980561326966	0.03475079999998343	epochs	3.0
1141.2328069326966	0.06867859999988468	epochs	2.0
1141.2328069326966	0.03447510000000875	epochs	3.0
1141.2672820326966	0.03420349999987593	epochs	3.0
1141.3014855326965	0.06760930000018561	epochs	2.0
1141.3014855326965	0.033936199999970995	epochs	3.0
1141.3354217326964	0.03367310000021462	epochs	3.0
1141.3690948326966	0.06657289999998284	epochs	2.0
1141.3690948326966	0.03341399999999339	epochs	3.0
1141.4025088326966	0.033158899999989444	epochs	3.0
1141.4356677326966	0.06556779999982609	epochs	2.0
1141.4356677326966	0.03290769999989607	epochs	3.0
1141.4685754326965	0.032660099999930026	epochs	3.0
1141.5012355326965	0.06459259999996902	epochs	2.0
1141.5012355326965	0.03241640000010193	epochs	3.0
1141.5336519326966	0.032176199999867094	epochs	3.0
1141.5658281326964	0.06364600000006249	epochs	2.0
1141.5658281326964	0.03193960000021434	epochs	3.0
1141.5977677326966	0.031706399999848145	epochs	3.0
1141.6294741326965	0.0627266999999847	epochs	2.0
1141.6294741326965	0.03147660000013275	epochs	3.0
1141.6609507326966	0.031250099999851955	epochs	3.0
1141.6922008326965	0.06183359999999993	epochs	2.0
1141.6922008326965	0.031026900000142632	epochs	3.0
1141.7232277326966	0.0308066999998573	epochs	3.0
1141.7540344326965	0.06096560000014506	epochs	2.0
1141.7540344326965	0.03058980000014344	epochs	3.0
1141.7846242326966	0.030375800000001618	epochs	3.0
1141.8150000326966	0.06012160000000222	epochs	2.0
1141.8150000326966	0.030164899999817862	epochs	3.0
1141.8451649326964	0.029956700000184355	epochs	3.0
1141.8751216326966	0.05930069999999432	epochs	2.0
1141.8751216326966	0.029751599999826794	epochs	3.0
1141.9048732326964	0.029549100000167527	epochs	3.0
1141.9344223326966	0.05850179999993088	epochs	2.0
1141.9344223326966	0.02934940000000097	epochs	3.0
1141.9637717326966	0.029152399999929912	epochs	3.0
1141.9929241326965	0.05772419999993872	epochs	2.0
1141.9929241326965	0.028958000000102402	epochs	3.0
1142.0218821326966	0.028766199999836317	epochs	3.0
1142.0506483326965	0.05696710000006533	epochs	2.0
1142.0506483326965	0.028577000000041153	epochs	3.0
1142.0792253326965	0.028390100000024177	epochs	3.0
1142.1076154326965	0.05622949999997218	epochs	2.0
1142.1076154326965	0.028205699999944045	epochs	3.0
1142.1358211326965	0.028023800000028132	epochs	3.0
1142.1638449326965	0.05551070000001346	epochs	2.0
1142.1638449326965	0.027843999999959124	epochs	3.0
1142.1916889326965	0.027666700000054334	epochs	3.0
1142.2193556326965	0.054810200000019904	epochs	2.0
1142.2193556326965	0.02749149999999645	epochs	3.0
1142.2468471326965	0.027318700000023455	epochs	3.0
1142.2741658326966	0.054126999999880354	epochs	2.0
1142.2741658326966	0.027147799999966082	epochs	3.0
1142.3013136326965	0.026979199999914272	epochs	3.0
1142.3282928326964	0.05346070000018699	epochs	2.0
1142.3282928326964	0.026812600000084785	epochs	3.0
1142.3551054326965	0.026648100000102204	epochs	3.0
1142.3817535326966	0.05281070000000909	epochs	2.0
1142.3817535326966	0.0264855999998872	epochs	3.0
1142.4082391326965	0.026325100000121893	epochs	3.0
1142.4345642326966	0.052176199999848905	epochs	2.0
1142.4345642326966	0.026166399999965506	epochs	3.0
1142.4607306326966	0.0260097999998834	epochs	3.0
1142.4867404326965	0.051556699999991906	epochs	2.0
1142.4867404326965	0.02585480000016105	epochs	3.0
1142.5125952326966	0.025701899999830857	epochs	3.0
1142.5382971326965	0.05095189999997274	epochs	2.0
1142.5382971326965	0.025550700000167126	epochs	3.0
1142.5638478326966	0.025401199999805613	epochs	3.0
1142.5892490326964	0.05036100000006627	epochs	2.0
1142.5892490326964	0.025253500000189888	epochs	3.0
1142.6145025326966	0.02510749999987638	epochs	3.0
1142.6396100326965	0.04978380000011384	epochs	2.0
1142.6396100326965	0.02496320000000196	epochs	3.0
1142.6645732326965	0.02482060000011188	epochs	3.0
1142.6893938326966	0.04921949999993558	epochs	2.0
1142.6893938326966	0.024679399999968155	epochs	3.0
1142.7140732326966	0.024540099999967424	epochs	3.0
1142.7386133326966	0.04866790000005494	epochs	2.0
1142.7386133326966	0.024402100000088467	epochs	3.0
1142.7630154326966	0.024265799999966475	epochs	3.0
1142.7872812326966	0.048128599999927246	epochs	2.0
1142.7872812326966	0.02413099999989754	epochs	3.0
1142.8114122326965	0.023997600000029706	epochs	3.0
1142.8354098326965	0.047601100000065344	epochs	2.0
1142.8354098326965	0.023865800000066884	epochs	3.0
1142.8592756326966	0.02373529999999846	epochs	3.0
1142.8830109326966	0.04708499999992455	epochs	2.0
1142.8830109326966	0.023606299999983094	epochs	3.0
1142.9066172326966	0.023478699999941455	epochs	3.0
1142.9300959326965	0.046579999999948996	epochs	2.0
1142.9300959326965	0.023352500000100918	epochs	3.0
1142.9534484326966	0.023227499999848078	epochs	3.0
1142.9766759326965	0.046085700000048746	epochs	2.0
1142.9766759326965	0.023104000000103042	epochs	3.0
1142.9997799326966	0.022981699999945704	epochs	3.0
1143.0227616326965	0.045601799999985815	epochs	2.0
1143.0227616326965	0.02286069999991014	epochs	3.0
1143.0456223326964	0.022741100000075676	epochs	3.0
1143.0683634326965	0.04512790000012501	epochs	2.0
1143.0683634326965	0.022622500000125	epochs	3.0
1143.0909859326966	0.02250540000000001	epochs	3.0
1143.1134913326966	0.04466379999985293	epochs	2.0
1143.1134913326966	0.02238929999998618	epochs	3.0
1143.1358806326966	0.022274499999866748	epochs	3.0
1143.1581551326965	0.04420920000006845	epochs	2.0
1143.1581551326965	0.022160799999937808	epochs	3.0
1143.1803159326964	0.02204840000013064	epochs	3.0
1143.2023643326966	0.04376359999992019	epochs	2.0
1143.2023643326966	0.02193689999990056	epochs	3.0
1143.2243012326965	0.021826700000019628	epochs	3.0
1143.2461279326965	0.04332709999994222	epochs	2.0
1143.2461279326965	0.02171760000010181	epochs	3.0
1143.2678455326966	0.02160949999984041	epochs	3.0
1143.2894550326964	0.04289900000003399	epochs	2.0
1143.2894550326964	0.021502500000224245	epochs	3.0
1143.3109575326966	0.021396499999809748	epochs	3.0
1143.3323540326965	0.04247950000012679	epochs	2.0
1143.3323540326965	0.021291700000119818	epochs	3.0
1143.3536457326966	0.021187800000006973	epochs	3.0
1143.3748335326966	0.04206789999989269	epochs	2.0
1143.3748335326966	0.02108490000000529	epochs	3.0
1143.3959184326966	0.020982999999887397	epochs	3.0
1143.4169014326965	0.04166439999994509	epochs	2.0
1143.4169014326965	0.020882199999959994	epochs	3.0
1143.4377836326964	0.020782199999985096	epochs	3.0
1143.4585658326964	0.04126850000011473	epochs	2.0
1143.4585658326964	0.02068330000020069	epochs	3.0
1143.4792491326966	0.02058519999991404	epochs	3.0
1143.4998343326965	0.04088000000001557	epochs	2.0
1143.4998343326965	0.020488099999965925	epochs	3.0
1143.5203224326965	0.020391900000049645	epochs	3.0
1143.5407143326966	0.04049880000002304	epochs	2.0
1143.5407143326966	0.020296599999937825	epochs	3.0
1143.5610109326965	0.020202200000085213	epochs	3.0
1143.5812131326966	0.040124599999899146	epochs	2.0
1143.5812131326966	0.02010870000003706	epochs	3.0
1143.6013218326966	0.020015899999862086	epochs	3.0
1143.6213377326965	0.03975730000001931	epochs	2.0
1143.6213377326965	0.019924200000104975	epochs	3.0
1143.6412619326966	0.01983309999991434	epochs	3.0
1143.6610950326965	0.03939669999999751	epochs	2.0
1143.6610950326965	0.01974300000006224	epochs	3.0
1143.6808380326966	0.01965369999993527	epochs	3.0
1143.7004917326965	0.03904239999997117	epochs	2.0
1143.7004917326965	0.019565100000136226	epochs	3.0
1143.7200568326966	0.01947729999983494	epochs	3.0
1143.7395341326965	0.038694600000098944	epochs	2.0
1143.7395341326965	0.019390400000020236	epochs	3.0
1143.7589245326965	0.01930420000007871	epochs	3.0
1143.7782287326966	0.03835290000006353	epochs	2.0
1143.7782287326966	0.019218799999862313	epochs	3.0
1143.7974475326964	0.019134100000201215	epochs	3.0
1143.8165816326966	0.03801720000001296	epochs	2.0
1143.8165816326966	0.019050199999810502	epochs	3.0
1143.8356318326964	0.01896700000020246	epochs	3.0
1143.8545988326966	0.03768719999993664	epochs	2.0
1143.8545988326966	0.018884499999785476	epochs	3.0
1143.8734833326964	0.018802700000151162	epochs	3.0
1143.8922860326966	0.03736309999999321	epochs	2.0
1143.8922860326966	0.018721700000014607	epochs	3.0
1143.9110077326966	0.018641399999978603	epochs	3.0
1143.9296491326966	0.03704429999993408	epochs	2.0
1143.9296491326966	0.018561599999884493	epochs	3.0
1143.9482107326965	0.01848270000004959	epochs	3.0
1143.9666934326965	0.036731000000145286	epochs	2.0
1143.9666934326965	0.018404299999929208	epochs	3.0
1143.9850977326964	0.01832670000021608	epochs	3.0
1144.0034244326966	0.03642289999993409	epochs	2.0
1144.0034244326966	0.018249599999990096	epochs	3.0
1144.0216740326966	0.018173299999943993	epochs	3.0
1144.0398473326966	0.03612010000006194	epochs	2.0
1144.0398473326966	0.01809759999991911	epochs	3.0
1144.0579449326965	0.018022500000142827	epochs	3.0
1144.0759674326966	0.03582209999990482	epochs	2.0
1144.0759674326966	0.01794789999985369	epochs	3.0
1144.0939153326965	0.017874200000051133	epochs	3.0
1144.1117895326965	0.03552899999999681	epochs	2.0
1144.1117895326965	0.017800800000031813	epochs	3.0
1144.1295903326966	0.017728199999965	epochs	3.0
1144.1473185326965	0.03524070000003121	epochs	2.0
1144.1473185326965	0.017656100000067454	epochs	3.0
1144.1649746326966	0.017584599999963757	epochs	3.0
1144.1825592326966	0.03495709999992869	epochs	2.0
1144.1825592326966	0.017513699999881283	epochs	3.0
1144.2000729326965	0.017443400000047404	epochs	3.0
1144.2175163326965	0.03467790000013338	epochs	2.0
1144.2175163326965	0.017373599999928047	epochs	3.0
1144.2348899326964	0.01730430000020533	epochs	3.0
1144.2521942326966	0.03440329999989444	epochs	2.0
1144.2521942326966	0.017235699999901044	epochs	3.0
1144.2694299326965	0.0171675999999934	epochs	3.0
1144.2865975326965	0.03413279999995211	epochs	2.0
1144.2865975326965	0.01709989999994832	epochs	3.0
1144.3036974326965	0.017032900000003792	epochs	3.0
1144.3207303326965	0.03386670000008962	epochs	2.0
1144.3207303326965	0.01696640000000116	epochs	3.0
1144.3376967326965	0.016900300000088464	epochs	3.0
1144.3545970326966	0.03360459999998966	epochs	2.0
1144.3545970326966	0.01683479999996962	epochs	3.0
1144.3714318326965	0.01676980000002004	epochs	3.0
1144.3882016326966	0.033346599999958926	epochs	2.0
1144.3882016326966	0.016705300000012357	epochs	3.0
1144.4049069326966	0.01664129999994657	epochs	3.0
1144.4215482326965	0.03309250000006614	epochs	2.0
1144.4215482326965	0.016577800000050047	epochs	3.0
1144.4381260326966	0.01651470000001609	epochs	3.0
1144.4546407326966	0.03284229999985655	epochs	2.0
1144.4546407326966	0.01645220000000336	epochs	3.0
1144.4710929326966	0.01639009999985319	epochs	3.0
1144.4874830326964	0.03259570000000167	epochs	2.0
1144.4874830326964	0.016328400000020338	epochs	3.0
1144.5038114326965	0.016267299999981333	epochs	3.0
1144.5200787326964	0.032352899999978035	epochs	2.0
1144.5200787326964	0.016206600000032267	epochs	3.0
1144.5362853326965	0.016146299999945768	epochs	3.0
1144.5524316326964	0.032113700000081735	epochs	2.0
1144.5524316326964	0.016086600000107865	epochs	3.0
1144.5685182326965	0.01602709999997387	epochs	3.0
1144.5845453326965	0.03187800000000607	epochs	2.0
1144.5845453326965	0.015968200000088473	epochs	3.0
1144.6005135326966	0.015909799999917595	epochs	3.0
1144.6164233326965	0.03164570000012645	epochs	2.0
1144.6164233326965	0.015851599999905375	epochs	3.0
1144.6322749326964	0.01579410000022108	epochs	3.0
1144.6480690326966	0.031416699999908815	epochs	2.0
1144.6480690326966	0.01573669999993399	epochs	3.0
1144.6638057326966	0.015679999999974825	epochs	3.0
1144.6794857326965	0.03119109999988723	epochs	2.0
1144.6794857326965	0.015623600000026272	epochs	3.0
1144.6951093326966	0.015567499999860956	epochs	3.0
1144.7106768326964	0.03096870000013041	epochs	2.0
1144.7106768326964	0.01551200000017161	epochs	3.0
1144.7261888326966	0.0154566999999588	epochs	3.0
1144.7416455326966	0.030749499999956242	epochs	2.0
1144.7416455326966	0.015401999999994587	epochs	3.0
1144.7570475326966	0.015347499999961656	epochs	3.0
1144.7723950326965	0.03053320000003623	epochs	2.0
1144.7723950326965	0.015293400000018664	epochs	3.0
1144.7876884326965	0.015239800000017567	epochs	3.0
1144.8029282326966	0.030320099999926242	epochs	2.0
1144.8029282326966	0.015186500000027081	epochs	3.0
1144.8181147326966	0.015133599999899161	epochs	3.0
1144.8332483326965	0.03010990000007041	epochs	2.0
1144.8332483326965	0.015081000000009226	epochs	3.0
1144.8483293326965	0.015028900000061185	epochs	3.0
1144.8633582326966	0.029902499999934662	epochs	2.0
1144.8633582326966	0.014977000000044427	epochs	3.0
1144.8783352326966	0.014925499999890235	epochs	3.0
1144.8932607326965	0.0296981000001324	epochs	2.0
1144.8932607326965	0.014874400000053356	epochs	3.0
1144.9081351326965	0.014823700000079043	epochs	3.0
1144.9229588326966	0.029496299999891562	epochs	2.0
1144.9229588326966	0.01477319999980864	epochs	3.0
1144.9377320326964	0.014723100000082923	epochs	3.0
1144.9524551326965	0.029297400000132257	epochs	2.0
1144.9524551326965	0.014673399999992398	epochs	3.0
1144.9671285326965	0.014624000000139858	epochs	3.0
1144.9817525326966	0.029101099999934377	epochs	2.0
1144.9817525326966	0.014574899999843183	epochs	3.0
1144.9963274326965	0.014526200000091194	epochs	3.0
1145.0108536326966	0.028907399999980044	epochs	2.0
1145.0108536326966	0.014477700000043114	epochs	3.0
1145.0253313326966	0.014429699999936929	epochs	3.0
1145.0397610326966	0.028716199999962555	epochs	2.0
1145.0397610326966	0.014381799999910072	epochs	3.0
1145.0541428326965	0.014334400000052483	epochs	3.0
1145.0684772326965	0.02852759999996124	epochs	2.0
1145.0684772326965	0.014287199999898803	epochs	3.0
1145.0827644326964	0.014240400000062436	epochs	3.0
1145.0970048326965	0.028341400000044814	epochs	2.0
1145.0970048326965	0.014193800000157353	epochs	3.0
1145.1111986326966	0.014147599999887461	epochs	3.0
1145.1253462326965	0.028157700000065233	epochs	2.0
1145.1253462326965	0.014101700000082928	epochs	3.0
1145.1394479326966	0.014055999999982305	epochs	3.0
1145.1535039326966	0.02797629999986384	epochs	2.0
1145.1535039326966	0.014010599999892293	epochs	3.0
1145.1675145326965	0.013965699999971548	epochs	3.0
1145.1814802326965	0.027797200000122757	epochs	2.0
1145.1814802326965	0.013920800000050804	epochs	3.0
1145.1954010326965	0.013876400000071953	epochs	3.0
1145.2092774326966	0.027620399999932488	epochs	2.0
1145.2092774326966	0.013832200000024386	epochs	3.0
1145.2231096326966	0.013788199999908102	epochs	3.0
1145.2368978326965	0.027445899999975154	epochs	2.0
1145.2368978326965	0.01374460000010913	epochs	3.0
1145.2506424326966	0.013701299999866023	epochs	3.0
1145.2643437326965	0.0272735000000921	epochs	2.0
1145.2643437326965	0.013658200000008947	epochs	3.0
1145.2780019326965	0.013615300000083153	epochs	3.0
1145.2916172326966	0.027103399999987232	epochs	2.0
1145.2916172326966	0.013572800000019924	epochs	3.0
1145.3051900326966	0.013530599999967308	epochs	3.0
1145.3187206326966	0.02693520000002536	epochs	2.0
1145.3187206326966	0.01348839999991469	epochs	3.0
1145.3322090326965	0.01344680000011067	epochs	3.0
1145.3456558326966	0.026769199999989723	epochs	2.0
1145.3456558326966	0.013405199999851902	epochs	3.0
1145.3590610326964	0.013364000000137821	epochs	3.0
1145.3724250326966	0.026605199999949036	epochs	2.0
1145.3724250326966	0.013322900000048321	epochs	3.0
1145.3857479326966	0.013282299999900715	epochs	3.0
1145.3990302326965	0.0264431999999033	epochs	2.0
1145.3990302326965	0.013241699999980483	epochs	3.0
1145.4122719326965	0.013201499999922817	epochs	3.0
1145.4254734326964	0.026283200000079887	epochs	2.0
1145.4254734326964	0.013161500000023807	epochs	3.0
1145.4386349326965	0.01312170000005608	epochs	3.0
1145.4517566326965	0.02612500000009277	epochs	2.0
1145.4517566326965	0.013082100000019636	epochs	3.0
1145.4648387326965	0.013042900000073132	epochs	3.0
1145.4778816326966	0.025968899999952555	epochs	2.0
1145.4778816326966	0.013003899999830537	epochs	3.0
1145.4908855326964	0.012965000000122018	epochs	3.0
1145.5038505326966	0.025814500000024054	epochs	2.0
1145.5038505326966	0.012926399999969362	epochs	3.0
1145.5167769326965	0.012888100000054692	epochs	3.0
1145.5296650326966	0.025661899999931848	epochs	2.0
1145.5296650326966	0.012849899999991976	epochs	3.0
1145.5425149326966	0.012811999999939871	epochs	3.0
1145.5553269326965	0.025511199999982637	epochs	2.0
1145.5553269326965	0.012774400000125752	epochs	3.0
1145.5681013326966	0.012736799999856885	epochs	3.0
1145.5808381326965	0.025362300000097093	epochs	2.0
1145.5808381326965	0.01269969999998466	epochs	3.0
1145.5935378326965	0.012662600000112434	epochs	3.0
1145.6062004326966	0.025214999999889187	epochs	2.0
1145.6062004326966	0.012625800000023446	epochs	3.0
1145.6188262326966	0.012589199999865741	epochs	3.0
1145.6314154326965	0.024584799999956886	epochs	2.0
1145.6518402326965	0.5	epochs	-1.0
1145.6560002326964	0.999920000000202	epochs	1.0
1146.1518402326965	0.5	epochs	-1.0
1147.9310002326965	0.09999999999990905	epochs	0.0
1147.9310002326965	0.04500000000007276	epochs	1.0
1147.9760002326966	0.009999999999990905	epochs	1.0
1147.9860002326966	0.044999999999845386	epochs	1.0
1148.0310002326964	2.0	epochs	0.0
1150.0310002326964	0.5199999999999818	epochs	0.0
1150.0310002326964	0.5199999999999818	epochs	1.0
1150.0310002326964	0.5	epochs	-1.0
1150.5310002326964	0.01999999999998181	epochs	-1.0
1150.5510002326964	21.47992000000022	epochs	0.0
1151.7639999389648	0.09999999999990905	epochs	0.0
1151.7639999389648	0.04500000000007276	epochs	1.0
1151.808999938965	0.009999999999990905	epochs	1.0
1151.818999938965	0.044999999999845386	epochs	1.0
1151.8639999389648	2.0	epochs	0.0
1153.8639999389648	0.5000800000000254	epochs	0.0
1153.8639999389648	0.5000800000000254	epochs	1.0
1153.8639999389648	0.5	epochs	-1.0
1154.3639999389648	8.000000002539309e-05	epochs	-1.0
1154.3640799389648	21.499840000000177	epochs	0.0
1155.5139999389648	0.09999999999990905	epochs	0.0
1155.5139999389648	0.04500000000007276	epochs	1.0
1155.558999938965	0.009999999999990905	epochs	1.0
1155.568999938965	0.044999999999845386	epochs	1.0
1155.6139999389648	2.0	epochs	0.0
1157.6139999389648	21.51944000000003	epochs	0.0
1157.6139999389648	1.0	epochs	1.0
1157.6139999389648	0.5	epochs	-1.0
1158.1139999389648	19.995840000000044	epochs	-1.0
1158.6139999389648	20.0	epochs	1.0
1158.6139999389648	4.356753900000058	epochs	-1.0
1158.6139999389648	1.9745872000000873	epochs	2.0
1158.6139999389648	1.0985622000000603	epochs	3.0
1159.7125621389648	0.8760250000000269	epochs	3.0
1160.5885871389648	1.3524075000000266	epochs	2.0
1160.5885871389648	0.7286355000001095	epochs	3.0
1161.317222638965	0.6237719999999172	epochs	3.0
1161.9409946389649	1.029759199999944	epochs	2.0
1161.9409946389649	0.5453293000000485	epochs	3.0
1162.486323938965	0.4844298999998955	epochs	3.0
1162.9707538389648	0.8317862000001242	epochs	2.0
1162.9707538389648	0.4357763000000432	epochs	3.0
1163.4065301389649	0.39600990000008096	epochs	3.0
1163.802540038965	0.6977969999998095	epochs	2.0
1163.802540038965	0.3628982000000178	epochs	3.0
1164.165438238965	0.33489879999979166	epochs	3.0
1164.5003370389647	0.601045699999986	epochs	2.0
1164.5003370389647	0.3109123000001546	epochs	3.0
1164.811249338965	0.29013339999983145	epochs	3.0
1165.1013827389647	0.5278859000000011	epochs	2.0
1165.1013827389647	0.2719586000000618	epochs	3.0
1165.3733413389648	0.25592729999993935	epochs	3.0
1165.6292686389647	0.4706193000001804	epochs	2.0
1165.6292686389647	0.24168130000020938	epochs	3.0
1165.870949938965	0.228937999999971	epochs	3.0
1166.099887938965	0.42457039999999324	epochs	2.0
1166.099887938965	0.21747140000002219	epochs	3.0
1166.317359338965	0.20709899999997106	epochs	3.0
1166.524458338965	0.3867353999999068	epochs	2.0
1166.524458338965	0.19767109999997956	epochs	3.0
1166.7221294389649	0.18906429999992724	epochs	3.0
1166.9111937389648	0.35509530000013	epochs	2.0
1166.9111937389648	0.18117589999997108	epochs	3.0
1167.0923696389648	0.17391940000015893	epochs	3.0
1167.266289038965	0.3282431000000088	epochs	2.0
1167.266289038965	0.16722189999995862	epochs	3.0
1167.433510938965	0.16102120000005016	epochs	3.0
1167.594532138965	0.3051679999998669	epochs	2.0
1167.594532138965	0.15526389999990897	epochs	3.0
1167.7497960389649	0.1499040999999579	epochs	3.0
1167.8997001389648	0.28512530000011793	epochs	2.0
1167.8997001389648	0.1449021000000812	epochs	3.0
1168.044602238965	0.14022320000003674	epochs	3.0
1168.184825438965	0.2675537999998596	epochs	2.0
1168.184825438965	0.1358368999999584	epochs	3.0
1168.320662338965	0.13171689999990122	epochs	3.0
1168.4523792389648	0.25202290000015637	epochs	2.0
1168.4523792389648	0.1278393000000051	epochs	3.0
1168.5802185389648	0.12418360000015127	epochs	3.0
1168.704402138965	0.23819649999995818	epochs	2.0
1168.704402138965	0.1207310999998299	epochs	3.0
1168.8251332389648	0.11746540000012828	epochs	3.0
1168.942598638965	0.22580879999986792	epochs	2.0
1168.942598638965	0.1143718999999237	epochs	3.0
1169.0569705389648	0.11143689999994422	epochs	3.0
1169.1684074389648	0.2146460000001298	epochs	2.0
1169.1684074389648	0.10864890000016203	epochs	3.0
1169.277056338965	0.10599709999996776	epochs	3.0
1169.383053438965	0.2045349999998507	epochs	2.0
1169.383053438965	0.1034714999998414	epochs	3.0
1169.4865249389647	0.1010635000000093	epochs	3.0
1169.5875884389648	0.19533400000000256	epochs	2.0
1169.5875884389648	0.09876510000003691	epochs	3.0
1169.6863535389648	0.09656889999996565	epochs	3.0
1169.7829224389648	0.18692529999998442	epochs	2.0
1169.7829224389648	0.09446830000001682	epochs	3.0
1169.8773907389648	0.09245699999996759	epochs	3.0
1169.9698477389647	0.1792107000001124	epochs	2.0
1169.9698477389647	0.0905296000000817	epochs	3.0
1170.0603773389648	0.08868110000003071	epochs	3.0
1170.1490584389649	0.17210769999996955	epochs	2.0
1170.1490584389649	0.08690630000000965	epochs	3.0
1170.2359647389649	0.0852013999999599	epochs	3.0
1170.3211661389648	0.16554640000003928	epochs	2.0
1170.3211661389648	0.08356189999994967	epochs	3.0
1170.4047280389648	0.08198450000008961	epochs	3.0
1170.4867125389649	0.15946710000002895	epochs	2.0
1170.4867125389649	0.08046539999986635	epochs	3.0
1170.5671779389647	0.0790017000001626	epochs	3.0
1170.646179638965	0.1538183999998637	epochs	2.0
1170.646179638965	0.07759009999995214	epochs	3.0
1170.7237697389648	0.07622829999991154	epochs	3.0
1170.7999980389648	0.14855640000018866	epochs	2.0
1170.7999980389648	0.07491330000016205	epochs	3.0
1170.874911338965	0.0736431000000266	epochs	3.0
1170.948554438965	0.1436423999998624	epochs	2.0
1170.948554438965	0.07241499999986445	epochs	3.0
1171.0209694389648	0.07122739999999794	epochs	3.0
1171.0921968389648	0.13904309999998077	epochs	2.0
1171.0921968389648	0.07007799999996678	epochs	3.0
1171.1622748389648	0.06896510000001399	epochs	3.0
1171.2312399389648	0.1347293000001173	epochs	2.0
1171.2312399389648	0.0678871000000072	epochs	3.0
1171.2991270389648	0.0668422000001101	epochs	3.0
1171.365969238965	0.1306752000000415	epochs	2.0
1171.365969238965	0.06582909999997355	epochs	3.0
1171.4317983389649	0.06484610000006796	epochs	3.0
1171.496644438965	0.1268577999999252	epochs	2.0
1171.496644438965	0.06389199999989614	epochs	3.0
1171.5605364389648	0.06296580000002905	epochs	3.0
1171.6235022389649	0.12325719999989815	epochs	2.0
1171.6235022389649	0.06206580000002759	epochs	3.0
1171.685568038965	0.061191399999870555	epochs	3.0
1171.7467594389648	0.11985540000000583	epochs	2.0
1171.7467594389648	0.060341099999959624	epochs	3.0
1171.8071005389647	0.059514300000046205	epochs	3.0
1171.8666148389648	0.11663620000012997	epochs	2.0
1171.8666148389648	0.05870960000015657	epochs	3.0
1171.925324438965	0.057926599999973405	epochs	3.0
1171.983251038965	0.11358559999985118	epochs	2.0
1171.983251038965	0.05716419999998834	epochs	3.0
1172.040415238965	0.05642139999986284	epochs	3.0
1172.0968366389648	0.11069050000014613	epochs	2.0
1172.0968366389648	0.055697900000041045	epochs	3.0
1172.1525345389648	0.054992600000105085	epochs	3.0
1172.207527138965	0.10793909999983953	epochs	2.0
1172.207527138965	0.05430490000003374	epochs	3.0
1172.261832038965	0.05363419999980579	epochs	3.0
1172.3154662389647	0.10532150000017282	epochs	2.0
1172.3154662389647	0.052980000000161453	epochs	3.0
1172.368446238965	0.052341500000011365	epochs	3.0
1172.420787738965	0.10282759999995505	epochs	2.0
1172.420787738965	0.05171810000001642	epochs	3.0
1172.472505838965	0.051109499999938635	epochs	3.0
1172.5236153389649	0.10044909999987794	epochs	2.0
1172.5236153389649	0.050514900000052876	epochs	3.0
1172.574130238965	0.04993419999982507	epochs	3.0
1172.6240644389648	0.09817830000019967	epochs	2.0
1172.6240644389648	0.04936659999998483	epochs	3.0
1172.6734310389647	0.04881170000021484	epochs	3.0
1172.722242738965	0.09600779999982478	epochs	2.0
1172.722242738965	0.048269199999822376	epochs	3.0
1172.7705119389648	0.04773860000000241	epochs	3.0
1172.8182505389648	0.09393120000004274	epochs	2.0
1172.8182505389648	0.04721949999998287	epochs	3.0
1172.8654700389648	0.046711700000059864	epochs	3.0
1172.9121817389648	0.09194260000003851	epochs	2.0
1172.9121817389648	0.046214599999984785	epochs	3.0
1172.9583963389648	0.045728000000053726	epochs	3.0
1173.0041243389649	0.09003630000006524	epochs	2.0
1173.0041243389649	0.045251499999949374	epochs	3.0
1173.0493758389648	0.044784800000115865	epochs	3.0
1173.094160638965	0.08820760000003247	epochs	2.0
1173.094160638965	0.044327800000019124	epochs	3.0
1173.138488438965	0.04387980000001335	epochs	3.0
1173.182368238965	0.0864516999999978	epochs	2.0
1173.182368238965	0.04344099999980244	epochs	3.0
1173.2258092389648	0.04301070000019536	epochs	3.0
1173.268819938965	0.08476429999996071	epochs	2.0
1173.268819938965	0.04258899999990717	epochs	3.0
1173.3114089389649	0.04217530000005354	epochs	3.0
1173.353584238965	0.08314150000001064	epochs	2.0
1173.353584238965	0.04176970000003166	epochs	3.0
1173.395353938965	0.041371799999978975	epochs	3.0
1173.436725738965	0.08157970000002024	epochs	2.0
1173.436725738965	0.040981399999964196	epochs	3.0
1173.477707138965	0.04059830000005604	epochs	3.0
1173.518305438965	0.08007549999979346	epochs	2.0
1173.518305438965	0.04022229999986848	epochs	3.0
1173.5585277389648	0.03985319999992498	epochs	3.0
1173.5983809389647	0.07862570000020241	epochs	2.0
1173.5983809389647	0.039490800000066884	epochs	3.0
1173.6378717389648	0.03913490000013553	epochs	3.0
1173.677006638965	0.07722760000001472	epochs	2.0
1173.677006638965	0.03878539999982422	epochs	3.0
1173.7157920389648	0.038442200000190496	epochs	3.0
1173.754234238965	0.07587819999980638	epochs	2.0
1173.754234238965	0.03810479999992822	epochs	3.0
1173.7923390389649	0.037773399999878166	epochs	3.0
1173.8301124389648	0.0745752000000266	epochs	2.0
1173.8301124389648	0.03744770000002973	epochs	3.0
1173.8675601389648	0.03712749999999687	epochs	3.0
1173.9046876389648	0.07331629999998768	epochs	2.0
1173.9046876389648	0.0368129000000863	epochs	3.0
1173.9415005389649	0.036503399999901376	epochs	3.0
1173.9780039389648	0.07209899999998015	epochs	2.0
1173.9780039389648	0.03619909999997617	epochs	3.0
1174.0142030389648	0.03589990000000398	epochs	3.0
1174.0501029389648	0.07092170000009901	epochs	2.0
1174.0501029389648	0.03560560000005353	epochs	3.0
1174.0857085389648	0.03531610000004548	epochs	3.0
1174.1210246389649	0.06978200000003199	epochs	2.0
1174.1210246389649	0.03503120000004856	epochs	3.0
1174.156055838965	0.03475079999998343	epochs	3.0
1174.190806638965	0.06867859999988468	epochs	2.0
1174.190806638965	0.03447510000000875	epochs	3.0
1174.225281738965	0.03420349999987593	epochs	3.0
1174.2594852389648	0.06760930000018561	epochs	2.0
1174.2594852389648	0.033936199999970995	epochs	3.0
1174.2934214389647	0.03367310000021462	epochs	3.0
1174.327094538965	0.06657289999998284	epochs	2.0
1174.327094538965	0.03341399999999339	epochs	3.0
1174.360508538965	0.033158899999989444	epochs	3.0
1174.393667438965	0.06556779999982609	epochs	2.0
1174.393667438965	0.03290769999989607	epochs	3.0
1174.4265751389648	0.032660099999930026	epochs	3.0
1174.4592352389648	0.06459259999996902	epochs	2.0
1174.4592352389648	0.03241640000010193	epochs	3.0
1174.4916516389649	0.032176199999867094	epochs	3.0
1174.5238278389647	0.06364600000006249	epochs	2.0
1174.5238278389647	0.03193960000021434	epochs	3.0
1174.555767438965	0.031706399999848145	epochs	3.0
1174.5874738389648	0.0627266999999847	epochs	2.0
1174.5874738389648	0.03147660000013275	epochs	3.0
1174.618950438965	0.031250099999851955	epochs	3.0
1174.6502005389648	0.06183359999999993	epochs	2.0
1174.6502005389648	0.031026900000142632	epochs	3.0
1174.681227438965	0.0308066999998573	epochs	3.0
1174.7120341389648	0.06096560000014506	epochs	2.0
1174.7120341389648	0.03058980000014344	epochs	3.0
1174.742623938965	0.030375800000001618	epochs	3.0
1174.772999738965	0.06012160000000222	epochs	2.0
1174.772999738965	0.030164899999817862	epochs	3.0
1174.8031646389647	0.029956700000184355	epochs	3.0
1174.833121338965	0.05930069999999432	epochs	2.0
1174.833121338965	0.029751599999826794	epochs	3.0
1174.8628729389648	0.029549100000167527	epochs	3.0
1174.892422038965	0.05850179999993088	epochs	2.0
1174.892422038965	0.02934940000000097	epochs	3.0
1174.921771438965	0.029152399999929912	epochs	3.0
1174.9509238389649	0.05772419999993872	epochs	2.0
1174.9509238389649	0.028958000000102402	epochs	3.0
1174.979881838965	0.028766199999836317	epochs	3.0
1175.0086480389648	0.05696710000006533	epochs	2.0
1175.0086480389648	0.028577000000041153	epochs	3.0
1175.0372250389648	0.028390100000024177	epochs	3.0
1175.0656151389649	0.05622949999997218	epochs	2.0
1175.0656151389649	0.028205699999944045	epochs	3.0
1175.0938208389648	0.028023800000028132	epochs	3.0
1175.1218446389648	0.05551070000001346	epochs	2.0
1175.1218446389648	0.027843999999959124	epochs	3.0
1175.1496886389648	0.027666700000054334	epochs	3.0
1175.1773553389648	0.054810200000019904	epochs	2.0
1175.1773553389648	0.02749149999999645	epochs	3.0
1175.2048468389648	0.027318700000023455	epochs	3.0
1175.2321655389649	0.054126999999880354	epochs	2.0
1175.2321655389649	0.027147799999966082	epochs	3.0
1175.2593133389648	0.026979199999914272	epochs	3.0
1175.2862925389647	0.05346070000018699	epochs	2.0
1175.2862925389647	0.026812600000084785	epochs	3.0
1175.3131051389648	0.026648100000102204	epochs	3.0
1175.339753238965	0.05281070000000909	epochs	2.0
1175.339753238965	0.0264855999998872	epochs	3.0
1175.3662388389648	0.026325100000121893	epochs	3.0
1175.392563938965	0.052176199999848905	epochs	2.0
1175.392563938965	0.026166399999965506	epochs	3.0
1175.418730338965	0.0260097999998834	epochs	3.0
1175.4447401389648	0.051556699999991906	epochs	2.0
1175.4447401389648	0.02585480000016105	epochs	3.0
1175.470594938965	0.025701899999830857	epochs	3.0
1175.4962968389648	0.05095189999997274	epochs	2.0
1175.4962968389648	0.025550700000167126	epochs	3.0
1175.521847538965	0.025401199999805613	epochs	3.0
1175.5472487389648	0.05036100000006627	epochs	2.0
1175.5472487389648	0.025253500000189888	epochs	3.0
1175.572502238965	0.02510749999987638	epochs	3.0
1175.5976097389648	0.04978380000011384	epochs	2.0
1175.5976097389648	0.02496320000000196	epochs	3.0
1175.6225729389648	0.02482060000011188	epochs	3.0
1175.647393538965	0.04921949999993558	epochs	2.0
1175.647393538965	0.024679399999968155	epochs	3.0
1175.672072938965	0.024540099999967424	epochs	3.0
1175.6966130389649	0.04866790000005494	epochs	2.0
1175.6966130389649	0.024402100000088467	epochs	3.0
1175.721015138965	0.024265799999966475	epochs	3.0
1175.745280938965	0.048128599999927246	epochs	2.0
1175.745280938965	0.02413099999989754	epochs	3.0
1175.7694119389648	0.023997600000029706	epochs	3.0
1175.7934095389649	0.047601100000065344	epochs	2.0
1175.7934095389649	0.023865800000066884	epochs	3.0
1175.817275338965	0.02373529999999846	epochs	3.0
1175.841010638965	0.04708499999992455	epochs	2.0
1175.841010638965	0.023606299999983094	epochs	3.0
1175.864616938965	0.023478699999941455	epochs	3.0
1175.8880956389648	0.046579999999948996	epochs	2.0
1175.8880956389648	0.023352500000100918	epochs	3.0
1175.911448138965	0.023227499999848078	epochs	3.0
1175.9346756389648	0.046085700000048746	epochs	2.0
1175.9346756389648	0.023104000000103042	epochs	3.0
1175.957779638965	0.022981699999945704	epochs	3.0
1175.9807613389648	0.045601799999985815	epochs	2.0
1175.9807613389648	0.02286069999991014	epochs	3.0
1176.0036220389647	0.022741100000075676	epochs	3.0
1176.0263631389648	0.04512790000012501	epochs	2.0
1176.0263631389648	0.022622500000125	epochs	3.0
1176.048985638965	0.02250540000000001	epochs	3.0
1176.071491038965	0.04466379999985293	epochs	2.0
1176.071491038965	0.02238929999998618	epochs	3.0
1176.093880338965	0.022274499999866748	epochs	3.0
1176.1161548389648	0.04420920000006845	epochs	2.0
1176.1161548389648	0.022160799999937808	epochs	3.0
1176.1383156389647	0.02204840000013064	epochs	3.0
1176.1603640389649	0.04376359999992019	epochs	2.0
1176.1603640389649	0.02193689999990056	epochs	3.0
1176.1823009389648	0.021826700000019628	epochs	3.0
1176.2041276389648	0.04332709999994222	epochs	2.0
1176.2041276389648	0.02171760000010181	epochs	3.0
1176.225845238965	0.02160949999984041	epochs	3.0
1176.2474547389647	0.04289900000003399	epochs	2.0
1176.2474547389647	0.021502500000224245	epochs	3.0
1176.268957238965	0.021396499999809748	epochs	3.0
1176.2903537389648	0.04247950000012679	epochs	2.0
1176.2903537389648	0.021291700000119818	epochs	3.0
1176.311645438965	0.021187800000006973	epochs	3.0
1176.332833238965	0.04206789999989269	epochs	2.0
1176.332833238965	0.02108490000000529	epochs	3.0
1176.353918138965	0.020982999999887397	epochs	3.0
1176.3749011389648	0.04166439999994509	epochs	2.0
1176.3749011389648	0.020882199999959994	epochs	3.0
1176.3957833389647	0.020782199999985096	epochs	3.0
1176.4165655389647	0.04126850000011473	epochs	2.0
1176.4165655389647	0.02068330000020069	epochs	3.0
1176.437248838965	0.02058519999991404	epochs	3.0
1176.4578340389648	0.04088000000001557	epochs	2.0
1176.4578340389648	0.020488099999965925	epochs	3.0
1176.4783221389648	0.020391900000049645	epochs	3.0
1176.4987140389649	0.04049880000002304	epochs	2.0
1176.4987140389649	0.020296599999937825	epochs	3.0
1176.5190106389648	0.020202200000085213	epochs	3.0
1176.5392128389649	0.040124599999899146	epochs	2.0
1176.5392128389649	0.02010870000003706	epochs	3.0
1176.559321538965	0.020015899999862086	epochs	3.0
1176.5793374389648	0.03975730000001931	epochs	2.0
1176.5793374389648	0.019924200000104975	epochs	3.0
1176.599261638965	0.01983309999991434	epochs	3.0
1176.6190947389648	0.03939669999999751	epochs	2.0
1176.6190947389648	0.01974300000006224	epochs	3.0
1176.6388377389649	0.01965369999993527	epochs	3.0
1176.6584914389648	0.03904239999997117	epochs	2.0
1176.6584914389648	0.019565100000136226	epochs	3.0
1176.678056538965	0.01947729999983494	epochs	3.0
1176.6975338389648	0.038694600000098944	epochs	2.0
1176.6975338389648	0.019390400000020236	epochs	3.0
1176.7169242389648	0.01930420000007871	epochs	3.0
1176.7362284389649	0.03835290000006353	epochs	2.0
1176.7362284389649	0.019218799999862313	epochs	3.0
1176.7554472389647	0.019134100000201215	epochs	3.0
1176.774581338965	0.03801720000001296	epochs	2.0
1176.774581338965	0.019050199999810502	epochs	3.0
1176.7936315389647	0.01896700000020246	epochs	3.0
1176.812598538965	0.03768719999993664	epochs	2.0
1176.812598538965	0.018884499999785476	epochs	3.0
1176.8314830389647	0.018802700000151162	epochs	3.0
1176.8502857389649	0.03736309999999321	epochs	2.0
1176.8502857389649	0.018721700000014607	epochs	3.0
1176.869007438965	0.018641399999978603	epochs	3.0
1176.8876488389649	0.03704429999993408	epochs	2.0
1176.8876488389649	0.018561599999884493	epochs	3.0
1176.9062104389648	0.01848270000004959	epochs	3.0
1176.9246931389648	0.036731000000145286	epochs	2.0
1176.9246931389648	0.018404299999929208	epochs	3.0
1176.9430974389647	0.01832670000021608	epochs	3.0
1176.961424138965	0.03642289999993409	epochs	2.0
1176.961424138965	0.018249599999990096	epochs	3.0
1176.979673738965	0.018173299999943993	epochs	3.0
1176.997847038965	0.03612010000006194	epochs	2.0
1176.997847038965	0.01809759999991911	epochs	3.0
1177.0159446389648	0.018022500000142827	epochs	3.0
1177.033967138965	0.03582209999990482	epochs	2.0
1177.033967138965	0.01794789999985369	epochs	3.0
1177.0519150389648	0.017874200000051133	epochs	3.0
1177.0697892389649	0.03552899999999681	epochs	2.0
1177.0697892389649	0.017800800000031813	epochs	3.0
1177.087590038965	0.017728199999965	epochs	3.0
1177.1053182389649	0.03524070000003121	epochs	2.0
1177.1053182389649	0.017656100000067454	epochs	3.0
1177.122974338965	0.017584599999963757	epochs	3.0
1177.140558938965	0.03495709999992869	epochs	2.0
1177.140558938965	0.017513699999881283	epochs	3.0
1177.1580726389648	0.017443400000047404	epochs	3.0
1177.1755160389648	0.03467790000013338	epochs	2.0
1177.1755160389648	0.017373599999928047	epochs	3.0
1177.1928896389647	0.01730430000020533	epochs	3.0
1177.210193938965	0.03440329999989444	epochs	2.0
1177.210193938965	0.017235699999901044	epochs	3.0
1177.2274296389648	0.0171675999999934	epochs	3.0
1177.2445972389648	0.03413279999995211	epochs	2.0
1177.2445972389648	0.01709989999994832	epochs	3.0
1177.2616971389648	0.017032900000003792	epochs	3.0
1177.2787300389648	0.03386670000008962	epochs	2.0
1177.2787300389648	0.01696640000000116	epochs	3.0
1177.2956964389648	0.016900300000088464	epochs	3.0
1177.3125967389649	0.03360459999998966	epochs	2.0
1177.3125967389649	0.01683479999996962	epochs	3.0
1177.3294315389649	0.01676980000002004	epochs	3.0
1177.3462013389649	0.033346599999958926	epochs	2.0
1177.3462013389649	0.016705300000012357	epochs	3.0
1177.362906638965	0.01664129999994657	epochs	3.0
1177.3795479389648	0.03309250000006614	epochs	2.0
1177.3795479389648	0.016577800000050047	epochs	3.0
1177.3961257389649	0.01651470000001609	epochs	3.0
1177.412640438965	0.03284229999985655	epochs	2.0
1177.412640438965	0.01645220000000336	epochs	3.0
1177.429092638965	0.01639009999985319	epochs	3.0
1177.4454827389648	0.03259570000000167	epochs	2.0
1177.4454827389648	0.016328400000020338	epochs	3.0
1177.4618111389648	0.016267299999981333	epochs	3.0
1177.4780784389648	0.032352899999978035	epochs	2.0
1177.4780784389648	0.016206600000032267	epochs	3.0
1177.4942850389648	0.016146299999945768	epochs	3.0
1177.5104313389647	0.032113700000081735	epochs	2.0
1177.5104313389647	0.016086600000107865	epochs	3.0
1177.5265179389648	0.01602709999997387	epochs	3.0
1177.5425450389648	0.03187800000000607	epochs	2.0
1177.5425450389648	0.015968200000088473	epochs	3.0
1177.558513238965	0.015909799999917595	epochs	3.0
1177.5744230389648	0.03164570000012645	epochs	2.0
1177.5744230389648	0.015851599999905375	epochs	3.0
1177.5902746389647	0.01579410000022108	epochs	3.0
1177.606068738965	0.031416699999908815	epochs	2.0
1177.606068738965	0.01573669999993399	epochs	3.0
1177.6218054389649	0.015679999999974825	epochs	3.0
1177.6374854389649	0.03119109999988723	epochs	2.0
1177.6374854389649	0.015623600000026272	epochs	3.0
1177.6531090389649	0.015567499999860956	epochs	3.0
1177.6686765389647	0.03096870000013041	epochs	2.0
1177.6686765389647	0.01551200000017161	epochs	3.0
1177.684188538965	0.0154566999999588	epochs	3.0
1177.6996452389649	0.030749499999956242	epochs	2.0
1177.6996452389649	0.015401999999994587	epochs	3.0
1177.7150472389649	0.015347499999961656	epochs	3.0
1177.7303947389648	0.03053320000003623	epochs	2.0
1177.7303947389648	0.015293400000018664	epochs	3.0
1177.7456881389649	0.015239800000017567	epochs	3.0
1177.7609279389649	0.030320099999926242	epochs	2.0
1177.7609279389649	0.015186500000027081	epochs	3.0
1177.776114438965	0.015133599999899161	epochs	3.0
1177.7912480389648	0.03010990000007041	epochs	2.0
1177.7912480389648	0.015081000000009226	epochs	3.0
1177.8063290389648	0.015028900000061185	epochs	3.0
1177.8213579389649	0.029902499999934662	epochs	2.0
1177.8213579389649	0.014977000000044427	epochs	3.0
1177.836334938965	0.014925499999890235	epochs	3.0
1177.8512604389648	0.0296981000001324	epochs	2.0
1177.8512604389648	0.014874400000053356	epochs	3.0
1177.8661348389649	0.014823700000079043	epochs	3.0
1177.880958538965	0.029496299999891562	epochs	2.0
1177.880958538965	0.01477319999980864	epochs	3.0
1177.8957317389647	0.014723100000082923	epochs	3.0
1177.9104548389648	0.029297400000132257	epochs	2.0
1177.9104548389648	0.014673399999992398	epochs	3.0
1177.9251282389648	0.014624000000139858	epochs	3.0
1177.939752238965	0.029101099999934377	epochs	2.0
1177.939752238965	0.014574899999843183	epochs	3.0
1177.9543271389648	0.014526200000091194	epochs	3.0
1177.968853338965	0.028907399999980044	epochs	2.0
1177.968853338965	0.014477700000043114	epochs	3.0
1177.983331038965	0.014429699999936929	epochs	3.0
1177.9977607389649	0.028716199999962555	epochs	2.0
1177.9977607389649	0.014381799999910072	epochs	3.0
1178.0121425389648	0.014334400000052483	epochs	3.0
1178.0264769389648	0.02852759999996124	epochs	2.0
1178.0264769389648	0.014287199999898803	epochs	3.0
1178.0407641389647	0.014240400000062436	epochs	3.0
1178.0550045389648	0.028341400000044814	epochs	2.0
1178.0550045389648	0.014193800000157353	epochs	3.0
1178.069198338965	0.014147599999887461	epochs	3.0
1178.0833459389648	0.028157700000065233	epochs	2.0
1178.0833459389648	0.014101700000082928	epochs	3.0
1178.097447638965	0.014055999999982305	epochs	3.0
1178.111503638965	0.02797629999986384	epochs	2.0
1178.111503638965	0.014010599999892293	epochs	3.0
1178.1255142389648	0.013965699999971548	epochs	3.0
1178.1394799389648	0.027797200000122757	epochs	2.0
1178.1394799389648	0.013920800000050804	epochs	3.0
1178.1534007389648	0.013876400000071953	epochs	3.0
1178.167277138965	0.027620399999932488	epochs	2.0
1178.167277138965	0.013832200000024386	epochs	3.0
1178.181109338965	0.013788199999908102	epochs	3.0
1178.1948975389648	0.027445899999975154	epochs	2.0
1178.1948975389648	0.01374460000010913	epochs	3.0
1178.208642138965	0.013701299999866023	epochs	3.0
1178.2223434389648	0.0272735000000921	epochs	2.0
1178.2223434389648	0.013658200000008947	epochs	3.0
1178.2360016389648	0.013615300000083153	epochs	3.0
1178.249616938965	0.027103399999987232	epochs	2.0
1178.249616938965	0.013572800000019924	epochs	3.0
1178.263189738965	0.013530599999967308	epochs	3.0
1178.2767203389649	0.02693520000002536	epochs	2.0
1178.2767203389649	0.01348839999991469	epochs	3.0
1178.2902087389648	0.01344680000011067	epochs	3.0
1178.303655538965	0.026769199999989723	epochs	2.0
1178.303655538965	0.013405199999851902	epochs	3.0
1178.3170607389648	0.013364000000137821	epochs	3.0
1178.330424738965	0.026605199999949036	epochs	2.0
1178.330424738965	0.013322900000048321	epochs	3.0
1178.343747638965	0.013282299999900715	epochs	3.0
1178.3570299389648	0.0264431999999033	epochs	2.0
1178.3570299389648	0.013241699999980483	epochs	3.0
1178.3702716389648	0.013201499999922817	epochs	3.0
1178.3834731389647	0.026283200000079887	epochs	2.0
1178.3834731389647	0.013161500000023807	epochs	3.0
1178.3966346389648	0.01312170000005608	epochs	3.0
1178.4097563389648	0.02612500000009277	epochs	2.0
1178.4097563389648	0.013082100000019636	epochs	3.0
1178.4228384389648	0.013042900000073132	epochs	3.0
1178.435881338965	0.025968899999952555	epochs	2.0
1178.435881338965	0.013003899999830537	epochs	3.0
1178.4488852389647	0.012965000000122018	epochs	3.0
1178.4618502389649	0.025814500000024054	epochs	2.0
1178.4618502389649	0.012926399999969362	epochs	3.0
1178.4747766389648	0.012888100000054692	epochs	3.0
1178.487664738965	0.025661899999931848	epochs	2.0
1178.487664738965	0.012849899999991976	epochs	3.0
1178.500514638965	0.012811999999939871	epochs	3.0
1178.5133266389648	0.025511199999982637	epochs	2.0
1178.5133266389648	0.012774400000125752	epochs	3.0
1178.526101038965	0.012736799999856885	epochs	3.0
1178.5388378389648	0.025362300000097093	epochs	2.0
1178.5388378389648	0.01269969999998466	epochs	3.0
1178.5515375389648	0.012662600000112434	epochs	3.0
1178.564200138965	0.025214999999889187	epochs	2.0
1178.564200138965	0.012625800000023446	epochs	3.0
1178.576825938965	0.012589199999865741	epochs	3.0
1178.5894151389648	0.024584799999956886	epochs	2.0
1178.6098399389648	0.5	epochs	-1.0
1178.6139999389648	0.5194400000000314	epochs	1.0
1179.1334399389648	0.48048000000017055	epochs	0.0
1180.3179998397827	0.09999999999990905	epochs	0.0
1180.3179998397827	0.04500000000007276	epochs	1.0
1180.3629998397828	0.009999999999990905	epochs	1.0
1180.3729998397828	0.044999999999845386	epochs	1.0
1180.4179998397826	2.0	epochs	0.0
1182.4179998397826	0.5194400000000314	epochs	0.0
1182.4179998397826	0.5194400000000314	epochs	1.0
1182.4179998397826	0.5	epochs	-1.0
1182.9179998397826	0.019440000000031432	epochs	-1.0
1182.9374398397827	21.48048000000017	epochs	0.0
1184.1680002212524	0.09999999999990905	epochs	0.0
1184.1680002212524	0.04500000000007276	epochs	1.0
1184.2130002212525	0.009999999999990905	epochs	1.0
1184.2230002212525	0.044999999999845386	epochs	1.0
1184.2680002212524	2.0	epochs	0.0
1186.2680002212524	0.5199200000001838	epochs	0.0
1186.2680002212524	0.5199200000001838	epochs	1.0
1186.2680002212524	0.5	epochs	-1.0
1186.7680002212524	0.01992000000018379	epochs	-1.0
1186.7879202212525	21.480000000000018	epochs	0.0
1196.5549998283386	0.09999999999990905	epochs	0.0
1196.5549998283386	0.04500000000007276	epochs	1.0
1196.5999998283387	0.009999999999990905	epochs	1.0
1196.6099998283387	0.044999999999845386	epochs	1.0
1196.6549998283385	2.0	epochs	0.0
1198.6549998283385	1.5196000000000822	epochs	0.0
1198.6549998283385	1.0	epochs	1.0
1198.6549998283385	0.5	epochs	-1.0
1199.1549998283385	1.0196000000000822	epochs	-1.0
1199.6549998283385	0.5196000000000822	epochs	-1.0
1199.6549998283385	0.5196000000000822	epochs	1.0
1199.6549998283385	0.5196000000000822	epochs	2.0
1199.6549998283385	0.5196000000000822	epochs	3.0
1200.1745998283386	20.48032000000012	epochs	0.0
1201.4029998779297	0.09999999999990905	epochs	0.0
1201.4029998779297	0.04500000000007276	epochs	1.0
1201.4479998779298	0.009999999999990905	epochs	1.0
1201.4579998779298	0.044999999999845386	epochs	1.0
1201.5029998779296	2.0	epochs	0.0
1203.5029998779296	1.6184800000000905	epochs	0.0
1203.5029998779296	1.0	epochs	1.0
1203.5029998779296	0.5	epochs	-1.0
1204.0029998779296	1.1184800000000905	epochs	-1.0
1204.5029998779296	0.6184800000000905	epochs	-1.0
1204.5029998779296	0.6184800000000905	epochs	1.0
1204.5029998779296	0.6184800000000905	epochs	2.0
1204.5029998779296	0.6184800000000905	epochs	3.0
1205.1214798779297	20.38144000000011	epochs	0.0
1206.3359999656677	0.09999999999990905	epochs	0.0
1206.3359999656677	0.04500000000007276	epochs	1.0
1206.3809999656678	0.009999999999990905	epochs	1.0
1206.3909999656678	0.044999999999845386	epochs	1.0
1206.4359999656676	2.0	epochs	0.0
1208.4359999656676	1.7192800000000261	epochs	0.0
1208.4359999656676	1.0	epochs	1.0
1208.4359999656676	0.5	epochs	-1.0
1208.9359999656676	1.2192800000000261	epochs	-1.0
1209.4359999656676	0.7192800000000261	epochs	-1.0
1209.4359999656676	0.7192800000000261	epochs	1.0
1209.4359999656676	0.7192800000000261	epochs	2.0
1209.4359999656676	0.7192800000000261	epochs	3.0
1210.1552799656677	20.280640000000176	epochs	0.0
1211.4229998588562	0.09999999999990905	epochs	0.0
1211.4229998588562	0.04500000000007276	epochs	1.0
1211.4679998588563	0.009999999999990905	epochs	1.0
1211.4779998588563	0.044999999999845386	epochs	1.0
1211.522999858856	2.0	epochs	0.0
1213.522999858856	5.400000000000091	epochs	0.0
1213.522999858856	1.0	epochs	1.0
1213.522999858856	0.5	epochs	-1.0
1214.022999858856	4.900000000000091	epochs	-1.0
1214.522999858856	4.400000000000091	epochs	1.0
1214.522999858856	4.356753900000058	epochs	-1.0
1214.522999858856	1.9745872000000873	epochs	2.0
1214.522999858856	1.0985622000000603	epochs	3.0
1215.6215620588562	0.8760250000000269	epochs	3.0
1216.4975870588562	1.3524075000000266	epochs	2.0
1216.4975870588562	0.7286355000001095	epochs	3.0
1217.2262225588563	0.6237719999999172	epochs	3.0
1217.8499945588562	1.029759199999944	epochs	2.0
1217.8499945588562	0.5453293000000485	epochs	3.0
1218.3953238588563	0.4844298999998955	epochs	3.0
1218.8797537588562	0.04324610000003304	epochs	2.0
1218.8797537588562	0.04324610000003304	epochs	3.0
1218.9229998588562	16.59992000000011	epochs	0.0
1220.1630001068115	0.09999999999990905	epochs	0.0
1220.1630001068115	0.04500000000007276	epochs	1.0
1220.2080001068116	0.009999999999990905	epochs	1.0
1220.2180001068116	0.044999999999845386	epochs	1.0
1220.2630001068114	2.0	epochs	0.0
1222.2630001068114	21.499920000000202	epochs	0.0
1222.2630001068114	1.0	epochs	1.0
1222.2630001068114	0.5	epochs	-1.0
1222.7630001068114	19.996399999999994	epochs	-1.0
1223.2630001068114	20.0	epochs	1.0
1223.2630001068114	4.356753900000058	epochs	-1.0
1223.2630001068114	1.9745872000000873	epochs	2.0
1223.2630001068114	1.0985622000000603	epochs	3.0
1224.3615623068115	0.8760250000000269	epochs	3.0
1225.2375873068115	1.3524075000000266	epochs	2.0
1225.2375873068115	0.7286355000001095	epochs	3.0
1225.9662228068116	0.6237719999999172	epochs	3.0
1226.5899948068115	1.029759199999944	epochs	2.0
1226.5899948068115	0.5453293000000485	epochs	3.0
1227.1353241068116	0.4844298999998955	epochs	3.0
1227.6197540068115	0.8317862000001242	epochs	2.0
1227.6197540068115	0.4357763000000432	epochs	3.0
1228.0555303068115	0.39600990000008096	epochs	3.0
1228.4515402068116	0.6977969999998095	epochs	2.0
1228.4515402068116	0.3628982000000178	epochs	3.0
1228.8144384068116	0.33489879999979166	epochs	3.0
1229.1493372068114	0.601045699999986	epochs	2.0
1229.1493372068114	0.3109123000001546	epochs	3.0
1229.4602495068116	0.29013339999983145	epochs	3.0
1229.7503829068114	0.5278859000000011	epochs	2.0
1229.7503829068114	0.2719586000000618	epochs	3.0
1230.0223415068115	0.25592729999993935	epochs	3.0
1230.2782688068114	0.4706193000001804	epochs	2.0
1230.2782688068114	0.24168130000020938	epochs	3.0
1230.5199501068116	0.228937999999971	epochs	3.0
1230.7488881068116	0.42457039999999324	epochs	2.0
1230.7488881068116	0.21747140000002219	epochs	3.0
1230.9663595068116	0.20709899999997106	epochs	3.0
1231.1734585068116	0.3867353999999068	epochs	2.0
1231.1734585068116	0.19767109999997956	epochs	3.0
1231.3711296068116	0.18906429999992724	epochs	3.0
1231.5601939068115	0.35509530000013	epochs	2.0
1231.5601939068115	0.18117589999997108	epochs	3.0
1231.7413698068115	0.17391940000015893	epochs	3.0
1231.9152892068116	0.3282431000000088	epochs	2.0
1231.9152892068116	0.16722189999995862	epochs	3.0
1232.0825111068116	0.16102120000005016	epochs	3.0
1232.2435323068116	0.3051679999998669	epochs	2.0
1232.2435323068116	0.15526389999990897	epochs	3.0
1232.3987962068115	0.1499040999999579	epochs	3.0
1232.5487003068115	0.28512530000011793	epochs	2.0
1232.5487003068115	0.1449021000000812	epochs	3.0
1232.6936024068116	0.14022320000003674	epochs	3.0
1232.8338256068116	0.2675537999998596	epochs	2.0
1232.8338256068116	0.1358368999999584	epochs	3.0
1232.9696625068116	0.13171689999990122	epochs	3.0
1233.1013794068115	0.25202290000015637	epochs	2.0
1233.1013794068115	0.1278393000000051	epochs	3.0
1233.2292187068115	0.12418360000015127	epochs	3.0
1233.3534023068116	0.23819649999995818	epochs	2.0
1233.3534023068116	0.1207310999998299	epochs	3.0
1233.4741334068115	0.11746540000012828	epochs	3.0
1233.5915988068116	0.22580879999986792	epochs	2.0
1233.5915988068116	0.1143718999999237	epochs	3.0
1233.7059707068115	0.11143689999994422	epochs	3.0
1233.8174076068115	0.2146460000001298	epochs	2.0
1233.8174076068115	0.10864890000016203	epochs	3.0
1233.9260565068116	0.10599709999996776	epochs	3.0
1234.0320536068116	0.2045349999998507	epochs	2.0
1234.0320536068116	0.1034714999998414	epochs	3.0
1234.1355251068114	0.1010635000000093	epochs	3.0
1234.2365886068114	0.19533400000000256	epochs	2.0
1234.2365886068114	0.09876510000003691	epochs	3.0
1234.3353537068115	0.09656889999996565	epochs	3.0
1234.4319226068114	0.18692529999998442	epochs	2.0
1234.4319226068114	0.09446830000001682	epochs	3.0
1234.5263909068115	0.09245699999996759	epochs	3.0
1234.6188479068114	0.1792107000001124	epochs	2.0
1234.6188479068114	0.0905296000000817	epochs	3.0
1234.7093775068115	0.08868110000003071	epochs	3.0
1234.7980586068115	0.17210769999996955	epochs	2.0
1234.7980586068115	0.08690630000000965	epochs	3.0
1234.8849649068115	0.0852013999999599	epochs	3.0
1234.9701663068115	0.16554640000003928	epochs	2.0
1234.9701663068115	0.08356189999994967	epochs	3.0
1235.0537282068115	0.08198450000008961	epochs	3.0
1235.1357127068115	0.15946710000002895	epochs	2.0
1235.1357127068115	0.08046539999986635	epochs	3.0
1235.2161781068114	0.0790017000001626	epochs	3.0
1235.2951798068116	0.1538183999998637	epochs	2.0
1235.2951798068116	0.07759009999995214	epochs	3.0
1235.3727699068115	0.07622829999991154	epochs	3.0
1235.4489982068114	0.14855640000018866	epochs	2.0
1235.4489982068114	0.07491330000016205	epochs	3.0
1235.5239115068116	0.0736431000000266	epochs	3.0
1235.5975546068116	0.1436423999998624	epochs	2.0
1235.5975546068116	0.07241499999986445	epochs	3.0
1235.6699696068115	0.07122739999999794	epochs	3.0
1235.7411970068115	0.13904309999998077	epochs	2.0
1235.7411970068115	0.07007799999996678	epochs	3.0
1235.8112750068115	0.06896510000001399	epochs	3.0
1235.8802401068115	0.1347293000001173	epochs	2.0
1235.8802401068115	0.0678871000000072	epochs	3.0
1235.9481272068115	0.0668422000001101	epochs	3.0
1236.0149694068116	0.1306752000000415	epochs	2.0
1236.0149694068116	0.06582909999997355	epochs	3.0
1236.0807985068116	0.06484610000006796	epochs	3.0
1236.1456446068116	0.1268577999999252	epochs	2.0
1236.1456446068116	0.06389199999989614	epochs	3.0
1236.2095366068115	0.06296580000002905	epochs	3.0
1236.2725024068116	0.12325719999989815	epochs	2.0
1236.2725024068116	0.06206580000002759	epochs	3.0
1236.3345682068116	0.061191399999870555	epochs	3.0
1236.3957596068115	0.11985540000000583	epochs	2.0
1236.3957596068115	0.060341099999959624	epochs	3.0
1236.4561007068114	0.059514300000046205	epochs	3.0
1236.5156150068115	0.11663620000012997	epochs	2.0
1236.5156150068115	0.05870960000015657	epochs	3.0
1236.5743246068116	0.057926599999973405	epochs	3.0
1236.6322512068116	0.11358559999985118	epochs	2.0
1236.6322512068116	0.05716419999998834	epochs	3.0
1236.6894154068116	0.05642139999986284	epochs	3.0
1236.7458368068114	0.11069050000014613	epochs	2.0
1236.7458368068114	0.055697900000041045	epochs	3.0
1236.8015347068115	0.054992600000105085	epochs	3.0
1236.8565273068116	0.10793909999983953	epochs	2.0
1236.8565273068116	0.05430490000003374	epochs	3.0
1236.9108322068116	0.05363419999980579	epochs	3.0
1236.9644664068114	0.10532150000017282	epochs	2.0
1236.9644664068114	0.052980000000161453	epochs	3.0
1237.0174464068116	0.052341500000011365	epochs	3.0
1237.0697879068116	0.10282759999995505	epochs	2.0
1237.0697879068116	0.05171810000001642	epochs	3.0
1237.1215060068116	0.051109499999938635	epochs	3.0
1237.1726155068116	0.10044909999987794	epochs	2.0
1237.1726155068116	0.050514900000052876	epochs	3.0
1237.2231304068116	0.04993419999982507	epochs	3.0
1237.2730646068114	0.09817830000019967	epochs	2.0
1237.2730646068114	0.04936659999998483	epochs	3.0
1237.3224312068114	0.04881170000021484	epochs	3.0
1237.3712429068116	0.09600779999982478	epochs	2.0
1237.3712429068116	0.048269199999822376	epochs	3.0
1237.4195121068115	0.04773860000000241	epochs	3.0
1237.4672507068115	0.09393120000004274	epochs	2.0
1237.4672507068115	0.04721949999998287	epochs	3.0
1237.5144702068114	0.046711700000059864	epochs	3.0
1237.5611819068115	0.09194260000003851	epochs	2.0
1237.5611819068115	0.046214599999984785	epochs	3.0
1237.6073965068115	0.045728000000053726	epochs	3.0
1237.6531245068115	0.09003630000006524	epochs	2.0
1237.6531245068115	0.045251499999949374	epochs	3.0
1237.6983760068115	0.044784800000115865	epochs	3.0
1237.7431608068116	0.08820760000003247	epochs	2.0
1237.7431608068116	0.044327800000019124	epochs	3.0
1237.7874886068116	0.04387980000001335	epochs	3.0
1237.8313684068116	0.0864516999999978	epochs	2.0
1237.8313684068116	0.04344099999980244	epochs	3.0
1237.8748094068114	0.04301070000019536	epochs	3.0
1237.9178201068116	0.08476429999996071	epochs	2.0
1237.9178201068116	0.04258899999990717	epochs	3.0
1237.9604091068115	0.04217530000005354	epochs	3.0
1238.0025844068116	0.08314150000001064	epochs	2.0
1238.0025844068116	0.04176970000003166	epochs	3.0
1238.0443541068116	0.041371799999978975	epochs	3.0
1238.0857259068116	0.08157970000002024	epochs	2.0
1238.0857259068116	0.040981399999964196	epochs	3.0
1238.1267073068116	0.04059830000005604	epochs	3.0
1238.1673056068116	0.08007549999979346	epochs	2.0
1238.1673056068116	0.04022229999986848	epochs	3.0
1238.2075279068115	0.03985319999992498	epochs	3.0
1238.2473811068114	0.07862570000020241	epochs	2.0
1238.2473811068114	0.039490800000066884	epochs	3.0
1238.2868719068115	0.03913490000013553	epochs	3.0
1238.3260068068116	0.07722760000001472	epochs	2.0
1238.3260068068116	0.03878539999982422	epochs	3.0
1238.3647922068114	0.038442200000190496	epochs	3.0
1238.4032344068116	0.07587819999980638	epochs	2.0
1238.4032344068116	0.03810479999992822	epochs	3.0
1238.4413392068116	0.037773399999878166	epochs	3.0
1238.4791126068114	0.0745752000000266	epochs	2.0
1238.4791126068114	0.03744770000002973	epochs	3.0
1238.5165603068115	0.03712749999999687	epochs	3.0
1238.5536878068115	0.07331629999998768	epochs	2.0
1238.5536878068115	0.0368129000000863	epochs	3.0
1238.5905007068116	0.036503399999901376	epochs	3.0
1238.6270041068115	0.07209899999998015	epochs	2.0
1238.6270041068115	0.03619909999997617	epochs	3.0
1238.6632032068114	0.03589990000000398	epochs	3.0
1238.6991031068114	0.07092170000009901	epochs	2.0
1238.6991031068114	0.03560560000005353	epochs	3.0
1238.7347087068115	0.03531610000004548	epochs	3.0
1238.7700248068115	0.06978200000003199	epochs	2.0
1238.7700248068115	0.03503120000004856	epochs	3.0
1238.8050560068116	0.03475079999998343	epochs	3.0
1238.8398068068116	0.06867859999988468	epochs	2.0
1238.8398068068116	0.03447510000000875	epochs	3.0
1238.8742819068116	0.03420349999987593	epochs	3.0
1238.9084854068115	0.06760930000018561	epochs	2.0
1238.9084854068115	0.033936199999970995	epochs	3.0
1238.9424216068114	0.03367310000021462	epochs	3.0
1238.9760947068116	0.06657289999998284	epochs	2.0
1238.9760947068116	0.03341399999999339	epochs	3.0
1239.0095087068116	0.033158899999989444	epochs	3.0
1239.0426676068116	0.06556779999982609	epochs	2.0
1239.0426676068116	0.03290769999989607	epochs	3.0
1239.0755753068115	0.032660099999930026	epochs	3.0
1239.1082354068114	0.06459259999996902	epochs	2.0
1239.1082354068114	0.03241640000010193	epochs	3.0
1239.1406518068115	0.032176199999867094	epochs	3.0
1239.1728280068114	0.06364600000006249	epochs	2.0
1239.1728280068114	0.03193960000021434	epochs	3.0
1239.2047676068116	0.031706399999848145	epochs	3.0
1239.2364740068115	0.0627266999999847	epochs	2.0
1239.2364740068115	0.03147660000013275	epochs	3.0
1239.2679506068116	0.031250099999851955	epochs	3.0
1239.2992007068115	0.06183359999999993	epochs	2.0
1239.2992007068115	0.031026900000142632	epochs	3.0
1239.3302276068116	0.0308066999998573	epochs	3.0
1239.3610343068115	0.06096560000014506	epochs	2.0
1239.3610343068115	0.03058980000014344	epochs	3.0
1239.3916241068116	0.030375800000001618	epochs	3.0
1239.4219999068116	0.06012160000000222	epochs	2.0
1239.4219999068116	0.030164899999817862	epochs	3.0
1239.4521648068114	0.029956700000184355	epochs	3.0
1239.4821215068116	0.05930069999999432	epochs	2.0
1239.4821215068116	0.029751599999826794	epochs	3.0
1239.5118731068114	0.029549100000167527	epochs	3.0
1239.5414222068116	0.05850179999993088	epochs	2.0
1239.5414222068116	0.02934940000000097	epochs	3.0
1239.5707716068116	0.029152399999929912	epochs	3.0
1239.5999240068115	0.05772419999993872	epochs	2.0
1239.5999240068115	0.028958000000102402	epochs	3.0
1239.6288820068116	0.028766199999836317	epochs	3.0
1239.6576482068115	0.05696710000006533	epochs	2.0
1239.6576482068115	0.028577000000041153	epochs	3.0
1239.6862252068115	0.028390100000024177	epochs	3.0
1239.7146153068115	0.05622949999997218	epochs	2.0
1239.7146153068115	0.028205699999944045	epochs	3.0
1239.7428210068115	0.028023800000028132	epochs	3.0
1239.7708448068115	0.05551070000001346	epochs	2.0
1239.7708448068115	0.027843999999959124	epochs	3.0
1239.7986888068115	0.027666700000054334	epochs	3.0
1239.8263555068115	0.054810200000019904	epochs	2.0
1239.8263555068115	0.02749149999999645	epochs	3.0
1239.8538470068115	0.027318700000023455	epochs	3.0
1239.8811657068115	0.054126999999880354	epochs	2.0
1239.8811657068115	0.027147799999966082	epochs	3.0
1239.9083135068115	0.026979199999914272	epochs	3.0
1239.9352927068114	0.05346070000018699	epochs	2.0
1239.9352927068114	0.026812600000084785	epochs	3.0
1239.9621053068115	0.026648100000102204	epochs	3.0
1239.9887534068116	0.05281070000000909	epochs	2.0
1239.9887534068116	0.0264855999998872	epochs	3.0
1240.0152390068115	0.026325100000121893	epochs	3.0
1240.0415641068116	0.052176199999848905	epochs	2.0
1240.0415641068116	0.026166399999965506	epochs	3.0
1240.0677305068116	0.0260097999998834	epochs	3.0
1240.0937403068115	0.051556699999991906	epochs	2.0
1240.0937403068115	0.02585480000016105	epochs	3.0
1240.1195951068116	0.025701899999830857	epochs	3.0
1240.1452970068115	0.05095189999997274	epochs	2.0
1240.1452970068115	0.025550700000167126	epochs	3.0
1240.1708477068116	0.025401199999805613	epochs	3.0
1240.1962489068114	0.05036100000006627	epochs	2.0
1240.1962489068114	0.025253500000189888	epochs	3.0
1240.2215024068116	0.02510749999987638	epochs	3.0
1240.2466099068115	0.04978380000011384	epochs	2.0
1240.2466099068115	0.02496320000000196	epochs	3.0
1240.2715731068115	0.02482060000011188	epochs	3.0
1240.2963937068116	0.04921949999993558	epochs	2.0
1240.2963937068116	0.024679399999968155	epochs	3.0
1240.3210731068116	0.024540099999967424	epochs	3.0
1240.3456132068115	0.04866790000005494	epochs	2.0
1240.3456132068115	0.024402100000088467	epochs	3.0
1240.3700153068116	0.024265799999966475	epochs	3.0
1240.3942811068116	0.048128599999927246	epochs	2.0
1240.3942811068116	0.02413099999989754	epochs	3.0
1240.4184121068115	0.023997600000029706	epochs	3.0
1240.4424097068115	0.047601100000065344	epochs	2.0
1240.4424097068115	0.023865800000066884	epochs	3.0
1240.4662755068116	0.02373529999999846	epochs	3.0
1240.4900108068116	0.04708499999992455	epochs	2.0
1240.4900108068116	0.023606299999983094	epochs	3.0
1240.5136171068116	0.023478699999941455	epochs	3.0
1240.5370958068115	0.046579999999948996	epochs	2.0
1240.5370958068115	0.023352500000100918	epochs	3.0
1240.5604483068116	0.023227499999848078	epochs	3.0
1240.5836758068115	0.046085700000048746	epochs	2.0
1240.5836758068115	0.023104000000103042	epochs	3.0
1240.6067798068116	0.022981699999945704	epochs	3.0
1240.6297615068115	0.045601799999985815	epochs	2.0
1240.6297615068115	0.02286069999991014	epochs	3.0
1240.6526222068114	0.022741100000075676	epochs	3.0
1240.6753633068115	0.04512790000012501	epochs	2.0
1240.6753633068115	0.022622500000125	epochs	3.0
1240.6979858068116	0.02250540000000001	epochs	3.0
1240.7204912068116	0.04466379999985293	epochs	2.0
1240.7204912068116	0.02238929999998618	epochs	3.0
1240.7428805068116	0.022274499999866748	epochs	3.0
1240.7651550068115	0.04420920000006845	epochs	2.0
1240.7651550068115	0.022160799999937808	epochs	3.0
1240.7873158068114	0.02204840000013064	epochs	3.0
1240.8093642068116	0.04376359999992019	epochs	2.0
1240.8093642068116	0.02193689999990056	epochs	3.0
1240.8313011068115	0.021826700000019628	epochs	3.0
1240.8531278068115	0.04332709999994222	epochs	2.0
1240.8531278068115	0.02171760000010181	epochs	3.0
1240.8748454068116	0.02160949999984041	epochs	3.0
1240.8964549068114	0.04289900000003399	epochs	2.0
1240.8964549068114	0.021502500000224245	epochs	3.0
1240.9179574068116	0.021396499999809748	epochs	3.0
1240.9393539068114	0.04247950000012679	epochs	2.0
1240.9393539068114	0.021291700000119818	epochs	3.0
1240.9606456068116	0.021187800000006973	epochs	3.0
1240.9818334068116	0.04206789999989269	epochs	2.0
1240.9818334068116	0.02108490000000529	epochs	3.0
1241.0029183068116	0.020982999999887397	epochs	3.0
1241.0239013068115	0.04166439999994509	epochs	2.0
1241.0239013068115	0.020882199999959994	epochs	3.0
1241.0447835068114	0.020782199999985096	epochs	3.0
1241.0655657068114	0.04126850000011473	epochs	2.0
1241.0655657068114	0.02068330000020069	epochs	3.0
1241.0862490068116	0.02058519999991404	epochs	3.0
1241.1068342068115	0.04088000000001557	epochs	2.0
1241.1068342068115	0.020488099999965925	epochs	3.0
1241.1273223068115	0.020391900000049645	epochs	3.0
1241.1477142068115	0.04049880000002304	epochs	2.0
1241.1477142068115	0.020296599999937825	epochs	3.0
1241.1680108068115	0.020202200000085213	epochs	3.0
1241.1882130068116	0.040124599999899146	epochs	2.0
1241.1882130068116	0.02010870000003706	epochs	3.0
1241.2083217068116	0.020015899999862086	epochs	3.0
1241.2283376068115	0.03975730000001931	epochs	2.0
1241.2283376068115	0.019924200000104975	epochs	3.0
1241.2482618068116	0.01983309999991434	epochs	3.0
1241.2680949068115	0.03939669999999751	epochs	2.0
1241.2680949068115	0.01974300000006224	epochs	3.0
1241.2878379068115	0.01965369999993527	epochs	3.0
1241.3074916068115	0.03904239999997117	epochs	2.0
1241.3074916068115	0.019565100000136226	epochs	3.0
1241.3270567068116	0.01947729999983494	epochs	3.0
1241.3465340068115	0.038694600000098944	epochs	2.0
1241.3465340068115	0.019390400000020236	epochs	3.0
1241.3659244068115	0.01930420000007871	epochs	3.0
1241.3852286068116	0.03835290000006353	epochs	2.0
1241.3852286068116	0.019218799999862313	epochs	3.0
1241.4044474068114	0.019134100000201215	epochs	3.0
1241.4235815068116	0.03801720000001296	epochs	2.0
1241.4235815068116	0.019050199999810502	epochs	3.0
1241.4426317068114	0.01896700000020246	epochs	3.0
1241.4615987068116	0.03768719999993664	epochs	2.0
1241.4615987068116	0.018884499999785476	epochs	3.0
1241.4804832068114	0.018802700000151162	epochs	3.0
1241.4992859068116	0.03736309999999321	epochs	2.0
1241.4992859068116	0.018721700000014607	epochs	3.0
1241.5180076068116	0.018641399999978603	epochs	3.0
1241.5366490068116	0.03704429999993408	epochs	2.0
1241.5366490068116	0.018561599999884493	epochs	3.0
1241.5552106068114	0.01848270000004959	epochs	3.0
1241.5736933068115	0.036731000000145286	epochs	2.0
1241.5736933068115	0.018404299999929208	epochs	3.0
1241.5920976068114	0.01832670000021608	epochs	3.0
1241.6104243068116	0.03642289999993409	epochs	2.0
1241.6104243068116	0.018249599999990096	epochs	3.0
1241.6286739068116	0.018173299999943993	epochs	3.0
1241.6468472068116	0.03612010000006194	epochs	2.0
1241.6468472068116	0.01809759999991911	epochs	3.0
1241.6649448068115	0.018022500000142827	epochs	3.0
1241.6829673068116	0.03582209999990482	epochs	2.0
1241.6829673068116	0.01794789999985369	epochs	3.0
1241.7009152068115	0.017874200000051133	epochs	3.0
1241.7187894068115	0.03552899999999681	epochs	2.0
1241.7187894068115	0.017800800000031813	epochs	3.0
1241.7365902068116	0.017728199999965	epochs	3.0
1241.7543184068115	0.03524070000003121	epochs	2.0
1241.7543184068115	0.017656100000067454	epochs	3.0
1241.7719745068116	0.017584599999963757	epochs	3.0
1241.7895591068116	0.03495709999992869	epochs	2.0
1241.7895591068116	0.017513699999881283	epochs	3.0
1241.8070728068114	0.017443400000047404	epochs	3.0
1241.8245162068115	0.03467790000013338	epochs	2.0
1241.8245162068115	0.017373599999928047	epochs	3.0
1241.8418898068114	0.01730430000020533	epochs	3.0
1241.8591941068116	0.03440329999989444	epochs	2.0
1241.8591941068116	0.017235699999901044	epochs	3.0
1241.8764298068115	0.0171675999999934	epochs	3.0
1241.8935974068115	0.03413279999995211	epochs	2.0
1241.8935974068115	0.01709989999994832	epochs	3.0
1241.9106973068115	0.017032900000003792	epochs	3.0
1241.9277302068115	0.03386670000008962	epochs	2.0
1241.9277302068115	0.01696640000000116	epochs	3.0
1241.9446966068115	0.016900300000088464	epochs	3.0
1241.9615969068116	0.03360459999998966	epochs	2.0
1241.9615969068116	0.01683479999996962	epochs	3.0
1241.9784317068115	0.01676980000002004	epochs	3.0
1241.9952015068116	0.033346599999958926	epochs	2.0
1241.9952015068116	0.016705300000012357	epochs	3.0
1242.0119068068116	0.01664129999994657	epochs	3.0
1242.0285481068115	0.03309250000006614	epochs	2.0
1242.0285481068115	0.016577800000050047	epochs	3.0
1242.0451259068116	0.01651470000001609	epochs	3.0
1242.0616406068116	0.03284229999985655	epochs	2.0
1242.0616406068116	0.01645220000000336	epochs	3.0
1242.0780928068116	0.01639009999985319	epochs	3.0
1242.0944829068114	0.03259570000000167	epochs	2.0
1242.0944829068114	0.016328400000020338	epochs	3.0
1242.1108113068115	0.016267299999981333	epochs	3.0
1242.1270786068114	0.032352899999978035	epochs	2.0
1242.1270786068114	0.016206600000032267	epochs	3.0
1242.1432852068115	0.016146299999945768	epochs	3.0
1242.1594315068114	0.032113700000081735	epochs	2.0
1242.1594315068114	0.016086600000107865	epochs	3.0
1242.1755181068115	0.01602709999997387	epochs	3.0
1242.1915452068115	0.03187800000000607	epochs	2.0
1242.1915452068115	0.015968200000088473	epochs	3.0
1242.2075134068116	0.015909799999917595	epochs	3.0
1242.2234232068115	0.03164570000012645	epochs	2.0
1242.2234232068115	0.015851599999905375	epochs	3.0
1242.2392748068114	0.01579410000022108	epochs	3.0
1242.2550689068116	0.031416699999908815	epochs	2.0
1242.2550689068116	0.01573669999993399	epochs	3.0
1242.2708056068116	0.015679999999974825	epochs	3.0
1242.2864856068115	0.03119109999988723	epochs	2.0
1242.2864856068115	0.015623600000026272	epochs	3.0
1242.3021092068116	0.015567499999860956	epochs	3.0
1242.3176767068114	0.03096870000013041	epochs	2.0
1242.3176767068114	0.01551200000017161	epochs	3.0
1242.3331887068116	0.0154566999999588	epochs	3.0
1242.3486454068116	0.030749499999956242	epochs	2.0
1242.3486454068116	0.015401999999994587	epochs	3.0
1242.3640474068116	0.015347499999961656	epochs	3.0
1242.3793949068115	0.03053320000003623	epochs	2.0
1242.3793949068115	0.015293400000018664	epochs	3.0
1242.3946883068115	0.015239800000017567	epochs	3.0
1242.4099281068115	0.030320099999926242	epochs	2.0
1242.4099281068115	0.015186500000027081	epochs	3.0
1242.4251146068116	0.015133599999899161	epochs	3.0
1242.4402482068115	0.03010990000007041	epochs	2.0
1242.4402482068115	0.015081000000009226	epochs	3.0
1242.4553292068115	0.015028900000061185	epochs	3.0
1242.4703581068115	0.029902499999934662	epochs	2.0
1242.4703581068115	0.014977000000044427	epochs	3.0
1242.4853351068116	0.014925499999890235	epochs	3.0
1242.5002606068115	0.0296981000001324	epochs	2.0
1242.5002606068115	0.014874400000053356	epochs	3.0
1242.5151350068115	0.014823700000079043	epochs	3.0
1242.5299587068116	0.029496299999891562	epochs	2.0
1242.5299587068116	0.01477319999980864	epochs	3.0
1242.5447319068114	0.014723100000082923	epochs	3.0
1242.5594550068115	0.029297400000132257	epochs	2.0
1242.5594550068115	0.014673399999992398	epochs	3.0
1242.5741284068115	0.014624000000139858	epochs	3.0
1242.5887524068116	0.029101099999934377	epochs	2.0
1242.5887524068116	0.014574899999843183	epochs	3.0
1242.6033273068115	0.014526200000091194	epochs	3.0
1242.6178535068116	0.028907399999980044	epochs	2.0
1242.6178535068116	0.014477700000043114	epochs	3.0
1242.6323312068116	0.014429699999936929	epochs	3.0
1242.6467609068116	0.028716199999962555	epochs	2.0
1242.6467609068116	0.014381799999910072	epochs	3.0
1242.6611427068115	0.014334400000052483	epochs	3.0
1242.6754771068115	0.02852759999996124	epochs	2.0
1242.6754771068115	0.014287199999898803	epochs	3.0
1242.6897643068114	0.014240400000062436	epochs	3.0
1242.7040047068115	0.028341400000044814	epochs	2.0
1242.7040047068115	0.014193800000157353	epochs	3.0
1242.7181985068116	0.014147599999887461	epochs	3.0
1242.7323461068115	0.028157700000065233	epochs	2.0
1242.7323461068115	0.014101700000082928	epochs	3.0
1242.7464478068116	0.014055999999982305	epochs	3.0
1242.7605038068116	0.02797629999986384	epochs	2.0
1242.7605038068116	0.014010599999892293	epochs	3.0
1242.7745144068115	0.013965699999971548	epochs	3.0
1242.7884801068114	0.027797200000122757	epochs	2.0
1242.7884801068114	0.013920800000050804	epochs	3.0
1242.8024009068115	0.013876400000071953	epochs	3.0
1242.8162773068116	0.027620399999932488	epochs	2.0
1242.8162773068116	0.013832200000024386	epochs	3.0
1242.8301095068116	0.013788199999908102	epochs	3.0
1242.8438977068115	0.027445899999975154	epochs	2.0
1242.8438977068115	0.01374460000010913	epochs	3.0
1242.8576423068116	0.013701299999866023	epochs	3.0
1242.8713436068115	0.0272735000000921	epochs	2.0
1242.8713436068115	0.013658200000008947	epochs	3.0
1242.8850018068115	0.013615300000083153	epochs	3.0
1242.8986171068116	0.027103399999987232	epochs	2.0
1242.8986171068116	0.013572800000019924	epochs	3.0
1242.9121899068116	0.013530599999967308	epochs	3.0
1242.9257205068116	0.02693520000002536	epochs	2.0
1242.9257205068116	0.01348839999991469	epochs	3.0
1242.9392089068115	0.01344680000011067	epochs	3.0
1242.9526557068116	0.026769199999989723	epochs	2.0
1242.9526557068116	0.013405199999851902	epochs	3.0
1242.9660609068114	0.013364000000137821	epochs	3.0
1242.9794249068116	0.026605199999949036	epochs	2.0
1242.9794249068116	0.013322900000048321	epochs	3.0
1242.9927478068116	0.013282299999900715	epochs	3.0
1243.0060301068115	0.0264431999999033	epochs	2.0
1243.0060301068115	0.013241699999980483	epochs	3.0
1243.0192718068115	0.013201499999922817	epochs	3.0
1243.0324733068114	0.026283200000079887	epochs	2.0
1243.0324733068114	0.013161500000023807	epochs	3.0
1243.0456348068114	0.01312170000005608	epochs	3.0
1243.0587565068115	0.02612500000009277	epochs	2.0
1243.0587565068115	0.013082100000019636	epochs	3.0
1243.0718386068115	0.013042900000073132	epochs	3.0
1243.0848815068116	0.025968899999952555	epochs	2.0
1243.0848815068116	0.013003899999830537	epochs	3.0
1243.0978854068114	0.012965000000122018	epochs	3.0
1243.1108504068116	0.025814500000024054	epochs	2.0
1243.1108504068116	0.012926399999969362	epochs	3.0
1243.1237768068115	0.012888100000054692	epochs	3.0
1243.1366649068116	0.025661899999931848	epochs	2.0
1243.1366649068116	0.012849899999991976	epochs	3.0
1243.1495148068116	0.012811999999939871	epochs	3.0
1243.1623268068115	0.025511199999982637	epochs	2.0
1243.1623268068115	0.012774400000125752	epochs	3.0
1243.1751012068116	0.012736799999856885	epochs	3.0
1243.1878380068115	0.025362300000097093	epochs	2.0
1243.1878380068115	0.01269969999998466	epochs	3.0
1243.2005377068115	0.012662600000112434	epochs	3.0
1243.2132003068116	0.025214999999889187	epochs	2.0
1243.2132003068116	0.012625800000023446	epochs	3.0
1243.2258261068116	0.012589199999865741	epochs	3.0
1243.2384153068115	0.024584799999956886	epochs	2.0
1243.2594001068114	0.5	epochs	-1.0
1243.2630001068114	0.499920000000202	epochs	1.0
1243.7629201068116	0.5	epochs	0.0
1245.1579999923706	0.09999999999990905	epochs	0.0
1245.1579999923706	0.04500000000007276	epochs	1.0
1245.2029999923707	0.009999999999990905	epochs	1.0
1245.2129999923707	0.044999999999845386	epochs	1.0
1245.2579999923705	2.0	epochs	0.0
1247.2579999923705	5.399520000000166	epochs	0.0
1247.2579999923705	1.0	epochs	1.0
1247.2579999923705	0.5	epochs	-1.0
1247.7579999923705	4.899520000000166	epochs	-1.0
1248.2579999923705	4.399520000000166	epochs	1.0
1248.2579999923705	4.356753900000058	epochs	-1.0
1248.2579999923705	1.9745872000000873	epochs	2.0
1248.2579999923705	1.0985622000000603	epochs	3.0
1249.3565621923706	0.8760250000000269	epochs	3.0
1250.2325871923706	1.3524075000000266	epochs	2.0
1250.2325871923706	0.7286355000001095	epochs	3.0
1250.9612226923707	0.6237719999999172	epochs	3.0
1251.5849946923706	1.029759199999944	epochs	2.0
1251.5849946923706	0.5453293000000485	epochs	3.0
1252.1303239923707	0.4844298999998955	epochs	3.0
1252.6147538923706	0.042766100000108054	epochs	2.0
1252.6147538923706	0.042766100000108054	epochs	3.0
1252.6575199923707	16.600400000000036	epochs	0.0
1253.9629998207092	0.09999999999990905	epochs	0.0
1253.9629998207092	0.04500000000007276	epochs	1.0
1254.0079998207093	0.009999999999990905	epochs	1.0
1254.0179998207093	0.044999999999845386	epochs	1.0
1254.0629998207091	2.0	epochs	0.0
1256.0629998207091	5.398720000000139	epochs	0.0
1256.0629998207091	1.0	epochs	1.0
1256.0629998207091	0.5	epochs	-1.0
1256.5629998207091	4.898720000000139	epochs	-1.0
1257.0629998207091	4.398720000000139	epochs	1.0
1257.0629998207091	4.356753900000058	epochs	-1.0
1257.0629998207091	1.9745872000000873	epochs	2.0
1257.0629998207091	1.0985622000000603	epochs	3.0
1258.1615620207092	0.8760250000000269	epochs	3.0
1259.0375870207092	1.3524075000000266	epochs	2.0
1259.0375870207092	0.7286355000001095	epochs	3.0
1259.7662225207093	0.6237719999999172	epochs	3.0
1260.3899945207093	1.029759199999944	epochs	2.0
1260.3899945207093	0.5453293000000485	epochs	3.0
1260.9353238207093	0.4844298999998955	epochs	3.0
1261.4197537207092	0.0419661000000815	epochs	2.0
1261.4197537207092	0.0419661000000815	epochs	3.0
1261.4617198207093	16.601200000000063	epochs	0.0
1262.8429999351501	0.09999999999990905	epochs	0.0
1262.8429999351501	0.04500000000007276	epochs	1.0
1262.8879999351502	0.009999999999990905	epochs	1.0
1262.8979999351502	0.044999999999845386	epochs	1.0
1262.94299993515	2.0	epochs	0.0
1264.94299993515	5.39928000000009	epochs	0.0
1264.94299993515	1.0	epochs	1.0
1264.94299993515	0.5	epochs	-1.0
1265.44299993515	4.89928000000009	epochs	-1.0
1265.94299993515	4.39928000000009	epochs	1.0
1265.94299993515	4.356753900000058	epochs	-1.0
1265.94299993515	1.9745872000000873	epochs	2.0
1265.94299993515	1.0985622000000603	epochs	3.0
1267.0415621351501	0.8760250000000269	epochs	3.0
1267.9175871351501	1.3524075000000266	epochs	2.0
1267.9175871351501	0.7286355000001095	epochs	3.0
1268.6462226351503	0.6237719999999172	epochs	3.0
1269.2699946351502	1.029759199999944	epochs	2.0
1269.2699946351502	0.5453293000000485	epochs	3.0
1269.8153239351502	0.4844298999998955	epochs	3.0
1270.29975383515	0.042526100000031875	epochs	2.0
1270.29975383515	0.042526100000031875	epochs	3.0
1270.3422799351501	16.600640000000112	epochs	0.0
1271.646999835968	0.09999999999990905	epochs	0.0
1271.646999835968	0.04500000000007276	epochs	1.0
1271.691999835968	0.009999999999990905	epochs	1.0
1271.701999835968	0.044999999999845386	epochs	1.0
1271.746999835968	2.0	epochs	0.0
1273.746999835968	21.520320000000083	epochs	0.0
1273.746999835968	1.0	epochs	1.0
1273.746999835968	0.5	epochs	-1.0
1274.246999835968	19.993760000000066	epochs	-1.0
1274.746999835968	20.0	epochs	1.0
1274.746999835968	4.356753900000058	epochs	-1.0
1274.746999835968	1.9745872000000873	epochs	2.0
1274.746999835968	1.0985622000000603	epochs	3.0
1275.845562035968	0.8760250000000269	epochs	3.0
1276.721587035968	1.3524075000000266	epochs	2.0
1276.721587035968	0.7286355000001095	epochs	3.0
1277.4502225359681	0.6237719999999172	epochs	3.0
1278.073994535968	1.029759199999944	epochs	2.0
1278.073994535968	0.5453293000000485	epochs	3.0
1278.619323835968	0.4844298999998955	epochs	3.0
1279.103753735968	0.8317862000001242	epochs	2.0
1279.103753735968	0.4357763000000432	epochs	3.0
1279.539530035968	0.39600990000008096	epochs	3.0
1279.935539935968	0.6977969999998095	epochs	2.0
1279.935539935968	0.3628982000000178	epochs	3.0
1280.2984381359681	0.33489879999979166	epochs	3.0
1280.633336935968	0.601045699999986	epochs	2.0
1280.633336935968	0.3109123000001546	epochs	3.0
1280.944249235968	0.29013339999983145	epochs	3.0
1281.234382635968	0.5278859000000011	epochs	2.0
1281.234382635968	0.2719586000000618	epochs	3.0
1281.506341235968	0.25592729999993935	epochs	3.0
1281.762268535968	0.4706193000001804	epochs	2.0
1281.762268535968	0.24168130000020938	epochs	3.0
1282.0039498359681	0.228937999999971	epochs	3.0
1282.232887835968	0.42457039999999324	epochs	2.0
1282.232887835968	0.21747140000002219	epochs	3.0
1282.450359235968	0.20709899999997106	epochs	3.0
1282.657458235968	0.3867353999999068	epochs	2.0
1282.657458235968	0.19767109999997956	epochs	3.0
1282.855129335968	0.18906429999992724	epochs	3.0
1283.044193635968	0.35509530000013	epochs	2.0
1283.044193635968	0.18117589999997108	epochs	3.0
1283.225369535968	0.17391940000015893	epochs	3.0
1283.3992889359681	0.3282431000000088	epochs	2.0
1283.3992889359681	0.16722189999995862	epochs	3.0
1283.566510835968	0.16102120000005016	epochs	3.0
1283.7275320359681	0.3051679999998669	epochs	2.0
1283.7275320359681	0.15526389999990897	epochs	3.0
1283.882795935968	0.1499040999999579	epochs	3.0
1284.032700035968	0.28512530000011793	epochs	2.0
1284.032700035968	0.1449021000000812	epochs	3.0
1284.177602135968	0.14022320000003674	epochs	3.0
1284.317825335968	0.2675537999998596	epochs	2.0
1284.317825335968	0.1358368999999584	epochs	3.0
1284.453662235968	0.13171689999990122	epochs	3.0
1284.585379135968	0.25202290000015637	epochs	2.0
1284.585379135968	0.1278393000000051	epochs	3.0
1284.713218435968	0.12418360000015127	epochs	3.0
1284.8374020359681	0.23819649999995818	epochs	2.0
1284.8374020359681	0.1207310999998299	epochs	3.0
1284.958133135968	0.11746540000012828	epochs	3.0
1285.075598535968	0.22580879999986792	epochs	2.0
1285.075598535968	0.1143718999999237	epochs	3.0
1285.189970435968	0.11143689999994422	epochs	3.0
1285.301407335968	0.2146460000001298	epochs	2.0
1285.301407335968	0.10864890000016203	epochs	3.0
1285.410056235968	0.10599709999996776	epochs	3.0
1285.516053335968	0.2045349999998507	epochs	2.0
1285.516053335968	0.1034714999998414	epochs	3.0
1285.619524835968	0.1010635000000093	epochs	3.0
1285.720588335968	0.19533400000000256	epochs	2.0
1285.720588335968	0.09876510000003691	epochs	3.0
1285.819353435968	0.09656889999996565	epochs	3.0
1285.915922335968	0.18692529999998442	epochs	2.0
1285.915922335968	0.09446830000001682	epochs	3.0
1286.010390635968	0.09245699999996759	epochs	3.0
1286.102847635968	0.1792107000001124	epochs	2.0
1286.102847635968	0.0905296000000817	epochs	3.0
1286.193377235968	0.08868110000003071	epochs	3.0
1286.282058335968	0.17210769999996955	epochs	2.0
1286.282058335968	0.08690630000000965	epochs	3.0
1286.368964635968	0.0852013999999599	epochs	3.0
1286.454166035968	0.16554640000003928	epochs	2.0
1286.454166035968	0.08356189999994967	epochs	3.0
1286.537727935968	0.08198450000008961	epochs	3.0
1286.619712435968	0.15946710000002895	epochs	2.0
1286.619712435968	0.08046539999986635	epochs	3.0
1286.700177835968	0.0790017000001626	epochs	3.0
1286.779179535968	0.1538183999998637	epochs	2.0
1286.779179535968	0.07759009999995214	epochs	3.0
1286.856769635968	0.07622829999991154	epochs	3.0
1286.932997935968	0.14855640000018866	epochs	2.0
1286.932997935968	0.07491330000016205	epochs	3.0
1287.007911235968	0.0736431000000266	epochs	3.0
1287.0815543359681	0.1436423999998624	epochs	2.0
1287.0815543359681	0.07241499999986445	epochs	3.0
1287.153969335968	0.07122739999999794	epochs	3.0
1287.225196735968	0.13904309999998077	epochs	2.0
1287.225196735968	0.07007799999996678	epochs	3.0
1287.295274735968	0.06896510000001399	epochs	3.0
1287.364239835968	0.1347293000001173	epochs	2.0
1287.364239835968	0.0678871000000072	epochs	3.0
1287.432126935968	0.0668422000001101	epochs	3.0
1287.498969135968	0.1306752000000415	epochs	2.0
1287.498969135968	0.06582909999997355	epochs	3.0
1287.564798235968	0.06484610000006796	epochs	3.0
1287.6296443359681	0.1268577999999252	epochs	2.0
1287.6296443359681	0.06389199999989614	epochs	3.0
1287.693536335968	0.06296580000002905	epochs	3.0
1287.756502135968	0.12325719999989815	epochs	2.0
1287.756502135968	0.06206580000002759	epochs	3.0
1287.818567935968	0.061191399999870555	epochs	3.0
1287.879759335968	0.11985540000000583	epochs	2.0
1287.879759335968	0.060341099999959624	epochs	3.0
1287.940100435968	0.059514300000046205	epochs	3.0
1287.999614735968	0.11663620000012997	epochs	2.0
1287.999614735968	0.05870960000015657	epochs	3.0
1288.058324335968	0.057926599999973405	epochs	3.0
1288.116250935968	0.11358559999985118	epochs	2.0
1288.116250935968	0.05716419999998834	epochs	3.0
1288.173415135968	0.05642139999986284	epochs	3.0
1288.229836535968	0.11069050000014613	epochs	2.0
1288.229836535968	0.055697900000041045	epochs	3.0
1288.285534435968	0.054992600000105085	epochs	3.0
1288.340527035968	0.10793909999983953	epochs	2.0
1288.340527035968	0.05430490000003374	epochs	3.0
1288.394831935968	0.05363419999980579	epochs	3.0
1288.448466135968	0.10532150000017282	epochs	2.0
1288.448466135968	0.052980000000161453	epochs	3.0
1288.501446135968	0.052341500000011365	epochs	3.0
1288.553787635968	0.10282759999995505	epochs	2.0
1288.553787635968	0.05171810000001642	epochs	3.0
1288.605505735968	0.051109499999938635	epochs	3.0
1288.656615235968	0.10044909999987794	epochs	2.0
1288.656615235968	0.050514900000052876	epochs	3.0
1288.707130135968	0.04993419999982507	epochs	3.0
1288.757064335968	0.09817830000019967	epochs	2.0
1288.757064335968	0.04936659999998483	epochs	3.0
1288.806430935968	0.04881170000021484	epochs	3.0
1288.8552426359681	0.09600779999982478	epochs	2.0
1288.8552426359681	0.048269199999822376	epochs	3.0
1288.903511835968	0.04773860000000241	epochs	3.0
1288.951250435968	0.09393120000004274	epochs	2.0
1288.951250435968	0.04721949999998287	epochs	3.0
1288.998469935968	0.046711700000059864	epochs	3.0
1289.045181635968	0.09194260000003851	epochs	2.0
1289.045181635968	0.046214599999984785	epochs	3.0
1289.091396235968	0.045728000000053726	epochs	3.0
1289.137124235968	0.09003630000006524	epochs	2.0
1289.137124235968	0.045251499999949374	epochs	3.0
1289.182375735968	0.044784800000115865	epochs	3.0
1289.227160535968	0.08820760000003247	epochs	2.0
1289.227160535968	0.044327800000019124	epochs	3.0
1289.2714883359681	0.04387980000001335	epochs	3.0
1289.3153681359681	0.0864516999999978	epochs	2.0
1289.3153681359681	0.04344099999980244	epochs	3.0
1289.358809135968	0.04301070000019536	epochs	3.0
1289.4018198359681	0.08476429999996071	epochs	2.0
1289.4018198359681	0.04258899999990717	epochs	3.0
1289.444408835968	0.04217530000005354	epochs	3.0
1289.486584135968	0.08314150000001064	epochs	2.0
1289.486584135968	0.04176970000003166	epochs	3.0
1289.5283538359681	0.041371799999978975	epochs	3.0
1289.569725635968	0.08157970000002024	epochs	2.0
1289.569725635968	0.040981399999964196	epochs	3.0
1289.610707035968	0.04059830000005604	epochs	3.0
1289.6513053359681	0.08007549999979346	epochs	2.0
1289.6513053359681	0.04022229999986848	epochs	3.0
1289.691527635968	0.03985319999992498	epochs	3.0
1289.731380835968	0.07862570000020241	epochs	2.0
1289.731380835968	0.039490800000066884	epochs	3.0
1289.770871635968	0.03913490000013553	epochs	3.0
1289.8100065359681	0.07722760000001472	epochs	2.0
1289.8100065359681	0.03878539999982422	epochs	3.0
1289.848791935968	0.038442200000190496	epochs	3.0
1289.8872341359681	0.07587819999980638	epochs	2.0
1289.8872341359681	0.03810479999992822	epochs	3.0
1289.925338935968	0.037773399999878166	epochs	3.0
1289.963112335968	0.0745752000000266	epochs	2.0
1289.963112335968	0.03744770000002973	epochs	3.0
1290.000560035968	0.03712749999999687	epochs	3.0
1290.037687535968	0.07331629999998768	epochs	2.0
1290.037687535968	0.0368129000000863	epochs	3.0
1290.074500435968	0.036503399999901376	epochs	3.0
1290.111003835968	0.07209899999998015	epochs	2.0
1290.111003835968	0.03619909999997617	epochs	3.0
1290.147202935968	0.03589990000000398	epochs	3.0
1290.183102835968	0.07092170000009901	epochs	2.0
1290.183102835968	0.03560560000005353	epochs	3.0
1290.218708435968	0.03531610000004548	epochs	3.0
1290.254024535968	0.06978200000003199	epochs	2.0
1290.254024535968	0.03503120000004856	epochs	3.0
1290.289055735968	0.03475079999998343	epochs	3.0
1290.323806535968	0.06867859999988468	epochs	2.0
1290.323806535968	0.03447510000000875	epochs	3.0
1290.358281635968	0.03420349999987593	epochs	3.0
1290.392485135968	0.06760930000018561	epochs	2.0
1290.392485135968	0.033936199999970995	epochs	3.0
1290.426421335968	0.03367310000021462	epochs	3.0
1290.4600944359681	0.06657289999998284	epochs	2.0
1290.4600944359681	0.03341399999999339	epochs	3.0
1290.4935084359681	0.033158899999989444	epochs	3.0
1290.526667335968	0.06556779999982609	epochs	2.0
1290.526667335968	0.03290769999989607	epochs	3.0
1290.559575035968	0.032660099999930026	epochs	3.0
1290.592235135968	0.06459259999996902	epochs	2.0
1290.592235135968	0.03241640000010193	epochs	3.0
1290.624651535968	0.032176199999867094	epochs	3.0
1290.656827735968	0.06364600000006249	epochs	2.0
1290.656827735968	0.03193960000021434	epochs	3.0
1290.6887673359681	0.031706399999848145	epochs	3.0
1290.720473735968	0.0627266999999847	epochs	2.0
1290.720473735968	0.03147660000013275	epochs	3.0
1290.751950335968	0.031250099999851955	epochs	3.0
1290.783200435968	0.06183359999999993	epochs	2.0
1290.783200435968	0.031026900000142632	epochs	3.0
1290.814227335968	0.0308066999998573	epochs	3.0
1290.845034035968	0.06096560000014506	epochs	2.0
1290.845034035968	0.03058980000014344	epochs	3.0
1290.875623835968	0.030375800000001618	epochs	3.0
1290.905999635968	0.06012160000000222	epochs	2.0
1290.905999635968	0.030164899999817862	epochs	3.0
1290.936164535968	0.029956700000184355	epochs	3.0
1290.966121235968	0.05930069999999432	epochs	2.0
1290.966121235968	0.029751599999826794	epochs	3.0
1290.995872835968	0.029549100000167527	epochs	3.0
1291.025421935968	0.05850179999993088	epochs	2.0
1291.025421935968	0.02934940000000097	epochs	3.0
1291.054771335968	0.029152399999929912	epochs	3.0
1291.083923735968	0.05772419999993872	epochs	2.0
1291.083923735968	0.028958000000102402	epochs	3.0
1291.1128817359681	0.028766199999836317	epochs	3.0
1291.141647935968	0.05696710000006533	epochs	2.0
1291.141647935968	0.028577000000041153	epochs	3.0
1291.170224935968	0.028390100000024177	epochs	3.0
1291.198615035968	0.05622949999997218	epochs	2.0
1291.198615035968	0.028205699999944045	epochs	3.0
1291.226820735968	0.028023800000028132	epochs	3.0
1291.254844535968	0.05551070000001346	epochs	2.0
1291.254844535968	0.027843999999959124	epochs	3.0
1291.282688535968	0.027666700000054334	epochs	3.0
1291.310355235968	0.054810200000019904	epochs	2.0
1291.310355235968	0.02749149999999645	epochs	3.0
1291.337846735968	0.027318700000023455	epochs	3.0
1291.365165435968	0.054126999999880354	epochs	2.0
1291.365165435968	0.027147799999966082	epochs	3.0
1291.392313235968	0.026979199999914272	epochs	3.0
1291.419292435968	0.05346070000018699	epochs	2.0
1291.419292435968	0.026812600000084785	epochs	3.0
1291.446105035968	0.026648100000102204	epochs	3.0
1291.472753135968	0.05281070000000909	epochs	2.0
1291.472753135968	0.0264855999998872	epochs	3.0
1291.499238735968	0.026325100000121893	epochs	3.0
1291.5255638359681	0.052176199999848905	epochs	2.0
1291.5255638359681	0.026166399999965506	epochs	3.0
1291.551730235968	0.0260097999998834	epochs	3.0
1291.577740035968	0.051556699999991906	epochs	2.0
1291.577740035968	0.02585480000016105	epochs	3.0
1291.6035948359681	0.025701899999830857	epochs	3.0
1291.629296735968	0.05095189999997274	epochs	2.0
1291.629296735968	0.025550700000167126	epochs	3.0
1291.6548474359681	0.025401199999805613	epochs	3.0
1291.680248635968	0.05036100000006627	epochs	2.0
1291.680248635968	0.025253500000189888	epochs	3.0
1291.7055021359681	0.02510749999987638	epochs	3.0
1291.730609635968	0.04978380000011384	epochs	2.0
1291.730609635968	0.02496320000000196	epochs	3.0
1291.755572835968	0.02482060000011188	epochs	3.0
1291.780393435968	0.04921949999993558	epochs	2.0
1291.780393435968	0.024679399999968155	epochs	3.0
1291.805072835968	0.024540099999967424	epochs	3.0
1291.829612935968	0.04866790000005494	epochs	2.0
1291.829612935968	0.024402100000088467	epochs	3.0
1291.8540150359681	0.024265799999966475	epochs	3.0
1291.878280835968	0.048128599999927246	epochs	2.0
1291.878280835968	0.02413099999989754	epochs	3.0
1291.902411835968	0.023997600000029706	epochs	3.0
1291.926409435968	0.047601100000065344	epochs	2.0
1291.926409435968	0.023865800000066884	epochs	3.0
1291.950275235968	0.02373529999999846	epochs	3.0
1291.974010535968	0.04708499999992455	epochs	2.0
1291.974010535968	0.023606299999983094	epochs	3.0
1291.997616835968	0.023478699999941455	epochs	3.0
1292.021095535968	0.046579999999948996	epochs	2.0
1292.021095535968	0.023352500000100918	epochs	3.0
1292.0444480359681	0.023227499999848078	epochs	3.0
1292.067675535968	0.046085700000048746	epochs	2.0
1292.067675535968	0.023104000000103042	epochs	3.0
1292.090779535968	0.022981699999945704	epochs	3.0
1292.113761235968	0.045601799999985815	epochs	2.0
1292.113761235968	0.02286069999991014	epochs	3.0
1292.136621935968	0.022741100000075676	epochs	3.0
1292.159363035968	0.04512790000012501	epochs	2.0
1292.159363035968	0.022622500000125	epochs	3.0
1292.1819855359681	0.02250540000000001	epochs	3.0
1292.2044909359681	0.04466379999985293	epochs	2.0
1292.2044909359681	0.02238929999998618	epochs	3.0
1292.226880235968	0.022274499999866748	epochs	3.0
1292.249154735968	0.04420920000006845	epochs	2.0
1292.249154735968	0.022160799999937808	epochs	3.0
1292.271315535968	0.02204840000013064	epochs	3.0
1292.293363935968	0.04376359999992019	epochs	2.0
1292.293363935968	0.02193689999990056	epochs	3.0
1292.315300835968	0.021826700000019628	epochs	3.0
1292.337127535968	0.04332709999994222	epochs	2.0
1292.337127535968	0.02171760000010181	epochs	3.0
1292.358845135968	0.02160949999984041	epochs	3.0
1292.380454635968	0.04289900000003399	epochs	2.0
1292.380454635968	0.021502500000224245	epochs	3.0
1292.4019571359681	0.021396499999809748	epochs	3.0
1292.423353635968	0.04247950000012679	epochs	2.0
1292.423353635968	0.021291700000119818	epochs	3.0
1292.444645335968	0.021187800000006973	epochs	3.0
1292.465833135968	0.04206789999989269	epochs	2.0
1292.465833135968	0.02108490000000529	epochs	3.0
1292.486918035968	0.020982999999887397	epochs	3.0
1292.507901035968	0.04166439999994509	epochs	2.0
1292.507901035968	0.020882199999959994	epochs	3.0
1292.528783235968	0.020782199999985096	epochs	3.0
1292.549565435968	0.04126850000011473	epochs	2.0
1292.549565435968	0.02068330000020069	epochs	3.0
1292.570248735968	0.02058519999991404	epochs	3.0
1292.590833935968	0.04088000000001557	epochs	2.0
1292.590833935968	0.020488099999965925	epochs	3.0
1292.611322035968	0.020391900000049645	epochs	3.0
1292.631713935968	0.04049880000002304	epochs	2.0
1292.631713935968	0.020296599999937825	epochs	3.0
1292.652010535968	0.020202200000085213	epochs	3.0
1292.672212735968	0.040124599999899146	epochs	2.0
1292.672212735968	0.02010870000003706	epochs	3.0
1292.692321435968	0.020015899999862086	epochs	3.0
1292.712337335968	0.03975730000001931	epochs	2.0
1292.712337335968	0.019924200000104975	epochs	3.0
1292.732261535968	0.01983309999991434	epochs	3.0
1292.752094635968	0.03939669999999751	epochs	2.0
1292.752094635968	0.01974300000006224	epochs	3.0
1292.771837635968	0.01965369999993527	epochs	3.0
1292.791491335968	0.03904239999997117	epochs	2.0
1292.791491335968	0.019565100000136226	epochs	3.0
1292.811056435968	0.01947729999983494	epochs	3.0
1292.830533735968	0.038694600000098944	epochs	2.0
1292.830533735968	0.019390400000020236	epochs	3.0
1292.849924135968	0.01930420000007871	epochs	3.0
1292.869228335968	0.03835290000006353	epochs	2.0
1292.869228335968	0.019218799999862313	epochs	3.0
1292.888447135968	0.019134100000201215	epochs	3.0
1292.907581235968	0.03801720000001296	epochs	2.0
1292.907581235968	0.019050199999810502	epochs	3.0
1292.926631435968	0.01896700000020246	epochs	3.0
1292.9455984359681	0.03768719999993664	epochs	2.0
1292.9455984359681	0.018884499999785476	epochs	3.0
1292.964482935968	0.018802700000151162	epochs	3.0
1292.983285635968	0.03736309999999321	epochs	2.0
1292.983285635968	0.018721700000014607	epochs	3.0
1293.002007335968	0.018641399999978603	epochs	3.0
1293.020648735968	0.03704429999993408	epochs	2.0
1293.020648735968	0.018561599999884493	epochs	3.0
1293.039210335968	0.01848270000004959	epochs	3.0
1293.057693035968	0.036731000000145286	epochs	2.0
1293.057693035968	0.018404299999929208	epochs	3.0
1293.076097335968	0.01832670000021608	epochs	3.0
1293.0944240359681	0.03642289999993409	epochs	2.0
1293.0944240359681	0.018249599999990096	epochs	3.0
1293.1126736359681	0.018173299999943993	epochs	3.0
1293.130846935968	0.03612010000006194	epochs	2.0
1293.130846935968	0.01809759999991911	epochs	3.0
1293.148944535968	0.018022500000142827	epochs	3.0
1293.1669670359681	0.03582209999990482	epochs	2.0
1293.1669670359681	0.01794789999985369	epochs	3.0
1293.184914935968	0.017874200000051133	epochs	3.0
1293.202789135968	0.03552899999999681	epochs	2.0
1293.202789135968	0.017800800000031813	epochs	3.0
1293.220589935968	0.017728199999965	epochs	3.0
1293.238318135968	0.03524070000003121	epochs	2.0
1293.238318135968	0.017656100000067454	epochs	3.0
1293.255974235968	0.017584599999963757	epochs	3.0
1293.273558835968	0.03495709999992869	epochs	2.0
1293.273558835968	0.017513699999881283	epochs	3.0
1293.291072535968	0.017443400000047404	epochs	3.0
1293.308515935968	0.03467790000013338	epochs	2.0
1293.308515935968	0.017373599999928047	epochs	3.0
1293.325889535968	0.01730430000020533	epochs	3.0
1293.3431938359681	0.03440329999989444	epochs	2.0
1293.3431938359681	0.017235699999901044	epochs	3.0
1293.360429535968	0.0171675999999934	epochs	3.0
1293.377597135968	0.03413279999995211	epochs	2.0
1293.377597135968	0.01709989999994832	epochs	3.0
1293.394697035968	0.017032900000003792	epochs	3.0
1293.411729935968	0.03386670000008962	epochs	2.0
1293.411729935968	0.01696640000000116	epochs	3.0
1293.428696335968	0.016900300000088464	epochs	3.0
1293.445596635968	0.03360459999998966	epochs	2.0
1293.445596635968	0.01683479999996962	epochs	3.0
1293.462431435968	0.01676980000002004	epochs	3.0
1293.479201235968	0.033346599999958926	epochs	2.0
1293.479201235968	0.016705300000012357	epochs	3.0
1293.495906535968	0.01664129999994657	epochs	3.0
1293.512547835968	0.03309250000006614	epochs	2.0
1293.512547835968	0.016577800000050047	epochs	3.0
1293.529125635968	0.01651470000001609	epochs	3.0
1293.545640335968	0.03284229999985655	epochs	2.0
1293.545640335968	0.01645220000000336	epochs	3.0
1293.562092535968	0.01639009999985319	epochs	3.0
1293.578482635968	0.03259570000000167	epochs	2.0
1293.578482635968	0.016328400000020338	epochs	3.0
1293.594811035968	0.016267299999981333	epochs	3.0
1293.611078335968	0.032352899999978035	epochs	2.0
1293.611078335968	0.016206600000032267	epochs	3.0
1293.627284935968	0.016146299999945768	epochs	3.0
1293.643431235968	0.032113700000081735	epochs	2.0
1293.643431235968	0.016086600000107865	epochs	3.0
1293.659517835968	0.01602709999997387	epochs	3.0
1293.675544935968	0.03187800000000607	epochs	2.0
1293.675544935968	0.015968200000088473	epochs	3.0
1293.691513135968	0.015909799999917595	epochs	3.0
1293.707422935968	0.03164570000012645	epochs	2.0
1293.707422935968	0.015851599999905375	epochs	3.0
1293.723274535968	0.01579410000022108	epochs	3.0
1293.7390686359681	0.031416699999908815	epochs	2.0
1293.7390686359681	0.01573669999993399	epochs	3.0
1293.754805335968	0.015679999999974825	epochs	3.0
1293.770485335968	0.03119109999988723	epochs	2.0
1293.770485335968	0.015623600000026272	epochs	3.0
1293.786108935968	0.015567499999860956	epochs	3.0
1293.801676435968	0.03096870000013041	epochs	2.0
1293.801676435968	0.01551200000017161	epochs	3.0
1293.817188435968	0.0154566999999588	epochs	3.0
1293.832645135968	0.030749499999956242	epochs	2.0
1293.832645135968	0.015401999999994587	epochs	3.0
1293.848047135968	0.015347499999961656	epochs	3.0
1293.863394635968	0.03053320000003623	epochs	2.0
1293.863394635968	0.015293400000018664	epochs	3.0
1293.878688035968	0.015239800000017567	epochs	3.0
1293.893927835968	0.030320099999926242	epochs	2.0
1293.893927835968	0.015186500000027081	epochs	3.0
1293.909114335968	0.015133599999899161	epochs	3.0
1293.924247935968	0.03010990000007041	epochs	2.0
1293.924247935968	0.015081000000009226	epochs	3.0
1293.939328935968	0.015028900000061185	epochs	3.0
1293.954357835968	0.029902499999934662	epochs	2.0
1293.954357835968	0.014977000000044427	epochs	3.0
1293.969334835968	0.014925499999890235	epochs	3.0
1293.984260335968	0.0296981000001324	epochs	2.0
1293.984260335968	0.014874400000053356	epochs	3.0
1293.999134735968	0.014823700000079043	epochs	3.0
1294.013958435968	0.029496299999891562	epochs	2.0
1294.013958435968	0.01477319999980864	epochs	3.0
1294.028731635968	0.014723100000082923	epochs	3.0
1294.043454735968	0.029297400000132257	epochs	2.0
1294.043454735968	0.014673399999992398	epochs	3.0
1294.058128135968	0.014624000000139858	epochs	3.0
1294.0727521359681	0.029101099999934377	epochs	2.0
1294.0727521359681	0.014574899999843183	epochs	3.0
1294.087327035968	0.014526200000091194	epochs	3.0
1294.101853235968	0.028907399999980044	epochs	2.0
1294.101853235968	0.014477700000043114	epochs	3.0
1294.116330935968	0.014429699999936929	epochs	3.0
1294.130760635968	0.028716199999962555	epochs	2.0
1294.130760635968	0.014381799999910072	epochs	3.0
1294.145142435968	0.014334400000052483	epochs	3.0
1294.159476835968	0.02852759999996124	epochs	2.0
1294.159476835968	0.014287199999898803	epochs	3.0
1294.173764035968	0.014240400000062436	epochs	3.0
1294.188004435968	0.028341400000044814	epochs	2.0
1294.188004435968	0.014193800000157353	epochs	3.0
1294.2021982359681	0.014147599999887461	epochs	3.0
1294.216345835968	0.028157700000065233	epochs	2.0
1294.216345835968	0.014101700000082928	epochs	3.0
1294.230447535968	0.014055999999982305	epochs	3.0
1294.244503535968	0.02797629999986384	epochs	2.0
1294.244503535968	0.014010599999892293	epochs	3.0
1294.258514135968	0.013965699999971548	epochs	3.0
1294.272479835968	0.027797200000122757	epochs	2.0
1294.272479835968	0.013920800000050804	epochs	3.0
1294.286400635968	0.013876400000071953	epochs	3.0
1294.300277035968	0.027620399999932488	epochs	2.0
1294.300277035968	0.013832200000024386	epochs	3.0
1294.314109235968	0.013788199999908102	epochs	3.0
1294.327897435968	0.027445899999975154	epochs	2.0
1294.327897435968	0.01374460000010913	epochs	3.0
1294.341642035968	0.013701299999866023	epochs	3.0
1294.355343335968	0.0272735000000921	epochs	2.0
1294.355343335968	0.013658200000008947	epochs	3.0
1294.369001535968	0.013615300000083153	epochs	3.0
1294.382616835968	0.027103399999987232	epochs	2.0
1294.382616835968	0.013572800000019924	epochs	3.0
1294.396189635968	0.013530599999967308	epochs	3.0
1294.409720235968	0.02693520000002536	epochs	2.0
1294.409720235968	0.01348839999991469	epochs	3.0
1294.423208635968	0.01344680000011067	epochs	3.0
1294.436655435968	0.026769199999989723	epochs	2.0
1294.436655435968	0.013405199999851902	epochs	3.0
1294.450060635968	0.013364000000137821	epochs	3.0
1294.463424635968	0.026605199999949036	epochs	2.0
1294.463424635968	0.013322900000048321	epochs	3.0
1294.4767475359681	0.013282299999900715	epochs	3.0
1294.490029835968	0.0264431999999033	epochs	2.0
1294.490029835968	0.013241699999980483	epochs	3.0
1294.503271535968	0.013201499999922817	epochs	3.0
1294.516473035968	0.026283200000079887	epochs	2.0
1294.516473035968	0.013161500000023807	epochs	3.0
1294.529634535968	0.01312170000005608	epochs	3.0
1294.542756235968	0.02612500000009277	epochs	2.0
1294.542756235968	0.013082100000019636	epochs	3.0
1294.555838335968	0.013042900000073132	epochs	3.0
1294.568881235968	0.025968899999952555	epochs	2.0
1294.568881235968	0.013003899999830537	epochs	3.0
1294.581885135968	0.012965000000122018	epochs	3.0
1294.594850135968	0.025814500000024054	epochs	2.0
1294.594850135968	0.012926399999969362	epochs	3.0
1294.607776535968	0.012888100000054692	epochs	3.0
1294.620664635968	0.025661899999931848	epochs	2.0
1294.620664635968	0.012849899999991976	epochs	3.0
1294.633514535968	0.012811999999939871	epochs	3.0
1294.646326535968	0.025511199999982637	epochs	2.0
1294.646326535968	0.012774400000125752	epochs	3.0
1294.6591009359681	0.012736799999856885	epochs	3.0
1294.671837735968	0.025362300000097093	epochs	2.0
1294.671837735968	0.01269969999998466	epochs	3.0
1294.684537435968	0.012662600000112434	epochs	3.0
1294.697200035968	0.025214999999889187	epochs	2.0
1294.697200035968	0.012625800000023446	epochs	3.0
1294.709825835968	0.012589199999865741	epochs	3.0
1294.722415035968	0.024584799999956886	epochs	2.0
1294.740759835968	0.5	epochs	-1.0
1294.746999835968	0.5203200000000834	epochs	1.0
1295.267319835968	0.4796000000001186	epochs	0.0
1296.7420001029968	0.09999999999990905	epochs	0.0
1296.7420001029968	0.04500000000007276	epochs	1.0
1296.787000102997	0.009999999999990905	epochs	1.0
1296.797000102997	0.044999999999845386	epochs	1.0
1296.8420001029967	2.0	epochs	0.0
1298.8420001029967	21.50016000000005	epochs	0.0
1298.8420001029967	1.0	epochs	1.0
1298.8420001029967	0.5	epochs	-1.0
1299.3420001029967	19.993760000000066	epochs	-1.0
1299.8420001029967	20.0	epochs	1.0
1299.8420001029967	4.356753900000058	epochs	-1.0
1299.8420001029967	1.9745872000000873	epochs	2.0
1299.8420001029967	1.0985622000000603	epochs	3.0
1300.9405623029968	0.8760250000000269	epochs	3.0
1301.8165873029968	1.3524075000000266	epochs	2.0
1301.8165873029968	0.7286355000001095	epochs	3.0
1302.545222802997	0.6237719999999172	epochs	3.0
1303.1689948029968	1.029759199999944	epochs	2.0
1303.1689948029968	0.5453293000000485	epochs	3.0
1303.714324102997	0.4844298999998955	epochs	3.0
1304.1987540029968	0.8317862000001242	epochs	2.0
1304.1987540029968	0.4357763000000432	epochs	3.0
1304.6345303029968	0.39600990000008096	epochs	3.0
1305.030540202997	0.6977969999998095	epochs	2.0
1305.030540202997	0.3628982000000178	epochs	3.0
1305.393438402997	0.33489879999979166	epochs	3.0
1305.7283372029967	0.601045699999986	epochs	2.0
1305.7283372029967	0.3109123000001546	epochs	3.0
1306.0392495029969	0.29013339999983145	epochs	3.0
1306.3293829029967	0.5278859000000011	epochs	2.0
1306.3293829029967	0.2719586000000618	epochs	3.0
1306.6013415029968	0.25592729999993935	epochs	3.0
1306.8572688029967	0.4706193000001804	epochs	2.0
1306.8572688029967	0.24168130000020938	epochs	3.0
1307.098950102997	0.228937999999971	epochs	3.0
1307.327888102997	0.42457039999999324	epochs	2.0
1307.327888102997	0.21747140000002219	epochs	3.0
1307.545359502997	0.20709899999997106	epochs	3.0
1307.752458502997	0.3867353999999068	epochs	2.0
1307.752458502997	0.19767109999997956	epochs	3.0
1307.9501296029969	0.18906429999992724	epochs	3.0
1308.1391939029968	0.35509530000013	epochs	2.0
1308.1391939029968	0.18117589999997108	epochs	3.0
1308.3203698029968	0.17391940000015893	epochs	3.0
1308.494289202997	0.3282431000000088	epochs	2.0
1308.494289202997	0.16722189999995862	epochs	3.0
1308.6615111029969	0.16102120000005016	epochs	3.0
1308.822532302997	0.3051679999998669	epochs	2.0
1308.822532302997	0.15526389999990897	epochs	3.0
1308.9777962029968	0.1499040999999579	epochs	3.0
1309.1277003029968	0.28512530000011793	epochs	2.0
1309.1277003029968	0.1449021000000812	epochs	3.0
1309.2726024029969	0.14022320000003674	epochs	3.0
1309.412825602997	0.2675537999998596	epochs	2.0
1309.412825602997	0.1358368999999584	epochs	3.0
1309.5486625029969	0.13171689999990122	epochs	3.0
1309.6803794029968	0.25202290000015637	epochs	2.0
1309.6803794029968	0.1278393000000051	epochs	3.0
1309.8082187029968	0.12418360000015127	epochs	3.0
1309.932402302997	0.23819649999995818	epochs	2.0
1309.932402302997	0.1207310999998299	epochs	3.0
1310.0531334029968	0.11746540000012828	epochs	3.0
1310.170598802997	0.22580879999986792	epochs	2.0
1310.170598802997	0.1143718999999237	epochs	3.0
1310.2849707029968	0.11143689999994422	epochs	3.0
1310.3964076029968	0.2146460000001298	epochs	2.0
1310.3964076029968	0.10864890000016203	epochs	3.0
1310.505056502997	0.10599709999996776	epochs	3.0
1310.611053602997	0.2045349999998507	epochs	2.0
1310.611053602997	0.1034714999998414	epochs	3.0
1310.7145251029967	0.1010635000000093	epochs	3.0
1310.8155886029967	0.19533400000000256	epochs	2.0
1310.8155886029967	0.09876510000003691	epochs	3.0
1310.9143537029968	0.09656889999996565	epochs	3.0
1311.0109226029967	0.18692529999998442	epochs	2.0
1311.0109226029967	0.09446830000001682	epochs	3.0
1311.1053909029968	0.09245699999996759	epochs	3.0
1311.1978479029967	0.1792107000001124	epochs	2.0
1311.1978479029967	0.0905296000000817	epochs	3.0
1311.2883775029968	0.08868110000003071	epochs	3.0
1311.3770586029968	0.17210769999996955	epochs	2.0
1311.3770586029968	0.08690630000000965	epochs	3.0
1311.4639649029968	0.0852013999999599	epochs	3.0
1311.5491663029968	0.16554640000003928	epochs	2.0
1311.5491663029968	0.08356189999994967	epochs	3.0
1311.6327282029968	0.08198450000008961	epochs	3.0
1311.7147127029968	0.15946710000002895	epochs	2.0
1311.7147127029968	0.08046539999986635	epochs	3.0
1311.7951781029967	0.0790017000001626	epochs	3.0
1311.8741798029969	0.1538183999998637	epochs	2.0
1311.8741798029969	0.07759009999995214	epochs	3.0
1311.9517699029968	0.07622829999991154	epochs	3.0
1312.0279982029967	0.14855640000018866	epochs	2.0
1312.0279982029967	0.07491330000016205	epochs	3.0
1312.102911502997	0.0736431000000266	epochs	3.0
1312.176554602997	0.1436423999998624	epochs	2.0
1312.176554602997	0.07241499999986445	epochs	3.0
1312.2489696029968	0.07122739999999794	epochs	3.0
1312.3201970029968	0.13904309999998077	epochs	2.0
1312.3201970029968	0.07007799999996678	epochs	3.0
1312.3902750029968	0.06896510000001399	epochs	3.0
1312.4592401029968	0.1347293000001173	epochs	2.0
1312.4592401029968	0.0678871000000072	epochs	3.0
1312.5271272029968	0.0668422000001101	epochs	3.0
1312.593969402997	0.1306752000000415	epochs	2.0
1312.593969402997	0.06582909999997355	epochs	3.0
1312.6597985029969	0.06484610000006796	epochs	3.0
1312.724644602997	0.1268577999999252	epochs	2.0
1312.724644602997	0.06389199999989614	epochs	3.0
1312.7885366029968	0.06296580000002905	epochs	3.0
1312.8515024029969	0.12325719999989815	epochs	2.0
1312.8515024029969	0.06206580000002759	epochs	3.0
1312.9135682029969	0.061191399999870555	epochs	3.0
1312.9747596029968	0.11985540000000583	epochs	2.0
1312.9747596029968	0.060341099999959624	epochs	3.0
1313.0351007029967	0.059514300000046205	epochs	3.0
1313.0946150029968	0.11663620000012997	epochs	2.0
1313.0946150029968	0.05870960000015657	epochs	3.0
1313.153324602997	0.057926599999973405	epochs	3.0
1313.211251202997	0.11358559999985118	epochs	2.0
1313.211251202997	0.05716419999998834	epochs	3.0
1313.2684154029969	0.05642139999986284	epochs	3.0
1313.3248368029967	0.11069050000014613	epochs	2.0
1313.3248368029967	0.055697900000041045	epochs	3.0
1313.3805347029968	0.054992600000105085	epochs	3.0
1313.435527302997	0.10793909999983953	epochs	2.0
1313.435527302997	0.05430490000003374	epochs	3.0
1313.489832202997	0.05363419999980579	epochs	3.0
1313.5434664029967	0.10532150000017282	epochs	2.0
1313.5434664029967	0.052980000000161453	epochs	3.0
1313.596446402997	0.052341500000011365	epochs	3.0
1313.648787902997	0.10282759999995505	epochs	2.0
1313.648787902997	0.05171810000001642	epochs	3.0
1313.700506002997	0.051109499999938635	epochs	3.0
1313.7516155029969	0.10044909999987794	epochs	2.0
1313.7516155029969	0.050514900000052876	epochs	3.0
1313.802130402997	0.04993419999982507	epochs	3.0
1313.8520646029967	0.09817830000019967	epochs	2.0
1313.8520646029967	0.04936659999998483	epochs	3.0
1313.9014312029967	0.04881170000021484	epochs	3.0
1313.950242902997	0.09600779999982478	epochs	2.0
1313.950242902997	0.048269199999822376	epochs	3.0
1313.9985121029968	0.04773860000000241	epochs	3.0
1314.0462507029968	0.09393120000004274	epochs	2.0
1314.0462507029968	0.04721949999998287	epochs	3.0
1314.0934702029967	0.046711700000059864	epochs	3.0
1314.1401819029968	0.09194260000003851	epochs	2.0
1314.1401819029968	0.046214599999984785	epochs	3.0
1314.1863965029968	0.045728000000053726	epochs	3.0
1314.2321245029968	0.09003630000006524	epochs	2.0
1314.2321245029968	0.045251499999949374	epochs	3.0
1314.2773760029968	0.044784800000115865	epochs	3.0
1314.322160802997	0.08820760000003247	epochs	2.0
1314.322160802997	0.044327800000019124	epochs	3.0
1314.366488602997	0.04387980000001335	epochs	3.0
1314.410368402997	0.0864516999999978	epochs	2.0
1314.410368402997	0.04344099999980244	epochs	3.0
1314.4538094029967	0.04301070000019536	epochs	3.0
1314.496820102997	0.08476429999996071	epochs	2.0
1314.496820102997	0.04258899999990717	epochs	3.0
1314.5394091029968	0.04217530000005354	epochs	3.0
1314.581584402997	0.08314150000001064	epochs	2.0
1314.581584402997	0.04176970000003166	epochs	3.0
1314.623354102997	0.041371799999978975	epochs	3.0
1314.664725902997	0.08157970000002024	epochs	2.0
1314.664725902997	0.040981399999964196	epochs	3.0
1314.7057073029969	0.04059830000005604	epochs	3.0
1314.746305602997	0.08007549999979346	epochs	2.0
1314.746305602997	0.04022229999986848	epochs	3.0
1314.7865279029968	0.03985319999992498	epochs	3.0
1314.8263811029967	0.07862570000020241	epochs	2.0
1314.8263811029967	0.039490800000066884	epochs	3.0
1314.8658719029968	0.03913490000013553	epochs	3.0
1314.905006802997	0.07722760000001472	epochs	2.0
1314.905006802997	0.03878539999982422	epochs	3.0
1314.9437922029967	0.038442200000190496	epochs	3.0
1314.982234402997	0.07587819999980638	epochs	2.0
1314.982234402997	0.03810479999992822	epochs	3.0
1315.0203392029969	0.037773399999878166	epochs	3.0
1315.0581126029967	0.0745752000000266	epochs	2.0
1315.0581126029967	0.03744770000002973	epochs	3.0
1315.0955603029968	0.03712749999999687	epochs	3.0
1315.1326878029968	0.07331629999998768	epochs	2.0
1315.1326878029968	0.0368129000000863	epochs	3.0
1315.1695007029969	0.036503399999901376	epochs	3.0
1315.2060041029968	0.07209899999998015	epochs	2.0
1315.2060041029968	0.03619909999997617	epochs	3.0
1315.2422032029967	0.03589990000000398	epochs	3.0
1315.2781031029967	0.07092170000009901	epochs	2.0
1315.2781031029967	0.03560560000005353	epochs	3.0
1315.3137087029968	0.03531610000004548	epochs	3.0
1315.3490248029968	0.06978200000003199	epochs	2.0
1315.3490248029968	0.03503120000004856	epochs	3.0
1315.3840560029969	0.03475079999998343	epochs	3.0
1315.4188068029969	0.06867859999988468	epochs	2.0
1315.4188068029969	0.03447510000000875	epochs	3.0
1315.4532819029969	0.03420349999987593	epochs	3.0
1315.4874854029968	0.06760930000018561	epochs	2.0
1315.4874854029968	0.033936199999970995	epochs	3.0
1315.5214216029967	0.03367310000021462	epochs	3.0
1315.555094702997	0.06657289999998284	epochs	2.0
1315.555094702997	0.03341399999999339	epochs	3.0
1315.588508702997	0.033158899999989444	epochs	3.0
1315.621667602997	0.06556779999982609	epochs	2.0
1315.621667602997	0.03290769999989607	epochs	3.0
1315.6545753029968	0.032660099999930026	epochs	3.0
1315.6872354029967	0.06459259999996902	epochs	2.0
1315.6872354029967	0.03241640000010193	epochs	3.0
1315.7196518029969	0.032176199999867094	epochs	3.0
1315.7518280029967	0.06364600000006249	epochs	2.0
1315.7518280029967	0.03193960000021434	epochs	3.0
1315.783767602997	0.031706399999848145	epochs	3.0
1315.8154740029968	0.0627266999999847	epochs	2.0
1315.8154740029968	0.03147660000013275	epochs	3.0
1315.846950602997	0.031250099999851955	epochs	3.0
1315.8782007029968	0.06183359999999993	epochs	2.0
1315.8782007029968	0.031026900000142632	epochs	3.0
1315.909227602997	0.0308066999998573	epochs	3.0
1315.9400343029968	0.06096560000014506	epochs	2.0
1315.9400343029968	0.03058980000014344	epochs	3.0
1315.970624102997	0.030375800000001618	epochs	3.0
1316.000999902997	0.06012160000000222	epochs	2.0
1316.000999902997	0.030164899999817862	epochs	3.0
1316.0311648029967	0.029956700000184355	epochs	3.0
1316.061121502997	0.05930069999999432	epochs	2.0
1316.061121502997	0.029751599999826794	epochs	3.0
1316.0908731029967	0.029549100000167527	epochs	3.0
1316.120422202997	0.05850179999993088	epochs	2.0
1316.120422202997	0.02934940000000097	epochs	3.0
1316.149771602997	0.029152399999929912	epochs	3.0
1316.1789240029968	0.05772419999993872	epochs	2.0
1316.1789240029968	0.028958000000102402	epochs	3.0
1316.207882002997	0.028766199999836317	epochs	3.0
1316.2366482029968	0.05696710000006533	epochs	2.0
1316.2366482029968	0.028577000000041153	epochs	3.0
1316.2652252029968	0.028390100000024177	epochs	3.0
1316.2936153029968	0.05622949999997218	epochs	2.0
1316.2936153029968	0.028205699999944045	epochs	3.0
1316.3218210029968	0.028023800000028132	epochs	3.0
1316.3498448029968	0.05551070000001346	epochs	2.0
1316.3498448029968	0.027843999999959124	epochs	3.0
1316.3776888029968	0.027666700000054334	epochs	3.0
1316.4053555029968	0.054810200000019904	epochs	2.0
1316.4053555029968	0.02749149999999645	epochs	3.0
1316.4328470029968	0.027318700000023455	epochs	3.0
1316.4601657029968	0.054126999999880354	epochs	2.0
1316.4601657029968	0.027147799999966082	epochs	3.0
1316.4873135029968	0.026979199999914272	epochs	3.0
1316.5142927029967	0.05346070000018699	epochs	2.0
1316.5142927029967	0.026812600000084785	epochs	3.0
1316.5411053029968	0.026648100000102204	epochs	3.0
1316.567753402997	0.05281070000000909	epochs	2.0
1316.567753402997	0.0264855999998872	epochs	3.0
1316.5942390029968	0.026325100000121893	epochs	3.0
1316.620564102997	0.052176199999848905	epochs	2.0
1316.620564102997	0.026166399999965506	epochs	3.0
1316.646730502997	0.0260097999998834	epochs	3.0
1316.6727403029968	0.051556699999991906	epochs	2.0
1316.6727403029968	0.02585480000016105	epochs	3.0
1316.698595102997	0.025701899999830857	epochs	3.0
1316.7242970029968	0.05095189999997274	epochs	2.0
1316.7242970029968	0.025550700000167126	epochs	3.0
1316.749847702997	0.025401199999805613	epochs	3.0
1316.7752489029967	0.05036100000006627	epochs	2.0
1316.7752489029967	0.025253500000189888	epochs	3.0
1316.800502402997	0.02510749999987638	epochs	3.0
1316.8256099029968	0.04978380000011384	epochs	2.0
1316.8256099029968	0.02496320000000196	epochs	3.0
1316.8505731029968	0.02482060000011188	epochs	3.0
1316.875393702997	0.04921949999993558	epochs	2.0
1316.875393702997	0.024679399999968155	epochs	3.0
1316.9000731029969	0.024540099999967424	epochs	3.0
1316.9246132029969	0.04866790000005494	epochs	2.0
1316.9246132029969	0.024402100000088467	epochs	3.0
1316.949015302997	0.024265799999966475	epochs	3.0
1316.973281102997	0.048128599999927246	epochs	2.0
1316.973281102997	0.02413099999989754	epochs	3.0
1316.9974121029968	0.023997600000029706	epochs	3.0
1317.0214097029968	0.047601100000065344	epochs	2.0
1317.0214097029968	0.023865800000066884	epochs	3.0
1317.045275502997	0.02373529999999846	epochs	3.0
1317.069010802997	0.04708499999992455	epochs	2.0
1317.069010802997	0.023606299999983094	epochs	3.0
1317.0926171029969	0.023478699999941455	epochs	3.0
1317.1160958029968	0.046579999999948996	epochs	2.0
1317.1160958029968	0.023352500000100918	epochs	3.0
1317.139448302997	0.023227499999848078	epochs	3.0
1317.1626758029968	0.046085700000048746	epochs	2.0
1317.1626758029968	0.023104000000103042	epochs	3.0
1317.1857798029969	0.022981699999945704	epochs	3.0
1317.2087615029968	0.045601799999985815	epochs	2.0
1317.2087615029968	0.02286069999991014	epochs	3.0
1317.2316222029967	0.022741100000075676	epochs	3.0
1317.2543633029968	0.04512790000012501	epochs	2.0
1317.2543633029968	0.022622500000125	epochs	3.0
1317.276985802997	0.02250540000000001	epochs	3.0
1317.299491202997	0.04466379999985293	epochs	2.0
1317.299491202997	0.02238929999998618	epochs	3.0
1317.321880502997	0.022274499999866748	epochs	3.0
1317.3441550029968	0.04420920000006845	epochs	2.0
1317.3441550029968	0.022160799999937808	epochs	3.0
1317.3663158029967	0.02204840000013064	epochs	3.0
1317.3883642029969	0.04376359999992019	epochs	2.0
1317.3883642029969	0.02193689999990056	epochs	3.0
1317.4103011029968	0.021826700000019628	epochs	3.0
1317.4321278029968	0.04332709999994222	epochs	2.0
1317.4321278029968	0.02171760000010181	epochs	3.0
1317.4538454029969	0.02160949999984041	epochs	3.0
1317.4754549029967	0.04289900000003399	epochs	2.0
1317.4754549029967	0.021502500000224245	epochs	3.0
1317.496957402997	0.021396499999809748	epochs	3.0
1317.5183539029968	0.04247950000012679	epochs	2.0
1317.5183539029968	0.021291700000119818	epochs	3.0
1317.5396456029969	0.021187800000006973	epochs	3.0
1317.5608334029969	0.04206789999989269	epochs	2.0
1317.5608334029969	0.02108490000000529	epochs	3.0
1317.5819183029969	0.020982999999887397	epochs	3.0
1317.6029013029968	0.04166439999994509	epochs	2.0
1317.6029013029968	0.020882199999959994	epochs	3.0
1317.6237835029967	0.020782199999985096	epochs	3.0
1317.6445657029967	0.04126850000011473	epochs	2.0
1317.6445657029967	0.02068330000020069	epochs	3.0
1317.665249002997	0.02058519999991404	epochs	3.0
1317.6858342029968	0.04088000000001557	epochs	2.0
1317.6858342029968	0.020488099999965925	epochs	3.0
1317.7063223029968	0.020391900000049645	epochs	3.0
1317.7267142029968	0.04049880000002304	epochs	2.0
1317.7267142029968	0.020296599999937825	epochs	3.0
1317.7470108029968	0.020202200000085213	epochs	3.0
1317.7672130029969	0.040124599999899146	epochs	2.0
1317.7672130029969	0.02010870000003706	epochs	3.0
1317.787321702997	0.020015899999862086	epochs	3.0
1317.8073376029968	0.03975730000001931	epochs	2.0
1317.8073376029968	0.019924200000104975	epochs	3.0
1317.8272618029969	0.01983309999991434	epochs	3.0
1317.8470949029968	0.03939669999999751	epochs	2.0
1317.8470949029968	0.01974300000006224	epochs	3.0
1317.8668379029968	0.01965369999993527	epochs	3.0
1317.8864916029968	0.03904239999997117	epochs	2.0
1317.8864916029968	0.019565100000136226	epochs	3.0
1317.906056702997	0.01947729999983494	epochs	3.0
1317.9255340029968	0.038694600000098944	epochs	2.0
1317.9255340029968	0.019390400000020236	epochs	3.0
1317.9449244029968	0.01930420000007871	epochs	3.0
1317.9642286029969	0.03835290000006353	epochs	2.0
1317.9642286029969	0.019218799999862313	epochs	3.0
1317.9834474029967	0.019134100000201215	epochs	3.0
1318.002581502997	0.03801720000001296	epochs	2.0
1318.002581502997	0.019050199999810502	epochs	3.0
1318.0216317029967	0.01896700000020246	epochs	3.0
1318.040598702997	0.03768719999993664	epochs	2.0
1318.040598702997	0.018884499999785476	epochs	3.0
1318.0594832029967	0.018802700000151162	epochs	3.0
1318.0782859029969	0.03736309999999321	epochs	2.0
1318.0782859029969	0.018721700000014607	epochs	3.0
1318.0970076029969	0.018641399999978603	epochs	3.0
1318.1156490029969	0.03704429999993408	epochs	2.0
1318.1156490029969	0.018561599999884493	epochs	3.0
1318.1342106029967	0.01848270000004959	epochs	3.0
1318.1526933029968	0.036731000000145286	epochs	2.0
1318.1526933029968	0.018404299999929208	epochs	3.0
1318.1710976029967	0.01832670000021608	epochs	3.0
1318.189424302997	0.03642289999993409	epochs	2.0
1318.189424302997	0.018249599999990096	epochs	3.0
1318.207673902997	0.018173299999943993	epochs	3.0
1318.2258472029969	0.03612010000006194	epochs	2.0
1318.2258472029969	0.01809759999991911	epochs	3.0
1318.2439448029968	0.018022500000142827	epochs	3.0
1318.261967302997	0.03582209999990482	epochs	2.0
1318.261967302997	0.01794789999985369	epochs	3.0
1318.2799152029968	0.017874200000051133	epochs	3.0
1318.2977894029968	0.03552899999999681	epochs	2.0
1318.2977894029968	0.017800800000031813	epochs	3.0
1318.3155902029969	0.017728199999965	epochs	3.0
1318.3333184029968	0.03524070000003121	epochs	2.0
1318.3333184029968	0.017656100000067454	epochs	3.0
1318.350974502997	0.017584599999963757	epochs	3.0
1318.3685591029969	0.03495709999992869	epochs	2.0
1318.3685591029969	0.017513699999881283	epochs	3.0
1318.3860728029968	0.017443400000047404	epochs	3.0
1318.4035162029968	0.03467790000013338	epochs	2.0
1318.4035162029968	0.017373599999928047	epochs	3.0
1318.4208898029967	0.01730430000020533	epochs	3.0
1318.438194102997	0.03440329999989444	epochs	2.0
1318.438194102997	0.017235699999901044	epochs	3.0
1318.4554298029968	0.0171675999999934	epochs	3.0
1318.4725974029968	0.03413279999995211	epochs	2.0
1318.4725974029968	0.01709989999994832	epochs	3.0
1318.4896973029968	0.017032900000003792	epochs	3.0
1318.5067302029968	0.03386670000008962	epochs	2.0
1318.5067302029968	0.01696640000000116	epochs	3.0
1318.5236966029968	0.016900300000088464	epochs	3.0
1318.5405969029969	0.03360459999998966	epochs	2.0
1318.5405969029969	0.01683479999996962	epochs	3.0
1318.5574317029968	0.01676980000002004	epochs	3.0
1318.5742015029969	0.033346599999958926	epochs	2.0
1318.5742015029969	0.016705300000012357	epochs	3.0
1318.5909068029969	0.01664129999994657	epochs	3.0
1318.6075481029968	0.03309250000006614	epochs	2.0
1318.6075481029968	0.016577800000050047	epochs	3.0
1318.6241259029969	0.01651470000001609	epochs	3.0
1318.6406406029969	0.03284229999985655	epochs	2.0
1318.6406406029969	0.01645220000000336	epochs	3.0
1318.6570928029969	0.01639009999985319	epochs	3.0
1318.6734829029967	0.03259570000000167	epochs	2.0
1318.6734829029967	0.016328400000020338	epochs	3.0
1318.6898113029968	0.016267299999981333	epochs	3.0
1318.7060786029967	0.032352899999978035	epochs	2.0
1318.7060786029967	0.016206600000032267	epochs	3.0
1318.7222852029968	0.016146299999945768	epochs	3.0
1318.7384315029967	0.032113700000081735	epochs	2.0
1318.7384315029967	0.016086600000107865	epochs	3.0
1318.7545181029968	0.01602709999997387	epochs	3.0
1318.7705452029968	0.03187800000000607	epochs	2.0
1318.7705452029968	0.015968200000088473	epochs	3.0
1318.786513402997	0.015909799999917595	epochs	3.0
1318.8024232029968	0.03164570000012645	epochs	2.0
1318.8024232029968	0.015851599999905375	epochs	3.0
1318.8182748029967	0.01579410000022108	epochs	3.0
1318.834068902997	0.031416699999908815	epochs	2.0
1318.834068902997	0.01573669999993399	epochs	3.0
1318.8498056029969	0.015679999999974825	epochs	3.0
1318.8654856029968	0.03119109999988723	epochs	2.0
1318.8654856029968	0.015623600000026272	epochs	3.0
1318.8811092029969	0.015567499999860956	epochs	3.0
1318.8966767029967	0.03096870000013041	epochs	2.0
1318.8966767029967	0.01551200000017161	epochs	3.0
1318.912188702997	0.0154566999999588	epochs	3.0
1318.9276454029969	0.030749499999956242	epochs	2.0
1318.9276454029969	0.015401999999994587	epochs	3.0
1318.9430474029969	0.015347499999961656	epochs	3.0
1318.9583949029968	0.03053320000003623	epochs	2.0
1318.9583949029968	0.015293400000018664	epochs	3.0
1318.9736883029968	0.015239800000017567	epochs	3.0
1318.9889281029969	0.030320099999926242	epochs	2.0
1318.9889281029969	0.015186500000027081	epochs	3.0
1319.0041146029969	0.015133599999899161	epochs	3.0
1319.0192482029968	0.03010990000007041	epochs	2.0
1319.0192482029968	0.015081000000009226	epochs	3.0
1319.0343292029968	0.015028900000061185	epochs	3.0
1319.0493581029968	0.029902499999934662	epochs	2.0
1319.0493581029968	0.014977000000044427	epochs	3.0
1319.064335102997	0.014925499999890235	epochs	3.0
1319.0792606029968	0.0296981000001324	epochs	2.0
1319.0792606029968	0.014874400000053356	epochs	3.0
1319.0941350029968	0.014823700000079043	epochs	3.0
1319.108958702997	0.029496299999891562	epochs	2.0
1319.108958702997	0.01477319999980864	epochs	3.0
1319.1237319029967	0.014723100000082923	epochs	3.0
1319.1384550029968	0.029297400000132257	epochs	2.0
1319.1384550029968	0.014673399999992398	epochs	3.0
1319.1531284029968	0.014624000000139858	epochs	3.0
1319.167752402997	0.029101099999934377	epochs	2.0
1319.167752402997	0.014574899999843183	epochs	3.0
1319.1823273029968	0.014526200000091194	epochs	3.0
1319.1968535029969	0.028907399999980044	epochs	2.0
1319.1968535029969	0.014477700000043114	epochs	3.0
1319.211331202997	0.014429699999936929	epochs	3.0
1319.2257609029969	0.028716199999962555	epochs	2.0
1319.2257609029969	0.014381799999910072	epochs	3.0
1319.2401427029968	0.014334400000052483	epochs	3.0
1319.2544771029968	0.02852759999996124	epochs	2.0
1319.2544771029968	0.014287199999898803	epochs	3.0
1319.2687643029967	0.014240400000062436	epochs	3.0
1319.2830047029968	0.028341400000044814	epochs	2.0
1319.2830047029968	0.014193800000157353	epochs	3.0
1319.297198502997	0.014147599999887461	epochs	3.0
1319.3113461029968	0.028157700000065233	epochs	2.0
1319.3113461029968	0.014101700000082928	epochs	3.0
1319.325447802997	0.014055999999982305	epochs	3.0
1319.339503802997	0.02797629999986384	epochs	2.0
1319.339503802997	0.014010599999892293	epochs	3.0
1319.3535144029968	0.013965699999971548	epochs	3.0
1319.3674801029968	0.027797200000122757	epochs	2.0
1319.3674801029968	0.013920800000050804	epochs	3.0
1319.3814009029968	0.013876400000071953	epochs	3.0
1319.3952773029969	0.027620399999932488	epochs	2.0
1319.3952773029969	0.013832200000024386	epochs	3.0
1319.409109502997	0.013788199999908102	epochs	3.0
1319.4228977029968	0.027445899999975154	epochs	2.0
1319.4228977029968	0.01374460000010913	epochs	3.0
1319.436642302997	0.013701299999866023	epochs	3.0
1319.4503436029968	0.0272735000000921	epochs	2.0
1319.4503436029968	0.013658200000008947	epochs	3.0
1319.4640018029968	0.013615300000083153	epochs	3.0
1319.4776171029969	0.027103399999987232	epochs	2.0
1319.4776171029969	0.013572800000019924	epochs	3.0
1319.491189902997	0.013530599999967308	epochs	3.0
1319.5047205029969	0.02693520000002536	epochs	2.0
1319.5047205029969	0.01348839999991469	epochs	3.0
1319.5182089029968	0.01344680000011067	epochs	3.0
1319.5316557029969	0.026769199999989723	epochs	2.0
1319.5316557029969	0.013405199999851902	epochs	3.0
1319.5450609029967	0.013364000000137821	epochs	3.0
1319.5584249029969	0.026605199999949036	epochs	2.0
1319.5584249029969	0.013322900000048321	epochs	3.0
1319.571747802997	0.013282299999900715	epochs	3.0
1319.5850301029968	0.0264431999999033	epochs	2.0
1319.5850301029968	0.013241699999980483	epochs	3.0
1319.5982718029968	0.013201499999922817	epochs	3.0
1319.6114733029967	0.026283200000079887	epochs	2.0
1319.6114733029967	0.013161500000023807	epochs	3.0
1319.6246348029968	0.01312170000005608	epochs	3.0
1319.6377565029968	0.02612500000009277	epochs	2.0
1319.6377565029968	0.013082100000019636	epochs	3.0
1319.6508386029968	0.013042900000073132	epochs	3.0
1319.663881502997	0.025968899999952555	epochs	2.0
1319.663881502997	0.013003899999830537	epochs	3.0
1319.6768854029967	0.012965000000122018	epochs	3.0
1319.6898504029969	0.025814500000024054	epochs	2.0
1319.6898504029969	0.012926399999969362	epochs	3.0
1319.7027768029968	0.012888100000054692	epochs	3.0
1319.7156649029969	0.025661899999931848	epochs	2.0
1319.7156649029969	0.012849899999991976	epochs	3.0
1319.7285148029969	0.012811999999939871	epochs	3.0
1319.7413268029968	0.025511199999982637	epochs	2.0
1319.7413268029968	0.012774400000125752	epochs	3.0
1319.754101202997	0.012736799999856885	epochs	3.0
1319.7668380029968	0.025362300000097093	epochs	2.0
1319.7668380029968	0.01269969999998466	epochs	3.0
1319.7795377029968	0.012662600000112434	epochs	3.0
1319.792200302997	0.025214999999889187	epochs	2.0
1319.792200302997	0.012625800000023446	epochs	3.0
1319.804826102997	0.012589199999865741	epochs	3.0
1319.8174153029968	0.024584799999956886	epochs	2.0
1319.8357601029968	0.5	epochs	-1.0
1319.8420001029967	0.5001600000000508	epochs	1.0
1320.3421601029968	0.4997600000001512	epochs	0.0
1321.8340001106262	0.09999999999990905	epochs	0.0
1321.8340001106262	0.04500000000007276	epochs	1.0
1321.8790001106263	0.009999999999990905	epochs	1.0
1321.8890001106263	0.044999999999845386	epochs	1.0
1321.9340001106261	2.0	epochs	0.0
1323.9340001106261	21.519600000000082	epochs	0.0
1323.9340001106261	1.0	epochs	1.0
1323.9340001106261	0.5	epochs	-1.0
1324.4340001106261	19.993760000000066	epochs	-1.0
1324.9340001106261	20.0	epochs	1.0
1324.9340001106261	4.356753900000058	epochs	-1.0
1324.9340001106261	1.9745872000000873	epochs	2.0
1324.9340001106261	1.0985622000000603	epochs	3.0
1326.0325623106262	0.8760250000000269	epochs	3.0
1326.9085873106262	1.3524075000000266	epochs	2.0
1326.9085873106262	0.7286355000001095	epochs	3.0
1327.6372228106263	0.6237719999999172	epochs	3.0
1328.2609948106262	1.029759199999944	epochs	2.0
1328.2609948106262	0.5453293000000485	epochs	3.0
1328.8063241106263	0.4844298999998955	epochs	3.0
1329.2907540106262	0.8317862000001242	epochs	2.0
1329.2907540106262	0.4357763000000432	epochs	3.0
1329.7265303106262	0.39600990000008096	epochs	3.0
1330.1225402106263	0.6977969999998095	epochs	2.0
1330.1225402106263	0.3628982000000178	epochs	3.0
1330.4854384106263	0.33489879999979166	epochs	3.0
1330.8203372106261	0.601045699999986	epochs	2.0
1330.8203372106261	0.3109123000001546	epochs	3.0
1331.1312495106263	0.29013339999983145	epochs	3.0
1331.421382910626	0.5278859000000011	epochs	2.0
1331.421382910626	0.2719586000000618	epochs	3.0
1331.6933415106262	0.25592729999993935	epochs	3.0
1331.949268810626	0.4706193000001804	epochs	2.0
1331.949268810626	0.24168130000020938	epochs	3.0
1332.1909501106263	0.228937999999971	epochs	3.0
1332.4198881106263	0.42457039999999324	epochs	2.0
1332.4198881106263	0.21747140000002219	epochs	3.0
1332.6373595106263	0.20709899999997106	epochs	3.0
1332.8444585106263	0.3867353999999068	epochs	2.0
1332.8444585106263	0.19767109999997956	epochs	3.0
1333.0421296106263	0.18906429999992724	epochs	3.0
1333.2311939106262	0.35509530000013	epochs	2.0
1333.2311939106262	0.18117589999997108	epochs	3.0
1333.4123698106262	0.17391940000015893	epochs	3.0
1333.5862892106263	0.3282431000000088	epochs	2.0
1333.5862892106263	0.16722189999995862	epochs	3.0
1333.7535111106263	0.16102120000005016	epochs	3.0
1333.9145323106263	0.3051679999998669	epochs	2.0
1333.9145323106263	0.15526389999990897	epochs	3.0
1334.0697962106262	0.1499040999999579	epochs	3.0
1334.2197003106262	0.28512530000011793	epochs	2.0
1334.2197003106262	0.1449021000000812	epochs	3.0
1334.3646024106263	0.14022320000003674	epochs	3.0
1334.5048256106263	0.2675537999998596	epochs	2.0
1334.5048256106263	0.1358368999999584	epochs	3.0
1334.6406625106263	0.13171689999990122	epochs	3.0
1334.7723794106262	0.25202290000015637	epochs	2.0
1334.7723794106262	0.1278393000000051	epochs	3.0
1334.9002187106262	0.12418360000015127	epochs	3.0
1335.0244023106263	0.23819649999995818	epochs	2.0
1335.0244023106263	0.1207310999998299	epochs	3.0
1335.1451334106262	0.11746540000012828	epochs	3.0
1335.2625988106263	0.22580879999986792	epochs	2.0
1335.2625988106263	0.1143718999999237	epochs	3.0
1335.3769707106262	0.11143689999994422	epochs	3.0
1335.4884076106262	0.2146460000001298	epochs	2.0
1335.4884076106262	0.10864890000016203	epochs	3.0
1335.5970565106263	0.10599709999996776	epochs	3.0
1335.7030536106263	0.2045349999998507	epochs	2.0
1335.7030536106263	0.1034714999998414	epochs	3.0
1335.8065251106261	0.1010635000000093	epochs	3.0
1335.9075886106261	0.19533400000000256	epochs	2.0
1335.9075886106261	0.09876510000003691	epochs	3.0
1336.0063537106262	0.09656889999996565	epochs	3.0
1336.1029226106261	0.18692529999998442	epochs	2.0
1336.1029226106261	0.09446830000001682	epochs	3.0
1336.1973909106262	0.09245699999996759	epochs	3.0
1336.2898479106261	0.1792107000001124	epochs	2.0
1336.2898479106261	0.0905296000000817	epochs	3.0
1336.3803775106262	0.08868110000003071	epochs	3.0
1336.4690586106262	0.17210769999996955	epochs	2.0
1336.4690586106262	0.08690630000000965	epochs	3.0
1336.5559649106262	0.0852013999999599	epochs	3.0
1336.6411663106262	0.16554640000003928	epochs	2.0
1336.6411663106262	0.08356189999994967	epochs	3.0
1336.7247282106262	0.08198450000008961	epochs	3.0
1336.8067127106262	0.15946710000002895	epochs	2.0
1336.8067127106262	0.08046539999986635	epochs	3.0
1336.887178110626	0.0790017000001626	epochs	3.0
1336.9661798106263	0.1538183999998637	epochs	2.0
1336.9661798106263	0.07759009999995214	epochs	3.0
1337.0437699106262	0.07622829999991154	epochs	3.0
1337.1199982106261	0.14855640000018866	epochs	2.0
1337.1199982106261	0.07491330000016205	epochs	3.0
1337.1949115106263	0.0736431000000266	epochs	3.0
1337.2685546106263	0.1436423999998624	epochs	2.0
1337.2685546106263	0.07241499999986445	epochs	3.0
1337.3409696106262	0.07122739999999794	epochs	3.0
1337.4121970106262	0.13904309999998077	epochs	2.0
1337.4121970106262	0.07007799999996678	epochs	3.0
1337.4822750106262	0.06896510000001399	epochs	3.0
1337.5512401106262	0.1347293000001173	epochs	2.0
1337.5512401106262	0.0678871000000072	epochs	3.0
1337.6191272106262	0.0668422000001101	epochs	3.0
1337.6859694106263	0.1306752000000415	epochs	2.0
1337.6859694106263	0.06582909999997355	epochs	3.0
1337.7517985106263	0.06484610000006796	epochs	3.0
1337.8166446106263	0.1268577999999252	epochs	2.0
1337.8166446106263	0.06389199999989614	epochs	3.0
1337.8805366106262	0.06296580000002905	epochs	3.0
1337.9435024106263	0.12325719999989815	epochs	2.0
1337.9435024106263	0.06206580000002759	epochs	3.0
1338.0055682106263	0.061191399999870555	epochs	3.0
1338.0667596106261	0.11985540000000583	epochs	2.0
1338.0667596106261	0.060341099999959624	epochs	3.0
1338.127100710626	0.059514300000046205	epochs	3.0
1338.1866150106262	0.11663620000012997	epochs	2.0
1338.1866150106262	0.05870960000015657	epochs	3.0
1338.2453246106263	0.057926599999973405	epochs	3.0
1338.3032512106263	0.11358559999985118	epochs	2.0
1338.3032512106263	0.05716419999998834	epochs	3.0
1338.3604154106263	0.05642139999986284	epochs	3.0
1338.4168368106261	0.11069050000014613	epochs	2.0
1338.4168368106261	0.055697900000041045	epochs	3.0
1338.4725347106262	0.054992600000105085	epochs	3.0
1338.5275273106263	0.10793909999983953	epochs	2.0
1338.5275273106263	0.05430490000003374	epochs	3.0
1338.5818322106263	0.05363419999980579	epochs	3.0
1338.6354664106261	0.10532150000017282	epochs	2.0
1338.6354664106261	0.052980000000161453	epochs	3.0
1338.6884464106263	0.052341500000011365	epochs	3.0
1338.7407879106263	0.10282759999995505	epochs	2.0
1338.7407879106263	0.05171810000001642	epochs	3.0
1338.7925060106263	0.051109499999938635	epochs	3.0
1338.8436155106263	0.10044909999987794	epochs	2.0
1338.8436155106263	0.050514900000052876	epochs	3.0
1338.8941304106263	0.04993419999982507	epochs	3.0
1338.9440646106261	0.09817830000019967	epochs	2.0
1338.9440646106261	0.04936659999998483	epochs	3.0
1338.993431210626	0.04881170000021484	epochs	3.0
1339.0422429106263	0.09600779999982478	epochs	2.0
1339.0422429106263	0.048269199999822376	epochs	3.0
1339.0905121106262	0.04773860000000241	epochs	3.0
1339.1382507106262	0.09393120000004274	epochs	2.0
1339.1382507106262	0.04721949999998287	epochs	3.0
1339.1854702106261	0.046711700000059864	epochs	3.0
1339.2321819106262	0.09194260000003851	epochs	2.0
1339.2321819106262	0.046214599999984785	epochs	3.0
1339.2783965106262	0.045728000000053726	epochs	3.0
1339.3241245106262	0.09003630000006524	epochs	2.0
1339.3241245106262	0.045251499999949374	epochs	3.0
1339.3693760106262	0.044784800000115865	epochs	3.0
1339.4141608106263	0.08820760000003247	epochs	2.0
1339.4141608106263	0.044327800000019124	epochs	3.0
1339.4584886106263	0.04387980000001335	epochs	3.0
1339.5023684106263	0.0864516999999978	epochs	2.0
1339.5023684106263	0.04344099999980244	epochs	3.0
1339.5458094106261	0.04301070000019536	epochs	3.0
1339.5888201106263	0.08476429999996071	epochs	2.0
1339.5888201106263	0.04258899999990717	epochs	3.0
1339.6314091106262	0.04217530000005354	epochs	3.0
1339.6735844106263	0.08314150000001064	epochs	2.0
1339.6735844106263	0.04176970000003166	epochs	3.0
1339.7153541106263	0.041371799999978975	epochs	3.0
1339.7567259106263	0.08157970000002024	epochs	2.0
1339.7567259106263	0.040981399999964196	epochs	3.0
1339.7977073106263	0.04059830000005604	epochs	3.0
1339.8383056106263	0.08007549999979346	epochs	2.0
1339.8383056106263	0.04022229999986848	epochs	3.0
1339.8785279106262	0.03985319999992498	epochs	3.0
1339.9183811106261	0.07862570000020241	epochs	2.0
1339.9183811106261	0.039490800000066884	epochs	3.0
1339.9578719106262	0.03913490000013553	epochs	3.0
1339.9970068106263	0.07722760000001472	epochs	2.0
1339.9970068106263	0.03878539999982422	epochs	3.0
1340.0357922106261	0.038442200000190496	epochs	3.0
1340.0742344106263	0.07587819999980638	epochs	2.0
1340.0742344106263	0.03810479999992822	epochs	3.0
1340.1123392106263	0.037773399999878166	epochs	3.0
1340.1501126106261	0.0745752000000266	epochs	2.0
1340.1501126106261	0.03744770000002973	epochs	3.0
1340.1875603106262	0.03712749999999687	epochs	3.0
1340.2246878106262	0.07331629999998768	epochs	2.0
1340.2246878106262	0.0368129000000863	epochs	3.0
1340.2615007106263	0.036503399999901376	epochs	3.0
1340.2980041106262	0.07209899999998015	epochs	2.0
1340.2980041106262	0.03619909999997617	epochs	3.0
1340.3342032106261	0.03589990000000398	epochs	3.0
1340.3701031106261	0.07092170000009901	epochs	2.0
1340.3701031106261	0.03560560000005353	epochs	3.0
1340.4057087106262	0.03531610000004548	epochs	3.0
1340.4410248106262	0.06978200000003199	epochs	2.0
1340.4410248106262	0.03503120000004856	epochs	3.0
1340.4760560106263	0.03475079999998343	epochs	3.0
1340.5108068106263	0.06867859999988468	epochs	2.0
1340.5108068106263	0.03447510000000875	epochs	3.0
1340.5452819106263	0.03420349999987593	epochs	3.0
1340.5794854106261	0.06760930000018561	epochs	2.0
1340.5794854106261	0.033936199999970995	epochs	3.0
1340.6134216106261	0.03367310000021462	epochs	3.0
1340.6470947106263	0.06657289999998284	epochs	2.0
1340.6470947106263	0.03341399999999339	epochs	3.0
1340.6805087106263	0.033158899999989444	epochs	3.0
1340.7136676106263	0.06556779999982609	epochs	2.0
1340.7136676106263	0.03290769999989607	epochs	3.0
1340.7465753106262	0.032660099999930026	epochs	3.0
1340.7792354106261	0.06459259999996902	epochs	2.0
1340.7792354106261	0.03241640000010193	epochs	3.0
1340.8116518106262	0.032176199999867094	epochs	3.0
1340.843828010626	0.06364600000006249	epochs	2.0
1340.843828010626	0.03193960000021434	epochs	3.0
1340.8757676106263	0.031706399999848145	epochs	3.0
1340.9074740106262	0.0627266999999847	epochs	2.0
1340.9074740106262	0.03147660000013275	epochs	3.0
1340.9389506106263	0.031250099999851955	epochs	3.0
1340.9702007106262	0.06183359999999993	epochs	2.0
1340.9702007106262	0.031026900000142632	epochs	3.0
1341.0012276106263	0.0308066999998573	epochs	3.0
1341.0320343106262	0.06096560000014506	epochs	2.0
1341.0320343106262	0.03058980000014344	epochs	3.0
1341.0626241106263	0.030375800000001618	epochs	3.0
1341.0929999106263	0.06012160000000222	epochs	2.0
1341.0929999106263	0.030164899999817862	epochs	3.0
1341.1231648106261	0.029956700000184355	epochs	3.0
1341.1531215106263	0.05930069999999432	epochs	2.0
1341.1531215106263	0.029751599999826794	epochs	3.0
1341.1828731106261	0.029549100000167527	epochs	3.0
1341.2124222106263	0.05850179999993088	epochs	2.0
1341.2124222106263	0.02934940000000097	epochs	3.0
1341.2417716106263	0.029152399999929912	epochs	3.0
1341.2709240106262	0.05772419999993872	epochs	2.0
1341.2709240106262	0.028958000000102402	epochs	3.0
1341.2998820106263	0.028766199999836317	epochs	3.0
1341.3286482106262	0.05696710000006533	epochs	2.0
1341.3286482106262	0.028577000000041153	epochs	3.0
1341.3572252106262	0.028390100000024177	epochs	3.0
1341.3856153106262	0.05622949999997218	epochs	2.0
1341.3856153106262	0.028205699999944045	epochs	3.0
1341.4138210106262	0.028023800000028132	epochs	3.0
1341.4418448106262	0.05551070000001346	epochs	2.0
1341.4418448106262	0.027843999999959124	epochs	3.0
1341.4696888106262	0.027666700000054334	epochs	3.0
1341.4973555106262	0.054810200000019904	epochs	2.0
1341.4973555106262	0.02749149999999645	epochs	3.0
1341.5248470106262	0.027318700000023455	epochs	3.0
1341.5521657106262	0.054126999999880354	epochs	2.0
1341.5521657106262	0.027147799999966082	epochs	3.0
1341.5793135106262	0.026979199999914272	epochs	3.0
1341.6062927106261	0.05346070000018699	epochs	2.0
1341.6062927106261	0.026812600000084785	epochs	3.0
1341.6331053106262	0.026648100000102204	epochs	3.0
1341.6597534106263	0.05281070000000909	epochs	2.0
1341.6597534106263	0.0264855999998872	epochs	3.0
1341.6862390106262	0.026325100000121893	epochs	3.0
1341.7125641106263	0.052176199999848905	epochs	2.0
1341.7125641106263	0.026166399999965506	epochs	3.0
1341.7387305106263	0.0260097999998834	epochs	3.0
1341.7647403106262	0.051556699999991906	epochs	2.0
1341.7647403106262	0.02585480000016105	epochs	3.0
1341.7905951106263	0.025701899999830857	epochs	3.0
1341.8162970106262	0.05095189999997274	epochs	2.0
1341.8162970106262	0.025550700000167126	epochs	3.0
1341.8418477106263	0.025401199999805613	epochs	3.0
1341.8672489106261	0.05036100000006627	epochs	2.0
1341.8672489106261	0.025253500000189888	epochs	3.0
1341.8925024106263	0.02510749999987638	epochs	3.0
1341.9176099106262	0.04978380000011384	epochs	2.0
1341.9176099106262	0.02496320000000196	epochs	3.0
1341.9425731106262	0.02482060000011188	epochs	3.0
1341.9673937106263	0.04921949999993558	epochs	2.0
1341.9673937106263	0.024679399999968155	epochs	3.0
1341.9920731106263	0.024540099999967424	epochs	3.0
1342.0166132106262	0.04866790000005494	epochs	2.0
1342.0166132106262	0.024402100000088467	epochs	3.0
1342.0410153106263	0.024265799999966475	epochs	3.0
1342.0652811106263	0.048128599999927246	epochs	2.0
1342.0652811106263	0.02413099999989754	epochs	3.0
1342.0894121106262	0.023997600000029706	epochs	3.0
1342.1134097106262	0.047601100000065344	epochs	2.0
1342.1134097106262	0.023865800000066884	epochs	3.0
1342.1372755106263	0.02373529999999846	epochs	3.0
1342.1610108106263	0.04708499999992455	epochs	2.0
1342.1610108106263	0.023606299999983094	epochs	3.0
1342.1846171106263	0.023478699999941455	epochs	3.0
1342.2080958106262	0.046579999999948996	epochs	2.0
1342.2080958106262	0.023352500000100918	epochs	3.0
1342.2314483106263	0.023227499999848078	epochs	3.0
1342.2546758106262	0.046085700000048746	epochs	2.0
1342.2546758106262	0.023104000000103042	epochs	3.0
1342.2777798106263	0.022981699999945704	epochs	3.0
1342.3007615106262	0.045601799999985815	epochs	2.0
1342.3007615106262	0.02286069999991014	epochs	3.0
1342.3236222106261	0.022741100000075676	epochs	3.0
1342.3463633106262	0.04512790000012501	epochs	2.0
1342.3463633106262	0.022622500000125	epochs	3.0
1342.3689858106263	0.02250540000000001	epochs	3.0
1342.3914912106263	0.04466379999985293	epochs	2.0
1342.3914912106263	0.02238929999998618	epochs	3.0
1342.4138805106263	0.022274499999866748	epochs	3.0
1342.4361550106262	0.04420920000006845	epochs	2.0
1342.4361550106262	0.022160799999937808	epochs	3.0
1342.4583158106261	0.02204840000013064	epochs	3.0
1342.4803642106262	0.04376359999992019	epochs	2.0
1342.4803642106262	0.02193689999990056	epochs	3.0
1342.5023011106261	0.021826700000019628	epochs	3.0
1342.5241278106262	0.04332709999994222	epochs	2.0
1342.5241278106262	0.02171760000010181	epochs	3.0
1342.5458454106263	0.02160949999984041	epochs	3.0
1342.567454910626	0.04289900000003399	epochs	2.0
1342.567454910626	0.021502500000224245	epochs	3.0
1342.5889574106263	0.021396499999809748	epochs	3.0
1342.6103539106261	0.04247950000012679	epochs	2.0
1342.6103539106261	0.021291700000119818	epochs	3.0
1342.6316456106263	0.021187800000006973	epochs	3.0
1342.6528334106263	0.04206789999989269	epochs	2.0
1342.6528334106263	0.02108490000000529	epochs	3.0
1342.6739183106263	0.020982999999887397	epochs	3.0
1342.6949013106262	0.04166439999994509	epochs	2.0
1342.6949013106262	0.020882199999959994	epochs	3.0
1342.7157835106261	0.020782199999985096	epochs	3.0
1342.736565710626	0.04126850000011473	epochs	2.0
1342.736565710626	0.02068330000020069	epochs	3.0
1342.7572490106263	0.02058519999991404	epochs	3.0
1342.7778342106262	0.04088000000001557	epochs	2.0
1342.7778342106262	0.020488099999965925	epochs	3.0
1342.7983223106262	0.020391900000049645	epochs	3.0
1342.8187142106262	0.04049880000002304	epochs	2.0
1342.8187142106262	0.020296599999937825	epochs	3.0
1342.8390108106262	0.020202200000085213	epochs	3.0
1342.8592130106263	0.040124599999899146	epochs	2.0
1342.8592130106263	0.02010870000003706	epochs	3.0
1342.8793217106263	0.020015899999862086	epochs	3.0
1342.8993376106262	0.03975730000001931	epochs	2.0
1342.8993376106262	0.019924200000104975	epochs	3.0
1342.9192618106263	0.01983309999991434	epochs	3.0
1342.9390949106262	0.03939669999999751	epochs	2.0
1342.9390949106262	0.01974300000006224	epochs	3.0
1342.9588379106262	0.01965369999993527	epochs	3.0
1342.9784916106262	0.03904239999997117	epochs	2.0
1342.9784916106262	0.019565100000136226	epochs	3.0
1342.9980567106263	0.01947729999983494	epochs	3.0
1343.0175340106262	0.038694600000098944	epochs	2.0
1343.0175340106262	0.019390400000020236	epochs	3.0
1343.0369244106262	0.01930420000007871	epochs	3.0
1343.0562286106262	0.03835290000006353	epochs	2.0
1343.0562286106262	0.019218799999862313	epochs	3.0
1343.075447410626	0.019134100000201215	epochs	3.0
1343.0945815106263	0.03801720000001296	epochs	2.0
1343.0945815106263	0.019050199999810502	epochs	3.0
1343.1136317106261	0.01896700000020246	epochs	3.0
1343.1325987106263	0.03768719999993664	epochs	2.0
1343.1325987106263	0.018884499999785476	epochs	3.0
1343.151483210626	0.018802700000151162	epochs	3.0
1343.1702859106263	0.03736309999999321	epochs	2.0
1343.1702859106263	0.018721700000014607	epochs	3.0
1343.1890076106263	0.018641399999978603	epochs	3.0
1343.2076490106263	0.03704429999993408	epochs	2.0
1343.2076490106263	0.018561599999884493	epochs	3.0
1343.2262106106261	0.01848270000004959	epochs	3.0
1343.2446933106262	0.036731000000145286	epochs	2.0
1343.2446933106262	0.018404299999929208	epochs	3.0
1343.2630976106261	0.01832670000021608	epochs	3.0
1343.2814243106263	0.03642289999993409	epochs	2.0
1343.2814243106263	0.018249599999990096	epochs	3.0
1343.2996739106263	0.018173299999943993	epochs	3.0
1343.3178472106263	0.03612010000006194	epochs	2.0
1343.3178472106263	0.01809759999991911	epochs	3.0
1343.3359448106262	0.018022500000142827	epochs	3.0
1343.3539673106263	0.03582209999990482	epochs	2.0
1343.3539673106263	0.01794789999985369	epochs	3.0
1343.3719152106262	0.017874200000051133	epochs	3.0
1343.3897894106262	0.03552899999999681	epochs	2.0
1343.3897894106262	0.017800800000031813	epochs	3.0
1343.4075902106263	0.017728199999965	epochs	3.0
1343.4253184106262	0.03524070000003121	epochs	2.0
1343.4253184106262	0.017656100000067454	epochs	3.0
1343.4429745106263	0.017584599999963757	epochs	3.0
1343.4605591106263	0.03495709999992869	epochs	2.0
1343.4605591106263	0.017513699999881283	epochs	3.0
1343.4780728106261	0.017443400000047404	epochs	3.0
1343.4955162106262	0.03467790000013338	epochs	2.0
1343.4955162106262	0.017373599999928047	epochs	3.0
1343.5128898106261	0.01730430000020533	epochs	3.0
1343.5301941106263	0.03440329999989444	epochs	2.0
1343.5301941106263	0.017235699999901044	epochs	3.0
1343.5474298106262	0.0171675999999934	epochs	3.0
1343.5645974106262	0.03413279999995211	epochs	2.0
1343.5645974106262	0.01709989999994832	epochs	3.0
1343.5816973106262	0.017032900000003792	epochs	3.0
1343.5987302106262	0.03386670000008962	epochs	2.0
1343.5987302106262	0.01696640000000116	epochs	3.0
1343.6156966106262	0.016900300000088464	epochs	3.0
1343.6325969106263	0.03360459999998966	epochs	2.0
1343.6325969106263	0.01683479999996962	epochs	3.0
1343.6494317106262	0.01676980000002004	epochs	3.0
1343.6662015106263	0.033346599999958926	epochs	2.0
1343.6662015106263	0.016705300000012357	epochs	3.0
1343.6829068106263	0.01664129999994657	epochs	3.0
1343.6995481106262	0.03309250000006614	epochs	2.0
1343.6995481106262	0.016577800000050047	epochs	3.0
1343.7161259106263	0.01651470000001609	epochs	3.0
1343.7326406106263	0.03284229999985655	epochs	2.0
1343.7326406106263	0.01645220000000336	epochs	3.0
1343.7490928106263	0.01639009999985319	epochs	3.0
1343.7654829106261	0.03259570000000167	epochs	2.0
1343.7654829106261	0.016328400000020338	epochs	3.0
1343.7818113106262	0.016267299999981333	epochs	3.0
1343.7980786106261	0.032352899999978035	epochs	2.0
1343.7980786106261	0.016206600000032267	epochs	3.0
1343.8142852106262	0.016146299999945768	epochs	3.0
1343.830431510626	0.032113700000081735	epochs	2.0
1343.830431510626	0.016086600000107865	epochs	3.0
1343.8465181106262	0.01602709999997387	epochs	3.0
1343.8625452106262	0.03187800000000607	epochs	2.0
1343.8625452106262	0.015968200000088473	epochs	3.0
1343.8785134106263	0.015909799999917595	epochs	3.0
1343.8944232106262	0.03164570000012645	epochs	2.0
1343.8944232106262	0.015851599999905375	epochs	3.0
1343.910274810626	0.01579410000022108	epochs	3.0
1343.9260689106263	0.031416699999908815	epochs	2.0
1343.9260689106263	0.01573669999993399	epochs	3.0
1343.9418056106263	0.015679999999974825	epochs	3.0
1343.9574856106262	0.03119109999988723	epochs	2.0
1343.9574856106262	0.015623600000026272	epochs	3.0
1343.9731092106263	0.015567499999860956	epochs	3.0
1343.9886767106261	0.03096870000013041	epochs	2.0
1343.9886767106261	0.01551200000017161	epochs	3.0
1344.0041887106263	0.0154566999999588	epochs	3.0
1344.0196454106263	0.030749499999956242	epochs	2.0
1344.0196454106263	0.015401999999994587	epochs	3.0
1344.0350474106262	0.015347499999961656	epochs	3.0
1344.0503949106262	0.03053320000003623	epochs	2.0
1344.0503949106262	0.015293400000018664	epochs	3.0
1344.0656883106262	0.015239800000017567	epochs	3.0
1344.0809281106262	0.030320099999926242	epochs	2.0
1344.0809281106262	0.015186500000027081	epochs	3.0
1344.0961146106263	0.015133599999899161	epochs	3.0
1344.1112482106262	0.03010990000007041	epochs	2.0
1344.1112482106262	0.015081000000009226	epochs	3.0
1344.1263292106262	0.015028900000061185	epochs	3.0
1344.1413581106262	0.029902499999934662	epochs	2.0
1344.1413581106262	0.014977000000044427	epochs	3.0
1344.1563351106263	0.014925499999890235	epochs	3.0
1344.1712606106262	0.0296981000001324	epochs	2.0
1344.1712606106262	0.014874400000053356	epochs	3.0
1344.1861350106262	0.014823700000079043	epochs	3.0
1344.2009587106263	0.029496299999891562	epochs	2.0
1344.2009587106263	0.01477319999980864	epochs	3.0
1344.2157319106261	0.014723100000082923	epochs	3.0
1344.2304550106262	0.029297400000132257	epochs	2.0
1344.2304550106262	0.014673399999992398	epochs	3.0
1344.2451284106262	0.014624000000139858	epochs	3.0
1344.2597524106263	0.029101099999934377	epochs	2.0
1344.2597524106263	0.014574899999843183	epochs	3.0
1344.2743273106262	0.014526200000091194	epochs	3.0
1344.2888535106263	0.028907399999980044	epochs	2.0
1344.2888535106263	0.014477700000043114	epochs	3.0
1344.3033312106263	0.014429699999936929	epochs	3.0
1344.3177609106262	0.028716199999962555	epochs	2.0
1344.3177609106262	0.014381799999910072	epochs	3.0
1344.3321427106262	0.014334400000052483	epochs	3.0
1344.3464771106262	0.02852759999996124	epochs	2.0
1344.3464771106262	0.014287199999898803	epochs	3.0
1344.360764310626	0.014240400000062436	epochs	3.0
1344.3750047106262	0.028341400000044814	epochs	2.0
1344.3750047106262	0.014193800000157353	epochs	3.0
1344.3891985106263	0.014147599999887461	epochs	3.0
1344.4033461106262	0.028157700000065233	epochs	2.0
1344.4033461106262	0.014101700000082928	epochs	3.0
1344.4174478106263	0.014055999999982305	epochs	3.0
1344.4315038106263	0.02797629999986384	epochs	2.0
1344.4315038106263	0.014010599999892293	epochs	3.0
1344.4455144106262	0.013965699999971548	epochs	3.0
1344.4594801106261	0.027797200000122757	epochs	2.0
1344.4594801106261	0.013920800000050804	epochs	3.0
1344.4734009106262	0.013876400000071953	epochs	3.0
1344.4872773106263	0.027620399999932488	epochs	2.0
1344.4872773106263	0.013832200000024386	epochs	3.0
1344.5011095106263	0.013788199999908102	epochs	3.0
1344.5148977106262	0.027445899999975154	epochs	2.0
1344.5148977106262	0.01374460000010913	epochs	3.0
1344.5286423106263	0.013701299999866023	epochs	3.0
1344.5423436106262	0.0272735000000921	epochs	2.0
1344.5423436106262	0.013658200000008947	epochs	3.0
1344.5560018106262	0.013615300000083153	epochs	3.0
1344.5696171106263	0.027103399999987232	epochs	2.0
1344.5696171106263	0.013572800000019924	epochs	3.0
1344.5831899106263	0.013530599999967308	epochs	3.0
1344.5967205106263	0.02693520000002536	epochs	2.0
1344.5967205106263	0.01348839999991469	epochs	3.0
1344.6102089106262	0.01344680000011067	epochs	3.0
1344.6236557106263	0.026769199999989723	epochs	2.0
1344.6236557106263	0.013405199999851902	epochs	3.0
1344.6370609106261	0.013364000000137821	epochs	3.0
1344.6504249106263	0.026605199999949036	epochs	2.0
1344.6504249106263	0.013322900000048321	epochs	3.0
1344.6637478106263	0.013282299999900715	epochs	3.0
1344.6770301106262	0.0264431999999033	epochs	2.0
1344.6770301106262	0.013241699999980483	epochs	3.0
1344.6902718106262	0.013201499999922817	epochs	3.0
1344.7034733106261	0.026283200000079887	epochs	2.0
1344.7034733106261	0.013161500000023807	epochs	3.0
1344.7166348106261	0.01312170000005608	epochs	3.0
1344.7297565106262	0.02612500000009277	epochs	2.0
1344.7297565106262	0.013082100000019636	epochs	3.0
1344.7428386106262	0.013042900000073132	epochs	3.0
1344.7558815106263	0.025968899999952555	epochs	2.0
1344.7558815106263	0.013003899999830537	epochs	3.0
1344.7688854106261	0.012965000000122018	epochs	3.0
1344.7818504106262	0.025814500000024054	epochs	2.0
1344.7818504106262	0.012926399999969362	epochs	3.0
1344.7947768106262	0.012888100000054692	epochs	3.0
1344.8076649106263	0.025661899999931848	epochs	2.0
1344.8076649106263	0.012849899999991976	epochs	3.0
1344.8205148106263	0.012811999999939871	epochs	3.0
1344.8333268106262	0.025511199999982637	epochs	2.0
1344.8333268106262	0.012774400000125752	epochs	3.0
1344.8461012106263	0.012736799999856885	epochs	3.0
1344.8588380106262	0.025362300000097093	epochs	2.0
1344.8588380106262	0.01269969999998466	epochs	3.0
1344.8715377106262	0.012662600000112434	epochs	3.0
1344.8842003106263	0.025214999999889187	epochs	2.0
1344.8842003106263	0.012625800000023446	epochs	3.0
1344.8968261106263	0.012589199999865741	epochs	3.0
1344.9094153106262	0.024584799999956886	epochs	2.0
1344.9277601106262	0.5	epochs	-1.0
1344.9340001106261	0.5196000000000822	epochs	1.0
1345.4536001106262	0.48032000000011976	epochs	0.0
1362.111999988556	0.09999999999990905	epochs	0.0
1362.111999988556	0.04500000000007276	epochs	1.0
1362.156999988556	0.009999999999990905	epochs	1.0
1362.166999988556	0.044999999999845386	epochs	1.0
1362.2119999885558	2.0	epochs	0.0
1364.2119999885558	1.5200800000000072	epochs	0.0
1364.2119999885558	1.0	epochs	1.0
1364.2119999885558	0.5	epochs	-1.0
1364.7119999885558	1.0200800000000072	epochs	-1.0
1365.2119999885558	0.5200800000000072	epochs	-1.0
1365.2119999885558	0.5200800000000072	epochs	1.0
1365.2119999885558	0.5200800000000072	epochs	2.0
1365.2119999885558	0.5200800000000072	epochs	3.0
1365.7320799885558	20.479840000000195	epochs	0.0
1367.111999988556	0.09999999999990905	epochs	0.0
1367.111999988556	0.04500000000007276	epochs	1.0
1367.156999988556	0.009999999999990905	epochs	1.0
1367.166999988556	0.044999999999845386	epochs	1.0
1367.2119999885558	2.0	epochs	0.0
1369.2119999885558	1.520240000000058	epochs	0.0
1369.2119999885558	1.0	epochs	1.0
1369.2119999885558	0.5	epochs	-1.0
1369.7119999885558	1.020240000000058	epochs	-1.0
1370.2119999885558	0.520240000000058	epochs	-1.0
1370.2119999885558	0.520240000000058	epochs	1.0
1370.2119999885558	0.520240000000058	epochs	2.0
1370.2119999885558	0.520240000000058	epochs	3.0
1370.7322399885559	20.479680000000144	epochs	0.0
1372.218999862671	0.09999999999990905	epochs	0.0
1372.218999862671	0.04500000000007276	epochs	1.0
1372.263999862671	0.009999999999990905	epochs	1.0
1372.273999862671	0.044999999999845386	epochs	1.0
1372.3189998626708	2.0	epochs	0.0
1374.3189998626708	1.6583200000000033	epochs	0.0
1374.3189998626708	1.0	epochs	1.0
1374.3189998626708	0.5	epochs	-1.0
1374.8189998626708	1.1583200000000033	epochs	-1.0
1375.3189998626708	0.6583200000000033	epochs	-1.0
1375.3189998626708	0.6583200000000033	epochs	1.0
1375.3189998626708	0.6583200000000033	epochs	2.0
1375.3189998626708	0.6583200000000033	epochs	3.0
1375.9773198626708	20.3416000000002	epochs	0.0
1377.5689997673035	0.09999999999990905	epochs	0.0
1377.5689997673035	0.04500000000007276	epochs	1.0
1377.6139997673035	0.009999999999990905	epochs	1.0
1377.6239997673035	0.044999999999845386	epochs	1.0
1377.6689997673034	2.0	epochs	0.0
1379.6689997673034	5.399360000000115	epochs	0.0
1379.6689997673034	1.0	epochs	1.0
1379.6689997673034	0.5	epochs	-1.0
1380.1689997673034	4.899360000000115	epochs	-1.0
1380.6689997673034	4.399360000000115	epochs	1.0
1380.6689997673034	4.356753900000058	epochs	-1.0
1380.6689997673034	1.9745872000000873	epochs	2.0
1380.6689997673034	1.0985622000000603	epochs	3.0
1381.7675619673034	0.8760250000000269	epochs	3.0
1382.6435869673035	1.3524075000000266	epochs	2.0
1382.6435869673035	0.7286355000001095	epochs	3.0
1383.3722224673036	0.6237719999999172	epochs	3.0
1383.9959944673035	1.029759199999944	epochs	2.0
1383.9959944673035	0.5453293000000485	epochs	3.0
1384.5413237673035	0.4844298999998955	epochs	3.0
1385.0257536673034	0.04260610000005727	epochs	2.0
1385.0257536673034	0.04260610000005727	epochs	3.0
1385.0683597673035	16.600560000000087	epochs	0.0
1386.5069999694824	0.09999999999990905	epochs	0.0
1386.5069999694824	0.04500000000007276	epochs	1.0
1386.5519999694825	0.009999999999990905	epochs	1.0
1386.5619999694825	0.044999999999845386	epochs	1.0
1386.6069999694823	2.0	epochs	0.0
1388.6069999694823	5.399760000000015	epochs	0.0
1388.6069999694823	1.0	epochs	1.0
1388.6069999694823	0.5	epochs	-1.0
1389.1069999694823	4.899760000000015	epochs	-1.0
1389.6069999694823	4.399760000000015	epochs	1.0
1389.6069999694823	4.356753900000058	epochs	-1.0
1389.6069999694823	1.9745872000000873	epochs	2.0
1389.6069999694823	1.0985622000000603	epochs	3.0
1390.7055621694824	0.8760250000000269	epochs	3.0
1391.5815871694824	1.3524075000000266	epochs	2.0
1391.5815871694824	0.7286355000001095	epochs	3.0
1392.3102226694825	0.6237719999999172	epochs	3.0
1392.9339946694824	1.029759199999944	epochs	2.0
1392.9339946694824	0.5453293000000485	epochs	3.0
1393.4793239694825	0.4844298999998955	epochs	3.0
1393.9637538694824	0.04300609999995686	epochs	2.0
1393.9637538694824	0.04300609999995686	epochs	3.0
1394.0067599694823	16.600160000000187	epochs	0.0
1395.4959998130798	0.09999999999990905	epochs	0.0
1395.4959998130798	0.04500000000007276	epochs	1.0
1395.54099981308	0.009999999999990905	epochs	1.0
1395.55099981308	0.044999999999845386	epochs	1.0
1395.5959998130797	2.0	epochs	0.0
1397.5959998130797	21.51944000000003	epochs	0.0
1397.5959998130797	1.0	epochs	1.0
1397.5959998130797	0.5	epochs	-1.0
1398.0959998130797	19.995840000000044	epochs	-1.0
1398.5959998130797	20.0	epochs	1.0
1398.5959998130797	4.356753900000058	epochs	-1.0
1398.5959998130797	1.9745872000000873	epochs	2.0
1398.5959998130797	1.0985622000000603	epochs	3.0
1399.6945620130798	0.8760250000000269	epochs	3.0
1400.5705870130798	1.3524075000000266	epochs	2.0
1400.5705870130798	0.7286355000001095	epochs	3.0
1401.29922251308	0.6237719999999172	epochs	3.0
1401.9229945130799	1.029759199999944	epochs	2.0
1401.9229945130799	0.5453293000000485	epochs	3.0
1402.46832381308	0.4844298999998955	epochs	3.0
1402.9527537130798	0.8317862000001242	epochs	2.0
1402.9527537130798	0.4357763000000432	epochs	3.0
1403.3885300130798	0.39600990000008096	epochs	3.0
1403.78453991308	0.6977969999998095	epochs	2.0
1403.78453991308	0.3628982000000178	epochs	3.0
1404.14743811308	0.33489879999979166	epochs	3.0
1404.4823369130797	0.601045699999986	epochs	2.0
1404.4823369130797	0.3109123000001546	epochs	3.0
1404.79324921308	0.29013339999983145	epochs	3.0
1405.0833826130797	0.5278859000000011	epochs	2.0
1405.0833826130797	0.2719586000000618	epochs	3.0
1405.3553412130798	0.25592729999993935	epochs	3.0
1405.6112685130797	0.4706193000001804	epochs	2.0
1405.6112685130797	0.24168130000020938	epochs	3.0
1405.85294981308	0.228937999999971	epochs	3.0
1406.08188781308	0.42457039999999324	epochs	2.0
1406.08188781308	0.21747140000002219	epochs	3.0
1406.29935921308	0.20709899999997106	epochs	3.0
1406.50645821308	0.3867353999999068	epochs	2.0
1406.50645821308	0.19767109999997956	epochs	3.0
1406.7041293130799	0.18906429999992724	epochs	3.0
1406.8931936130798	0.35509530000013	epochs	2.0
1406.8931936130798	0.18117589999997108	epochs	3.0
1407.0743695130798	0.17391940000015893	epochs	3.0
1407.24828891308	0.3282431000000088	epochs	2.0
1407.24828891308	0.16722189999995862	epochs	3.0
1407.41551081308	0.16102120000005016	epochs	3.0
1407.57653201308	0.3051679999998669	epochs	2.0
1407.57653201308	0.15526389999990897	epochs	3.0
1407.7317959130798	0.1499040999999579	epochs	3.0
1407.8817000130798	0.28512530000011793	epochs	2.0
1407.8817000130798	0.1449021000000812	epochs	3.0
1408.02660211308	0.14022320000003674	epochs	3.0
1408.16682531308	0.2675537999998596	epochs	2.0
1408.16682531308	0.1358368999999584	epochs	3.0
1408.3026622130799	0.13171689999990122	epochs	3.0
1408.4343791130798	0.25202290000015637	epochs	2.0
1408.4343791130798	0.1278393000000051	epochs	3.0
1408.5622184130798	0.12418360000015127	epochs	3.0
1408.68640201308	0.23819649999995818	epochs	2.0
1408.68640201308	0.1207310999998299	epochs	3.0
1408.8071331130798	0.11746540000012828	epochs	3.0
1408.92459851308	0.22580879999986792	epochs	2.0
1408.92459851308	0.1143718999999237	epochs	3.0
1409.0389704130798	0.11143689999994422	epochs	3.0
1409.1504073130798	0.2146460000001298	epochs	2.0
1409.1504073130798	0.10864890000016203	epochs	3.0
1409.25905621308	0.10599709999996776	epochs	3.0
1409.36505331308	0.2045349999998507	epochs	2.0
1409.36505331308	0.1034714999998414	epochs	3.0
1409.4685248130797	0.1010635000000093	epochs	3.0
1409.5695883130797	0.19533400000000256	epochs	2.0
1409.5695883130797	0.09876510000003691	epochs	3.0
1409.6683534130798	0.09656889999996565	epochs	3.0
1409.7649223130798	0.18692529999998442	epochs	2.0
1409.7649223130798	0.09446830000001682	epochs	3.0
1409.8593906130798	0.09245699999996759	epochs	3.0
1409.9518476130797	0.1792107000001124	epochs	2.0
1409.9518476130797	0.0905296000000817	epochs	3.0
1410.0423772130798	0.08868110000003071	epochs	3.0
1410.1310583130798	0.17210769999996955	epochs	2.0
1410.1310583130798	0.08690630000000965	epochs	3.0
1410.2179646130799	0.0852013999999599	epochs	3.0
1410.3031660130798	0.16554640000003928	epochs	2.0
1410.3031660130798	0.08356189999994967	epochs	3.0
1410.3867279130798	0.08198450000008961	epochs	3.0
1410.4687124130799	0.15946710000002895	epochs	2.0
1410.4687124130799	0.08046539999986635	epochs	3.0
1410.5491778130797	0.0790017000001626	epochs	3.0
1410.6281795130799	0.1538183999998637	epochs	2.0
1410.6281795130799	0.07759009999995214	epochs	3.0
1410.7057696130798	0.07622829999991154	epochs	3.0
1410.7819979130797	0.14855640000018866	epochs	2.0
1410.7819979130797	0.07491330000016205	epochs	3.0
1410.85691121308	0.0736431000000266	epochs	3.0
1410.93055431308	0.1436423999998624	epochs	2.0
1410.93055431308	0.07241499999986445	epochs	3.0
1411.0029693130798	0.07122739999999794	epochs	3.0
1411.0741967130798	0.13904309999998077	epochs	2.0
1411.0741967130798	0.07007799999996678	epochs	3.0
1411.1442747130798	0.06896510000001399	epochs	3.0
1411.2132398130798	0.1347293000001173	epochs	2.0
1411.2132398130798	0.0678871000000072	epochs	3.0
1411.2811269130798	0.0668422000001101	epochs	3.0
1411.34796911308	0.1306752000000415	epochs	2.0
1411.34796911308	0.06582909999997355	epochs	3.0
1411.4137982130799	0.06484610000006796	epochs	3.0
1411.47864431308	0.1268577999999252	epochs	2.0
1411.47864431308	0.06389199999989614	epochs	3.0
1411.5425363130798	0.06296580000002905	epochs	3.0
1411.6055021130799	0.12325719999989815	epochs	2.0
1411.6055021130799	0.06206580000002759	epochs	3.0
1411.66756791308	0.061191399999870555	epochs	3.0
1411.7287593130798	0.11985540000000583	epochs	2.0
1411.7287593130798	0.060341099999959624	epochs	3.0
1411.7891004130797	0.059514300000046205	epochs	3.0
1411.8486147130798	0.11663620000012997	epochs	2.0
1411.8486147130798	0.05870960000015657	epochs	3.0
1411.90732431308	0.057926599999973405	epochs	3.0
1411.96525091308	0.11358559999985118	epochs	2.0
1411.96525091308	0.05716419999998834	epochs	3.0
1412.02241511308	0.05642139999986284	epochs	3.0
1412.0788365130798	0.11069050000014613	epochs	2.0
1412.0788365130798	0.055697900000041045	epochs	3.0
1412.1345344130798	0.054992600000105085	epochs	3.0
1412.18952701308	0.10793909999983953	epochs	2.0
1412.18952701308	0.05430490000003374	epochs	3.0
1412.24383191308	0.05363419999980579	epochs	3.0
1412.2974661130797	0.10532150000017282	epochs	2.0
1412.2974661130797	0.052980000000161453	epochs	3.0
1412.35044611308	0.052341500000011365	epochs	3.0
1412.40278761308	0.10282759999995505	epochs	2.0
1412.40278761308	0.05171810000001642	epochs	3.0
1412.45450571308	0.051109499999938635	epochs	3.0
1412.5056152130799	0.10044909999987794	epochs	2.0
1412.5056152130799	0.050514900000052876	epochs	3.0
1412.55613011308	0.04993419999982507	epochs	3.0
1412.6060643130797	0.09817830000019967	epochs	2.0
1412.6060643130797	0.04936659999998483	epochs	3.0
1412.6554309130797	0.04881170000021484	epochs	3.0
1412.70424261308	0.09600779999982478	epochs	2.0
1412.70424261308	0.048269199999822376	epochs	3.0
1412.7525118130798	0.04773860000000241	epochs	3.0
1412.8002504130798	0.09393120000004274	epochs	2.0
1412.8002504130798	0.04721949999998287	epochs	3.0
1412.8474699130797	0.046711700000059864	epochs	3.0
1412.8941816130798	0.09194260000003851	epochs	2.0
1412.8941816130798	0.046214599999984785	epochs	3.0
1412.9403962130798	0.045728000000053726	epochs	3.0
1412.9861242130798	0.09003630000006524	epochs	2.0
1412.9861242130798	0.045251499999949374	epochs	3.0
1413.0313757130798	0.044784800000115865	epochs	3.0
1413.07616051308	0.08820760000003247	epochs	2.0
1413.07616051308	0.044327800000019124	epochs	3.0
1413.12048831308	0.04387980000001335	epochs	3.0
1413.16436811308	0.0864516999999978	epochs	2.0
1413.16436811308	0.04344099999980244	epochs	3.0
1413.2078091130797	0.04301070000019536	epochs	3.0
1413.25081981308	0.08476429999996071	epochs	2.0
1413.25081981308	0.04258899999990717	epochs	3.0
1413.2934088130799	0.04217530000005354	epochs	3.0
1413.33558411308	0.08314150000001064	epochs	2.0
1413.33558411308	0.04176970000003166	epochs	3.0
1413.37735381308	0.041371799999978975	epochs	3.0
1413.41872561308	0.08157970000002024	epochs	2.0
1413.41872561308	0.040981399999964196	epochs	3.0
1413.4597070130799	0.04059830000005604	epochs	3.0
1413.50030531308	0.08007549999979346	epochs	2.0
1413.50030531308	0.04022229999986848	epochs	3.0
1413.5405276130798	0.03985319999992498	epochs	3.0
1413.5803808130797	0.07862570000020241	epochs	2.0
1413.5803808130797	0.039490800000066884	epochs	3.0
1413.6198716130798	0.03913490000013553	epochs	3.0
1413.65900651308	0.07722760000001472	epochs	2.0
1413.65900651308	0.03878539999982422	epochs	3.0
1413.6977919130798	0.038442200000190496	epochs	3.0
1413.73623411308	0.07587819999980638	epochs	2.0
1413.73623411308	0.03810479999992822	epochs	3.0
1413.7743389130799	0.037773399999878166	epochs	3.0
1413.8121123130798	0.0745752000000266	epochs	2.0
1413.8121123130798	0.03744770000002973	epochs	3.0
1413.8495600130798	0.03712749999999687	epochs	3.0
1413.8866875130798	0.07331629999998768	epochs	2.0
1413.8866875130798	0.0368129000000863	epochs	3.0
1413.9235004130799	0.036503399999901376	epochs	3.0
1413.9600038130798	0.07209899999998015	epochs	2.0
1413.9600038130798	0.03619909999997617	epochs	3.0
1413.9962029130797	0.03589990000000398	epochs	3.0
1414.0321028130797	0.07092170000009901	epochs	2.0
1414.0321028130797	0.03560560000005353	epochs	3.0
1414.0677084130798	0.03531610000004548	epochs	3.0
1414.1030245130798	0.06978200000003199	epochs	2.0
1414.1030245130798	0.03503120000004856	epochs	3.0
1414.13805571308	0.03475079999998343	epochs	3.0
1414.1728065130799	0.06867859999988468	epochs	2.0
1414.1728065130799	0.03447510000000875	epochs	3.0
1414.2072816130799	0.03420349999987593	epochs	3.0
1414.2414851130798	0.06760930000018561	epochs	2.0
1414.2414851130798	0.033936199999970995	epochs	3.0
1414.2754213130797	0.03367310000021462	epochs	3.0
1414.30909441308	0.06657289999998284	epochs	2.0
1414.30909441308	0.03341399999999339	epochs	3.0
1414.34250841308	0.033158899999989444	epochs	3.0
1414.37566731308	0.06556779999982609	epochs	2.0
1414.37566731308	0.03290769999989607	epochs	3.0
1414.4085750130798	0.032660099999930026	epochs	3.0
1414.4412351130798	0.06459259999996902	epochs	2.0
1414.4412351130798	0.03241640000010193	epochs	3.0
1414.4736515130799	0.032176199999867094	epochs	3.0
1414.5058277130797	0.06364600000006249	epochs	2.0
1414.5058277130797	0.03193960000021434	epochs	3.0
1414.53776731308	0.031706399999848145	epochs	3.0
1414.5694737130798	0.0627266999999847	epochs	2.0
1414.5694737130798	0.03147660000013275	epochs	3.0
1414.60095031308	0.031250099999851955	epochs	3.0
1414.6322004130798	0.06183359999999993	epochs	2.0
1414.6322004130798	0.031026900000142632	epochs	3.0
1414.66322731308	0.0308066999998573	epochs	3.0
1414.6940340130798	0.06096560000014506	epochs	2.0
1414.6940340130798	0.03058980000014344	epochs	3.0
1414.72462381308	0.030375800000001618	epochs	3.0
1414.75499961308	0.06012160000000222	epochs	2.0
1414.75499961308	0.030164899999817862	epochs	3.0
1414.7851645130797	0.029956700000184355	epochs	3.0
1414.81512121308	0.05930069999999432	epochs	2.0
1414.81512121308	0.029751599999826794	epochs	3.0
1414.8448728130797	0.029549100000167527	epochs	3.0
1414.87442191308	0.05850179999993088	epochs	2.0
1414.87442191308	0.02934940000000097	epochs	3.0
1414.90377131308	0.029152399999929912	epochs	3.0
1414.9329237130798	0.05772419999993872	epochs	2.0
1414.9329237130798	0.028958000000102402	epochs	3.0
1414.96188171308	0.028766199999836317	epochs	3.0
1414.9906479130798	0.05696710000006533	epochs	2.0
1414.9906479130798	0.028577000000041153	epochs	3.0
1415.0192249130798	0.028390100000024177	epochs	3.0
1415.0476150130798	0.05622949999997218	epochs	2.0
1415.0476150130798	0.028205699999944045	epochs	3.0
1415.0758207130798	0.028023800000028132	epochs	3.0
1415.1038445130798	0.05551070000001346	epochs	2.0
1415.1038445130798	0.027843999999959124	epochs	3.0
1415.1316885130798	0.027666700000054334	epochs	3.0
1415.1593552130798	0.054810200000019904	epochs	2.0
1415.1593552130798	0.02749149999999645	epochs	3.0
1415.1868467130798	0.027318700000023455	epochs	3.0
1415.2141654130799	0.054126999999880354	epochs	2.0
1415.2141654130799	0.027147799999966082	epochs	3.0
1415.2413132130798	0.026979199999914272	epochs	3.0
1415.2682924130797	0.05346070000018699	epochs	2.0
1415.2682924130797	0.026812600000084785	epochs	3.0
1415.2951050130798	0.026648100000102204	epochs	3.0
1415.32175311308	0.05281070000000909	epochs	2.0
1415.32175311308	0.0264855999998872	epochs	3.0
1415.3482387130798	0.026325100000121893	epochs	3.0
1415.37456381308	0.052176199999848905	epochs	2.0
1415.37456381308	0.026166399999965506	epochs	3.0
1415.40073021308	0.0260097999998834	epochs	3.0
1415.4267400130798	0.051556699999991906	epochs	2.0
1415.4267400130798	0.02585480000016105	epochs	3.0
1415.45259481308	0.025701899999830857	epochs	3.0
1415.4782967130798	0.05095189999997274	epochs	2.0
1415.4782967130798	0.025550700000167126	epochs	3.0
1415.50384741308	0.025401199999805613	epochs	3.0
1415.5292486130797	0.05036100000006627	epochs	2.0
1415.5292486130797	0.025253500000189888	epochs	3.0
1415.55450211308	0.02510749999987638	epochs	3.0
1415.5796096130798	0.04978380000011384	epochs	2.0
1415.5796096130798	0.02496320000000196	epochs	3.0
1415.6045728130798	0.02482060000011188	epochs	3.0
1415.62939341308	0.04921949999993558	epochs	2.0
1415.62939341308	0.024679399999968155	epochs	3.0
1415.65407281308	0.024540099999967424	epochs	3.0
1415.6786129130799	0.04866790000005494	epochs	2.0
1415.6786129130799	0.024402100000088467	epochs	3.0
1415.70301501308	0.024265799999966475	epochs	3.0
1415.72728081308	0.048128599999927246	epochs	2.0
1415.72728081308	0.02413099999989754	epochs	3.0
1415.7514118130798	0.023997600000029706	epochs	3.0
1415.7754094130798	0.047601100000065344	epochs	2.0
1415.7754094130798	0.023865800000066884	epochs	3.0
1415.79927521308	0.02373529999999846	epochs	3.0
1415.82301051308	0.04708499999992455	epochs	2.0
1415.82301051308	0.023606299999983094	epochs	3.0
1415.84661681308	0.023478699999941455	epochs	3.0
1415.8700955130798	0.046579999999948996	epochs	2.0
1415.8700955130798	0.023352500000100918	epochs	3.0
1415.89344801308	0.023227499999848078	epochs	3.0
1415.9166755130798	0.046085700000048746	epochs	2.0
1415.9166755130798	0.023104000000103042	epochs	3.0
1415.9397795130799	0.022981699999945704	epochs	3.0
1415.9627612130798	0.045601799999985815	epochs	2.0
1415.9627612130798	0.02286069999991014	epochs	3.0
1415.9856219130797	0.022741100000075676	epochs	3.0
1416.0083630130798	0.04512790000012501	epochs	2.0
1416.0083630130798	0.022622500000125	epochs	3.0
1416.03098551308	0.02250540000000001	epochs	3.0
1416.05349091308	0.04466379999985293	epochs	2.0
1416.05349091308	0.02238929999998618	epochs	3.0
1416.07588021308	0.022274499999866748	epochs	3.0
1416.0981547130798	0.04420920000006845	epochs	2.0
1416.0981547130798	0.022160799999937808	epochs	3.0
1416.1203155130797	0.02204840000013064	epochs	3.0
1416.1423639130799	0.04376359999992019	epochs	2.0
1416.1423639130799	0.02193689999990056	epochs	3.0
1416.1643008130798	0.021826700000019628	epochs	3.0
1416.1861275130798	0.04332709999994222	epochs	2.0
1416.1861275130798	0.02171760000010181	epochs	3.0
1416.2078451130799	0.02160949999984041	epochs	3.0
1416.2294546130797	0.04289900000003399	epochs	2.0
1416.2294546130797	0.021502500000224245	epochs	3.0
1416.25095711308	0.021396499999809748	epochs	3.0
1416.2723536130798	0.04247950000012679	epochs	2.0
1416.2723536130798	0.021291700000119818	epochs	3.0
1416.2936453130799	0.021187800000006973	epochs	3.0
1416.3148331130799	0.04206789999989269	epochs	2.0
1416.3148331130799	0.02108490000000529	epochs	3.0
1416.33591801308	0.020982999999887397	epochs	3.0
1416.3569010130798	0.04166439999994509	epochs	2.0
1416.3569010130798	0.020882199999959994	epochs	3.0
1416.3777832130797	0.020782199999985096	epochs	3.0
1416.3985654130797	0.04126850000011473	epochs	2.0
1416.3985654130797	0.02068330000020069	epochs	3.0
1416.41924871308	0.02058519999991404	epochs	3.0
1416.4398339130798	0.04088000000001557	epochs	2.0
1416.4398339130798	0.020488099999965925	epochs	3.0
1416.4603220130798	0.020391900000049645	epochs	3.0
1416.4807139130799	0.04049880000002304	epochs	2.0
1416.4807139130799	0.020296599999937825	epochs	3.0
1416.5010105130798	0.020202200000085213	epochs	3.0
1416.5212127130799	0.040124599999899146	epochs	2.0
1416.5212127130799	0.02010870000003706	epochs	3.0
1416.54132141308	0.020015899999862086	epochs	3.0
1416.5613373130798	0.03975730000001931	epochs	2.0
1416.5613373130798	0.019924200000104975	epochs	3.0
1416.5812615130799	0.01983309999991434	epochs	3.0
1416.6010946130798	0.03939669999999751	epochs	2.0
1416.6010946130798	0.01974300000006224	epochs	3.0
1416.6208376130799	0.01965369999993527	epochs	3.0
1416.6404913130798	0.03904239999997117	epochs	2.0
1416.6404913130798	0.019565100000136226	epochs	3.0
1416.66005641308	0.01947729999983494	epochs	3.0
1416.6795337130798	0.038694600000098944	epochs	2.0
1416.6795337130798	0.019390400000020236	epochs	3.0
1416.6989241130798	0.01930420000007871	epochs	3.0
1416.7182283130799	0.03835290000006353	epochs	2.0
1416.7182283130799	0.019218799999862313	epochs	3.0
1416.7374471130797	0.019134100000201215	epochs	3.0
1416.75658121308	0.03801720000001296	epochs	2.0
1416.75658121308	0.019050199999810502	epochs	3.0
1416.7756314130797	0.01896700000020246	epochs	3.0
1416.79459841308	0.03768719999993664	epochs	2.0
1416.79459841308	0.018884499999785476	epochs	3.0
1416.8134829130797	0.018802700000151162	epochs	3.0
1416.8322856130799	0.03736309999999321	epochs	2.0
1416.8322856130799	0.018721700000014607	epochs	3.0
1416.85100731308	0.018641399999978603	epochs	3.0
1416.8696487130799	0.03704429999993408	epochs	2.0
1416.8696487130799	0.018561599999884493	epochs	3.0
1416.8882103130798	0.01848270000004959	epochs	3.0
1416.9066930130798	0.036731000000145286	epochs	2.0
1416.9066930130798	0.018404299999929208	epochs	3.0
1416.9250973130797	0.01832670000021608	epochs	3.0
1416.94342401308	0.03642289999993409	epochs	2.0
1416.94342401308	0.018249599999990096	epochs	3.0
1416.96167361308	0.018173299999943993	epochs	3.0
1416.9798469130799	0.03612010000006194	epochs	2.0
1416.9798469130799	0.01809759999991911	epochs	3.0
1416.9979445130798	0.018022500000142827	epochs	3.0
1417.01596701308	0.03582209999990482	epochs	2.0
1417.01596701308	0.01794789999985369	epochs	3.0
1417.0339149130798	0.017874200000051133	epochs	3.0
1417.0517891130798	0.03552899999999681	epochs	2.0
1417.0517891130798	0.017800800000031813	epochs	3.0
1417.0695899130799	0.017728199999965	epochs	3.0
1417.0873181130798	0.03524070000003121	epochs	2.0
1417.0873181130798	0.017656100000067454	epochs	3.0
1417.10497421308	0.017584599999963757	epochs	3.0
1417.1225588130799	0.03495709999992869	epochs	2.0
1417.1225588130799	0.017513699999881283	epochs	3.0
1417.1400725130798	0.017443400000047404	epochs	3.0
1417.1575159130798	0.03467790000013338	epochs	2.0
1417.1575159130798	0.017373599999928047	epochs	3.0
1417.1748895130797	0.01730430000020533	epochs	3.0
1417.19219381308	0.03440329999989444	epochs	2.0
1417.19219381308	0.017235699999901044	epochs	3.0
1417.2094295130798	0.0171675999999934	epochs	3.0
1417.2265971130798	0.03413279999995211	epochs	2.0
1417.2265971130798	0.01709989999994832	epochs	3.0
1417.2436970130798	0.017032900000003792	epochs	3.0
1417.2607299130798	0.03386670000008962	epochs	2.0
1417.2607299130798	0.01696640000000116	epochs	3.0
1417.2776963130798	0.016900300000088464	epochs	3.0
1417.2945966130799	0.03360459999998966	epochs	2.0
1417.2945966130799	0.01683479999996962	epochs	3.0
1417.3114314130798	0.01676980000002004	epochs	3.0
1417.3282012130799	0.033346599999958926	epochs	2.0
1417.3282012130799	0.016705300000012357	epochs	3.0
1417.3449065130799	0.01664129999994657	epochs	3.0
1417.3615478130798	0.03309250000006614	epochs	2.0
1417.3615478130798	0.016577800000050047	epochs	3.0
1417.3781256130799	0.01651470000001609	epochs	3.0
1417.39464031308	0.03284229999985655	epochs	2.0
1417.39464031308	0.01645220000000336	epochs	3.0
1417.41109251308	0.01639009999985319	epochs	3.0
1417.4274826130797	0.03259570000000167	epochs	2.0
1417.4274826130797	0.016328400000020338	epochs	3.0
1417.4438110130798	0.016267299999981333	epochs	3.0
1417.4600783130797	0.032352899999978035	epochs	2.0
1417.4600783130797	0.016206600000032267	epochs	3.0
1417.4762849130798	0.016146299999945768	epochs	3.0
1417.4924312130797	0.032113700000081735	epochs	2.0
1417.4924312130797	0.016086600000107865	epochs	3.0
1417.5085178130798	0.01602709999997387	epochs	3.0
1417.5245449130798	0.03187800000000607	epochs	2.0
1417.5245449130798	0.015968200000088473	epochs	3.0
1417.54051311308	0.015909799999917595	epochs	3.0
1417.5564229130798	0.03164570000012645	epochs	2.0
1417.5564229130798	0.015851599999905375	epochs	3.0
1417.5722745130797	0.01579410000022108	epochs	3.0
1417.58806861308	0.031416699999908815	epochs	2.0
1417.58806861308	0.01573669999993399	epochs	3.0
1417.6038053130799	0.015679999999974825	epochs	3.0
1417.6194853130798	0.03119109999988723	epochs	2.0
1417.6194853130798	0.015623600000026272	epochs	3.0
1417.6351089130799	0.015567499999860956	epochs	3.0
1417.6506764130797	0.03096870000013041	epochs	2.0
1417.6506764130797	0.01551200000017161	epochs	3.0
1417.66618841308	0.0154566999999588	epochs	3.0
1417.6816451130799	0.030749499999956242	epochs	2.0
1417.6816451130799	0.015401999999994587	epochs	3.0
1417.6970471130799	0.015347499999961656	epochs	3.0
1417.7123946130798	0.03053320000003623	epochs	2.0
1417.7123946130798	0.015293400000018664	epochs	3.0
1417.7276880130798	0.015239800000017567	epochs	3.0
1417.7429278130799	0.030320099999926242	epochs	2.0
1417.7429278130799	0.015186500000027081	epochs	3.0
1417.75811431308	0.015133599999899161	epochs	3.0
1417.7732479130798	0.03010990000007041	epochs	2.0
1417.7732479130798	0.015081000000009226	epochs	3.0
1417.7883289130798	0.015028900000061185	epochs	3.0
1417.8033578130799	0.029902499999934662	epochs	2.0
1417.8033578130799	0.014977000000044427	epochs	3.0
1417.81833481308	0.014925499999890235	epochs	3.0
1417.8332603130798	0.0296981000001324	epochs	2.0
1417.8332603130798	0.014874400000053356	epochs	3.0
1417.8481347130798	0.014823700000079043	epochs	3.0
1417.86295841308	0.029496299999891562	epochs	2.0
1417.86295841308	0.01477319999980864	epochs	3.0
1417.8777316130797	0.014723100000082923	epochs	3.0
1417.8924547130798	0.029297400000132257	epochs	2.0
1417.8924547130798	0.014673399999992398	epochs	3.0
1417.9071281130798	0.014624000000139858	epochs	3.0
1417.92175211308	0.029101099999934377	epochs	2.0
1417.92175211308	0.014574899999843183	epochs	3.0
1417.9363270130798	0.014526200000091194	epochs	3.0
1417.9508532130799	0.028907399999980044	epochs	2.0
1417.9508532130799	0.014477700000043114	epochs	3.0
1417.96533091308	0.014429699999936929	epochs	3.0
1417.9797606130799	0.028716199999962555	epochs	2.0
1417.9797606130799	0.014381799999910072	epochs	3.0
1417.9941424130798	0.014334400000052483	epochs	3.0
1418.0084768130798	0.02852759999996124	epochs	2.0
1418.0084768130798	0.014287199999898803	epochs	3.0
1418.0227640130797	0.014240400000062436	epochs	3.0
1418.0370044130798	0.028341400000044814	epochs	2.0
1418.0370044130798	0.014193800000157353	epochs	3.0
1418.05119821308	0.014147599999887461	epochs	3.0
1418.0653458130798	0.028157700000065233	epochs	2.0
1418.0653458130798	0.014101700000082928	epochs	3.0
1418.07944751308	0.014055999999982305	epochs	3.0
1418.09350351308	0.02797629999986384	epochs	2.0
1418.09350351308	0.014010599999892293	epochs	3.0
1418.1075141130798	0.013965699999971548	epochs	3.0
1418.1214798130798	0.027797200000122757	epochs	2.0
1418.1214798130798	0.013920800000050804	epochs	3.0
1418.1354006130798	0.013876400000071953	epochs	3.0
1418.1492770130799	0.027620399999932488	epochs	2.0
1418.1492770130799	0.013832200000024386	epochs	3.0
1418.16310921308	0.013788199999908102	epochs	3.0
1418.1768974130798	0.027445899999975154	epochs	2.0
1418.1768974130798	0.01374460000010913	epochs	3.0
1418.19064201308	0.013701299999866023	epochs	3.0
1418.2043433130798	0.0272735000000921	epochs	2.0
1418.2043433130798	0.013658200000008947	epochs	3.0
1418.2180015130798	0.013615300000083153	epochs	3.0
1418.2316168130799	0.027103399999987232	epochs	2.0
1418.2316168130799	0.013572800000019924	epochs	3.0
1418.24518961308	0.013530599999967308	epochs	3.0
1418.2587202130799	0.02693520000002536	epochs	2.0
1418.2587202130799	0.01348839999991469	epochs	3.0
1418.2722086130798	0.01344680000011067	epochs	3.0
1418.28565541308	0.026769199999989723	epochs	2.0
1418.28565541308	0.013405199999851902	epochs	3.0
1418.2990606130797	0.013364000000137821	epochs	3.0
1418.3124246130799	0.026605199999949036	epochs	2.0
1418.3124246130799	0.013322900000048321	epochs	3.0
1418.32574751308	0.013282299999900715	epochs	3.0
1418.3390298130798	0.0264431999999033	epochs	2.0
1418.3390298130798	0.013241699999980483	epochs	3.0
1418.3522715130798	0.013201499999922817	epochs	3.0
1418.3654730130797	0.026283200000079887	epochs	2.0
1418.3654730130797	0.013161500000023807	epochs	3.0
1418.3786345130798	0.01312170000005608	epochs	3.0
1418.3917562130798	0.02612500000009277	epochs	2.0
1418.3917562130798	0.013082100000019636	epochs	3.0
1418.4048383130798	0.013042900000073132	epochs	3.0
1418.41788121308	0.025968899999952555	epochs	2.0
1418.41788121308	0.013003899999830537	epochs	3.0
1418.4308851130797	0.012965000000122018	epochs	3.0
1418.4438501130799	0.025814500000024054	epochs	2.0
1418.4438501130799	0.012926399999969362	epochs	3.0
1418.4567765130798	0.012888100000054692	epochs	3.0
1418.4696646130799	0.025661899999931848	epochs	2.0
1418.4696646130799	0.012849899999991976	epochs	3.0
1418.4825145130799	0.012811999999939871	epochs	3.0
1418.4953265130798	0.025511199999982637	epochs	2.0
1418.4953265130798	0.012774400000125752	epochs	3.0
1418.50810091308	0.012736799999856885	epochs	3.0
1418.5208377130798	0.025362300000097093	epochs	2.0
1418.5208377130798	0.01269969999998466	epochs	3.0
1418.5335374130798	0.012662600000112434	epochs	3.0
1418.54620001308	0.025214999999889187	epochs	2.0
1418.54620001308	0.012625800000023446	epochs	3.0
1418.55882581308	0.012589199999865741	epochs	3.0
1418.5714150130798	0.024584799999956886	epochs	2.0
1418.5918398130798	0.5	epochs	-1.0
1418.5959998130797	0.5194400000000314	epochs	1.0
1419.1154398130798	0.48048000000017055	epochs	0.0
1420.6939997673035	0.09999999999990905	epochs	0.0
1420.6939997673035	0.04500000000007276	epochs	1.0
1420.7389997673035	0.009999999999990905	epochs	1.0
1420.7489997673035	0.044999999999845386	epochs	1.0
1420.7939997673034	2.0	epochs	0.0
1422.7939997673034	21.49904000000015	epochs	0.0
1422.7939997673034	1.0	epochs	1.0
1422.7939997673034	0.5	epochs	-1.0
1423.2939997673034	19.995840000000044	epochs	-1.0
1423.7939997673034	20.0	epochs	1.0
1423.7939997673034	4.356753900000058	epochs	-1.0
1423.7939997673034	1.9745872000000873	epochs	2.0
1423.7939997673034	1.0985622000000603	epochs	3.0
1424.8925619673034	0.8760250000000269	epochs	3.0
1425.7685869673035	1.3524075000000266	epochs	2.0
1425.7685869673035	0.7286355000001095	epochs	3.0
1426.4972224673036	0.6237719999999172	epochs	3.0
1427.1209944673035	1.029759199999944	epochs	2.0
1427.1209944673035	0.5453293000000485	epochs	3.0
1427.6663237673035	0.4844298999998955	epochs	3.0
1428.1507536673034	0.8317862000001242	epochs	2.0
1428.1507536673034	0.4357763000000432	epochs	3.0
1428.5865299673035	0.39600990000008096	epochs	3.0
1428.9825398673036	0.6977969999998095	epochs	2.0
1428.9825398673036	0.3628982000000178	epochs	3.0
1429.3454380673036	0.33489879999979166	epochs	3.0
1429.6803368673034	0.601045699999986	epochs	2.0
1429.6803368673034	0.3109123000001546	epochs	3.0
1429.9912491673035	0.29013339999983145	epochs	3.0
1430.2813825673034	0.5278859000000011	epochs	2.0
1430.2813825673034	0.2719586000000618	epochs	3.0
1430.5533411673034	0.25592729999993935	epochs	3.0
1430.8092684673034	0.4706193000001804	epochs	2.0
1430.8092684673034	0.24168130000020938	epochs	3.0
1431.0509497673036	0.228937999999971	epochs	3.0
1431.2798877673035	0.42457039999999324	epochs	2.0
1431.2798877673035	0.21747140000002219	epochs	3.0
1431.4973591673036	0.20709899999997106	epochs	3.0
1431.7044581673035	0.3867353999999068	epochs	2.0
1431.7044581673035	0.19767109999997956	epochs	3.0
1431.9021292673035	0.18906429999992724	epochs	3.0
1432.0911935673034	0.35509530000013	epochs	2.0
1432.0911935673034	0.18117589999997108	epochs	3.0
1432.2723694673034	0.17391940000015893	epochs	3.0
1432.4462888673036	0.3282431000000088	epochs	2.0
1432.4462888673036	0.16722189999995862	epochs	3.0
1432.6135107673035	0.16102120000005016	epochs	3.0
1432.7745319673036	0.3051679999998669	epochs	2.0
1432.7745319673036	0.15526389999990897	epochs	3.0
1432.9297958673035	0.1499040999999579	epochs	3.0
1433.0796999673034	0.28512530000011793	epochs	2.0
1433.0796999673034	0.1449021000000812	epochs	3.0
1433.2246020673035	0.14022320000003674	epochs	3.0
1433.3648252673036	0.2675537999998596	epochs	2.0
1433.3648252673036	0.1358368999999584	epochs	3.0
1433.5006621673035	0.13171689999990122	epochs	3.0
1433.6323790673034	0.25202290000015637	epochs	2.0
1433.6323790673034	0.1278393000000051	epochs	3.0
1433.7602183673034	0.12418360000015127	epochs	3.0
1433.8844019673036	0.23819649999995818	epochs	2.0
1433.8844019673036	0.1207310999998299	epochs	3.0
1434.0051330673034	0.11746540000012828	epochs	3.0
1434.1225984673035	0.22580879999986792	epochs	2.0
1434.1225984673035	0.1143718999999237	epochs	3.0
1434.2369703673035	0.11143689999994422	epochs	3.0
1434.3484072673034	0.2146460000001298	epochs	2.0
1434.3484072673034	0.10864890000016203	epochs	3.0
1434.4570561673036	0.10599709999996776	epochs	3.0
1434.5630532673035	0.2045349999998507	epochs	2.0
1434.5630532673035	0.1034714999998414	epochs	3.0
1434.6665247673034	0.1010635000000093	epochs	3.0
1434.7675882673034	0.19533400000000256	epochs	2.0
1434.7675882673034	0.09876510000003691	epochs	3.0
1434.8663533673034	0.09656889999996565	epochs	3.0
1434.9629222673034	0.18692529999998442	epochs	2.0
1434.9629222673034	0.09446830000001682	epochs	3.0
1435.0573905673034	0.09245699999996759	epochs	3.0
1435.1498475673034	0.1792107000001124	epochs	2.0
1435.1498475673034	0.0905296000000817	epochs	3.0
1435.2403771673034	0.08868110000003071	epochs	3.0
1435.3290582673035	0.17210769999996955	epochs	2.0
1435.3290582673035	0.08690630000000965	epochs	3.0
1435.4159645673035	0.0852013999999599	epochs	3.0
1435.5011659673035	0.16554640000003928	epochs	2.0
1435.5011659673035	0.08356189999994967	epochs	3.0
1435.5847278673034	0.08198450000008961	epochs	3.0
1435.6667123673035	0.15946710000002895	epochs	2.0
1435.6667123673035	0.08046539999986635	epochs	3.0
1435.7471777673034	0.0790017000001626	epochs	3.0
1435.8261794673035	0.1538183999998637	epochs	2.0
1435.8261794673035	0.07759009999995214	epochs	3.0
1435.9037695673035	0.07622829999991154	epochs	3.0
1435.9799978673034	0.14855640000018866	epochs	2.0
1435.9799978673034	0.07491330000016205	epochs	3.0
1436.0549111673035	0.0736431000000266	epochs	3.0
1436.1285542673036	0.1436423999998624	epochs	2.0
1436.1285542673036	0.07241499999986445	epochs	3.0
1436.2009692673034	0.07122739999999794	epochs	3.0
1436.2721966673034	0.13904309999998077	epochs	2.0
1436.2721966673034	0.07007799999996678	epochs	3.0
1436.3422746673034	0.06896510000001399	epochs	3.0
1436.4112397673034	0.1347293000001173	epochs	2.0
1436.4112397673034	0.0678871000000072	epochs	3.0
1436.4791268673034	0.0668422000001101	epochs	3.0
1436.5459690673035	0.1306752000000415	epochs	2.0
1436.5459690673035	0.06582909999997355	epochs	3.0
1436.6117981673035	0.06484610000006796	epochs	3.0
1436.6766442673036	0.1268577999999252	epochs	2.0
1436.6766442673036	0.06389199999989614	epochs	3.0
1436.7405362673035	0.06296580000002905	epochs	3.0
1436.8035020673035	0.12325719999989815	epochs	2.0
1436.8035020673035	0.06206580000002759	epochs	3.0
1436.8655678673035	0.061191399999870555	epochs	3.0
1436.9267592673034	0.11985540000000583	epochs	2.0
1436.9267592673034	0.060341099999959624	epochs	3.0
1436.9871003673034	0.059514300000046205	epochs	3.0
1437.0466146673034	0.11663620000012997	epochs	2.0
1437.0466146673034	0.05870960000015657	epochs	3.0
1437.1053242673036	0.057926599999973405	epochs	3.0
1437.1632508673035	0.11358559999985118	epochs	2.0
1437.1632508673035	0.05716419999998834	epochs	3.0
1437.2204150673035	0.05642139999986284	epochs	3.0
1437.2768364673034	0.11069050000014613	epochs	2.0
1437.2768364673034	0.055697900000041045	epochs	3.0
1437.3325343673034	0.054992600000105085	epochs	3.0
1437.3875269673035	0.10793909999983953	epochs	2.0
1437.3875269673035	0.05430490000003374	epochs	3.0
1437.4418318673036	0.05363419999980579	epochs	3.0
1437.4954660673034	0.10532150000017282	epochs	2.0
1437.4954660673034	0.052980000000161453	epochs	3.0
1437.5484460673035	0.052341500000011365	epochs	3.0
1437.6007875673035	0.10282759999995505	epochs	2.0
1437.6007875673035	0.05171810000001642	epochs	3.0
1437.6525056673036	0.051109499999938635	epochs	3.0
1437.7036151673035	0.10044909999987794	epochs	2.0
1437.7036151673035	0.050514900000052876	epochs	3.0
1437.7541300673035	0.04993419999982507	epochs	3.0
1437.8040642673034	0.09817830000019967	epochs	2.0
1437.8040642673034	0.04936659999998483	epochs	3.0
1437.8534308673034	0.04881170000021484	epochs	3.0
1437.9022425673036	0.09600779999982478	epochs	2.0
1437.9022425673036	0.048269199999822376	epochs	3.0
1437.9505117673034	0.04773860000000241	epochs	3.0
1437.9982503673034	0.09393120000004274	epochs	2.0
1437.9982503673034	0.04721949999998287	epochs	3.0
1438.0454698673034	0.046711700000059864	epochs	3.0
1438.0921815673034	0.09194260000003851	epochs	2.0
1438.0921815673034	0.046214599999984785	epochs	3.0
1438.1383961673034	0.045728000000053726	epochs	3.0
1438.1841241673035	0.09003630000006524	epochs	2.0
1438.1841241673035	0.045251499999949374	epochs	3.0
1438.2293756673034	0.044784800000115865	epochs	3.0
1438.2741604673035	0.08820760000003247	epochs	2.0
1438.2741604673035	0.044327800000019124	epochs	3.0
1438.3184882673036	0.04387980000001335	epochs	3.0
1438.3623680673036	0.0864516999999978	epochs	2.0
1438.3623680673036	0.04344099999980244	epochs	3.0
1438.4058090673034	0.04301070000019536	epochs	3.0
1438.4488197673036	0.08476429999996071	epochs	2.0
1438.4488197673036	0.04258899999990717	epochs	3.0
1438.4914087673035	0.04217530000005354	epochs	3.0
1438.5335840673035	0.08314150000001064	epochs	2.0
1438.5335840673035	0.04176970000003166	epochs	3.0
1438.5753537673036	0.041371799999978975	epochs	3.0
1438.6167255673035	0.08157970000002024	epochs	2.0
1438.6167255673035	0.040981399999964196	epochs	3.0
1438.6577069673035	0.04059830000005604	epochs	3.0
1438.6983052673036	0.08007549999979346	epochs	2.0
1438.6983052673036	0.04022229999986848	epochs	3.0
1438.7385275673034	0.03985319999992498	epochs	3.0
1438.7783807673034	0.07862570000020241	epochs	2.0
1438.7783807673034	0.039490800000066884	epochs	3.0
1438.8178715673034	0.03913490000013553	epochs	3.0
1438.8570064673036	0.07722760000001472	epochs	2.0
1438.8570064673036	0.03878539999982422	epochs	3.0
1438.8957918673034	0.038442200000190496	epochs	3.0
1438.9342340673036	0.07587819999980638	epochs	2.0
1438.9342340673036	0.03810479999992822	epochs	3.0
1438.9723388673035	0.037773399999878166	epochs	3.0
1439.0101122673034	0.0745752000000266	epochs	2.0
1439.0101122673034	0.03744770000002973	epochs	3.0
1439.0475599673034	0.03712749999999687	epochs	3.0
1439.0846874673034	0.07331629999998768	epochs	2.0
1439.0846874673034	0.0368129000000863	epochs	3.0
1439.1215003673035	0.036503399999901376	epochs	3.0
1439.1580037673034	0.07209899999998015	epochs	2.0
1439.1580037673034	0.03619909999997617	epochs	3.0
1439.1942028673034	0.03589990000000398	epochs	3.0
1439.2301027673034	0.07092170000009901	epochs	2.0
1439.2301027673034	0.03560560000005353	epochs	3.0
1439.2657083673034	0.03531610000004548	epochs	3.0
1439.3010244673035	0.06978200000003199	epochs	2.0
1439.3010244673035	0.03503120000004856	epochs	3.0
1439.3360556673035	0.03475079999998343	epochs	3.0
1439.3708064673035	0.06867859999988468	epochs	2.0
1439.3708064673035	0.03447510000000875	epochs	3.0
1439.4052815673035	0.03420349999987593	epochs	3.0
1439.4394850673034	0.06760930000018561	epochs	2.0
1439.4394850673034	0.033936199999970995	epochs	3.0
1439.4734212673034	0.03367310000021462	epochs	3.0
1439.5070943673036	0.06657289999998284	epochs	2.0
1439.5070943673036	0.03341399999999339	epochs	3.0
1439.5405083673036	0.033158899999989444	epochs	3.0
1439.5736672673036	0.06556779999982609	epochs	2.0
1439.5736672673036	0.03290769999989607	epochs	3.0
1439.6065749673035	0.032660099999930026	epochs	3.0
1439.6392350673034	0.06459259999996902	epochs	2.0
1439.6392350673034	0.03241640000010193	epochs	3.0
1439.6716514673035	0.032176199999867094	epochs	3.0
1439.7038276673034	0.06364600000006249	epochs	2.0
1439.7038276673034	0.03193960000021434	epochs	3.0
1439.7357672673036	0.031706399999848145	epochs	3.0
1439.7674736673034	0.0627266999999847	epochs	2.0
1439.7674736673034	0.03147660000013275	epochs	3.0
1439.7989502673036	0.031250099999851955	epochs	3.0
1439.8302003673034	0.06183359999999993	epochs	2.0
1439.8302003673034	0.031026900000142632	epochs	3.0
1439.8612272673035	0.0308066999998573	epochs	3.0
1439.8920339673034	0.06096560000014506	epochs	2.0
1439.8920339673034	0.03058980000014344	epochs	3.0
1439.9226237673035	0.030375800000001618	epochs	3.0
1439.9529995673036	0.06012160000000222	epochs	2.0
1439.9529995673036	0.030164899999817862	epochs	3.0
1439.9831644673034	0.029956700000184355	epochs	3.0
1440.0131211673036	0.05930069999999432	epochs	2.0
1440.0131211673036	0.029751599999826794	epochs	3.0
1440.0428727673034	0.029549100000167527	epochs	3.0
1440.0724218673035	0.05850179999993088	epochs	2.0
1440.0724218673035	0.02934940000000097	epochs	3.0
1440.1017712673035	0.029152399999929912	epochs	3.0
1440.1309236673035	0.05772419999993872	epochs	2.0
1440.1309236673035	0.028958000000102402	epochs	3.0
1440.1598816673036	0.028766199999836317	epochs	3.0
1440.1886478673034	0.05696710000006533	epochs	2.0
1440.1886478673034	0.028577000000041153	epochs	3.0
1440.2172248673035	0.028390100000024177	epochs	3.0
1440.2456149673035	0.05622949999997218	epochs	2.0
1440.2456149673035	0.028205699999944045	epochs	3.0
1440.2738206673034	0.028023800000028132	epochs	3.0
1440.3018444673035	0.05551070000001346	epochs	2.0
1440.3018444673035	0.027843999999959124	epochs	3.0
1440.3296884673034	0.027666700000054334	epochs	3.0
1440.3573551673035	0.054810200000019904	epochs	2.0
1440.3573551673035	0.02749149999999645	epochs	3.0
1440.3848466673035	0.027318700000023455	epochs	3.0
1440.4121653673035	0.054126999999880354	epochs	2.0
1440.4121653673035	0.027147799999966082	epochs	3.0
1440.4393131673035	0.026979199999914272	epochs	3.0
1440.4662923673034	0.05346070000018699	epochs	2.0
1440.4662923673034	0.026812600000084785	epochs	3.0
1440.4931049673035	0.026648100000102204	epochs	3.0
1440.5197530673036	0.05281070000000909	epochs	2.0
1440.5197530673036	0.0264855999998872	epochs	3.0
1440.5462386673034	0.026325100000121893	epochs	3.0
1440.5725637673036	0.052176199999848905	epochs	2.0
1440.5725637673036	0.026166399999965506	epochs	3.0
1440.5987301673035	0.0260097999998834	epochs	3.0
1440.6247399673034	0.051556699999991906	epochs	2.0
1440.6247399673034	0.02585480000016105	epochs	3.0
1440.6505947673036	0.025701899999830857	epochs	3.0
1440.6762966673034	0.05095189999997274	epochs	2.0
1440.6762966673034	0.025550700000167126	epochs	3.0
1440.7018473673036	0.025401199999805613	epochs	3.0
1440.7272485673034	0.05036100000006627	epochs	2.0
1440.7272485673034	0.025253500000189888	epochs	3.0
1440.7525020673036	0.02510749999987638	epochs	3.0
1440.7776095673034	0.04978380000011384	epochs	2.0
1440.7776095673034	0.02496320000000196	epochs	3.0
1440.8025727673034	0.02482060000011188	epochs	3.0
1440.8273933673036	0.04921949999993558	epochs	2.0
1440.8273933673036	0.024679399999968155	epochs	3.0
1440.8520727673035	0.024540099999967424	epochs	3.0
1440.8766128673035	0.04866790000005494	epochs	2.0
1440.8766128673035	0.024402100000088467	epochs	3.0
1440.9010149673036	0.024265799999966475	epochs	3.0
1440.9252807673035	0.048128599999927246	epochs	2.0
1440.9252807673035	0.02413099999989754	epochs	3.0
1440.9494117673034	0.023997600000029706	epochs	3.0
1440.9734093673035	0.047601100000065344	epochs	2.0
1440.9734093673035	0.023865800000066884	epochs	3.0
1440.9972751673035	0.02373529999999846	epochs	3.0
1441.0210104673035	0.04708499999992455	epochs	2.0
1441.0210104673035	0.023606299999983094	epochs	3.0
1441.0446167673035	0.023478699999941455	epochs	3.0
1441.0680954673035	0.046579999999948996	epochs	2.0
1441.0680954673035	0.023352500000100918	epochs	3.0
1441.0914479673036	0.023227499999848078	epochs	3.0
1441.1146754673034	0.046085700000048746	epochs	2.0
1441.1146754673034	0.023104000000103042	epochs	3.0
1441.1377794673035	0.022981699999945704	epochs	3.0
1441.1607611673035	0.045601799999985815	epochs	2.0
1441.1607611673035	0.02286069999991014	epochs	3.0
1441.1836218673034	0.022741100000075676	epochs	3.0
1441.2063629673034	0.04512790000012501	epochs	2.0
1441.2063629673034	0.022622500000125	epochs	3.0
1441.2289854673036	0.02250540000000001	epochs	3.0
1441.2514908673036	0.04466379999985293	epochs	2.0
1441.2514908673036	0.02238929999998618	epochs	3.0
1441.2738801673036	0.022274499999866748	epochs	3.0
1441.2961546673034	0.04420920000006845	epochs	2.0
1441.2961546673034	0.022160799999937808	epochs	3.0
1441.3183154673034	0.02204840000013064	epochs	3.0
1441.3403638673035	0.04376359999992019	epochs	2.0
1441.3403638673035	0.02193689999990056	epochs	3.0
1441.3623007673034	0.021826700000019628	epochs	3.0
1441.3841274673034	0.04332709999994222	epochs	2.0
1441.3841274673034	0.02171760000010181	epochs	3.0
1441.4058450673035	0.02160949999984041	epochs	3.0
1441.4274545673034	0.04289900000003399	epochs	2.0
1441.4274545673034	0.021502500000224245	epochs	3.0
1441.4489570673036	0.021396499999809748	epochs	3.0
1441.4703535673034	0.04247950000012679	epochs	2.0
1441.4703535673034	0.021291700000119818	epochs	3.0
1441.4916452673035	0.021187800000006973	epochs	3.0
1441.5128330673035	0.04206789999989269	epochs	2.0
1441.5128330673035	0.02108490000000529	epochs	3.0
1441.5339179673035	0.020982999999887397	epochs	3.0
1441.5549009673034	0.04166439999994509	epochs	2.0
1441.5549009673034	0.020882199999959994	epochs	3.0
1441.5757831673034	0.020782199999985096	epochs	3.0
1441.5965653673034	0.04126850000011473	epochs	2.0
1441.5965653673034	0.02068330000020069	epochs	3.0
1441.6172486673036	0.02058519999991404	epochs	3.0
1441.6378338673035	0.04088000000001557	epochs	2.0
1441.6378338673035	0.020488099999965925	epochs	3.0
1441.6583219673034	0.020391900000049645	epochs	3.0
1441.6787138673035	0.04049880000002304	epochs	2.0
1441.6787138673035	0.020296599999937825	epochs	3.0
1441.6990104673034	0.020202200000085213	epochs	3.0
1441.7192126673035	0.040124599999899146	epochs	2.0
1441.7192126673035	0.02010870000003706	epochs	3.0
1441.7393213673035	0.020015899999862086	epochs	3.0
1441.7593372673034	0.03975730000001931	epochs	2.0
1441.7593372673034	0.019924200000104975	epochs	3.0
1441.7792614673035	0.01983309999991434	epochs	3.0
1441.7990945673034	0.03939669999999751	epochs	2.0
1441.7990945673034	0.01974300000006224	epochs	3.0
1441.8188375673035	0.01965369999993527	epochs	3.0
1441.8384912673034	0.03904239999997117	epochs	2.0
1441.8384912673034	0.019565100000136226	epochs	3.0
1441.8580563673036	0.01947729999983494	epochs	3.0
1441.8775336673034	0.038694600000098944	epochs	2.0
1441.8775336673034	0.019390400000020236	epochs	3.0
1441.8969240673034	0.01930420000007871	epochs	3.0
1441.9162282673035	0.03835290000006353	epochs	2.0
1441.9162282673035	0.019218799999862313	epochs	3.0
1441.9354470673034	0.019134100000201215	epochs	3.0
1441.9545811673036	0.03801720000001296	epochs	2.0
1441.9545811673036	0.019050199999810502	epochs	3.0
1441.9736313673034	0.01896700000020246	epochs	3.0
1441.9925983673036	0.03768719999993664	epochs	2.0
1441.9925983673036	0.018884499999785476	epochs	3.0
1442.0114828673034	0.018802700000151162	epochs	3.0
1442.0302855673035	0.03736309999999321	epochs	2.0
1442.0302855673035	0.018721700000014607	epochs	3.0
1442.0490072673035	0.018641399999978603	epochs	3.0
1442.0676486673035	0.03704429999993408	epochs	2.0
1442.0676486673035	0.018561599999884493	epochs	3.0
1442.0862102673034	0.01848270000004959	epochs	3.0
1442.1046929673034	0.036731000000145286	epochs	2.0
1442.1046929673034	0.018404299999929208	epochs	3.0
1442.1230972673034	0.01832670000021608	epochs	3.0
1442.1414239673036	0.03642289999993409	epochs	2.0
1442.1414239673036	0.018249599999990096	epochs	3.0
1442.1596735673036	0.018173299999943993	epochs	3.0
1442.1778468673035	0.03612010000006194	epochs	2.0
1442.1778468673035	0.01809759999991911	epochs	3.0
1442.1959444673034	0.018022500000142827	epochs	3.0
1442.2139669673036	0.03582209999990482	epochs	2.0
1442.2139669673036	0.01794789999985369	epochs	3.0
1442.2319148673034	0.017874200000051133	epochs	3.0
1442.2497890673035	0.03552899999999681	epochs	2.0
1442.2497890673035	0.017800800000031813	epochs	3.0
1442.2675898673035	0.017728199999965	epochs	3.0
1442.2853180673035	0.03524070000003121	epochs	2.0
1442.2853180673035	0.017656100000067454	epochs	3.0
1442.3029741673035	0.017584599999963757	epochs	3.0
1442.3205587673035	0.03495709999992869	epochs	2.0
1442.3205587673035	0.017513699999881283	epochs	3.0
1442.3380724673034	0.017443400000047404	epochs	3.0
1442.3555158673034	0.03467790000013338	epochs	2.0
1442.3555158673034	0.017373599999928047	epochs	3.0
1442.3728894673034	0.01730430000020533	epochs	3.0
1442.3901937673036	0.03440329999989444	epochs	2.0
1442.3901937673036	0.017235699999901044	epochs	3.0
1442.4074294673035	0.0171675999999934	epochs	3.0
1442.4245970673035	0.03413279999995211	epochs	2.0
1442.4245970673035	0.01709989999994832	epochs	3.0
1442.4416969673034	0.017032900000003792	epochs	3.0
1442.4587298673034	0.03386670000008962	epochs	2.0
1442.4587298673034	0.01696640000000116	epochs	3.0
1442.4756962673034	0.016900300000088464	epochs	3.0
1442.4925965673035	0.03360459999998966	epochs	2.0
1442.4925965673035	0.01683479999996962	epochs	3.0
1442.5094313673035	0.01676980000002004	epochs	3.0
1442.5262011673035	0.033346599999958926	epochs	2.0
1442.5262011673035	0.016705300000012357	epochs	3.0
1442.5429064673035	0.01664129999994657	epochs	3.0
1442.5595477673035	0.03309250000006614	epochs	2.0
1442.5595477673035	0.016577800000050047	epochs	3.0
1442.5761255673035	0.01651470000001609	epochs	3.0
1442.5926402673035	0.03284229999985655	epochs	2.0
1442.5926402673035	0.01645220000000336	epochs	3.0
1442.6090924673035	0.01639009999985319	epochs	3.0
1442.6254825673034	0.03259570000000167	epochs	2.0
1442.6254825673034	0.016328400000020338	epochs	3.0
1442.6418109673034	0.016267299999981333	epochs	3.0
1442.6580782673034	0.032352899999978035	epochs	2.0
1442.6580782673034	0.016206600000032267	epochs	3.0
1442.6742848673034	0.016146299999945768	epochs	3.0
1442.6904311673034	0.032113700000081735	epochs	2.0
1442.6904311673034	0.016086600000107865	epochs	3.0
1442.7065177673035	0.01602709999997387	epochs	3.0
1442.7225448673034	0.03187800000000607	epochs	2.0
1442.7225448673034	0.015968200000088473	epochs	3.0
1442.7385130673035	0.015909799999917595	epochs	3.0
1442.7544228673034	0.03164570000012645	epochs	2.0
1442.7544228673034	0.015851599999905375	epochs	3.0
1442.7702744673034	0.01579410000022108	epochs	3.0
1442.7860685673036	0.031416699999908815	epochs	2.0
1442.7860685673036	0.01573669999993399	epochs	3.0
1442.8018052673035	0.015679999999974825	epochs	3.0
1442.8174852673035	0.03119109999988723	epochs	2.0
1442.8174852673035	0.015623600000026272	epochs	3.0
1442.8331088673035	0.015567499999860956	epochs	3.0
1442.8486763673034	0.03096870000013041	epochs	2.0
1442.8486763673034	0.01551200000017161	epochs	3.0
1442.8641883673035	0.0154566999999588	epochs	3.0
1442.8796450673035	0.030749499999956242	epochs	2.0
1442.8796450673035	0.015401999999994587	epochs	3.0
1442.8950470673035	0.015347499999961656	epochs	3.0
1442.9103945673035	0.03053320000003623	epochs	2.0
1442.9103945673035	0.015293400000018664	epochs	3.0
1442.9256879673035	0.015239800000017567	epochs	3.0
1442.9409277673035	0.030320099999926242	epochs	2.0
1442.9409277673035	0.015186500000027081	epochs	3.0
1442.9561142673035	0.015133599999899161	epochs	3.0
1442.9712478673034	0.03010990000007041	epochs	2.0
1442.9712478673034	0.015081000000009226	epochs	3.0
1442.9863288673034	0.015028900000061185	epochs	3.0
1443.0013577673035	0.029902499999934662	epochs	2.0
1443.0013577673035	0.014977000000044427	epochs	3.0
1443.0163347673035	0.014925499999890235	epochs	3.0
1443.0312602673034	0.0296981000001324	epochs	2.0
1443.0312602673034	0.014874400000053356	epochs	3.0
1443.0461346673035	0.014823700000079043	epochs	3.0
1443.0609583673036	0.029496299999891562	epochs	2.0
1443.0609583673036	0.01477319999980864	epochs	3.0
1443.0757315673034	0.014723100000082923	epochs	3.0
1443.0904546673034	0.029297400000132257	epochs	2.0
1443.0904546673034	0.014673399999992398	epochs	3.0
1443.1051280673034	0.014624000000139858	epochs	3.0
1443.1197520673036	0.029101099999934377	epochs	2.0
1443.1197520673036	0.014574899999843183	epochs	3.0
1443.1343269673034	0.014526200000091194	epochs	3.0
1443.1488531673035	0.028907399999980044	epochs	2.0
1443.1488531673035	0.014477700000043114	epochs	3.0
1443.1633308673036	0.014429699999936929	epochs	3.0
1443.1777605673035	0.028716199999962555	epochs	2.0
1443.1777605673035	0.014381799999910072	epochs	3.0
1443.1921423673034	0.014334400000052483	epochs	3.0
1443.2064767673035	0.02852759999996124	epochs	2.0
1443.2064767673035	0.014287199999898803	epochs	3.0
1443.2207639673034	0.014240400000062436	epochs	3.0
1443.2350043673034	0.028341400000044814	epochs	2.0
1443.2350043673034	0.014193800000157353	epochs	3.0
1443.2491981673036	0.014147599999887461	epochs	3.0
1443.2633457673035	0.028157700000065233	epochs	2.0
1443.2633457673035	0.014101700000082928	epochs	3.0
1443.2774474673035	0.014055999999982305	epochs	3.0
1443.2915034673035	0.02797629999986384	epochs	2.0
1443.2915034673035	0.014010599999892293	epochs	3.0
1443.3055140673034	0.013965699999971548	epochs	3.0
1443.3194797673034	0.027797200000122757	epochs	2.0
1443.3194797673034	0.013920800000050804	epochs	3.0
1443.3334005673034	0.013876400000071953	epochs	3.0
1443.3472769673035	0.027620399999932488	epochs	2.0
1443.3472769673035	0.013832200000024386	epochs	3.0
1443.3611091673035	0.013788199999908102	epochs	3.0
1443.3748973673034	0.027445899999975154	epochs	2.0
1443.3748973673034	0.01374460000010913	epochs	3.0
1443.3886419673036	0.013701299999866023	epochs	3.0
1443.4023432673034	0.0272735000000921	epochs	2.0
1443.4023432673034	0.013658200000008947	epochs	3.0
1443.4160014673034	0.013615300000083153	epochs	3.0
1443.4296167673035	0.027103399999987232	epochs	2.0
1443.4296167673035	0.013572800000019924	epochs	3.0
1443.4431895673035	0.013530599999967308	epochs	3.0
1443.4567201673035	0.02693520000002536	epochs	2.0
1443.4567201673035	0.01348839999991469	epochs	3.0
1443.4702085673034	0.01344680000011067	epochs	3.0
1443.4836553673035	0.026769199999989723	epochs	2.0
1443.4836553673035	0.013405199999851902	epochs	3.0
1443.4970605673034	0.013364000000137821	epochs	3.0
1443.5104245673035	0.026605199999949036	epochs	2.0
1443.5104245673035	0.013322900000048321	epochs	3.0
1443.5237474673036	0.013282299999900715	epochs	3.0
1443.5370297673035	0.0264431999999033	epochs	2.0
1443.5370297673035	0.013241699999980483	epochs	3.0
1443.5502714673034	0.013201499999922817	epochs	3.0
1443.5634729673034	0.026283200000079887	epochs	2.0
1443.5634729673034	0.013161500000023807	epochs	3.0
1443.5766344673034	0.01312170000005608	epochs	3.0
1443.5897561673034	0.02612500000009277	epochs	2.0
1443.5897561673034	0.013082100000019636	epochs	3.0
1443.6028382673035	0.013042900000073132	epochs	3.0
1443.6158811673035	0.025968899999952555	epochs	2.0
1443.6158811673035	0.013003899999830537	epochs	3.0
1443.6288850673034	0.012965000000122018	epochs	3.0
1443.6418500673035	0.025814500000024054	epochs	2.0
1443.6418500673035	0.012926399999969362	epochs	3.0
1443.6547764673035	0.012888100000054692	epochs	3.0
1443.6676645673035	0.025661899999931848	epochs	2.0
1443.6676645673035	0.012849899999991976	epochs	3.0
1443.6805144673035	0.012811999999939871	epochs	3.0
1443.6933264673035	0.025511199999982637	epochs	2.0
1443.6933264673035	0.012774400000125752	epochs	3.0
1443.7061008673036	0.012736799999856885	epochs	3.0
1443.7188376673034	0.025362300000097093	epochs	2.0
1443.7188376673034	0.01269969999998466	epochs	3.0
1443.7315373673034	0.012662600000112434	epochs	3.0
1443.7441999673035	0.025214999999889187	epochs	2.0
1443.7441999673035	0.012625800000023446	epochs	3.0
1443.7568257673036	0.012589199999865741	epochs	3.0
1443.7694149673034	0.024584799999956886	epochs	2.0
1443.7898397673034	0.5	epochs	-1.0
1443.7939997673034	0.49904000000015003	epochs	1.0
1444.2930397673035	0.500880000000052	epochs	0.0
1445.8759999275208	0.09999999999990905	epochs	0.0
1445.8759999275208	0.04500000000007276	epochs	1.0
1445.9209999275208	0.009999999999990905	epochs	1.0
1445.9309999275208	0.044999999999845386	epochs	1.0
1445.9759999275207	2.0	epochs	0.0
1447.9759999275207	21.51944000000003	epochs	0.0
1447.9759999275207	1.0	epochs	1.0
1447.9759999275207	0.5	epochs	-1.0
1448.4759999275207	19.995840000000044	epochs	-1.0
1448.9759999275207	20.0	epochs	1.0
1448.9759999275207	4.356753900000058	epochs	-1.0
1448.9759999275207	1.9745872000000873	epochs	2.0
1448.9759999275207	1.0985622000000603	epochs	3.0
1450.0745621275207	0.8760250000000269	epochs	3.0
1450.9505871275207	1.3524075000000266	epochs	2.0
1450.9505871275207	0.7286355000001095	epochs	3.0
1451.6792226275209	0.6237719999999172	epochs	3.0
1452.3029946275208	1.029759199999944	epochs	2.0
1452.3029946275208	0.5453293000000485	epochs	3.0
1452.8483239275208	0.4844298999998955	epochs	3.0
1453.3327538275207	0.8317862000001242	epochs	2.0
1453.3327538275207	0.4357763000000432	epochs	3.0
1453.7685301275208	0.39600990000008096	epochs	3.0
1454.1645400275208	0.6977969999998095	epochs	2.0
1454.1645400275208	0.3628982000000178	epochs	3.0
1454.5274382275209	0.33489879999979166	epochs	3.0
1454.8623370275207	0.601045699999986	epochs	2.0
1454.8623370275207	0.3109123000001546	epochs	3.0
1455.1732493275208	0.29013339999983145	epochs	3.0
1455.4633827275206	0.5278859000000011	epochs	2.0
1455.4633827275206	0.2719586000000618	epochs	3.0
1455.7353413275207	0.25592729999993935	epochs	3.0
1455.9912686275206	0.4706193000001804	epochs	2.0
1455.9912686275206	0.24168130000020938	epochs	3.0
1456.2329499275208	0.228937999999971	epochs	3.0
1456.4618879275208	0.42457039999999324	epochs	2.0
1456.4618879275208	0.21747140000002219	epochs	3.0
1456.6793593275208	0.20709899999997106	epochs	3.0
1456.8864583275208	0.3867353999999068	epochs	2.0
1456.8864583275208	0.19767109999997956	epochs	3.0
1457.0841294275208	0.18906429999992724	epochs	3.0
1457.2731937275207	0.35509530000013	epochs	2.0
1457.2731937275207	0.18117589999997108	epochs	3.0
1457.4543696275207	0.17391940000015893	epochs	3.0
1457.6282890275209	0.3282431000000088	epochs	2.0
1457.6282890275209	0.16722189999995862	epochs	3.0
1457.7955109275208	0.16102120000005016	epochs	3.0
1457.9565321275209	0.3051679999998669	epochs	2.0
1457.9565321275209	0.15526389999990897	epochs	3.0
1458.1117960275208	0.1499040999999579	epochs	3.0
1458.2617001275207	0.28512530000011793	epochs	2.0
1458.2617001275207	0.1449021000000812	epochs	3.0
1458.4066022275208	0.14022320000003674	epochs	3.0
1458.5468254275208	0.2675537999998596	epochs	2.0
1458.5468254275208	0.1358368999999584	epochs	3.0
1458.6826623275208	0.13171689999990122	epochs	3.0
1458.8143792275207	0.25202290000015637	epochs	2.0
1458.8143792275207	0.1278393000000051	epochs	3.0
1458.9422185275207	0.12418360000015127	epochs	3.0
1459.0664021275209	0.23819649999995818	epochs	2.0
1459.0664021275209	0.1207310999998299	epochs	3.0
1459.1871332275207	0.11746540000012828	epochs	3.0
1459.3045986275208	0.22580879999986792	epochs	2.0
1459.3045986275208	0.1143718999999237	epochs	3.0
1459.4189705275207	0.11143689999994422	epochs	3.0
1459.5304074275207	0.2146460000001298	epochs	2.0
1459.5304074275207	0.10864890000016203	epochs	3.0
1459.6390563275208	0.10599709999996776	epochs	3.0
1459.7450534275208	0.2045349999998507	epochs	2.0
1459.7450534275208	0.1034714999998414	epochs	3.0
1459.8485249275207	0.1010635000000093	epochs	3.0
1459.9495884275207	0.19533400000000256	epochs	2.0
1459.9495884275207	0.09876510000003691	epochs	3.0
1460.0483535275207	0.09656889999996565	epochs	3.0
1460.1449224275207	0.18692529999998442	epochs	2.0
1460.1449224275207	0.09446830000001682	epochs	3.0
1460.2393907275207	0.09245699999996759	epochs	3.0
1460.3318477275207	0.1792107000001124	epochs	2.0
1460.3318477275207	0.0905296000000817	epochs	3.0
1460.4223773275207	0.08868110000003071	epochs	3.0
1460.5110584275208	0.17210769999996955	epochs	2.0
1460.5110584275208	0.08690630000000965	epochs	3.0
1460.5979647275208	0.0852013999999599	epochs	3.0
1460.6831661275207	0.16554640000003928	epochs	2.0
1460.6831661275207	0.08356189999994967	epochs	3.0
1460.7667280275207	0.08198450000008961	epochs	3.0
1460.8487125275208	0.15946710000002895	epochs	2.0
1460.8487125275208	0.08046539999986635	epochs	3.0
1460.9291779275206	0.0790017000001626	epochs	3.0
1461.0081796275208	0.1538183999998637	epochs	2.0
1461.0081796275208	0.07759009999995214	epochs	3.0
1461.0857697275208	0.07622829999991154	epochs	3.0
1461.1619980275207	0.14855640000018866	epochs	2.0
1461.1619980275207	0.07491330000016205	epochs	3.0
1461.2369113275208	0.0736431000000266	epochs	3.0
1461.3105544275209	0.1436423999998624	epochs	2.0
1461.3105544275209	0.07241499999986445	epochs	3.0
1461.3829694275207	0.07122739999999794	epochs	3.0
1461.4541968275207	0.13904309999998077	epochs	2.0
1461.4541968275207	0.07007799999996678	epochs	3.0
1461.5242748275207	0.06896510000001399	epochs	3.0
1461.5932399275207	0.1347293000001173	epochs	2.0
1461.5932399275207	0.0678871000000072	epochs	3.0
1461.6611270275207	0.0668422000001101	epochs	3.0
1461.7279692275208	0.1306752000000415	epochs	2.0
1461.7279692275208	0.06582909999997355	epochs	3.0
1461.7937983275208	0.06484610000006796	epochs	3.0
1461.8586444275209	0.1268577999999252	epochs	2.0
1461.8586444275209	0.06389199999989614	epochs	3.0
1461.9225364275208	0.06296580000002905	epochs	3.0
1461.9855022275208	0.12325719999989815	epochs	2.0
1461.9855022275208	0.06206580000002759	epochs	3.0
1462.0475680275208	0.061191399999870555	epochs	3.0
1462.1087594275207	0.11985540000000583	epochs	2.0
1462.1087594275207	0.060341099999959624	epochs	3.0
1462.1691005275206	0.059514300000046205	epochs	3.0
1462.2286148275207	0.11663620000012997	epochs	2.0
1462.2286148275207	0.05870960000015657	epochs	3.0
1462.2873244275208	0.057926599999973405	epochs	3.0
1462.3452510275208	0.11358559999985118	epochs	2.0
1462.3452510275208	0.05716419999998834	epochs	3.0
1462.4024152275208	0.05642139999986284	epochs	3.0
1462.4588366275207	0.11069050000014613	epochs	2.0
1462.4588366275207	0.055697900000041045	epochs	3.0
1462.5145345275207	0.054992600000105085	epochs	3.0
1462.5695271275208	0.10793909999983953	epochs	2.0
1462.5695271275208	0.05430490000003374	epochs	3.0
1462.6238320275208	0.05363419999980579	epochs	3.0
1462.6774662275207	0.10532150000017282	epochs	2.0
1462.6774662275207	0.052980000000161453	epochs	3.0
1462.7304462275208	0.052341500000011365	epochs	3.0
1462.7827877275208	0.10282759999995505	epochs	2.0
1462.7827877275208	0.05171810000001642	epochs	3.0
1462.8345058275208	0.051109499999938635	epochs	3.0
1462.8856153275208	0.10044909999987794	epochs	2.0
1462.8856153275208	0.050514900000052876	epochs	3.0
1462.9361302275208	0.04993419999982507	epochs	3.0
1462.9860644275207	0.09817830000019967	epochs	2.0
1462.9860644275207	0.04936659999998483	epochs	3.0
1463.0354310275206	0.04881170000021484	epochs	3.0
1463.0842427275209	0.09600779999982478	epochs	2.0
1463.0842427275209	0.048269199999822376	epochs	3.0
1463.1325119275207	0.04773860000000241	epochs	3.0
1463.1802505275207	0.09393120000004274	epochs	2.0
1463.1802505275207	0.04721949999998287	epochs	3.0
1463.2274700275207	0.046711700000059864	epochs	3.0
1463.2741817275207	0.09194260000003851	epochs	2.0
1463.2741817275207	0.046214599999984785	epochs	3.0
1463.3203963275207	0.045728000000053726	epochs	3.0
1463.3661243275208	0.09003630000006524	epochs	2.0
1463.3661243275208	0.045251499999949374	epochs	3.0
1463.4113758275207	0.044784800000115865	epochs	3.0
1463.4561606275208	0.08820760000003247	epochs	2.0
1463.4561606275208	0.044327800000019124	epochs	3.0
1463.5004884275208	0.04387980000001335	epochs	3.0
1463.5443682275209	0.0864516999999978	epochs	2.0
1463.5443682275209	0.04344099999980244	epochs	3.0
1463.5878092275207	0.04301070000019536	epochs	3.0
1463.6308199275209	0.08476429999996071	epochs	2.0
1463.6308199275209	0.04258899999990717	epochs	3.0
1463.6734089275208	0.04217530000005354	epochs	3.0
1463.7155842275208	0.08314150000001064	epochs	2.0
1463.7155842275208	0.04176970000003166	epochs	3.0
1463.7573539275209	0.041371799999978975	epochs	3.0
1463.7987257275208	0.08157970000002024	epochs	2.0
1463.7987257275208	0.040981399999964196	epochs	3.0
1463.8397071275208	0.04059830000005604	epochs	3.0
1463.8803054275209	0.08007549999979346	epochs	2.0
1463.8803054275209	0.04022229999986848	epochs	3.0
1463.9205277275207	0.03985319999992498	epochs	3.0
1463.9603809275206	0.07862570000020241	epochs	2.0
1463.9603809275206	0.039490800000066884	epochs	3.0
1463.9998717275207	0.03913490000013553	epochs	3.0
1464.0390066275208	0.07722760000001472	epochs	2.0
1464.0390066275208	0.03878539999982422	epochs	3.0
1464.0777920275207	0.038442200000190496	epochs	3.0
1464.1162342275209	0.07587819999980638	epochs	2.0
1464.1162342275209	0.03810479999992822	epochs	3.0
1464.1543390275208	0.037773399999878166	epochs	3.0
1464.1921124275207	0.0745752000000266	epochs	2.0
1464.1921124275207	0.03744770000002973	epochs	3.0
1464.2295601275207	0.03712749999999687	epochs	3.0
1464.2666876275207	0.07331629999998768	epochs	2.0
1464.2666876275207	0.0368129000000863	epochs	3.0
1464.3035005275208	0.036503399999901376	epochs	3.0
1464.3400039275207	0.07209899999998015	epochs	2.0
1464.3400039275207	0.03619909999997617	epochs	3.0
1464.3762030275207	0.03589990000000398	epochs	3.0
1464.4121029275207	0.07092170000009901	epochs	2.0
1464.4121029275207	0.03560560000005353	epochs	3.0
1464.4477085275207	0.03531610000004548	epochs	3.0
1464.4830246275208	0.06978200000003199	epochs	2.0
1464.4830246275208	0.03503120000004856	epochs	3.0
1464.5180558275208	0.03475079999998343	epochs	3.0
1464.5528066275208	0.06867859999988468	epochs	2.0
1464.5528066275208	0.03447510000000875	epochs	3.0
1464.5872817275208	0.03420349999987593	epochs	3.0
1464.6214852275207	0.06760930000018561	epochs	2.0
1464.6214852275207	0.033936199999970995	epochs	3.0
1464.6554214275207	0.03367310000021462	epochs	3.0
1464.6890945275209	0.06657289999998284	epochs	2.0
1464.6890945275209	0.03341399999999339	epochs	3.0
1464.7225085275209	0.033158899999989444	epochs	3.0
1464.7556674275208	0.06556779999982609	epochs	2.0
1464.7556674275208	0.03290769999989607	epochs	3.0
1464.7885751275207	0.032660099999930026	epochs	3.0
1464.8212352275207	0.06459259999996902	epochs	2.0
1464.8212352275207	0.03241640000010193	epochs	3.0
1464.8536516275208	0.032176199999867094	epochs	3.0
1464.8858278275206	0.06364600000006249	epochs	2.0
1464.8858278275206	0.03193960000021434	epochs	3.0
1464.9177674275209	0.031706399999848145	epochs	3.0
1464.9494738275207	0.0627266999999847	epochs	2.0
1464.9494738275207	0.03147660000013275	epochs	3.0
1464.9809504275208	0.031250099999851955	epochs	3.0
1465.0122005275207	0.06183359999999993	epochs	2.0
1465.0122005275207	0.031026900000142632	epochs	3.0
1465.0432274275208	0.0308066999998573	epochs	3.0
1465.0740341275207	0.06096560000014506	epochs	2.0
1465.0740341275207	0.03058980000014344	epochs	3.0
1465.1046239275208	0.030375800000001618	epochs	3.0
1465.1349997275208	0.06012160000000222	epochs	2.0
1465.1349997275208	0.030164899999817862	epochs	3.0
1465.1651646275207	0.029956700000184355	epochs	3.0
1465.1951213275208	0.05930069999999432	epochs	2.0
1465.1951213275208	0.029751599999826794	epochs	3.0
1465.2248729275207	0.029549100000167527	epochs	3.0
1465.2544220275208	0.05850179999993088	epochs	2.0
1465.2544220275208	0.02934940000000097	epochs	3.0
1465.2837714275208	0.029152399999929912	epochs	3.0
1465.3129238275208	0.05772419999993872	epochs	2.0
1465.3129238275208	0.028958000000102402	epochs	3.0
1465.3418818275209	0.028766199999836317	epochs	3.0
1465.3706480275207	0.05696710000006533	epochs	2.0
1465.3706480275207	0.028577000000041153	epochs	3.0
1465.3992250275207	0.028390100000024177	epochs	3.0
1465.4276151275208	0.05622949999997218	epochs	2.0
1465.4276151275208	0.028205699999944045	epochs	3.0
1465.4558208275207	0.028023800000028132	epochs	3.0
1465.4838446275207	0.05551070000001346	epochs	2.0
1465.4838446275207	0.027843999999959124	epochs	3.0
1465.5116886275207	0.027666700000054334	epochs	3.0
1465.5393553275208	0.054810200000019904	epochs	2.0
1465.5393553275208	0.02749149999999645	epochs	3.0
1465.5668468275207	0.027318700000023455	epochs	3.0
1465.5941655275208	0.054126999999880354	epochs	2.0
1465.5941655275208	0.027147799999966082	epochs	3.0
1465.6213133275207	0.026979199999914272	epochs	3.0
1465.6482925275207	0.05346070000018699	epochs	2.0
1465.6482925275207	0.026812600000084785	epochs	3.0
1465.6751051275207	0.026648100000102204	epochs	3.0
1465.7017532275208	0.05281070000000909	epochs	2.0
1465.7017532275208	0.0264855999998872	epochs	3.0
1465.7282388275207	0.026325100000121893	epochs	3.0
1465.7545639275208	0.052176199999848905	epochs	2.0
1465.7545639275208	0.026166399999965506	epochs	3.0
1465.7807303275208	0.0260097999998834	epochs	3.0
1465.8067401275207	0.051556699999991906	epochs	2.0
1465.8067401275207	0.02585480000016105	epochs	3.0
1465.8325949275209	0.025701899999830857	epochs	3.0
1465.8582968275207	0.05095189999997274	epochs	2.0
1465.8582968275207	0.025550700000167126	epochs	3.0
1465.8838475275209	0.025401199999805613	epochs	3.0
1465.9092487275207	0.05036100000006627	epochs	2.0
1465.9092487275207	0.025253500000189888	epochs	3.0
1465.9345022275209	0.02510749999987638	epochs	3.0
1465.9596097275207	0.04978380000011384	epochs	2.0
1465.9596097275207	0.02496320000000196	epochs	3.0
1465.9845729275207	0.02482060000011188	epochs	3.0
1466.0093935275208	0.04921949999993558	epochs	2.0
1466.0093935275208	0.024679399999968155	epochs	3.0
1466.0340729275208	0.024540099999967424	epochs	3.0
1466.0586130275208	0.04866790000005494	epochs	2.0
1466.0586130275208	0.024402100000088467	epochs	3.0
1466.0830151275209	0.024265799999966475	epochs	3.0
1466.1072809275208	0.048128599999927246	epochs	2.0
1466.1072809275208	0.02413099999989754	epochs	3.0
1466.1314119275207	0.023997600000029706	epochs	3.0
1466.1554095275208	0.047601100000065344	epochs	2.0
1466.1554095275208	0.023865800000066884	epochs	3.0
1466.1792753275208	0.02373529999999846	epochs	3.0
1466.2030106275208	0.04708499999992455	epochs	2.0
1466.2030106275208	0.023606299999983094	epochs	3.0
1466.2266169275208	0.023478699999941455	epochs	3.0
1466.2500956275207	0.046579999999948996	epochs	2.0
1466.2500956275207	0.023352500000100918	epochs	3.0
1466.2734481275209	0.023227499999848078	epochs	3.0
1466.2966756275207	0.046085700000048746	epochs	2.0
1466.2966756275207	0.023104000000103042	epochs	3.0
1466.3197796275208	0.022981699999945704	epochs	3.0
1466.3427613275207	0.045601799999985815	epochs	2.0
1466.3427613275207	0.02286069999991014	epochs	3.0
1466.3656220275207	0.022741100000075676	epochs	3.0
1466.3883631275207	0.04512790000012501	epochs	2.0
1466.3883631275207	0.022622500000125	epochs	3.0
1466.4109856275209	0.02250540000000001	epochs	3.0
1466.4334910275209	0.04466379999985293	epochs	2.0
1466.4334910275209	0.02238929999998618	epochs	3.0
1466.4558803275208	0.022274499999866748	epochs	3.0
1466.4781548275207	0.04420920000006845	epochs	2.0
1466.4781548275207	0.022160799999937808	epochs	3.0
1466.5003156275206	0.02204840000013064	epochs	3.0
1466.5223640275208	0.04376359999992019	epochs	2.0
1466.5223640275208	0.02193689999990056	epochs	3.0
1466.5443009275207	0.021826700000019628	epochs	3.0
1466.5661276275207	0.04332709999994222	epochs	2.0
1466.5661276275207	0.02171760000010181	epochs	3.0
1466.5878452275208	0.02160949999984041	epochs	3.0
1466.6094547275206	0.04289900000003399	epochs	2.0
1466.6094547275206	0.021502500000224245	epochs	3.0
1466.6309572275209	0.021396499999809748	epochs	3.0
1466.6523537275207	0.04247950000012679	epochs	2.0
1466.6523537275207	0.021291700000119818	epochs	3.0
1466.6736454275208	0.021187800000006973	epochs	3.0
1466.6948332275208	0.04206789999989269	epochs	2.0
1466.6948332275208	0.02108490000000529	epochs	3.0
1466.7159181275208	0.020982999999887397	epochs	3.0
1466.7369011275207	0.04166439999994509	epochs	2.0
1466.7369011275207	0.020882199999959994	epochs	3.0
1466.7577833275207	0.020782199999985096	epochs	3.0
1466.7785655275206	0.04126850000011473	epochs	2.0
1466.7785655275206	0.02068330000020069	epochs	3.0
1466.7992488275208	0.02058519999991404	epochs	3.0
1466.8198340275208	0.04088000000001557	epochs	2.0
1466.8198340275208	0.020488099999965925	epochs	3.0
1466.8403221275207	0.020391900000049645	epochs	3.0
1466.8607140275208	0.04049880000002304	epochs	2.0
1466.8607140275208	0.020296599999937825	epochs	3.0
1466.8810106275207	0.020202200000085213	epochs	3.0
1466.9012128275208	0.040124599999899146	epochs	2.0
1466.9012128275208	0.02010870000003706	epochs	3.0
1466.9213215275208	0.020015899999862086	epochs	3.0
1466.9413374275207	0.03975730000001931	epochs	2.0
1466.9413374275207	0.019924200000104975	epochs	3.0
1466.9612616275208	0.01983309999991434	epochs	3.0
1466.9810947275207	0.03939669999999751	epochs	2.0
1466.9810947275207	0.01974300000006224	epochs	3.0
1467.0008377275208	0.01965369999993527	epochs	3.0
1467.0204914275207	0.03904239999997117	epochs	2.0
1467.0204914275207	0.019565100000136226	epochs	3.0
1467.0400565275208	0.01947729999983494	epochs	3.0
1467.0595338275207	0.038694600000098944	epochs	2.0
1467.0595338275207	0.019390400000020236	epochs	3.0
1467.0789242275207	0.01930420000007871	epochs	3.0
1467.0982284275208	0.03835290000006353	epochs	2.0
1467.0982284275208	0.019218799999862313	epochs	3.0
1467.1174472275206	0.019134100000201215	epochs	3.0
1467.1365813275208	0.03801720000001296	epochs	2.0
1467.1365813275208	0.019050199999810502	epochs	3.0
1467.1556315275207	0.01896700000020246	epochs	3.0
1467.1745985275209	0.03768719999993664	epochs	2.0
1467.1745985275209	0.018884499999785476	epochs	3.0
1467.1934830275206	0.018802700000151162	epochs	3.0
1467.2122857275208	0.03736309999999321	epochs	2.0
1467.2122857275208	0.018721700000014607	epochs	3.0
1467.2310074275208	0.018641399999978603	epochs	3.0
1467.2496488275208	0.03704429999993408	epochs	2.0
1467.2496488275208	0.018561599999884493	epochs	3.0
1467.2682104275207	0.01848270000004959	epochs	3.0
1467.2866931275207	0.036731000000145286	epochs	2.0
1467.2866931275207	0.018404299999929208	epochs	3.0
1467.3050974275206	0.01832670000021608	epochs	3.0
1467.3234241275209	0.03642289999993409	epochs	2.0
1467.3234241275209	0.018249599999990096	epochs	3.0
1467.3416737275209	0.018173299999943993	epochs	3.0
1467.3598470275208	0.03612010000006194	epochs	2.0
1467.3598470275208	0.01809759999991911	epochs	3.0
1467.3779446275207	0.018022500000142827	epochs	3.0
1467.3959671275209	0.03582209999990482	epochs	2.0
1467.3959671275209	0.01794789999985369	epochs	3.0
1467.4139150275207	0.017874200000051133	epochs	3.0
1467.4317892275208	0.03552899999999681	epochs	2.0
1467.4317892275208	0.017800800000031813	epochs	3.0
1467.4495900275208	0.017728199999965	epochs	3.0
1467.4673182275208	0.03524070000003121	epochs	2.0
1467.4673182275208	0.017656100000067454	epochs	3.0
1467.4849743275208	0.017584599999963757	epochs	3.0
1467.5025589275208	0.03495709999992869	epochs	2.0
1467.5025589275208	0.017513699999881283	epochs	3.0
1467.5200726275207	0.017443400000047404	epochs	3.0
1467.5375160275207	0.03467790000013338	epochs	2.0
1467.5375160275207	0.017373599999928047	epochs	3.0
1467.5548896275207	0.01730430000020533	epochs	3.0
1467.5721939275209	0.03440329999989444	epochs	2.0
1467.5721939275209	0.017235699999901044	epochs	3.0
1467.5894296275208	0.0171675999999934	epochs	3.0
1467.6065972275208	0.03413279999995211	epochs	2.0
1467.6065972275208	0.01709989999994832	epochs	3.0
1467.6236971275207	0.017032900000003792	epochs	3.0
1467.6407300275207	0.03386670000008962	epochs	2.0
1467.6407300275207	0.01696640000000116	epochs	3.0
1467.6576964275207	0.016900300000088464	epochs	3.0
1467.6745967275208	0.03360459999998966	epochs	2.0
1467.6745967275208	0.01683479999996962	epochs	3.0
1467.6914315275208	0.01676980000002004	epochs	3.0
1467.7082013275208	0.033346599999958926	epochs	2.0
1467.7082013275208	0.016705300000012357	epochs	3.0
1467.7249066275208	0.01664129999994657	epochs	3.0
1467.7415479275207	0.03309250000006614	epochs	2.0
1467.7415479275207	0.016577800000050047	epochs	3.0
1467.7581257275208	0.01651470000001609	epochs	3.0
1467.7746404275208	0.03284229999985655	epochs	2.0
1467.7746404275208	0.01645220000000336	epochs	3.0
1467.7910926275208	0.01639009999985319	epochs	3.0
1467.8074827275207	0.03259570000000167	epochs	2.0
1467.8074827275207	0.016328400000020338	epochs	3.0
1467.8238111275207	0.016267299999981333	epochs	3.0
1467.8400784275207	0.032352899999978035	epochs	2.0
1467.8400784275207	0.016206600000032267	epochs	3.0
1467.8562850275207	0.016146299999945768	epochs	3.0
1467.8724313275206	0.032113700000081735	epochs	2.0
1467.8724313275206	0.016086600000107865	epochs	3.0
1467.8885179275208	0.01602709999997387	epochs	3.0
1467.9045450275207	0.03187800000000607	epochs	2.0
1467.9045450275207	0.015968200000088473	epochs	3.0
1467.9205132275208	0.015909799999917595	epochs	3.0
1467.9364230275207	0.03164570000012645	epochs	2.0
1467.9364230275207	0.015851599999905375	epochs	3.0
1467.9522746275206	0.01579410000022108	epochs	3.0
1467.9680687275209	0.031416699999908815	epochs	2.0
1467.9680687275209	0.01573669999993399	epochs	3.0
1467.9838054275208	0.015679999999974825	epochs	3.0
1467.9994854275208	0.03119109999988723	epochs	2.0
1467.9994854275208	0.015623600000026272	epochs	3.0
1468.0151090275208	0.015567499999860956	epochs	3.0
1468.0306765275207	0.03096870000013041	epochs	2.0
1468.0306765275207	0.01551200000017161	epochs	3.0
1468.0461885275208	0.0154566999999588	epochs	3.0
1468.0616452275208	0.030749499999956242	epochs	2.0
1468.0616452275208	0.015401999999994587	epochs	3.0
1468.0770472275208	0.015347499999961656	epochs	3.0
1468.0923947275207	0.03053320000003623	epochs	2.0
1468.0923947275207	0.015293400000018664	epochs	3.0
1468.1076881275208	0.015239800000017567	epochs	3.0
1468.1229279275208	0.030320099999926242	epochs	2.0
1468.1229279275208	0.015186500000027081	epochs	3.0
1468.1381144275208	0.015133599999899161	epochs	3.0
1468.1532480275207	0.03010990000007041	epochs	2.0
1468.1532480275207	0.015081000000009226	epochs	3.0
1468.1683290275207	0.015028900000061185	epochs	3.0
1468.1833579275208	0.029902499999934662	epochs	2.0
1468.1833579275208	0.014977000000044427	epochs	3.0
1468.1983349275208	0.014925499999890235	epochs	3.0
1468.2132604275207	0.0296981000001324	epochs	2.0
1468.2132604275207	0.014874400000053356	epochs	3.0
1468.2281348275208	0.014823700000079043	epochs	3.0
1468.2429585275208	0.029496299999891562	epochs	2.0
1468.2429585275208	0.01477319999980864	epochs	3.0
1468.2577317275206	0.014723100000082923	epochs	3.0
1468.2724548275207	0.029297400000132257	epochs	2.0
1468.2724548275207	0.014673399999992398	epochs	3.0
1468.2871282275207	0.014624000000139858	epochs	3.0
1468.3017522275209	0.029101099999934377	epochs	2.0
1468.3017522275209	0.014574899999843183	epochs	3.0
1468.3163271275207	0.014526200000091194	epochs	3.0
1468.3308533275208	0.028907399999980044	epochs	2.0
1468.3308533275208	0.014477700000043114	epochs	3.0
1468.3453310275208	0.014429699999936929	epochs	3.0
1468.3597607275208	0.028716199999962555	epochs	2.0
1468.3597607275208	0.014381799999910072	epochs	3.0
1468.3741425275207	0.014334400000052483	epochs	3.0
1468.3884769275207	0.02852759999996124	epochs	2.0
1468.3884769275207	0.014287199999898803	epochs	3.0
1468.4027641275206	0.014240400000062436	epochs	3.0
1468.4170045275207	0.028341400000044814	epochs	2.0
1468.4170045275207	0.014193800000157353	epochs	3.0
1468.4311983275209	0.014147599999887461	epochs	3.0
1468.4453459275207	0.028157700000065233	epochs	2.0
1468.4453459275207	0.014101700000082928	epochs	3.0
1468.4594476275208	0.014055999999982305	epochs	3.0
1468.4735036275208	0.02797629999986384	epochs	2.0
1468.4735036275208	0.014010599999892293	epochs	3.0
1468.4875142275207	0.013965699999971548	epochs	3.0
1468.5014799275207	0.027797200000122757	epochs	2.0
1468.5014799275207	0.013920800000050804	epochs	3.0
1468.5154007275207	0.013876400000071953	epochs	3.0
1468.5292771275208	0.027620399999932488	epochs	2.0
1468.5292771275208	0.013832200000024386	epochs	3.0
1468.5431093275208	0.013788199999908102	epochs	3.0
1468.5568975275207	0.027445899999975154	epochs	2.0
1468.5568975275207	0.01374460000010913	epochs	3.0
1468.5706421275208	0.013701299999866023	epochs	3.0
1468.5843434275207	0.0272735000000921	epochs	2.0
1468.5843434275207	0.013658200000008947	epochs	3.0
1468.5980016275207	0.013615300000083153	epochs	3.0
1468.6116169275208	0.027103399999987232	epochs	2.0
1468.6116169275208	0.013572800000019924	epochs	3.0
1468.6251897275208	0.013530599999967308	epochs	3.0
1468.6387203275208	0.02693520000002536	epochs	2.0
1468.6387203275208	0.01348839999991469	epochs	3.0
1468.6522087275207	0.01344680000011067	epochs	3.0
1468.6656555275208	0.026769199999989723	epochs	2.0
1468.6656555275208	0.013405199999851902	epochs	3.0
1468.6790607275207	0.013364000000137821	epochs	3.0
1468.6924247275208	0.026605199999949036	epochs	2.0
1468.6924247275208	0.013322900000048321	epochs	3.0
1468.7057476275209	0.013282299999900715	epochs	3.0
1468.7190299275208	0.0264431999999033	epochs	2.0
1468.7190299275208	0.013241699999980483	epochs	3.0
1468.7322716275207	0.013201499999922817	epochs	3.0
1468.7454731275207	0.026283200000079887	epochs	2.0
1468.7454731275207	0.013161500000023807	epochs	3.0
1468.7586346275207	0.01312170000005608	epochs	3.0
1468.7717563275207	0.02612500000009277	epochs	2.0
1468.7717563275207	0.013082100000019636	epochs	3.0
1468.7848384275208	0.013042900000073132	epochs	3.0
1468.7978813275208	0.025968899999952555	epochs	2.0
1468.7978813275208	0.013003899999830537	epochs	3.0
1468.8108852275207	0.012965000000122018	epochs	3.0
1468.8238502275208	0.025814500000024054	epochs	2.0
1468.8238502275208	0.012926399999969362	epochs	3.0
1468.8367766275207	0.012888100000054692	epochs	3.0
1468.8496647275208	0.025661899999931848	epochs	2.0
1468.8496647275208	0.012849899999991976	epochs	3.0
1468.8625146275208	0.012811999999939871	epochs	3.0
1468.8753266275207	0.025511199999982637	epochs	2.0
1468.8753266275207	0.012774400000125752	epochs	3.0
1468.8881010275209	0.012736799999856885	epochs	3.0
1468.9008378275207	0.025362300000097093	epochs	2.0
1468.9008378275207	0.01269969999998466	epochs	3.0
1468.9135375275207	0.012662600000112434	epochs	3.0
1468.9262001275208	0.025214999999889187	epochs	2.0
1468.9262001275208	0.012625800000023446	epochs	3.0
1468.9388259275208	0.012589199999865741	epochs	3.0
1468.9514151275207	0.024584799999956886	epochs	2.0
1468.9718399275207	0.5	epochs	-1.0
1468.9759999275207	0.5194400000000314	epochs	1.0
1469.4954399275207	0.48048000000017055	epochs	0.0
1484.901999950409	0.09999999999990905	epochs	0.0
1484.901999950409	0.04500000000007276	epochs	1.0
1484.946999950409	0.009999999999990905	epochs	1.0
1484.956999950409	0.044999999999845386	epochs	1.0
1485.0019999504088	2.0	epochs	0.0
1487.0019999504088	1.319439999999986	epochs	0.0
1487.0019999504088	1.0	epochs	1.0
1487.0019999504088	0.5	epochs	-1.0
1487.5019999504088	0.819439999999986	epochs	-1.0
1488.0019999504088	0.31943999999998596	epochs	-1.0
1488.0019999504088	0.31943999999998596	epochs	1.0
1488.0019999504088	0.31943999999998596	epochs	2.0
1488.0019999504088	0.31943999999998596	epochs	3.0
1488.3214399504088	20.680480000000216	epochs	0.0
1489.9489998817444	0.09999999999990905	epochs	0.0
1489.9489998817444	0.04500000000007276	epochs	1.0
1489.9939998817445	0.009999999999990905	epochs	1.0
1490.0039998817444	0.044999999999845386	epochs	1.0
1490.0489998817443	2.0	epochs	0.0
1492.0489998817443	1.320080000000189	epochs	0.0
1492.0489998817443	1.0	epochs	1.0
1492.0489998817443	0.5	epochs	-1.0
1492.5489998817443	0.8200800000001891	epochs	-1.0
1493.0489998817443	0.3200800000001891	epochs	-1.0
1493.0489998817443	0.3200800000001891	epochs	1.0
1493.0489998817443	0.3200800000001891	epochs	2.0
1493.0489998817443	0.3200800000001891	epochs	3.0
1493.3690798817445	20.679840000000013	epochs	0.0
1495.0320000648499	0.09999999999990905	epochs	0.0
1495.0320000648499	0.04500000000007276	epochs	1.0
1495.07700006485	0.009999999999990905	epochs	1.0
1495.08700006485	0.044999999999845386	epochs	1.0
1495.1320000648498	2.0	epochs	0.0
1497.1320000648498	0.5000800000000254	epochs	0.0
1497.1320000648498	0.5000800000000254	epochs	1.0
1497.1320000648498	0.5	epochs	-1.0
1497.6320000648498	8.000000002539309e-05	epochs	-1.0
1497.6320800648498	21.499840000000177	epochs	0.0
1499.2509999275208	0.09999999999990905	epochs	0.0
1499.2509999275208	0.04500000000007276	epochs	1.0
1499.2959999275208	0.009999999999990905	epochs	1.0
1499.3059999275208	0.044999999999845386	epochs	1.0
1499.3509999275207	2.0	epochs	0.0
1501.3509999275207	0.5588800000000447	epochs	0.0
1501.3509999275207	0.5588800000000447	epochs	1.0
1501.3509999275207	0.5	epochs	-1.0
1501.8509999275207	0.058880000000044674	epochs	-1.0
1501.9098799275207	21.441040000000157	epochs	0.0
1503.5510001182556	0.09999999999990905	epochs	0.0
1503.5510001182556	0.04500000000007276	epochs	1.0
1503.5960001182557	0.009999999999990905	epochs	1.0
1503.6060001182557	0.044999999999845386	epochs	1.0
1503.6510001182555	2.0	epochs	0.0
1505.6510001182555	0.5595200000000204	epochs	0.0
1505.6510001182555	0.5595200000000204	epochs	1.0
1505.6510001182555	0.5	epochs	-1.0
1506.1510001182555	0.059520000000020445	epochs	-1.0
1506.2105201182555	21.44040000000018	epochs	0.0
1507.8179998397827	0.09999999999990905	epochs	0.0
1507.8179998397827	0.04500000000007276	epochs	1.0
1507.8629998397828	0.009999999999990905	epochs	1.0
1507.8729998397828	0.044999999999845386	epochs	1.0
1507.9179998397826	2.0	epochs	0.0
1509.9179998397826	0.5199200000001838	epochs	0.0
1509.9179998397826	0.5199200000001838	epochs	1.0
1509.9179998397826	0.5	epochs	-1.0
1510.4179998397826	0.01992000000018379	epochs	-1.0
1510.4379198397828	21.480000000000018	epochs	0.0
1512.0570001602173	0.09999999999990905	epochs	0.0
1512.0570001602173	0.04500000000007276	epochs	1.0
1512.1020001602174	0.009999999999990905	epochs	1.0
1512.1120001602173	0.044999999999845386	epochs	1.0
1512.1570001602172	2.0	epochs	0.0
1514.1570001602172	0.5195200000000568	epochs	0.0
1514.1570001602172	0.5195200000000568	epochs	1.0
1514.1570001602172	0.5	epochs	-1.0
1514.6570001602172	0.019520000000056825	epochs	-1.0
1514.6765201602173	21.480400000000145	epochs	0.0
1516.3239998817444	0.09999999999990905	epochs	0.0
1516.3239998817444	0.04500000000007276	epochs	1.0
1516.3689998817445	0.009999999999990905	epochs	1.0
1516.3789998817444	0.044999999999845386	epochs	1.0
1516.4239998817443	2.0	epochs	0.0
1518.4239998817443	0.5001600000000508	epochs	0.0
1518.4239998817443	0.5001600000000508	epochs	1.0
1518.4239998817443	0.5	epochs	-1.0
1518.9239998817443	0.00016000000005078618	epochs	-1.0
1518.9241598817443	21.49976000000015	epochs	0.0
1520.6490001678467	0.09999999999990905	epochs	0.0
1520.6490001678467	0.04500000000007276	epochs	1.0
1520.6940001678468	0.009999999999990905	epochs	1.0
1520.7040001678467	0.044999999999845386	epochs	1.0
1520.7490001678466	2.0	epochs	0.0
1522.7490001678466	0.5000800000000254	epochs	0.0
1522.7490001678466	0.5000800000000254	epochs	1.0
1522.7490001678466	0.5	epochs	-1.0
1523.2490001678466	8.000000002539309e-05	epochs	-1.0
1523.2490801678466	21.499840000000177	epochs	0.0
1534.6810002326965	0.09999999999990905	epochs	0.0
1534.6810002326965	0.04500000000007276	epochs	1.0
1534.7260002326966	0.009999999999990905	epochs	1.0
1534.7360002326966	0.044999999999845386	epochs	1.0
1534.7810002326964	0.2299199999999928	epochs	0.0
1534.7810002326964	0.0500000000001819	epochs	1.0
1534.8310002326966	0.009999999999990905	epochs	1.0
1534.8410002326966	0.049999999999954525	epochs	1.0
1534.8910002326966	0.009999999999990905	epochs	1.0
1534.9010002326966	0.049999999999954525	epochs	1.0
1534.9510002326965	0.009999999999990905	epochs	1.0
1534.9610002326965	0.04991999999992913	epochs	1.0
