onset	duration	nwb_table	treelevel
10.34600019454956	0.09999999999999964	epochs	0.0
10.34600019454956	0.04499999999999993	epochs	1.0
10.39100019454956	0.009999999999999787	epochs	1.0
10.40100019454956	0.04499999999999993	epochs	1.0
10.44600019454956	0.7049950000000003	epochs	0.0
10.44600019454956	0.5	epochs	-1.0
10.44600019454956	0.5	epochs	-1.0
10.44600019454956	0.5	epochs	1.0
10.94600019454956	0.0600000000000005	epochs	-1.0
10.94600019454956	0.025000000000000355	epochs	-1.0
10.94600019454956	0.025000000000000355	epochs	1.0
10.97100019454956	0.009999999999999787	epochs	-1.0
10.97100019454956	0.009999999999999787	epochs	1.0
10.98100019454956	0.025000000000000355	epochs	-1.0
10.98100019454956	0.025000000000000355	epochs	1.0
11.00600019454956	0.0600000000000005	epochs	-1.0
11.00600019454956	0.025000000000000355	epochs	-1.0
11.00600019454956	0.025000000000000355	epochs	1.0
11.031000194549561	0.009999999999999787	epochs	-1.0
11.031000194549561	0.009999999999999787	epochs	1.0
11.04100019454956	0.025000000000000355	epochs	-1.0
11.04100019454956	0.025000000000000355	epochs	1.0
11.066000194549561	0.05999999999999872	epochs	-1.0
11.066000194549561	0.02499999999999858	epochs	-1.0
11.066000194549561	0.02499999999999858	epochs	1.0
11.09100019454956	0.010000000000001563	epochs	-1.0
11.09100019454956	0.010000000000001563	epochs	1.0
11.101000194549561	0.02499999999999858	epochs	-1.0
11.101000194549561	0.02499999999999858	epochs	1.0
11.12600019454956	0.024995000000000545	epochs	1.0
235.49399995803833	0.09999999999999432	epochs	0.0
235.49399995803833	0.044999999999987494	epochs	1.0
235.53899995803832	0.010000000000019327	epochs	1.0
235.54899995803834	0.044999999999987494	epochs	1.0
235.59399995803832	0.7049949999999967	epochs	0.0
235.59399995803832	0.5	epochs	-1.0
235.59399995803832	0.5	epochs	1.0
236.09399995803832	0.060000000000002274	epochs	-1.0
236.09399995803832	0.025000000000005684	epochs	-1.0
236.09399995803832	0.025000000000005684	epochs	1.0
236.11899995803833	0.009999999999990905	epochs	-1.0
236.11899995803833	0.009999999999990905	epochs	1.0
236.12899995803832	0.025000000000005684	epochs	-1.0
236.12899995803832	0.025000000000005684	epochs	1.0
236.15399995803833	0.060000000000002274	epochs	-1.0
236.15399995803833	0.025000000000005684	epochs	-1.0
236.15399995803833	0.025000000000005684	epochs	1.0
236.17899995803833	0.009999999999990905	epochs	-1.0
236.17899995803833	0.009999999999990905	epochs	1.0
236.18899995803832	0.025000000000005684	epochs	-1.0
236.18899995803832	0.025000000000005684	epochs	1.0
236.21399995803833	0.060000000000002274	epochs	-1.0
236.21399995803833	0.025000000000005684	epochs	-1.0
236.21399995803833	0.025000000000005684	epochs	1.0
236.23899995803833	0.009999999999990905	epochs	-1.0
236.23899995803833	0.009999999999990905	epochs	1.0
236.24899995803833	0.025000000000005684	epochs	-1.0
236.24899995803833	0.025000000000005684	epochs	1.0
236.27399995803833	0.024994999999989886	epochs	1.0
300.78399991989136	0.10000000000002274	epochs	0.0
300.78399991989136	0.045000000000015916	epochs	1.0
300.8289999198914	0.009999999999990905	epochs	1.0
300.83899991989136	0.045000000000015916	epochs	1.0
300.8839999198914	61.384995	epochs	0.0
300.8839999198914	0.5	epochs	-1.0
300.8839999198914	0.5	epochs	-1.0
300.8839999198914	0.5	epochs	1.0
301.3839999198914	0.060000000000002274	epochs	-1.0
301.3839999198914	0.024999999999977263	epochs	-1.0
301.3839999198914	0.024999999999977263	epochs	1.0
301.40899991989136	0.009999999999990905	epochs	-1.0
301.40899991989136	0.009999999999990905	epochs	1.0
301.41899991989135	0.025000000000034106	epochs	-1.0
301.41899991989135	0.025000000000034106	epochs	1.0
301.4439999198914	0.060000000000002274	epochs	-1.0
301.4439999198914	0.024999999999977263	epochs	-1.0
301.4439999198914	0.024999999999977263	epochs	1.0
301.46899991989136	0.009999999999990905	epochs	-1.0
301.46899991989136	0.009999999999990905	epochs	1.0
301.47899991989135	0.025000000000034106	epochs	-1.0
301.47899991989135	0.025000000000034106	epochs	1.0
301.5039999198914	0.05999999999994543	epochs	-1.0
301.5039999198914	0.024999999999977263	epochs	-1.0
301.5039999198914	0.024999999999977263	epochs	1.0
301.52899991989136	0.009999999999990905	epochs	-1.0
301.52899991989136	0.009999999999990905	epochs	1.0
301.53899991989135	0.024999999999977263	epochs	-1.0
301.53899991989135	0.024999999999977263	epochs	1.0
301.56399991989133	60.0	epochs	1.0
361.56399991989133	0.5	epochs	-1.0
361.56399991989133	0.5	epochs	-1.0
361.56399991989133	0.5	epochs	1.0
362.06399991989133	0.06000000000005912	epochs	-1.0
362.06399991989133	0.025000000000034106	epochs	-1.0
362.06399991989133	0.025000000000034106	epochs	1.0
362.08899991989136	0.009999999999990905	epochs	-1.0
362.08899991989136	0.009999999999990905	epochs	1.0
362.09899991989136	0.025000000000034106	epochs	-1.0
362.09899991989136	0.025000000000034106	epochs	1.0
362.1239999198914	0.05999999999994543	epochs	-1.0
362.1239999198914	0.024999999999977263	epochs	-1.0
362.1239999198914	0.024999999999977263	epochs	1.0
362.14899991989137	0.009999999999990905	epochs	-1.0
362.14899991989137	0.009999999999990905	epochs	1.0
362.15899991989136	0.024999999999977263	epochs	-1.0
362.15899991989136	0.024999999999977263	epochs	1.0
362.18399991989133	0.060000000000002274	epochs	-1.0
362.18399991989133	0.025000000000034106	epochs	-1.0
362.18399991989133	0.025000000000034106	epochs	1.0
362.20899991989137	0.009999999999990905	epochs	-1.0
362.20899991989137	0.009999999999990905	epochs	1.0
362.21899991989136	0.024999999999977263	epochs	-1.0
362.21899991989136	0.024999999999977263	epochs	1.0
362.24399991989134	0.02499500000004673	epochs	1.0
394.09999990463257	0.10000000000002274	epochs	0.0
394.09999990463257	0.045000000000015916	epochs	1.0
394.1449999046326	0.009999999999990905	epochs	1.0
394.1549999046326	0.045000000000015916	epochs	1.0
394.1999999046326	0.7049949999999967	epochs	0.0
394.1999999046326	0.5	epochs	-1.0
394.1999999046326	0.5	epochs	-1.0
394.1999999046326	0.5	epochs	1.0
394.6999999046326	0.060000000000002274	epochs	-1.0
394.6999999046326	0.024999999999977263	epochs	-1.0
394.6999999046326	0.024999999999977263	epochs	1.0
394.72499990463257	0.009999999999990905	epochs	-1.0
394.72499990463257	0.009999999999990905	epochs	1.0
394.73499990463256	0.025000000000034106	epochs	-1.0
394.73499990463256	0.025000000000034106	epochs	1.0
394.7599999046326	0.060000000000002274	epochs	-1.0
394.7599999046326	0.024999999999977263	epochs	-1.0
394.7599999046326	0.024999999999977263	epochs	1.0
394.78499990463257	0.009999999999990905	epochs	-1.0
394.78499990463257	0.009999999999990905	epochs	1.0
394.79499990463256	0.025000000000034106	epochs	-1.0
394.79499990463256	0.025000000000034106	epochs	1.0
394.8199999046326	0.05999999999994543	epochs	-1.0
394.8199999046326	0.024999999999977263	epochs	-1.0
394.8199999046326	0.024999999999977263	epochs	1.0
394.8449999046326	0.009999999999990905	epochs	-1.0
394.8449999046326	0.009999999999990905	epochs	1.0
394.85499990463256	0.024999999999977263	epochs	-1.0
394.85499990463256	0.024999999999977263	epochs	1.0
394.87999990463254	0.02499500000004673	epochs	1.0
430.4830002784729	0.049539999999979045	epochs	0.0
430.4830002784729	0.01977140000002464	epochs	1.0
430.5027716784729	0.009997199999986606	epochs	1.0
430.5127688784729	0.019771399999967798	epochs	1.0
430.5325402784729	5.999979999999994	epochs	0.0
430.5325402784729	0.5	epochs	1.0
430.5325542784729	0.5	epochs	-1.0
430.5325542784729	0.5	epochs	-1.0
431.0325402784729	5.0	epochs	1.0
436.0325402784729	0.49997999999999365	epochs	1.0
436.0325542784729	0.49996599999997215	epochs	-1.0
442.46799993515015	0.049539999999979045	epochs	0.0
442.46799993515015	0.01977140000002464	epochs	1.0
442.48777133515017	0.009997199999986606	epochs	1.0
442.49776853515016	0.019771399999967798	epochs	1.0
442.5175399351501	2.5102600000000166	epochs	0.0
442.5175399351501	0.5	epochs	1.0
442.51755393515015	0.5	epochs	-1.0
443.0175399351501	1.0	epochs	1.0
444.0175399351501	1.0102600000000166	epochs	1.0
444.51755393515015	0.5	epochs	-1.0
445.02779993515014	0.9897199999999771	epochs	0.0
445.3680000305176	0.049539999999979045	epochs	0.0
445.3680000305176	0.01977140000002464	epochs	1.0
445.3877714305176	0.009997199999986606	epochs	1.0
445.3977686305176	0.019771399999967798	epochs	1.0
445.41754003051756	2.510280000000023	epochs	0.0
445.41754003051756	0.5	epochs	1.0
445.4175540305176	0.5	epochs	-1.0
445.91754003051756	1.0	epochs	1.0
446.91754003051756	1.010280000000023	epochs	1.0
447.4175540305176	0.5	epochs	-1.0
447.9278200305176	0.9896999999999707	epochs	0.0
448.2779998779297	0.049539999999979045	epochs	0.0
448.2779998779297	0.01977140000002464	epochs	1.0
448.2977712779297	0.009997199999986606	epochs	1.0
448.3077684779297	0.019771399999967798	epochs	1.0
448.32753987792967	2.510400000000004	epochs	0.0
448.32753987792967	0.5	epochs	1.0
448.3275538779297	0.5	epochs	-1.0
448.82753987792967	1.0	epochs	1.0
449.82753987792967	1.0104000000000042	epochs	1.0
450.3275538779297	0.5	epochs	-1.0
450.83793987792967	0.9895799999999895	epochs	0.0
451.1280002593994	0.049539999999979045	epochs	0.0
451.1280002593994	0.01977140000002464	epochs	1.0
451.14777165939944	0.009997199999986606	epochs	1.0
451.1577688593994	0.019771399999967798	epochs	1.0
451.1775402593994	2.510280000000023	epochs	0.0
451.1775402593994	0.5	epochs	1.0
451.1775542593994	0.5	epochs	-1.0
451.6775402593994	1.0	epochs	1.0
452.6775402593994	1.010280000000023	epochs	1.0
453.1775542593994	0.5	epochs	-1.0
453.6878202593994	0.9896999999999707	epochs	0.0
454.0110001564026	0.049539999999979045	epochs	0.0
454.0110001564026	0.01977140000002464	epochs	1.0
454.0307715564026	0.009997199999986606	epochs	1.0
454.0407687564026	0.019771399999967798	epochs	1.0
454.06054015640257	2.510280000000023	epochs	0.0
454.06054015640257	0.5	epochs	1.0
454.0605541564026	0.5	epochs	-1.0
454.56054015640257	1.0	epochs	1.0
455.56054015640257	1.010280000000023	epochs	1.0
456.0605541564026	0.5	epochs	-1.0
456.5708201564026	0.9896999999999707	epochs	0.0
456.91100025177	0.6499800000000278	epochs	0.0
456.91100025177	0.05000000000001137	epochs	1.0
456.96100025177003	0.5	epochs	1.0
457.46100025177003	0.09998000000001639	epochs	1.0
457.9930000305176	0.6499800000000278	epochs	0.0
457.9930000305176	0.05000000000001137	epochs	1.0
458.0430000305176	0.5	epochs	1.0
458.5430000305176	0.09998000000001639	epochs	1.0
459.04300022125244	0.6499800000000278	epochs	0.0
459.04300022125244	0.05000000000001137	epochs	1.0
459.09300022125245	0.5	epochs	1.0
459.59300022125245	0.09998000000001639	epochs	1.0
460.07600021362305	0.6499800000000278	epochs	0.0
460.07600021362305	0.05000000000001137	epochs	1.0
460.12600021362306	0.5	epochs	1.0
460.62600021362306	0.09998000000001639	epochs	1.0
461.1930003166199	0.6499800000000278	epochs	0.0
461.1930003166199	0.05000000000001137	epochs	1.0
461.2430003166199	0.5	epochs	1.0
461.7430003166199	0.09998000000001639	epochs	1.0
462.2430000305176	0.6499800000000278	epochs	0.0
462.2430000305176	0.05000000000001137	epochs	1.0
462.2930000305176	0.5	epochs	1.0
462.7930000305176	0.09998000000001639	epochs	1.0
463.37599992752075	0.049539999999979045	epochs	0.0
463.37599992752075	0.01977140000002464	epochs	1.0
463.3957713275208	0.009997199999986606	epochs	1.0
463.40576852752076	0.019771399999967798	epochs	1.0
463.42553992752073	0.5500800000000368	epochs	0.0
463.42553992752073	0.5	epochs	1.0
463.42555392752075	0.5	epochs	-1.0
463.92553992752073	0.05008000000003676	epochs	1.0
463.97561992752077	4.949899999999957	epochs	0.0
483.5420002937317	0.049539999999979045	epochs	0.0
483.5420002937317	0.01977140000002464	epochs	1.0
483.5617716937317	0.009997199999986606	epochs	1.0
483.5717688937317	0.019771399999967798	epochs	1.0
483.59154029373167	2.510400000000004	epochs	0.0
483.59154029373167	0.5	epochs	1.0
483.5915542937317	0.5	epochs	-1.0
484.09154029373167	1.0	epochs	1.0
485.09154029373167	1.0104000000000042	epochs	1.0
485.5915542937317	0.5	epochs	-1.0
486.1019402937317	2.9895799999999895	epochs	0.0
488.75400018692017	0.049539999999979045	epochs	0.0
488.75400018692017	0.01977140000002464	epochs	1.0
488.7737715869202	0.009997199999986606	epochs	1.0
488.7837687869202	0.019771399999967798	epochs	1.0
488.80354018692015	4.5301000000000045	epochs	0.0
488.80354018692015	0.5	epochs	1.0
488.80355418692017	0.5	epochs	-1.0
489.30354018692015	1.0	epochs	1.0
490.30354018692015	3.0301000000000045	epochs	1.0
490.80355418692017	0.5	epochs	-1.0
491.30355418692017	0.5	epochs	-1.0
491.80355418692017	0.5	epochs	-1.0
492.30355418692017	0.5	epochs	-1.0
492.80355418692017	0.5	epochs	-1.0
493.33364018692015	0.9698799999999892	epochs	0.0
493.9210000038147	0.049539999999979045	epochs	0.0
493.9210000038147	0.01977140000002464	epochs	1.0
493.9407714038147	0.009997199999986606	epochs	1.0
493.9507686038147	0.019771399999967798	epochs	1.0
493.9705400038147	2.5100199999999973	epochs	0.0
493.9705400038147	0.5	epochs	1.0
493.9705540038147	0.5	epochs	-1.0
494.4705400038147	1.0	epochs	1.0
495.4705400038147	1.0100199999999973	epochs	1.0
495.9705540038147	0.5	epochs	-1.0
496.4805600038147	2.9899599999999964	epochs	0.0
499.1010003089905	0.049539999999979045	epochs	0.0
499.1010003089905	0.01977140000002464	epochs	1.0
499.1207717089905	0.009997199999986606	epochs	1.0
499.1307689089905	0.019771399999967798	epochs	1.0
499.15054030899046	0.5508200000000443	epochs	0.0
499.15054030899046	0.5	epochs	1.0
499.1505543089905	0.5	epochs	-1.0
499.65054030899046	0.050820000000044274	epochs	1.0
499.7013603089905	4.949159999999949	epochs	0.0
519.2890000343323	0.049539999999979045	epochs	0.0
519.2890000343323	0.019771399999967798	epochs	1.0
519.3087714343322	0.009997200000043449	epochs	1.0
519.3187686343323	0.019771399999967798	epochs	1.0
519.3385400343323	0.5507000000000062	epochs	0.0
519.3385400343323	0.5	epochs	1.0
519.3385540343322	0.5	epochs	-1.0
519.8385400343323	0.050700000000006185	epochs	1.0
519.8892400343323	4.949280000000044	epochs	0.0
539.4640002250671	0.049539999999979045	epochs	0.0
539.4640002250671	0.019771399999967798	epochs	1.0
539.4837716250671	0.009997200000043449	epochs	1.0
539.4937688250671	0.019771399999967798	epochs	1.0
539.5135402250671	0.5504399999999805	epochs	0.0
539.5135402250671	0.5	epochs	1.0
539.5135542250671	0.5	epochs	-1.0
540.0135402250671	0.0504399999999805	epochs	1.0
540.0639802250671	4.94954000000007	epochs	0.0
559.6750001907349	0.049539999999979045	epochs	0.0
559.6750001907349	0.019771399999967798	epochs	1.0
559.6947715907348	0.009997200000043449	epochs	1.0
559.7047687907349	0.019771399999967798	epochs	1.0
559.7245401907348	0.5508200000000443	epochs	0.0
559.7245401907348	0.5	epochs	1.0
559.7245541907348	0.5	epochs	-1.0
560.2245401907348	0.050820000000044274	epochs	1.0
560.2753601907349	4.949160000000006	epochs	0.0
579.875	0.049539999999979045	epochs	0.0
579.875	0.019771399999967798	epochs	1.0
579.8947714	0.009997200000043449	epochs	1.0
579.9047686	0.019771399999967798	epochs	1.0
579.92454	0.5504600000000437	epochs	0.0
579.92454	0.5	epochs	1.0
579.924554	0.5	epochs	-1.0
580.42454	0.05046000000004369	epochs	1.0
580.475	4.949520000000007	epochs	0.0
599.1220002174377	0.15297999999995682	epochs	0.0
599.1220002174377	0.049999999999954525	epochs	1.0
599.1720002174377	0.0030000000000427463	epochs	1.0
599.1750002174377	0.09997999999995955	epochs	1.0
599.7379999160767	0.15297999999995682	epochs	0.0
599.7379999160767	0.049999999999954525	epochs	1.0
599.7879999160766	0.0030000000000427463	epochs	1.0
599.7909999160767	0.09997999999995955	epochs	1.0
600.3720002174377	0.15297999999995682	epochs	0.0
600.3720002174377	0.049999999999954525	epochs	1.0
600.4220002174377	0.0030000000000427463	epochs	1.0
600.4250002174377	0.09997999999995955	epochs	1.0
600.9720001220703	0.15297999999995682	epochs	0.0
600.9720001220703	0.049999999999954525	epochs	1.0
601.0220001220703	0.0030000000000427463	epochs	1.0
601.0250001220703	0.09997999999995955	epochs	1.0
601.6719999313354	0.15297999999995682	epochs	0.0
601.6719999313354	0.049999999999954525	epochs	1.0
601.7219999313354	0.0030000000000427463	epochs	1.0
601.7249999313354	0.09997999999995955	epochs	1.0
602.3220000267029	0.15297999999995682	epochs	0.0
602.3220000267029	0.049999999999954525	epochs	1.0
602.3720000267028	0.0030000000000427463	epochs	1.0
602.3750000267029	0.09997999999995955	epochs	1.0
603.0050001144409	0.15297999999995682	epochs	0.0
603.0050001144409	0.049999999999954525	epochs	1.0
603.0550001144409	0.0030000000000427463	epochs	1.0
603.0580001144409	0.09997999999995955	epochs	1.0
603.7220001220703	0.15297999999995682	epochs	0.0
603.7220001220703	0.049999999999954525	epochs	1.0
603.7720001220703	0.0030000000000427463	epochs	1.0
603.7750001220703	0.09997999999995955	epochs	1.0
604.4050002098083	0.15297999999995682	epochs	0.0
604.4050002098083	0.049999999999954525	epochs	1.0
604.4550002098083	0.0030000000000427463	epochs	1.0
604.4580002098083	0.09997999999995955	epochs	1.0
605.0880002975464	0.15297999999995682	epochs	0.0
605.0880002975464	0.049999999999954525	epochs	1.0
605.1380002975463	0.0030000000000427463	epochs	1.0
605.1410002975464	0.09997999999995955	epochs	1.0
605.7880001068115	0.15297999999995682	epochs	0.0
605.7880001068115	0.049999999999954525	epochs	1.0
605.8380001068115	0.0030000000000427463	epochs	1.0
605.8410001068115	0.09997999999995955	epochs	1.0
606.4720001220703	0.15297999999995682	epochs	0.0
606.4720001220703	0.049999999999954525	epochs	1.0
606.5220001220703	0.0030000000000427463	epochs	1.0
606.5250001220703	0.09997999999995955	epochs	1.0
607.204999923706	0.15297999999995682	epochs	0.0
607.204999923706	0.049999999999954525	epochs	1.0
607.254999923706	0.0030000000000427463	epochs	1.0
607.257999923706	0.09997999999995955	epochs	1.0
608.0220003128052	0.049539999999979045	epochs	0.0
608.0220003128052	0.019771399999967798	epochs	1.0
608.0417717128051	0.009997200000043449	epochs	1.0
608.0517689128052	0.019771399999967798	epochs	1.0
608.0715403128052	1.6029800000000023	epochs	0.0
608.0715403128052	0.5	epochs	1.0
608.0715543128051	0.5	epochs	-1.0
608.5715403128052	0.0030000000000427463	epochs	1.0
608.5745403128052	1.0999799999999595	epochs	1.0
609.0745543128052	0.5	epochs	-1.0
610.2239999771118	0.049539999999979045	epochs	0.0
610.2239999771118	0.019771399999967798	epochs	1.0
610.2437713771118	0.009997200000043449	epochs	1.0
610.2537685771118	0.019771399999967798	epochs	1.0
610.2735399771118	0.5500600000000304	epochs	0.0
610.2735399771118	0.5	epochs	1.0
610.2735539771118	0.5	epochs	-1.0
610.7735399771118	0.0030000000000427463	epochs	1.0
610.7765399771118	0.04705999999998767	epochs	1.0
610.8235999771118	1.0529199999999719	epochs	0.0
623.5320000648499	0.049539999999979045	epochs	0.0
623.5320000648499	0.019771399999967798	epochs	1.0
623.5517714648498	0.009997200000043449	epochs	1.0
623.5617686648499	0.019771399999967798	epochs	1.0
623.5815400648498	0.5509399999999687	epochs	0.0
623.5815400648498	0.5	epochs	1.0
623.5815540648498	0.5	epochs	-1.0
624.0815400648498	0.0030000000000427463	epochs	1.0
624.0845400648499	0.04793999999992593	epochs	1.0
624.1324800648498	1.0520400000000336	epochs	0.0
636.7760000228882	0.049539999999979045	epochs	0.0
636.7760000228882	0.019771399999967798	epochs	1.0
636.7957714228882	0.009997200000043449	epochs	1.0
636.8057686228882	0.019771399999967798	epochs	1.0
636.8255400228882	0.5509399999999687	epochs	0.0
636.8255400228882	0.5	epochs	1.0
636.8255540228881	0.5	epochs	-1.0
637.3255400228882	0.0030000000000427463	epochs	1.0
637.3285400228882	0.04793999999992593	epochs	1.0
637.3764800228881	1.0520400000000336	epochs	0.0
650.0269999504089	0.049539999999979045	epochs	0.0
650.0269999504089	0.019771399999967798	epochs	1.0
650.0467713504089	0.009997200000043449	epochs	1.0
650.056768550409	0.019771399999967798	epochs	1.0
650.0765399504089	0.5509399999999687	epochs	0.0
650.0765399504089	0.5	epochs	1.0
650.0765539504089	0.5	epochs	-1.0
650.5765399504089	0.0030000000000427463	epochs	1.0
650.579539950409	0.04793999999992593	epochs	1.0
650.6274799504089	1.0520400000000336	epochs	0.0
663.3270001411438	0.049539999999979045	epochs	0.0
663.3270001411438	0.019771399999967798	epochs	1.0
663.3467715411438	0.009997200000043449	epochs	1.0
663.3567687411438	0.019771399999967798	epochs	1.0
663.3765401411438	0.5503200000000561	epochs	0.0
663.3765401411438	0.5	epochs	1.0
663.3765541411437	0.5	epochs	-1.0
663.8765401411438	0.0030000000000427463	epochs	1.0
663.8795401411438	0.04732000000001335	epochs	1.0
663.9268601411438	1.0526599999999462	epochs	0.0
676.558000087738	0.049539999999979045	epochs	0.0
676.558000087738	0.019771399999967798	epochs	1.0
676.577771487738	0.009997200000043449	epochs	1.0
676.587768687738	0.019771399999967798	epochs	1.0
676.607540087738	1.6029800000000023	epochs	0.0
676.607540087738	0.5	epochs	1.0
676.607554087738	0.5	epochs	-1.0
677.107540087738	0.0030000000000427463	epochs	1.0
677.1105400877381	1.0999799999999595	epochs	1.0
677.610554087738	0.5	epochs	-1.0
678.8250002861023	0.049539999999979045	epochs	0.0
678.8250002861023	0.019771399999967798	epochs	1.0
678.8447716861023	0.009997200000043449	epochs	1.0
678.8547688861023	0.019771399999967798	epochs	1.0
678.8745402861023	0.5504399999999805	epochs	0.0
678.8745402861023	0.5	epochs	1.0
678.8745542861022	0.5	epochs	-1.0
679.3745402861023	0.0030000000000427463	epochs	1.0
679.3775402861023	0.047439999999937754	epochs	1.0
679.4249802861023	1.0525400000000218	epochs	0.0
692.0869998931885	0.049539999999979045	epochs	0.0
692.0869998931885	0.019771399999967798	epochs	1.0
692.1067712931884	0.009997200000043449	epochs	1.0
692.1167684931885	0.019771399999967798	epochs	1.0
692.1365398931885	1.5503600000000688	epochs	0.0
692.1365398931885	0.5	epochs	1.0
692.1365538931884	0.5	epochs	-1.0
692.6365398931885	0.0030000000000427463	epochs	1.0
692.6395398931885	1.047360000000026	epochs	1.0
693.1395538931885	0.5	epochs	-1.0
693.6868998931885	0.0526199999999335	epochs	0.0
694.2870001792908	0.049539999999979045	epochs	0.0
694.2870001792908	0.019771399999967798	epochs	1.0
694.3067715792907	0.009997200000043449	epochs	1.0
694.3167687792908	0.019771399999967798	epochs	1.0
694.3365401792908	1.6029800000000023	epochs	0.0
694.3365401792908	0.5	epochs	1.0
694.3365541792907	0.5	epochs	-1.0
694.8365401792908	0.0030000000000427463	epochs	1.0
694.8395401792908	1.0999799999999595	epochs	1.0
695.3395541792908	0.5	epochs	-1.0
707.1370000839233	0.049539999999979045	epochs	0.0
707.1370000839233	0.019771399999967798	epochs	1.0
707.1567714839233	0.009997200000043449	epochs	1.0
707.1667686839234	0.019771399999967798	epochs	1.0
707.1865400839233	0.5498200000000679	epochs	0.0
707.1865400839233	0.5	epochs	1.0
707.1865540839233	0.5	epochs	-1.0
707.6865400839233	0.04982000000006792	epochs	1.0
707.7363600839234	18.950159999999983	epochs	0.0
736.3450002670288	0.049539999999979045	epochs	0.0
736.3450002670288	0.019771399999967798	epochs	1.0
736.3647716670288	0.009997200000043449	epochs	1.0
736.3747688670288	0.019771399999967798	epochs	1.0
736.3945402670288	9.41124000000002	epochs	0.0
736.3945402670288	0.5	epochs	1.0
736.3945542670288	0.5	epochs	-1.0
736.8945402670288	8.91124000000002	epochs	1.0
744.8055602670288	1.000220000000013	epochs	-1.0
744.8055602670288	0.03956000000005133	epochs	-1.0
745.3030542670288	0.5	epochs	-1.0
745.8057802670288	10.08874000000003	epochs	0.0
746.5130000114441	0.049539999999979045	epochs	0.0
746.5130000114441	0.019771399999967798	epochs	1.0
746.5327714114441	0.009997200000043449	epochs	1.0
746.5427686114441	0.019771399999967798	epochs	1.0
746.5625400114441	10.410280000000057	epochs	0.0
746.5625400114441	0.5	epochs	1.0
746.562554011444	0.5	epochs	-1.0
747.0625400114441	9.910280000000057	epochs	1.0
754.9728200114441	2.0	epochs	-1.0
754.9728200114441	0.039559999999937645	epochs	-1.0
755.4703140114441	0.5	epochs	-1.0
755.9703140114441	0.5	epochs	-1.0
756.4703140114441	0.5	epochs	-1.0
756.9728200114441	9.089699999999993	epochs	0.0
757.7020001411438	0.049539999999979045	epochs	0.0
757.7020001411438	0.019771399999967798	epochs	1.0
757.7217715411438	0.009997200000043449	epochs	1.0
757.7317687411438	0.019771399999967798	epochs	1.0
757.7515401411438	9.910820000000058	epochs	0.0
757.7515401411438	0.5	epochs	1.0
757.7515541411437	0.5	epochs	-1.0
758.2515401411438	9.410820000000058	epochs	1.0
766.1622001411438	1.5001600000000508	epochs	-1.0
766.1622001411438	0.039679999999975735	epochs	-1.0
766.6596941411437	0.5	epochs	-1.0
767.1596941411437	0.5	epochs	-1.0
767.6623601411438	9.589159999999993	epochs	0.0
779.4630002975464	0.6499800000000278	epochs	0.0
779.4630002975464	0.049999999999954525	epochs	1.0
779.5130002975463	0.5	epochs	1.0
780.0130002975463	0.09998000000007323	epochs	1.0
780.8470001220703	0.6499800000000278	epochs	0.0
780.8470001220703	0.049999999999954525	epochs	1.0
780.8970001220703	0.5	epochs	1.0
781.3970001220703	0.09998000000007323	epochs	1.0
782.2300000190735	0.6499800000000278	epochs	0.0
782.2300000190735	0.049999999999954525	epochs	1.0
782.2800000190734	0.5	epochs	1.0
782.7800000190734	0.09998000000007323	epochs	1.0
783.6470003128052	0.6499800000000278	epochs	0.0
783.6470003128052	0.049999999999954525	epochs	1.0
783.6970003128051	0.5	epochs	1.0
784.1970003128051	0.09998000000007323	epochs	1.0
785.0469999313354	0.6499800000000278	epochs	0.0
785.0469999313354	0.049999999999954525	epochs	1.0
785.0969999313354	0.5	epochs	1.0
785.5969999313354	0.09998000000007323	epochs	1.0
786.4300003051758	0.6499800000000278	epochs	0.0
786.4300003051758	0.049999999999954525	epochs	1.0
786.4800003051757	0.5	epochs	1.0
786.9800003051757	0.09998000000007323	epochs	1.0
787.8629999160767	0.049539999999979045	epochs	0.0
787.8629999160767	0.019771399999967798	epochs	1.0
787.8827713160766	0.009997200000043449	epochs	1.0
787.8927685160767	0.019771399999967798	epochs	1.0
787.9125399160766	0.5509399999999687	epochs	0.0
787.9125399160766	0.5	epochs	1.0
787.9125539160766	0.5	epochs	-1.0
788.4125399160766	0.05093999999996868	epochs	1.0
788.4634799160766	4.949040000000082	epochs	0.0
793.0269999504089	0.049539999999979045	epochs	0.0
793.0269999504089	0.019771399999967798	epochs	1.0
793.0467713504089	0.009997200000043449	epochs	1.0
793.056768550409	0.019771399999967798	epochs	1.0
793.0765399504089	2.5102600000000166	epochs	0.0
793.0765399504089	0.5	epochs	1.0
793.0765539504089	0.5	epochs	-1.0
793.5765399504089	1.0	epochs	1.0
794.5765399504089	1.0102600000000166	epochs	1.0
795.0765539504089	0.5	epochs	-1.0
795.5867999504089	2.989720000000034	epochs	0.0
798.2109999656677	0.049539999999979045	epochs	0.0
798.2109999656677	0.019771399999967798	epochs	1.0
798.2307713656677	0.009997200000043449	epochs	1.0
798.2407685656677	0.019771399999967798	epochs	1.0
798.2605399656677	2.5108999999999924	epochs	0.0
798.2605399656677	0.5	epochs	1.0
798.2605539656677	0.5	epochs	-1.0
798.7605399656677	1.0	epochs	1.0
799.7605399656677	1.0108999999999924	epochs	1.0
800.2605539656677	0.5	epochs	-1.0
800.7714399656677	2.989080000000058	epochs	0.0
803.4000000953674	0.049539999999979045	epochs	0.0
803.4000000953674	0.019771399999967798	epochs	1.0
803.4197714953674	0.009997200000043449	epochs	1.0
803.4297686953674	0.019771399999967798	epochs	1.0
803.4495400953674	2.510400000000004	epochs	0.0
803.4495400953674	0.5	epochs	1.0
803.4495540953674	0.5	epochs	-1.0
803.9495400953674	1.0	epochs	1.0
804.9495400953674	1.0104000000000042	epochs	1.0
805.4495540953674	0.5	epochs	-1.0
805.9599400953674	2.9895800000000463	epochs	0.0
808.6340003013611	0.049539999999979045	epochs	0.0
808.6340003013611	0.019771399999967798	epochs	1.0
808.653771701361	0.009997200000043449	epochs	1.0
808.6637689013611	0.019771399999967798	epochs	1.0
808.6835403013611	3.0104800000000296	epochs	0.0
808.6835403013611	0.5	epochs	1.0
808.683554301361	0.5	epochs	-1.0
809.1835403013611	1.0	epochs	1.0
810.1835403013611	1.5104800000000296	epochs	1.0
810.683554301361	0.5	epochs	-1.0
811.183554301361	0.5	epochs	-1.0
811.6940203013611	3.489500000000021	epochs	0.0
812.7270002365112	0.049539999999979045	epochs	0.0
812.7270002365112	0.019771399999967798	epochs	1.0
812.7467716365112	0.009997200000043449	epochs	1.0
812.7567688365112	0.019771399999967798	epochs	1.0
812.7765402365112	2.510400000000004	epochs	0.0
812.7765402365112	0.5	epochs	1.0
812.7765542365112	0.5	epochs	-1.0
813.2765402365112	1.0	epochs	1.0
814.2765402365112	1.0104000000000042	epochs	1.0
814.7765542365112	0.5	epochs	-1.0
815.2869402365112	3.9895800000000463	epochs	0.0
816.1770000457764	0.049539999999979045	epochs	0.0
816.1770000457764	0.019771399999967798	epochs	1.0
816.1967714457763	0.009997200000043449	epochs	1.0
816.2067686457764	0.019771399999967798	epochs	1.0
816.2265400457763	2.510400000000004	epochs	0.0
816.2265400457763	0.5	epochs	1.0
816.2265540457763	0.5	epochs	-1.0
816.7265400457763	1.0	epochs	1.0
817.7265400457763	1.0104000000000042	epochs	1.0
818.2265540457763	0.5	epochs	-1.0
818.7369400457764	3.9895800000000463	epochs	0.0
819.5729999542236	0.049539999999979045	epochs	0.0
819.5729999542236	0.019771399999967798	epochs	1.0
819.5927713542236	0.009997200000043449	epochs	1.0
819.6027685542236	0.019771399999967798	epochs	1.0
819.6225399542236	2.51066000000003	epochs	0.0
819.6225399542236	0.5	epochs	1.0
819.6225539542236	0.5	epochs	-1.0
820.1225399542236	1.0	epochs	1.0
821.1225399542236	1.0106600000000299	epochs	1.0
821.6225539542236	0.5	epochs	-1.0
822.1331999542236	3.9893200000000206	epochs	0.0
822.9900002479553	0.049539999999979045	epochs	0.0
822.9900002479553	0.019771399999967798	epochs	1.0
823.0097716479553	0.009997200000043449	epochs	1.0
823.0197688479553	0.019771399999967798	epochs	1.0
823.0395402479553	2.510400000000004	epochs	0.0
823.0395402479553	0.5	epochs	1.0
823.0395542479553	0.5	epochs	-1.0
823.5395402479553	1.0	epochs	1.0
824.5395402479553	1.0104000000000042	epochs	1.0
825.0395542479553	0.5	epochs	-1.0
825.5499402479553	3.9895800000000463	epochs	0.0
826.4400000572205	0.049539999999979045	epochs	0.0
826.4400000572205	0.019771399999967798	epochs	1.0
826.4597714572204	0.009997200000043449	epochs	1.0
826.4697686572205	0.019771399999967798	epochs	1.0
826.4895400572204	0.5504600000000437	epochs	0.0
826.4895400572204	0.5	epochs	1.0
826.4895540572204	0.5	epochs	-1.0
826.9895400572204	0.05046000000004369	epochs	1.0
827.0400000572205	5.949520000000007	epochs	0.0
842.5720000267029	0.049539999999979045	epochs	0.0
842.5720000267029	0.019771399999967798	epochs	1.0
842.5917714267028	0.009997200000043449	epochs	1.0
842.6017686267029	0.019771399999967798	epochs	1.0
842.6215400267029	0.5507000000000062	epochs	0.0
842.6215400267029	0.5	epochs	1.0
842.6215540267028	0.5	epochs	-1.0
843.1215400267029	0.050700000000006185	epochs	1.0
843.1722400267029	5.949280000000044	epochs	0.0
858.7760000228882	0.049539999999979045	epochs	0.0
858.7760000228882	0.019771399999967798	epochs	1.0
858.7957714228882	0.009997200000043449	epochs	1.0
858.8057686228882	0.019771399999967798	epochs	1.0
858.8255400228882	0.5508200000000443	epochs	0.0
858.8255400228882	0.5	epochs	1.0
858.8255540228881	0.5	epochs	-1.0
859.3255400228882	0.050820000000044274	epochs	1.0
859.3763600228882	5.949160000000006	epochs	0.0
874.914999961853	0.049539999999979045	epochs	0.0
874.914999961853	0.019771399999967798	epochs	1.0
874.934771361853	0.009997200000043449	epochs	1.0
874.944768561853	0.019771399999967798	epochs	1.0
874.964539961853	2.510020000000054	epochs	0.0
874.964539961853	0.5	epochs	1.0
874.964553961853	0.5	epochs	-1.0
875.464539961853	1.0	epochs	1.0
876.464539961853	1.010020000000054	epochs	1.0
876.964553961853	0.5	epochs	-1.0
877.4745599618531	3.9899599999999964	epochs	0.0
878.5650000572205	0.15297999999995682	epochs	0.0
878.5650000572205	0.049999999999954525	epochs	1.0
878.6150000572204	0.0030000000000427463	epochs	1.0
878.6180000572205	0.09997999999995955	epochs	1.0
879.6290001869202	0.15297999999995682	epochs	0.0
879.6290001869202	0.049999999999954525	epochs	1.0
879.6790001869201	0.0030000000000427463	epochs	1.0
879.6820001869202	0.09997999999995955	epochs	1.0
880.7290000915527	0.15297999999995682	epochs	0.0
880.7290000915527	0.049999999999954525	epochs	1.0
880.7790000915527	0.0030000000000427463	epochs	1.0
880.7820000915527	0.09997999999995955	epochs	1.0
881.8460001945496	0.15297999999995682	epochs	0.0
881.8460001945496	0.049999999999954525	epochs	1.0
881.8960001945495	0.0030000000000427463	epochs	1.0
881.8990001945496	0.09997999999995955	epochs	1.0
882.9790000915527	0.15297999999995682	epochs	0.0
882.9790000915527	0.049999999999954525	epochs	1.0
883.0290000915527	0.0030000000000427463	epochs	1.0
883.0320000915527	0.09997999999995955	epochs	1.0
884.0789999961853	0.15297999999995682	epochs	0.0
884.0789999961853	0.049999999999954525	epochs	1.0
884.1289999961853	0.0030000000000427463	epochs	1.0
884.1319999961853	0.09997999999995955	epochs	1.0
885.2119998931885	0.15297999999995682	epochs	0.0
885.2119998931885	0.049999999999954525	epochs	1.0
885.2619998931884	0.0030000000000427463	epochs	1.0
885.2649998931885	0.09997999999995955	epochs	1.0
886.3460001945496	0.15297999999995682	epochs	0.0
886.3460001945496	0.049999999999954525	epochs	1.0
886.3960001945495	0.0030000000000427463	epochs	1.0
886.3990001945496	0.09997999999995955	epochs	1.0
887.4790000915527	0.15297999999995682	epochs	0.0
887.4790000915527	0.049999999999954525	epochs	1.0
887.5290000915527	0.0030000000000427463	epochs	1.0
887.5320000915527	0.09997999999995955	epochs	1.0
888.6459999084473	0.15297999999995682	epochs	0.0
888.6459999084473	0.049999999999954525	epochs	1.0
888.6959999084472	0.0030000000000427463	epochs	1.0
888.6989999084473	0.09997999999995955	epochs	1.0
889.8229999542236	0.15297999999995682	epochs	0.0
889.8229999542236	0.049999999999954525	epochs	1.0
889.8729999542236	0.0030000000000427463	epochs	1.0
889.8759999542236	0.09997999999995955	epochs	1.0
891.0230002403259	0.15297999999995682	epochs	0.0
891.0230002403259	0.049999999999954525	epochs	1.0
891.0730002403259	0.0030000000000427463	epochs	1.0
891.0760002403259	0.09997999999995955	epochs	1.0
892.2230000495911	0.15297999999995682	epochs	0.0
892.2230000495911	0.049999999999954525	epochs	1.0
892.273000049591	0.0030000000000427463	epochs	1.0
892.2760000495911	0.09997999999995955	epochs	1.0
893.4730000495911	0.15297999999995682	epochs	0.0
893.4730000495911	0.049999999999954525	epochs	1.0
893.523000049591	0.0030000000000427463	epochs	1.0
893.5260000495911	0.09997999999995955	epochs	1.0
894.7730002403259	0.15297999999995682	epochs	0.0
894.7730002403259	0.049999999999954525	epochs	1.0
894.8230002403259	0.0030000000000427463	epochs	1.0
894.8260002403259	0.09997999999995955	epochs	1.0
895.9900002479553	0.15297999999995682	epochs	0.0
895.9900002479553	0.049999999999954525	epochs	1.0
896.0400002479553	0.0030000000000427463	epochs	1.0
896.0430002479553	0.09997999999995955	epochs	1.0
897.3400001525879	0.049539999999979045	epochs	0.0
897.3400001525879	0.019771399999967798	epochs	1.0
897.3597715525879	0.009997200000043449	epochs	1.0
897.3697687525879	0.019771399999967798	epochs	1.0
897.3895401525879	0.550200000000018	epochs	0.0
897.3895401525879	0.5	epochs	1.0
897.3895541525878	0.5	epochs	-1.0
897.8895401525879	0.0030000000000427463	epochs	1.0
897.8925401525879	0.04719999999997526	epochs	1.0
897.9397401525879	1.0527799999999843	epochs	0.0
910.6500000953674	0.049539999999979045	epochs	0.0
910.6500000953674	0.019771399999967798	epochs	1.0
910.6697714953674	0.009997200000043449	epochs	1.0
910.6797686953674	0.019771399999967798	epochs	1.0
910.6995400953674	1.5504799999999932	epochs	0.0
910.6995400953674	0.5	epochs	1.0
910.6995540953674	0.5	epochs	-1.0
911.1995400953674	0.0030000000000427463	epochs	1.0
911.2025400953675	1.0474799999999505	epochs	1.0
911.7025540953674	0.5	epochs	-1.0
912.2500200953674	0.052500000000009095	epochs	0.0
913.25	0.049539999999979045	epochs	0.0
913.25	0.019771399999967798	epochs	1.0
913.2697714	0.009997200000043449	epochs	1.0
913.2797686	0.019771399999967798	epochs	1.0
913.29954	1.5108599999999797	epochs	0.0
913.29954	0.5	epochs	1.0
913.299554	0.5	epochs	-1.0
913.79954	0.0030000000000427463	epochs	1.0
913.80254	1.007859999999937	epochs	1.0
914.302554	0.5	epochs	-1.0
914.8104	0.09212000000002263	epochs	0.0
915.8330001831055	0.049539999999979045	epochs	0.0
915.8330001831055	0.019771399999967798	epochs	1.0
915.8527715831054	0.009997200000043449	epochs	1.0
915.8627687831055	0.019771399999967798	epochs	1.0
915.8825401831054	1.5506199999999808	epochs	0.0
915.8825401831054	0.5	epochs	1.0
915.8825541831054	0.5	epochs	-1.0
916.3825401831054	0.0030000000000427463	epochs	1.0
916.3855401831055	1.047619999999938	epochs	1.0
916.8855541831055	0.5	epochs	-1.0
917.4331601831054	0.0523600000000215	epochs	0.0
918.4830002784729	0.049539999999979045	epochs	0.0
918.4830002784729	0.019771399999967798	epochs	1.0
918.5027716784729	0.009997200000043449	epochs	1.0
918.5127688784729	0.019771399999967798	epochs	1.0
918.5325402784729	1.5106000000000677	epochs	0.0
918.5325402784729	0.5	epochs	1.0
918.5325542784728	0.5	epochs	-1.0
919.0325402784729	0.0030000000000427463	epochs	1.0
919.0355402784729	1.007600000000025	epochs	1.0
919.5355542784729	0.5	epochs	-1.0
920.043140278473	0.09237999999993463	epochs	0.0
921.076000213623	0.049539999999979045	epochs	0.0
921.076000213623	0.019771399999967798	epochs	1.0
921.095771613623	0.009997200000043449	epochs	1.0
921.1057688136231	0.019771399999967798	epochs	1.0
921.125540213623	1.5106200000000172	epochs	0.0
921.125540213623	0.5	epochs	1.0
921.125554213623	0.5	epochs	-1.0
921.625540213623	0.0030000000000427463	epochs	1.0
921.6285402136231	1.0076199999999744	epochs	1.0
922.128554213623	0.5	epochs	-1.0
922.636160213623	0.09235999999998512	epochs	0.0
923.6760001182556	0.049539999999979045	epochs	0.0
923.6760001182556	0.019771399999967798	epochs	1.0
923.6957715182556	0.009997200000043449	epochs	1.0
923.7057687182556	0.019771399999967798	epochs	1.0
923.7255401182556	1.551119999999969	epochs	0.0
923.7255401182556	0.5	epochs	1.0
923.7255541182556	0.5	epochs	-1.0
924.2255401182556	0.0030000000000427463	epochs	1.0
924.2285401182556	1.0481199999999262	epochs	1.0
924.7285541182556	0.5	epochs	-1.0
925.2766601182556	0.051860000000033324	epochs	0.0
943.856999874115	0.049539999999979045	epochs	0.0
943.856999874115	0.019771399999967798	epochs	1.0
943.876771274115	0.009997200000043449	epochs	1.0
943.886768474115	0.019771399999967798	epochs	1.0
943.906539874115	0.5505600000000186	epochs	0.0
943.906539874115	0.5	epochs	1.0
943.9065538741149	0.5	epochs	-1.0
944.406539874115	0.0030000000000427463	epochs	1.0
944.409539874115	0.047559999999975844	epochs	1.0
944.457099874115	1.0524199999999837	epochs	0.0
957.0809998512268	0.049539999999979045	epochs	0.0
957.0809998512268	0.019771399999967798	epochs	1.0
957.1007712512268	0.009997200000043449	epochs	1.0
957.1107684512268	0.019771399999967798	epochs	1.0
957.1305398512268	0.5500799999999799	epochs	0.0
957.1305398512268	0.5	epochs	1.0
957.1305538512268	0.5	epochs	-1.0
957.6305398512268	0.0030000000000427463	epochs	1.0
957.6335398512268	0.04707999999993717	epochs	1.0
957.6806198512268	1.0529000000000224	epochs	0.0
970.3660001754761	0.049539999999979045	epochs	0.0
970.3660001754761	0.019771399999967798	epochs	1.0
970.385771575476	0.009997200000043449	epochs	1.0
970.3957687754761	0.019771399999967798	epochs	1.0
970.415540175476	1.6029800000000023	epochs	0.0
970.415540175476	0.5	epochs	1.0
970.415554175476	0.5	epochs	-1.0
970.915540175476	0.0030000000000427463	epochs	1.0
970.9185401754761	1.0999799999999595	epochs	1.0
971.4185541754761	0.5	epochs	-1.0
973.1160001754761	0.049539999999979045	epochs	0.0
973.1160001754761	0.019771399999967798	epochs	1.0
973.135771575476	0.009997200000043449	epochs	1.0
973.1457687754761	0.019771399999967798	epochs	1.0
973.165540175476	0.5503200000000561	epochs	0.0
973.165540175476	0.5	epochs	1.0
973.165554175476	0.5	epochs	-1.0
973.665540175476	0.0030000000000427463	epochs	1.0
973.6685401754761	0.04732000000001335	epochs	1.0
973.7158601754761	1.0526599999999462	epochs	0.0
986.4100003242493	0.049539999999979045	epochs	0.0
986.4100003242493	0.019771399999967798	epochs	1.0
986.4297717242492	0.009997200000043449	epochs	1.0
986.4397689242493	0.019771399999967798	epochs	1.0
986.4595403242492	1.6029800000000023	epochs	0.0
986.4595403242492	0.5	epochs	1.0
986.4595543242492	0.5	epochs	-1.0
986.9595403242492	0.0030000000000427463	epochs	1.0
986.9625403242493	1.0999799999999595	epochs	1.0
987.4625543242493	0.5	epochs	-1.0
989.1269998550415	0.049539999999979045	epochs	0.0
989.1269998550415	0.019771399999967798	epochs	1.0
989.1467712550415	0.009997200000043449	epochs	1.0
989.1567684550415	0.019771399999967798	epochs	1.0
989.1765398550415	1.509999999999991	epochs	0.0
989.1765398550415	0.5	epochs	1.0
989.1765538550414	0.5	epochs	-1.0
989.6765398550415	0.0030000000000427463	epochs	1.0
989.6795398550415	1.0069999999999482	epochs	1.0
990.1795538550415	0.5	epochs	-1.0
990.6865398550415	0.09298000000001139	epochs	0.0
991.8439998626709	0.049539999999979045	epochs	0.0
991.8439998626709	0.019771399999967798	epochs	1.0
991.8637712626709	0.009997200000043449	epochs	1.0
991.8737684626709	0.019771399999967798	epochs	1.0
991.8935398626709	1.510120000000029	epochs	0.0
991.8935398626709	0.5	epochs	1.0
991.8935538626708	0.5	epochs	-1.0
992.3935398626709	0.0030000000000427463	epochs	1.0
992.3965398626709	1.0071199999999862	epochs	1.0
992.8965538626709	0.5	epochs	-1.0
993.4036598626709	0.0928599999999733	epochs	0.0
994.5770001411438	0.049539999999979045	epochs	0.0
994.5770001411438	0.019771399999967798	epochs	1.0
994.5967715411438	0.009997200000043449	epochs	1.0
994.6067687411438	0.019771399999967798	epochs	1.0
994.6265401411438	1.5504799999999932	epochs	0.0
994.6265401411438	0.5	epochs	1.0
994.6265541411437	0.5	epochs	-1.0
995.1265401411438	0.0030000000000427463	epochs	1.0
995.1295401411438	1.0474799999999505	epochs	1.0
995.6295541411438	0.5	epochs	-1.0
996.1770201411438	0.052500000000009095	epochs	0.0
997.2940001487732	0.049539999999979045	epochs	0.0
997.2940001487732	0.019771399999967798	epochs	1.0
997.3137715487732	0.009997200000043449	epochs	1.0
997.3237687487732	0.019771399999967798	epochs	1.0
997.3435401487732	0.5508200000000443	epochs	0.0
997.3435401487732	0.5	epochs	1.0
997.3435541487731	0.5	epochs	-1.0
997.8435401487732	0.0030000000000427463	epochs	1.0
997.8465401487732	0.04782000000000153	epochs	1.0
997.8943601487732	1.052159999999958	epochs	0.0
1010.6110000610352	0.049539999999979045	epochs	0.0
1010.6110000610352	0.019771399999967798	epochs	1.0
1010.6307714610351	0.009997200000043449	epochs	1.0
1010.6407686610352	0.019771399999967798	epochs	1.0
1010.6605400610351	1.5106200000000172	epochs	0.0
1010.6605400610351	0.5	epochs	1.0
1010.6605540610351	0.5	epochs	-1.0
1011.1605400610351	0.0030000000000427463	epochs	1.0
1011.1635400610352	1.0076199999999744	epochs	1.0
1011.6635540610351	0.5	epochs	-1.0
1012.1711600610352	0.09235999999998512	epochs	0.0
1019.0950002670288	0.04952000000002954	epochs	0.0
1019.0950002670288	0.019763399999987996	epochs	1.0
1019.1147636670288	0.009993200000053548	epochs	1.0
1019.1247568670289	0.019763399999987996	epochs	1.0
1019.1445202670288	2.0	epochs	0.0
1021.1445202670288	5.389760000000024	epochs	0.0
1021.1445202670288	1.0	epochs	1.0
1021.1445542670288	0.5	epochs	-1.0
1021.6445542670288	4.88972600000011	epochs	-1.0
1022.1445202670288	4.389760000000024	epochs	1.0
1022.1445202670288	4.356753900000058	epochs	-1.0
1022.1445202670288	1.9745871999998599	epochs	2.0
1022.1445202670288	1.0985621999999466	epochs	3.0
1023.2430824670288	0.8760249999999132	epochs	3.0
1024.1191074670287	1.3524075000000266	epochs	2.0
1024.1191074670287	0.7286355000001095	epochs	3.0
1024.8477429670288	0.6237719999999172	epochs	3.0
1025.4715149670287	1.0297592000001714	epochs	2.0
1025.4715149670287	0.5453293000000485	epochs	3.0
1026.0168442670288	0.48442990000012287	epochs	3.0
1026.501274167029	0.033006099999965954	epochs	2.0
1026.501274167029	0.033006099999965954	epochs	3.0
1026.5342802670289	16.61015999999995	epochs	0.0
1027.9790000915527	0.04952000000002954	epochs	0.0
1027.9790000915527	0.019763400000101683	epochs	1.0
1027.9987634915528	0.009993199999826174	epochs	1.0
1028.0087566915527	0.019763400000101683	epochs	1.0
1028.0285200915528	2.0	epochs	0.0
1030.0285200915528	21.510080000000016	epochs	0.0
1030.0285200915528	1.0	epochs	1.0
1030.0285540915527	0.5	epochs	-1.0
1030.5285540915527	19.999520000000075	epochs	-1.0
1031.0285200915528	20.0	epochs	1.0
1031.0285200915528	4.356753900000058	epochs	-1.0
1031.0285200915528	1.9745871999998599	epochs	2.0
1031.0285200915528	1.0985622000000603	epochs	3.0
1032.1270822915528	0.8760249999997995	epochs	3.0
1033.0031072915526	1.3524075000000266	epochs	2.0
1033.0031072915526	0.7286355000001095	epochs	3.0
1033.7317427915527	0.6237719999999172	epochs	3.0
1034.3555147915527	1.0297592000001714	epochs	2.0
1034.3555147915527	0.5453293000000485	epochs	3.0
1034.9008440915527	0.48442990000012287	epochs	3.0
1035.3852739915528	0.8317861999998968	epochs	2.0
1035.3852739915528	0.4357762999998158	epochs	3.0
1035.8210502915526	0.39600990000008096	epochs	3.0
1036.2170601915527	0.6977970000000369	epochs	2.0
1036.2170601915527	0.3628982000000178	epochs	3.0
1036.5799583915527	0.33489880000001904	epochs	3.0
1036.9148571915528	0.601045699999986	epochs	2.0
1036.9148571915528	0.3109122999999272	epochs	3.0
1037.2257694915527	0.2901334000000588	epochs	3.0
1037.5159028915527	0.5278859000000011	epochs	2.0
1037.5159028915527	0.2719586000000618	epochs	3.0
1037.7878614915528	0.25592729999993935	epochs	3.0
1038.0437887915527	0.470619299999953	epochs	2.0
1038.0437887915527	0.241681299999982	epochs	3.0
1038.2854700915527	0.228937999999971	epochs	3.0
1038.5144080915527	0.42457039999999324	epochs	2.0
1038.5144080915527	0.21747140000002219	epochs	3.0
1038.7318794915527	0.20709899999997106	epochs	3.0
1038.9389784915527	0.3867354000001342	epochs	2.0
1038.9389784915527	0.19767109999997956	epochs	3.0
1039.1366495915527	0.18906430000015462	epochs	3.0
1039.3257138915528	0.35509529999990264	epochs	2.0
1039.3257138915528	0.18117589999997108	epochs	3.0
1039.5068897915528	0.17391939999993156	epochs	3.0
1039.6808091915527	0.3282431000000088	epochs	2.0
1039.6808091915527	0.16722189999995862	epochs	3.0
1039.8480310915527	0.16102120000005016	epochs	3.0
1040.0090522915527	0.30516800000009425	epochs	2.0
1040.0090522915527	0.15526389999990897	epochs	3.0
1040.1643161915526	0.14990410000018528	epochs	3.0
1040.3142202915528	0.28512529999989056	epochs	2.0
1040.3142202915528	0.14490209999985382	epochs	3.0
1040.4591223915527	0.14022320000003674	epochs	3.0
1040.5993455915527	0.267553800000087	epochs	2.0
1040.5993455915527	0.1358368999999584	epochs	3.0
1040.7351824915527	0.1317169000001286	epochs	3.0
1040.8668993915528	0.252022899999929	epochs	2.0
1040.8668993915528	0.1278393000000051	epochs	3.0
1040.9947386915528	0.1241835999999239	epochs	3.0
1041.1189222915527	0.23819649999995818	epochs	2.0
1041.1189222915527	0.12073110000005727	epochs	3.0
1041.2396533915528	0.11746539999990091	epochs	3.0
1041.3571187915527	0.2258088000000953	epochs	2.0
1041.3571187915527	0.11437190000015107	epochs	3.0
1041.4714906915528	0.11143689999994422	epochs	3.0
1041.5829275915528	0.21464599999990241	epochs	2.0
1041.5829275915528	0.10864889999993466	epochs	3.0
1041.6915764915527	0.10599709999996776	epochs	3.0
1041.7975735915527	0.20453500000007807	epochs	2.0
1041.7975735915527	0.10347150000006877	epochs	3.0
1041.9010450915528	0.1010635000000093	epochs	3.0
1042.0021085915528	0.19533400000000256	epochs	2.0
1042.0021085915528	0.09876510000003691	epochs	3.0
1042.1008736915528	0.09656889999996565	epochs	3.0
1042.1974425915528	0.18692529999998442	epochs	2.0
1042.1974425915528	0.09446830000001682	epochs	3.0
1042.2919108915528	0.09245699999996759	epochs	3.0
1042.3843678915528	0.17921069999988504	epochs	2.0
1042.3843678915528	0.0905296000000817	epochs	3.0
1042.4748974915528	0.08868109999980334	epochs	3.0
1042.5635785915526	0.17210770000019693	epochs	2.0
1042.5635785915526	0.08690630000000965	epochs	3.0
1042.6504848915527	0.08520140000018728	epochs	3.0
1042.7356862915528	0.1655463999998119	epochs	2.0
1042.7356862915528	0.08356189999994967	epochs	3.0
1042.8192481915528	0.08198449999986224	epochs	3.0
1042.9012326915527	0.15946710000002895	epochs	2.0
1042.9012326915527	0.08046540000009372	epochs	3.0
1042.9816980915527	0.07900169999993523	epochs	3.0
1043.0606997915527	0.15381840000009106	epochs	2.0
1043.0606997915527	0.07759009999995214	epochs	3.0
1043.1382898915526	0.07622830000013892	epochs	3.0
1043.2145181915528	0.14855639999996129	epochs	2.0
1043.2145181915528	0.07491329999993468	epochs	3.0
1043.2894314915527	0.0736431000000266	epochs	3.0
1043.3630745915527	0.14364240000008976	epochs	2.0
1043.3630745915527	0.07241500000009182	epochs	3.0
1043.4354895915528	0.07122739999999794	epochs	3.0
1043.5067169915528	0.13904309999998077	epochs	2.0
1043.5067169915528	0.07007799999996678	epochs	3.0
1043.5767949915528	0.06896510000001399	epochs	3.0
1043.6457600915528	0.13472929999988992	epochs	2.0
1043.6457600915528	0.0678871000000072	epochs	3.0
1043.7136471915528	0.06684219999988272	epochs	3.0
1043.7804893915527	0.1306752000000415	epochs	2.0
1043.7804893915527	0.06582909999997355	epochs	3.0
1043.8463184915527	0.06484610000006796	epochs	3.0
1043.9111645915527	0.1268577999999252	epochs	2.0
1043.9111645915527	0.06389199999989614	epochs	3.0
1043.9750565915526	0.06296580000002905	epochs	3.0
1044.0380223915527	0.12325720000012552	epochs	2.0
1044.0380223915527	0.06206580000002759	epochs	3.0
1044.1000881915527	0.06119140000009793	epochs	3.0
1044.1612795915528	0.11985540000000583	epochs	2.0
1044.1612795915528	0.060341099999959624	epochs	3.0
1044.2216206915527	0.059514300000046205	epochs	3.0
1044.2811349915528	0.1166361999999026	epochs	2.0
1044.2811349915528	0.058709599999929196	epochs	3.0
1044.3398445915527	0.057926599999973405	epochs	3.0
1044.3977711915527	0.11358560000007856	epochs	2.0
1044.3977711915527	0.05716419999998834	epochs	3.0
1044.4549353915527	0.056421400000090216	epochs	3.0
1044.5113567915528	0.11069049999991876	epochs	2.0
1044.5113567915528	0.055697900000041045	epochs	3.0
1044.5670546915528	0.05499259999987771	epochs	3.0
1044.6220472915527	0.1079391000000669	epochs	2.0
1044.6220472915527	0.05430490000003374	epochs	3.0
1044.6763521915527	0.05363420000003316	epochs	3.0
1044.7299863915528	0.10532149999994544	epochs	2.0
1044.7299863915528	0.05297999999993408	epochs	3.0
1044.7829663915527	0.052341500000011365	epochs	3.0
1044.8353078915527	0.10282759999995505	epochs	2.0
1044.8353078915527	0.05171810000001642	epochs	3.0
1044.8870259915527	0.051109499999938635	epochs	3.0
1044.9381354915527	0.10044910000010532	epochs	2.0
1044.9381354915527	0.050514900000052876	epochs	3.0
1044.9886503915527	0.04993420000005244	epochs	3.0
1045.0385845915528	0.0981782999999723	epochs	2.0
1045.0385845915528	0.04936659999998483	epochs	3.0
1045.0879511915527	0.04881169999998747	epochs	3.0
1045.1367628915527	0.09600780000005216	epochs	2.0
1045.1367628915527	0.04826920000004975	epochs	3.0
1045.1850320915528	0.04773860000000241	epochs	3.0
1045.2327706915528	0.09393120000004274	epochs	2.0
1045.2327706915528	0.04721949999998287	epochs	3.0
1045.2799901915528	0.046711700000059864	epochs	3.0
1045.3267018915528	0.09194259999981114	epochs	2.0
1045.3267018915528	0.046214599999984785	epochs	3.0
1045.3729164915528	0.04572799999982635	epochs	3.0
1045.4186444915526	0.09003630000006524	epochs	2.0
1045.4186444915526	0.04525150000017675	epochs	3.0
1045.4638959915528	0.04478479999988849	epochs	3.0
1045.5086807915527	0.08820760000003247	epochs	2.0
1045.5086807915527	0.044327800000019124	epochs	3.0
1045.5530085915527	0.04387980000001335	epochs	3.0
1045.5968883915527	0.0864516999999978	epochs	2.0
1045.5968883915527	0.04344100000002982	epochs	3.0
1045.6403293915528	0.04301069999996798	epochs	3.0
1045.6833400915527	0.08476429999996071	epochs	2.0
1045.6833400915527	0.04258899999990717	epochs	3.0
1045.7259290915526	0.04217530000005354	epochs	3.0
1045.7681043915527	0.08314150000001064	epochs	2.0
1045.7681043915527	0.04176970000003166	epochs	3.0
1045.8098740915527	0.041371799999978975	epochs	3.0
1045.8512458915527	0.08157970000002024	epochs	2.0
1045.8512458915527	0.040981399999964196	epochs	3.0
1045.8922272915527	0.04059830000005604	epochs	3.0
1045.9328255915527	0.08007550000002084	epochs	2.0
1045.9328255915527	0.040222300000095856	epochs	3.0
1045.9730478915528	0.03985319999992498	epochs	3.0
1046.0129010915527	0.07862569999997504	epochs	2.0
1046.0129010915527	0.039490800000066884	epochs	3.0
1046.0523918915528	0.03913489999990816	epochs	3.0
1046.0915267915527	0.07722760000001472	epochs	2.0
1046.0915267915527	0.038785400000051595	epochs	3.0
1046.1303121915528	0.03844219999996312	epochs	3.0
1046.1687543915527	0.07587820000003376	epochs	2.0
1046.1687543915527	0.03810479999992822	epochs	3.0
1046.2068591915527	0.03777340000010554	epochs	3.0
1046.2446325915528	0.0745752000000266	epochs	2.0
1046.2446325915528	0.03744770000002973	epochs	3.0
1046.2820802915528	0.03712749999999687	epochs	3.0
1046.3192077915528	0.07331629999998768	epochs	2.0
1046.3192077915528	0.03681289999985893	epochs	3.0
1046.3560206915527	0.03650340000012875	epochs	3.0
1046.3925240915528	0.07209899999998015	epochs	2.0
1046.3925240915528	0.03619909999997617	epochs	3.0
1046.4287231915528	0.03589990000000398	epochs	3.0
1046.4646230915528	0.07092169999987163	epochs	2.0
1046.4646230915528	0.03560560000005353	epochs	3.0
1046.5002286915528	0.03531609999981811	epochs	3.0
1046.5355447915526	0.06978200000003199	epochs	2.0
1046.5355447915526	0.03503120000004856	epochs	3.0
1046.5705759915527	0.03475079999998343	epochs	3.0
1046.6053267915527	0.06867860000011206	epochs	2.0
1046.6053267915527	0.03447510000000875	epochs	3.0
1046.6398018915527	0.034203500000103304	epochs	3.0
1046.6740053915528	0.06760929999995824	epochs	2.0
1046.6740053915528	0.033936199999970995	epochs	3.0
1046.7079415915528	0.033673099999987244	epochs	3.0
1046.7416146915527	0.06657289999998284	epochs	2.0
1046.7416146915527	0.03341399999999339	epochs	3.0
1046.7750286915527	0.033158899999989444	epochs	3.0
1046.8081875915527	0.06556780000005347	epochs	2.0
1046.8081875915527	0.03290770000012344	epochs	3.0
1046.8410952915528	0.032660099999930026	epochs	3.0
1046.8737553915528	0.06459259999996902	epochs	2.0
1046.8737553915528	0.03241639999987456	epochs	3.0
1046.9061717915527	0.03217620000009447	epochs	3.0
1046.9383479915527	0.06364600000006249	epochs	2.0
1046.9383479915527	0.03193959999998697	epochs	3.0
1046.9702875915527	0.03170640000007552	epochs	3.0
1047.0019939915528	0.0627266999999847	epochs	2.0
1047.0019939915528	0.031476599999905375	epochs	3.0
1047.0334705915527	0.03125010000007933	epochs	3.0
1047.0647206915528	0.06183359999999993	epochs	2.0
1047.0647206915528	0.03102689999991526	epochs	3.0
1047.0957475915527	0.030806700000084675	epochs	3.0
1047.1265542915528	0.060965599999917686	epochs	2.0
1047.1265542915528	0.030589799999916067	epochs	3.0
1047.1571440915527	0.030375800000001618	epochs	3.0
1047.1875198915527	0.06012160000000222	epochs	2.0
1047.1875198915527	0.030164900000045236	epochs	3.0
1047.2176847915528	0.02995669999995698	epochs	3.0
1047.2476414915527	0.05930069999999432	epochs	2.0
1047.2476414915527	0.029751600000054168	epochs	3.0
1047.2773930915528	0.029549099999940154	epochs	3.0
1047.3069421915527	0.05850179999993088	epochs	2.0
1047.3069421915527	0.02934940000000097	epochs	3.0
1047.3362915915527	0.029152399999929912	epochs	3.0
1047.3654439915526	0.05772420000016609	epochs	2.0
1047.3654439915526	0.028958000000102402	epochs	3.0
1047.3944019915527	0.02876620000006369	epochs	3.0
1047.4231681915528	0.056967099999837956	epochs	2.0
1047.4231681915528	0.028577000000041153	epochs	3.0
1047.4517451915528	0.028390099999796803	epochs	3.0
1047.4801352915526	0.05622950000019955	epochs	2.0
1047.4801352915526	0.02820570000017142	epochs	3.0
1047.5083409915528	0.028023800000028132	epochs	3.0
1047.5363647915528	0.055510699999786084	epochs	2.0
1047.5363647915528	0.027843999999959124	epochs	3.0
1047.5642087915528	0.02766669999982696	epochs	3.0
1047.5918754915526	0.054810200000019904	epochs	2.0
1047.5918754915526	0.02749149999999645	epochs	3.0
1047.6193669915526	0.027318700000023455	epochs	3.0
1047.6466856915526	0.05412700000010773	epochs	2.0
1047.6466856915526	0.027147800000193456	epochs	3.0
1047.6738334915528	0.026979199999914272	epochs	3.0
1047.7008126915528	0.053460699999959616	epochs	2.0
1047.7008126915528	0.026812600000084785	epochs	3.0
1047.7276252915528	0.02664809999987483	epochs	3.0
1047.7542733915527	0.05281070000000909	epochs	2.0
1047.7542733915527	0.026485600000114573	epochs	3.0
1047.7807589915528	0.02632509999989452	epochs	3.0
1047.8070840915527	0.05217620000007628	epochs	2.0
1047.8070840915527	0.026166399999965506	epochs	3.0
1047.8332504915527	0.026009800000110772	epochs	3.0
1047.8592602915528	0.051556699999991906	epochs	2.0
1047.8592602915528	0.025854799999933675	epochs	3.0
1047.8851150915527	0.02570190000005823	epochs	3.0
1047.9108169915528	0.05095189999997274	epochs	2.0
1047.9108169915528	0.025550699999939752	epochs	3.0
1047.9363676915527	0.025401200000032986	epochs	3.0
1047.9617688915528	0.05036100000006627	epochs	2.0
1047.9617688915528	0.025253499999962514	epochs	3.0
1047.9870223915527	0.025107500000103755	epochs	3.0
1048.0121298915528	0.04978379999988647	epochs	2.0
1048.0121298915528	0.02496320000000196	epochs	3.0
1048.0370930915528	0.024820599999884507	epochs	3.0
1048.0619136915527	0.04921949999993558	epochs	2.0
1048.0619136915527	0.024679399999968155	epochs	3.0
1048.0865930915527	0.024540099999967424	epochs	3.0
1048.1111331915527	0.04866790000005494	epochs	2.0
1048.1111331915527	0.024402100000088467	epochs	3.0
1048.1355352915527	0.024265799999966475	epochs	3.0
1048.1598010915527	0.048128599999927246	epochs	2.0
1048.1598010915527	0.024131000000124914	epochs	3.0
1048.1839320915528	0.023997599999802333	epochs	3.0
1048.2079296915526	0.047601100000065344	epochs	2.0
1048.2079296915526	0.023865800000066884	epochs	3.0
1048.2317954915527	0.02373529999999846	epochs	3.0
1048.2555307915527	0.04708499999992455	epochs	2.0
1048.2555307915527	0.023606299999983094	epochs	3.0
1048.2791370915527	0.023478699999941455	epochs	3.0
1048.3026157915526	0.04658000000017637	epochs	2.0
1048.3026157915526	0.023352500000100918	epochs	3.0
1048.3259682915527	0.02322750000007545	epochs	3.0
1048.3491957915528	0.04608569999982137	epochs	2.0
1048.3491957915528	0.02310399999987567	epochs	3.0
1048.3722997915527	0.022981699999945704	epochs	3.0
1048.3952814915526	0.04560180000021319	epochs	2.0
1048.3952814915526	0.022860700000137513	epochs	3.0
1048.4181421915528	0.022741100000075676	epochs	3.0
1048.4408832915528	0.045127899999897636	epochs	2.0
1048.4408832915528	0.022622499999897627	epochs	3.0
1048.4635057915527	0.02250540000000001	epochs	3.0
1048.4860111915527	0.0446638000000803	epochs	2.0
1048.4860111915527	0.02238929999998618	epochs	3.0
1048.5084004915527	0.022274500000094122	epochs	3.0
1048.5306749915528	0.044209199999841076	epochs	2.0
1048.5306749915528	0.022160799999937808	epochs	3.0
1048.5528357915528	0.022048399999903268	epochs	3.0
1048.5748841915527	0.04376360000014756	epochs	2.0
1048.5748841915527	0.021936900000127935	epochs	3.0
1048.5968210915528	0.021826700000019628	epochs	3.0
1048.6186477915528	0.04332709999994222	epochs	2.0
1048.6186477915528	0.021717599999874437	epochs	3.0
1048.6403653915527	0.021609500000067783	epochs	3.0
1048.6619748915527	0.04289900000003399	epochs	2.0
1048.6619748915527	0.02150249999999687	epochs	3.0
1048.6834773915527	0.021396500000037122	epochs	3.0
1048.7048738915528	0.04247949999989942	epochs	2.0
1048.7048738915528	0.021291699999892444	epochs	3.0
1048.7261655915527	0.021187800000006973	epochs	3.0
1048.7473533915527	0.04206790000012006	epochs	2.0
1048.7473533915527	0.02108490000000529	epochs	3.0
1048.7684382915527	0.02098300000011477	epochs	3.0
1048.7894212915528	0.04166439999994509	epochs	2.0
1048.7894212915528	0.020882199999959994	epochs	3.0
1048.8103034915528	0.020782199999985096	epochs	3.0
1048.8310856915527	0.041268499999887354	epochs	2.0
1048.8310856915527	0.020683299999973315	epochs	3.0
1048.8517689915527	0.02058519999991404	epochs	3.0
1048.8723541915526	0.04088000000001557	epochs	2.0
1048.8723541915526	0.0204881000001933	epochs	3.0
1048.8928422915528	0.02039189999982227	epochs	3.0
1048.9132341915526	0.04049880000002304	epochs	2.0
1048.9132341915526	0.0202966000001652	epochs	3.0
1048.9335307915528	0.02020219999985784	epochs	3.0
1048.9537329915527	0.04012460000012652	epochs	2.0
1048.9537329915527	0.02010870000003706	epochs	3.0
1048.9738416915527	0.02001590000008946	epochs	3.0
1048.9938575915528	0.03975730000001931	epochs	2.0
1048.9938575915528	0.0199241999998776	epochs	3.0
1049.0137817915527	0.019833100000141712	epochs	3.0
1049.0336148915528	0.03939669999999751	epochs	2.0
1049.0336148915528	0.019742999999834865	epochs	3.0
1049.0533578915527	0.019653700000162644	epochs	3.0
1049.0730115915528	0.03904239999997117	epochs	2.0
1049.0730115915528	0.019565099999908853	epochs	3.0
1049.0925766915527	0.019477300000062314	epochs	3.0
1049.1120539915528	0.03869459999987157	epochs	2.0
1049.1120539915528	0.019390400000020236	epochs	3.0
1049.1314443915528	0.019304199999851335	epochs	3.0
1049.1507485915527	0.03835290000006353	epochs	2.0
1049.1507485915527	0.019218800000089686	epochs	3.0
1049.1699673915527	0.01913409999997384	epochs	3.0
1049.1891014915527	0.03801720000001296	epochs	2.0
1049.1891014915527	0.019050200000037876	epochs	3.0
1049.2081516915528	0.018966999999975087	epochs	3.0
1049.2271186915527	0.03768719999993664	epochs	2.0
1049.2271186915527	0.01888450000001285	epochs	3.0
1049.2460031915527	0.01880269999992379	epochs	3.0
1049.2648058915527	0.03736309999999321	epochs	2.0
1049.2648058915527	0.018721700000014607	epochs	3.0
1049.2835275915527	0.018641399999978603	epochs	3.0
1049.3021689915527	0.037044300000161456	epochs	2.0
1049.3021689915527	0.018561600000111866	epochs	3.0
1049.3207305915528	0.01848270000004959	epochs	3.0
1049.3392132915528	0.03673099999991791	epochs	2.0
1049.3392132915528	0.018404299999929208	epochs	3.0
1049.3576175915528	0.018326699999988705	epochs	3.0
1049.3759442915527	0.03642289999993409	epochs	2.0
1049.3759442915527	0.018249599999990096	epochs	3.0
1049.3941938915527	0.018173299999943993	epochs	3.0
1049.4123671915527	0.03612010000006194	epochs	2.0
1049.4123671915527	0.018097600000146485	epochs	3.0
1049.4304647915528	0.018022499999915453	epochs	3.0
1049.4484872915527	0.03582209999990482	epochs	2.0
1049.4484872915527	0.017947900000081063	epochs	3.0
1049.4664351915528	0.01787419999982376	epochs	3.0
1049.4843093915526	0.03552899999999681	epochs	2.0
1049.4843093915526	0.017800800000031813	epochs	3.0
1049.5021101915527	0.017728199999965	epochs	3.0
1049.5198383915526	0.03524070000003121	epochs	2.0
1049.5198383915526	0.017656100000067454	epochs	3.0
1049.5374944915527	0.017584599999963757	epochs	3.0
1049.5550790915527	0.03495710000015606	epochs	2.0
1049.5550790915527	0.017513700000108656	epochs	3.0
1049.5725927915528	0.017443400000047404	epochs	3.0
1049.5900361915528	0.034677899999906	epochs	2.0
1049.5900361915528	0.017373599999928047	epochs	3.0
1049.6074097915528	0.017304299999977957	epochs	3.0
1049.6247140915527	0.03440329999989444	epochs	2.0
1049.6247140915527	0.017235699999901044	epochs	3.0
1049.6419497915526	0.0171675999999934	epochs	3.0
1049.6591173915526	0.034132800000179486	epochs	2.0
1049.6591173915526	0.017099900000175694	epochs	3.0
1049.6762172915528	0.017032900000003792	epochs	3.0
1049.6932501915528	0.03386669999986225	epochs	2.0
1049.6932501915528	0.01696640000000116	epochs	3.0
1049.7102165915528	0.01690029999986109	epochs	3.0
1049.7271168915527	0.03360459999998966	epochs	2.0
1049.7271168915527	0.01683479999996962	epochs	3.0
1049.7439516915526	0.01676980000002004	epochs	3.0
1049.7607214915527	0.0333466000001863	epochs	2.0
1049.7607214915527	0.016705300000012357	epochs	3.0
1049.7774267915527	0.016641300000173942	epochs	3.0
1049.7940680915528	0.033092499999838765	epochs	2.0
1049.7940680915528	0.016577799999822673	epochs	3.0
1049.8106458915527	0.01651470000001609	epochs	3.0
1049.8271605915527	0.032842300000083924	epochs	2.0
1049.8271605915527	0.01645220000000336	epochs	3.0
1049.8436127915527	0.016390100000080565	epochs	3.0
1049.8600028915528	0.03259570000000167	epochs	2.0
1049.8600028915528	0.016328400000020338	epochs	3.0
1049.8763312915528	0.016267299999981333	epochs	3.0
1049.8925985915528	0.032352899999978035	epochs	2.0
1049.8925985915528	0.016206600000032267	epochs	3.0
1049.9088051915528	0.016146299999945768	epochs	3.0
1049.9249514915527	0.032113700000081735	epochs	2.0
1049.9249514915527	0.01608659999988049	epochs	3.0
1049.9410380915526	0.016027100000201244	epochs	3.0
1049.9570651915528	0.03187800000000607	epochs	2.0
1049.9570651915528	0.0159681999998611	epochs	3.0
1049.9730333915527	0.01590980000014497	epochs	3.0
1049.9889431915528	0.03164569999989908	epochs	2.0
1049.9889431915528	0.015851599999905375	epochs	3.0
1050.0047947915527	0.015794099999993705	epochs	3.0
1050.0205888915527	0.031416699999908815	epochs	2.0
1050.0205888915527	0.01573669999993399	epochs	3.0
1050.0363255915527	0.015679999999974825	epochs	3.0
1050.0520055915526	0.031191100000114602	epochs	2.0
1050.0520055915526	0.015623600000026272	epochs	3.0
1050.0676291915527	0.01556750000008833	epochs	3.0
1050.0831966915528	0.030968699999903038	epochs	2.0
1050.0831966915528	0.015511999999944237	epochs	3.0
1050.0987086915527	0.0154566999999588	epochs	3.0
1050.1141653915527	0.030749500000183616	epochs	2.0
1050.1141653915527	0.015401999999994587	epochs	3.0
1050.1295673915527	0.01534750000018903	epochs	3.0
1050.1449148915528	0.030533199999808858	epochs	2.0
1050.1449148915528	0.01529339999979129	epochs	3.0
1050.1602082915526	0.015239800000017567	epochs	3.0
1050.1754480915527	0.030320100000153616	epochs	2.0
1050.1754480915527	0.015186500000027081	epochs	3.0
1050.1906345915527	0.015133600000126535	epochs	3.0
1050.2057681915528	0.030109899999843037	epochs	2.0
1050.2057681915528	0.015081000000009226	epochs	3.0
1050.2208491915528	0.015028899999833811	epochs	3.0
1050.2358780915526	0.029902500000162036	epochs	2.0
1050.2358780915526	0.014977000000044427	epochs	3.0
1050.2508550915527	0.014925500000117609	epochs	3.0
1050.2657805915528	0.029698099999905025	epochs	2.0
1050.2657805915528	0.014874399999825982	epochs	3.0
1050.2806549915526	0.014823700000079043	epochs	3.0
1050.2954786915527	0.029496300000118936	epochs	2.0
1050.2954786915527	0.014773200000036013	epochs	3.0
1050.3102518915528	0.014723100000082923	epochs	3.0
1050.3249749915528	0.029297399999904883	epochs	2.0
1050.3249749915528	0.014673399999992398	epochs	3.0
1050.3396483915528	0.014623999999912485	epochs	3.0
1050.3542723915527	0.029101099999934377	epochs	2.0
1050.3542723915527	0.014574900000070556	epochs	3.0
1050.3688472915528	0.01452619999986382	epochs	3.0
1050.3833734915527	0.028907399999980044	epochs	2.0
1050.3833734915527	0.014477700000043114	epochs	3.0
1050.3978511915527	0.014429699999936929	epochs	3.0
1050.4122808915527	0.02871620000018993	epochs	2.0
1050.4122808915527	0.014381800000137446	epochs	3.0
1050.4266626915528	0.014334400000052483	epochs	3.0
1050.4409970915528	0.02852759999996124	epochs	2.0
1050.4409970915528	0.014287199999898803	epochs	3.0
1050.4552842915527	0.014240400000062436	epochs	3.0
1050.4695246915528	0.02834139999981744	epochs	2.0
1050.4695246915528	0.014193799999929979	epochs	3.0
1050.4837184915527	0.014147599999887461	epochs	3.0
1050.4978660915526	0.028157700000065233	epochs	2.0
1050.4978660915526	0.014101700000082928	epochs	3.0
1050.5119677915527	0.014055999999982305	epochs	3.0
1050.5260237915527	0.027976300000091214	epochs	2.0
1050.5260237915527	0.014010600000119666	epochs	3.0
1050.5400343915528	0.013965699999971548	epochs	3.0
1050.5540000915528	0.027797199999895383	epochs	2.0
1050.5540000915528	0.013920800000050804	epochs	3.0
1050.5679208915528	0.01387639999984458	epochs	3.0
1050.5817972915527	0.02762040000015986	epochs	2.0
1050.5817972915527	0.013832200000024386	epochs	3.0
1050.5956294915527	0.013788200000135475	epochs	3.0
1050.6094176915528	0.027445899999975154	epochs	2.0
1050.6094176915528	0.013744599999881757	epochs	3.0
1050.6231622915527	0.013701300000093397	epochs	3.0
1050.6368635915528	0.027273499999864725	epochs	2.0
1050.6368635915528	0.013658200000008947	epochs	3.0
1050.6505217915528	0.013615299999855779	epochs	3.0
1050.6641370915527	0.027103399999987232	epochs	2.0
1050.6641370915527	0.013572800000019924	epochs	3.0
1050.6777098915527	0.013530599999967308	epochs	3.0
1050.6912404915527	0.02693520000002536	epochs	2.0
1050.6912404915527	0.013488400000142065	epochs	3.0
1050.7047288915528	0.013446799999883297	epochs	3.0
1050.7181756915527	0.026769199999989723	epochs	2.0
1050.7181756915527	0.013405200000079276	epochs	3.0
1050.7315808915528	0.013363999999910448	epochs	3.0
1050.7449448915527	0.026605199999949036	epochs	2.0
1050.7449448915527	0.013322900000048321	epochs	3.0
1050.7582677915527	0.013282299999900715	epochs	3.0
1050.7715500915526	0.026443200000130673	epochs	2.0
1050.7715500915526	0.013241700000207857	epochs	3.0
1050.7847917915528	0.013201499999922817	epochs	3.0
1050.7979932915528	0.026283200000079887	epochs	2.0
1050.7979932915528	0.013161500000023807	epochs	3.0
1050.8111547915528	0.01312170000005608	epochs	3.0
1050.8242764915528	0.026124999999865395	epochs	2.0
1050.8242764915528	0.013082099999792263	epochs	3.0
1050.8373585915526	0.013042900000073132	epochs	3.0
1050.8504014915527	0.025968899999952555	epochs	2.0
1050.8504014915527	0.01300390000005791	epochs	3.0
1050.8634053915528	0.012964999999894644	epochs	3.0
1050.8763703915527	0.025814500000024054	epochs	2.0
1050.8763703915527	0.012926399999969362	epochs	3.0
1050.8892967915526	0.012888100000054692	epochs	3.0
1050.9021848915527	0.02566190000015922	epochs	2.0
1050.9021848915527	0.012849899999991976	epochs	3.0
1050.9150347915527	0.012812000000167245	epochs	3.0
1050.9278467915528	0.025511199999982637	epochs	2.0
1050.9278467915528	0.012774399999898378	epochs	3.0
1050.9406211915527	0.012736800000084258	epochs	3.0
1050.9533579915528	0.02536229999986972	epochs	2.0
1050.9533579915528	0.01269969999998466	epochs	3.0
1050.9660576915528	0.01266259999988506	epochs	3.0
1050.9787202915527	0.02521500000011656	epochs	2.0
1050.9787202915527	0.012625800000023446	epochs	3.0
1050.9913460915527	0.012589200000093115	epochs	3.0
1051.0039352915528	0.024584799999956886	epochs	2.0
1051.0280740915528	0.5	epochs	-1.0
1051.0285200915528	0.5100800000000163	epochs	1.0
1051.5386000915528	0.4898399999999583	epochs	0.0
1053.0570001602173	0.04952000000002954	epochs	0.0
1053.0570001602173	0.019763400000101683	epochs	1.0
1053.0767635602174	0.009993199999826174	epochs	1.0
1053.0867567602172	0.019763400000101683	epochs	1.0
1053.1065201602173	2.0	epochs	0.0
1055.1065201602173	0.5099199999999655	epochs	0.0
1055.1065201602173	0.5099199999999655	epochs	1.0
1055.1065541602172	0.5	epochs	-1.0
1055.6065541602172	0.009886000000051354	epochs	-1.0
1055.6164401602173	21.49000000000001	epochs	0.0
1056.9400000572205	0.04952000000002954	epochs	0.0
1056.9400000572205	0.019763400000101683	epochs	1.0
1056.9597634572206	0.009993199999826174	epochs	1.0
1056.9697566572204	0.019763400000101683	epochs	1.0
1056.9895200572205	2.0	epochs	0.0
1058.9895200572205	0.5090399999999136	epochs	0.0
1058.9895200572205	0.5090399999999136	epochs	1.0
1058.9895540572204	0.5	epochs	-1.0
1059.4895540572204	0.009005999999999403	epochs	-1.0
1059.4985600572204	21.49088000000006	epochs	0.0
1060.7850003242493	0.04952000000002954	epochs	0.0
1060.7850003242493	0.019763400000101683	epochs	1.0
1060.8047637242494	0.009993199999826174	epochs	1.0
1060.8147569242492	0.019763400000101683	epochs	1.0
1060.8345203242493	2.0	epochs	0.0
1062.8345203242493	0.5102400000000671	epochs	0.0
1062.8345203242493	0.5102400000000671	epochs	1.0
1062.8345543242492	0.5	epochs	-1.0
1063.3345543242492	0.010206000000152926	epochs	-1.0
1063.3447603242494	21.489679999999908	epochs	0.0
1064.6849999427795	0.04952000000002954	epochs	0.0
1064.6849999427795	0.019763400000101683	epochs	1.0
1064.7047633427796	0.009993199999826174	epochs	1.0
1064.7147565427795	0.019763400000101683	epochs	1.0
1064.7345199427796	2.0	epochs	0.0
1066.7345199427796	0.5106399999999667	epochs	0.0
1066.7345199427796	0.5106399999999667	epochs	1.0
1066.7345539427795	0.5	epochs	-1.0
1067.2345539427795	0.010606000000052518	epochs	-1.0
1067.2451599427795	21.489280000000008	epochs	0.0
1068.835000038147	0.04952000000002954	epochs	0.0
1068.835000038147	0.019763400000101683	epochs	1.0
1068.854763438147	0.009993199999826174	epochs	1.0
1068.864756638147	0.019763400000101683	epochs	1.0
1068.884520038147	2.0	epochs	0.0
1070.884520038147	0.5106399999999667	epochs	0.0
1070.884520038147	0.5106399999999667	epochs	1.0
1070.884554038147	0.5	epochs	-1.0
1071.384554038147	0.010606000000052518	epochs	-1.0
1071.395160038147	21.489280000000008	epochs	0.0
1072.7969999313354	0.04952000000002954	epochs	0.0
1072.7969999313354	0.019763400000101683	epochs	1.0
1072.8167633313356	0.009993199999826174	epochs	1.0
1072.8267565313354	0.019763400000101683	epochs	1.0
1072.8465199313355	2.0	epochs	0.0
1074.8465199313355	0.5099199999999655	epochs	0.0
1074.8465199313355	0.5099199999999655	epochs	1.0
1074.8465539313354	0.5	epochs	-1.0
1075.3465539313354	0.009886000000051354	epochs	-1.0
1075.3564399313354	21.49000000000001	epochs	0.0
1076.8309998512268	0.04952000000002954	epochs	0.0
1076.8309998512268	0.019763400000101683	epochs	1.0
1076.850763251227	0.009993199999826174	epochs	1.0
1076.8607564512267	0.019763400000101683	epochs	1.0
1076.8805198512268	2.0	epochs	0.0
1078.8805198512268	21.999919999999975	epochs	0.0
1078.8805198512268	1.0	epochs	1.0
1078.8805538512268	0.5	epochs	-1.0
1079.3805538512268	19.999520000000075	epochs	-1.0
1079.8805198512268	20.0	epochs	1.0
1079.8805198512268	4.356753900000058	epochs	-1.0
1079.8805198512268	1.9745871999998599	epochs	2.0
1079.8805198512268	1.0985622000000603	epochs	3.0
1080.979082051227	0.8760249999997995	epochs	3.0
1081.8551070512267	1.3524075000000266	epochs	2.0
1081.8551070512267	0.7286355000001095	epochs	3.0
1082.5837425512268	0.6237719999999172	epochs	3.0
1083.2075145512267	1.0297592000001714	epochs	2.0
1083.2075145512267	0.5453293000000485	epochs	3.0
1083.7528438512268	0.48442990000012287	epochs	3.0
1084.237273751227	0.8317861999998968	epochs	2.0
1084.237273751227	0.4357762999998158	epochs	3.0
1084.6730500512267	0.39600990000008096	epochs	3.0
1085.0690599512268	0.6977970000000369	epochs	2.0
1085.0690599512268	0.3628982000000178	epochs	3.0
1085.4319581512268	0.33489880000001904	epochs	3.0
1085.7668569512268	0.601045699999986	epochs	2.0
1085.7668569512268	0.3109122999999272	epochs	3.0
1086.0777692512268	0.2901334000000588	epochs	3.0
1086.3679026512268	0.5278859000000011	epochs	2.0
1086.3679026512268	0.2719586000000618	epochs	3.0
1086.6398612512269	0.25592729999993935	epochs	3.0
1086.8957885512268	0.470619299999953	epochs	2.0
1086.8957885512268	0.241681299999982	epochs	3.0
1087.1374698512268	0.228937999999971	epochs	3.0
1087.3664078512268	0.42457039999999324	epochs	2.0
1087.3664078512268	0.21747140000002219	epochs	3.0
1087.5838792512268	0.20709899999997106	epochs	3.0
1087.7909782512268	0.3867354000001342	epochs	2.0
1087.7909782512268	0.19767109999997956	epochs	3.0
1087.9886493512267	0.18906430000015462	epochs	3.0
1088.177713651227	0.35509529999990264	epochs	2.0
1088.177713651227	0.18117589999997108	epochs	3.0
1088.3588895512269	0.17391939999993156	epochs	3.0
1088.5328089512268	0.3282431000000088	epochs	2.0
1088.5328089512268	0.16722189999995862	epochs	3.0
1088.7000308512268	0.16102120000005016	epochs	3.0
1088.8610520512268	0.30516800000009425	epochs	2.0
1088.8610520512268	0.15526389999990897	epochs	3.0
1089.0163159512267	0.14990410000018528	epochs	3.0
1089.166220051227	0.28512529999989056	epochs	2.0
1089.166220051227	0.14490209999985382	epochs	3.0
1089.3111221512268	0.14022320000003674	epochs	3.0
1089.4513453512268	0.267553800000087	epochs	2.0
1089.4513453512268	0.1358368999999584	epochs	3.0
1089.5871822512267	0.1317169000001286	epochs	3.0
1089.7188991512269	0.252022899999929	epochs	2.0
1089.7188991512269	0.1278393000000051	epochs	3.0
1089.8467384512269	0.1241835999999239	epochs	3.0
1089.9709220512268	0.23819649999995818	epochs	2.0
1089.9709220512268	0.12073110000005727	epochs	3.0
1090.0916531512269	0.11746539999990091	epochs	3.0
1090.2091185512268	0.2258088000000953	epochs	2.0
1090.2091185512268	0.11437190000015107	epochs	3.0
1090.323490451227	0.11143689999994422	epochs	3.0
1090.4349273512269	0.21464599999990241	epochs	2.0
1090.4349273512269	0.10864889999993466	epochs	3.0
1090.5435762512268	0.10599709999996776	epochs	3.0
1090.6495733512268	0.20453500000007807	epochs	2.0
1090.6495733512268	0.10347150000006877	epochs	3.0
1090.7530448512268	0.1010635000000093	epochs	3.0
1090.8541083512268	0.19533400000000256	epochs	2.0
1090.8541083512268	0.09876510000003691	epochs	3.0
1090.9528734512269	0.09656889999996565	epochs	3.0
1091.0494423512268	0.18692529999998442	epochs	2.0
1091.0494423512268	0.09446830000001682	epochs	3.0
1091.1439106512269	0.09245699999996759	epochs	3.0
1091.2363676512268	0.17921069999988504	epochs	2.0
1091.2363676512268	0.0905296000000817	epochs	3.0
1091.326897251227	0.08868109999980334	epochs	3.0
1091.4155783512267	0.17210770000019693	epochs	2.0
1091.4155783512267	0.08690630000000965	epochs	3.0
1091.5024846512267	0.08520140000018728	epochs	3.0
1091.587686051227	0.1655463999998119	epochs	2.0
1091.587686051227	0.08356189999994967	epochs	3.0
1091.6712479512269	0.08198449999986224	epochs	3.0
1091.7532324512267	0.15946710000002895	epochs	2.0
1091.7532324512267	0.08046540000009372	epochs	3.0
1091.8336978512268	0.07900169999993523	epochs	3.0
1091.9126995512268	0.15381840000009106	epochs	2.0
1091.9126995512268	0.07759009999995214	epochs	3.0
1091.9902896512267	0.07622830000013892	epochs	3.0
1092.0665179512268	0.14855639999996129	epochs	2.0
1092.0665179512268	0.07491329999993468	epochs	3.0
1092.1414312512268	0.0736431000000266	epochs	3.0
1092.2150743512268	0.14364240000008976	epochs	2.0
1092.2150743512268	0.07241500000009182	epochs	3.0
1092.287489351227	0.07122739999999794	epochs	3.0
1092.358716751227	0.13904309999998077	epochs	2.0
1092.358716751227	0.07007799999996678	epochs	3.0
1092.4287947512269	0.06896510000001399	epochs	3.0
1092.4977598512269	0.13472929999988992	epochs	2.0
1092.4977598512269	0.0678871000000072	epochs	3.0
1092.5656469512269	0.06684219999988272	epochs	3.0
1092.6324891512268	0.1306752000000415	epochs	2.0
1092.6324891512268	0.06582909999997355	epochs	3.0
1092.6983182512267	0.06484610000006796	epochs	3.0
1092.7631643512268	0.1268577999999252	epochs	2.0
1092.7631643512268	0.06389199999989614	epochs	3.0
1092.8270563512267	0.06296580000002905	epochs	3.0
1092.8900221512267	0.12325720000012552	epochs	2.0
1092.8900221512267	0.06206580000002759	epochs	3.0
1092.9520879512268	0.06119140000009793	epochs	3.0
1093.0132793512269	0.11985540000000583	epochs	2.0
1093.0132793512269	0.060341099999959624	epochs	3.0
1093.0736204512268	0.059514300000046205	epochs	3.0
1093.1331347512269	0.1166361999999026	epochs	2.0
1093.1331347512269	0.058709599999929196	epochs	3.0
1093.1918443512268	0.057926599999973405	epochs	3.0
1093.2497709512268	0.11358560000007856	epochs	2.0
1093.2497709512268	0.05716419999998834	epochs	3.0
1093.3069351512268	0.056421400000090216	epochs	3.0
1093.3633565512268	0.11069049999991876	epochs	2.0
1093.3633565512268	0.055697900000041045	epochs	3.0
1093.4190544512269	0.05499259999987771	epochs	3.0
1093.4740470512268	0.1079391000000669	epochs	2.0
1093.4740470512268	0.05430490000003374	epochs	3.0
1093.5283519512268	0.05363420000003316	epochs	3.0
1093.5819861512268	0.10532149999994544	epochs	2.0
1093.5819861512268	0.05297999999993408	epochs	3.0
1093.6349661512268	0.052341500000011365	epochs	3.0
1093.6873076512268	0.10282759999995505	epochs	2.0
1093.6873076512268	0.05171810000001642	epochs	3.0
1093.7390257512268	0.051109499999938635	epochs	3.0
1093.7901352512267	0.10044910000010532	epochs	2.0
1093.7901352512267	0.050514900000052876	epochs	3.0
1093.8406501512268	0.04993420000005244	epochs	3.0
1093.8905843512268	0.0981782999999723	epochs	2.0
1093.8905843512268	0.04936659999998483	epochs	3.0
1093.9399509512268	0.04881169999998747	epochs	3.0
1093.9887626512268	0.09600780000005216	epochs	2.0
1093.9887626512268	0.04826920000004975	epochs	3.0
1094.0370318512269	0.04773860000000241	epochs	3.0
1094.0847704512269	0.09393120000004274	epochs	2.0
1094.0847704512269	0.04721949999998287	epochs	3.0
1094.1319899512268	0.046711700000059864	epochs	3.0
1094.178701651227	0.09194259999981114	epochs	2.0
1094.178701651227	0.046214599999984785	epochs	3.0
1094.224916251227	0.04572799999982635	epochs	3.0
1094.2706442512267	0.09003630000006524	epochs	2.0
1094.2706442512267	0.04525150000017675	epochs	3.0
1094.315895751227	0.04478479999988849	epochs	3.0
1094.3606805512268	0.08820760000003247	epochs	2.0
1094.3606805512268	0.044327800000019124	epochs	3.0
1094.4050083512268	0.04387980000001335	epochs	3.0
1094.4488881512268	0.0864516999999978	epochs	2.0
1094.4488881512268	0.04344100000002982	epochs	3.0
1094.4923291512268	0.04301069999996798	epochs	3.0
1094.5353398512268	0.08476429999996071	epochs	2.0
1094.5353398512268	0.04258899999990717	epochs	3.0
1094.5779288512267	0.04217530000005354	epochs	3.0
1094.6201041512268	0.08314150000001064	epochs	2.0
1094.6201041512268	0.04176970000003166	epochs	3.0
1094.6618738512268	0.041371799999978975	epochs	3.0
1094.7032456512268	0.08157970000002024	epochs	2.0
1094.7032456512268	0.040981399999964196	epochs	3.0
1094.7442270512267	0.04059830000005604	epochs	3.0
1094.7848253512268	0.08007550000002084	epochs	2.0
1094.7848253512268	0.040222300000095856	epochs	3.0
1094.825047651227	0.03985319999992498	epochs	3.0
1094.8649008512268	0.07862569999997504	epochs	2.0
1094.8649008512268	0.039490800000066884	epochs	3.0
1094.904391651227	0.03913489999990816	epochs	3.0
1094.9435265512268	0.07722760000001472	epochs	2.0
1094.9435265512268	0.038785400000051595	epochs	3.0
1094.9823119512268	0.03844219999996312	epochs	3.0
1095.0207541512268	0.07587820000003376	epochs	2.0
1095.0207541512268	0.03810479999992822	epochs	3.0
1095.0588589512267	0.03777340000010554	epochs	3.0
1095.0966323512268	0.0745752000000266	epochs	2.0
1095.0966323512268	0.03744770000002973	epochs	3.0
1095.1340800512269	0.03712749999999687	epochs	3.0
1095.1712075512269	0.07331629999998768	epochs	2.0
1095.1712075512269	0.03681289999985893	epochs	3.0
1095.2080204512267	0.03650340000012875	epochs	3.0
1095.2445238512269	0.07209899999998015	epochs	2.0
1095.2445238512269	0.03619909999997617	epochs	3.0
1095.2807229512268	0.03589990000000398	epochs	3.0
1095.3166228512268	0.07092169999987163	epochs	2.0
1095.3166228512268	0.03560560000005353	epochs	3.0
1095.352228451227	0.03531609999981811	epochs	3.0
1095.3875445512267	0.06978200000003199	epochs	2.0
1095.3875445512267	0.03503120000004856	epochs	3.0
1095.4225757512268	0.03475079999998343	epochs	3.0
1095.4573265512267	0.06867860000011206	epochs	2.0
1095.4573265512267	0.03447510000000875	epochs	3.0
1095.4918016512268	0.034203500000103304	epochs	3.0
1095.5260051512269	0.06760929999995824	epochs	2.0
1095.5260051512269	0.033936199999970995	epochs	3.0
1095.5599413512268	0.033673099999987244	epochs	3.0
1095.5936144512268	0.06657289999998284	epochs	2.0
1095.5936144512268	0.03341399999999339	epochs	3.0
1095.6270284512268	0.033158899999989444	epochs	3.0
1095.6601873512268	0.06556780000005347	epochs	2.0
1095.6601873512268	0.03290770000012344	epochs	3.0
1095.693095051227	0.032660099999930026	epochs	3.0
1095.7257551512268	0.06459259999996902	epochs	2.0
1095.7257551512268	0.03241639999987456	epochs	3.0
1095.7581715512267	0.03217620000009447	epochs	3.0
1095.7903477512268	0.06364600000006249	epochs	2.0
1095.7903477512268	0.03193959999998697	epochs	3.0
1095.8222873512268	0.03170640000007552	epochs	3.0
1095.8539937512269	0.0627266999999847	epochs	2.0
1095.8539937512269	0.031476599999905375	epochs	3.0
1095.8854703512268	0.03125010000007933	epochs	3.0
1095.9167204512269	0.06183359999999993	epochs	2.0
1095.9167204512269	0.03102689999991526	epochs	3.0
1095.9477473512268	0.030806700000084675	epochs	3.0
1095.9785540512269	0.060965599999917686	epochs	2.0
1095.9785540512269	0.030589799999916067	epochs	3.0
1096.0091438512268	0.030375800000001618	epochs	3.0
1096.0395196512268	0.06012160000000222	epochs	2.0
1096.0395196512268	0.030164900000045236	epochs	3.0
1096.0696845512268	0.02995669999995698	epochs	3.0
1096.0996412512268	0.05930069999999432	epochs	2.0
1096.0996412512268	0.029751600000054168	epochs	3.0
1096.1293928512268	0.029549099999940154	epochs	3.0
1096.1589419512268	0.05850179999993088	epochs	2.0
1096.1589419512268	0.02934940000000097	epochs	3.0
1096.1882913512268	0.029152399999929912	epochs	3.0
1096.2174437512267	0.05772420000016609	epochs	2.0
1096.2174437512267	0.028958000000102402	epochs	3.0
1096.2464017512268	0.02876620000006369	epochs	3.0
1096.2751679512269	0.056967099999837956	epochs	2.0
1096.2751679512269	0.028577000000041153	epochs	3.0
1096.303744951227	0.028390099999796803	epochs	3.0
1096.3321350512267	0.05622950000019955	epochs	2.0
1096.3321350512267	0.02820570000017142	epochs	3.0
1096.3603407512269	0.028023800000028132	epochs	3.0
1096.388364551227	0.055510699999786084	epochs	2.0
1096.388364551227	0.027843999999959124	epochs	3.0
1096.4162085512269	0.02766669999982696	epochs	3.0
1096.4438752512267	0.054810200000019904	epochs	2.0
1096.4438752512267	0.02749149999999645	epochs	3.0
1096.4713667512267	0.027318700000023455	epochs	3.0
1096.4986854512267	0.05412700000010773	epochs	2.0
1096.4986854512267	0.027147800000193456	epochs	3.0
1096.525833251227	0.026979199999914272	epochs	3.0
1096.5528124512268	0.053460699999959616	epochs	2.0
1096.5528124512268	0.026812600000084785	epochs	3.0
1096.579625051227	0.02664809999987483	epochs	3.0
1096.6062731512268	0.05281070000000909	epochs	2.0
1096.6062731512268	0.026485600000114573	epochs	3.0
1096.632758751227	0.02632509999989452	epochs	3.0
1096.6590838512268	0.05217620000007628	epochs	2.0
1096.6590838512268	0.026166399999965506	epochs	3.0
1096.6852502512268	0.026009800000110772	epochs	3.0
1096.7112600512269	0.051556699999991906	epochs	2.0
1096.7112600512269	0.025854799999933675	epochs	3.0
1096.7371148512268	0.02570190000005823	epochs	3.0
1096.7628167512269	0.05095189999997274	epochs	2.0
1096.7628167512269	0.025550699999939752	epochs	3.0
1096.7883674512268	0.025401200000032986	epochs	3.0
1096.8137686512268	0.05036100000006627	epochs	2.0
1096.8137686512268	0.025253499999962514	epochs	3.0
1096.8390221512268	0.025107500000103755	epochs	3.0
1096.864129651227	0.04978379999988647	epochs	2.0
1096.864129651227	0.02496320000000196	epochs	3.0
1096.889092851227	0.024820599999884507	epochs	3.0
1096.9139134512268	0.04921949999993558	epochs	2.0
1096.9139134512268	0.024679399999968155	epochs	3.0
1096.9385928512268	0.024540099999967424	epochs	3.0
1096.9631329512267	0.04866790000005494	epochs	2.0
1096.9631329512267	0.024402100000088467	epochs	3.0
1096.9875350512268	0.024265799999966475	epochs	3.0
1097.0118008512268	0.048128599999927246	epochs	2.0
1097.0118008512268	0.024131000000124914	epochs	3.0
1097.035931851227	0.023997599999802333	epochs	3.0
1097.0599294512267	0.047601100000065344	epochs	2.0
1097.0599294512267	0.023865800000066884	epochs	3.0
1097.0837952512268	0.02373529999999846	epochs	3.0
1097.1075305512268	0.04708499999992455	epochs	2.0
1097.1075305512268	0.023606299999983094	epochs	3.0
1097.1311368512268	0.023478699999941455	epochs	3.0
1097.1546155512267	0.04658000000017637	epochs	2.0
1097.1546155512267	0.023352500000100918	epochs	3.0
1097.1779680512268	0.02322750000007545	epochs	3.0
1097.2011955512269	0.04608569999982137	epochs	2.0
1097.2011955512269	0.02310399999987567	epochs	3.0
1097.2242995512267	0.022981699999945704	epochs	3.0
1097.2472812512267	0.04560180000021319	epochs	2.0
1097.2472812512267	0.022860700000137513	epochs	3.0
1097.2701419512268	0.022741100000075676	epochs	3.0
1097.292883051227	0.045127899999897636	epochs	2.0
1097.292883051227	0.022622499999897627	epochs	3.0
1097.3155055512268	0.02250540000000001	epochs	3.0
1097.3380109512268	0.0446638000000803	epochs	2.0
1097.3380109512268	0.02238929999998618	epochs	3.0
1097.3604002512268	0.022274500000094122	epochs	3.0
1097.382674751227	0.044209199999841076	epochs	2.0
1097.382674751227	0.022160799999937808	epochs	3.0
1097.4048355512268	0.022048399999903268	epochs	3.0
1097.4268839512267	0.04376360000014756	epochs	2.0
1097.4268839512267	0.021936900000127935	epochs	3.0
1097.4488208512269	0.021826700000019628	epochs	3.0
1097.4706475512269	0.04332709999994222	epochs	2.0
1097.4706475512269	0.021717599999874437	epochs	3.0
1097.4923651512267	0.021609500000067783	epochs	3.0
1097.5139746512268	0.04289900000003399	epochs	2.0
1097.5139746512268	0.02150249999999687	epochs	3.0
1097.5354771512268	0.021396500000037122	epochs	3.0
1097.5568736512269	0.04247949999989942	epochs	2.0
1097.5568736512269	0.021291699999892444	epochs	3.0
1097.5781653512267	0.021187800000006973	epochs	3.0
1097.5993531512268	0.04206790000012006	epochs	2.0
1097.5993531512268	0.02108490000000529	epochs	3.0
1097.6204380512268	0.02098300000011477	epochs	3.0
1097.6414210512269	0.04166439999994509	epochs	2.0
1097.6414210512269	0.020882199999959994	epochs	3.0
1097.6623032512268	0.020782199999985096	epochs	3.0
1097.6830854512268	0.041268499999887354	epochs	2.0
1097.6830854512268	0.020683299999973315	epochs	3.0
1097.7037687512268	0.02058519999991404	epochs	3.0
1097.7243539512267	0.04088000000001557	epochs	2.0
1097.7243539512267	0.0204881000001933	epochs	3.0
1097.744842051227	0.02039189999982227	epochs	3.0
1097.7652339512267	0.04049880000002304	epochs	2.0
1097.7652339512267	0.0202966000001652	epochs	3.0
1097.7855305512269	0.02020219999985784	epochs	3.0
1097.8057327512267	0.04012460000012652	epochs	2.0
1097.8057327512267	0.02010870000003706	epochs	3.0
1097.8258414512268	0.02001590000008946	epochs	3.0
1097.8458573512269	0.03975730000001931	epochs	2.0
1097.8458573512269	0.0199241999998776	epochs	3.0
1097.8657815512267	0.019833100000141712	epochs	3.0
1097.885614651227	0.03939669999999751	epochs	2.0
1097.885614651227	0.019742999999834865	epochs	3.0
1097.9053576512267	0.019653700000162644	epochs	3.0
1097.9250113512269	0.03904239999997117	epochs	2.0
1097.9250113512269	0.019565099999908853	epochs	3.0
1097.9445764512268	0.019477300000062314	epochs	3.0
1097.9640537512269	0.03869459999987157	epochs	2.0
1097.9640537512269	0.019390400000020236	epochs	3.0
1097.9834441512269	0.019304199999851335	epochs	3.0
1098.0027483512267	0.03835290000006353	epochs	2.0
1098.0027483512267	0.019218800000089686	epochs	3.0
1098.0219671512268	0.01913409999997384	epochs	3.0
1098.0411012512268	0.03801720000001296	epochs	2.0
1098.0411012512268	0.019050200000037876	epochs	3.0
1098.0601514512268	0.018966999999975087	epochs	3.0
1098.0791184512268	0.03768719999993664	epochs	2.0
1098.0791184512268	0.01888450000001285	epochs	3.0
1098.0980029512268	0.01880269999992379	epochs	3.0
1098.1168056512267	0.03736309999999321	epochs	2.0
1098.1168056512267	0.018721700000014607	epochs	3.0
1098.1355273512268	0.018641399999978603	epochs	3.0
1098.1541687512267	0.037044300000161456	epochs	2.0
1098.1541687512267	0.018561600000111866	epochs	3.0
1098.1727303512268	0.01848270000004959	epochs	3.0
1098.191213051227	0.03673099999991791	epochs	2.0
1098.191213051227	0.018404299999929208	epochs	3.0
1098.2096173512268	0.018326699999988705	epochs	3.0
1098.2279440512268	0.03642289999993409	epochs	2.0
1098.2279440512268	0.018249599999990096	epochs	3.0
1098.2461936512268	0.018173299999943993	epochs	3.0
1098.2643669512267	0.03612010000006194	epochs	2.0
1098.2643669512267	0.018097600000146485	epochs	3.0
1098.282464551227	0.018022499999915453	epochs	3.0
1098.3004870512268	0.03582209999990482	epochs	2.0
1098.3004870512268	0.017947900000081063	epochs	3.0
1098.318434951227	0.01787419999982376	epochs	3.0
1098.3363091512267	0.03552899999999681	epochs	2.0
1098.3363091512267	0.017800800000031813	epochs	3.0
1098.3541099512267	0.017728199999965	epochs	3.0
1098.3718381512267	0.03524070000003121	epochs	2.0
1098.3718381512267	0.017656100000067454	epochs	3.0
1098.3894942512268	0.017584599999963757	epochs	3.0
1098.4070788512267	0.03495710000015606	epochs	2.0
1098.4070788512267	0.017513700000108656	epochs	3.0
1098.4245925512269	0.017443400000047404	epochs	3.0
1098.442035951227	0.034677899999906	epochs	2.0
1098.442035951227	0.017373599999928047	epochs	3.0
1098.4594095512268	0.017304299999977957	epochs	3.0
1098.4767138512268	0.03440329999989444	epochs	2.0
1098.4767138512268	0.017235699999901044	epochs	3.0
1098.4939495512267	0.0171675999999934	epochs	3.0
1098.5111171512267	0.034132800000179486	epochs	2.0
1098.5111171512267	0.017099900000175694	epochs	3.0
1098.5282170512269	0.017032900000003792	epochs	3.0
1098.5452499512269	0.03386669999986225	epochs	2.0
1098.5452499512269	0.01696640000000116	epochs	3.0
1098.5622163512269	0.01690029999986109	epochs	3.0
1098.5791166512267	0.03360459999998966	epochs	2.0
1098.5791166512267	0.01683479999996962	epochs	3.0
1098.5959514512267	0.01676980000002004	epochs	3.0
1098.6127212512267	0.0333466000001863	epochs	2.0
1098.6127212512267	0.016705300000012357	epochs	3.0
1098.6294265512267	0.016641300000173942	epochs	3.0
1098.646067851227	0.033092499999838765	epochs	2.0
1098.646067851227	0.016577799999822673	epochs	3.0
1098.6626456512267	0.01651470000001609	epochs	3.0
1098.6791603512268	0.032842300000083924	epochs	2.0
1098.6791603512268	0.01645220000000336	epochs	3.0
1098.6956125512268	0.016390100000080565	epochs	3.0
1098.7120026512268	0.03259570000000167	epochs	2.0
1098.7120026512268	0.016328400000020338	epochs	3.0
1098.7283310512269	0.016267299999981333	epochs	3.0
1098.7445983512268	0.032352899999978035	epochs	2.0
1098.7445983512268	0.016206600000032267	epochs	3.0
1098.7608049512269	0.016146299999945768	epochs	3.0
1098.7769512512268	0.032113700000081735	epochs	2.0
1098.7769512512268	0.01608659999988049	epochs	3.0
1098.7930378512267	0.016027100000201244	epochs	3.0
1098.809064951227	0.03187800000000607	epochs	2.0
1098.809064951227	0.0159681999998611	epochs	3.0
1098.8250331512268	0.01590980000014497	epochs	3.0
1098.840942951227	0.03164569999989908	epochs	2.0
1098.840942951227	0.015851599999905375	epochs	3.0
1098.8567945512268	0.015794099999993705	epochs	3.0
1098.8725886512268	0.031416699999908815	epochs	2.0
1098.8725886512268	0.01573669999993399	epochs	3.0
1098.8883253512267	0.015679999999974825	epochs	3.0
1098.9040053512267	0.031191100000114602	epochs	2.0
1098.9040053512267	0.015623600000026272	epochs	3.0
1098.9196289512267	0.01556750000008833	epochs	3.0
1098.9351964512268	0.030968699999903038	epochs	2.0
1098.9351964512268	0.015511999999944237	epochs	3.0
1098.9507084512268	0.0154566999999588	epochs	3.0
1098.9661651512267	0.030749500000183616	epochs	2.0
1098.9661651512267	0.015401999999994587	epochs	3.0
1098.9815671512267	0.01534750000018903	epochs	3.0
1098.996914651227	0.030533199999808858	epochs	2.0
1098.996914651227	0.01529339999979129	epochs	3.0
1099.0122080512267	0.015239800000017567	epochs	3.0
1099.0274478512267	0.030320100000153616	epochs	2.0
1099.0274478512267	0.015186500000027081	epochs	3.0
1099.0426343512268	0.015133600000126535	epochs	3.0
1099.0577679512269	0.030109899999843037	epochs	2.0
1099.0577679512269	0.015081000000009226	epochs	3.0
1099.072848951227	0.015028899999833811	epochs	3.0
1099.0878778512267	0.029902500000162036	epochs	2.0
1099.0878778512267	0.014977000000044427	epochs	3.0
1099.1028548512268	0.014925500000117609	epochs	3.0
1099.1177803512269	0.029698099999905025	epochs	2.0
1099.1177803512269	0.014874399999825982	epochs	3.0
1099.1326547512267	0.014823700000079043	epochs	3.0
1099.1474784512268	0.029496300000118936	epochs	2.0
1099.1474784512268	0.014773200000036013	epochs	3.0
1099.1622516512268	0.014723100000082923	epochs	3.0
1099.176974751227	0.029297399999904883	epochs	2.0
1099.176974751227	0.014673399999992398	epochs	3.0
1099.191648151227	0.014623999999912485	epochs	3.0
1099.2062721512268	0.029101099999934377	epochs	2.0
1099.2062721512268	0.014574900000070556	epochs	3.0
1099.2208470512269	0.01452619999986382	epochs	3.0
1099.2353732512267	0.028907399999980044	epochs	2.0
1099.2353732512267	0.014477700000043114	epochs	3.0
1099.2498509512268	0.014429699999936929	epochs	3.0
1099.2642806512267	0.02871620000018993	epochs	2.0
1099.2642806512267	0.014381800000137446	epochs	3.0
1099.2786624512269	0.014334400000052483	epochs	3.0
1099.292996851227	0.02852759999996124	epochs	2.0
1099.292996851227	0.014287199999898803	epochs	3.0
1099.3072840512268	0.014240400000062436	epochs	3.0
1099.3215244512269	0.02834139999981744	epochs	2.0
1099.3215244512269	0.014193799999929979	epochs	3.0
1099.3357182512268	0.014147599999887461	epochs	3.0
1099.3498658512267	0.028157700000065233	epochs	2.0
1099.3498658512267	0.014101700000082928	epochs	3.0
1099.3639675512268	0.014055999999982305	epochs	3.0
1099.3780235512268	0.027976300000091214	epochs	2.0
1099.3780235512268	0.014010600000119666	epochs	3.0
1099.3920341512269	0.013965699999971548	epochs	3.0
1099.4059998512269	0.027797199999895383	epochs	2.0
1099.4059998512269	0.013920800000050804	epochs	3.0
1099.419920651227	0.01387639999984458	epochs	3.0
1099.4337970512267	0.02762040000015986	epochs	2.0
1099.4337970512267	0.013832200000024386	epochs	3.0
1099.4476292512268	0.013788200000135475	epochs	3.0
1099.461417451227	0.027445899999975154	epochs	2.0
1099.461417451227	0.013744599999881757	epochs	3.0
1099.4751620512268	0.013701300000093397	epochs	3.0
1099.4888633512269	0.027273499999864725	epochs	2.0
1099.4888633512269	0.013658200000008947	epochs	3.0
1099.502521551227	0.013615299999855779	epochs	3.0
1099.5161368512267	0.027103399999987232	epochs	2.0
1099.5161368512267	0.013572800000019924	epochs	3.0
1099.5297096512268	0.013530599999967308	epochs	3.0
1099.5432402512267	0.02693520000002536	epochs	2.0
1099.5432402512267	0.013488400000142065	epochs	3.0
1099.5567286512269	0.013446799999883297	epochs	3.0
1099.5701754512268	0.026769199999989723	epochs	2.0
1099.5701754512268	0.013405200000079276	epochs	3.0
1099.5835806512268	0.013363999999910448	epochs	3.0
1099.5969446512267	0.026605199999949036	epochs	2.0
1099.5969446512267	0.013322900000048321	epochs	3.0
1099.6102675512268	0.013282299999900715	epochs	3.0
1099.6235498512267	0.026443200000130673	epochs	2.0
1099.6235498512267	0.013241700000207857	epochs	3.0
1099.636791551227	0.013201499999922817	epochs	3.0
1099.6499930512268	0.026283200000079887	epochs	2.0
1099.6499930512268	0.013161500000023807	epochs	3.0
1099.6631545512269	0.01312170000005608	epochs	3.0
1099.676276251227	0.026124999999865395	epochs	2.0
1099.676276251227	0.013082099999792263	epochs	3.0
1099.6893583512267	0.013042900000073132	epochs	3.0
1099.7024012512268	0.025968899999952555	epochs	2.0
1099.7024012512268	0.01300390000005791	epochs	3.0
1099.7154051512268	0.012964999999894644	epochs	3.0
1099.7283701512267	0.025814500000024054	epochs	2.0
1099.7283701512267	0.012926399999969362	epochs	3.0
1099.7412965512267	0.012888100000054692	epochs	3.0
1099.7541846512268	0.02566190000015922	epochs	2.0
1099.7541846512268	0.012849899999991976	epochs	3.0
1099.7670345512267	0.012812000000167245	epochs	3.0
1099.779846551227	0.025511199999982637	epochs	2.0
1099.779846551227	0.012774399999898378	epochs	3.0
1099.7926209512268	0.012736800000084258	epochs	3.0
1099.805357751227	0.02536229999986972	epochs	2.0
1099.805357751227	0.01269969999998466	epochs	3.0
1099.8180574512269	0.01266259999988506	epochs	3.0
1099.8307200512268	0.02521500000011656	epochs	2.0
1099.8307200512268	0.012625800000023446	epochs	3.0
1099.8433458512268	0.012589200000093115	epochs	3.0
1099.8559350512269	0.024584799999956886	epochs	2.0
1099.8800738512268	0.5	epochs	-1.0
1099.8805198512268	0.9999199999999746	epochs	1.0
1100.3800738512268	0.5	epochs	-1.0
1102.7850003242493	0.04952000000002954	epochs	0.0
1102.7850003242493	0.019763400000101683	epochs	1.0
1102.8047637242494	0.009993199999826174	epochs	1.0
1102.8147569242492	0.019763400000101683	epochs	1.0
1102.8345203242493	2.0	epochs	0.0
1104.8345203242493	0.5099999999999909	epochs	0.0
1104.8345203242493	0.5099999999999909	epochs	1.0
1104.8345543242492	0.5	epochs	-1.0
1105.3345543242492	0.009966000000076747	epochs	-1.0
1105.3445203242493	21.489919999999984	epochs	0.0
1116.670000076294	0.04952000000002954	epochs	0.0
1116.670000076294	0.019763400000101683	epochs	1.0
1116.689763476294	0.009993199999826174	epochs	1.0
1116.6997566762939	0.019763400000101683	epochs	1.0
1116.719520076294	0.2299199999999928	epochs	0.0
1116.719520076294	0.049999999999954525	epochs	1.0
1116.769520076294	0.009999999999990905	epochs	1.0
1116.779520076294	0.049999999999954525	epochs	1.0
1116.8295200762939	0.009999999999990905	epochs	1.0
1116.8395200762939	0.0500000000001819	epochs	1.0
1116.889520076294	0.009999999999990905	epochs	1.0
1116.899520076294	0.04991999999992913	epochs	1.0
