onset	duration	nwb_table	treelevel
9.07200002670288	0.09999999999999964	epochs	0.0
9.07200002670288	0.04499999999999993	epochs	1.0
9.11700002670288	0.009999999999999787	epochs	1.0
9.12700002670288	0.04499999999999993	epochs	1.0
9.17200002670288	0.7049950000000003	epochs	0.0
9.17200002670288	0.5	epochs	-1.0
9.17200002670288	0.5	epochs	-1.0
9.17200002670288	0.5	epochs	1.0
9.67200002670288	0.0600000000000005	epochs	-1.0
9.67200002670288	0.025000000000000355	epochs	-1.0
9.67200002670288	0.025000000000000355	epochs	1.0
9.69700002670288	0.009999999999999787	epochs	-1.0
9.69700002670288	0.009999999999999787	epochs	1.0
9.70700002670288	0.025000000000000355	epochs	-1.0
9.70700002670288	0.025000000000000355	epochs	1.0
9.732000026702881	0.0600000000000005	epochs	-1.0
9.732000026702881	0.025000000000000355	epochs	-1.0
9.732000026702881	0.025000000000000355	epochs	1.0
9.757000026702881	0.009999999999999787	epochs	-1.0
9.757000026702881	0.009999999999999787	epochs	1.0
9.767000026702881	0.025000000000000355	epochs	-1.0
9.767000026702881	0.025000000000000355	epochs	1.0
9.792000026702881	0.05999999999999872	epochs	-1.0
9.792000026702881	0.02499999999999858	epochs	-1.0
9.792000026702881	0.02499999999999858	epochs	1.0
9.81700002670288	0.010000000000001563	epochs	-1.0
9.81700002670288	0.010000000000001563	epochs	1.0
9.827000026702882	0.02499999999999858	epochs	-1.0
9.827000026702882	0.02499999999999858	epochs	1.0
9.85200002670288	0.024995000000000545	epochs	1.0
582.0079998970032	0.10000000000002274	epochs	0.0
582.0079998970032	0.04499999999995907	epochs	1.0
582.0529998970031	0.009999999999990905	epochs	1.0
582.0629998970031	0.04500000000007276	epochs	1.0
582.1079998970032	0.7049949999999399	epochs	0.0
582.1079998970032	0.5	epochs	-1.0
582.1079998970032	0.5	epochs	1.0
582.6079998970032	0.05999999999994543	epochs	-1.0
582.6079998970032	0.024999999999977263	epochs	-1.0
582.6079998970032	0.024999999999977263	epochs	1.0
582.6329998970032	0.009999999999990905	epochs	-1.0
582.6329998970032	0.009999999999990905	epochs	1.0
582.6429998970032	0.024999999999977263	epochs	-1.0
582.6429998970032	0.024999999999977263	epochs	1.0
582.6679998970031	0.06000000000005912	epochs	-1.0
582.6679998970031	0.024999999999977263	epochs	-1.0
582.6679998970031	0.024999999999977263	epochs	1.0
582.6929998970031	0.010000000000104592	epochs	-1.0
582.6929998970031	0.010000000000104592	epochs	1.0
582.7029998970032	0.024999999999977263	epochs	-1.0
582.7029998970032	0.024999999999977263	epochs	1.0
582.7279998970032	0.05999999999994543	epochs	-1.0
582.7279998970032	0.024999999999977263	epochs	-1.0
582.7279998970032	0.024999999999977263	epochs	1.0
582.7529998970032	0.009999999999990905	epochs	-1.0
582.7529998970032	0.009999999999990905	epochs	1.0
582.7629998970032	0.024999999999977263	epochs	-1.0
582.7629998970032	0.024999999999977263	epochs	1.0
582.7879998970031	0.024994999999989886	epochs	1.0
708.3949999809265	0.10000000000002274	epochs	0.0
708.3949999809265	0.04499999999995907	epochs	1.0
708.4399999809265	0.009999999999990905	epochs	1.0
708.4499999809265	0.04500000000007276	epochs	1.0
708.4949999809265	0.7049949999999399	epochs	0.0
708.4949999809265	0.5	epochs	-1.0
708.4949999809265	0.5	epochs	1.0
708.9949999809265	0.05999999999994543	epochs	-1.0
708.9949999809265	0.024999999999977263	epochs	-1.0
708.9949999809265	0.024999999999977263	epochs	1.0
709.0199999809265	0.009999999999990905	epochs	-1.0
709.0199999809265	0.009999999999990905	epochs	1.0
709.0299999809265	0.024999999999977263	epochs	-1.0
709.0299999809265	0.024999999999977263	epochs	1.0
709.0549999809265	0.06000000000005912	epochs	-1.0
709.0549999809265	0.024999999999977263	epochs	-1.0
709.0549999809265	0.024999999999977263	epochs	1.0
709.0799999809265	0.010000000000104592	epochs	-1.0
709.0799999809265	0.010000000000104592	epochs	1.0
709.0899999809266	0.024999999999977263	epochs	-1.0
709.0899999809266	0.024999999999977263	epochs	1.0
709.1149999809265	0.05999999999994543	epochs	-1.0
709.1149999809265	0.024999999999977263	epochs	-1.0
709.1149999809265	0.024999999999977263	epochs	1.0
709.1399999809265	0.009999999999990905	epochs	-1.0
709.1399999809265	0.009999999999990905	epochs	1.0
709.1499999809265	0.024999999999977263	epochs	-1.0
709.1499999809265	0.024999999999977263	epochs	1.0
709.1749999809265	0.024994999999989886	epochs	1.0
836.2489995956421	0.10000000000002274	epochs	0.0
836.2489995956421	0.04499999999995907	epochs	1.0
836.293999595642	0.009999999999990905	epochs	1.0
836.303999595642	0.04500000000007276	epochs	1.0
836.3489995956421	61.384995	epochs	0.0
836.3489995956421	0.5	epochs	-1.0
836.3489995956421	0.5	epochs	-1.0
836.3489995956421	0.5	epochs	1.0
836.8489995956421	0.05999999999994543	epochs	-1.0
836.8489995956421	0.024999999999977263	epochs	-1.0
836.8489995956421	0.024999999999977263	epochs	1.0
836.8739995956421	0.009999999999990905	epochs	-1.0
836.8739995956421	0.009999999999990905	epochs	1.0
836.8839995956421	0.024999999999977263	epochs	-1.0
836.8839995956421	0.024999999999977263	epochs	1.0
836.9089995956421	0.06000000000005912	epochs	-1.0
836.9089995956421	0.024999999999977263	epochs	-1.0
836.9089995956421	0.024999999999977263	epochs	1.0
836.933999595642	0.010000000000104592	epochs	-1.0
836.933999595642	0.010000000000104592	epochs	1.0
836.9439995956421	0.024999999999977263	epochs	-1.0
836.9439995956421	0.024999999999977263	epochs	1.0
836.9689995956421	0.05999999999994543	epochs	-1.0
836.9689995956421	0.024999999999977263	epochs	-1.0
836.9689995956421	0.024999999999977263	epochs	1.0
836.9939995956421	0.009999999999990905	epochs	-1.0
836.9939995956421	0.009999999999990905	epochs	1.0
837.0039995956421	0.024999999999977263	epochs	-1.0
837.0039995956421	0.024999999999977263	epochs	1.0
837.0289995956421	60.0	epochs	1.0
897.0289995956421	0.5	epochs	-1.0
897.0289995956421	0.5	epochs	-1.0
897.0289995956421	0.5	epochs	1.0
897.5289995956421	0.06000000000005912	epochs	-1.0
897.5289995956421	0.024999999999977263	epochs	-1.0
897.5289995956421	0.024999999999977263	epochs	1.0
897.553999595642	0.010000000000104592	epochs	-1.0
897.553999595642	0.010000000000104592	epochs	1.0
897.5639995956421	0.024999999999977263	epochs	-1.0
897.5639995956421	0.024999999999977263	epochs	1.0
897.5889995956421	0.05999999999994543	epochs	-1.0
897.5889995956421	0.024999999999977263	epochs	-1.0
897.5889995956421	0.024999999999977263	epochs	1.0
897.6139995956421	0.009999999999990905	epochs	-1.0
897.6139995956421	0.009999999999990905	epochs	1.0
897.6239995956421	0.024999999999977263	epochs	-1.0
897.6239995956421	0.024999999999977263	epochs	1.0
897.6489995956421	0.06000000000005912	epochs	-1.0
897.6489995956421	0.024999999999977263	epochs	-1.0
897.6489995956421	0.024999999999977263	epochs	1.0
897.673999595642	0.009999999999990905	epochs	-1.0
897.673999595642	0.009999999999990905	epochs	1.0
897.683999595642	0.02500000000009095	epochs	-1.0
897.683999595642	0.02500000000009095	epochs	1.0
897.7089995956421	0.024994999999989886	epochs	1.0
918.3269996643066	0.10000000000002274	epochs	0.0
918.3269996643066	0.04499999999995907	epochs	1.0
918.3719996643066	0.009999999999990905	epochs	1.0
918.3819996643066	0.04500000000007276	epochs	1.0
918.4269996643067	0.7049949999999399	epochs	0.0
918.4269996643067	0.5	epochs	-1.0
918.4269996643067	0.5	epochs	-1.0
918.4269996643067	0.5	epochs	1.0
918.9269996643067	0.05999999999994543	epochs	-1.0
918.9269996643067	0.024999999999977263	epochs	-1.0
918.9269996643067	0.024999999999977263	epochs	1.0
918.9519996643066	0.009999999999990905	epochs	-1.0
918.9519996643066	0.009999999999990905	epochs	1.0
918.9619996643066	0.024999999999977263	epochs	-1.0
918.9619996643066	0.024999999999977263	epochs	1.0
918.9869996643066	0.06000000000005912	epochs	-1.0
918.9869996643066	0.024999999999977263	epochs	-1.0
918.9869996643066	0.024999999999977263	epochs	1.0
919.0119996643066	0.010000000000104592	epochs	-1.0
919.0119996643066	0.010000000000104592	epochs	1.0
919.0219996643067	0.024999999999977263	epochs	-1.0
919.0219996643067	0.024999999999977263	epochs	1.0
919.0469996643067	0.05999999999994543	epochs	-1.0
919.0469996643067	0.024999999999977263	epochs	-1.0
919.0469996643067	0.024999999999977263	epochs	1.0
919.0719996643066	0.009999999999990905	epochs	-1.0
919.0719996643066	0.009999999999990905	epochs	1.0
919.0819996643066	0.024999999999977263	epochs	-1.0
919.0819996643066	0.024999999999977263	epochs	1.0
919.1069996643066	0.024994999999989886	epochs	1.0
953.8269996643066	0.09842000000003281	epochs	0.0
953.8269996643066	0.044210300000031566	epochs	1.0
953.8712099643067	0.009999399999969683	epochs	1.0
953.8812093643066	0.044210300000031566	epochs	1.0
953.9254196643067	5.999979999999937	epochs	0.0
953.9254196643067	0.5	epochs	1.0
953.9254248643066	0.5	epochs	-1.0
953.9254248643066	0.5	epochs	-1.0
954.4254196643067	5.0	epochs	1.0
959.4254196643067	0.4999799999999368	epochs	1.0
959.4254248643066	0.49997480000001815	epochs	-1.0
964.2919998168945	0.09842000000003281	epochs	0.0
964.2919998168945	0.044210300000031566	epochs	1.0
964.3362101168946	0.009999399999969683	epochs	1.0
964.3462095168945	0.044210300000031566	epochs	1.0
964.3904198168946	5.999979999999937	epochs	0.0
964.3904198168946	0.5	epochs	1.0
964.3904250168945	0.5	epochs	-1.0
964.3904250168945	0.5	epochs	-1.0
964.8904198168946	5.0	epochs	1.0
969.8904198168946	0.4999799999999368	epochs	1.0
969.8904250168945	0.49997480000001815	epochs	-1.0
979.1829996109009	0.09842000000003281	epochs	0.0
979.1829996109009	0.044210300000031566	epochs	1.0
979.2272099109009	0.009999399999969683	epochs	1.0
979.2372093109009	0.044210300000031566	epochs	1.0
979.2814196109009	0.5018000000000029	epochs	0.0
979.2814196109009	0.5	epochs	1.0
979.2814248109008	0.5	epochs	-1.0
979.7814196109009	0.0018000000000029104	epochs	1.0
979.7832196109009	2.998179999999934	epochs	0.0
992.3759999275208	0.09842000000003281	epochs	0.0
992.3759999275208	0.044210300000031566	epochs	1.0
992.4202102275208	0.009999399999969683	epochs	1.0
992.4302096275208	0.044210300000031566	epochs	1.0
992.4744199275208	3.499979999999937	epochs	0.0
992.4744199275208	0.5	epochs	1.0
992.4744251275207	0.5	epochs	-1.0
992.9744199275208	1.0	epochs	1.0
993.9744199275208	1.9999799999999368	epochs	1.0
994.4744251275207	0.5	epochs	-1.0
994.9744251275207	0.5	epochs	-1.0
996.3550000190735	0.09842000000003281	epochs	0.0
996.3550000190735	0.044210300000031566	epochs	1.0
996.3992103190735	0.009999399999969683	epochs	1.0
996.4092097190735	0.044210300000031566	epochs	1.0
996.4534200190735	0.5014400000000023	epochs	0.0
996.4534200190735	0.5	epochs	1.0
996.4534252190734	0.5	epochs	-1.0
996.9534200190735	0.0014400000000023283	epochs	1.0
996.9548600190735	2.9985399999999345	epochs	0.0
1009.5229997634888	0.09842000000003281	epochs	0.0
1009.5229997634888	0.044210300000031566	epochs	1.0
1009.5672100634888	0.009999399999969683	epochs	1.0
1009.5772094634888	0.044210300000031566	epochs	1.0
1009.6214197634888	3.021959999999922	epochs	0.0
1009.6214197634888	0.5	epochs	1.0
1009.6214249634887	0.5	epochs	-1.0
1010.1214197634888	1.0	epochs	1.0
1011.1214197634888	1.5219599999999218	epochs	1.0
1011.6214249634887	0.5	epochs	-1.0
1012.1214249634887	0.5	epochs	-1.0
1012.6433797634887	0.478020000000015	epochs	0.0
1012.9889998435974	0.09842000000003281	epochs	0.0
1012.9889998435974	0.044210300000031566	epochs	1.0
1013.0332101435974	0.009999399999969683	epochs	1.0
1013.0432095435974	0.044210300000031566	epochs	1.0
1013.0874198435974	2.5215999999999212	epochs	0.0
1013.0874198435974	0.5	epochs	1.0
1013.0874250435974	0.5	epochs	-1.0
1013.5874198435974	1.0	epochs	1.0
1014.5874198435974	1.0215999999999212	epochs	1.0
1015.0874250435974	0.5	epochs	-1.0
1015.6090198435974	0.9783800000000156	epochs	0.0
1015.9659996032715	0.09842000000003281	epochs	0.0
1015.9659996032715	0.044210300000031566	epochs	1.0
1016.0102099032715	0.009999399999969683	epochs	1.0
1016.0202093032715	0.044210300000031566	epochs	1.0
1016.0644196032715	3.499979999999937	epochs	0.0
1016.0644196032715	0.5	epochs	1.0
1016.0644248032714	0.5	epochs	-1.0
1016.5644196032715	1.0	epochs	1.0
1017.5644196032715	1.9999799999999368	epochs	1.0
1018.0644248032714	0.5	epochs	-1.0
1018.5644248032714	0.5	epochs	-1.0
1019.9829998016357	0.09842000000003281	epochs	0.0
1019.9829998016357	0.044210300000031566	epochs	1.0
1020.0272101016358	0.009999399999969683	epochs	1.0
1020.0372095016357	0.044210300000031566	epochs	1.0
1020.0814198016358	0.5009799999999132	epochs	0.0
1020.0814198016358	0.5	epochs	1.0
1020.0814250016357	0.5	epochs	-1.0
1020.5814198016358	0.0009799999999131614	epochs	1.0
1020.5823998016357	2.9990000000000236	epochs	0.0
1033.1929998397827	0.09842000000003281	epochs	0.0
1033.1929998397827	0.044210300000031566	epochs	1.0
1033.2372101397827	0.009999399999969683	epochs	1.0
1033.2472095397827	0.044210300000031566	epochs	1.0
1033.2914198397827	2.501420000000053	epochs	0.0
1033.2914198397827	0.5	epochs	1.0
1033.2914250397828	0.5	epochs	-1.0
1033.7914198397827	1.0	epochs	1.0
1034.7914198397827	1.0014200000000528	epochs	1.0
1035.2914250397828	0.5	epochs	-1.0
1035.7928398397828	0.9985599999999977	epochs	0.0
1036.2059998512268	0.09842000000003281	epochs	0.0
1036.2059998512268	0.044210300000031566	epochs	1.0
1036.2502101512268	0.009999399999969683	epochs	1.0
1036.2602095512268	0.044210300000031566	epochs	1.0
1036.3044198512268	2.5011400000000776	epochs	0.0
1036.3044198512268	0.5	epochs	1.0
1036.3044250512269	0.5	epochs	-1.0
1036.8044198512268	1.0	epochs	1.0
1037.8044198512268	1.0011400000000776	epochs	1.0
1038.3044250512269	0.5	epochs	-1.0
1038.805559851227	0.9988399999999729	epochs	0.0
1039.1889996528625	0.09842000000003281	epochs	0.0
1039.1889996528625	0.044210300000031566	epochs	1.0
1039.2332099528626	0.009999399999969683	epochs	1.0
1039.2432093528626	0.044210300000031566	epochs	1.0
1039.2874196528626	2.5219999999999345	epochs	0.0
1039.2874196528626	0.5	epochs	1.0
1039.2874248528626	0.5	epochs	-1.0
1039.7874196528626	1.0	epochs	1.0
1040.7874196528626	1.0219999999999345	epochs	1.0
1041.2874248528626	0.5	epochs	-1.0
1041.8094196528625	0.977980000000116	epochs	0.0
1042.2559995651245	0.09842000000003281	epochs	0.0
1042.2559995651245	0.044210300000031566	epochs	1.0
1042.3002098651245	0.009999399999969683	epochs	1.0
1042.3102092651245	0.044210300000031566	epochs	1.0
1042.3544195651245	2.520759999999882	epochs	0.0
1042.3544195651245	0.5	epochs	1.0
1042.3544247651246	0.5	epochs	-1.0
1042.8544195651245	1.0	epochs	1.0
1043.8544195651245	1.020759999999882	epochs	1.0
1044.3544247651246	0.5	epochs	-1.0
1044.8751795651244	0.9792200000001685	epochs	0.0
1045.3229999542236	0.09842000000003281	epochs	0.0
1045.3229999542236	0.044210300000031566	epochs	1.0
1045.3672102542237	0.009999399999969683	epochs	1.0
1045.3772096542236	0.044210300000031566	epochs	1.0
1045.4214199542237	2.5202600000000075	epochs	0.0
1045.4214199542237	0.5	epochs	1.0
1045.4214251542237	0.5	epochs	-1.0
1045.9214199542237	1.0	epochs	1.0
1046.9214199542237	1.0202600000000075	epochs	1.0
1047.4214251542237	0.5	epochs	-1.0
1047.9416799542237	0.979720000000043	epochs	0.0
1048.3729996681213	0.09842000000003281	epochs	0.0
1048.3729996681213	0.044210300000031566	epochs	1.0
1048.4172099681214	0.009999399999969683	epochs	1.0
1048.4272093681213	0.044210300000031566	epochs	1.0
1048.4714196681214	2.521160000000009	epochs	0.0
1048.4714196681214	0.5	epochs	1.0
1048.4714248681214	0.5	epochs	-1.0
1048.9714196681214	1.0	epochs	1.0
1049.9714196681214	1.021160000000009	epochs	1.0
1050.4714248681214	0.5	epochs	-1.0
1050.9925796681214	0.9788200000000415	epochs	0.0
1051.4569997787476	0.09842000000003281	epochs	0.0
1051.4569997787476	0.044210300000031566	epochs	1.0
1051.5012100787476	0.009999399999969683	epochs	1.0
1051.5112094787476	0.044210300000031566	epochs	1.0
1051.5554197787476	3.4999800000000505	epochs	0.0
1051.5554197787476	0.5	epochs	1.0
1051.5554249787476	0.5	epochs	-1.0
1052.0554197787476	1.0	epochs	1.0
1053.0554197787476	1.9999800000000505	epochs	1.0
1053.5554249787476	0.5	epochs	-1.0
1054.0554249787476	0.5	epochs	-1.0
1055.5909996032715	0.09842000000003281	epochs	0.0
1055.5909996032715	0.044210300000031566	epochs	1.0
1055.6352099032715	0.009999399999969683	epochs	1.0
1055.6452093032715	0.044210300000031566	epochs	1.0
1055.6894196032715	3.4999800000000505	epochs	0.0
1055.6894196032715	0.5	epochs	1.0
1055.6894248032715	0.5	epochs	-1.0
1056.1894196032715	1.0	epochs	1.0
1057.1894196032715	1.9999800000000505	epochs	1.0
1057.6894248032715	0.5	epochs	-1.0
1058.1894248032715	0.5	epochs	-1.0
1059.7239999771118	0.09842000000003281	epochs	0.0
1059.7239999771118	0.044210300000031566	epochs	1.0
1059.7682102771118	0.009999399999969683	epochs	1.0
1059.7782096771118	0.044210300000031566	epochs	1.0
1059.8224199771118	0.501739999999927	epochs	0.0
1059.8224199771118	0.5	epochs	1.0
1059.8224251771119	0.5	epochs	-1.0
1060.3224199771118	0.0017399999999270221	epochs	1.0
1060.3241599771118	2.9982400000001235	epochs	0.0
1087.5199999809265	0.09842000000003281	epochs	0.0
1087.5199999809265	0.044210300000031566	epochs	1.0
1087.5642102809265	0.009999399999969683	epochs	1.0
1087.5742096809265	0.044210300000031566	epochs	1.0
1087.6184199809265	5.9999800000000505	epochs	0.0
1087.6184199809265	0.5	epochs	1.0
1087.6184251809266	0.5	epochs	-1.0
1087.6184251809266	0.5	epochs	-1.0
1088.1184199809265	5.0	epochs	1.0
1093.1184199809265	0.4999800000000505	epochs	1.0
1093.1184251809266	0.49997480000001815	epochs	-1.0
1098.0989999771118	0.09842000000003281	epochs	0.0
1098.0989999771118	0.044210300000031566	epochs	1.0
1098.1432102771118	0.009999399999969683	epochs	1.0
1098.1532096771118	0.044210300000031566	epochs	1.0
1098.1974199771118	2.5013799999999264	epochs	0.0
1098.1974199771118	0.5	epochs	1.0
1098.1974251771119	0.5	epochs	-1.0
1098.6974199771118	1.0	epochs	1.0
1099.6974199771118	1.0013799999999264	epochs	1.0
1100.1974251771119	0.5	epochs	-1.0
1100.6987999771118	0.998600000000124	epochs	0.0
1101.2149996757507	0.09842000000003281	epochs	0.0
1101.2149996757507	0.044210300000031566	epochs	1.0
1101.2592099757508	0.009999399999969683	epochs	1.0
1101.2692093757507	0.044210300000031566	epochs	1.0
1101.3134196757508	2.5016200000000026	epochs	0.0
1101.3134196757508	0.5	epochs	1.0
1101.3134248757508	0.5	epochs	-1.0
1101.8134196757508	1.0	epochs	1.0
1102.8134196757508	1.0016200000000026	epochs	1.0
1103.3134248757508	0.5	epochs	-1.0
1103.8150396757508	0.9983600000000479	epochs	0.0
1104.329999923706	0.09842000000003281	epochs	0.0
1104.329999923706	0.044210300000031566	epochs	1.0
1104.374210223706	0.009999399999969683	epochs	1.0
1104.384209623706	0.044210300000031566	epochs	1.0
1104.428419923706	2.5009999999999764	epochs	0.0
1104.428419923706	0.5	epochs	1.0
1104.4284251237061	0.5	epochs	-1.0
1104.928419923706	1.0	epochs	1.0
1105.928419923706	1.0009999999999764	epochs	1.0
1106.4284251237061	0.5	epochs	-1.0
1106.929419923706	0.9989800000000741	epochs	0.0
1107.4299998283386	0.09842000000003281	epochs	0.0
1107.4299998283386	0.044210300000031566	epochs	1.0
1107.4742101283387	0.009999399999969683	epochs	1.0
1107.4842095283386	0.044210300000031566	epochs	1.0
1107.5284198283387	2.501359999999977	epochs	0.0
1107.5284198283387	0.5	epochs	1.0
1107.5284250283387	0.5	epochs	-1.0
1108.0284198283387	1.0	epochs	1.0
1109.0284198283387	1.001359999999977	epochs	1.0
1109.5284250283387	0.5	epochs	-1.0
1110.0297798283386	0.9986200000000736	epochs	0.0
1110.5469999313354	0.09842000000003281	epochs	0.0
1110.5469999313354	0.044210300000031566	epochs	1.0
1110.5912102313355	0.009999399999969683	epochs	1.0
1110.6012096313355	0.044210300000031566	epochs	1.0
1110.6454199313355	2.521259999999984	epochs	0.0
1110.6454199313355	0.5	epochs	1.0
1110.6454251313355	0.5	epochs	-1.0
1111.1454199313355	1.0	epochs	1.0
1112.1454199313355	1.0212599999999838	epochs	1.0
1112.6454251313355	0.5	epochs	-1.0
1113.1666799313355	0.9787200000000666	epochs	0.0
1113.71399974823	0.6499799999999141	epochs	0.0
1113.71399974823	0.049999999999954525	epochs	1.0
1113.76399974823	0.5	epochs	1.0
1114.26399974823	0.09997999999995955	epochs	1.0
1115.0099997520447	0.6499799999999141	epochs	0.0
1115.0099997520447	0.049999999999954525	epochs	1.0
1115.0599997520446	0.5	epochs	1.0
1115.5599997520446	0.09997999999995955	epochs	1.0
1116.2259998321533	0.6499799999999141	epochs	0.0
1116.2259998321533	0.049999999999954525	epochs	1.0
1116.2759998321533	0.5	epochs	1.0
1116.7759998321533	0.09997999999995955	epochs	1.0
1117.4429998397827	0.6499799999999141	epochs	0.0
1117.4429998397827	0.049999999999954525	epochs	1.0
1117.4929998397827	0.5	epochs	1.0
1117.9929998397827	0.09997999999995955	epochs	1.0
1118.9259996414185	0.09842000000003281	epochs	0.0
1118.9259996414185	0.044210300000031566	epochs	1.0
1118.9702099414185	0.009999399999969683	epochs	1.0
1118.9802093414185	0.044210300000031566	epochs	1.0
1119.0244196414185	0.501700000000028	epochs	0.0
1119.0244196414185	0.5	epochs	1.0
1119.0244248414185	0.5	epochs	-1.0
1119.5244196414185	0.0017000000000280124	epochs	1.0
1119.5261196414185	4.9982800000000225	epochs	0.0
1139.1459999084473	0.09842000000003281	epochs	0.0
1139.1459999084473	0.044210300000031566	epochs	1.0
1139.1902102084473	0.009999399999969683	epochs	1.0
1139.2002096084473	0.044210300000031566	epochs	1.0
1139.2444199084473	2.5005200000000514	epochs	0.0
1139.2444199084473	0.5	epochs	1.0
1139.2444251084473	0.5	epochs	-1.0
1139.7444199084473	1.0	epochs	1.0
1140.7444199084473	1.0005200000000514	epochs	1.0
1141.2444250084473	0.5	epochs	-1.0
1141.7449399084473	2.999459999999999	epochs	0.0
1144.351999759674	0.09842000000003281	epochs	0.0
1144.351999759674	0.044210300000031566	epochs	1.0
1144.396210059674	0.009999399999969683	epochs	1.0
1144.406209459674	0.044210300000031566	epochs	1.0
1144.450419759674	2.5220999999999094	epochs	0.0
1144.450419759674	0.5	epochs	1.0
1144.4504249596741	0.5	epochs	-1.0
1144.950419759674	1.0	epochs	1.0
1145.950419759674	1.0220999999999094	epochs	1.0
1146.450424859674	0.5	epochs	-1.0
1146.972519759674	2.977880000000141	epochs	0.0
1149.5189995765686	0.09842000000003281	epochs	0.0
1149.5189995765686	0.044210300000031566	epochs	1.0
1149.5632098765686	0.009999399999969683	epochs	1.0
1149.5732092765686	0.044210300000031566	epochs	1.0
1149.6174195765686	2.5016800000000785	epochs	0.0
1149.6174195765686	0.5	epochs	1.0
1149.6174247765687	0.5	epochs	-1.0
1150.1174195765686	1.0	epochs	1.0
1151.1174195765686	1.0016800000000785	epochs	1.0
1151.6174246765686	0.5	epochs	-1.0
1152.1190995765687	2.998299999999972	epochs	0.0
1154.7259998321533	0.09842000000003281	epochs	0.0
1154.7259998321533	0.044210300000031566	epochs	1.0
1154.7702101321534	0.009999399999969683	epochs	1.0
1154.7802095321533	0.044210300000031566	epochs	1.0
1154.8244198321534	2.5017199999999775	epochs	0.0
1154.8244198321534	0.5	epochs	1.0
1154.8244250321534	0.5	epochs	-1.0
1155.3244198321534	1.0	epochs	1.0
1156.3244198321534	1.0017199999999775	epochs	1.0
1156.8244249321533	0.5	epochs	-1.0
1157.3261398321533	2.998260000000073	epochs	0.0
1159.9429998397827	0.09842000000003281	epochs	0.0
1159.9429998397827	0.044210300000031566	epochs	1.0
1159.9872101397827	0.009999399999969683	epochs	1.0
1159.9972095397827	0.044210300000031566	epochs	1.0
1160.0414198397827	2.5210799999999836	epochs	0.0
1160.0414198397827	0.5	epochs	1.0
1160.0414250397828	0.5	epochs	-1.0
1160.5414198397827	1.0	epochs	1.0
1161.5414198397827	1.0210799999999836	epochs	1.0
1162.0414249397827	0.5	epochs	-1.0
1162.5624998397827	2.978900000000067	epochs	0.0
1165.1259999275208	0.09842000000003281	epochs	0.0
1165.1259999275208	0.044210300000031566	epochs	1.0
1165.1702102275208	0.009999399999969683	epochs	1.0
1165.1802096275208	0.044210300000031566	epochs	1.0
1165.2244199275208	2.5214599999999336	epochs	0.0
1165.2244199275208	0.5	epochs	1.0
1165.2244251275208	0.5	epochs	-1.0
1165.7244199275208	1.0	epochs	1.0
1166.7244199275208	1.0214599999999336	epochs	1.0
1167.2244250275207	0.5	epochs	-1.0
1167.7458799275207	2.978520000000117	epochs	0.0
1170.3429999351501	0.09842000000003281	epochs	0.0
1170.3429999351501	0.044210300000031566	epochs	1.0
1170.3872102351502	0.009999399999969683	epochs	1.0
1170.3972096351501	0.044210300000031566	epochs	1.0
1170.4414199351502	0.5006000000000768	epochs	0.0
1170.4414199351502	0.5	epochs	1.0
1170.4414251351502	0.5	epochs	-1.0
1170.9414199351502	0.0006000000000767614	epochs	1.0
1170.9420199351503	5.999379999999974	epochs	0.0
1186.5649995803833	0.09842000000003281	epochs	0.0
1186.5649995803833	0.044210300000031566	epochs	1.0
1186.6092098803833	0.009999399999969683	epochs	1.0
1186.6192092803833	0.044210300000031566	epochs	1.0
1186.6634195803833	2.52150000000006	epochs	0.0
1186.6634195803833	0.5	epochs	1.0
1186.6634247803834	0.5	epochs	-1.0
1187.1634195803833	1.0	epochs	1.0
1188.1634195803833	1.02150000000006	epochs	1.0
1188.6634247803834	0.5	epochs	-1.0
1189.1849195803834	3.9784799999999905	epochs	0.0
1189.914999961853	0.09842000000003281	epochs	0.0
1189.914999961853	0.044210300000031566	epochs	1.0
1189.959210261853	0.009999399999969683	epochs	1.0
1189.969209661853	0.044210300000031566	epochs	1.0
1190.013419961853	2.52150000000006	epochs	0.0
1190.013419961853	0.5	epochs	1.0
1190.013425161853	0.5	epochs	-1.0
1190.513419961853	1.0	epochs	1.0
1191.513419961853	1.02150000000006	epochs	1.0
1192.013425161853	0.5	epochs	-1.0
1192.5349199618531	3.9784799999999905	epochs	0.0
1193.1979999542236	0.09842000000003281	epochs	0.0
1193.1979999542236	0.044210300000031566	epochs	1.0
1193.2422102542237	0.009999399999969683	epochs	1.0
1193.2522096542236	0.044210300000031566	epochs	1.0
1193.2964199542237	2.521259999999984	epochs	0.0
1193.2964199542237	0.5	epochs	1.0
1193.2964251542237	0.5	epochs	-1.0
1193.7964199542237	1.0	epochs	1.0
1194.7964199542237	1.0212599999999838	epochs	1.0
1195.2964251542237	0.5	epochs	-1.0
1195.8176799542236	3.9787200000000666	epochs	0.0
1196.490999698639	0.09842000000003281	epochs	0.0
1196.490999698639	0.044210300000031566	epochs	1.0
1196.535209998639	0.009999399999969683	epochs	1.0
1196.545209398639	0.044210300000031566	epochs	1.0
1196.589419698639	2.5016200000000026	epochs	0.0
1196.589419698639	0.5	epochs	1.0
1196.589424898639	0.5	epochs	-1.0
1197.089419698639	1.0	epochs	1.0
1198.089419698639	1.0016200000000026	epochs	1.0
1198.589424898639	0.5	epochs	-1.0
1199.091039698639	3.998360000000048	epochs	0.0
1199.8079996109009	0.09842000000003281	epochs	0.0
1199.8079996109009	0.044210300000031566	epochs	1.0
1199.852209910901	0.009999399999969683	epochs	1.0
1199.8622093109009	0.044210300000031566	epochs	1.0
1199.906419610901	2.5015599999999267	epochs	0.0
1199.906419610901	0.5	epochs	1.0
1199.906424810901	0.5	epochs	-1.0
1200.406419610901	1.0	epochs	1.0
1201.406419610901	1.0015599999999267	epochs	1.0
1201.906424810901	0.5	epochs	-1.0
1202.4079796109008	3.9984200000001238	epochs	0.0
1203.1749997138977	0.09842000000003281	epochs	0.0
1203.1749997138977	0.044210300000031566	epochs	1.0
1203.2192100138977	0.009999399999969683	epochs	1.0
1203.2292094138977	0.044210300000031566	epochs	1.0
1203.2734197138977	2.501260000000002	epochs	0.0
1203.2734197138977	0.5	epochs	1.0
1203.2734249138978	0.5	epochs	-1.0
1203.7734197138977	1.0	epochs	1.0
1204.7734197138977	1.001260000000002	epochs	1.0
1205.2734249138978	0.5	epochs	-1.0
1205.7746797138977	3.9987200000000485	epochs	0.0
1206.5749998092651	0.1529800000000705	epochs	0.0
1206.5749998092651	0.049999999999954525	epochs	1.0
1206.624999809265	0.003000000000156433	epochs	1.0
1206.6279998092652	0.09997999999995955	epochs	1.0
1207.4919996261597	0.1529800000000705	epochs	0.0
1207.4919996261597	0.049999999999954525	epochs	1.0
1207.5419996261596	0.003000000000156433	epochs	1.0
1207.5449996261598	0.09997999999995955	epochs	1.0
1208.4249997138977	0.1529800000000705	epochs	0.0
1208.4249997138977	0.049999999999954525	epochs	1.0
1208.4749997138977	0.003000000000156433	epochs	1.0
1208.4779997138978	0.09997999999995955	epochs	1.0
1209.3090000152588	0.1529800000000705	epochs	0.0
1209.3090000152588	0.049999999999954525	epochs	1.0
1209.3590000152587	0.003000000000156433	epochs	1.0
1209.362000015259	0.09997999999995955	epochs	1.0
1210.2749996185303	0.1529800000000705	epochs	0.0
1210.2749996185303	0.049999999999954525	epochs	1.0
1210.3249996185302	0.003000000000156433	epochs	1.0
1210.3279996185304	0.09997999999995955	epochs	1.0
1211.191999912262	0.1529800000000705	epochs	0.0
1211.191999912262	0.049999999999954525	epochs	1.0
1211.241999912262	0.003000000000156433	epochs	1.0
1211.244999912262	0.09997999999995955	epochs	1.0
1212.1589999198914	0.09842000000003281	epochs	0.0
1212.1589999198914	0.044210300000031566	epochs	1.0
1212.2032102198914	0.009999399999969683	epochs	1.0
1212.2132096198914	0.044210300000031566	epochs	1.0
1212.2574199198914	1.561179999999922	epochs	0.0
1212.2574199198914	0.5	epochs	1.0
1212.2574251198914	0.5	epochs	-1.0
1212.7574199198914	0.0029999999999290594	epochs	1.0
1212.7604199198913	1.058179999999993	epochs	1.0
1213.2604250198913	0.5	epochs	-1.0
1213.8185999198913	0.04179999999996653	epochs	0.0
1214.548999786377	0.09842000000003281	epochs	0.0
1214.548999786377	0.044210300000031566	epochs	1.0
1214.593210086377	0.009999399999969683	epochs	1.0
1214.603209486377	0.044210300000031566	epochs	1.0
1214.647419786377	1.5613399999999729	epochs	0.0
1214.647419786377	0.5	epochs	1.0
1214.647424986377	0.5	epochs	-1.0
1215.147419786377	0.0029999999999290594	epochs	1.0
1215.150419786377	1.0583400000000438	epochs	1.0
1215.6504248863769	0.5	epochs	-1.0
1216.208759786377	0.041639999999915744	epochs	0.0
1217.0329999923706	0.09842000000003281	epochs	0.0
1217.0329999923706	0.044210300000031566	epochs	1.0
1217.0772102923706	0.009999399999969683	epochs	1.0
1217.0872096923706	0.044210300000031566	epochs	1.0
1217.1314199923706	5.201720000000023	epochs	0.0
1217.1314199923706	0.5	epochs	1.0
1217.1314251923707	0.5	epochs	-1.0
1217.6314199923706	4.701720000000023	epochs	1.0
1219.3329799923706	3.000160000000051	epochs	-1.0
1219.3329799923706	0.04032000000006519	epochs	-1.0
1219.8304650923706	0.5	epochs	-1.0
1220.3304650923706	0.5	epochs	-1.0
1220.8304650923706	0.5	epochs	-1.0
1221.3304650923706	0.5	epochs	-1.0
1221.8304650923706	0.5	epochs	-1.0
1222.3331399923707	14.298260000000028	epochs	0.0
1223.4659996032715	0.09842000000003281	epochs	0.0
1223.4659996032715	0.044210300000031566	epochs	1.0
1223.5102099032715	0.009999399999969683	epochs	1.0
1223.5202093032715	0.044210300000031566	epochs	1.0
1223.5644196032715	0.5015799999998762	epochs	0.0
1223.5644196032715	0.5	epochs	1.0
1223.5644248032715	0.5	epochs	-1.0
1224.0644196032715	0.001579999999876236	epochs	1.0
1224.0659996032714	18.998400000000174	epochs	0.0
1252.633999824524	0.09842000000003281	epochs	0.0
1252.633999824524	0.044210300000031566	epochs	1.0
1252.678210124524	0.009999399999969683	epochs	1.0
1252.688209524524	0.044210300000031566	epochs	1.0
1252.732419824524	3.96015999999986	epochs	0.0
1252.732419824524	0.5	epochs	1.0
1252.732425024524	0.5	epochs	-1.0
1253.232419824524	3.46015999999986	epochs	1.0
1255.693399824524	0.9991799999997966	epochs	-1.0
1255.693399824524	0.03929999999991196	epochs	-1.0
1256.1908850245238	0.5	epochs	-1.0
1256.6925798245238	15.53982000000019	epochs	0.0
1257.5659999847412	0.09842000000003281	epochs	0.0
1257.5659999847412	0.044210300000031566	epochs	1.0
1257.6102102847412	0.009999399999969683	epochs	1.0
1257.6202096847412	0.044210300000031566	epochs	1.0
1257.6644199847412	3.8214399999999387	epochs	0.0
1257.6644199847412	0.5	epochs	1.0
1257.6644251847413	0.5	epochs	-1.0
1258.1644199847412	3.3214399999999387	epochs	1.0
1260.4854199847412	1.000440000000026	epochs	-1.0
1260.4854199847412	0.03968000000008942	epochs	-1.0
1260.9829051847412	0.5	epochs	-1.0
1261.4858599847412	15.678540000000112	epochs	0.0
1273.8899998664856	0.09840000000008331	epochs	0.0
1273.8899998664856	0.0442012999999406	epochs	1.0
1273.9342011664855	0.009997399999974732	epochs	1.0
1273.9441985664855	0.044201300000167976	epochs	1.0
1273.9883998664857	2.0	epochs	0.0
1275.9883998664857	21.999919999999975	epochs	0.0
1275.9883998664857	1.0	epochs	1.0
1275.9884250664857	0.5	epochs	-1.0
1276.4884250664857	19.998559999999998	epochs	-1.0
1276.9883998664857	20.0	epochs	1.0
1276.9883998664857	4.3567538999998305	epochs	-1.0
1276.9883998664857	1.9745871999998599	epochs	2.0
1276.9883998664857	1.098562199999833	epochs	3.0
1278.0869620664855	0.8760250000000269	epochs	3.0
1278.9629870664855	1.3524075000000266	epochs	2.0
1278.9629870664855	0.7286355000001095	epochs	3.0
1279.6916225664856	0.6237719999999172	epochs	3.0
1280.3153945664856	1.029759199999944	epochs	2.0
1280.3153945664856	0.5453293000000485	epochs	3.0
1280.8607238664856	0.4844298999998955	epochs	3.0
1281.3451537664855	0.8317862000001242	epochs	2.0
1281.3451537664855	0.4357763000000432	epochs	3.0
1281.7809300664856	0.39600990000008096	epochs	3.0
1282.1769399664856	0.6977970000000369	epochs	2.0
1282.1769399664856	0.3628982000000178	epochs	3.0
1282.5398381664857	0.33489880000001904	epochs	3.0
1282.8747369664857	0.601045699999986	epochs	2.0
1282.8747369664857	0.3109122999999272	epochs	3.0
1283.1856492664856	0.2901334000000588	epochs	3.0
1283.4757826664857	0.5278859000000011	epochs	2.0
1283.4757826664857	0.2719585999998344	epochs	3.0
1283.7477412664855	0.2559273000001667	epochs	3.0
1284.0036685664857	0.470619299999953	epochs	2.0
1284.0036685664857	0.241681299999982	epochs	3.0
1284.2453498664856	0.228937999999971	epochs	3.0
1284.4742878664856	0.42457039999999324	epochs	2.0
1284.4742878664856	0.21747140000002219	epochs	3.0
1284.6917592664856	0.20709899999997106	epochs	3.0
1284.8988582664856	0.3867353999999068	epochs	2.0
1284.8988582664856	0.19767109999997956	epochs	3.0
1285.0965293664856	0.18906429999992724	epochs	3.0
1285.2855936664855	0.35509530000013	epochs	2.0
1285.2855936664855	0.18117590000019845	epochs	3.0
1285.4667695664857	0.17391939999993156	epochs	3.0
1285.6406889664856	0.3282431000000088	epochs	2.0
1285.6406889664856	0.16722189999995862	epochs	3.0
1285.8079108664856	0.16102120000005016	epochs	3.0
1285.9689320664856	0.3051679999998669	epochs	2.0
1285.9689320664856	0.15526389999990897	epochs	3.0
1286.1241959664856	0.1499040999999579	epochs	3.0
1286.2741000664855	0.28512530000011793	epochs	2.0
1286.2741000664855	0.1449021000000812	epochs	3.0
1286.4190021664856	0.14022320000003674	epochs	3.0
1286.5592253664856	0.2675537999998596	epochs	2.0
1286.5592253664856	0.1358368999999584	epochs	3.0
1286.6950622664856	0.13171689999990122	epochs	3.0
1286.8267791664855	0.25202290000015637	epochs	2.0
1286.8267791664855	0.1278393000000051	epochs	3.0
1286.9546184664855	0.12418360000015127	epochs	3.0
1287.0788020664857	0.23819649999995818	epochs	2.0
1287.0788020664857	0.12073110000005727	epochs	3.0
1287.1995331664857	0.11746539999990091	epochs	3.0
1287.3169985664856	0.2258088000000953	epochs	2.0
1287.3169985664856	0.1143718999999237	epochs	3.0
1287.4313704664855	0.11143690000017159	epochs	3.0
1287.5428073664857	0.21464599999990241	epochs	2.0
1287.5428073664857	0.10864889999993466	epochs	3.0
1287.6514562664856	0.10599709999996776	epochs	3.0
1287.7574533664856	0.20453500000007807	epochs	2.0
1287.7574533664856	0.10347150000006877	epochs	3.0
1287.8609248664857	0.1010635000000093	epochs	3.0
1287.9619883664857	0.19533400000000256	epochs	2.0
1287.9619883664857	0.09876509999980954	epochs	3.0
1288.0607534664855	0.09656890000019303	epochs	3.0
1288.1573223664857	0.18692529999998442	epochs	2.0
1288.1573223664857	0.09446830000001682	epochs	3.0
1288.2517906664857	0.09245699999996759	epochs	3.0
1288.3442476664857	0.17921069999988504	epochs	2.0
1288.3442476664857	0.09052959999985433	epochs	3.0
1288.4347772664855	0.08868110000003071	epochs	3.0
1288.5234583664856	0.17210769999996955	epochs	2.0
1288.5234583664856	0.08690630000000965	epochs	3.0
1288.6103646664856	0.0852013999999599	epochs	3.0
1288.6955660664855	0.16554640000003928	epochs	2.0
1288.6955660664855	0.08356190000017705	epochs	3.0
1288.7791279664857	0.08198449999986224	epochs	3.0
1288.8611124664856	0.15946710000002895	epochs	2.0
1288.8611124664856	0.08046540000009372	epochs	3.0
1288.9415778664857	0.07900169999993523	epochs	3.0
1289.0205795664856	0.15381840000009106	epochs	2.0
1289.0205795664856	0.07759009999995214	epochs	3.0
1289.0981696664855	0.07622830000013892	epochs	3.0
1289.1743979664857	0.14855639999996129	epochs	2.0
1289.1743979664857	0.07491329999993468	epochs	3.0
1289.2493112664856	0.0736431000000266	epochs	3.0
1289.3229543664856	0.1436423999998624	epochs	2.0
1289.3229543664856	0.07241499999986445	epochs	3.0
1289.3953693664855	0.07122739999999794	epochs	3.0
1289.4665967664855	0.13904309999998077	epochs	2.0
1289.4665967664855	0.07007800000019415	epochs	3.0
1289.5366747664857	0.06896509999978662	epochs	3.0
1289.6056398664855	0.1347293000001173	epochs	2.0
1289.6056398664855	0.0678871000000072	epochs	3.0
1289.6735269664855	0.0668422000001101	epochs	3.0
1289.7403691664856	0.1306752000000415	epochs	2.0
1289.7403691664856	0.06582909999997355	epochs	3.0
1289.8061982664856	0.06484610000006796	epochs	3.0
1289.8710443664856	0.1268577999999252	epochs	2.0
1289.8710443664856	0.06389199999989614	epochs	3.0
1289.9349363664855	0.06296580000002905	epochs	3.0
1289.9979021664856	0.12325720000012552	epochs	2.0
1289.9979021664856	0.06206580000002759	epochs	3.0
1290.0599679664856	0.06119140000009793	epochs	3.0
1290.1211593664857	0.11985540000000583	epochs	2.0
1290.1211593664857	0.060341099999959624	epochs	3.0
1290.1815004664857	0.059514300000046205	epochs	3.0
1290.2410147664857	0.1166361999999026	epochs	2.0
1290.2410147664857	0.058709599999929196	epochs	3.0
1290.2997243664856	0.057926599999973405	epochs	3.0
1290.3576509664856	0.11358560000007856	epochs	2.0
1290.3576509664856	0.05716419999998834	epochs	3.0
1290.4148151664856	0.056421400000090216	epochs	3.0
1290.4712365664857	0.11069049999991876	epochs	2.0
1290.4712365664857	0.05569789999981367	epochs	3.0
1290.5269344664855	0.054992600000105085	epochs	3.0
1290.5819270664856	0.1079391000000669	epochs	2.0
1290.5819270664856	0.05430490000003374	epochs	3.0
1290.6362319664856	0.05363420000003316	epochs	3.0
1290.6898661664857	0.10532149999994544	epochs	2.0
1290.6898661664857	0.05297999999993408	epochs	3.0
1290.7428461664856	0.052341500000011365	epochs	3.0
1290.7951876664856	0.10282759999995505	epochs	2.0
1290.7951876664856	0.05171810000001642	epochs	3.0
1290.8469057664856	0.051109499999938635	epochs	3.0
1290.8980152664856	0.10044910000010532	epochs	2.0
1290.8980152664856	0.050514900000052876	epochs	3.0
1290.9485301664856	0.04993420000005244	epochs	3.0
1290.9984643664857	0.0981782999999723	epochs	2.0
1290.9984643664857	0.04936659999998483	epochs	3.0
1291.0478309664857	0.04881169999998747	epochs	3.0
1291.0966426664856	0.09600780000005216	epochs	2.0
1291.0966426664856	0.04826920000004975	epochs	3.0
1291.1449118664857	0.04773860000000241	epochs	3.0
1291.1926504664857	0.09393119999981536	epochs	2.0
1291.1926504664857	0.04721949999998287	epochs	3.0
1291.2398699664857	0.04671169999983249	epochs	3.0
1291.2865816664855	0.09194260000003851	epochs	2.0
1291.2865816664855	0.046214599999984785	epochs	3.0
1291.3327962664855	0.045728000000053726	epochs	3.0
1291.3785242664856	0.09003630000006524	epochs	2.0
1291.3785242664856	0.045251499999949374	epochs	3.0
1291.4237757664855	0.044784800000115865	epochs	3.0
1291.4685605664856	0.08820760000003247	epochs	2.0
1291.4685605664856	0.044327800000019124	epochs	3.0
1291.5128883664856	0.04387980000001335	epochs	3.0
1291.5567681664857	0.0864516999999978	epochs	2.0
1291.5567681664857	0.04344100000002982	epochs	3.0
1291.6002091664857	0.04301069999996798	epochs	3.0
1291.6432198664857	0.08476429999996071	epochs	2.0
1291.6432198664857	0.04258899999990717	epochs	3.0
1291.6858088664856	0.04217530000005354	epochs	3.0
1291.7279841664856	0.08314150000001064	epochs	2.0
1291.7279841664856	0.04176970000003166	epochs	3.0
1291.7697538664856	0.041371799999978975	epochs	3.0
1291.8111256664856	0.08157970000002024	epochs	2.0
1291.8111256664856	0.040981399999964196	epochs	3.0
1291.8521070664856	0.04059830000005604	epochs	3.0
1291.8927053664856	0.08007550000002084	epochs	2.0
1291.8927053664856	0.04022229999986848	epochs	3.0
1291.9329276664855	0.039853200000152356	epochs	3.0
1291.9727808664857	0.07862569999997504	epochs	2.0
1291.9727808664857	0.03949079999983951	epochs	3.0
1292.0122716664855	0.03913490000013553	epochs	3.0
1292.0514065664856	0.07722760000001472	epochs	2.0
1292.0514065664856	0.038785400000051595	epochs	3.0
1292.0901919664857	0.03844219999996312	epochs	3.0
1292.1286341664857	0.07587820000003376	epochs	2.0
1292.1286341664857	0.03810479999992822	epochs	3.0
1292.1667389664856	0.03777340000010554	epochs	3.0
1292.2045123664857	0.07457519999979922	epochs	2.0
1292.2045123664857	0.03744769999980235	epochs	3.0
1292.2419600664855	0.03712749999999687	epochs	3.0
1292.2790875664855	0.07331630000021505	epochs	2.0
1292.2790875664855	0.0368129000000863	epochs	3.0
1292.3159004664856	0.03650340000012875	epochs	3.0
1292.3524038664857	0.07209899999998015	epochs	2.0
1292.3524038664857	0.03619909999997617	epochs	3.0
1292.3886029664857	0.03589990000000398	epochs	3.0
1292.4245028664857	0.07092169999987163	epochs	2.0
1292.4245028664857	0.035605599999826154	epochs	3.0
1292.4601084664855	0.03531610000004548	epochs	3.0
1292.4954245664856	0.06978200000003199	epochs	2.0
1292.4954245664856	0.03503120000004856	epochs	3.0
1292.5304557664856	0.03475079999998343	epochs	3.0
1292.5652065664856	0.06867860000011206	epochs	2.0
1292.5652065664856	0.03447510000000875	epochs	3.0
1292.5996816664856	0.034203500000103304	epochs	3.0
1292.6338851664857	0.06760929999995824	epochs	2.0
1292.6338851664857	0.033936199999970995	epochs	3.0
1292.6678213664857	0.033673099999987244	epochs	3.0
1292.7014944664857	0.06657289999998284	epochs	2.0
1292.7014944664857	0.03341399999999339	epochs	3.0
1292.7349084664856	0.033158899999989444	epochs	3.0
1292.7680673664856	0.06556780000005347	epochs	2.0
1292.7680673664856	0.03290769999989607	epochs	3.0
1292.8009750664855	0.0326601000001574	epochs	3.0
1292.8336351664857	0.06459259999996902	epochs	2.0
1292.8336351664857	0.03241639999987456	epochs	3.0
1292.8660515664856	0.03217620000009447	epochs	3.0
1292.8982277664857	0.06364599999983511	epochs	2.0
1292.8982277664857	0.03193959999998697	epochs	3.0
1292.9301673664856	0.031706399999848145	epochs	3.0
1292.9618737664855	0.0627266999999847	epochs	2.0
1292.9618737664855	0.03147660000013275	epochs	3.0
1292.9933503664856	0.031250099999851955	epochs	3.0
1293.0246004664855	0.06183360000022731	epochs	2.0
1293.0246004664855	0.031026900000142632	epochs	3.0
1293.0556273664856	0.030806700000084675	epochs	3.0
1293.0864340664857	0.060965599999917686	epochs	2.0
1293.0864340664857	0.030589799999916067	epochs	3.0
1293.1170238664856	0.030375800000001618	epochs	3.0
1293.1473996664856	0.06012160000000222	epochs	2.0
1293.1473996664856	0.030164900000045236	epochs	3.0
1293.1775645664857	0.02995669999995698	epochs	3.0
1293.2075212664856	0.05930069999999432	epochs	2.0
1293.2075212664856	0.029751600000054168	epochs	3.0
1293.2372728664857	0.029549099999940154	epochs	3.0
1293.2668219664856	0.05850179999993088	epochs	2.0
1293.2668219664856	0.02934940000000097	epochs	3.0
1293.2961713664856	0.029152399999929912	epochs	3.0
1293.3253237664856	0.05772419999993872	epochs	2.0
1293.3253237664856	0.028958000000102402	epochs	3.0
1293.3542817664857	0.028766199999836317	epochs	3.0
1293.3830479664855	0.05696710000006533	epochs	2.0
1293.3830479664855	0.028577000000041153	epochs	3.0
1293.4116249664855	0.028390100000024177	epochs	3.0
1293.4400150664856	0.05622949999997218	epochs	2.0
1293.4400150664856	0.028205699999944045	epochs	3.0
1293.4682207664855	0.028023800000028132	epochs	3.0
1293.4962445664855	0.05551070000001346	epochs	2.0
1293.4962445664855	0.027843999999959124	epochs	3.0
1293.5240885664855	0.027666700000054334	epochs	3.0
1293.5517552664855	0.054810200000019904	epochs	2.0
1293.5517552664855	0.02749149999999645	epochs	3.0
1293.5792467664855	0.027318700000023455	epochs	3.0
1293.6065654664856	0.05412700000010773	epochs	2.0
1293.6065654664856	0.027147799999966082	epochs	3.0
1293.6337132664855	0.026979200000141645	epochs	3.0
1293.6606924664857	0.053460699999959616	epochs	2.0
1293.6606924664857	0.02681259999985741	epochs	3.0
1293.6875050664855	0.026648100000102204	epochs	3.0
1293.7141531664856	0.05281070000000909	epochs	2.0
1293.7141531664856	0.0264855999998872	epochs	3.0
1293.7406387664855	0.026325100000121893	epochs	3.0
1293.7669638664856	0.052176199999848905	epochs	2.0
1293.7669638664856	0.026166399999965506	epochs	3.0
1293.7931302664856	0.0260097999998834	epochs	3.0
1293.8191400664855	0.05155670000021928	epochs	2.0
1293.8191400664855	0.02585480000016105	epochs	3.0
1293.8449948664856	0.02570190000005823	epochs	3.0
1293.8706967664857	0.05095189999997274	epochs	2.0
1293.8706967664857	0.025550699999939752	epochs	3.0
1293.8962474664856	0.025401200000032986	epochs	3.0
1293.9216486664857	0.050360999999838896	epochs	2.0
1293.9216486664857	0.025253499999962514	epochs	3.0
1293.9469021664856	0.02510749999987638	epochs	3.0
1293.9720096664855	0.04978380000011384	epochs	2.0
1293.9720096664855	0.02496320000000196	epochs	3.0
1293.9969728664855	0.02482060000011188	epochs	3.0
1294.0217934664856	0.04921949999993558	epochs	2.0
1294.0217934664856	0.024679399999968155	epochs	3.0
1294.0464728664856	0.024540099999967424	epochs	3.0
1294.0710129664856	0.04866790000005494	epochs	2.0
1294.0710129664856	0.024402100000088467	epochs	3.0
1294.0954150664857	0.024265799999966475	epochs	3.0
1294.1196808664856	0.048128599999927246	epochs	2.0
1294.1196808664856	0.02413099999989754	epochs	3.0
1294.1438118664855	0.023997600000029706	epochs	3.0
1294.1678094664856	0.047601100000065344	epochs	2.0
1294.1678094664856	0.023865800000066884	epochs	3.0
1294.1916752664856	0.02373529999999846	epochs	3.0
1294.2154105664856	0.04708499999992455	epochs	2.0
1294.2154105664856	0.023606299999983094	epochs	3.0
1294.2390168664856	0.023478699999941455	epochs	3.0
1294.2624955664855	0.046579999999948996	epochs	2.0
1294.2624955664855	0.023352500000100918	epochs	3.0
1294.2858480664856	0.023227499999848078	epochs	3.0
1294.3090755664855	0.046085700000048746	epochs	2.0
1294.3090755664855	0.023104000000103042	epochs	3.0
1294.3321795664856	0.022981699999945704	epochs	3.0
1294.3551612664855	0.045601799999985815	epochs	2.0
1294.3551612664855	0.022860700000137513	epochs	3.0
1294.3780219664857	0.022741099999848302	epochs	3.0
1294.4007630664855	0.04512790000012501	epochs	2.0
1294.4007630664855	0.022622500000125	epochs	3.0
1294.4233855664856	0.02250540000000001	epochs	3.0
1294.4458909664856	0.04466379999985293	epochs	2.0
1294.4458909664856	0.02238929999998618	epochs	3.0
1294.4682802664856	0.022274499999866748	epochs	3.0
1294.4905547664855	0.04420920000006845	epochs	2.0
1294.4905547664855	0.02216080000016518	epochs	3.0
1294.5127155664857	0.022048399999903268	epochs	3.0
1294.5347639664856	0.04376359999992019	epochs	2.0
1294.5347639664856	0.021936900000127935	epochs	3.0
1294.5567008664857	0.021826699999792254	epochs	3.0
1294.5785275664855	0.043327100000169594	epochs	2.0
1294.5785275664855	0.02171760000010181	epochs	3.0
1294.6002451664856	0.021609500000067783	epochs	3.0
1294.6218546664857	0.04289900000003399	epochs	2.0
1294.6218546664857	0.02150249999999687	epochs	3.0
1294.6433571664857	0.021396500000037122	epochs	3.0
1294.6647536664857	0.04247949999989942	epochs	2.0
1294.6647536664857	0.021291699999892444	epochs	3.0
1294.6860453664856	0.021187800000006973	epochs	3.0
1294.7072331664856	0.04206789999989269	epochs	2.0
1294.7072331664856	0.02108490000000529	epochs	3.0
1294.7283180664856	0.020982999999887397	epochs	3.0
1294.7493010664855	0.041664400000172463	epochs	2.0
1294.7493010664855	0.020882200000187368	epochs	3.0
1294.7701832664857	0.020782199999985096	epochs	3.0
1294.7909654664857	0.041268499999887354	epochs	2.0
1294.7909654664857	0.020683299999973315	epochs	3.0
1294.8116487664856	0.02058519999991404	epochs	3.0
1294.8322339664855	0.04088000000001557	epochs	2.0
1294.8322339664855	0.020488099999965925	epochs	3.0
1294.8527220664855	0.020391900000049645	epochs	3.0
1294.8731139664856	0.04049880000002304	epochs	2.0
1294.8731139664856	0.020296599999937825	epochs	3.0
1294.8934105664855	0.020202200000085213	epochs	3.0
1294.9136127664856	0.040124599999899146	epochs	2.0
1294.9136127664856	0.02010870000003706	epochs	3.0
1294.9337214664856	0.020015899999862086	epochs	3.0
1294.9537373664855	0.03975730000001931	epochs	2.0
1294.9537373664855	0.019924200000104975	epochs	3.0
1294.9736615664856	0.01983309999991434	epochs	3.0
1294.9934946664855	0.03939669999999751	epochs	2.0
1294.9934946664855	0.01974300000006224	epochs	3.0
1295.0132376664856	0.01965369999993527	epochs	3.0
1295.0328913664855	0.03904240000019854	epochs	2.0
1295.0328913664855	0.019565100000136226	epochs	3.0
1295.0524564664856	0.019477300000062314	epochs	3.0
1295.0719337664857	0.03869459999987157	epochs	2.0
1295.0719337664857	0.019390399999792862	epochs	3.0
1295.0913241664855	0.01930420000007871	epochs	3.0
1295.1106283664856	0.03835290000006353	epochs	2.0
1295.1106283664856	0.019218800000089686	epochs	3.0
1295.1298471664857	0.01913409999997384	epochs	3.0
1295.1489812664856	0.03801720000001296	epochs	2.0
1295.1489812664856	0.019050200000037876	epochs	3.0
1295.1680314664857	0.018966999999975087	epochs	3.0
1295.1869984664856	0.03768719999993664	epochs	2.0
1295.1869984664856	0.01888450000001285	epochs	3.0
1295.2058829664857	0.01880269999992379	epochs	3.0
1295.2246856664856	0.03736309999999321	epochs	2.0
1295.2246856664856	0.018721700000014607	epochs	3.0
1295.2434073664856	0.018641399999978603	epochs	3.0
1295.2620487664856	0.03704429999993408	epochs	2.0
1295.2620487664856	0.018561600000111866	epochs	3.0
1295.2806103664857	0.018482699999822216	epochs	3.0
1295.2990930664855	0.036731000000145286	epochs	2.0
1295.2990930664855	0.01840430000015658	epochs	3.0
1295.3174973664857	0.018326699999988705	epochs	3.0
1295.3358240664857	0.03642289999993409	epochs	2.0
1295.3358240664857	0.018249599999990096	epochs	3.0
1295.3540736664856	0.018173299999943993	epochs	3.0
1295.3722469664856	0.03612010000006194	epochs	2.0
1295.3722469664856	0.01809759999991911	epochs	3.0
1295.3903445664855	0.018022500000142827	epochs	3.0
1295.4083670664857	0.03582209999990482	epochs	2.0
1295.4083670664857	0.01794789999985369	epochs	3.0
1295.4263149664855	0.017874200000051133	epochs	3.0
1295.4441891664856	0.03552899999999681	epochs	2.0
1295.4441891664856	0.017800800000031813	epochs	3.0
1295.4619899664856	0.017728199999965	epochs	3.0
1295.4797181664856	0.03524070000003121	epochs	2.0
1295.4797181664856	0.017656100000067454	epochs	3.0
1295.4973742664856	0.017584599999963757	epochs	3.0
1295.5149588664856	0.03495709999992869	epochs	2.0
1295.5149588664856	0.017513700000108656	epochs	3.0
1295.5324725664857	0.01744339999982003	epochs	3.0
1295.5499159664855	0.03467790000013338	epochs	2.0
1295.5499159664855	0.01737360000015542	epochs	3.0
1295.5672895664857	0.017304299999977957	epochs	3.0
1295.5845938664856	0.03440329999989444	epochs	2.0
1295.5845938664856	0.017235699999901044	epochs	3.0
1295.6018295664855	0.0171675999999934	epochs	3.0
1295.6189971664855	0.03413279999995211	epochs	2.0
1295.6189971664855	0.01709989999994832	epochs	3.0
1295.6360970664855	0.017032900000003792	epochs	3.0
1295.6531299664855	0.03386670000008962	epochs	2.0
1295.6531299664855	0.01696640000000116	epochs	3.0
1295.6700963664855	0.016900300000088464	epochs	3.0
1295.6869966664856	0.03360459999998966	epochs	2.0
1295.6869966664856	0.01683479999996962	epochs	3.0
1295.7038314664856	0.01676980000002004	epochs	3.0
1295.7206012664856	0.033346599999958926	epochs	2.0
1295.7206012664856	0.016705300000012357	epochs	3.0
1295.7373065664856	0.01664129999994657	epochs	3.0
1295.7539478664855	0.03309250000006614	epochs	2.0
1295.7539478664855	0.016577800000050047	epochs	3.0
1295.7705256664856	0.01651470000001609	epochs	3.0
1295.7870403664856	0.032842300000083924	epochs	2.0
1295.7870403664856	0.01645220000000336	epochs	3.0
1295.8034925664856	0.016390100000080565	epochs	3.0
1295.8198826664857	0.03259570000000167	epochs	2.0
1295.8198826664857	0.016328400000020338	epochs	3.0
1295.8362110664857	0.016267299999981333	epochs	3.0
1295.8524783664857	0.032352899999978035	epochs	2.0
1295.8524783664857	0.016206599999804894	epochs	3.0
1295.8686849664855	0.01614630000017314	epochs	3.0
1295.8848312664857	0.03211369999985436	epochs	2.0
1295.8848312664857	0.01608659999988049	epochs	3.0
1295.9009178664855	0.01602709999997387	epochs	3.0
1295.9169449664855	0.03187800000000607	epochs	2.0
1295.9169449664855	0.015968200000088473	epochs	3.0
1295.9329131664856	0.015909799999917595	epochs	3.0
1295.9488229664855	0.03164570000012645	epochs	2.0
1295.9488229664855	0.01585160000013275	epochs	3.0
1295.9646745664857	0.015794099999993705	epochs	3.0
1295.9804686664856	0.031416699999908815	epochs	2.0
1295.9804686664856	0.01573669999993399	epochs	3.0
1295.9962053664856	0.015679999999974825	epochs	3.0
1296.0118853664856	0.031191100000114602	epochs	2.0
1296.0118853664856	0.015623600000026272	epochs	3.0
1296.0275089664856	0.01556750000008833	epochs	3.0
1296.0430764664857	0.030968699999903038	epochs	2.0
1296.0430764664857	0.015511999999944237	epochs	3.0
1296.0585884664856	0.0154566999999588	epochs	3.0
1296.0740451664856	0.030749499999956242	epochs	2.0
1296.0740451664856	0.015401999999994587	epochs	3.0
1296.0894471664856	0.015347499999961656	epochs	3.0
1296.1047946664855	0.03053320000003623	epochs	2.0
1296.1047946664855	0.015293400000018664	epochs	3.0
1296.1200880664856	0.015239800000017567	epochs	3.0
1296.1353278664856	0.030320099999926242	epochs	2.0
1296.1353278664856	0.015186500000027081	epochs	3.0
1296.1505143664856	0.015133599999899161	epochs	3.0
1296.1656479664855	0.03010990000007041	epochs	2.0
1296.1656479664855	0.015081000000009226	epochs	3.0
1296.1807289664855	0.015028900000061185	epochs	3.0
1296.1957578664856	0.029902499999934662	epochs	2.0
1296.1957578664856	0.014977000000044427	epochs	3.0
1296.2107348664856	0.014925499999890235	epochs	3.0
1296.2256603664855	0.0296981000001324	epochs	2.0
1296.2256603664855	0.014874400000053356	epochs	3.0
1296.2405347664856	0.014823700000079043	epochs	3.0
1296.2553584664856	0.029496299999891562	epochs	2.0
1296.2553584664856	0.014773200000036013	epochs	3.0
1296.2701316664857	0.014723099999855549	epochs	3.0
1296.2848547664855	0.029297400000132257	epochs	2.0
1296.2848547664855	0.014673399999992398	epochs	3.0
1296.2995281664855	0.014624000000139858	epochs	3.0
1296.3141521664857	0.029101099999934377	epochs	2.0
1296.3141521664857	0.014574899999843183	epochs	3.0
1296.3287270664855	0.014526200000091194	epochs	3.0
1296.3432532664856	0.028907399999980044	epochs	2.0
1296.3432532664856	0.014477700000043114	epochs	3.0
1296.3577309664856	0.014429699999936929	epochs	3.0
1296.3721606664856	0.028716199999962555	epochs	2.0
1296.3721606664856	0.014381800000137446	epochs	3.0
1296.3865424664857	0.01433439999982511	epochs	3.0
1296.4008768664855	0.02852759999996124	epochs	2.0
1296.4008768664855	0.014287200000126177	epochs	3.0
1296.4151640664857	0.014240399999835063	epochs	3.0
1296.4294044664855	0.028341400000044814	epochs	2.0
1296.4294044664855	0.014193800000157353	epochs	3.0
1296.4435982664857	0.014147599999887461	epochs	3.0
1296.4577458664855	0.028157700000065233	epochs	2.0
1296.4577458664855	0.014101700000082928	epochs	3.0
1296.4718475664856	0.014055999999982305	epochs	3.0
1296.4859035664856	0.027976300000091214	epochs	2.0
1296.4859035664856	0.014010599999892293	epochs	3.0
1296.4999141664855	0.013965700000198922	epochs	3.0
1296.5138798664857	0.027797199999895383	epochs	2.0
1296.5138798664857	0.01392079999982343	epochs	3.0
1296.5278006664855	0.013876400000071953	epochs	3.0
1296.5416770664856	0.027620399999932488	epochs	2.0
1296.5416770664856	0.013832200000024386	epochs	3.0
1296.5555092664856	0.013788199999908102	epochs	3.0
1296.5692974664855	0.027445899999975154	epochs	2.0
1296.5692974664855	0.01374460000010913	epochs	3.0
1296.5830420664856	0.013701299999866023	epochs	3.0
1296.5967433664855	0.0272735000000921	epochs	2.0
1296.5967433664855	0.013658200000008947	epochs	3.0
1296.6104015664855	0.013615300000083153	epochs	3.0
1296.6240168664856	0.027103399999987232	epochs	2.0
1296.6240168664856	0.013572800000019924	epochs	3.0
1296.6375896664856	0.013530599999967308	epochs	3.0
1296.6511202664856	0.02693520000002536	epochs	2.0
1296.6511202664856	0.01348839999991469	epochs	3.0
1296.6646086664855	0.01344680000011067	epochs	3.0
1296.6780554664856	0.026769199999989723	epochs	2.0
1296.6780554664856	0.013405200000079276	epochs	3.0
1296.6914606664857	0.013363999999910448	epochs	3.0
1296.7048246664856	0.026605199999949036	epochs	2.0
1296.7048246664856	0.013322900000048321	epochs	3.0
1296.7181475664856	0.013282299999900715	epochs	3.0
1296.7314298664855	0.026443200000130673	epochs	2.0
1296.7314298664855	0.013241699999980483	epochs	3.0
1296.7446715664855	0.01320150000015019	epochs	3.0
1296.7578730664857	0.026283199999852513	epochs	2.0
1296.7578730664857	0.013161500000023807	epochs	3.0
1296.7710345664857	0.013121699999828706	epochs	3.0
1296.7841562664855	0.02612500000009277	epochs	2.0
1296.7841562664855	0.013082100000019636	epochs	3.0
1296.7972383664855	0.013042900000073132	epochs	3.0
1296.8102812664856	0.025968899999952555	epochs	2.0
1296.8102812664856	0.01300390000005791	epochs	3.0
1296.8232851664857	0.012964999999894644	epochs	3.0
1296.8362501664856	0.025814500000024054	epochs	2.0
1296.8362501664856	0.012926399999969362	epochs	3.0
1296.8491765664855	0.012888100000054692	epochs	3.0
1296.8620646664856	0.025661899999931848	epochs	2.0
1296.8620646664856	0.012849899999991976	epochs	3.0
1296.8749145664856	0.012811999999939871	epochs	3.0
1296.8877265664855	0.025511199999982637	epochs	2.0
1296.8877265664855	0.012774400000125752	epochs	3.0
1296.9005009664857	0.012736799999856885	epochs	3.0
1296.9132377664855	0.025362300000097093	epochs	2.0
1296.9132377664855	0.01269969999998466	epochs	3.0
1296.9259374664855	0.012662600000112434	epochs	3.0
1296.9386000664856	0.025214999999889187	epochs	2.0
1296.9386000664856	0.012625800000023446	epochs	3.0
1296.9512258664856	0.012589199999865741	epochs	3.0
1296.9638150664855	0.02458480000018426	epochs	2.0
1296.9869850664857	0.5	epochs	-1.0
1296.9883998664857	0.9999199999999746	epochs	1.0
1297.4869850664857	0.5	epochs	-1.0
1299.2179999351501	0.09840000000008331	epochs	0.0
1299.2179999351501	0.0442012999999406	epochs	1.0
1299.26220123515	0.009997399999974732	epochs	1.0
1299.27219863515	0.044201300000167976	epochs	1.0
1299.3163999351502	2.0	epochs	0.0
1301.3163999351502	0.5212799999999334	epochs	0.0
1301.3163999351502	0.5212799999999334	epochs	1.0
1301.3164251351502	0.5	epochs	-1.0
1301.8164251351502	0.0212547999999515	epochs	-1.0
1301.8376799351502	21.47864000000004	epochs	0.0
1303.0009999275208	0.09840000000008331	epochs	0.0
1303.0009999275208	0.0442012999999406	epochs	1.0
1303.0452012275207	0.009997399999974732	epochs	1.0
1303.0551986275207	0.044201300000167976	epochs	1.0
1303.0993999275208	2.0	epochs	0.0
1305.0993999275208	0.5215999999998076	epochs	0.0
1305.0993999275208	0.5215999999998076	epochs	1.0
1305.0994251275208	0.5	epochs	-1.0
1305.5994251275208	0.0215747999998257	epochs	-1.0
1305.6209999275206	21.478320000000167	epochs	0.0
1306.9159998893738	0.09840000000008331	epochs	0.0
1306.9159998893738	0.0442012999999406	epochs	1.0
1306.9602011893737	0.009997399999974732	epochs	1.0
1306.9701985893737	0.044201300000167976	epochs	1.0
1307.0143998893739	2.0	epochs	0.0
1309.0143998893739	0.5010399999998754	epochs	0.0
1309.0143998893739	0.5010399999998754	epochs	1.0
1309.0144250893738	0.5	epochs	-1.0
1309.5144250893738	0.001014799999893512	epochs	-1.0
1309.5154398893737	21.4988800000001	epochs	0.0
1310.8329997062683	0.09840000000008331	epochs	0.0
1310.8329997062683	0.0442012999999406	epochs	1.0
1310.8772010062683	0.009997399999974732	epochs	1.0
1310.8871984062682	0.044201300000167976	epochs	1.0
1310.9313997062684	2.0	epochs	0.0
1312.9313997062684	0.5014400000000023	epochs	0.0
1312.9313997062684	0.5014400000000023	epochs	1.0
1312.9314249062684	0.5	epochs	-1.0
1313.4314249062684	0.0014148000000204775	epochs	-1.0
1313.4328397062684	21.498479999999972	epochs	0.0
1314.615999698639	0.09840000000008331	epochs	0.0
1314.615999698639	0.0442012999999406	epochs	1.0
1314.6602009986389	0.009997399999974732	epochs	1.0
1314.6701983986388	0.044201300000167976	epochs	1.0
1314.714399698639	2.0	epochs	0.0
1316.714399698639	21.52080000000001	epochs	0.0
1316.714399698639	1.0	epochs	1.0
1316.714424898639	0.5	epochs	-1.0
1317.214424898639	19.998559999999998	epochs	-1.0
1317.714399698639	20.0	epochs	1.0
1317.714399698639	4.3567538999998305	epochs	-1.0
1317.714399698639	1.9745871999998599	epochs	2.0
1317.714399698639	1.098562199999833	epochs	3.0
1318.8129618986388	0.8760250000000269	epochs	3.0
1319.6889868986389	1.3524075000000266	epochs	2.0
1319.6889868986389	0.7286355000001095	epochs	3.0
1320.417622398639	0.6237719999999172	epochs	3.0
1321.0413943986389	1.029759199999944	epochs	2.0
1321.0413943986389	0.5453293000000485	epochs	3.0
1321.586723698639	0.4844298999998955	epochs	3.0
1322.0711535986388	0.8317862000001242	epochs	2.0
1322.0711535986388	0.4357763000000432	epochs	3.0
1322.5069298986389	0.39600990000008096	epochs	3.0
1322.902939798639	0.6977970000000369	epochs	2.0
1322.902939798639	0.3628982000000178	epochs	3.0
1323.265837998639	0.33489880000001904	epochs	3.0
1323.600736798639	0.601045699999986	epochs	2.0
1323.600736798639	0.3109122999999272	epochs	3.0
1323.911649098639	0.2901334000000588	epochs	3.0
1324.201782498639	0.5278859000000011	epochs	2.0
1324.201782498639	0.2719585999998344	epochs	3.0
1324.4737410986388	0.2559273000001667	epochs	3.0
1324.729668398639	0.470619299999953	epochs	2.0
1324.729668398639	0.241681299999982	epochs	3.0
1324.971349698639	0.228937999999971	epochs	3.0
1325.200287698639	0.42457039999999324	epochs	2.0
1325.200287698639	0.21747140000002219	epochs	3.0
1325.417759098639	0.20709899999997106	epochs	3.0
1325.624858098639	0.3867353999999068	epochs	2.0
1325.624858098639	0.19767109999997956	epochs	3.0
1325.822529198639	0.18906429999992724	epochs	3.0
1326.0115934986388	0.35509530000013	epochs	2.0
1326.0115934986388	0.18117590000019845	epochs	3.0
1326.192769398639	0.17391939999993156	epochs	3.0
1326.366688798639	0.3282431000000088	epochs	2.0
1326.366688798639	0.16722189999995862	epochs	3.0
1326.533910698639	0.16102120000005016	epochs	3.0
1326.694931898639	0.3051679999998669	epochs	2.0
1326.694931898639	0.15526389999990897	epochs	3.0
1326.8501957986389	0.1499040999999579	epochs	3.0
1327.0000998986388	0.28512530000011793	epochs	2.0
1327.0000998986388	0.1449021000000812	epochs	3.0
1327.145001998639	0.14022320000003674	epochs	3.0
1327.285225198639	0.2675537999998596	epochs	2.0
1327.285225198639	0.1358368999999584	epochs	3.0
1327.421062098639	0.13171689999990122	epochs	3.0
1327.5527789986388	0.25202290000015637	epochs	2.0
1327.5527789986388	0.1278393000000051	epochs	3.0
1327.6806182986388	0.12418360000015127	epochs	3.0
1327.804801898639	0.23819649999995818	epochs	2.0
1327.804801898639	0.12073110000005727	epochs	3.0
1327.925532998639	0.11746539999990091	epochs	3.0
1328.042998398639	0.2258088000000953	epochs	2.0
1328.042998398639	0.1143718999999237	epochs	3.0
1328.1573702986389	0.11143690000017159	epochs	3.0
1328.268807198639	0.21464599999990241	epochs	2.0
1328.268807198639	0.10864889999993466	epochs	3.0
1328.377456098639	0.10599709999996776	epochs	3.0
1328.483453198639	0.20453500000007807	epochs	2.0
1328.483453198639	0.10347150000006877	epochs	3.0
1328.586924698639	0.1010635000000093	epochs	3.0
1328.687988198639	0.19533400000000256	epochs	2.0
1328.687988198639	0.09876509999980954	epochs	3.0
1328.7867532986388	0.09656890000019303	epochs	3.0
1328.883322198639	0.18692529999998442	epochs	2.0
1328.883322198639	0.09446830000001682	epochs	3.0
1328.977790498639	0.09245699999996759	epochs	3.0
1329.070247498639	0.17921069999988504	epochs	2.0
1329.070247498639	0.09052959999985433	epochs	3.0
1329.1607770986388	0.08868110000003071	epochs	3.0
1329.2494581986389	0.17210769999996955	epochs	2.0
1329.2494581986389	0.08690630000000965	epochs	3.0
1329.3363644986389	0.0852013999999599	epochs	3.0
1329.4215658986388	0.16554640000003928	epochs	2.0
1329.4215658986388	0.08356190000017705	epochs	3.0
1329.505127798639	0.08198449999986224	epochs	3.0
1329.5871122986389	0.15946710000002895	epochs	2.0
1329.5871122986389	0.08046540000009372	epochs	3.0
1329.667577698639	0.07900169999993523	epochs	3.0
1329.746579398639	0.15381840000009106	epochs	2.0
1329.746579398639	0.07759009999995214	epochs	3.0
1329.8241694986389	0.07622830000013892	epochs	3.0
1329.900397798639	0.14855639999996129	epochs	2.0
1329.900397798639	0.07491329999993468	epochs	3.0
1329.975311098639	0.0736431000000266	epochs	3.0
1330.048954198639	0.1436423999998624	epochs	2.0
1330.048954198639	0.07241499999986445	epochs	3.0
1330.1213691986388	0.07122739999999794	epochs	3.0
1330.1925965986388	0.13904309999998077	epochs	2.0
1330.1925965986388	0.07007800000019415	epochs	3.0
1330.262674598639	0.06896509999978662	epochs	3.0
1330.3316396986388	0.1347293000001173	epochs	2.0
1330.3316396986388	0.0678871000000072	epochs	3.0
1330.3995267986388	0.0668422000001101	epochs	3.0
1330.466368998639	0.1306752000000415	epochs	2.0
1330.466368998639	0.06582909999997355	epochs	3.0
1330.532198098639	0.06484610000006796	epochs	3.0
1330.597044198639	0.1268577999999252	epochs	2.0
1330.597044198639	0.06389199999989614	epochs	3.0
1330.6609361986389	0.06296580000002905	epochs	3.0
1330.723901998639	0.12325720000012552	epochs	2.0
1330.723901998639	0.06206580000002759	epochs	3.0
1330.785967798639	0.06119140000009793	epochs	3.0
1330.847159198639	0.11985540000000583	epochs	2.0
1330.847159198639	0.060341099999959624	epochs	3.0
1330.907500298639	0.059514300000046205	epochs	3.0
1330.967014598639	0.1166361999999026	epochs	2.0
1330.967014598639	0.058709599999929196	epochs	3.0
1331.025724198639	0.057926599999973405	epochs	3.0
1331.083650798639	0.11358560000007856	epochs	2.0
1331.083650798639	0.05716419999998834	epochs	3.0
1331.140814998639	0.056421400000090216	epochs	3.0
1331.197236398639	0.11069049999991876	epochs	2.0
1331.197236398639	0.05569789999981367	epochs	3.0
1331.2529342986388	0.054992600000105085	epochs	3.0
1331.307926898639	0.1079391000000669	epochs	2.0
1331.307926898639	0.05430490000003374	epochs	3.0
1331.362231798639	0.05363420000003316	epochs	3.0
1331.415865998639	0.10532149999994544	epochs	2.0
1331.415865998639	0.05297999999993408	epochs	3.0
1331.468845998639	0.052341500000011365	epochs	3.0
1331.521187498639	0.10282759999995505	epochs	2.0
1331.521187498639	0.05171810000001642	epochs	3.0
1331.572905598639	0.051109499999938635	epochs	3.0
1331.624015098639	0.10044910000010532	epochs	2.0
1331.624015098639	0.050514900000052876	epochs	3.0
1331.674529998639	0.04993420000005244	epochs	3.0
1331.724464198639	0.0981782999999723	epochs	2.0
1331.724464198639	0.04936659999998483	epochs	3.0
1331.773830798639	0.04881169999998747	epochs	3.0
1331.822642498639	0.09600780000005216	epochs	2.0
1331.822642498639	0.04826920000004975	epochs	3.0
1331.870911698639	0.04773860000000241	epochs	3.0
1331.918650298639	0.09393119999981536	epochs	2.0
1331.918650298639	0.04721949999998287	epochs	3.0
1331.965869798639	0.04671169999983249	epochs	3.0
1332.0125814986388	0.09194260000003851	epochs	2.0
1332.0125814986388	0.046214599999984785	epochs	3.0
1332.0587960986388	0.045728000000053726	epochs	3.0
1332.1045240986389	0.09003630000006524	epochs	2.0
1332.1045240986389	0.045251499999949374	epochs	3.0
1332.1497755986388	0.044784800000115865	epochs	3.0
1332.194560398639	0.08820760000003247	epochs	2.0
1332.194560398639	0.044327800000019124	epochs	3.0
1332.238888198639	0.04387980000001335	epochs	3.0
1332.282767998639	0.0864516999999978	epochs	2.0
1332.282767998639	0.04344100000002982	epochs	3.0
1332.326208998639	0.04301069999996798	epochs	3.0
1332.369219698639	0.08476429999996071	epochs	2.0
1332.369219698639	0.04258899999990717	epochs	3.0
1332.4118086986389	0.04217530000005354	epochs	3.0
1332.453983998639	0.08314150000001064	epochs	2.0
1332.453983998639	0.04176970000003166	epochs	3.0
1332.495753698639	0.041371799999978975	epochs	3.0
1332.537125498639	0.08157970000002024	epochs	2.0
1332.537125498639	0.040981399999964196	epochs	3.0
1332.578106898639	0.04059830000005604	epochs	3.0
1332.618705198639	0.08007550000002084	epochs	2.0
1332.618705198639	0.04022229999986848	epochs	3.0
1332.6589274986388	0.039853200000152356	epochs	3.0
1332.698780698639	0.07862569999997504	epochs	2.0
1332.698780698639	0.03949079999983951	epochs	3.0
1332.7382714986388	0.03913490000013553	epochs	3.0
1332.777406398639	0.07722760000001472	epochs	2.0
1332.777406398639	0.038785400000051595	epochs	3.0
1332.816191798639	0.03844219999996312	epochs	3.0
1332.854633998639	0.07587820000003376	epochs	2.0
1332.854633998639	0.03810479999992822	epochs	3.0
1332.892738798639	0.03777340000010554	epochs	3.0
1332.930512198639	0.07457519999979922	epochs	2.0
1332.930512198639	0.03744769999980235	epochs	3.0
1332.9679598986388	0.03712749999999687	epochs	3.0
1333.0050873986388	0.07331630000021505	epochs	2.0
1333.0050873986388	0.0368129000000863	epochs	3.0
1333.041900298639	0.03650340000012875	epochs	3.0
1333.078403698639	0.07209899999998015	epochs	2.0
1333.078403698639	0.03619909999997617	epochs	3.0
1333.114602798639	0.03589990000000398	epochs	3.0
1333.150502698639	0.07092169999987163	epochs	2.0
1333.150502698639	0.035605599999826154	epochs	3.0
1333.1861082986388	0.03531610000004548	epochs	3.0
1333.2214243986389	0.06978200000003199	epochs	2.0
1333.2214243986389	0.03503120000004856	epochs	3.0
1333.256455598639	0.03475079999998343	epochs	3.0
1333.291206398639	0.06867860000011206	epochs	2.0
1333.291206398639	0.03447510000000875	epochs	3.0
1333.325681498639	0.034203500000103304	epochs	3.0
1333.359884998639	0.06760929999995824	epochs	2.0
1333.359884998639	0.033936199999970995	epochs	3.0
1333.393821198639	0.033673099999987244	epochs	3.0
1333.427494298639	0.06657289999998284	epochs	2.0
1333.427494298639	0.03341399999999339	epochs	3.0
1333.460908298639	0.033158899999989444	epochs	3.0
1333.494067198639	0.06556780000005347	epochs	2.0
1333.494067198639	0.03290769999989607	epochs	3.0
1333.5269748986389	0.0326601000001574	epochs	3.0
1333.559634998639	0.06459259999996902	epochs	2.0
1333.559634998639	0.03241639999987456	epochs	3.0
1333.592051398639	0.03217620000009447	epochs	3.0
1333.624227598639	0.06364599999983511	epochs	2.0
1333.624227598639	0.03193959999998697	epochs	3.0
1333.656167198639	0.031706399999848145	epochs	3.0
1333.6878735986388	0.0627266999999847	epochs	2.0
1333.6878735986388	0.03147660000013275	epochs	3.0
1333.719350198639	0.031250099999851955	epochs	3.0
1333.7506002986388	0.06183360000022731	epochs	2.0
1333.7506002986388	0.031026900000142632	epochs	3.0
1333.781627198639	0.030806700000084675	epochs	3.0
1333.812433898639	0.060965599999917686	epochs	2.0
1333.812433898639	0.030589799999916067	epochs	3.0
1333.843023698639	0.030375800000001618	epochs	3.0
1333.873399498639	0.06012160000000222	epochs	2.0
1333.873399498639	0.030164900000045236	epochs	3.0
1333.903564398639	0.02995669999995698	epochs	3.0
1333.933521098639	0.05930069999999432	epochs	2.0
1333.933521098639	0.029751600000054168	epochs	3.0
1333.963272698639	0.029549099999940154	epochs	3.0
1333.992821798639	0.05850179999993088	epochs	2.0
1333.992821798639	0.02934940000000097	epochs	3.0
1334.022171198639	0.029152399999929912	epochs	3.0
1334.0513235986389	0.05772419999993872	epochs	2.0
1334.0513235986389	0.028958000000102402	epochs	3.0
1334.080281598639	0.028766199999836317	epochs	3.0
1334.1090477986388	0.05696710000006533	epochs	2.0
1334.1090477986388	0.028577000000041153	epochs	3.0
1334.1376247986389	0.028390100000024177	epochs	3.0
1334.1660148986389	0.05622949999997218	epochs	2.0
1334.1660148986389	0.028205699999944045	epochs	3.0
1334.1942205986388	0.028023800000028132	epochs	3.0
1334.2222443986388	0.05551070000001346	epochs	2.0
1334.2222443986388	0.027843999999959124	epochs	3.0
1334.2500883986388	0.027666700000054334	epochs	3.0
1334.2777550986389	0.054810200000019904	epochs	2.0
1334.2777550986389	0.02749149999999645	epochs	3.0
1334.3052465986389	0.027318700000023455	epochs	3.0
1334.3325652986389	0.05412700000010773	epochs	2.0
1334.3325652986389	0.027147799999966082	epochs	3.0
1334.3597130986388	0.026979200000141645	epochs	3.0
1334.386692298639	0.053460699999959616	epochs	2.0
1334.386692298639	0.02681259999985741	epochs	3.0
1334.4135048986388	0.026648100000102204	epochs	3.0
1334.440152998639	0.05281070000000909	epochs	2.0
1334.440152998639	0.0264855999998872	epochs	3.0
1334.4666385986388	0.026325100000121893	epochs	3.0
1334.492963698639	0.052176199999848905	epochs	2.0
1334.492963698639	0.026166399999965506	epochs	3.0
1334.519130098639	0.0260097999998834	epochs	3.0
1334.5451398986388	0.05155670000021928	epochs	2.0
1334.5451398986388	0.02585480000016105	epochs	3.0
1334.570994698639	0.02570190000005823	epochs	3.0
1334.596696598639	0.05095189999997274	epochs	2.0
1334.596696598639	0.025550699999939752	epochs	3.0
1334.622247298639	0.025401200000032986	epochs	3.0
1334.647648498639	0.050360999999838896	epochs	2.0
1334.647648498639	0.025253499999962514	epochs	3.0
1334.672901998639	0.02510749999987638	epochs	3.0
1334.6980094986388	0.04978380000011384	epochs	2.0
1334.6980094986388	0.02496320000000196	epochs	3.0
1334.7229726986388	0.02482060000011188	epochs	3.0
1334.747793298639	0.04921949999993558	epochs	2.0
1334.747793298639	0.024679399999968155	epochs	3.0
1334.772472698639	0.024540099999967424	epochs	3.0
1334.797012798639	0.04866790000005494	epochs	2.0
1334.797012798639	0.024402100000088467	epochs	3.0
1334.821414898639	0.024265799999966475	epochs	3.0
1334.845680698639	0.048128599999927246	epochs	2.0
1334.845680698639	0.02413099999989754	epochs	3.0
1334.8698116986388	0.023997600000029706	epochs	3.0
1334.8938092986389	0.047601100000065344	epochs	2.0
1334.8938092986389	0.023865800000066884	epochs	3.0
1334.917675098639	0.02373529999999846	epochs	3.0
1334.941410398639	0.04708499999992455	epochs	2.0
1334.941410398639	0.023606299999983094	epochs	3.0
1334.965016698639	0.023478699999941455	epochs	3.0
1334.9884953986389	0.046579999999948996	epochs	2.0
1334.9884953986389	0.023352500000100918	epochs	3.0
1335.011847898639	0.023227499999848078	epochs	3.0
1335.0350753986388	0.046085700000048746	epochs	2.0
1335.0350753986388	0.023104000000103042	epochs	3.0
1335.058179398639	0.022981699999945704	epochs	3.0
1335.0811610986389	0.045601799999985815	epochs	2.0
1335.0811610986389	0.022860700000137513	epochs	3.0
1335.104021798639	0.022741099999848302	epochs	3.0
1335.1267628986388	0.04512790000012501	epochs	2.0
1335.1267628986388	0.022622500000125	epochs	3.0
1335.149385398639	0.02250540000000001	epochs	3.0
1335.171890798639	0.04466379999985293	epochs	2.0
1335.171890798639	0.02238929999998618	epochs	3.0
1335.194280098639	0.022274499999866748	epochs	3.0
1335.2165545986388	0.04420920000006845	epochs	2.0
1335.2165545986388	0.02216080000016518	epochs	3.0
1335.238715398639	0.022048399999903268	epochs	3.0
1335.260763798639	0.04376359999992019	epochs	2.0
1335.260763798639	0.021936900000127935	epochs	3.0
1335.282700698639	0.021826699999792254	epochs	3.0
1335.3045273986388	0.043327100000169594	epochs	2.0
1335.3045273986388	0.02171760000010181	epochs	3.0
1335.326244998639	0.021609500000067783	epochs	3.0
1335.347854498639	0.04289900000003399	epochs	2.0
1335.347854498639	0.02150249999999687	epochs	3.0
1335.369356998639	0.021396500000037122	epochs	3.0
1335.390753498639	0.04247949999989942	epochs	2.0
1335.390753498639	0.021291699999892444	epochs	3.0
1335.412045198639	0.021187800000006973	epochs	3.0
1335.433232998639	0.04206789999989269	epochs	2.0
1335.433232998639	0.02108490000000529	epochs	3.0
1335.454317898639	0.020982999999887397	epochs	3.0
1335.4753008986388	0.041664400000172463	epochs	2.0
1335.4753008986388	0.020882200000187368	epochs	3.0
1335.496183098639	0.020782199999985096	epochs	3.0
1335.516965298639	0.041268499999887354	epochs	2.0
1335.516965298639	0.020683299999973315	epochs	3.0
1335.537648598639	0.02058519999991404	epochs	3.0
1335.5582337986389	0.04088000000001557	epochs	2.0
1335.5582337986389	0.020488099999965925	epochs	3.0
1335.5787218986388	0.020391900000049645	epochs	3.0
1335.5991137986389	0.04049880000002304	epochs	2.0
1335.5991137986389	0.020296599999937825	epochs	3.0
1335.6194103986388	0.020202200000085213	epochs	3.0
1335.639612598639	0.040124599999899146	epochs	2.0
1335.639612598639	0.02010870000003706	epochs	3.0
1335.659721298639	0.020015899999862086	epochs	3.0
1335.6797371986388	0.03975730000001931	epochs	2.0
1335.6797371986388	0.019924200000104975	epochs	3.0
1335.699661398639	0.01983309999991434	epochs	3.0
1335.7194944986388	0.03939669999999751	epochs	2.0
1335.7194944986388	0.01974300000006224	epochs	3.0
1335.7392374986389	0.01965369999993527	epochs	3.0
1335.7588911986388	0.03904240000019854	epochs	2.0
1335.7588911986388	0.019565100000136226	epochs	3.0
1335.778456298639	0.019477300000062314	epochs	3.0
1335.797933598639	0.03869459999987157	epochs	2.0
1335.797933598639	0.019390399999792862	epochs	3.0
1335.8173239986388	0.01930420000007871	epochs	3.0
1335.836628198639	0.03835290000006353	epochs	2.0
1335.836628198639	0.019218800000089686	epochs	3.0
1335.855846998639	0.01913409999997384	epochs	3.0
1335.874981098639	0.03801720000001296	epochs	2.0
1335.874981098639	0.019050200000037876	epochs	3.0
1335.894031298639	0.018966999999975087	epochs	3.0
1335.912998298639	0.03768719999993664	epochs	2.0
1335.912998298639	0.01888450000001285	epochs	3.0
1335.931882798639	0.01880269999992379	epochs	3.0
1335.950685498639	0.03736309999999321	epochs	2.0
1335.950685498639	0.018721700000014607	epochs	3.0
1335.969407198639	0.018641399999978603	epochs	3.0
1335.988048598639	0.03704429999993408	epochs	2.0
1335.988048598639	0.018561600000111866	epochs	3.0
1336.006610198639	0.018482699999822216	epochs	3.0
1336.0250928986388	0.036731000000145286	epochs	2.0
1336.0250928986388	0.01840430000015658	epochs	3.0
1336.043497198639	0.018326699999988705	epochs	3.0
1336.061823898639	0.03642289999993409	epochs	2.0
1336.061823898639	0.018249599999990096	epochs	3.0
1336.080073498639	0.018173299999943993	epochs	3.0
1336.098246798639	0.03612010000006194	epochs	2.0
1336.098246798639	0.01809759999991911	epochs	3.0
1336.1163443986388	0.018022500000142827	epochs	3.0
1336.134366898639	0.03582209999990482	epochs	2.0
1336.134366898639	0.01794789999985369	epochs	3.0
1336.1523147986388	0.017874200000051133	epochs	3.0
1336.1701889986389	0.03552899999999681	epochs	2.0
1336.1701889986389	0.017800800000031813	epochs	3.0
1336.187989798639	0.017728199999965	epochs	3.0
1336.2057179986389	0.03524070000003121	epochs	2.0
1336.2057179986389	0.017656100000067454	epochs	3.0
1336.223374098639	0.017584599999963757	epochs	3.0
1336.240958698639	0.03495709999992869	epochs	2.0
1336.240958698639	0.017513700000108656	epochs	3.0
1336.258472398639	0.01744339999982003	epochs	3.0
1336.2759157986388	0.03467790000013338	epochs	2.0
1336.2759157986388	0.01737360000015542	epochs	3.0
1336.293289398639	0.017304299999977957	epochs	3.0
1336.310593698639	0.03440329999989444	epochs	2.0
1336.310593698639	0.017235699999901044	epochs	3.0
1336.3278293986389	0.0171675999999934	epochs	3.0
1336.3449969986389	0.03413279999995211	epochs	2.0
1336.3449969986389	0.01709989999994832	epochs	3.0
1336.3620968986388	0.017032900000003792	epochs	3.0
1336.3791297986388	0.03386670000008962	epochs	2.0
1336.3791297986388	0.01696640000000116	epochs	3.0
1336.3960961986388	0.016900300000088464	epochs	3.0
1336.412996498639	0.03360459999998966	epochs	2.0
1336.412996498639	0.01683479999996962	epochs	3.0
1336.4298312986389	0.01676980000002004	epochs	3.0
1336.446601098639	0.033346599999958926	epochs	2.0
1336.446601098639	0.016705300000012357	epochs	3.0
1336.463306398639	0.01664129999994657	epochs	3.0
1336.4799476986389	0.03309250000006614	epochs	2.0
1336.4799476986389	0.016577800000050047	epochs	3.0
1336.496525498639	0.01651470000001609	epochs	3.0
1336.513040198639	0.032842300000083924	epochs	2.0
1336.513040198639	0.01645220000000336	epochs	3.0
1336.529492398639	0.016390100000080565	epochs	3.0
1336.545882498639	0.03259570000000167	epochs	2.0
1336.545882498639	0.016328400000020338	epochs	3.0
1336.562210898639	0.016267299999981333	epochs	3.0
1336.578478198639	0.032352899999978035	epochs	2.0
1336.578478198639	0.016206599999804894	epochs	3.0
1336.5946847986388	0.01614630000017314	epochs	3.0
1336.610831098639	0.03211369999985436	epochs	2.0
1336.610831098639	0.01608659999988049	epochs	3.0
1336.6269176986389	0.01602709999997387	epochs	3.0
1336.6429447986388	0.03187800000000607	epochs	2.0
1336.6429447986388	0.015968200000088473	epochs	3.0
1336.658912998639	0.015909799999917595	epochs	3.0
1336.6748227986388	0.03164570000012645	epochs	2.0
1336.6748227986388	0.01585160000013275	epochs	3.0
1336.690674398639	0.015794099999993705	epochs	3.0
1336.706468498639	0.031416699999908815	epochs	2.0
1336.706468498639	0.01573669999993399	epochs	3.0
1336.722205198639	0.015679999999974825	epochs	3.0
1336.7378851986389	0.031191100000114602	epochs	2.0
1336.7378851986389	0.015623600000026272	epochs	3.0
1336.753508798639	0.01556750000008833	epochs	3.0
1336.769076298639	0.030968699999903038	epochs	2.0
1336.769076298639	0.015511999999944237	epochs	3.0
1336.784588298639	0.0154566999999588	epochs	3.0
1336.800044998639	0.030749499999956242	epochs	2.0
1336.800044998639	0.015401999999994587	epochs	3.0
1336.815446998639	0.015347499999961656	epochs	3.0
1336.8307944986389	0.03053320000003623	epochs	2.0
1336.8307944986389	0.015293400000018664	epochs	3.0
1336.8460878986389	0.015239800000017567	epochs	3.0
1336.861327698639	0.030320099999926242	epochs	2.0
1336.861327698639	0.015186500000027081	epochs	3.0
1336.876514198639	0.015133599999899161	epochs	3.0
1336.8916477986388	0.03010990000007041	epochs	2.0
1336.8916477986388	0.015081000000009226	epochs	3.0
1336.9067287986388	0.015028900000061185	epochs	3.0
1336.9217576986389	0.029902499999934662	epochs	2.0
1336.9217576986389	0.014977000000044427	epochs	3.0
1336.936734698639	0.014925499999890235	epochs	3.0
1336.9516601986388	0.0296981000001324	epochs	2.0
1336.9516601986388	0.014874400000053356	epochs	3.0
1336.9665345986389	0.014823700000079043	epochs	3.0
1336.981358298639	0.029496299999891562	epochs	2.0
1336.981358298639	0.014773200000036013	epochs	3.0
1336.996131498639	0.014723099999855549	epochs	3.0
1337.0108545986388	0.029297400000132257	epochs	2.0
1337.0108545986388	0.014673399999992398	epochs	3.0
1337.0255279986388	0.014624000000139858	epochs	3.0
1337.040151998639	0.029101099999934377	epochs	2.0
1337.040151998639	0.014574899999843183	epochs	3.0
1337.0547268986388	0.014526200000091194	epochs	3.0
1337.069253098639	0.028907399999980044	epochs	2.0
1337.069253098639	0.014477700000043114	epochs	3.0
1337.083730798639	0.014429699999936929	epochs	3.0
1337.098160498639	0.028716199999962555	epochs	2.0
1337.098160498639	0.014381800000137446	epochs	3.0
1337.112542298639	0.01433439999982511	epochs	3.0
1337.1268766986389	0.02852759999996124	epochs	2.0
1337.1268766986389	0.014287200000126177	epochs	3.0
1337.141163898639	0.014240399999835063	epochs	3.0
1337.1554042986388	0.028341400000044814	epochs	2.0
1337.1554042986388	0.014193800000157353	epochs	3.0
1337.169598098639	0.014147599999887461	epochs	3.0
1337.1837456986389	0.028157700000065233	epochs	2.0
1337.1837456986389	0.014101700000082928	epochs	3.0
1337.197847398639	0.014055999999982305	epochs	3.0
1337.211903398639	0.027976300000091214	epochs	2.0
1337.211903398639	0.014010599999892293	epochs	3.0
1337.2259139986388	0.013965700000198922	epochs	3.0
1337.239879698639	0.027797199999895383	epochs	2.0
1337.239879698639	0.01392079999982343	epochs	3.0
1337.2538004986388	0.013876400000071953	epochs	3.0
1337.267676898639	0.027620399999932488	epochs	2.0
1337.267676898639	0.013832200000024386	epochs	3.0
1337.281509098639	0.013788199999908102	epochs	3.0
1337.2952972986388	0.027445899999975154	epochs	2.0
1337.2952972986388	0.01374460000010913	epochs	3.0
1337.309041898639	0.013701299999866023	epochs	3.0
1337.3227431986388	0.0272735000000921	epochs	2.0
1337.3227431986388	0.013658200000008947	epochs	3.0
1337.3364013986388	0.013615300000083153	epochs	3.0
1337.350016698639	0.027103399999987232	epochs	2.0
1337.350016698639	0.013572800000019924	epochs	3.0
1337.363589498639	0.013530599999967308	epochs	3.0
1337.377120098639	0.02693520000002536	epochs	2.0
1337.377120098639	0.01348839999991469	epochs	3.0
1337.3906084986388	0.01344680000011067	epochs	3.0
1337.404055298639	0.026769199999989723	epochs	2.0
1337.404055298639	0.013405200000079276	epochs	3.0
1337.417460498639	0.013363999999910448	epochs	3.0
1337.430824498639	0.026605199999949036	epochs	2.0
1337.430824498639	0.013322900000048321	epochs	3.0
1337.444147398639	0.013282299999900715	epochs	3.0
1337.4574296986389	0.026443200000130673	epochs	2.0
1337.4574296986389	0.013241699999980483	epochs	3.0
1337.4706713986388	0.01320150000015019	epochs	3.0
1337.483872898639	0.026283199999852513	epochs	2.0
1337.483872898639	0.013161500000023807	epochs	3.0
1337.497034398639	0.013121699999828706	epochs	3.0
1337.5101560986388	0.02612500000009277	epochs	2.0
1337.5101560986388	0.013082100000019636	epochs	3.0
1337.5232381986389	0.013042900000073132	epochs	3.0
1337.536281098639	0.025968899999952555	epochs	2.0
1337.536281098639	0.01300390000005791	epochs	3.0
1337.549284998639	0.012964999999894644	epochs	3.0
1337.562249998639	0.025814500000024054	epochs	2.0
1337.562249998639	0.012926399999969362	epochs	3.0
1337.5751763986389	0.012888100000054692	epochs	3.0
1337.588064498639	0.025661899999931848	epochs	2.0
1337.588064498639	0.012849899999991976	epochs	3.0
1337.600914398639	0.012811999999939871	epochs	3.0
1337.6137263986388	0.025511199999982637	epochs	2.0
1337.6137263986388	0.012774400000125752	epochs	3.0
1337.626500798639	0.012736799999856885	epochs	3.0
1337.6392375986388	0.025362300000097093	epochs	2.0
1337.6392375986388	0.01269969999998466	epochs	3.0
1337.6519372986388	0.012662600000112434	epochs	3.0
1337.664599898639	0.025214999999889187	epochs	2.0
1337.664599898639	0.012625800000023446	epochs	3.0
1337.677225698639	0.012589199999865741	epochs	3.0
1337.6898148986388	0.02458480000018426	epochs	2.0
1337.712984898639	0.5	epochs	-1.0
1337.714399698639	0.5208000000000084	epochs	1.0
1338.235199698639	0.47911999999996624	epochs	0.0
1339.3009996414185	0.09840000000008331	epochs	0.0
1339.3009996414185	0.0442012999999406	epochs	1.0
1339.3452009414184	0.009997399999974732	epochs	1.0
1339.3551983414184	0.044201300000167976	epochs	1.0
1339.3993996414185	2.0	epochs	0.0
1341.3993996414185	5.360879999999952	epochs	0.0
1341.3993996414185	1.0	epochs	1.0
1341.3994248414185	0.5	epochs	-1.0
1341.8994248414185	4.86085479999997	epochs	-1.0
1342.3993996414185	4.360879999999952	epochs	1.0
1342.3993996414185	4.3567538999998305	epochs	-1.0
1342.3993996414185	1.9745871999998599	epochs	2.0
1342.3993996414185	1.098562199999833	epochs	3.0
1343.4979618414184	0.8760250000000269	epochs	3.0
1344.3739868414184	1.3524075000000266	epochs	2.0
1344.3739868414184	0.7286355000001095	epochs	3.0
1345.1026223414185	0.6237719999999172	epochs	3.0
1345.7263943414184	1.029759199999944	epochs	2.0
1345.7263943414184	0.5453293000000485	epochs	3.0
1346.2717236414185	0.4844298999998955	epochs	3.0
1346.7561535414184	0.004126100000121369	epochs	2.0
1346.7561535414184	0.004126100000121369	epochs	3.0
1346.7602796414185	16.639040000000023	epochs	0.0
1347.7170000076294	0.09840000000008331	epochs	0.0
1347.7170000076294	0.0442012999999406	epochs	1.0
1347.7612013076293	0.009997399999974732	epochs	1.0
1347.7711987076293	0.044201300000167976	epochs	1.0
1347.8154000076295	2.0	epochs	0.0
1349.8154000076295	21.520959999999832	epochs	0.0
1349.8154000076295	1.0	epochs	1.0
1349.8154252076295	0.5	epochs	-1.0
1350.3154252076295	19.99815999999987	epochs	-1.0
1350.8154000076295	20.0	epochs	1.0
1350.8154000076295	4.3567538999998305	epochs	-1.0
1350.8154000076295	1.9745871999998599	epochs	2.0
1350.8154000076295	1.098562199999833	epochs	3.0
1351.9139622076293	0.8760250000000269	epochs	3.0
1352.7899872076293	1.3524075000000266	epochs	2.0
1352.7899872076293	0.7286355000001095	epochs	3.0
1353.5186227076294	0.6237719999999172	epochs	3.0
1354.1423947076294	1.029759199999944	epochs	2.0
1354.1423947076294	0.5453293000000485	epochs	3.0
1354.6877240076294	0.4844298999998955	epochs	3.0
1355.1721539076293	0.8317862000001242	epochs	2.0
1355.1721539076293	0.4357763000000432	epochs	3.0
1355.6079302076294	0.39600990000008096	epochs	3.0
1356.0039401076294	0.6977970000000369	epochs	2.0
1356.0039401076294	0.3628982000000178	epochs	3.0
1356.3668383076295	0.33489880000001904	epochs	3.0
1356.7017371076295	0.601045699999986	epochs	2.0
1356.7017371076295	0.3109122999999272	epochs	3.0
1357.0126494076294	0.2901334000000588	epochs	3.0
1357.3027828076295	0.5278859000000011	epochs	2.0
1357.3027828076295	0.2719585999998344	epochs	3.0
1357.5747414076293	0.2559273000001667	epochs	3.0
1357.8306687076295	0.470619299999953	epochs	2.0
1357.8306687076295	0.241681299999982	epochs	3.0
1358.0723500076294	0.228937999999971	epochs	3.0
1358.3012880076294	0.42457039999999324	epochs	2.0
1358.3012880076294	0.21747140000002219	epochs	3.0
1358.5187594076294	0.20709899999997106	epochs	3.0
1358.7258584076294	0.3867353999999068	epochs	2.0
1358.7258584076294	0.19767109999997956	epochs	3.0
1358.9235295076294	0.18906429999992724	epochs	3.0
1359.1125938076293	0.35509530000013	epochs	2.0
1359.1125938076293	0.18117590000019845	epochs	3.0
1359.2937697076295	0.17391939999993156	epochs	3.0
1359.4676891076294	0.3282431000000088	epochs	2.0
1359.4676891076294	0.16722189999995862	epochs	3.0
1359.6349110076294	0.16102120000005016	epochs	3.0
1359.7959322076294	0.3051679999998669	epochs	2.0
1359.7959322076294	0.15526389999990897	epochs	3.0
1359.9511961076294	0.1499040999999579	epochs	3.0
1360.1011002076293	0.28512530000011793	epochs	2.0
1360.1011002076293	0.1449021000000812	epochs	3.0
1360.2460023076294	0.14022320000003674	epochs	3.0
1360.3862255076294	0.2675537999998596	epochs	2.0
1360.3862255076294	0.1358368999999584	epochs	3.0
1360.5220624076294	0.13171689999990122	epochs	3.0
1360.6537793076293	0.25202290000015637	epochs	2.0
1360.6537793076293	0.1278393000000051	epochs	3.0
1360.7816186076293	0.12418360000015127	epochs	3.0
1360.9058022076294	0.23819649999995818	epochs	2.0
1360.9058022076294	0.12073110000005727	epochs	3.0
1361.0265333076295	0.11746539999990091	epochs	3.0
1361.1439987076294	0.2258088000000953	epochs	2.0
1361.1439987076294	0.1143718999999237	epochs	3.0
1361.2583706076293	0.11143690000017159	epochs	3.0
1361.3698075076295	0.21464599999990241	epochs	2.0
1361.3698075076295	0.10864889999993466	epochs	3.0
1361.4784564076294	0.10599709999996776	epochs	3.0
1361.5844535076294	0.20453500000007807	epochs	2.0
1361.5844535076294	0.10347150000006877	epochs	3.0
1361.6879250076295	0.1010635000000093	epochs	3.0
1361.7889885076295	0.19533400000000256	epochs	2.0
1361.7889885076295	0.09876509999980954	epochs	3.0
1361.8877536076293	0.09656890000019303	epochs	3.0
1361.9843225076295	0.18692529999998442	epochs	2.0
1361.9843225076295	0.09446830000001682	epochs	3.0
1362.0787908076295	0.09245699999996759	epochs	3.0
1362.1712478076295	0.17921069999988504	epochs	2.0
1362.1712478076295	0.09052959999985433	epochs	3.0
1362.2617774076293	0.08868110000003071	epochs	3.0
1362.3504585076294	0.17210769999996955	epochs	2.0
1362.3504585076294	0.08690630000000965	epochs	3.0
1362.4373648076294	0.0852013999999599	epochs	3.0
1362.5225662076293	0.16554640000003928	epochs	2.0
1362.5225662076293	0.08356190000017705	epochs	3.0
1362.6061281076295	0.08198449999986224	epochs	3.0
1362.6881126076294	0.15946710000002895	epochs	2.0
1362.6881126076294	0.08046540000009372	epochs	3.0
1362.7685780076295	0.07900169999993523	epochs	3.0
1362.8475797076294	0.15381840000009106	epochs	2.0
1362.8475797076294	0.07759009999995214	epochs	3.0
1362.9251698076293	0.07622830000013892	epochs	3.0
1363.0013981076295	0.14855639999996129	epochs	2.0
1363.0013981076295	0.07491329999993468	epochs	3.0
1363.0763114076294	0.0736431000000266	epochs	3.0
1363.1499545076294	0.1436423999998624	epochs	2.0
1363.1499545076294	0.07241499999986445	epochs	3.0
1363.2223695076293	0.07122739999999794	epochs	3.0
1363.2935969076293	0.13904309999998077	epochs	2.0
1363.2935969076293	0.07007800000019415	epochs	3.0
1363.3636749076295	0.06896509999978662	epochs	3.0
1363.4326400076293	0.1347293000001173	epochs	2.0
1363.4326400076293	0.0678871000000072	epochs	3.0
1363.5005271076293	0.0668422000001101	epochs	3.0
1363.5673693076294	0.1306752000000415	epochs	2.0
1363.5673693076294	0.06582909999997355	epochs	3.0
1363.6331984076294	0.06484610000006796	epochs	3.0
1363.6980445076294	0.1268577999999252	epochs	2.0
1363.6980445076294	0.06389199999989614	epochs	3.0
1363.7619365076293	0.06296580000002905	epochs	3.0
1363.8249023076294	0.12325720000012552	epochs	2.0
1363.8249023076294	0.06206580000002759	epochs	3.0
1363.8869681076294	0.06119140000009793	epochs	3.0
1363.9481595076295	0.11985540000000583	epochs	2.0
1363.9481595076295	0.060341099999959624	epochs	3.0
1364.0085006076295	0.059514300000046205	epochs	3.0
1364.0680149076295	0.1166361999999026	epochs	2.0
1364.0680149076295	0.058709599999929196	epochs	3.0
1364.1267245076294	0.057926599999973405	epochs	3.0
1364.1846511076294	0.11358560000007856	epochs	2.0
1364.1846511076294	0.05716419999998834	epochs	3.0
1364.2418153076294	0.056421400000090216	epochs	3.0
1364.2982367076295	0.11069049999991876	epochs	2.0
1364.2982367076295	0.05569789999981367	epochs	3.0
1364.3539346076293	0.054992600000105085	epochs	3.0
1364.4089272076294	0.1079391000000669	epochs	2.0
1364.4089272076294	0.05430490000003374	epochs	3.0
1364.4632321076294	0.05363420000003316	epochs	3.0
1364.5168663076295	0.10532149999994544	epochs	2.0
1364.5168663076295	0.05297999999993408	epochs	3.0
1364.5698463076294	0.052341500000011365	epochs	3.0
1364.6221878076294	0.10282759999995505	epochs	2.0
1364.6221878076294	0.05171810000001642	epochs	3.0
1364.6739059076294	0.051109499999938635	epochs	3.0
1364.7250154076294	0.10044910000010532	epochs	2.0
1364.7250154076294	0.050514900000052876	epochs	3.0
1364.7755303076294	0.04993420000005244	epochs	3.0
1364.8254645076295	0.0981782999999723	epochs	2.0
1364.8254645076295	0.04936659999998483	epochs	3.0
1364.8748311076295	0.04881169999998747	epochs	3.0
1364.9236428076294	0.09600780000005216	epochs	2.0
1364.9236428076294	0.04826920000004975	epochs	3.0
1364.9719120076295	0.04773860000000241	epochs	3.0
1365.0196506076295	0.09393119999981536	epochs	2.0
1365.0196506076295	0.04721949999998287	epochs	3.0
1365.0668701076295	0.04671169999983249	epochs	3.0
1365.1135818076293	0.09194260000003851	epochs	2.0
1365.1135818076293	0.046214599999984785	epochs	3.0
1365.1597964076293	0.045728000000053726	epochs	3.0
1365.2055244076294	0.09003630000006524	epochs	2.0
1365.2055244076294	0.045251499999949374	epochs	3.0
1365.2507759076293	0.044784800000115865	epochs	3.0
1365.2955607076294	0.08820760000003247	epochs	2.0
1365.2955607076294	0.044327800000019124	epochs	3.0
1365.3398885076294	0.04387980000001335	epochs	3.0
1365.3837683076295	0.0864516999999978	epochs	2.0
1365.3837683076295	0.04344100000002982	epochs	3.0
1365.4272093076295	0.04301069999996798	epochs	3.0
1365.4702200076295	0.08476429999996071	epochs	2.0
1365.4702200076295	0.04258899999990717	epochs	3.0
1365.5128090076294	0.04217530000005354	epochs	3.0
1365.5549843076294	0.08314150000001064	epochs	2.0
1365.5549843076294	0.04176970000003166	epochs	3.0
1365.5967540076294	0.041371799999978975	epochs	3.0
1365.6381258076294	0.08157970000002024	epochs	2.0
1365.6381258076294	0.040981399999964196	epochs	3.0
1365.6791072076294	0.04059830000005604	epochs	3.0
1365.7197055076294	0.08007550000002084	epochs	2.0
1365.7197055076294	0.04022229999986848	epochs	3.0
1365.7599278076293	0.039853200000152356	epochs	3.0
1365.7997810076295	0.07862569999997504	epochs	2.0
1365.7997810076295	0.03949079999983951	epochs	3.0
1365.8392718076293	0.03913490000013553	epochs	3.0
1365.8784067076294	0.07722760000001472	epochs	2.0
1365.8784067076294	0.038785400000051595	epochs	3.0
1365.9171921076295	0.03844219999996312	epochs	3.0
1365.9556343076295	0.07587820000003376	epochs	2.0
1365.9556343076295	0.03810479999992822	epochs	3.0
1365.9937391076294	0.03777340000010554	epochs	3.0
1366.0315125076295	0.07457519999979922	epochs	2.0
1366.0315125076295	0.03744769999980235	epochs	3.0
1366.0689602076293	0.03712749999999687	epochs	3.0
1366.1060877076293	0.07331630000021505	epochs	2.0
1366.1060877076293	0.0368129000000863	epochs	3.0
1366.1429006076294	0.03650340000012875	epochs	3.0
1366.1794040076295	0.07209899999998015	epochs	2.0
1366.1794040076295	0.03619909999997617	epochs	3.0
1366.2156031076295	0.03589990000000398	epochs	3.0
1366.2515030076295	0.07092169999987163	epochs	2.0
1366.2515030076295	0.035605599999826154	epochs	3.0
1366.2871086076293	0.03531610000004548	epochs	3.0
1366.3224247076294	0.06978200000003199	epochs	2.0
1366.3224247076294	0.03503120000004856	epochs	3.0
1366.3574559076294	0.03475079999998343	epochs	3.0
1366.3922067076294	0.06867860000011206	epochs	2.0
1366.3922067076294	0.03447510000000875	epochs	3.0
1366.4266818076294	0.034203500000103304	epochs	3.0
1366.4608853076295	0.06760929999995824	epochs	2.0
1366.4608853076295	0.033936199999970995	epochs	3.0
1366.4948215076295	0.033673099999987244	epochs	3.0
1366.5284946076295	0.06657289999998284	epochs	2.0
1366.5284946076295	0.03341399999999339	epochs	3.0
1366.5619086076294	0.033158899999989444	epochs	3.0
1366.5950675076294	0.06556780000005347	epochs	2.0
1366.5950675076294	0.03290769999989607	epochs	3.0
1366.6279752076293	0.0326601000001574	epochs	3.0
1366.6606353076295	0.06459259999996902	epochs	2.0
1366.6606353076295	0.03241639999987456	epochs	3.0
1366.6930517076294	0.03217620000009447	epochs	3.0
1366.7252279076295	0.06364599999983511	epochs	2.0
1366.7252279076295	0.03193959999998697	epochs	3.0
1366.7571675076294	0.031706399999848145	epochs	3.0
1366.7888739076293	0.0627266999999847	epochs	2.0
1366.7888739076293	0.03147660000013275	epochs	3.0
1366.8203505076294	0.031250099999851955	epochs	3.0
1366.8516006076293	0.06183360000022731	epochs	2.0
1366.8516006076293	0.031026900000142632	epochs	3.0
1366.8826275076294	0.030806700000084675	epochs	3.0
1366.9134342076295	0.060965599999917686	epochs	2.0
1366.9134342076295	0.030589799999916067	epochs	3.0
1366.9440240076294	0.030375800000001618	epochs	3.0
1366.9743998076294	0.06012160000000222	epochs	2.0
1366.9743998076294	0.030164900000045236	epochs	3.0
1367.0045647076295	0.02995669999995698	epochs	3.0
1367.0345214076294	0.05930069999999432	epochs	2.0
1367.0345214076294	0.029751600000054168	epochs	3.0
1367.0642730076295	0.029549099999940154	epochs	3.0
1367.0938221076294	0.05850179999993088	epochs	2.0
1367.0938221076294	0.02934940000000097	epochs	3.0
1367.1231715076294	0.029152399999929912	epochs	3.0
1367.1523239076294	0.05772419999993872	epochs	2.0
1367.1523239076294	0.028958000000102402	epochs	3.0
1367.1812819076295	0.028766199999836317	epochs	3.0
1367.2100481076293	0.05696710000006533	epochs	2.0
1367.2100481076293	0.028577000000041153	epochs	3.0
1367.2386251076293	0.028390100000024177	epochs	3.0
1367.2670152076294	0.05622949999997218	epochs	2.0
1367.2670152076294	0.028205699999944045	epochs	3.0
1367.2952209076293	0.028023800000028132	epochs	3.0
1367.3232447076293	0.05551070000001346	epochs	2.0
1367.3232447076293	0.027843999999959124	epochs	3.0
1367.3510887076293	0.027666700000054334	epochs	3.0
1367.3787554076293	0.054810200000019904	epochs	2.0
1367.3787554076293	0.02749149999999645	epochs	3.0
1367.4062469076293	0.027318700000023455	epochs	3.0
1367.4335656076294	0.05412700000010773	epochs	2.0
1367.4335656076294	0.027147799999966082	epochs	3.0
1367.4607134076293	0.026979200000141645	epochs	3.0
1367.4876926076295	0.053460699999959616	epochs	2.0
1367.4876926076295	0.02681259999985741	epochs	3.0
1367.5145052076293	0.026648100000102204	epochs	3.0
1367.5411533076294	0.05281070000000909	epochs	2.0
1367.5411533076294	0.0264855999998872	epochs	3.0
1367.5676389076293	0.026325100000121893	epochs	3.0
1367.5939640076294	0.052176199999848905	epochs	2.0
1367.5939640076294	0.026166399999965506	epochs	3.0
1367.6201304076294	0.0260097999998834	epochs	3.0
1367.6461402076293	0.05155670000021928	epochs	2.0
1367.6461402076293	0.02585480000016105	epochs	3.0
1367.6719950076294	0.02570190000005823	epochs	3.0
1367.6976969076295	0.05095189999997274	epochs	2.0
1367.6976969076295	0.025550699999939752	epochs	3.0
1367.7232476076294	0.025401200000032986	epochs	3.0
1367.7486488076295	0.050360999999838896	epochs	2.0
1367.7486488076295	0.025253499999962514	epochs	3.0
1367.7739023076294	0.02510749999987638	epochs	3.0
1367.7990098076293	0.04978380000011384	epochs	2.0
1367.7990098076293	0.02496320000000196	epochs	3.0
1367.8239730076293	0.02482060000011188	epochs	3.0
1367.8487936076294	0.04921949999993558	epochs	2.0
1367.8487936076294	0.024679399999968155	epochs	3.0
1367.8734730076294	0.024540099999967424	epochs	3.0
1367.8980131076294	0.04866790000005494	epochs	2.0
1367.8980131076294	0.024402100000088467	epochs	3.0
1367.9224152076295	0.024265799999966475	epochs	3.0
1367.9466810076294	0.048128599999927246	epochs	2.0
1367.9466810076294	0.02413099999989754	epochs	3.0
1367.9708120076293	0.023997600000029706	epochs	3.0
1367.9948096076293	0.047601100000065344	epochs	2.0
1367.9948096076293	0.023865800000066884	epochs	3.0
1368.0186754076294	0.02373529999999846	epochs	3.0
1368.0424107076294	0.04708499999992455	epochs	2.0
1368.0424107076294	0.023606299999983094	epochs	3.0
1368.0660170076294	0.023478699999941455	epochs	3.0
1368.0894957076293	0.046579999999948996	epochs	2.0
1368.0894957076293	0.023352500000100918	epochs	3.0
1368.1128482076294	0.023227499999848078	epochs	3.0
1368.1360757076293	0.046085700000048746	epochs	2.0
1368.1360757076293	0.023104000000103042	epochs	3.0
1368.1591797076294	0.022981699999945704	epochs	3.0
1368.1821614076293	0.045601799999985815	epochs	2.0
1368.1821614076293	0.022860700000137513	epochs	3.0
1368.2050221076295	0.022741099999848302	epochs	3.0
1368.2277632076293	0.04512790000012501	epochs	2.0
1368.2277632076293	0.022622500000125	epochs	3.0
1368.2503857076294	0.02250540000000001	epochs	3.0
1368.2728911076294	0.04466379999985293	epochs	2.0
1368.2728911076294	0.02238929999998618	epochs	3.0
1368.2952804076294	0.022274499999866748	epochs	3.0
1368.3175549076293	0.04420920000006845	epochs	2.0
1368.3175549076293	0.02216080000016518	epochs	3.0
1368.3397157076295	0.022048399999903268	epochs	3.0
1368.3617641076294	0.04376359999992019	epochs	2.0
1368.3617641076294	0.021936900000127935	epochs	3.0
1368.3837010076295	0.021826699999792254	epochs	3.0
1368.4055277076293	0.043327100000169594	epochs	2.0
1368.4055277076293	0.02171760000010181	epochs	3.0
1368.4272453076294	0.021609500000067783	epochs	3.0
1368.4488548076295	0.04289900000003399	epochs	2.0
1368.4488548076295	0.02150249999999687	epochs	3.0
1368.4703573076295	0.021396500000037122	epochs	3.0
1368.4917538076295	0.04247949999989942	epochs	2.0
1368.4917538076295	0.021291699999892444	epochs	3.0
1368.5130455076294	0.021187800000006973	epochs	3.0
1368.5342333076294	0.04206789999989269	epochs	2.0
1368.5342333076294	0.02108490000000529	epochs	3.0
1368.5553182076294	0.020982999999887397	epochs	3.0
1368.5763012076293	0.041664400000172463	epochs	2.0
1368.5763012076293	0.020882200000187368	epochs	3.0
1368.5971834076295	0.020782199999985096	epochs	3.0
1368.6179656076295	0.041268499999887354	epochs	2.0
1368.6179656076295	0.020683299999973315	epochs	3.0
1368.6386489076294	0.02058519999991404	epochs	3.0
1368.6592341076293	0.04088000000001557	epochs	2.0
1368.6592341076293	0.020488099999965925	epochs	3.0
1368.6797222076293	0.020391900000049645	epochs	3.0
1368.7001141076294	0.04049880000002304	epochs	2.0
1368.7001141076294	0.020296599999937825	epochs	3.0
1368.7204107076293	0.020202200000085213	epochs	3.0
1368.7406129076294	0.040124599999899146	epochs	2.0
1368.7406129076294	0.02010870000003706	epochs	3.0
1368.7607216076294	0.020015899999862086	epochs	3.0
1368.7807375076293	0.03975730000001931	epochs	2.0
1368.7807375076293	0.019924200000104975	epochs	3.0
1368.8006617076294	0.01983309999991434	epochs	3.0
1368.8204948076293	0.03939669999999751	epochs	2.0
1368.8204948076293	0.01974300000006224	epochs	3.0
1368.8402378076294	0.01965369999993527	epochs	3.0
1368.8598915076293	0.03904240000019854	epochs	2.0
1368.8598915076293	0.019565100000136226	epochs	3.0
1368.8794566076294	0.019477300000062314	epochs	3.0
1368.8989339076295	0.03869459999987157	epochs	2.0
1368.8989339076295	0.019390399999792862	epochs	3.0
1368.9183243076293	0.01930420000007871	epochs	3.0
1368.9376285076294	0.03835290000006353	epochs	2.0
1368.9376285076294	0.019218800000089686	epochs	3.0
1368.9568473076295	0.01913409999997384	epochs	3.0
1368.9759814076294	0.03801720000001296	epochs	2.0
1368.9759814076294	0.019050200000037876	epochs	3.0
1368.9950316076295	0.018966999999975087	epochs	3.0
1369.0139986076294	0.03768719999993664	epochs	2.0
1369.0139986076294	0.01888450000001285	epochs	3.0
1369.0328831076295	0.01880269999992379	epochs	3.0
1369.0516858076294	0.03736309999999321	epochs	2.0
1369.0516858076294	0.018721700000014607	epochs	3.0
1369.0704075076294	0.018641399999978603	epochs	3.0
1369.0890489076294	0.03704429999993408	epochs	2.0
1369.0890489076294	0.018561600000111866	epochs	3.0
1369.1076105076295	0.018482699999822216	epochs	3.0
1369.1260932076293	0.036731000000145286	epochs	2.0
1369.1260932076293	0.01840430000015658	epochs	3.0
1369.1444975076295	0.018326699999988705	epochs	3.0
1369.1628242076295	0.03642289999993409	epochs	2.0
1369.1628242076295	0.018249599999990096	epochs	3.0
1369.1810738076294	0.018173299999943993	epochs	3.0
1369.1992471076294	0.03612010000006194	epochs	2.0
1369.1992471076294	0.01809759999991911	epochs	3.0
1369.2173447076293	0.018022500000142827	epochs	3.0
1369.2353672076295	0.03582209999990482	epochs	2.0
1369.2353672076295	0.01794789999985369	epochs	3.0
1369.2533151076293	0.017874200000051133	epochs	3.0
1369.2711893076294	0.03552899999999681	epochs	2.0
1369.2711893076294	0.017800800000031813	epochs	3.0
1369.2889901076294	0.017728199999965	epochs	3.0
1369.3067183076294	0.03524070000003121	epochs	2.0
1369.3067183076294	0.017656100000067454	epochs	3.0
1369.3243744076294	0.017584599999963757	epochs	3.0
1369.3419590076294	0.03495709999992869	epochs	2.0
1369.3419590076294	0.017513700000108656	epochs	3.0
1369.3594727076295	0.01744339999982003	epochs	3.0
1369.3769161076293	0.03467790000013338	epochs	2.0
1369.3769161076293	0.01737360000015542	epochs	3.0
1369.3942897076295	0.017304299999977957	epochs	3.0
1369.4115940076294	0.03440329999989444	epochs	2.0
1369.4115940076294	0.017235699999901044	epochs	3.0
1369.4288297076293	0.0171675999999934	epochs	3.0
1369.4459973076293	0.03413279999995211	epochs	2.0
1369.4459973076293	0.01709989999994832	epochs	3.0
1369.4630972076293	0.017032900000003792	epochs	3.0
1369.4801301076293	0.03386670000008962	epochs	2.0
1369.4801301076293	0.01696640000000116	epochs	3.0
1369.4970965076293	0.016900300000088464	epochs	3.0
1369.5139968076294	0.03360459999998966	epochs	2.0
1369.5139968076294	0.01683479999996962	epochs	3.0
1369.5308316076294	0.01676980000002004	epochs	3.0
1369.5476014076294	0.033346599999958926	epochs	2.0
1369.5476014076294	0.016705300000012357	epochs	3.0
1369.5643067076294	0.01664129999994657	epochs	3.0
1369.5809480076293	0.03309250000006614	epochs	2.0
1369.5809480076293	0.016577800000050047	epochs	3.0
1369.5975258076294	0.01651470000001609	epochs	3.0
1369.6140405076294	0.032842300000083924	epochs	2.0
1369.6140405076294	0.01645220000000336	epochs	3.0
1369.6304927076294	0.016390100000080565	epochs	3.0
1369.6468828076295	0.03259570000000167	epochs	2.0
1369.6468828076295	0.016328400000020338	epochs	3.0
1369.6632112076295	0.016267299999981333	epochs	3.0
1369.6794785076295	0.032352899999978035	epochs	2.0
1369.6794785076295	0.016206599999804894	epochs	3.0
1369.6956851076293	0.01614630000017314	epochs	3.0
1369.7118314076295	0.03211369999985436	epochs	2.0
1369.7118314076295	0.01608659999988049	epochs	3.0
1369.7279180076293	0.01602709999997387	epochs	3.0
1369.7439451076293	0.03187800000000607	epochs	2.0
1369.7439451076293	0.015968200000088473	epochs	3.0
1369.7599133076294	0.015909799999917595	epochs	3.0
1369.7758231076293	0.03164570000012645	epochs	2.0
1369.7758231076293	0.01585160000013275	epochs	3.0
1369.7916747076295	0.015794099999993705	epochs	3.0
1369.8074688076294	0.031416699999908815	epochs	2.0
1369.8074688076294	0.01573669999993399	epochs	3.0
1369.8232055076294	0.015679999999974825	epochs	3.0
1369.8388855076294	0.031191100000114602	epochs	2.0
1369.8388855076294	0.015623600000026272	epochs	3.0
1369.8545091076294	0.01556750000008833	epochs	3.0
1369.8700766076295	0.030968699999903038	epochs	2.0
1369.8700766076295	0.015511999999944237	epochs	3.0
1369.8855886076294	0.0154566999999588	epochs	3.0
1369.9010453076294	0.030749499999956242	epochs	2.0
1369.9010453076294	0.015401999999994587	epochs	3.0
1369.9164473076294	0.015347499999961656	epochs	3.0
1369.9317948076293	0.03053320000003623	epochs	2.0
1369.9317948076293	0.015293400000018664	epochs	3.0
1369.9470882076293	0.015239800000017567	epochs	3.0
1369.9623280076294	0.030320099999926242	epochs	2.0
1369.9623280076294	0.015186500000027081	epochs	3.0
1369.9775145076294	0.015133599999899161	epochs	3.0
1369.9926481076293	0.03010990000007041	epochs	2.0
1369.9926481076293	0.015081000000009226	epochs	3.0
1370.0077291076293	0.015028900000061185	epochs	3.0
1370.0227580076294	0.029902499999934662	epochs	2.0
1370.0227580076294	0.014977000000044427	epochs	3.0
1370.0377350076294	0.014925499999890235	epochs	3.0
1370.0526605076293	0.0296981000001324	epochs	2.0
1370.0526605076293	0.014874400000053356	epochs	3.0
1370.0675349076294	0.014823700000079043	epochs	3.0
1370.0823586076294	0.029496299999891562	epochs	2.0
1370.0823586076294	0.014773200000036013	epochs	3.0
1370.0971318076295	0.014723099999855549	epochs	3.0
1370.1118549076293	0.029297400000132257	epochs	2.0
1370.1118549076293	0.014673399999992398	epochs	3.0
1370.1265283076293	0.014624000000139858	epochs	3.0
1370.1411523076295	0.029101099999934377	epochs	2.0
1370.1411523076295	0.014574899999843183	epochs	3.0
1370.1557272076293	0.014526200000091194	epochs	3.0
1370.1702534076294	0.028907399999980044	epochs	2.0
1370.1702534076294	0.014477700000043114	epochs	3.0
1370.1847311076294	0.014429699999936929	epochs	3.0
1370.1991608076294	0.028716199999962555	epochs	2.0
1370.1991608076294	0.014381800000137446	epochs	3.0
1370.2135426076295	0.01433439999982511	epochs	3.0
1370.2278770076293	0.02852759999996124	epochs	2.0
1370.2278770076293	0.014287200000126177	epochs	3.0
1370.2421642076295	0.014240399999835063	epochs	3.0
1370.2564046076293	0.028341400000044814	epochs	2.0
1370.2564046076293	0.014193800000157353	epochs	3.0
1370.2705984076294	0.014147599999887461	epochs	3.0
1370.2847460076293	0.028157700000065233	epochs	2.0
1370.2847460076293	0.014101700000082928	epochs	3.0
1370.2988477076294	0.014055999999982305	epochs	3.0
1370.3129037076294	0.027976300000091214	epochs	2.0
1370.3129037076294	0.014010599999892293	epochs	3.0
1370.3269143076293	0.013965700000198922	epochs	3.0
1370.3408800076295	0.027797199999895383	epochs	2.0
1370.3408800076295	0.01392079999982343	epochs	3.0
1370.3548008076293	0.013876400000071953	epochs	3.0
1370.3686772076294	0.027620399999932488	epochs	2.0
1370.3686772076294	0.013832200000024386	epochs	3.0
1370.3825094076294	0.013788199999908102	epochs	3.0
1370.3962976076293	0.027445899999975154	epochs	2.0
1370.3962976076293	0.01374460000010913	epochs	3.0
1370.4100422076294	0.013701299999866023	epochs	3.0
1370.4237435076293	0.0272735000000921	epochs	2.0
1370.4237435076293	0.013658200000008947	epochs	3.0
1370.4374017076293	0.013615300000083153	epochs	3.0
1370.4510170076294	0.027103399999987232	epochs	2.0
1370.4510170076294	0.013572800000019924	epochs	3.0
1370.4645898076294	0.013530599999967308	epochs	3.0
1370.4781204076294	0.02693520000002536	epochs	2.0
1370.4781204076294	0.01348839999991469	epochs	3.0
1370.4916088076293	0.01344680000011067	epochs	3.0
1370.5050556076294	0.026769199999989723	epochs	2.0
1370.5050556076294	0.013405200000079276	epochs	3.0
1370.5184608076295	0.013363999999910448	epochs	3.0
1370.5318248076294	0.026605199999949036	epochs	2.0
1370.5318248076294	0.013322900000048321	epochs	3.0
1370.5451477076294	0.013282299999900715	epochs	3.0
1370.5584300076293	0.026443200000130673	epochs	2.0
1370.5584300076293	0.013241699999980483	epochs	3.0
1370.5716717076293	0.01320150000015019	epochs	3.0
1370.5848732076295	0.026283199999852513	epochs	2.0
1370.5848732076295	0.013161500000023807	epochs	3.0
1370.5980347076295	0.013121699999828706	epochs	3.0
1370.6111564076293	0.02612500000009277	epochs	2.0
1370.6111564076293	0.013082100000019636	epochs	3.0
1370.6242385076293	0.013042900000073132	epochs	3.0
1370.6372814076294	0.025968899999952555	epochs	2.0
1370.6372814076294	0.01300390000005791	epochs	3.0
1370.6502853076295	0.012964999999894644	epochs	3.0
1370.6632503076294	0.025814500000024054	epochs	2.0
1370.6632503076294	0.012926399999969362	epochs	3.0
1370.6761767076293	0.012888100000054692	epochs	3.0
1370.6890648076294	0.025661899999931848	epochs	2.0
1370.6890648076294	0.012849899999991976	epochs	3.0
1370.7019147076294	0.012811999999939871	epochs	3.0
1370.7147267076293	0.025511199999982637	epochs	2.0
1370.7147267076293	0.012774400000125752	epochs	3.0
1370.7275011076295	0.012736799999856885	epochs	3.0
1370.7402379076293	0.025362300000097093	epochs	2.0
1370.7402379076293	0.01269969999998466	epochs	3.0
1370.7529376076293	0.012662600000112434	epochs	3.0
1370.7656002076294	0.025214999999889187	epochs	2.0
1370.7656002076294	0.012625800000023446	epochs	3.0
1370.7782260076294	0.012589199999865741	epochs	3.0
1370.7908152076293	0.02458480000018426	epochs	2.0
1370.8135852076293	0.5	epochs	-1.0
1370.8154000076295	0.5209599999998318	epochs	1.0
1371.3363600076293	0.4789600000001428	epochs	0.0
1372.3559999465942	0.09840000000008331	epochs	0.0
1372.3559999465942	0.0442012999999406	epochs	1.0
1372.4002012465942	0.009997399999974732	epochs	1.0
1372.4101986465942	0.044201300000167976	epochs	1.0
1372.4543999465943	2.0	epochs	0.0
1374.4543999465943	21.999919999999975	epochs	0.0
1374.4543999465943	1.0	epochs	1.0
1374.4544251465943	0.5	epochs	-1.0
1374.9544251465943	19.99815999999987	epochs	-1.0
1375.4543999465943	20.0	epochs	1.0
1375.4543999465943	4.3567538999998305	epochs	-1.0
1375.4543999465943	1.9745871999998599	epochs	2.0
1375.4543999465943	1.098562199999833	epochs	3.0
1376.5529621465942	0.8760250000000269	epochs	3.0
1377.4289871465942	1.3524075000000266	epochs	2.0
1377.4289871465942	0.7286355000001095	epochs	3.0
1378.1576226465943	0.6237719999999172	epochs	3.0
1378.7813946465942	1.029759199999944	epochs	2.0
1378.7813946465942	0.5453293000000485	epochs	3.0
1379.3267239465943	0.4844298999998955	epochs	3.0
1379.8111538465942	0.8317862000001242	epochs	2.0
1379.8111538465942	0.4357763000000432	epochs	3.0
1380.2469301465942	0.39600990000008096	epochs	3.0
1380.6429400465943	0.6977970000000369	epochs	2.0
1380.6429400465943	0.3628982000000178	epochs	3.0
1381.0058382465943	0.33489880000001904	epochs	3.0
1381.3407370465943	0.601045699999986	epochs	2.0
1381.3407370465943	0.3109122999999272	epochs	3.0
1381.6516493465942	0.2901334000000588	epochs	3.0
1381.9417827465943	0.5278859000000011	epochs	2.0
1381.9417827465943	0.2719585999998344	epochs	3.0
1382.2137413465941	0.2559273000001667	epochs	3.0
1382.4696686465943	0.470619299999953	epochs	2.0
1382.4696686465943	0.241681299999982	epochs	3.0
1382.7113499465943	0.228937999999971	epochs	3.0
1382.9402879465943	0.42457039999999324	epochs	2.0
1382.9402879465943	0.21747140000002219	epochs	3.0
1383.1577593465943	0.20709899999997106	epochs	3.0
1383.3648583465942	0.3867353999999068	epochs	2.0
1383.3648583465942	0.19767109999997956	epochs	3.0
1383.5625294465942	0.18906429999992724	epochs	3.0
1383.7515937465942	0.35509530000013	epochs	2.0
1383.7515937465942	0.18117590000019845	epochs	3.0
1383.9327696465944	0.17391939999993156	epochs	3.0
1384.1066890465943	0.3282431000000088	epochs	2.0
1384.1066890465943	0.16722189999995862	epochs	3.0
1384.2739109465942	0.16102120000005016	epochs	3.0
1384.4349321465943	0.3051679999998669	epochs	2.0
1384.4349321465943	0.15526389999990897	epochs	3.0
1384.5901960465942	0.1499040999999579	epochs	3.0
1384.7401001465942	0.28512530000011793	epochs	2.0
1384.7401001465942	0.1449021000000812	epochs	3.0
1384.8850022465942	0.14022320000003674	epochs	3.0
1385.0252254465943	0.2675537999998596	epochs	2.0
1385.0252254465943	0.1358368999999584	epochs	3.0
1385.1610623465942	0.13171689999990122	epochs	3.0
1385.2927792465941	0.25202290000015637	epochs	2.0
1385.2927792465941	0.1278393000000051	epochs	3.0
1385.4206185465941	0.12418360000015127	epochs	3.0
1385.5448021465943	0.23819649999995818	epochs	2.0
1385.5448021465943	0.12073110000005727	epochs	3.0
1385.6655332465944	0.11746539999990091	epochs	3.0
1385.7829986465943	0.2258088000000953	epochs	2.0
1385.7829986465943	0.1143718999999237	epochs	3.0
1385.8973705465942	0.11143690000017159	epochs	3.0
1386.0088074465943	0.21464599999990241	epochs	2.0
1386.0088074465943	0.10864889999993466	epochs	3.0
1386.1174563465943	0.10599709999996776	epochs	3.0
1386.2234534465942	0.20453500000007807	epochs	2.0
1386.2234534465942	0.10347150000006877	epochs	3.0
1386.3269249465943	0.1010635000000093	epochs	3.0
1386.4279884465943	0.19533400000000256	epochs	2.0
1386.4279884465943	0.09876509999980954	epochs	3.0
1386.5267535465941	0.09656890000019303	epochs	3.0
1386.6233224465943	0.18692529999998442	epochs	2.0
1386.6233224465943	0.09446830000001682	epochs	3.0
1386.7177907465943	0.09245699999996759	epochs	3.0
1386.8102477465943	0.17921069999988504	epochs	2.0
1386.8102477465943	0.09052959999985433	epochs	3.0
1386.9007773465942	0.08868110000003071	epochs	3.0
1386.9894584465942	0.17210769999996955	epochs	2.0
1386.9894584465942	0.08690630000000965	epochs	3.0
1387.0763647465942	0.0852013999999599	epochs	3.0
1387.1615661465942	0.16554640000003928	epochs	2.0
1387.1615661465942	0.08356190000017705	epochs	3.0
1387.2451280465943	0.08198449999986224	epochs	3.0
1387.3271125465942	0.15946710000002895	epochs	2.0
1387.3271125465942	0.08046540000009372	epochs	3.0
1387.4075779465943	0.07900169999993523	epochs	3.0
1387.4865796465942	0.15381840000009106	epochs	2.0
1387.4865796465942	0.07759009999995214	epochs	3.0
1387.5641697465942	0.07622830000013892	epochs	3.0
1387.6403980465943	0.14855639999996129	epochs	2.0
1387.6403980465943	0.07491329999993468	epochs	3.0
1387.7153113465943	0.0736431000000266	epochs	3.0
1387.7889544465943	0.1436423999998624	epochs	2.0
1387.7889544465943	0.07241499999986445	epochs	3.0
1387.8613694465942	0.07122739999999794	epochs	3.0
1387.9325968465942	0.13904309999998077	epochs	2.0
1387.9325968465942	0.07007800000019415	epochs	3.0
1388.0026748465943	0.06896509999978662	epochs	3.0
1388.0716399465941	0.1347293000001173	epochs	2.0
1388.0716399465941	0.0678871000000072	epochs	3.0
1388.1395270465941	0.0668422000001101	epochs	3.0
1388.2063692465942	0.1306752000000415	epochs	2.0
1388.2063692465942	0.06582909999997355	epochs	3.0
1388.2721983465942	0.06484610000006796	epochs	3.0
1388.3370444465943	0.1268577999999252	epochs	2.0
1388.3370444465943	0.06389199999989614	epochs	3.0
1388.4009364465942	0.06296580000002905	epochs	3.0
1388.4639022465942	0.12325720000012552	epochs	2.0
1388.4639022465942	0.06206580000002759	epochs	3.0
1388.5259680465942	0.06119140000009793	epochs	3.0
1388.5871594465943	0.11985540000000583	epochs	2.0
1388.5871594465943	0.060341099999959624	epochs	3.0
1388.6475005465943	0.059514300000046205	epochs	3.0
1388.7070148465943	0.1166361999999026	epochs	2.0
1388.7070148465943	0.058709599999929196	epochs	3.0
1388.7657244465943	0.057926599999973405	epochs	3.0
1388.8236510465943	0.11358560000007856	epochs	2.0
1388.8236510465943	0.05716419999998834	epochs	3.0
1388.8808152465942	0.056421400000090216	epochs	3.0
1388.9372366465943	0.11069049999991876	epochs	2.0
1388.9372366465943	0.05569789999981367	epochs	3.0
1388.9929345465941	0.054992600000105085	epochs	3.0
1389.0479271465942	0.1079391000000669	epochs	2.0
1389.0479271465942	0.05430490000003374	epochs	3.0
1389.1022320465943	0.05363420000003316	epochs	3.0
1389.1558662465943	0.10532149999994544	epochs	2.0
1389.1558662465943	0.05297999999993408	epochs	3.0
1389.2088462465942	0.052341500000011365	epochs	3.0
1389.2611877465943	0.10282759999995505	epochs	2.0
1389.2611877465943	0.05171810000001642	epochs	3.0
1389.3129058465943	0.051109499999938635	epochs	3.0
1389.3640153465942	0.10044910000010532	epochs	2.0
1389.3640153465942	0.050514900000052876	epochs	3.0
1389.4145302465943	0.04993420000005244	epochs	3.0
1389.4644644465943	0.0981782999999723	epochs	2.0
1389.4644644465943	0.04936659999998483	epochs	3.0
1389.5138310465943	0.04881169999998747	epochs	3.0
1389.5626427465943	0.09600780000005216	epochs	2.0
1389.5626427465943	0.04826920000004975	epochs	3.0
1389.6109119465943	0.04773860000000241	epochs	3.0
1389.6586505465943	0.09393119999981536	epochs	2.0
1389.6586505465943	0.04721949999998287	epochs	3.0
1389.7058700465943	0.04671169999983249	epochs	3.0
1389.7525817465942	0.09194260000003851	epochs	2.0
1389.7525817465942	0.046214599999984785	epochs	3.0
1389.7987963465941	0.045728000000053726	epochs	3.0
1389.8445243465942	0.09003630000006524	epochs	2.0
1389.8445243465942	0.045251499999949374	epochs	3.0
1389.8897758465941	0.044784800000115865	epochs	3.0
1389.9345606465943	0.08820760000003247	epochs	2.0
1389.9345606465943	0.044327800000019124	epochs	3.0
1389.9788884465943	0.04387980000001335	epochs	3.0
1390.0227682465943	0.0864516999999978	epochs	2.0
1390.0227682465943	0.04344100000002982	epochs	3.0
1390.0662092465943	0.04301069999996798	epochs	3.0
1390.1092199465943	0.08476429999996071	epochs	2.0
1390.1092199465943	0.04258899999990717	epochs	3.0
1390.1518089465942	0.04217530000005354	epochs	3.0
1390.1939842465943	0.08314150000001064	epochs	2.0
1390.1939842465943	0.04176970000003166	epochs	3.0
1390.2357539465943	0.041371799999978975	epochs	3.0
1390.2771257465943	0.08157970000002024	epochs	2.0
1390.2771257465943	0.040981399999964196	epochs	3.0
1390.3181071465942	0.04059830000005604	epochs	3.0
1390.3587054465943	0.08007550000002084	epochs	2.0
1390.3587054465943	0.04022229999986848	epochs	3.0
1390.3989277465942	0.039853200000152356	epochs	3.0
1390.4387809465943	0.07862569999997504	epochs	2.0
1390.4387809465943	0.03949079999983951	epochs	3.0
1390.4782717465941	0.03913490000013553	epochs	3.0
1390.5174066465943	0.07722760000001472	epochs	2.0
1390.5174066465943	0.038785400000051595	epochs	3.0
1390.5561920465943	0.03844219999996312	epochs	3.0
1390.5946342465943	0.07587820000003376	epochs	2.0
1390.5946342465943	0.03810479999992822	epochs	3.0
1390.6327390465942	0.03777340000010554	epochs	3.0
1390.6705124465943	0.07457519999979922	epochs	2.0
1390.6705124465943	0.03744769999980235	epochs	3.0
1390.7079601465941	0.03712749999999687	epochs	3.0
1390.7450876465941	0.07331630000021505	epochs	2.0
1390.7450876465941	0.0368129000000863	epochs	3.0
1390.7819005465942	0.03650340000012875	epochs	3.0
1390.8184039465943	0.07209899999998015	epochs	2.0
1390.8184039465943	0.03619909999997617	epochs	3.0
1390.8546030465943	0.03589990000000398	epochs	3.0
1390.8905029465943	0.07092169999987163	epochs	2.0
1390.8905029465943	0.035605599999826154	epochs	3.0
1390.9261085465942	0.03531610000004548	epochs	3.0
1390.9614246465942	0.06978200000003199	epochs	2.0
1390.9614246465942	0.03503120000004856	epochs	3.0
1390.9964558465942	0.03475079999998343	epochs	3.0
1391.0312066465942	0.06867860000011206	epochs	2.0
1391.0312066465942	0.03447510000000875	epochs	3.0
1391.0656817465942	0.034203500000103304	epochs	3.0
1391.0998852465943	0.06760929999995824	epochs	2.0
1391.0998852465943	0.033936199999970995	epochs	3.0
1391.1338214465943	0.033673099999987244	epochs	3.0
1391.1674945465943	0.06657289999998284	epochs	2.0
1391.1674945465943	0.03341399999999339	epochs	3.0
1391.2009085465943	0.033158899999989444	epochs	3.0
1391.2340674465943	0.06556780000005347	epochs	2.0
1391.2340674465943	0.03290769999989607	epochs	3.0
1391.2669751465942	0.0326601000001574	epochs	3.0
1391.2996352465943	0.06459259999996902	epochs	2.0
1391.2996352465943	0.03241639999987456	epochs	3.0
1391.3320516465942	0.03217620000009447	epochs	3.0
1391.3642278465943	0.06364599999983511	epochs	2.0
1391.3642278465943	0.03193959999998697	epochs	3.0
1391.3961674465943	0.031706399999848145	epochs	3.0
1391.4278738465941	0.0627266999999847	epochs	2.0
1391.4278738465941	0.03147660000013275	epochs	3.0
1391.4593504465943	0.031250099999851955	epochs	3.0
1391.4906005465941	0.06183360000022731	epochs	2.0
1391.4906005465941	0.031026900000142632	epochs	3.0
1391.5216274465943	0.030806700000084675	epochs	3.0
1391.5524341465944	0.060965599999917686	epochs	2.0
1391.5524341465944	0.030589799999916067	epochs	3.0
1391.5830239465943	0.030375800000001618	epochs	3.0
1391.6133997465943	0.06012160000000222	epochs	2.0
1391.6133997465943	0.030164900000045236	epochs	3.0
1391.6435646465943	0.02995669999995698	epochs	3.0
1391.6735213465943	0.05930069999999432	epochs	2.0
1391.6735213465943	0.029751600000054168	epochs	3.0
1391.7032729465943	0.029549099999940154	epochs	3.0
1391.7328220465943	0.05850179999993088	epochs	2.0
1391.7328220465943	0.02934940000000097	epochs	3.0
1391.7621714465943	0.029152399999929912	epochs	3.0
1391.7913238465942	0.05772419999993872	epochs	2.0
1391.7913238465942	0.028958000000102402	epochs	3.0
1391.8202818465943	0.028766199999836317	epochs	3.0
1391.8490480465941	0.05696710000006533	epochs	2.0
1391.8490480465941	0.028577000000041153	epochs	3.0
1391.8776250465942	0.028390100000024177	epochs	3.0
1391.9060151465942	0.05622949999997218	epochs	2.0
1391.9060151465942	0.028205699999944045	epochs	3.0
1391.9342208465941	0.028023800000028132	epochs	3.0
1391.9622446465942	0.05551070000001346	epochs	2.0
1391.9622446465942	0.027843999999959124	epochs	3.0
1391.9900886465941	0.027666700000054334	epochs	3.0
1392.0177553465942	0.054810200000019904	epochs	2.0
1392.0177553465942	0.02749149999999645	epochs	3.0
1392.0452468465942	0.027318700000023455	epochs	3.0
1392.0725655465942	0.05412700000010773	epochs	2.0
1392.0725655465942	0.027147799999966082	epochs	3.0
1392.0997133465942	0.026979200000141645	epochs	3.0
1392.1266925465943	0.053460699999959616	epochs	2.0
1392.1266925465943	0.02681259999985741	epochs	3.0
1392.1535051465942	0.026648100000102204	epochs	3.0
1392.1801532465943	0.05281070000000909	epochs	2.0
1392.1801532465943	0.0264855999998872	epochs	3.0
1392.2066388465942	0.026325100000121893	epochs	3.0
1392.2329639465943	0.052176199999848905	epochs	2.0
1392.2329639465943	0.026166399999965506	epochs	3.0
1392.2591303465942	0.0260097999998834	epochs	3.0
1392.2851401465941	0.05155670000021928	epochs	2.0
1392.2851401465941	0.02585480000016105	epochs	3.0
1392.3109949465943	0.02570190000005823	epochs	3.0
1392.3366968465944	0.05095189999997274	epochs	2.0
1392.3366968465944	0.025550699999939752	epochs	3.0
1392.3622475465943	0.025401200000032986	epochs	3.0
1392.3876487465943	0.050360999999838896	epochs	2.0
1392.3876487465943	0.025253499999962514	epochs	3.0
1392.4129022465943	0.02510749999987638	epochs	3.0
1392.4380097465942	0.04978380000011384	epochs	2.0
1392.4380097465942	0.02496320000000196	epochs	3.0
1392.4629729465942	0.02482060000011188	epochs	3.0
1392.4877935465943	0.04921949999993558	epochs	2.0
1392.4877935465943	0.024679399999968155	epochs	3.0
1392.5124729465942	0.024540099999967424	epochs	3.0
1392.5370130465942	0.04866790000005494	epochs	2.0
1392.5370130465942	0.024402100000088467	epochs	3.0
1392.5614151465943	0.024265799999966475	epochs	3.0
1392.5856809465943	0.048128599999927246	epochs	2.0
1392.5856809465943	0.02413099999989754	epochs	3.0
1392.6098119465942	0.023997600000029706	epochs	3.0
1392.6338095465942	0.047601100000065344	epochs	2.0
1392.6338095465942	0.023865800000066884	epochs	3.0
1392.6576753465943	0.02373529999999846	epochs	3.0
1392.6814106465943	0.04708499999992455	epochs	2.0
1392.6814106465943	0.023606299999983094	epochs	3.0
1392.7050169465942	0.023478699999941455	epochs	3.0
1392.7284956465942	0.046579999999948996	epochs	2.0
1392.7284956465942	0.023352500000100918	epochs	3.0
1392.7518481465943	0.023227499999848078	epochs	3.0
1392.7750756465941	0.046085700000048746	epochs	2.0
1392.7750756465941	0.023104000000103042	epochs	3.0
1392.7981796465942	0.022981699999945704	epochs	3.0
1392.8211613465942	0.045601799999985815	epochs	2.0
1392.8211613465942	0.022860700000137513	epochs	3.0
1392.8440220465943	0.022741099999848302	epochs	3.0
1392.8667631465942	0.04512790000012501	epochs	2.0
1392.8667631465942	0.022622500000125	epochs	3.0
1392.8893856465943	0.02250540000000001	epochs	3.0
1392.9118910465943	0.04466379999985293	epochs	2.0
1392.9118910465943	0.02238929999998618	epochs	3.0
1392.9342803465943	0.022274499999866748	epochs	3.0
1392.9565548465941	0.04420920000006845	epochs	2.0
1392.9565548465941	0.02216080000016518	epochs	3.0
1392.9787156465943	0.022048399999903268	epochs	3.0
1393.0007640465942	0.04376359999992019	epochs	2.0
1393.0007640465942	0.021936900000127935	epochs	3.0
1393.0227009465943	0.021826699999792254	epochs	3.0
1393.0445276465941	0.043327100000169594	epochs	2.0
1393.0445276465941	0.02171760000010181	epochs	3.0
1393.0662452465942	0.021609500000067783	epochs	3.0
1393.0878547465943	0.04289900000003399	epochs	2.0
1393.0878547465943	0.02150249999999687	epochs	3.0
1393.1093572465943	0.021396500000037122	epochs	3.0
1393.1307537465943	0.04247949999989942	epochs	2.0
1393.1307537465943	0.021291699999892444	epochs	3.0
1393.1520454465942	0.021187800000006973	epochs	3.0
1393.1732332465942	0.04206789999989269	epochs	2.0
1393.1732332465942	0.02108490000000529	epochs	3.0
1393.1943181465942	0.020982999999887397	epochs	3.0
1393.2153011465941	0.041664400000172463	epochs	2.0
1393.2153011465941	0.020882200000187368	epochs	3.0
1393.2361833465943	0.020782199999985096	epochs	3.0
1393.2569655465943	0.041268499999887354	epochs	2.0
1393.2569655465943	0.020683299999973315	epochs	3.0
1393.2776488465943	0.02058519999991404	epochs	3.0
1393.2982340465942	0.04088000000001557	epochs	2.0
1393.2982340465942	0.020488099999965925	epochs	3.0
1393.3187221465942	0.020391900000049645	epochs	3.0
1393.3391140465942	0.04049880000002304	epochs	2.0
1393.3391140465942	0.020296599999937825	epochs	3.0
1393.3594106465941	0.020202200000085213	epochs	3.0
1393.3796128465942	0.040124599999899146	epochs	2.0
1393.3796128465942	0.02010870000003706	epochs	3.0
1393.3997215465943	0.020015899999862086	epochs	3.0
1393.4197374465941	0.03975730000001931	epochs	2.0
1393.4197374465941	0.019924200000104975	epochs	3.0
1393.4396616465942	0.01983309999991434	epochs	3.0
1393.4594947465941	0.03939669999999751	epochs	2.0
1393.4594947465941	0.01974300000006224	epochs	3.0
1393.4792377465942	0.01965369999993527	epochs	3.0
1393.4988914465941	0.03904240000019854	epochs	2.0
1393.4988914465941	0.019565100000136226	epochs	3.0
1393.5184565465943	0.019477300000062314	epochs	3.0
1393.5379338465943	0.03869459999987157	epochs	2.0
1393.5379338465943	0.019390399999792862	epochs	3.0
1393.5573242465941	0.01930420000007871	epochs	3.0
1393.5766284465942	0.03835290000006353	epochs	2.0
1393.5766284465942	0.019218800000089686	epochs	3.0
1393.5958472465943	0.01913409999997384	epochs	3.0
1393.6149813465943	0.03801720000001296	epochs	2.0
1393.6149813465943	0.019050200000037876	epochs	3.0
1393.6340315465943	0.018966999999975087	epochs	3.0
1393.6529985465943	0.03768719999993664	epochs	2.0
1393.6529985465943	0.01888450000001285	epochs	3.0
1393.6718830465943	0.01880269999992379	epochs	3.0
1393.6906857465942	0.03736309999999321	epochs	2.0
1393.6906857465942	0.018721700000014607	epochs	3.0
1393.7094074465942	0.018641399999978603	epochs	3.0
1393.7280488465942	0.03704429999993408	epochs	2.0
1393.7280488465942	0.018561600000111866	epochs	3.0
1393.7466104465943	0.018482699999822216	epochs	3.0
1393.7650931465942	0.036731000000145286	epochs	2.0
1393.7650931465942	0.01840430000015658	epochs	3.0
1393.7834974465943	0.018326699999988705	epochs	3.0
1393.8018241465943	0.03642289999993409	epochs	2.0
1393.8018241465943	0.018249599999990096	epochs	3.0
1393.8200737465943	0.018173299999943993	epochs	3.0
1393.8382470465942	0.03612010000006194	epochs	2.0
1393.8382470465942	0.01809759999991911	epochs	3.0
1393.8563446465942	0.018022500000142827	epochs	3.0
1393.8743671465943	0.03582209999990482	epochs	2.0
1393.8743671465943	0.01794789999985369	epochs	3.0
1393.8923150465941	0.017874200000051133	epochs	3.0
1393.9101892465942	0.03552899999999681	epochs	2.0
1393.9101892465942	0.017800800000031813	epochs	3.0
1393.9279900465942	0.017728199999965	epochs	3.0
1393.9457182465942	0.03524070000003121	epochs	2.0
1393.9457182465942	0.017656100000067454	epochs	3.0
1393.9633743465943	0.017584599999963757	epochs	3.0
1393.9809589465942	0.03495709999992869	epochs	2.0
1393.9809589465942	0.017513700000108656	epochs	3.0
1393.9984726465943	0.01744339999982003	epochs	3.0
1394.0159160465942	0.03467790000013338	epochs	2.0
1394.0159160465942	0.01737360000015542	epochs	3.0
1394.0332896465943	0.017304299999977957	epochs	3.0
1394.0505939465943	0.03440329999989444	epochs	2.0
1394.0505939465943	0.017235699999901044	epochs	3.0
1394.0678296465942	0.0171675999999934	epochs	3.0
1394.0849972465942	0.03413279999995211	epochs	2.0
1394.0849972465942	0.01709989999994832	epochs	3.0
1394.1020971465941	0.017032900000003792	epochs	3.0
1394.1191300465941	0.03386670000008962	epochs	2.0
1394.1191300465941	0.01696640000000116	epochs	3.0
1394.1360964465941	0.016900300000088464	epochs	3.0
1394.1529967465942	0.03360459999998966	epochs	2.0
1394.1529967465942	0.01683479999996962	epochs	3.0
1394.1698315465942	0.01676980000002004	epochs	3.0
1394.1866013465942	0.033346599999958926	epochs	2.0
1394.1866013465942	0.016705300000012357	epochs	3.0
1394.2033066465942	0.01664129999994657	epochs	3.0
1394.2199479465942	0.03309250000006614	epochs	2.0
1394.2199479465942	0.016577800000050047	epochs	3.0
1394.2365257465942	0.01651470000001609	epochs	3.0
1394.2530404465942	0.032842300000083924	epochs	2.0
1394.2530404465942	0.01645220000000336	epochs	3.0
1394.2694926465942	0.016390100000080565	epochs	3.0
1394.2858827465943	0.03259570000000167	epochs	2.0
1394.2858827465943	0.016328400000020338	epochs	3.0
1394.3022111465943	0.016267299999981333	epochs	3.0
1394.3184784465943	0.032352899999978035	epochs	2.0
1394.3184784465943	0.016206599999804894	epochs	3.0
1394.3346850465941	0.01614630000017314	epochs	3.0
1394.3508313465943	0.03211369999985436	epochs	2.0
1394.3508313465943	0.01608659999988049	epochs	3.0
1394.3669179465942	0.01602709999997387	epochs	3.0
1394.3829450465942	0.03187800000000607	epochs	2.0
1394.3829450465942	0.015968200000088473	epochs	3.0
1394.3989132465942	0.015909799999917595	epochs	3.0
1394.4148230465942	0.03164570000012645	epochs	2.0
1394.4148230465942	0.01585160000013275	epochs	3.0
1394.4306746465943	0.015794099999993705	epochs	3.0
1394.4464687465943	0.031416699999908815	epochs	2.0
1394.4464687465943	0.01573669999993399	epochs	3.0
1394.4622054465942	0.015679999999974825	epochs	3.0
1394.4778854465942	0.031191100000114602	epochs	2.0
1394.4778854465942	0.015623600000026272	epochs	3.0
1394.4935090465942	0.01556750000008833	epochs	3.0
1394.5090765465943	0.030968699999903038	epochs	2.0
1394.5090765465943	0.015511999999944237	epochs	3.0
1394.5245885465943	0.0154566999999588	epochs	3.0
1394.5400452465942	0.030749499999956242	epochs	2.0
1394.5400452465942	0.015401999999994587	epochs	3.0
1394.5554472465942	0.015347499999961656	epochs	3.0
1394.5707947465942	0.03053320000003623	epochs	2.0
1394.5707947465942	0.015293400000018664	epochs	3.0
1394.5860881465942	0.015239800000017567	epochs	3.0
1394.6013279465942	0.030320099999926242	epochs	2.0
1394.6013279465942	0.015186500000027081	epochs	3.0
1394.6165144465942	0.015133599999899161	epochs	3.0
1394.6316480465941	0.03010990000007041	epochs	2.0
1394.6316480465941	0.015081000000009226	epochs	3.0
1394.6467290465941	0.015028900000061185	epochs	3.0
1394.6617579465942	0.029902499999934662	epochs	2.0
1394.6617579465942	0.014977000000044427	epochs	3.0
1394.6767349465943	0.014925499999890235	epochs	3.0
1394.6916604465941	0.0296981000001324	epochs	2.0
1394.6916604465941	0.014874400000053356	epochs	3.0
1394.7065348465942	0.014823700000079043	epochs	3.0
1394.7213585465943	0.029496299999891562	epochs	2.0
1394.7213585465943	0.014773200000036013	epochs	3.0
1394.7361317465943	0.014723099999855549	epochs	3.0
1394.7508548465942	0.029297400000132257	epochs	2.0
1394.7508548465942	0.014673399999992398	epochs	3.0
1394.7655282465942	0.014624000000139858	epochs	3.0
1394.7801522465943	0.029101099999934377	epochs	2.0
1394.7801522465943	0.014574899999843183	epochs	3.0
1394.7947271465941	0.014526200000091194	epochs	3.0
1394.8092533465942	0.028907399999980044	epochs	2.0
1394.8092533465942	0.014477700000043114	epochs	3.0
1394.8237310465943	0.014429699999936929	epochs	3.0
1394.8381607465942	0.028716199999962555	epochs	2.0
1394.8381607465942	0.014381800000137446	epochs	3.0
1394.8525425465943	0.01433439999982511	epochs	3.0
1394.8668769465942	0.02852759999996124	epochs	2.0
1394.8668769465942	0.014287200000126177	epochs	3.0
1394.8811641465943	0.014240399999835063	epochs	3.0
1394.8954045465941	0.028341400000044814	epochs	2.0
1394.8954045465941	0.014193800000157353	epochs	3.0
1394.9095983465943	0.014147599999887461	epochs	3.0
1394.9237459465942	0.028157700000065233	epochs	2.0
1394.9237459465942	0.014101700000082928	epochs	3.0
1394.9378476465943	0.014055999999982305	epochs	3.0
1394.9519036465942	0.027976300000091214	epochs	2.0
1394.9519036465942	0.014010599999892293	epochs	3.0
1394.9659142465941	0.013965700000198922	epochs	3.0
1394.9798799465943	0.027797199999895383	epochs	2.0
1394.9798799465943	0.01392079999982343	epochs	3.0
1394.9938007465942	0.013876400000071953	epochs	3.0
1395.0076771465942	0.027620399999932488	epochs	2.0
1395.0076771465942	0.013832200000024386	epochs	3.0
1395.0215093465943	0.013788199999908102	epochs	3.0
1395.0352975465942	0.027445899999975154	epochs	2.0
1395.0352975465942	0.01374460000010913	epochs	3.0
1395.0490421465943	0.013701299999866023	epochs	3.0
1395.0627434465941	0.0272735000000921	epochs	2.0
1395.0627434465941	0.013658200000008947	epochs	3.0
1395.0764016465941	0.013615300000083153	epochs	3.0
1395.0900169465942	0.027103399999987232	epochs	2.0
1395.0900169465942	0.013572800000019924	epochs	3.0
1395.1035897465943	0.013530599999967308	epochs	3.0
1395.1171203465942	0.02693520000002536	epochs	2.0
1395.1171203465942	0.01348839999991469	epochs	3.0
1395.1306087465941	0.01344680000011067	epochs	3.0
1395.1440555465942	0.026769199999989723	epochs	2.0
1395.1440555465942	0.013405200000079276	epochs	3.0
1395.1574607465943	0.013363999999910448	epochs	3.0
1395.1708247465942	0.026605199999949036	epochs	2.0
1395.1708247465942	0.013322900000048321	epochs	3.0
1395.1841476465943	0.013282299999900715	epochs	3.0
1395.1974299465942	0.026443200000130673	epochs	2.0
1395.1974299465942	0.013241699999980483	epochs	3.0
1395.2106716465942	0.01320150000015019	epochs	3.0
1395.2238731465943	0.026283199999852513	epochs	2.0
1395.2238731465943	0.013161500000023807	epochs	3.0
1395.2370346465943	0.013121699999828706	epochs	3.0
1395.2501563465942	0.02612500000009277	epochs	2.0
1395.2501563465942	0.013082100000019636	epochs	3.0
1395.2632384465942	0.013042900000073132	epochs	3.0
1395.2762813465943	0.025968899999952555	epochs	2.0
1395.2762813465943	0.01300390000005791	epochs	3.0
1395.2892852465943	0.012964999999894644	epochs	3.0
1395.3022502465942	0.025814500000024054	epochs	2.0
1395.3022502465942	0.012926399999969362	epochs	3.0
1395.3151766465942	0.012888100000054692	epochs	3.0
1395.3280647465942	0.025661899999931848	epochs	2.0
1395.3280647465942	0.012849899999991976	epochs	3.0
1395.3409146465942	0.012811999999939871	epochs	3.0
1395.3537266465942	0.025511199999982637	epochs	2.0
1395.3537266465942	0.012774400000125752	epochs	3.0
1395.3665010465943	0.012736799999856885	epochs	3.0
1395.3792378465942	0.025362300000097093	epochs	2.0
1395.3792378465942	0.01269969999998466	epochs	3.0
1395.3919375465941	0.012662600000112434	epochs	3.0
1395.4046001465942	0.025214999999889187	epochs	2.0
1395.4046001465942	0.012625800000023446	epochs	3.0
1395.4172259465943	0.012589199999865741	epochs	3.0
1395.4298151465941	0.02458480000018426	epochs	2.0
1395.4525851465942	0.5	epochs	-1.0
1395.4543999465943	0.9999199999999746	epochs	1.0
1395.9525851465942	0.5	epochs	-1.0
1397.6639995574951	0.09840000000008331	epochs	0.0
1397.6639995574951	0.0442012999999406	epochs	1.0
1397.708200857495	0.009997399999974732	epochs	1.0
1397.718198257495	0.044201300000167976	epochs	1.0
1397.7623995574952	2.0	epochs	0.0
1399.7623995574952	0.5013599999999769	epochs	0.0
1399.7623995574952	0.5013599999999769	epochs	1.0
1399.7624247574952	0.5	epochs	-1.0
1400.2624247574952	0.0013347999999950844	epochs	-1.0
1400.2637595574952	21.498559999999998	epochs	0.0
1426.486999988556	0.09840000000008331	epochs	0.0
1426.486999988556	0.0442012999999406	epochs	1.0
1426.5312012885558	0.009997399999974732	epochs	1.0
1426.5411986885558	0.044201300000167976	epochs	1.0
1426.585399988556	0.2299199999999928	epochs	0.0
1426.585399988556	0.049999999999954525	epochs	1.0
1426.635399988556	0.009999999999990905	epochs	1.0
1426.645399988556	0.049999999999954525	epochs	1.0
1426.695399988556	0.009999999999990905	epochs	1.0
1426.7053999885559	0.049999999999954525	epochs	1.0
1426.7553999885558	0.009999999999990905	epochs	1.0
1426.7653999885558	0.049920000000156506	epochs	1.0
1899.4039998054504	0.09840000000008331	epochs	0.0
1899.4039998054504	0.0442012999999406	epochs	1.0
1899.4482011054504	0.009997399999974732	epochs	1.0
1899.4581985054504	0.044201300000167976	epochs	1.0
1899.5023998054505	2.9999199999999746	epochs	0.0
1899.5023998054505	1.0	epochs	1.0
1900.5023998054505	1.0	epochs	1.0
1901.5023998054505	0.9999199999999746	epochs	1.0
1903.5429997444153	0.09840000000008331	epochs	0.0
1903.5429997444153	0.0442012999999406	epochs	1.0
1903.5872010444152	0.009997399999974732	epochs	1.0
1903.5971984444152	0.044201300000167976	epochs	1.0
1903.6413997444154	2.9999199999999746	epochs	0.0
1903.6413997444154	1.0	epochs	1.0
1904.6413997444154	1.0	epochs	1.0
1905.6413997444154	0.9999199999999746	epochs	1.0
1907.8759999275208	0.09840000000008331	epochs	0.0
1907.8759999275208	0.0442012999999406	epochs	1.0
1907.9202012275207	0.009997399999974732	epochs	1.0
1907.9301986275207	0.044201300000167976	epochs	1.0
1907.9743999275208	2.9999199999999746	epochs	0.0
1907.9743999275208	1.0	epochs	1.0
1908.9743999275208	1.0	epochs	1.0
1909.9743999275208	0.9999199999999746	epochs	1.0
1911.9679999351501	0.09840000000008331	epochs	0.0
1911.9679999351501	0.0442012999999406	epochs	1.0
1912.01220123515	0.009997399999974732	epochs	1.0
1912.02219863515	0.044201300000167976	epochs	1.0
1912.0663999351502	2.9999199999999746	epochs	0.0
1912.0663999351502	1.0	epochs	1.0
1913.0663999351502	1.0	epochs	1.0
1914.0663999351502	0.9999199999999746	epochs	1.0
1916.0509996414185	0.09840000000008331	epochs	0.0
1916.0509996414185	0.0442012999999406	epochs	1.0
1916.0952009414184	0.009997399999974732	epochs	1.0
1916.1051983414184	0.044201300000167976	epochs	1.0
1916.1493996414185	2.9999199999999746	epochs	0.0
1916.1493996414185	1.0	epochs	1.0
1917.1493996414185	1.0	epochs	1.0
1918.1493996414185	0.9999199999999746	epochs	1.0
1920.1849999427795	0.09840000000008331	epochs	0.0
1920.1849999427795	0.0442012999999406	epochs	1.0
1920.2292012427795	0.009997399999974732	epochs	1.0
1920.2391986427795	0.044201300000167976	epochs	1.0
1920.2833999427796	2.9999199999999746	epochs	0.0
1920.2833999427796	1.0	epochs	1.0
1921.2833999427796	1.0	epochs	1.0
1922.2833999427796	0.9999199999999746	epochs	1.0
1924.3009996414185	0.09840000000008331	epochs	0.0
1924.3009996414185	0.0442012999999406	epochs	1.0
1924.3452009414184	0.009997399999974732	epochs	1.0
1924.3551983414184	0.044201300000167976	epochs	1.0
1924.3993996414185	2.9999199999999746	epochs	0.0
1924.3993996414185	1.0	epochs	1.0
1925.3993996414185	1.0	epochs	1.0
1926.3993996414185	0.9999199999999746	epochs	1.0
1928.4179997444153	0.09840000000008331	epochs	0.0
1928.4179997444153	0.0442012999999406	epochs	1.0
1928.4622010444152	0.009997399999974732	epochs	1.0
1928.4721984444152	0.044201300000167976	epochs	1.0
1928.5163997444154	2.9999199999999746	epochs	0.0
1928.5163997444154	1.0	epochs	1.0
1929.5163997444154	1.0	epochs	1.0
1930.5163997444154	0.9999199999999746	epochs	1.0
1932.5199999809265	0.09840000000008331	epochs	0.0
1932.5199999809265	0.0442012999999406	epochs	1.0
1932.5642012809265	0.009997399999974732	epochs	1.0
1932.5741986809264	0.044201300000167976	epochs	1.0
1932.6183999809266	2.9999199999999746	epochs	0.0
1932.6183999809266	1.0	epochs	1.0
1933.6183999809266	1.0	epochs	1.0
1934.6183999809266	0.9999199999999746	epochs	1.0
1936.6369996070862	0.09840000000008331	epochs	0.0
1936.6369996070862	0.0442012999999406	epochs	1.0
1936.6812009070861	0.009997399999974732	epochs	1.0
1936.691198307086	0.044201300000167976	epochs	1.0
1936.7353996070863	2.9999199999999746	epochs	0.0
1936.7353996070863	1.0	epochs	1.0
1937.7353996070863	1.0	epochs	1.0
1938.7353996070863	0.9999199999999746	epochs	1.0
1940.780999660492	0.09840000000008331	epochs	0.0
1940.780999660492	0.0442012999999406	epochs	1.0
1940.8252009604919	0.009997399999974732	epochs	1.0
1940.8351983604919	0.044201300000167976	epochs	1.0
1940.879399660492	2.9999199999999746	epochs	0.0
1940.879399660492	1.0	epochs	1.0
1941.879399660492	1.0	epochs	1.0
1942.879399660492	0.9999199999999746	epochs	1.0
1944.8809995651245	0.09840000000008331	epochs	0.0
1944.8809995651245	0.0442012999999406	epochs	1.0
1944.9252008651245	0.009997399999974732	epochs	1.0
1944.9351982651244	0.044201300000167976	epochs	1.0
1944.9793995651246	2.9999199999999746	epochs	0.0
1944.9793995651246	1.0	epochs	1.0
1945.9793995651246	1.0	epochs	1.0
1946.9793995651246	0.9999199999999746	epochs	1.0
1949.0139999389648	0.09840000000008331	epochs	0.0
1949.0139999389648	0.0442012999999406	epochs	1.0
1949.0582012389648	0.009997399999974732	epochs	1.0
1949.0681986389648	0.044201300000167976	epochs	1.0
1949.112399938965	2.9999199999999746	epochs	0.0
1949.112399938965	1.0	epochs	1.0
1950.112399938965	1.0	epochs	1.0
1951.112399938965	0.9999199999999746	epochs	1.0
1953.1799998283386	0.09840000000008331	epochs	0.0
1953.1799998283386	0.0442012999999406	epochs	1.0
1953.2242011283386	0.009997399999974732	epochs	1.0
1953.2341985283385	0.044201300000167976	epochs	1.0
1953.2783998283387	2.9999199999999746	epochs	0.0
1953.2783998283387	1.0	epochs	1.0
1954.2783998283387	1.0	epochs	1.0
1955.2783998283387	0.9999199999999746	epochs	1.0
1957.3469996452332	0.09840000000008331	epochs	0.0
1957.3469996452332	0.0442012999999406	epochs	1.0
1957.391200945233	0.009997399999974732	epochs	1.0
1957.401198345233	0.044201300000167976	epochs	1.0
1957.4453996452332	2.9999199999999746	epochs	0.0
1957.4453996452332	1.0	epochs	1.0
1958.4453996452332	1.0	epochs	1.0
1959.4453996452332	0.9999199999999746	epochs	1.0
1961.4899997711182	0.09840000000008331	epochs	0.0
1961.4899997711182	0.0442012999999406	epochs	1.0
1961.534201071118	0.009997399999974732	epochs	1.0
1961.544198471118	0.044201300000167976	epochs	1.0
1961.5883997711182	2.9999199999999746	epochs	0.0
1961.5883997711182	1.0	epochs	1.0
1962.5883997711182	1.0	epochs	1.0
1963.5883997711182	0.9999199999999746	epochs	1.0
1965.6059999465942	0.09840000000008331	epochs	0.0
1965.6059999465942	0.0442012999999406	epochs	1.0
1965.6502012465942	0.009997399999974732	epochs	1.0
1965.6601986465942	0.044201300000167976	epochs	1.0
1965.7043999465943	2.9999199999999746	epochs	0.0
1965.7043999465943	1.0	epochs	1.0
1966.7043999465943	1.0	epochs	1.0
1967.7043999465943	0.9999199999999746	epochs	1.0
1969.7300000190735	0.09840000000008331	epochs	0.0
1969.7300000190735	0.0442012999999406	epochs	1.0
1969.7742013190734	0.009997399999974732	epochs	1.0
1969.7841987190734	0.044201300000167976	epochs	1.0
1969.8284000190736	2.9999199999999746	epochs	0.0
1969.8284000190736	1.0	epochs	1.0
1970.8284000190736	1.0	epochs	1.0
1971.8284000190736	0.9999199999999746	epochs	1.0
1973.8469996452332	0.09840000000008331	epochs	0.0
1973.8469996452332	0.0442012999999406	epochs	1.0
1973.891200945233	0.009997399999974732	epochs	1.0
1973.901198345233	0.044201300000167976	epochs	1.0
1973.9453996452332	2.9999199999999746	epochs	0.0
1973.9453996452332	1.0	epochs	1.0
1974.9453996452332	1.0	epochs	1.0
1975.9453996452332	0.9999199999999746	epochs	1.0
1978.0299997329712	0.09840000000008331	epochs	0.0
1978.0299997329712	0.0442012999999406	epochs	1.0
1978.0742010329711	0.009997399999974732	epochs	1.0
1978.084198432971	0.044201300000167976	epochs	1.0
1978.1283997329713	2.9999199999999746	epochs	0.0
1978.1283997329713	0.8999999999998636	epochs	1.0
1979.0283997329711	0.10000000000013642	epochs	1.0
1979.1283997329713	1.0	epochs	1.0
1980.1283997329713	0.9999199999999746	epochs	1.0
1982.1939997673035	0.09840000000008331	epochs	0.0
1982.1939997673035	0.0442012999999406	epochs	1.0
1982.2382010673034	0.009997399999974732	epochs	1.0
1982.2481984673034	0.044201300000167976	epochs	1.0
1982.2923997673036	2.9999199999999746	epochs	0.0
1982.2923997673036	0.8999999999998636	epochs	1.0
1983.1923997673034	0.10000000000013642	epochs	1.0
1983.2923997673036	1.0	epochs	1.0
1984.2923997673036	0.9999199999999746	epochs	1.0
1986.343999862671	0.09840000000008331	epochs	0.0
1986.343999862671	0.0442012999999406	epochs	1.0
1986.3882011626708	0.009997399999974732	epochs	1.0
1986.3981985626708	0.044201300000167976	epochs	1.0
1986.442399862671	2.9999199999999746	epochs	0.0
1986.442399862671	0.8999999999998636	epochs	1.0
1987.3423998626708	0.10000000000013642	epochs	1.0
1987.442399862671	1.0	epochs	1.0
1988.442399862671	0.9999199999999746	epochs	1.0
1990.4539999961853	0.09840000000008331	epochs	0.0
1990.4539999961853	0.0442012999999406	epochs	1.0
1990.4982012961852	0.009997399999974732	epochs	1.0
1990.5081986961852	0.044201300000167976	epochs	1.0
1990.5523999961854	2.9999199999999746	epochs	0.0
1990.5523999961854	0.8999999999998636	epochs	1.0
1991.4523999961852	0.10000000000013642	epochs	1.0
1991.5523999961854	1.0	epochs	1.0
1992.5523999961854	0.9999199999999746	epochs	1.0
1994.6039996147156	0.09840000000008331	epochs	0.0
1994.6039996147156	0.0442012999999406	epochs	1.0
1994.6482009147155	0.009997399999974732	epochs	1.0
1994.6581983147155	0.044201300000167976	epochs	1.0
1994.7023996147157	2.9999199999999746	epochs	0.0
1994.7023996147157	0.8999999999998636	epochs	1.0
1995.6023996147155	0.10000000000013642	epochs	1.0
1995.7023996147157	1.0	epochs	1.0
1996.7023996147157	0.9999199999999746	epochs	1.0
1998.753999710083	0.09840000000008331	epochs	0.0
1998.753999710083	0.0442012999999406	epochs	1.0
1998.798201010083	0.009997399999974732	epochs	1.0
1998.808198410083	0.044201300000167976	epochs	1.0
1998.852399710083	2.9999199999999746	epochs	0.0
1998.852399710083	0.8999999999998636	epochs	1.0
1999.752399710083	0.10000000000013642	epochs	1.0
1999.852399710083	1.0	epochs	1.0
2000.852399710083	0.9999199999999746	epochs	1.0
2002.9879999160767	0.09840000000008331	epochs	0.0
2002.9879999160767	0.0442012999999406	epochs	1.0
2003.0322012160766	0.009997399999974732	epochs	1.0
2003.0421986160766	0.044201300000167976	epochs	1.0
2003.0863999160767	2.9999199999999746	epochs	0.0
2003.0863999160767	0.8999999999998636	epochs	1.0
2003.9863999160766	0.10000000000013642	epochs	1.0
2004.0863999160767	1.0	epochs	1.0
2005.0863999160767	0.9999199999999746	epochs	1.0
2007.2379999160767	0.09840000000008331	epochs	0.0
2007.2379999160767	0.0442012999999406	epochs	1.0
2007.2822012160766	0.009997399999974732	epochs	1.0
2007.2921986160766	0.044201300000167976	epochs	1.0
2007.3363999160767	2.9999199999999746	epochs	0.0
2007.3363999160767	0.8999999999998636	epochs	1.0
2008.2363999160766	0.10000000000013642	epochs	1.0
2008.3363999160767	1.0	epochs	1.0
2009.3363999160767	0.9999199999999746	epochs	1.0
2011.4169998168945	0.09840000000008331	epochs	0.0
2011.4169998168945	0.0442012999999406	epochs	1.0
2011.4612011168945	0.009997399999974732	epochs	1.0
2011.4711985168944	0.044201300000167976	epochs	1.0
2011.5153998168946	2.9999199999999746	epochs	0.0
2011.5153998168946	0.8999999999998636	epochs	1.0
2012.4153998168945	0.10000000000013642	epochs	1.0
2012.5153998168946	1.0	epochs	1.0
2013.5153998168946	0.9999199999999746	epochs	1.0
2015.6669998168945	0.09840000000008331	epochs	0.0
2015.6669998168945	0.0442012999999406	epochs	1.0
2015.7112011168945	0.009997399999974732	epochs	1.0
2015.7211985168944	0.044201300000167976	epochs	1.0
2015.7653998168946	2.9999199999999746	epochs	0.0
2015.7653998168946	1.0	epochs	1.0
2016.7653998168946	1.0	epochs	1.0
2017.7653998168946	0.9999199999999746	epochs	1.0
2019.9319996833801	0.09840000000008331	epochs	0.0
2019.9319996833801	0.0442012999999406	epochs	1.0
2019.97620098338	0.009997399999974732	epochs	1.0
2019.98619838338	0.044201300000167976	epochs	1.0
2020.0303996833802	2.9999199999999746	epochs	0.0
2020.0303996833802	1.0	epochs	1.0
2021.0303996833802	1.0	epochs	1.0
2022.0303996833802	0.9999199999999746	epochs	1.0
2024.1819996833801	0.09840000000008331	epochs	0.0
2024.1819996833801	0.0442012999999406	epochs	1.0
2024.22620098338	0.009997399999974732	epochs	1.0
2024.23619838338	0.044201300000167976	epochs	1.0
2024.2803996833802	2.9999199999999746	epochs	0.0
2024.2803996833802	1.0	epochs	1.0
2025.2803996833802	1.0	epochs	1.0
2026.2803996833802	0.9999199999999746	epochs	1.0
2028.3649997711182	0.09840000000008331	epochs	0.0
2028.3649997711182	0.0442012999999406	epochs	1.0
2028.409201071118	0.009997399999974732	epochs	1.0
2028.419198471118	0.044201300000167976	epochs	1.0
2028.4633997711182	2.9999199999999746	epochs	0.0
2028.4633997711182	1.0	epochs	1.0
2029.4633997711182	1.0	epochs	1.0
2030.4633997711182	0.9999199999999746	epochs	1.0
2032.5789999961853	0.09840000000008331	epochs	0.0
2032.5789999961853	0.0442012999999406	epochs	1.0
2032.6232012961852	0.009997399999974732	epochs	1.0
2032.6331986961852	0.044201300000167976	epochs	1.0
2032.6773999961854	2.9999199999999746	epochs	0.0
2032.6773999961854	1.0	epochs	1.0
2033.6773999961854	1.0	epochs	1.0
2034.6773999961854	0.9999199999999746	epochs	1.0
2036.811999797821	0.09840000000008331	epochs	0.0
2036.811999797821	0.0442012999999406	epochs	1.0
2036.856201097821	0.009997399999974732	epochs	1.0
2036.866198497821	0.044201300000167976	epochs	1.0
2036.9103997978211	2.9999199999999746	epochs	0.0
2036.9103997978211	1.0	epochs	1.0
2037.9103997978211	1.0	epochs	1.0
2038.9103997978211	0.9999199999999746	epochs	1.0
2041.0579996109009	0.09840000000008331	epochs	0.0
2041.0579996109009	0.0442012999999406	epochs	1.0
2041.1022009109008	0.009997399999974732	epochs	1.0
2041.1121983109008	0.044201300000167976	epochs	1.0
2041.156399610901	2.9999199999999746	epochs	0.0
2041.156399610901	1.0	epochs	1.0
2042.156399610901	1.0	epochs	1.0
2043.156399610901	0.9999199999999746	epochs	1.0
2045.2739996910095	0.09840000000008331	epochs	0.0
2045.2739996910095	0.0442012999999406	epochs	1.0
2045.3182009910095	0.009997399999974732	epochs	1.0
2045.3281983910094	0.044201300000167976	epochs	1.0
2045.3723996910096	2.9999199999999746	epochs	0.0
2045.3723996910096	1.0	epochs	1.0
2046.3723996910096	1.0	epochs	1.0
2047.3723996910096	0.9999199999999746	epochs	1.0
2049.5239996910095	0.09839999999985594	epochs	0.0
2049.5239996910095	0.044201300000167976	epochs	1.0
2049.5682009910097	0.009997399999974732	epochs	1.0
2049.5781983910097	0.04420129999971323	epochs	1.0
2049.6223996910094	2.999920000000202	epochs	0.0
2049.6223996910094	1.0	epochs	1.0
2050.6223996910094	1.0	epochs	1.0
2051.6223996910094	0.999920000000202	epochs	1.0
2053.779999732971	0.09839999999985594	epochs	0.0
2053.779999732971	0.044201300000167976	epochs	1.0
2053.8242010329714	0.009997399999974732	epochs	1.0
2053.8341984329713	0.04420129999971323	epochs	1.0
2053.878399732971	2.999920000000202	epochs	0.0
2053.878399732971	1.0	epochs	1.0
2054.878399732971	1.0	epochs	1.0
2055.878399732971	0.999920000000202	epochs	1.0
2058.0469999313354	0.09839999999985594	epochs	0.0
2058.0469999313354	0.044201300000167976	epochs	1.0
2058.0912012313356	0.009997399999974732	epochs	1.0
2058.1011986313356	0.04420129999971323	epochs	1.0
2058.1453999313353	2.999920000000202	epochs	0.0
2058.1453999313353	1.0	epochs	1.0
2059.1453999313353	1.0	epochs	1.0
2060.1453999313353	0.999920000000202	epochs	1.0
2062.2839999198914	0.09839999999985594	epochs	0.0
2062.2839999198914	0.044201300000167976	epochs	1.0
2062.3282012198915	0.009997399999974732	epochs	1.0
2062.3381986198915	0.04420129999971323	epochs	1.0
2062.382399919891	2.999920000000202	epochs	0.0
2062.382399919891	1.0	epochs	1.0
2063.382399919891	1.0	epochs	1.0
2064.382399919891	0.999920000000202	epochs	1.0
2066.583999633789	0.09839999999985594	epochs	0.0
2066.583999633789	0.044201300000167976	epochs	1.0
2066.6282009337892	0.009997399999974732	epochs	1.0
2066.638198333789	0.04420129999971323	epochs	1.0
2066.682399633789	2.999920000000202	epochs	0.0
2066.682399633789	1.0	epochs	1.0
2067.682399633789	1.0	epochs	1.0
2068.682399633789	0.999920000000202	epochs	1.0
2070.8459997177124	0.09839999999985594	epochs	0.0
2070.8459997177124	0.044201300000167976	epochs	1.0
2070.8902010177126	0.009997399999974732	epochs	1.0
2070.9001984177125	0.04420129999971323	epochs	1.0
2070.9443997177123	2.999920000000202	epochs	0.0
2070.9443997177123	1.0	epochs	1.0
2071.9443997177123	1.0	epochs	1.0
2072.9443997177123	0.999920000000202	epochs	1.0
2075.0789999961853	0.09839999999985594	epochs	0.0
2075.0789999961853	0.044201300000167976	epochs	1.0
2075.1232012961855	0.009997399999974732	epochs	1.0
2075.1331986961854	0.04420129999971323	epochs	1.0
2075.177399996185	2.999920000000202	epochs	0.0
2075.177399996185	1.0	epochs	1.0
2076.177399996185	1.0	epochs	1.0
2077.177399996185	0.999920000000202	epochs	1.0
2079.3629999160767	0.09839999999985594	epochs	0.0
2079.3629999160767	0.044201300000167976	epochs	1.0
2079.407201216077	0.009997399999974732	epochs	1.0
2079.417198616077	0.04420129999971323	epochs	1.0
2079.4613999160765	2.999920000000202	epochs	0.0
2079.4613999160765	1.0	epochs	1.0
2080.4613999160765	1.0	epochs	1.0
2081.4613999160765	0.999920000000202	epochs	1.0
2083.665999889374	0.09839999999985594	epochs	0.0
2083.665999889374	0.044201300000167976	epochs	1.0
2083.710201189374	0.009997399999974732	epochs	1.0
2083.720198589374	0.04420129999971323	epochs	1.0
2083.7643998893736	2.999920000000202	epochs	0.0
2083.7643998893736	1.0	epochs	1.0
2084.7643998893736	1.0	epochs	1.0
2085.7643998893736	0.999920000000202	epochs	1.0
2087.915999889374	0.09839999999985594	epochs	0.0
2087.915999889374	0.044201300000167976	epochs	1.0
2087.960201189374	0.009997399999974732	epochs	1.0
2087.970198589374	0.04420129999971323	epochs	1.0
2088.0143998893736	2.999920000000202	epochs	0.0
2088.0143998893736	1.0	epochs	1.0
2089.0143998893736	1.0	epochs	1.0
2090.0143998893736	0.999920000000202	epochs	1.0
2092.1759996414185	0.09839999999985594	epochs	0.0
2092.1759996414185	0.044201300000167976	epochs	1.0
2092.2202009414186	0.009997399999974732	epochs	1.0
2092.2301983414186	0.04420129999971323	epochs	1.0
2092.2743996414183	2.999920000000202	epochs	0.0
2092.2743996414183	1.0	epochs	1.0
2093.2743996414183	1.0	epochs	1.0
2094.2743996414183	0.999920000000202	epochs	1.0
2096.458999633789	0.09839999999985594	epochs	0.0
2096.458999633789	0.044201300000167976	epochs	1.0
2096.5032009337892	0.009997399999974732	epochs	1.0
2096.513198333789	0.04420129999971323	epochs	1.0
2096.557399633789	2.999920000000202	epochs	0.0
2096.557399633789	1.0	epochs	1.0
2097.557399633789	1.0	epochs	1.0
2098.557399633789	0.999920000000202	epochs	1.0
2100.6719999313354	0.09839999999985594	epochs	0.0
2100.6719999313354	0.044201300000167976	epochs	1.0
2100.7162012313356	0.009997399999974732	epochs	1.0
2100.7261986313356	0.04420129999971323	epochs	1.0
2100.7703999313353	3.649920000000293	epochs	0.0
2100.7703999313353	2.0	epochs	1.0
2102.7703999313353	0.3000000000001819	epochs	1.0
2103.0703999313355	0.005000000000109139	epochs	1.0
2103.0753999313356	0.29999999999972715	epochs	1.0
2103.3753999313353	1.0	epochs	1.0
2104.3753999313353	0.04492000000027474	epochs	1.0
2105.572000026703	0.09839999999985594	epochs	0.0
2105.572000026703	0.044201300000167976	epochs	1.0
2105.616201326703	0.009997399999974732	epochs	1.0
2105.626198726703	0.04420129999971323	epochs	1.0
2105.6704000267027	3.649920000000293	epochs	0.0
2105.6704000267027	2.0	epochs	1.0
2107.6704000267027	0.3000000000001819	epochs	1.0
2107.970400026703	0.009999999999763531	epochs	1.0
2107.9804000267027	0.3000000000001819	epochs	1.0
2108.280400026703	1.0	epochs	1.0
2109.280400026703	0.0399200000001656	epochs	1.0
2110.46799993515	0.09839999999985594	epochs	0.0
2110.46799993515	0.044201300000167976	epochs	1.0
2110.5122012351503	0.009997399999974732	epochs	1.0
2110.5221986351503	0.04420129999971323	epochs	1.0
2110.56639993515	3.649920000000293	epochs	0.0
2110.56639993515	2.0	epochs	1.0
2112.56639993515	0.3000000000001819	epochs	1.0
2112.86639993515	0.01499999999987267	epochs	1.0
2112.88139993515	0.3000000000001819	epochs	1.0
2113.1813999351502	1.0	epochs	1.0
2114.1813999351502	0.03492000000005646	epochs	1.0
2115.401000022888	0.09839999999985594	epochs	0.0
2115.401000022888	0.044201300000167976	epochs	1.0
2115.4452013228884	0.009997399999974732	epochs	1.0
2115.4551987228883	0.04420129999971323	epochs	1.0
2115.499400022888	3.649920000000293	epochs	0.0
2115.499400022888	2.0	epochs	1.0
2117.499400022888	0.3000000000001819	epochs	1.0
2117.799400022888	0.01999999999998181	epochs	1.0
2117.819400022888	0.3000000000001819	epochs	1.0
2118.1194000228884	1.0	epochs	1.0
2119.1194000228884	0.029919999999947322	epochs	1.0
2120.3399996757507	0.09839999999985594	epochs	0.0
2120.3399996757507	0.044201300000167976	epochs	1.0
2120.384200975751	0.009997399999974732	epochs	1.0
2120.394198375751	0.04420129999971323	epochs	1.0
2120.4383996757506	3.649920000000293	epochs	0.0
2120.4383996757506	2.0	epochs	1.0
2122.4383996757506	0.3000000000001819	epochs	1.0
2122.7383996757508	0.02500000000009095	epochs	1.0
2122.763399675751	0.29999999999972715	epochs	1.0
2123.0633996757506	1.0	epochs	1.0
2124.0633996757506	0.02492000000029293	epochs	1.0
2125.3899998664856	0.09839999999985594	epochs	0.0
2125.3899998664856	0.044201300000167976	epochs	1.0
2125.4342011664858	0.009997399999974732	epochs	1.0
2125.4441985664857	0.04420129999971323	epochs	1.0
2125.4883998664855	3.649920000000293	epochs	0.0
2125.4883998664855	2.0	epochs	1.0
2127.4883998664855	0.3000000000001819	epochs	1.0
2127.7883998664856	0.02999999999974534	epochs	1.0
2127.8183998664854	0.3000000000001819	epochs	1.0
2128.1183998664856	1.0	epochs	1.0
2129.1183998664856	0.01992000000018379	epochs	1.0
2130.293999671936	0.09839999999985594	epochs	0.0
2130.293999671936	0.044201300000167976	epochs	1.0
2130.338200971936	0.009997399999974732	epochs	1.0
2130.348198371936	0.04420129999971323	epochs	1.0
2130.392399671936	3.649920000000293	epochs	0.0
2130.392399671936	2.0	epochs	1.0
2132.392399671936	0.3000000000001819	epochs	1.0
2132.692399671936	0.03499999999985448	epochs	1.0
2132.727399671936	0.3000000000001819	epochs	1.0
2133.027399671936	1.0	epochs	1.0
2134.027399671936	0.014920000000074651	epochs	1.0
2135.2109999656677	0.09839999999985594	epochs	0.0
2135.2109999656677	0.044201300000167976	epochs	1.0
2135.255201265668	0.009997399999974732	epochs	1.0
2135.265198665668	0.04420129999971323	epochs	1.0
2135.3093999656676	3.649920000000293	epochs	0.0
2135.3093999656676	2.0	epochs	1.0
2137.3093999656676	0.3000000000001819	epochs	1.0
2137.6093999656678	0.03999999999996362	epochs	1.0
2137.6493999656677	0.3000000000001819	epochs	1.0
2137.949399965668	1.0	epochs	1.0
2138.949399965668	0.009919999999965512	epochs	1.0
2140.160999774933	0.09839999999985594	epochs	0.0
2140.160999774933	0.044201300000167976	epochs	1.0
2140.205201074933	0.009997399999974732	epochs	1.0
2140.215198474933	0.04420129999971323	epochs	1.0
2140.2593997749327	3.649920000000293	epochs	0.0
2140.2593997749327	2.0	epochs	1.0
2142.2593997749327	0.3000000000001819	epochs	1.0
2142.559399774933	0.04500000000007276	epochs	1.0
2142.604399774933	0.29999999999972715	epochs	1.0
2142.9043997749327	1.0	epochs	1.0
2143.9043997749327	0.00492000000031112	epochs	1.0
2145.422999858856	0.09839999999985594	epochs	0.0
2145.422999858856	0.044201300000167976	epochs	1.0
2145.4672011588564	0.009997399999974732	epochs	1.0
2145.4771985588563	0.04420129999971323	epochs	1.0
2145.521399858856	3.649920000000293	epochs	0.0
2145.521399858856	2.0	epochs	1.0
2147.521399858856	0.3000000000001819	epochs	1.0
2147.8213998588562	0.0500000000001819	epochs	1.0
2147.8713998588564	0.29999999999972715	epochs	1.0
2148.171399858856	0.999920000000202	epochs	1.0
2150.5329999923706	0.09839999999985594	epochs	0.0
2150.5329999923706	0.044201300000167976	epochs	1.0
2150.577201292371	0.009997399999974732	epochs	1.0
2150.5871986923707	0.04420129999971323	epochs	1.0
2150.6313999923705	4.099920000000111	epochs	0.0
2150.6313999923705	2.0	epochs	1.0
2152.6313999923705	0.3000000000001819	epochs	1.0
2152.9313999923706	0.09999999999990905	epochs	1.0
2153.0313999923706	0.3000000000001819	epochs	1.0
2153.3313999923707	1.0	epochs	1.0
2154.3313999923707	0.3999199999998382	epochs	1.0
2157.848999977112	0.09839999999985594	epochs	0.0
2157.848999977112	0.044201300000167976	epochs	1.0
2157.893201277112	0.009997399999974732	epochs	1.0
2157.903198677112	0.04420129999971323	epochs	1.0
2157.9473999771117	4.099920000000111	epochs	0.0
2157.9473999771117	2.0	epochs	1.0
2159.9473999771117	0.3000000000001819	epochs	1.0
2160.247399977112	0.1999999999998181	epochs	1.0
2160.4473999771117	0.3000000000001819	epochs	1.0
2160.747399977112	1.0	epochs	1.0
2161.747399977112	0.29991999999992913	epochs	1.0
2165.163999557495	0.09839999999985594	epochs	0.0
2165.163999557495	0.044201300000167976	epochs	1.0
2165.2082008574953	0.009997399999974732	epochs	1.0
2165.2181982574953	0.04420129999971323	epochs	1.0
2165.262399557495	4.099920000000111	epochs	0.0
2165.262399557495	2.0	epochs	1.0
2167.262399557495	0.3000000000001819	epochs	1.0
2167.562399557495	0.3000000000001819	epochs	1.0
2167.8623995574953	0.29999999999972715	epochs	1.0
2168.162399557495	1.0	epochs	1.0
2169.162399557495	0.19992000000002008	epochs	1.0
2172.4169998168945	0.09839999999985594	epochs	0.0
2172.4169998168945	0.044201300000167976	epochs	1.0
2172.4612011168947	0.009997399999974732	epochs	1.0
2172.4711985168947	0.04420129999971323	epochs	1.0
2172.5153998168944	4.099920000000111	epochs	0.0
2172.5153998168944	2.0	epochs	1.0
2174.5153998168944	0.3000000000001819	epochs	1.0
2174.8153998168946	0.40000000000009095	epochs	1.0
2175.2153998168947	0.29999999999972715	epochs	1.0
2175.5153998168944	1.0	epochs	1.0
2176.5153998168944	0.09992000000011103	epochs	1.0
2179.7329998016357	0.09839999999985594	epochs	0.0
2179.7329998016357	0.044201300000167976	epochs	1.0
2179.777201101636	0.009997399999974732	epochs	1.0
2179.787198501636	0.04420129999971323	epochs	1.0
2179.8313998016356	4.099920000000111	epochs	0.0
2179.8313998016356	2.0	epochs	1.0
2181.8313998016356	0.3000000000001819	epochs	1.0
2182.131399801636	0.5	epochs	1.0
2182.631399801636	0.3000000000001819	epochs	1.0
2182.931399801636	0.9999199999997472	epochs	1.0
2187.007999897003	0.09839999999985594	epochs	0.0
2187.007999897003	0.044201300000167976	epochs	1.0
2187.0522011970033	0.009997399999974732	epochs	1.0
2187.0621985970033	0.04420129999971323	epochs	1.0
2187.106399897003	7.599920000000111	epochs	0.0
2187.106399897003	2.0	epochs	1.0
2189.106399897003	0.3000000000001819	epochs	1.0
2189.406399897003	1.0	epochs	1.0
2190.406399897003	0.3000000000001819	epochs	1.0
2190.7063998970034	1.0	epochs	1.0
2191.7063998970034	2.9999199999997472	epochs	1.0
2197.8329997062683	0.09839999999985594	epochs	0.0
2197.8329997062683	0.044201300000167976	epochs	1.0
2197.8772010062685	0.009997399999974732	epochs	1.0
2197.8871984062685	0.04420129999971323	epochs	1.0
2197.931399706268	7.599920000000111	epochs	0.0
2197.931399706268	2.0	epochs	1.0
2199.931399706268	0.3000000000001819	epochs	1.0
2200.2313997062683	2.0	epochs	1.0
2202.2313997062683	0.3000000000001819	epochs	1.0
2202.5313997062685	1.0	epochs	1.0
2203.5313997062685	1.9999199999997472	epochs	1.0
2208.6669998168945	0.09839999999985594	epochs	0.0
2208.6669998168945	0.044201300000167976	epochs	1.0
2208.7112011168947	0.009997399999974732	epochs	1.0
2208.7211985168947	0.04420129999971323	epochs	1.0
2208.7653998168944	7.599920000000111	epochs	0.0
2208.7653998168944	2.0	epochs	1.0
2210.7653998168944	0.3000000000001819	epochs	1.0
2211.0653998168946	3.0	epochs	1.0
2214.0653998168946	0.3000000000001819	epochs	1.0
2214.3653998168948	1.0	epochs	1.0
2215.3653998168948	0.9999199999997472	epochs	1.0
2219.543999671936	0.09839999999985594	epochs	0.0
2219.543999671936	0.044201300000167976	epochs	1.0
2219.588200971936	0.009997399999974732	epochs	1.0
2219.598198371936	0.04420129999971323	epochs	1.0
2219.642399671936	7.599920000000111	epochs	0.0
2219.642399671936	2.0	epochs	1.0
2221.642399671936	0.3000000000001819	epochs	1.0
2221.942399671936	4.0	epochs	1.0
2225.942399671936	0.3000000000001819	epochs	1.0
2226.2423996719363	0.9999199999997472	epochs	1.0
2251.8899998664856	0.09839999999985594	epochs	0.0
2251.8899998664856	0.044201300000167976	epochs	1.0
2251.9342011664858	0.009997399999974732	epochs	1.0
2251.9441985664857	0.04420129999971323	epochs	1.0
2251.9883998664855	0.22992000000022017	epochs	0.0
2251.9883998664855	0.0500000000001819	epochs	1.0
2252.0383998664856	0.009999999999763531	epochs	1.0
2252.0483998664854	0.0500000000001819	epochs	1.0
2252.0983998664856	0.010000000000218279	epochs	1.0
2252.108399866486	0.04999999999972715	epochs	1.0
2252.1583998664855	0.010000000000218279	epochs	1.0
2252.1683998664857	0.04991999999992913	epochs	1.0
