onset	duration	nwb_table	treelevel
10.482999801635742	0.09999999999999964	epochs	0.0
10.482999801635742	0.04499999999999993	epochs	1.0
10.527999801635742	0.009999999999999787	epochs	1.0
10.537999801635742	0.04499999999999993	epochs	1.0
10.582999801635742	0.7049950000000003	epochs	0.0
10.582999801635742	0.5	epochs	-1.0
10.582999801635742	0.5	epochs	-1.0
10.582999801635742	0.5	epochs	1.0
11.082999801635742	0.0600000000000005	epochs	-1.0
11.082999801635742	0.025000000000000355	epochs	-1.0
11.082999801635742	0.025000000000000355	epochs	1.0
11.107999801635742	0.009999999999999787	epochs	-1.0
11.107999801635742	0.009999999999999787	epochs	1.0
11.117999801635742	0.025000000000000355	epochs	-1.0
11.117999801635742	0.025000000000000355	epochs	1.0
11.142999801635742	0.0600000000000005	epochs	-1.0
11.142999801635742	0.025000000000000355	epochs	-1.0
11.142999801635742	0.025000000000000355	epochs	1.0
11.167999801635743	0.009999999999999787	epochs	-1.0
11.167999801635743	0.009999999999999787	epochs	1.0
11.177999801635742	0.025000000000000355	epochs	-1.0
11.177999801635742	0.025000000000000355	epochs	1.0
11.202999801635743	0.05999999999999872	epochs	-1.0
11.202999801635743	0.02499999999999858	epochs	-1.0
11.202999801635743	0.02499999999999858	epochs	1.0
11.227999801635741	0.010000000000001563	epochs	-1.0
11.227999801635741	0.010000000000001563	epochs	1.0
11.237999801635743	0.02499999999999858	epochs	-1.0
11.237999801635743	0.02499999999999858	epochs	1.0
11.262999801635742	0.024995000000000545	epochs	1.0
213.32499980926514	0.09999999999999432	epochs	0.0
213.32499980926514	0.044999999999987494	epochs	1.0
213.36999980926512	0.010000000000019327	epochs	1.0
213.37999980926514	0.044999999999987494	epochs	1.0
213.42499980926513	0.7049949999999967	epochs	0.0
213.42499980926513	0.5	epochs	-1.0
213.42499980926513	0.5	epochs	1.0
213.92499980926513	0.060000000000002274	epochs	-1.0
213.92499980926513	0.025000000000005684	epochs	-1.0
213.92499980926513	0.025000000000005684	epochs	1.0
213.94999980926514	0.009999999999990905	epochs	-1.0
213.94999980926514	0.009999999999990905	epochs	1.0
213.95999980926513	0.025000000000005684	epochs	-1.0
213.95999980926513	0.025000000000005684	epochs	1.0
213.98499980926513	0.060000000000002274	epochs	-1.0
213.98499980926513	0.025000000000005684	epochs	-1.0
213.98499980926513	0.025000000000005684	epochs	1.0
214.00999980926514	0.009999999999990905	epochs	-1.0
214.00999980926514	0.009999999999990905	epochs	1.0
214.01999980926513	0.025000000000005684	epochs	-1.0
214.01999980926513	0.025000000000005684	epochs	1.0
214.04499980926514	0.060000000000002274	epochs	-1.0
214.04499980926514	0.025000000000005684	epochs	-1.0
214.04499980926514	0.025000000000005684	epochs	1.0
214.06999980926514	0.009999999999990905	epochs	-1.0
214.06999980926514	0.009999999999990905	epochs	1.0
214.07999980926513	0.025000000000005684	epochs	-1.0
214.07999980926513	0.025000000000005684	epochs	1.0
214.10499980926514	0.024994999999989886	epochs	1.0
261.8509998321533	0.10000000000002274	epochs	0.0
261.8509998321533	0.045000000000015916	epochs	1.0
261.89599983215334	0.009999999999990905	epochs	1.0
261.9059998321533	0.045000000000015916	epochs	1.0
261.95099983215334	61.384995	epochs	0.0
261.95099983215334	0.5	epochs	-1.0
261.95099983215334	0.5	epochs	-1.0
261.95099983215334	0.5	epochs	1.0
262.45099983215334	0.060000000000002274	epochs	-1.0
262.45099983215334	0.024999999999977263	epochs	-1.0
262.45099983215334	0.024999999999977263	epochs	1.0
262.4759998321533	0.009999999999990905	epochs	-1.0
262.4759998321533	0.009999999999990905	epochs	1.0
262.4859998321533	0.025000000000034106	epochs	-1.0
262.4859998321533	0.025000000000034106	epochs	1.0
262.51099983215335	0.060000000000002274	epochs	-1.0
262.51099983215335	0.024999999999977263	epochs	-1.0
262.51099983215335	0.024999999999977263	epochs	1.0
262.5359998321533	0.009999999999990905	epochs	-1.0
262.5359998321533	0.009999999999990905	epochs	1.0
262.5459998321533	0.025000000000034106	epochs	-1.0
262.5459998321533	0.025000000000034106	epochs	1.0
262.57099983215335	0.05999999999994543	epochs	-1.0
262.57099983215335	0.024999999999977263	epochs	-1.0
262.57099983215335	0.024999999999977263	epochs	1.0
262.5959998321533	0.009999999999990905	epochs	-1.0
262.5959998321533	0.009999999999990905	epochs	1.0
262.6059998321533	0.024999999999977263	epochs	-1.0
262.6059998321533	0.024999999999977263	epochs	1.0
262.6309998321533	60.0	epochs	1.0
322.6309998321533	0.5	epochs	-1.0
322.6309998321533	0.5	epochs	-1.0
322.6309998321533	0.5	epochs	1.0
323.1309998321533	0.06000000000005912	epochs	-1.0
323.1309998321533	0.025000000000034106	epochs	-1.0
323.1309998321533	0.025000000000034106	epochs	1.0
323.1559998321533	0.009999999999990905	epochs	-1.0
323.1559998321533	0.009999999999990905	epochs	1.0
323.1659998321533	0.025000000000034106	epochs	-1.0
323.1659998321533	0.025000000000034106	epochs	1.0
323.19099983215335	0.05999999999994543	epochs	-1.0
323.19099983215335	0.024999999999977263	epochs	-1.0
323.19099983215335	0.024999999999977263	epochs	1.0
323.21599983215333	0.009999999999990905	epochs	-1.0
323.21599983215333	0.009999999999990905	epochs	1.0
323.2259998321533	0.024999999999977263	epochs	-1.0
323.2259998321533	0.024999999999977263	epochs	1.0
323.2509998321533	0.060000000000002274	epochs	-1.0
323.2509998321533	0.025000000000034106	epochs	-1.0
323.2509998321533	0.025000000000034106	epochs	1.0
323.27599983215333	0.009999999999990905	epochs	-1.0
323.27599983215333	0.009999999999990905	epochs	1.0
323.2859998321533	0.024999999999977263	epochs	-1.0
323.2859998321533	0.024999999999977263	epochs	1.0
323.3109998321533	0.02499500000004673	epochs	1.0
348.08999967575073	0.10000000000002274	epochs	0.0
348.08999967575073	0.045000000000015916	epochs	1.0
348.13499967575075	0.009999999999990905	epochs	1.0
348.14499967575074	0.045000000000015916	epochs	1.0
348.18999967575076	0.7049949999999967	epochs	0.0
348.18999967575076	0.5	epochs	-1.0
348.18999967575076	0.5	epochs	-1.0
348.18999967575076	0.5	epochs	1.0
348.68999967575076	0.060000000000002274	epochs	-1.0
348.68999967575076	0.024999999999977263	epochs	-1.0
348.68999967575076	0.024999999999977263	epochs	1.0
348.71499967575073	0.009999999999990905	epochs	-1.0
348.71499967575073	0.009999999999990905	epochs	1.0
348.7249996757507	0.025000000000034106	epochs	-1.0
348.7249996757507	0.025000000000034106	epochs	1.0
348.74999967575076	0.060000000000002274	epochs	-1.0
348.74999967575076	0.024999999999977263	epochs	-1.0
348.74999967575076	0.024999999999977263	epochs	1.0
348.77499967575073	0.009999999999990905	epochs	-1.0
348.77499967575073	0.009999999999990905	epochs	1.0
348.7849996757507	0.025000000000034106	epochs	-1.0
348.7849996757507	0.025000000000034106	epochs	1.0
348.80999967575076	0.05999999999994543	epochs	-1.0
348.80999967575076	0.024999999999977263	epochs	-1.0
348.80999967575076	0.024999999999977263	epochs	1.0
348.83499967575074	0.009999999999990905	epochs	-1.0
348.83499967575074	0.009999999999990905	epochs	1.0
348.8449996757507	0.024999999999977263	epochs	-1.0
348.8449996757507	0.024999999999977263	epochs	1.0
348.8699996757507	0.02499500000004673	epochs	1.0
391.56699991226196	0.1089200000000119	epochs	0.0
391.56699991226196	0.049460599999974875	epochs	1.0
391.61646051226194	0.009998800000005303	epochs	1.0
391.62645931226194	0.04946060000003172	epochs	1.0
391.675919912262	5.999979999999994	epochs	0.0
391.675919912262	0.5	epochs	1.0
391.67593241226194	0.5	epochs	-1.0
391.67593241226194	0.5	epochs	-1.0
392.175919912262	5.0	epochs	1.0
397.175919912262	0.49997999999999365	epochs	1.0
397.17593241226194	0.4999675000000252	epochs	-1.0
400.0809998512268	0.1089200000000119	epochs	0.0
400.0809998512268	0.049460599999974875	epochs	1.0
400.1304604512268	0.009998800000005303	epochs	1.0
400.1404592512268	0.04946060000003172	epochs	1.0
400.1899198512268	2.510780000000011	epochs	0.0
400.1899198512268	0.5	epochs	1.0
400.1899323512268	0.5	epochs	-1.0
400.6899198512268	1.0	epochs	1.0
401.6899198512268	1.0107800000000111	epochs	1.0
402.1899323512268	0.5	epochs	-1.0
402.70069985122683	0.9891999999999825	epochs	0.0
403.0640001296997	0.1089200000000119	epochs	0.0
403.0640001296997	0.049460599999974875	epochs	1.0
403.1134607296997	0.009998800000005303	epochs	1.0
403.1234595296997	0.04946060000003172	epochs	1.0
403.1729201296997	2.5509999999999877	epochs	0.0
403.1729201296997	0.5	epochs	1.0
403.1729326296997	0.5	epochs	-1.0
403.6729201296997	1.0	epochs	1.0
404.6729201296997	1.0509999999999877	epochs	1.0
405.1729326296997	0.5	epochs	-1.0
405.7239201296997	0.9489800000000059	epochs	0.0
406.0640001296997	0.1089200000000119	epochs	0.0
406.0640001296997	0.049460599999974875	epochs	1.0
406.1134607296997	0.009998800000005303	epochs	1.0
406.1234595296997	0.04946060000003172	epochs	1.0
406.1729201296997	3.010600000000011	epochs	0.0
406.1729201296997	0.5	epochs	1.0
406.1729326296997	0.5	epochs	-1.0
406.6729201296997	1.0	epochs	1.0
407.6729201296997	1.5106000000000108	epochs	1.0
408.1729326296997	0.5	epochs	-1.0
408.6729326296997	0.5	epochs	-1.0
409.18352012969973	0.48937999999998283	epochs	0.0
409.4609999656677	0.1089200000000119	epochs	0.0
409.4609999656677	0.049460599999974875	epochs	1.0
409.5104605656677	0.009998800000005303	epochs	1.0
409.5204593656677	0.04946060000003172	epochs	1.0
409.56991996566774	3.011480000000006	epochs	0.0
409.56991996566774	0.5	epochs	1.0
409.5699324656677	0.5	epochs	-1.0
410.06991996566774	1.0	epochs	1.0
411.06991996566774	1.511480000000006	epochs	1.0
411.5699324656677	0.5	epochs	-1.0
412.0699324656677	0.5	epochs	-1.0
412.58139996566774	0.4884999999999877	epochs	0.0
412.9279999732971	0.1089200000000119	epochs	0.0
412.9279999732971	0.049460599999974875	epochs	1.0
412.9774605732971	0.009998800000005303	epochs	1.0
412.9874593732971	0.04946060000003172	epochs	1.0
413.03691997329713	3.4999799999999937	epochs	0.0
413.03691997329713	0.5	epochs	1.0
413.0369324732971	0.5	epochs	-1.0
413.53691997329713	1.0	epochs	1.0
414.53691997329713	1.9999799999999937	epochs	1.0
415.0369324732971	0.5	epochs	-1.0
415.5369324732971	0.5	epochs	-1.0
416.9279999732971	0.1089200000000119	epochs	0.0
416.9279999732971	0.049460599999974875	epochs	1.0
416.9774605732971	0.009998800000005303	epochs	1.0
416.9874593732971	0.04946060000003172	epochs	1.0
417.03691997329713	3.4999799999999937	epochs	0.0
417.03691997329713	0.5	epochs	1.0
417.0369324732971	0.5	epochs	-1.0
417.53691997329713	1.0	epochs	1.0
418.53691997329713	1.9999799999999937	epochs	1.0
419.0369324732971	0.5	epochs	-1.0
419.5369324732971	0.5	epochs	-1.0
420.98799991607666	0.1089200000000119	epochs	0.0
420.98799991607666	0.049460599999974875	epochs	1.0
421.03746051607664	0.009998800000005303	epochs	1.0
421.04745931607664	0.04946060000003172	epochs	1.0
421.0969199160767	0.5310599999999681	epochs	0.0
421.0969199160767	0.5	epochs	1.0
421.09693241607664	0.5	epochs	-1.0
421.5969199160767	0.031059999999968113	epochs	1.0
421.62797991607664	2.9689200000000255	epochs	0.0
434.1749997138977	0.1089200000000119	epochs	0.0
434.1749997138977	0.049460599999974875	epochs	1.0
434.2244603138977	0.009998800000005303	epochs	1.0
434.2344591138977	0.04946060000003172	epochs	1.0
434.2839197138977	2.5107600000000048	epochs	0.0
434.2839197138977	0.5	epochs	1.0
434.2839322138977	0.5	epochs	-1.0
434.7839197138977	1.0	epochs	1.0
435.7839197138977	1.0107600000000048	epochs	1.0
436.2839322138977	0.5	epochs	-1.0
436.7946797138977	0.9892199999999889	epochs	0.0
437.19199991226196	0.6499800000000278	epochs	0.0
437.19199991226196	0.05000000000001137	epochs	1.0
437.241999912262	0.5	epochs	1.0
437.741999912262	0.09998000000001639	epochs	1.0
438.25600004196167	0.6499800000000278	epochs	0.0
438.25600004196167	0.05000000000001137	epochs	1.0
438.3060000419617	0.5	epochs	1.0
438.8060000419617	0.09998000000001639	epochs	1.0
439.32299995422363	0.6499800000000278	epochs	0.0
439.32299995422363	0.05000000000001137	epochs	1.0
439.37299995422364	0.5	epochs	1.0
439.87299995422364	0.09998000000001639	epochs	1.0
440.4559998512268	0.6499800000000278	epochs	0.0
440.4559998512268	0.05000000000001137	epochs	1.0
440.5059998512268	0.5	epochs	1.0
441.0059998512268	0.09998000000001639	epochs	1.0
441.57299995422363	0.1089200000000119	epochs	0.0
441.57299995422363	0.049460599999974875	epochs	1.0
441.6224605542236	0.009998800000005303	epochs	1.0
441.6324593542236	0.04946060000003172	epochs	1.0
441.68191995422364	3.050839999999994	epochs	0.0
441.68191995422364	0.5	epochs	1.0
441.6819324542236	0.5	epochs	-1.0
442.18191995422364	1.0	epochs	1.0
443.18191995422364	1.5508399999999938	epochs	1.0
443.68193235422365	0.5	epochs	-1.0
444.18193235422365	0.5	epochs	-1.0
444.73275995422364	2.44914	epochs	0.0
446.7059998512268	0.1089200000000119	epochs	0.0
446.7059998512268	0.049460599999974875	epochs	1.0
446.7554604512268	0.009998800000005303	epochs	1.0
446.7654592512268	0.04946060000003172	epochs	1.0
446.8149198512268	2.5111400000000117	epochs	0.0
446.8149198512268	0.5	epochs	1.0
446.8149323512268	0.5	epochs	-1.0
447.3149198512268	1.0	epochs	1.0
448.3149198512268	1.0111400000000117	epochs	1.0
448.8149322512268	0.5	epochs	-1.0
449.32605985122683	2.988839999999982	epochs	0.0
452.0609998703003	0.1089200000000119	epochs	0.0
452.0609998703003	0.049460599999974875	epochs	1.0
452.11046047030027	0.009998800000005303	epochs	1.0
452.1204592703003	0.04946060000003172	epochs	1.0
452.1699198703003	2.5511399999999753	epochs	0.0
452.1699198703003	0.5	epochs	1.0
452.1699323703003	0.5	epochs	-1.0
452.6699198703003	1.0	epochs	1.0
453.6699198703003	1.0511399999999753	epochs	1.0
454.1699322703003	0.5	epochs	-1.0
454.7210598703003	2.9488400000000183	epochs	0.0
457.2940001487732	0.1089200000000119	epochs	0.0
457.2940001487732	0.049460599999974875	epochs	1.0
457.34346074877317	0.009998800000005303	epochs	1.0
457.3534595487732	0.04946060000003172	epochs	1.0
457.4029201487732	2.550639999999987	epochs	0.0
457.4029201487732	0.5	epochs	1.0
457.4029326487732	0.5	epochs	-1.0
457.9029201487732	1.0	epochs	1.0
458.9029201487732	1.0506399999999871	epochs	1.0
459.4029325487732	0.5	epochs	-1.0
459.9535601487732	2.9493400000000065	epochs	0.0
462.5	0.1089200000000119	epochs	0.0
462.5	0.049460599999974875	epochs	1.0
462.5494606	0.009998800000005303	epochs	1.0
462.5594594	0.04946060000003172	epochs	1.0
462.60892	2.511259999999993	epochs	0.0
462.60892	0.5	epochs	1.0
462.6089325	0.5	epochs	-1.0
463.10892	1.0	epochs	1.0
464.10892	1.011259999999993	epochs	1.0
464.6089324	0.5	epochs	-1.0
465.12018	2.9887200000000007	epochs	0.0
467.75299978256226	0.1089200000000119	epochs	0.0
467.75299978256226	0.049460599999974875	epochs	1.0
467.80246038256223	0.009998800000005303	epochs	1.0
467.81245918256224	0.04946060000003172	epochs	1.0
467.86191978256227	2.5511399999999753	epochs	0.0
467.86191978256227	0.5	epochs	1.0
467.86193228256224	0.5	epochs	-1.0
468.36191978256227	1.0	epochs	1.0
469.36191978256227	1.0511399999999753	epochs	1.0
469.86193218256227	0.5	epochs	-1.0
470.41305978256224	2.9488400000000183	epochs	0.0
472.95300006866455	0.1089200000000119	epochs	0.0
472.95300006866455	0.049460599999974875	epochs	1.0
473.0024606686645	0.009998800000005303	epochs	1.0
473.01245946866453	0.04946060000003172	epochs	1.0
473.06192006866456	2.550900000000013	epochs	0.0
473.06192006866456	0.5	epochs	1.0
473.06193256866453	0.5	epochs	-1.0
473.56192006866456	1.0	epochs	1.0
474.56192006866456	1.0509000000000128	epochs	1.0
475.06193246866457	0.5	epochs	-1.0
475.6128200686646	2.949079999999981	epochs	0.0
478.13100004196167	0.1089200000000119	epochs	0.0
478.13100004196167	0.049460599999974875	epochs	1.0
478.18046064196164	0.009998800000005303	epochs	1.0
478.19045944196165	0.04946060000003172	epochs	1.0
478.2399200419617	2.5507599999999684	epochs	0.0
478.2399200419617	0.5	epochs	1.0
478.23993254196165	0.5	epochs	-1.0
478.7399200419617	1.0	epochs	1.0
479.7399200419617	1.0507599999999684	epochs	1.0
480.23993254196165	0.5	epochs	-1.0
480.79068004196165	3.9492200000000253	epochs	0.0
481.31500005722046	0.1089200000000119	epochs	0.0
481.31500005722046	0.049460599999974875	epochs	1.0
481.36446065722043	0.009998800000005303	epochs	1.0
481.37445945722044	0.04946060000003172	epochs	1.0
481.42392005722047	2.511259999999993	epochs	0.0
481.42392005722047	0.5	epochs	1.0
481.42393255722044	0.5	epochs	-1.0
481.92392005722047	1.0	epochs	1.0
482.92392005722047	1.011259999999993	epochs	1.0
483.42393255722044	0.5	epochs	-1.0
483.93518005722046	3.9887200000000007	epochs	0.0
484.44799995422363	0.1089200000000119	epochs	0.0
484.44799995422363	0.049460599999974875	epochs	1.0
484.4974605542236	0.009998800000005303	epochs	1.0
484.5074593542236	0.04946060000003172	epochs	1.0
484.55691995422364	2.5508800000000065	epochs	0.0
484.55691995422364	0.5	epochs	1.0
484.5569324542236	0.5	epochs	-1.0
485.05691995422364	1.0	epochs	1.0
486.05691995422364	1.0508800000000065	epochs	1.0
486.5569324542236	0.5	epochs	-1.0
487.10779995422365	3.949099999999987	epochs	0.0
487.6009998321533	0.1089200000000119	epochs	0.0
487.6009998321533	0.049460599999974875	epochs	1.0
487.6504604321533	0.009998800000005303	epochs	1.0
487.6604592321533	0.04946060000003172	epochs	1.0
487.70991983215333	2.5508800000000065	epochs	0.0
487.70991983215333	0.5	epochs	1.0
487.7099323321533	0.5	epochs	-1.0
488.20991983215333	1.0	epochs	1.0
489.20991983215333	1.0508800000000065	epochs	1.0
489.7099323321533	0.5	epochs	-1.0
490.26079983215334	3.949099999999987	epochs	0.0
490.7849998474121	0.1089200000000119	epochs	0.0
490.7849998474121	0.049460599999974875	epochs	1.0
490.8344604474121	0.009998800000005303	epochs	1.0
490.8444592474121	0.04946060000003172	epochs	1.0
490.8939198474121	0.5308200000000056	epochs	0.0
490.8939198474121	0.5	epochs	1.0
490.8939323474121	0.5	epochs	-1.0
491.3939198474121	0.03082000000000562	epochs	1.0
491.4247398474121	5.969159999999988	epochs	0.0
506.94799995422363	0.1089200000000119	epochs	0.0
506.94799995422363	0.049460599999974875	epochs	1.0
506.9974605542236	0.009998800000005303	epochs	1.0
507.0074593542236	0.04946060000003172	epochs	1.0
507.05691995422364	2.5515199999999822	epochs	0.0
507.05691995422364	0.5	epochs	1.0
507.0569324542236	0.5	epochs	-1.0
507.55691995422364	1.0	epochs	1.0
508.55691995422364	1.0515199999999822	epochs	1.0
509.0569324542236	0.5	epochs	-1.0
509.6084399542236	3.9484599999999546	epochs	0.0
510.1819996833801	0.1089200000000119	epochs	0.0
510.1819996833801	0.049460599999974875	epochs	1.0
510.2314602833801	0.009998800000005303	epochs	1.0
510.2414590833801	0.04946060000003172	epochs	1.0
510.29091968338014	2.551019999999994	epochs	0.0
510.29091968338014	0.5	epochs	1.0
510.2909321833801	0.5	epochs	-1.0
510.79091968338014	1.0	epochs	1.0
511.79091968338014	1.051019999999994	epochs	1.0
512.2909321833802	0.5	epochs	-1.0
512.8419396833801	3.9489599999999427	epochs	0.0
513.4479999542236	0.15297999999995682	epochs	0.0
513.4479999542236	0.049999999999954525	epochs	1.0
513.4979999542236	0.0030000000000427463	epochs	1.0
513.5009999542236	0.09997999999995955	epochs	1.0
514.231999874115	0.15297999999995682	epochs	0.0
514.231999874115	0.049999999999954525	epochs	1.0
514.281999874115	0.0030000000000427463	epochs	1.0
514.284999874115	0.09997999999995955	epochs	1.0
514.9980001449585	0.15297999999995682	epochs	0.0
514.9980001449585	0.049999999999954525	epochs	1.0
515.0480001449585	0.0030000000000427463	epochs	1.0
515.0510001449585	0.09997999999995955	epochs	1.0
515.7480001449585	0.15297999999995682	epochs	0.0
515.7480001449585	0.049999999999954525	epochs	1.0
515.7980001449585	0.0030000000000427463	epochs	1.0
515.8010001449585	0.09997999999995955	epochs	1.0
516.4980001449585	0.15297999999995682	epochs	0.0
516.4980001449585	0.049999999999954525	epochs	1.0
516.5480001449585	0.0030000000000427463	epochs	1.0
516.5510001449585	0.09997999999995955	epochs	1.0
517.2649998664856	0.15297999999995682	epochs	0.0
517.2649998664856	0.049999999999954525	epochs	1.0
517.3149998664856	0.0030000000000427463	epochs	1.0
517.3179998664856	0.09997999999995955	epochs	1.0
518.0469999313354	0.15297999999995682	epochs	0.0
518.0469999313354	0.049999999999954525	epochs	1.0
518.0969999313354	0.0030000000000427463	epochs	1.0
518.0999999313354	0.09997999999995955	epochs	1.0
518.829999923706	0.15297999999995682	epochs	0.0
518.829999923706	0.049999999999954525	epochs	1.0
518.879999923706	0.0030000000000427463	epochs	1.0
518.882999923706	0.09997999999995955	epochs	1.0
519.6300001144409	0.15297999999995682	epochs	0.0
519.6300001144409	0.049999999999954525	epochs	1.0
519.6800001144409	0.0030000000000427463	epochs	1.0
519.6830001144409	0.09997999999995955	epochs	1.0
520.4969997406006	0.1089200000000119	epochs	0.0
520.4969997406006	0.049460599999974875	epochs	1.0
520.5464603406006	0.009998800000062147	epochs	1.0
520.5564591406006	0.049460599999974875	epochs	1.0
520.6059197406006	1.5509600000000319	epochs	0.0
520.6059197406006	0.5	epochs	1.0
520.6059322406006	0.5	epochs	-1.0
521.1059197406006	0.0030000000000427463	epochs	1.0
521.1089197406006	1.0479599999999891	epochs	1.0
521.6089322406006	0.5	epochs	-1.0
522.1568797406006	0.05201999999997042	epochs	0.0
522.7469997406006	0.1089200000000119	epochs	0.0
522.7469997406006	0.049460599999974875	epochs	1.0
522.7964603406006	0.009998800000062147	epochs	1.0
522.8064591406006	0.049460599999974875	epochs	1.0
522.8559197406006	1.531219999999962	epochs	0.0
522.8559197406006	0.5	epochs	1.0
522.8559322406006	0.5	epochs	-1.0
523.3559197406006	0.0030000000000427463	epochs	1.0
523.3589197406006	1.0282199999999193	epochs	1.0
523.8589322406006	0.5	epochs	-1.0
524.3871397406006	0.07176000000004024	epochs	0.0
525.0299997329712	0.1089200000000119	epochs	0.0
525.0299997329712	0.049460599999974875	epochs	1.0
525.0794603329712	0.009998800000062147	epochs	1.0
525.0894591329712	0.049460599999974875	epochs	1.0
525.1389197329712	1.5512199999999439	epochs	0.0
525.1389197329712	0.5	epochs	1.0
525.1389322329712	0.5	epochs	-1.0
525.6389197329712	0.0030000000000427463	epochs	1.0
525.6419197329712	1.0482199999999011	epochs	1.0
526.1419322329712	0.5	epochs	-1.0
526.6901397329711	0.051760000000058426	epochs	0.0
527.2969999313354	0.1089200000000119	epochs	0.0
527.2969999313354	0.049460599999974875	epochs	1.0
527.3464605313354	0.009998800000062147	epochs	1.0
527.3564593313355	0.049460599999974875	epochs	1.0
527.4059199313355	1.5507199999999557	epochs	0.0
527.4059199313355	0.5	epochs	1.0
527.4059324313355	0.5	epochs	-1.0
527.9059199313355	0.0030000000000427463	epochs	1.0
527.9089199313355	1.047719999999913	epochs	1.0
528.4089324313354	0.5	epochs	-1.0
528.9566399313354	0.0522600000000466	epochs	0.0
529.6479997634888	0.1089200000000119	epochs	0.0
529.6479997634888	0.049460599999974875	epochs	1.0
529.6974603634887	0.009998800000062147	epochs	1.0
529.7074591634888	0.049460599999974875	epochs	1.0
529.7569197634888	5.371459999999956	epochs	0.0
529.7569197634888	0.5	epochs	1.0
529.7569322634888	0.5	epochs	-1.0
530.2569197634888	4.871459999999956	epochs	1.0
534.1285397634888	0.9998399999999492	epochs	-1.0
534.1285397634888	0.039559999999937645	epochs	-1.0
534.6260321634887	0.5	epochs	-1.0
535.1283797634887	14.12851999999998	epochs	0.0
536.0640001296997	0.1089200000000119	epochs	0.0
536.0640001296997	0.049460599999974875	epochs	1.0
536.1134607296997	0.009998800000062147	epochs	1.0
536.1234595296997	0.049460599999974875	epochs	1.0
536.1729201296997	5.311339999999973	epochs	0.0
536.1729201296997	0.5	epochs	1.0
536.1729326296997	0.5	epochs	-1.0
536.6729201296997	4.811339999999973	epochs	1.0
540.4840601296997	1.0001999999999498	epochs	-1.0
540.4840601296997	0.040300000000002	epochs	-1.0
540.9815525296997	0.5	epochs	-1.0
541.4842601296997	14.188639999999964	epochs	0.0
542.2360000610352	0.1089200000000119	epochs	0.0
542.2360000610352	0.049460599999974875	epochs	1.0
542.2854606610351	0.009998800000062147	epochs	1.0
542.2954594610352	0.049460599999974875	epochs	1.0
542.3449200610352	5.2709599999999455	epochs	0.0
542.3449200610352	0.5	epochs	1.0
542.3449325610352	0.5	epochs	-1.0
542.8449200610352	4.7709599999999455	epochs	1.0
546.6159200610351	0.9999599999999873	epochs	-1.0
546.6159200610351	0.03956000000005133	epochs	-1.0
547.1134124610352	0.5	epochs	-1.0
547.6158800610351	14.229019999999991	epochs	0.0
591.4049997329712	0.1088799999999992	epochs	0.0
591.4049997329712	0.04944239999997535	epochs	1.0
591.4544421329712	0.009995200000048499	epochs	1.0
591.4644373329712	0.04944239999997535	epochs	1.0
591.5138797329712	2.0	epochs	0.0
593.5138797329712	5.390639999999962	epochs	0.0
593.5138797329712	1.0	epochs	1.0
593.5139322329712	0.5	epochs	-1.0
594.0139322329712	4.890587499999924	epochs	-1.0
594.5138797329712	4.390639999999962	epochs	1.0
594.5138797329712	4.356753900000058	epochs	-1.0
594.5138797329712	1.9745871999999736	epochs	2.0
594.5138797329712	1.0985621999999466	epochs	3.0
595.6124419329711	0.8760250000000269	epochs	3.0
596.4884669329712	1.3524075000000266	epochs	2.0
596.4884669329712	0.7286354999999958	epochs	3.0
597.2171024329712	0.6237720000000309	epochs	3.0
597.8408744329712	1.0297592000000577	epochs	2.0
597.8408744329712	0.5453293000000485	epochs	3.0
598.3862037329712	0.4844299000000092	epochs	3.0
598.8706336329712	0.03388609999990422	epochs	2.0
598.8706336329712	0.03388609999990422	epochs	3.0
598.9045197329712	16.609280000000012	epochs	0.0
599.8109998703003	0.1088799999999992	epochs	0.0
599.8109998703003	0.04944239999997535	epochs	1.0
599.8604422703003	0.009995200000048499	epochs	1.0
599.8704374703003	0.04944239999997535	epochs	1.0
599.9198798703003	2.0	epochs	0.0
601.9198798703003	5.391359999999963	epochs	0.0
601.9198798703003	1.0	epochs	1.0
601.9199323703003	0.5	epochs	-1.0
602.4199323703003	4.891307499999925	epochs	-1.0
602.9198798703003	4.391359999999963	epochs	1.0
602.9198798703003	4.356753900000058	epochs	-1.0
602.9198798703003	1.9745871999999736	epochs	2.0
602.9198798703003	1.0985621999999466	epochs	3.0
604.0184420703002	0.8760250000000269	epochs	3.0
604.8944670703003	1.3524075000000266	epochs	2.0
604.8944670703003	0.7286354999999958	epochs	3.0
605.6231025703003	0.6237720000000309	epochs	3.0
606.2468745703003	1.0297592000000577	epochs	2.0
606.2468745703003	0.5453293000000485	epochs	3.0
606.7922038703003	0.4844299000000092	epochs	3.0
607.2766337703004	0.03460609999990538	epochs	2.0
607.2766337703004	0.03460609999990538	epochs	3.0
607.3112398703003	16.60856000000001	epochs	0.0
608.0749998092651	0.1088799999999992	epochs	0.0
608.0749998092651	0.04944239999997535	epochs	1.0
608.1244422092651	0.009995200000048499	epochs	1.0
608.1344374092652	0.04944239999997535	epochs	1.0
608.1838798092651	2.0	epochs	0.0
610.1838798092651	21.511279999999942	epochs	0.0
610.1838798092651	1.0	epochs	1.0
610.1839323092652	0.5	epochs	-1.0
610.6839323092652	19.997919999999908	epochs	-1.0
611.1838798092651	20.0	epochs	1.0
611.1838798092651	4.356753900000058	epochs	-1.0
611.1838798092651	1.9745871999999736	epochs	2.0
611.1838798092651	1.0985621999999466	epochs	3.0
612.2824420092651	0.8760250000000269	epochs	3.0
613.1584670092651	1.3524075000000266	epochs	2.0
613.1584670092651	0.7286354999999958	epochs	3.0
613.8871025092651	0.6237720000000309	epochs	3.0
614.5108745092651	1.0297592000000577	epochs	2.0
614.5108745092651	0.5453293000000485	epochs	3.0
615.0562038092652	0.4844299000000092	epochs	3.0
615.5406337092652	0.8317861999998968	epochs	2.0
615.5406337092652	0.4357762999999295	epochs	3.0
615.9764100092651	0.3960098999999673	epochs	3.0
616.3724199092651	0.6977970000000369	epochs	2.0
616.3724199092651	0.3628982000000178	epochs	3.0
616.7353181092651	0.33489880000001904	epochs	3.0
617.0702169092651	0.601045699999986	epochs	2.0
617.0702169092651	0.3109123000000409	epochs	3.0
617.3811292092652	0.29013339999994514	epochs	3.0
617.6712626092651	0.5278859000000011	epochs	2.0
617.6712626092651	0.2719586000000618	epochs	3.0
617.9432212092652	0.25592729999993935	epochs	3.0
618.1991485092651	0.4706193000000667	epochs	2.0
618.1991485092651	0.241681299999982	epochs	3.0
618.4408298092651	0.22893800000008468	epochs	3.0
618.6697678092652	0.42457039999999324	epochs	2.0
618.6697678092652	0.2174713999999085	epochs	3.0
618.8872392092651	0.20709900000008474	epochs	3.0
619.0943382092652	0.3867353999999068	epochs	2.0
619.0943382092652	0.19767109999997956	epochs	3.0
619.2920093092652	0.18906429999992724	epochs	3.0
619.4810736092651	0.3550953000000163	epochs	2.0
619.4810736092651	0.18117590000008477	epochs	3.0
619.6622495092652	0.17391939999993156	epochs	3.0
619.8361689092651	0.3282431000000088	epochs	2.0
619.8361689092651	0.1672219000000723	epochs	3.0
620.0033908092652	0.16102119999993647	epochs	3.0
620.1644120092651	0.30516799999998057	epochs	2.0
620.1644120092651	0.15526390000002266	epochs	3.0
620.3196759092651	0.1499040999999579	epochs	3.0
620.4695800092651	0.28512530000000424	epochs	2.0
620.4695800092651	0.1449021000000812	epochs	3.0
620.6144821092652	0.14022319999992305	epochs	3.0
620.7547053092651	0.267553800000087	epochs	2.0
620.7547053092651	0.1358369000000721	epochs	3.0
620.8905422092652	0.1317169000000149	epochs	3.0
621.0222591092652	0.252022899999929	epochs	2.0
621.0222591092652	0.1278393000000051	epochs	3.0
621.1500984092652	0.1241835999999239	epochs	3.0
621.2742820092651	0.23819650000007186	epochs	2.0
621.2742820092651	0.12073110000005727	epochs	3.0
621.3950131092652	0.1174654000000146	epochs	3.0
621.5124785092652	0.2258087999999816	epochs	2.0
621.5124785092652	0.1143718999999237	epochs	3.0
621.6268504092651	0.1114369000000579	epochs	3.0
621.7382873092652	0.2146460000000161	epochs	2.0
621.7382873092652	0.10864889999993466	epochs	3.0
621.8469362092651	0.10599710000008145	epochs	3.0
621.9529333092652	0.20453499999996438	epochs	2.0
621.9529333092652	0.10347149999995509	epochs	3.0
622.0564048092651	0.1010635000000093	epochs	3.0
622.1574683092651	0.19533400000000256	epochs	2.0
622.1574683092651	0.09876510000003691	epochs	3.0
622.2562334092652	0.09656889999996565	epochs	3.0
622.3528023092651	0.18692529999998442	epochs	2.0
622.3528023092651	0.09446830000001682	epochs	3.0
622.4472706092652	0.09245699999996759	epochs	3.0
622.5397276092651	0.17921069999999872	epochs	2.0
622.5397276092651	0.09052959999996801	epochs	3.0
622.6302572092651	0.08868110000003071	epochs	3.0
622.7189383092651	0.17210769999996955	epochs	2.0
622.7189383092651	0.08690630000000965	epochs	3.0
622.8058446092651	0.0852013999999599	epochs	3.0
622.8910460092651	0.16554640000003928	epochs	2.0
622.8910460092651	0.08356190000006336	epochs	3.0
622.9746079092652	0.08198449999997592	epochs	3.0
623.0565924092651	0.15946710000002895	epochs	2.0
623.0565924092651	0.08046539999998004	epochs	3.0
623.1370578092651	0.07900170000004891	epochs	3.0
623.2160595092652	0.15381839999997737	epochs	2.0
623.2160595092652	0.07759009999995214	epochs	3.0
623.2936496092651	0.07622830000002523	epochs	3.0
623.3698779092651	0.14855639999996129	epochs	2.0
623.3698779092651	0.07491330000004837	epochs	3.0
623.4447912092652	0.07364309999991292	epochs	3.0
623.5184343092651	0.14364240000008976	epochs	2.0
623.5184343092651	0.07241499999997814	epochs	3.0
623.5908493092651	0.07122740000011163	epochs	3.0
623.6620767092652	0.13904309999998077	epochs	2.0
623.6620767092652	0.07007799999996678	epochs	3.0
623.7321547092652	0.06896510000001399	epochs	3.0
623.8011198092652	0.1347293000000036	epochs	2.0
623.8011198092652	0.0678871000000072	epochs	3.0
623.8690069092652	0.06684219999999641	epochs	3.0
623.9358491092652	0.13067519999992783	epochs	2.0
623.9358491092652	0.06582909999997355	epochs	3.0
624.0016782092652	0.06484609999995428	epochs	3.0
624.0665243092651	0.12685780000003888	epochs	2.0
624.0665243092651	0.06389200000000983	epochs	3.0
624.1304163092651	0.06296580000002905	epochs	3.0
624.1933821092651	0.12325720000001184	epochs	2.0
624.1933821092651	0.06206580000002759	epochs	3.0
624.2554479092652	0.06119139999998424	epochs	3.0
624.3166393092652	0.11985540000000583	epochs	2.0
624.3166393092652	0.060341099999959624	epochs	3.0
624.3769804092651	0.059514300000046205	epochs	3.0
624.4364947092652	0.11663620000001629	epochs	2.0
624.4364947092652	0.058709599999929196	epochs	3.0
624.4952043092651	0.05792660000008709	epochs	3.0
624.5531309092652	0.11358559999996487	epochs	2.0
624.5531309092652	0.05716419999998834	epochs	3.0
624.6102951092652	0.05642139999997653	epochs	3.0
624.6667165092651	0.11069050000003244	epochs	2.0
624.6667165092651	0.055697900000041045	epochs	3.0
624.7224144092652	0.0549925999999914	epochs	3.0
624.7774070092652	0.10793909999995321	epochs	2.0
624.7774070092652	0.05430489999992005	epochs	3.0
624.8317119092651	0.05363420000003316	epochs	3.0
624.8853461092651	0.10532150000005913	epochs	2.0
624.8853461092651	0.05298000000004777	epochs	3.0
624.9383261092652	0.052341500000011365	epochs	3.0
624.9906676092652	0.10282759999995505	epochs	2.0
624.9906676092652	0.051718099999902734	epochs	3.0
625.0423857092651	0.05110950000005232	epochs	3.0
625.0934952092651	0.10044909999999163	epochs	2.0
625.0934952092651	0.05051489999993919	epochs	3.0
625.1440101092651	0.04993420000005244	epochs	3.0
625.1939443092651	0.0981782999999723	epochs	2.0
625.1939443092651	0.04936659999998483	epochs	3.0
625.2433109092651	0.04881169999998747	epochs	3.0
625.2921226092651	0.09600780000005216	epochs	2.0
625.2921226092651	0.04826920000004975	epochs	3.0
625.3403918092652	0.04773860000000241	epochs	3.0
625.3881304092652	0.09393119999992905	epochs	2.0
625.3881304092652	0.04721949999998287	epochs	3.0
625.4353499092651	0.04671169999994618	epochs	3.0
625.4820616092651	0.09194260000003851	epochs	2.0
625.4820616092651	0.04621460000009847	epochs	3.0
625.5282762092652	0.04572799999994004	epochs	3.0
625.5740042092651	0.09003630000006524	epochs	2.0
625.5740042092651	0.04525150000006306	epochs	3.0
625.6192557092652	0.04478480000000218	epochs	3.0
625.6640405092652	0.08820759999991878	epochs	2.0
625.6640405092652	0.04432779999990544	epochs	3.0
625.7083683092651	0.04387980000001335	epochs	3.0
625.7522481092651	0.0864516999999978	epochs	2.0
625.7522481092651	0.04344100000002982	epochs	3.0
625.7956891092651	0.04301069999996798	epochs	3.0
625.8386998092651	0.0847643000000744	epochs	2.0
625.8386998092651	0.04258900000002086	epochs	3.0
625.8812888092651	0.04217530000005354	epochs	3.0
625.9234641092652	0.08314149999989695	epochs	2.0
625.9234641092652	0.041769699999917975	epochs	3.0
625.9652338092651	0.041371799999978975	epochs	3.0
626.0066056092651	0.08157970000002024	epochs	2.0
626.0066056092651	0.04098140000007788	epochs	3.0
626.0475870092652	0.040598299999942355	epochs	3.0
626.0881853092651	0.08007550000002084	epochs	2.0
626.0881853092651	0.04022229999998217	epochs	3.0
626.1284076092651	0.03985320000003867	epochs	3.0
626.1682608092651	0.07862569999997504	epochs	2.0
626.1682608092651	0.039490800000066884	epochs	3.0
626.2077516092652	0.03913489999990816	epochs	3.0
626.2468865092651	0.07722760000001472	epochs	2.0
626.2468865092651	0.038785400000051595	epochs	3.0
626.2856719092651	0.03844219999996312	epochs	3.0
626.3241141092651	0.07587820000003376	epochs	2.0
626.3241141092651	0.038104800000041905	epochs	3.0
626.3622189092652	0.03777339999999185	epochs	3.0
626.3999923092651	0.0745752000000266	epochs	2.0
626.3999923092651	0.03744770000002973	epochs	3.0
626.4374400092652	0.03712749999999687	epochs	3.0
626.4745675092652	0.07331629999998768	epochs	2.0
626.4745675092652	0.036812899999972615	epochs	3.0
626.5113804092651	0.03650340000001506	epochs	3.0
626.5478838092652	0.07209899999998015	epochs	2.0
626.5478838092652	0.03619909999997617	epochs	3.0
626.5840829092651	0.03589990000000398	epochs	3.0
626.6199828092651	0.07092169999998532	epochs	2.0
626.6199828092651	0.03560560000005353	epochs	3.0
626.6555884092652	0.035316099999931794	epochs	3.0
626.6909045092651	0.06978200000003199	epochs	2.0
626.6909045092651	0.03503120000004856	epochs	3.0
626.7259357092652	0.03475079999998343	epochs	3.0
626.7606865092652	0.06867859999999837	epochs	2.0
626.7606865092652	0.03447510000000875	epochs	3.0
626.7951616092652	0.03420349999998962	epochs	3.0
626.8293651092652	0.06760929999995824	epochs	2.0
626.8293651092652	0.033936199999970995	epochs	3.0
626.8633013092651	0.033673099999987244	epochs	3.0
626.8969744092651	0.06657289999998284	epochs	2.0
626.8969744092651	0.03341399999999339	epochs	3.0
626.9303884092651	0.033158899999989444	epochs	3.0
626.9635473092651	0.06556780000005347	epochs	2.0
626.9635473092651	0.032907700000009754	epochs	3.0
626.9964550092651	0.03266010000004371	epochs	3.0
627.0291151092651	0.06459259999996902	epochs	2.0
627.0291151092651	0.032416399999988244	epochs	3.0
627.0615315092651	0.03217619999998078	epochs	3.0
627.0937077092651	0.06364600000006249	epochs	2.0
627.0937077092651	0.03193959999998697	epochs	3.0
627.1256473092651	0.03170640000007552	epochs	3.0
627.1573537092652	0.0627266999999847	epochs	2.0
627.1573537092652	0.031476599999905375	epochs	3.0
627.1888303092651	0.03125010000007933	epochs	3.0
627.2200804092652	0.06183359999999993	epochs	2.0
627.2200804092652	0.03102689999991526	epochs	3.0
627.2511073092651	0.030806700000084675	epochs	3.0
627.2819140092652	0.060965599999917686	epochs	2.0
627.2819140092652	0.030589799999916067	epochs	3.0
627.3125038092651	0.030375800000001618	epochs	3.0
627.3428796092651	0.06012160000000222	epochs	2.0
627.3428796092651	0.030164900000045236	epochs	3.0
627.3730445092651	0.02995669999995698	epochs	3.0
627.4030012092651	0.05930069999999432	epochs	2.0
627.4030012092651	0.029751600000054168	epochs	3.0
627.4327528092651	0.029549099999940154	epochs	3.0
627.4623019092651	0.05850180000004457	epochs	2.0
627.4623019092651	0.02934940000000097	epochs	3.0
627.4916513092651	0.0291524000000436	epochs	3.0
627.5208037092651	0.057724200000052406	epochs	2.0
627.5208037092651	0.028957999999988715	epochs	3.0
627.5497617092651	0.02876620000006369	epochs	3.0
627.5785279092652	0.05696709999995164	epochs	2.0
627.5785279092652	0.028576999999927466	epochs	3.0
627.6071049092651	0.028390100000024177	epochs	3.0
627.6354950092651	0.05622949999997218	epochs	2.0
627.6354950092651	0.028205700000057732	epochs	3.0
627.6637007092652	0.028023799999914445	epochs	3.0
627.6917245092651	0.05551070000001346	epochs	2.0
627.6917245092651	0.02784400000007281	epochs	3.0
627.7195685092652	0.027666699999940647	epochs	3.0
627.7472352092651	0.054810200000019904	epochs	2.0
627.7472352092651	0.02749149999999645	epochs	3.0
627.7747267092651	0.027318700000023455	epochs	3.0
627.8020454092651	0.05412699999999404	epochs	2.0
627.8020454092651	0.027147799999966082	epochs	3.0
627.8291932092651	0.02697920000002796	epochs	3.0
627.8561724092651	0.053460699999959616	epochs	2.0
627.8561724092651	0.0268125999999711	epochs	3.0
627.8829850092651	0.026648099999988517	epochs	3.0
627.9096331092651	0.05281070000000909	epochs	2.0
627.9096331092651	0.026485600000000886	epochs	3.0
627.9361187092651	0.026325100000008206	epochs	3.0
627.9624438092651	0.05217620000007628	epochs	2.0
627.9624438092651	0.026166400000079193	epochs	3.0
627.9886102092652	0.026009799999997085	epochs	3.0
628.0146200092652	0.051556699999991906	epochs	2.0
628.0146200092652	0.025854799999933675	epochs	3.0
628.0404748092651	0.02570190000005823	epochs	3.0
628.0661767092652	0.05095189999997274	epochs	2.0
628.0661767092652	0.025550699999939752	epochs	3.0
628.0917274092651	0.025401200000032986	epochs	3.0
628.1171286092651	0.05036099999995258	epochs	2.0
628.1171286092651	0.025253499999962514	epochs	3.0
628.1423821092651	0.02510749999999007	epochs	3.0
628.1674896092651	0.049783800000000156	epochs	2.0
628.1674896092651	0.02496320000000196	epochs	3.0
628.1924528092651	0.024820599999998194	epochs	3.0
628.2172734092651	0.049219500000049266	epochs	2.0
628.2172734092651	0.02467940000008184	epochs	3.0
628.2419528092652	0.024540099999967424	epochs	3.0
628.2664929092651	0.048667899999941255	epochs	2.0
628.2664929092651	0.02440209999997478	epochs	3.0
628.2908950092651	0.024265799999966475	epochs	3.0
628.3151608092651	0.04812860000004093	epochs	2.0
628.3151608092651	0.024131000000011227	epochs	3.0
628.3392918092651	0.023997600000029706	epochs	3.0
628.3632894092651	0.047601100000065344	epochs	2.0
628.3632894092651	0.023865800000066884	epochs	3.0
628.3871552092652	0.02373529999999846	epochs	3.0
628.4108905092652	0.04708499999992455	epochs	2.0
628.4108905092652	0.023606299999983094	epochs	3.0
628.4344968092652	0.023478699999941455	epochs	3.0
628.4579755092651	0.04658000000006268	epochs	2.0
628.4579755092651	0.02335249999998723	epochs	3.0
628.4813280092651	0.02322750000007545	epochs	3.0
628.5045555092652	0.04608569999993506	epochs	2.0
628.5045555092652	0.023103999999989355	epochs	3.0
628.5276595092652	0.022981699999945704	epochs	3.0
628.5506412092651	0.045601799999985815	epochs	2.0
628.5506412092651	0.022860700000023826	epochs	3.0
628.5735019092651	0.02274109999996199	epochs	3.0
628.5962430092651	0.04512790000001132	epochs	2.0
628.5962430092651	0.022622500000011314	epochs	3.0
628.6188655092651	0.02250540000000001	epochs	3.0
628.6413709092651	0.0446638000000803	epochs	2.0
628.6413709092651	0.02238929999998618	epochs	3.0
628.6637602092651	0.022274500000094122	epochs	3.0
628.6860347092652	0.04420919999995476	epochs	2.0
628.6860347092652	0.022160799999937808	epochs	3.0
628.7081955092651	0.022048400000016954	epochs	3.0
628.7302439092651	0.043763600000033875	epochs	2.0
628.7302439092651	0.021936900000014248	epochs	3.0
628.7521808092652	0.021826700000019628	epochs	3.0
628.7740075092652	0.04332709999994222	epochs	2.0
628.7740075092652	0.021717599999988124	epochs	3.0
628.7957251092652	0.021609499999954096	epochs	3.0
628.8173346092651	0.04289900000003399	epochs	2.0
628.8173346092651	0.02150249999999687	epochs	3.0
628.8388371092651	0.021396500000037122	epochs	3.0
628.8602336092652	0.042479500000013104	epochs	2.0
628.8602336092652	0.02129170000000613	epochs	3.0
628.8815253092652	0.021187800000006973	epochs	3.0
628.9027131092652	0.042067900000006375	epochs	2.0
628.9027131092652	0.02108490000000529	epochs	3.0
628.9237980092652	0.020983000000001084	epochs	3.0
628.9447810092652	0.04166439999994509	epochs	2.0
628.9447810092652	0.020882199999959994	epochs	3.0
628.9656632092651	0.020782199999985096	epochs	3.0
628.9864454092651	0.04126850000000104	epochs	2.0
628.9864454092651	0.020683299999973315	epochs	3.0
629.0071287092651	0.020585200000027726	epochs	3.0
629.0277139092651	0.04088000000001557	epochs	2.0
629.0277139092651	0.020488099999965925	epochs	3.0
629.0482020092651	0.020391900000049645	epochs	3.0
629.0685939092651	0.04049880000002304	epochs	2.0
629.0685939092651	0.020296600000051512	epochs	3.0
629.0888905092652	0.020202199999971526	epochs	3.0
629.1090927092652	0.04012460000001283	epochs	2.0
629.1090927092652	0.020108699999923374	epochs	3.0
629.1292014092651	0.02001590000008946	epochs	3.0
629.1492173092652	0.03975730000001931	epochs	2.0
629.1492173092652	0.019924199999991288	epochs	3.0
629.1691415092652	0.019833100000028026	epochs	3.0
629.1889746092652	0.03939669999999751	epochs	2.0
629.1889746092652	0.01974299999994855	epochs	3.0
629.2087176092651	0.019653700000048957	epochs	3.0
629.2283713092652	0.03904239999997117	epochs	2.0
629.2283713092652	0.019565099999908853	epochs	3.0
629.2479364092651	0.019477300000062314	epochs	3.0
629.2674137092652	0.03869459999998526	epochs	2.0
629.2674137092652	0.019390400000020236	epochs	3.0
629.2868041092652	0.01930419999996502	epochs	3.0
629.3061083092651	0.03835289999994984	epochs	2.0
629.3061083092651	0.019218799999976	epochs	3.0
629.3253271092651	0.01913409999997384	epochs	3.0
629.3444612092651	0.03801720000001296	epochs	2.0
629.3444612092651	0.019050200000037876	epochs	3.0
629.3635114092651	0.018966999999975087	epochs	3.0
629.3824784092651	0.037687200000050325	epochs	2.0
629.3824784092651	0.01888450000001285	epochs	3.0
629.4013629092651	0.018802700000037476	epochs	3.0
629.4201656092652	0.03736309999999321	epochs	2.0
629.4201656092652	0.018721700000014607	epochs	3.0
629.4388873092652	0.018641399999978603	epochs	3.0
629.4575287092651	0.03704429999993408	epochs	2.0
629.4575287092651	0.01856159999999818	epochs	3.0
629.4760903092651	0.018482699999935903	epochs	3.0
629.4945730092651	0.0367310000000316	epochs	2.0
629.4945730092651	0.018404300000042895	epochs	3.0
629.5129773092651	0.018326699999988705	epochs	3.0
629.5313040092651	0.036422900000047775	epochs	2.0
629.5313040092651	0.018249599999990096	epochs	3.0
629.5495536092651	0.01817330000005768	epochs	3.0
629.5677269092652	0.03612009999994825	epochs	2.0
629.5677269092652	0.0180976000000328	epochs	3.0
629.5858245092652	0.018022499999915453	epochs	3.0
629.6038470092651	0.03582210000001851	epochs	2.0
629.6038470092651	0.017947900000081063	epochs	3.0
629.6217949092652	0.017874199999937446	epochs	3.0
629.6396691092651	0.03552899999999681	epochs	2.0
629.6396691092651	0.017800800000031813	epochs	3.0
629.6574699092652	0.017728199999965	epochs	3.0
629.6751981092651	0.03524070000003121	epochs	2.0
629.6751981092651	0.017656099999953767	epochs	3.0
629.6928542092651	0.017584600000077444	epochs	3.0
629.7104388092652	0.03495709999992869	epochs	2.0
629.7104388092652	0.01751369999999497	epochs	3.0
629.7279525092652	0.017443399999933717	epochs	3.0
629.7453959092651	0.03467790000001969	epochs	2.0
629.7453959092651	0.017373600000041733	epochs	3.0
629.7627695092651	0.017304299999977957	epochs	3.0
629.7800738092651	0.03440330000000813	epochs	2.0
629.7800738092651	0.01723570000001473	epochs	3.0
629.7973095092651	0.0171675999999934	epochs	3.0
629.8144771092651	0.0341328000000658	epochs	2.0
629.8144771092651	0.017099900000062007	epochs	3.0
629.8315770092652	0.017032900000003792	epochs	3.0
629.8486099092652	0.033866699999975935	epochs	2.0
629.8486099092652	0.01696640000000116	epochs	3.0
629.8655763092652	0.016900299999974777	epochs	3.0
629.8824766092652	0.03360459999998966	epochs	2.0
629.8824766092652	0.01683479999996962	epochs	3.0
629.8993114092651	0.01676980000002004	epochs	3.0
629.9160812092651	0.033346599999958926	epochs	2.0
629.9160812092651	0.016705300000012357	epochs	3.0
629.9327865092652	0.01664129999994657	epochs	3.0
629.9494278092651	0.03309250000006614	epochs	2.0
629.9494278092651	0.016577800000050047	epochs	3.0
629.9660056092652	0.01651470000001609	epochs	3.0
629.9825203092652	0.03284229999997024	epochs	2.0
629.9825203092652	0.01645220000000336	epochs	3.0
629.9989725092652	0.01639009999996688	epochs	3.0
630.0153626092651	0.03259570000000167	epochs	2.0
630.0153626092651	0.016328400000020338	epochs	3.0
630.0316910092652	0.016267299999981333	epochs	3.0
630.0479583092651	0.032352899999978035	epochs	2.0
630.0479583092651	0.016206600000032267	epochs	3.0
630.0641649092652	0.016146299999945768	epochs	3.0
630.0803112092651	0.03211369999996805	epochs	2.0
630.0803112092651	0.016086599999994178	epochs	3.0
630.0963978092651	0.01602709999997387	epochs	3.0
630.1124249092651	0.03187800000000607	epochs	2.0
630.1124249092651	0.015968200000088473	epochs	3.0
630.1283931092652	0.015909799999917595	epochs	3.0
630.1443029092651	0.031645700000012766	epochs	2.0
630.1443029092651	0.01585160000001906	epochs	3.0
630.1601545092651	0.015794099999993705	epochs	3.0
630.1759486092651	0.0314167000000225	epochs	2.0
630.1759486092651	0.015736700000047676	epochs	3.0
630.1916853092652	0.015679999999974825	epochs	3.0
630.2073653092651	0.031191100000000915	epochs	2.0
630.2073653092651	0.015623600000026272	epochs	3.0
630.2229889092652	0.015567499999974643	epochs	3.0
630.2385564092651	0.030968700000016725	epochs	2.0
630.2385564092651	0.015512000000057924	epochs	3.0
630.2540684092652	0.0154566999999588	epochs	3.0
630.2695251092651	0.030749499999956242	epochs	2.0
630.2695251092651	0.015401999999994587	epochs	3.0
630.2849271092651	0.015347499999961656	epochs	3.0
630.3002746092651	0.03053320000003623	epochs	2.0
630.3002746092651	0.015293400000018664	epochs	3.0
630.3155680092651	0.015239800000017567	epochs	3.0
630.3308078092651	0.03032010000003993	epochs	2.0
630.3308078092651	0.015186500000027081	epochs	3.0
630.3459943092652	0.015133600000012848	epochs	3.0
630.3611279092652	0.030109899999956724	epochs	2.0
630.3611279092652	0.015081000000009226	epochs	3.0
630.3762089092652	0.015028899999947498	epochs	3.0
630.3912378092651	0.02990250000004835	epochs	2.0
630.3912378092651	0.014977000000044427	epochs	3.0
630.4062148092652	0.014925500000003922	epochs	3.0
630.4211403092652	0.029698099999905025	epochs	2.0
630.4211403092652	0.01487439999993967	epochs	3.0
630.4360147092651	0.014823699999965356	epochs	3.0
630.4508384092651	0.02949630000000525	epochs	2.0
630.4508384092651	0.014773200000036013	epochs	3.0
630.4656116092651	0.014723099999969236	epochs	3.0
630.4803347092651	0.02929740000001857	epochs	2.0
630.4803347092651	0.014673399999992398	epochs	3.0
630.4950081092651	0.014624000000026172	epochs	3.0
630.5096321092651	0.029101100000048064	epochs	2.0
630.5096321092651	0.014574900000070556	epochs	3.0
630.5242070092652	0.014526199999977507	epochs	3.0
630.5387332092652	0.028907399999980044	epochs	2.0
630.5387332092652	0.014477699999929428	epochs	3.0
630.5532109092651	0.014429700000050616	epochs	3.0
630.5676406092651	0.028716199999962555	epochs	2.0
630.5676406092651	0.014381800000023759	epochs	3.0
630.5820224092652	0.014334399999938796	epochs	3.0
630.5963568092651	0.028527600000074926	epochs	2.0
630.5963568092651	0.01428720000001249	epochs	3.0
630.6106440092651	0.014240400000062436	epochs	3.0
630.6248844092652	0.028341399999931127	epochs	2.0
630.6248844092652	0.014193799999929979	epochs	3.0
630.6390782092651	0.014147600000001148	epochs	3.0
630.6532258092651	0.028157700000065233	epochs	2.0
630.6532258092651	0.014101699999969242	epochs	3.0
630.6673275092651	0.014056000000095992	epochs	3.0
630.6813835092652	0.027976299999977527	epochs	2.0
630.6813835092652	0.01401060000000598	epochs	3.0
630.6953941092652	0.013965699999971548	epochs	3.0
630.7093598092652	0.02779720000000907	epochs	2.0
630.7093598092652	0.013920799999937117	epochs	3.0
630.7232806092651	0.013876400000071953	epochs	3.0
630.7371570092652	0.027620399999932488	epochs	2.0
630.7371570092652	0.013832200000024386	epochs	3.0
630.7509892092652	0.013788199999908102	epochs	3.0
630.7647774092651	0.02744590000008884	epochs	2.0
630.7647774092651	0.013744599999995444	epochs	3.0
630.7785220092651	0.013701300000093397	epochs	3.0
630.7922233092652	0.027273499999978412	epochs	2.0
630.7922233092652	0.013658200000008947	epochs	3.0
630.8058815092652	0.013615299999969466	epochs	3.0
630.8194968092652	0.027103399999987232	epochs	2.0
630.8194968092652	0.013572800000019924	epochs	3.0
630.8330696092652	0.013530599999967308	epochs	3.0
630.8466002092651	0.02693520000002536	epochs	2.0
630.8466002092651	0.013488400000028378	epochs	3.0
630.8600886092652	0.013446799999996983	epochs	3.0
630.8735354092652	0.026769199999989723	epochs	2.0
630.8735354092652	0.013405199999965589	epochs	3.0
630.8869406092651	0.013364000000024134	epochs	3.0
630.9003046092652	0.026605199999949036	epochs	2.0
630.9003046092652	0.013322899999934634	epochs	3.0
630.9136275092651	0.013282300000014402	epochs	3.0
630.9269098092651	0.026443200000016986	epochs	2.0
630.9269098092651	0.013241699999980483	epochs	3.0
630.9401515092651	0.013201500000036503	epochs	3.0
630.9533530092651	0.0262831999999662	epochs	2.0
630.9533530092651	0.013161500000023807	epochs	3.0
630.9665145092652	0.013121699999942393	epochs	3.0
630.9796362092651	0.02612500000009277	epochs	2.0
630.9796362092651	0.013082100000019636	epochs	3.0
630.9927183092651	0.013042900000073132	epochs	3.0
631.0057612092652	0.025968899999952555	epochs	2.0
631.0057612092652	0.013003899999944224	epochs	3.0
631.0187651092651	0.012965000000008331	epochs	3.0
631.0317301092651	0.025814500000024054	epochs	2.0
631.0317301092651	0.012926399999969362	epochs	3.0
631.0446565092651	0.012888100000054692	epochs	3.0
631.0575446092652	0.025661899999931848	epochs	2.0
631.0575446092652	0.012849899999991976	epochs	3.0
631.0703945092652	0.012811999999939871	epochs	3.0
631.0832065092651	0.025511200000096323	epochs	2.0
631.0832065092651	0.012774400000012065	epochs	3.0
631.0959809092651	0.012736800000084258	epochs	3.0
631.1087177092652	0.025362299999983406	epochs	2.0
631.1087177092652	0.01269969999998466	epochs	3.0
631.1214174092652	0.012662599999998747	epochs	3.0
631.1340800092652	0.025215000000002874	epochs	2.0
631.1340800092652	0.01262579999990976	epochs	3.0
631.1467058092651	0.012589200000093115	epochs	3.0
631.1592950092652	0.024584799999956886	epochs	2.0
631.1818523092651	0.5	epochs	-1.0
631.1838798092651	0.5112799999999424	epochs	1.0
631.6951598092651	0.48864000000003216	epochs	0.0
632.7059998512268	0.1088799999999992	epochs	0.0
632.7059998512268	0.04944239999997535	epochs	1.0
632.7554422512268	0.009995200000048499	epochs	1.0
632.7654374512268	0.04944239999997535	epochs	1.0
632.8148798512268	2.0	epochs	0.0
634.8148798512268	0.5510400000000573	epochs	0.0
634.8148798512268	0.5510400000000573	epochs	1.0
634.8149323512268	0.5	epochs	-1.0
635.3149323512268	0.05098750000001928	epochs	-1.0
635.3659198512269	21.448879999999917	epochs	0.0
636.4559998512268	0.1088799999999992	epochs	0.0
636.4559998512268	0.04944239999997535	epochs	1.0
636.5054422512268	0.009995200000048499	epochs	1.0
636.5154374512268	0.04944239999997535	epochs	1.0
636.5648798512268	2.0	epochs	0.0
638.5648798512268	0.5512800000000198	epochs	0.0
638.5648798512268	0.5512800000000198	epochs	1.0
638.5649323512268	0.5	epochs	-1.0
639.0649323512268	0.051227499999981774	epochs	-1.0
639.1161598512268	21.448639999999955	epochs	0.0
640.2309999465942	0.1088799999999992	epochs	0.0
640.2309999465942	0.04944239999997535	epochs	1.0
640.2804423465942	0.009995200000048499	epochs	1.0
640.2904375465943	0.04944239999997535	epochs	1.0
640.3398799465942	2.0	epochs	0.0
642.3398799465942	0.5508800000000065	epochs	0.0
642.3398799465942	0.5508800000000065	epochs	1.0
642.3399324465943	0.5	epochs	-1.0
642.8399324465943	0.050827499999968495	epochs	-1.0
642.8907599465942	21.449039999999968	epochs	0.0
643.9809999465942	0.1088799999999992	epochs	0.0
643.9809999465942	0.04944239999997535	epochs	1.0
644.0304423465942	0.009995200000048499	epochs	1.0
644.0404375465943	0.04944239999997535	epochs	1.0
644.0898799465942	2.0	epochs	0.0
646.0898799465942	21.511359999999968	epochs	0.0
646.0898799465942	1.0	epochs	1.0
646.0899324465943	0.5	epochs	-1.0
646.5899324465943	19.997919999999908	epochs	-1.0
647.0898799465942	20.0	epochs	1.0
647.0898799465942	4.356753900000058	epochs	-1.0
647.0898799465942	1.9745871999999736	epochs	2.0
647.0898799465942	1.0985621999999466	epochs	3.0
648.1884421465942	0.8760250000000269	epochs	3.0
649.0644671465942	1.3524075000000266	epochs	2.0
649.0644671465942	0.7286354999999958	epochs	3.0
649.7931026465942	0.6237720000000309	epochs	3.0
650.4168746465942	1.0297592000000577	epochs	2.0
650.4168746465942	0.5453293000000485	epochs	3.0
650.9622039465943	0.4844299000000092	epochs	3.0
651.4466338465943	0.8317861999998968	epochs	2.0
651.4466338465943	0.4357762999999295	epochs	3.0
651.8824101465942	0.3960098999999673	epochs	3.0
652.2784200465942	0.6977970000000369	epochs	2.0
652.2784200465942	0.3628982000000178	epochs	3.0
652.6413182465942	0.33489880000001904	epochs	3.0
652.9762170465942	0.601045699999986	epochs	2.0
652.9762170465942	0.3109123000000409	epochs	3.0
653.2871293465943	0.29013339999994514	epochs	3.0
653.5772627465942	0.5278859000000011	epochs	2.0
653.5772627465942	0.2719586000000618	epochs	3.0
653.8492213465943	0.25592729999993935	epochs	3.0
654.1051486465942	0.4706193000000667	epochs	2.0
654.1051486465942	0.241681299999982	epochs	3.0
654.3468299465942	0.22893800000008468	epochs	3.0
654.5757679465943	0.42457039999999324	epochs	2.0
654.5757679465943	0.2174713999999085	epochs	3.0
654.7932393465942	0.20709900000008474	epochs	3.0
655.0003383465943	0.3867353999999068	epochs	2.0
655.0003383465943	0.19767109999997956	epochs	3.0
655.1980094465943	0.18906429999992724	epochs	3.0
655.3870737465942	0.3550953000000163	epochs	2.0
655.3870737465942	0.18117590000008477	epochs	3.0
655.5682496465943	0.17391939999993156	epochs	3.0
655.7421690465942	0.3282431000000088	epochs	2.0
655.7421690465942	0.1672219000000723	epochs	3.0
655.9093909465943	0.16102119999993647	epochs	3.0
656.0704121465942	0.30516799999998057	epochs	2.0
656.0704121465942	0.15526390000002266	epochs	3.0
656.2256760465942	0.1499040999999579	epochs	3.0
656.3755801465942	0.28512530000000424	epochs	2.0
656.3755801465942	0.1449021000000812	epochs	3.0
656.5204822465943	0.14022319999992305	epochs	3.0
656.6607054465942	0.267553800000087	epochs	2.0
656.6607054465942	0.1358369000000721	epochs	3.0
656.7965423465943	0.1317169000000149	epochs	3.0
656.9282592465943	0.252022899999929	epochs	2.0
656.9282592465943	0.1278393000000051	epochs	3.0
657.0560985465943	0.1241835999999239	epochs	3.0
657.1802821465942	0.23819650000007186	epochs	2.0
657.1802821465942	0.12073110000005727	epochs	3.0
657.3010132465943	0.1174654000000146	epochs	3.0
657.4184786465943	0.2258087999999816	epochs	2.0
657.4184786465943	0.1143718999999237	epochs	3.0
657.5328505465942	0.1114369000000579	epochs	3.0
657.6442874465943	0.2146460000000161	epochs	2.0
657.6442874465943	0.10864889999993466	epochs	3.0
657.7529363465942	0.10599710000008145	epochs	3.0
657.8589334465943	0.20453499999996438	epochs	2.0
657.8589334465943	0.10347149999995509	epochs	3.0
657.9624049465942	0.1010635000000093	epochs	3.0
658.0634684465942	0.19533400000000256	epochs	2.0
658.0634684465942	0.09876510000003691	epochs	3.0
658.1622335465943	0.09656889999996565	epochs	3.0
658.2588024465942	0.18692529999998442	epochs	2.0
658.2588024465942	0.09446830000001682	epochs	3.0
658.3532707465943	0.09245699999996759	epochs	3.0
658.4457277465942	0.17921069999999872	epochs	2.0
658.4457277465942	0.09052959999996801	epochs	3.0
658.5362573465942	0.08868110000003071	epochs	3.0
658.6249384465942	0.17210769999996955	epochs	2.0
658.6249384465942	0.08690630000000965	epochs	3.0
658.7118447465942	0.0852013999999599	epochs	3.0
658.7970461465942	0.16554640000003928	epochs	2.0
658.7970461465942	0.08356190000006336	epochs	3.0
658.8806080465943	0.08198449999997592	epochs	3.0
658.9625925465942	0.15946710000002895	epochs	2.0
658.9625925465942	0.08046539999998004	epochs	3.0
659.0430579465942	0.07900170000004891	epochs	3.0
659.1220596465943	0.15381839999997737	epochs	2.0
659.1220596465943	0.07759009999995214	epochs	3.0
659.1996497465942	0.07622830000002523	epochs	3.0
659.2758780465942	0.14855639999996129	epochs	2.0
659.2758780465942	0.07491330000004837	epochs	3.0
659.3507913465943	0.07364309999991292	epochs	3.0
659.4244344465942	0.14364240000008976	epochs	2.0
659.4244344465942	0.07241499999997814	epochs	3.0
659.4968494465942	0.07122740000011163	epochs	3.0
659.5680768465943	0.13904309999998077	epochs	2.0
659.5680768465943	0.07007799999996678	epochs	3.0
659.6381548465943	0.06896510000001399	epochs	3.0
659.7071199465943	0.1347293000000036	epochs	2.0
659.7071199465943	0.0678871000000072	epochs	3.0
659.7750070465943	0.06684219999999641	epochs	3.0
659.8418492465943	0.13067519999992783	epochs	2.0
659.8418492465943	0.06582909999997355	epochs	3.0
659.9076783465943	0.06484609999995428	epochs	3.0
659.9725244465942	0.12685780000003888	epochs	2.0
659.9725244465942	0.06389200000000983	epochs	3.0
660.0364164465942	0.06296580000002905	epochs	3.0
660.0993822465942	0.12325720000001184	epochs	2.0
660.0993822465942	0.06206580000002759	epochs	3.0
660.1614480465943	0.06119139999998424	epochs	3.0
660.2226394465943	0.11985540000000583	epochs	2.0
660.2226394465943	0.060341099999959624	epochs	3.0
660.2829805465942	0.059514300000046205	epochs	3.0
660.3424948465943	0.11663620000001629	epochs	2.0
660.3424948465943	0.058709599999929196	epochs	3.0
660.4012044465942	0.05792660000008709	epochs	3.0
660.4591310465943	0.11358559999996487	epochs	2.0
660.4591310465943	0.05716419999998834	epochs	3.0
660.5162952465943	0.05642139999997653	epochs	3.0
660.5727166465942	0.11069050000003244	epochs	2.0
660.5727166465942	0.055697900000041045	epochs	3.0
660.6284145465943	0.0549925999999914	epochs	3.0
660.6834071465943	0.10793909999995321	epochs	2.0
660.6834071465943	0.05430489999992005	epochs	3.0
660.7377120465942	0.05363420000003316	epochs	3.0
660.7913462465942	0.10532150000005913	epochs	2.0
660.7913462465942	0.05298000000004777	epochs	3.0
660.8443262465943	0.052341500000011365	epochs	3.0
660.8966677465943	0.10282759999995505	epochs	2.0
660.8966677465943	0.051718099999902734	epochs	3.0
660.9483858465942	0.05110950000005232	epochs	3.0
660.9994953465942	0.10044909999999163	epochs	2.0
660.9994953465942	0.05051489999993919	epochs	3.0
661.0500102465942	0.04993420000005244	epochs	3.0
661.0999444465942	0.0981782999999723	epochs	2.0
661.0999444465942	0.04936659999998483	epochs	3.0
661.1493110465942	0.04881169999998747	epochs	3.0
661.1981227465942	0.09600780000005216	epochs	2.0
661.1981227465942	0.04826920000004975	epochs	3.0
661.2463919465943	0.04773860000000241	epochs	3.0
661.2941305465943	0.09393119999992905	epochs	2.0
661.2941305465943	0.04721949999998287	epochs	3.0
661.3413500465942	0.04671169999994618	epochs	3.0
661.3880617465942	0.09194260000003851	epochs	2.0
661.3880617465942	0.04621460000009847	epochs	3.0
661.4342763465943	0.04572799999994004	epochs	3.0
661.4800043465942	0.09003630000006524	epochs	2.0
661.4800043465942	0.04525150000006306	epochs	3.0
661.5252558465943	0.04478480000000218	epochs	3.0
661.5700406465943	0.08820759999991878	epochs	2.0
661.5700406465943	0.04432779999990544	epochs	3.0
661.6143684465942	0.04387980000001335	epochs	3.0
661.6582482465942	0.0864516999999978	epochs	2.0
661.6582482465942	0.04344100000002982	epochs	3.0
661.7016892465942	0.04301069999996798	epochs	3.0
661.7446999465942	0.0847643000000744	epochs	2.0
661.7446999465942	0.04258900000002086	epochs	3.0
661.7872889465942	0.04217530000005354	epochs	3.0
661.8294642465943	0.08314149999989695	epochs	2.0
661.8294642465943	0.041769699999917975	epochs	3.0
661.8712339465942	0.041371799999978975	epochs	3.0
661.9126057465942	0.08157970000002024	epochs	2.0
661.9126057465942	0.04098140000007788	epochs	3.0
661.9535871465943	0.040598299999942355	epochs	3.0
661.9941854465942	0.08007550000002084	epochs	2.0
661.9941854465942	0.04022229999998217	epochs	3.0
662.0344077465942	0.03985320000003867	epochs	3.0
662.0742609465942	0.07862569999997504	epochs	2.0
662.0742609465942	0.039490800000066884	epochs	3.0
662.1137517465943	0.03913489999990816	epochs	3.0
662.1528866465942	0.07722760000001472	epochs	2.0
662.1528866465942	0.038785400000051595	epochs	3.0
662.1916720465942	0.03844219999996312	epochs	3.0
662.2301142465942	0.07587820000003376	epochs	2.0
662.2301142465942	0.038104800000041905	epochs	3.0
662.2682190465943	0.03777339999999185	epochs	3.0
662.3059924465942	0.0745752000000266	epochs	2.0
662.3059924465942	0.03744770000002973	epochs	3.0
662.3434401465943	0.03712749999999687	epochs	3.0
662.3805676465943	0.07331629999998768	epochs	2.0
662.3805676465943	0.036812899999972615	epochs	3.0
662.4173805465942	0.03650340000001506	epochs	3.0
662.4538839465943	0.07209899999998015	epochs	2.0
662.4538839465943	0.03619909999997617	epochs	3.0
662.4900830465942	0.03589990000000398	epochs	3.0
662.5259829465942	0.07092169999998532	epochs	2.0
662.5259829465942	0.03560560000005353	epochs	3.0
662.5615885465943	0.035316099999931794	epochs	3.0
662.5969046465942	0.06978200000003199	epochs	2.0
662.5969046465942	0.03503120000004856	epochs	3.0
662.6319358465943	0.03475079999998343	epochs	3.0
662.6666866465943	0.06867859999999837	epochs	2.0
662.6666866465943	0.03447510000000875	epochs	3.0
662.7011617465943	0.03420349999998962	epochs	3.0
662.7353652465943	0.06760929999995824	epochs	2.0
662.7353652465943	0.033936199999970995	epochs	3.0
662.7693014465942	0.033673099999987244	epochs	3.0
662.8029745465942	0.06657289999998284	epochs	2.0
662.8029745465942	0.03341399999999339	epochs	3.0
662.8363885465942	0.033158899999989444	epochs	3.0
662.8695474465942	0.06556780000005347	epochs	2.0
662.8695474465942	0.032907700000009754	epochs	3.0
662.9024551465942	0.03266010000004371	epochs	3.0
662.9351152465943	0.06459259999996902	epochs	2.0
662.9351152465943	0.032416399999988244	epochs	3.0
662.9675316465942	0.03217619999998078	epochs	3.0
662.9997078465942	0.06364600000006249	epochs	2.0
662.9997078465942	0.03193959999998697	epochs	3.0
663.0316474465942	0.03170640000007552	epochs	3.0
663.0633538465943	0.0627266999999847	epochs	2.0
663.0633538465943	0.031476599999905375	epochs	3.0
663.0948304465942	0.03125010000007933	epochs	3.0
663.1260805465943	0.06183359999999993	epochs	2.0
663.1260805465943	0.03102689999991526	epochs	3.0
663.1571074465942	0.030806700000084675	epochs	3.0
663.1879141465943	0.060965599999917686	epochs	2.0
663.1879141465943	0.030589799999916067	epochs	3.0
663.2185039465942	0.030375800000001618	epochs	3.0
663.2488797465942	0.06012160000000222	epochs	2.0
663.2488797465942	0.030164900000045236	epochs	3.0
663.2790446465942	0.02995669999995698	epochs	3.0
663.3090013465942	0.05930069999999432	epochs	2.0
663.3090013465942	0.029751600000054168	epochs	3.0
663.3387529465942	0.029549099999940154	epochs	3.0
663.3683020465942	0.05850180000004457	epochs	2.0
663.3683020465942	0.02934940000000097	epochs	3.0
663.3976514465942	0.0291524000000436	epochs	3.0
663.4268038465942	0.057724200000052406	epochs	2.0
663.4268038465942	0.028957999999988715	epochs	3.0
663.4557618465942	0.02876620000006369	epochs	3.0
663.4845280465943	0.05696709999995164	epochs	2.0
663.4845280465943	0.028576999999927466	epochs	3.0
663.5131050465942	0.028390100000024177	epochs	3.0
663.5414951465942	0.05622949999997218	epochs	2.0
663.5414951465942	0.028205700000057732	epochs	3.0
663.5697008465943	0.028023799999914445	epochs	3.0
663.5977246465942	0.05551070000001346	epochs	2.0
663.5977246465942	0.02784400000007281	epochs	3.0
663.6255686465943	0.027666699999940647	epochs	3.0
663.6532353465942	0.054810200000019904	epochs	2.0
663.6532353465942	0.02749149999999645	epochs	3.0
663.6807268465942	0.027318700000023455	epochs	3.0
663.7080455465942	0.05412699999999404	epochs	2.0
663.7080455465942	0.027147799999966082	epochs	3.0
663.7351933465942	0.02697920000002796	epochs	3.0
663.7621725465942	0.053460699999959616	epochs	2.0
663.7621725465942	0.0268125999999711	epochs	3.0
663.7889851465942	0.026648099999988517	epochs	3.0
663.8156332465942	0.05281070000000909	epochs	2.0
663.8156332465942	0.026485600000000886	epochs	3.0
663.8421188465942	0.026325100000008206	epochs	3.0
663.8684439465942	0.05217620000007628	epochs	2.0
663.8684439465942	0.026166400000079193	epochs	3.0
663.8946103465943	0.026009799999997085	epochs	3.0
663.9206201465943	0.051556699999991906	epochs	2.0
663.9206201465943	0.025854799999933675	epochs	3.0
663.9464749465942	0.02570190000005823	epochs	3.0
663.9721768465943	0.05095189999997274	epochs	2.0
663.9721768465943	0.025550699999939752	epochs	3.0
663.9977275465942	0.025401200000032986	epochs	3.0
664.0231287465942	0.05036099999995258	epochs	2.0
664.0231287465942	0.025253499999962514	epochs	3.0
664.0483822465942	0.02510749999999007	epochs	3.0
664.0734897465942	0.049783800000000156	epochs	2.0
664.0734897465942	0.02496320000000196	epochs	3.0
664.0984529465942	0.024820599999998194	epochs	3.0
664.1232735465942	0.049219500000049266	epochs	2.0
664.1232735465942	0.02467940000008184	epochs	3.0
664.1479529465943	0.024540099999967424	epochs	3.0
664.1724930465942	0.048667899999941255	epochs	2.0
664.1724930465942	0.02440209999997478	epochs	3.0
664.1968951465942	0.024265799999966475	epochs	3.0
664.2211609465942	0.04812860000004093	epochs	2.0
664.2211609465942	0.024131000000011227	epochs	3.0
664.2452919465942	0.023997600000029706	epochs	3.0
664.2692895465942	0.047601100000065344	epochs	2.0
664.2692895465942	0.023865800000066884	epochs	3.0
664.2931553465943	0.02373529999999846	epochs	3.0
664.3168906465943	0.04708499999992455	epochs	2.0
664.3168906465943	0.023606299999983094	epochs	3.0
664.3404969465943	0.023478699999941455	epochs	3.0
664.3639756465942	0.04658000000006268	epochs	2.0
664.3639756465942	0.02335249999998723	epochs	3.0
664.3873281465942	0.02322750000007545	epochs	3.0
664.4105556465943	0.04608569999993506	epochs	2.0
664.4105556465943	0.023103999999989355	epochs	3.0
664.4336596465943	0.022981699999945704	epochs	3.0
664.4566413465942	0.045601799999985815	epochs	2.0
664.4566413465942	0.022860700000023826	epochs	3.0
664.4795020465942	0.02274109999996199	epochs	3.0
664.5022431465942	0.04512790000001132	epochs	2.0
664.5022431465942	0.022622500000011314	epochs	3.0
664.5248656465942	0.02250540000000001	epochs	3.0
664.5473710465942	0.0446638000000803	epochs	2.0
664.5473710465942	0.02238929999998618	epochs	3.0
664.5697603465942	0.022274500000094122	epochs	3.0
664.5920348465943	0.04420919999995476	epochs	2.0
664.5920348465943	0.022160799999937808	epochs	3.0
664.6141956465942	0.022048400000016954	epochs	3.0
664.6362440465942	0.043763600000033875	epochs	2.0
664.6362440465942	0.021936900000014248	epochs	3.0
664.6581809465943	0.021826700000019628	epochs	3.0
664.6800076465943	0.04332709999994222	epochs	2.0
664.6800076465943	0.021717599999988124	epochs	3.0
664.7017252465943	0.021609499999954096	epochs	3.0
664.7233347465942	0.04289900000003399	epochs	2.0
664.7233347465942	0.02150249999999687	epochs	3.0
664.7448372465942	0.021396500000037122	epochs	3.0
664.7662337465943	0.042479500000013104	epochs	2.0
664.7662337465943	0.02129170000000613	epochs	3.0
664.7875254465943	0.021187800000006973	epochs	3.0
664.8087132465943	0.042067900000006375	epochs	2.0
664.8087132465943	0.02108490000000529	epochs	3.0
664.8297981465943	0.020983000000001084	epochs	3.0
664.8507811465943	0.04166439999994509	epochs	2.0
664.8507811465943	0.020882199999959994	epochs	3.0
664.8716633465942	0.020782199999985096	epochs	3.0
664.8924455465942	0.04126850000000104	epochs	2.0
664.8924455465942	0.020683299999973315	epochs	3.0
664.9131288465942	0.020585200000027726	epochs	3.0
664.9337140465942	0.04088000000001557	epochs	2.0
664.9337140465942	0.020488099999965925	epochs	3.0
664.9542021465942	0.020391900000049645	epochs	3.0
664.9745940465942	0.04049880000002304	epochs	2.0
664.9745940465942	0.020296600000051512	epochs	3.0
664.9948906465943	0.020202199999971526	epochs	3.0
665.0150928465943	0.04012460000001283	epochs	2.0
665.0150928465943	0.020108699999923374	epochs	3.0
665.0352015465942	0.02001590000008946	epochs	3.0
665.0552174465943	0.03975730000001931	epochs	2.0
665.0552174465943	0.019924199999991288	epochs	3.0
665.0751416465943	0.019833100000028026	epochs	3.0
665.0949747465943	0.03939669999999751	epochs	2.0
665.0949747465943	0.01974299999994855	epochs	3.0
665.1147177465942	0.019653700000048957	epochs	3.0
665.1343714465943	0.03904239999997117	epochs	2.0
665.1343714465943	0.019565099999908853	epochs	3.0
665.1539365465942	0.019477300000062314	epochs	3.0
665.1734138465943	0.03869459999998526	epochs	2.0
665.1734138465943	0.019390400000020236	epochs	3.0
665.1928042465943	0.01930419999996502	epochs	3.0
665.2121084465942	0.03835289999994984	epochs	2.0
665.2121084465942	0.019218799999976	epochs	3.0
665.2313272465942	0.01913409999997384	epochs	3.0
665.2504613465942	0.03801720000001296	epochs	2.0
665.2504613465942	0.019050200000037876	epochs	3.0
665.2695115465942	0.018966999999975087	epochs	3.0
665.2884785465942	0.037687200000050325	epochs	2.0
665.2884785465942	0.01888450000001285	epochs	3.0
665.3073630465942	0.018802700000037476	epochs	3.0
665.3261657465943	0.03736309999999321	epochs	2.0
665.3261657465943	0.018721700000014607	epochs	3.0
665.3448874465943	0.018641399999978603	epochs	3.0
665.3635288465942	0.03704429999993408	epochs	2.0
665.3635288465942	0.01856159999999818	epochs	3.0
665.3820904465942	0.018482699999935903	epochs	3.0
665.4005731465942	0.0367310000000316	epochs	2.0
665.4005731465942	0.018404300000042895	epochs	3.0
665.4189774465942	0.018326699999988705	epochs	3.0
665.4373041465942	0.036422900000047775	epochs	2.0
665.4373041465942	0.018249599999990096	epochs	3.0
665.4555537465942	0.01817330000005768	epochs	3.0
665.4737270465943	0.03612009999994825	epochs	2.0
665.4737270465943	0.0180976000000328	epochs	3.0
665.4918246465943	0.018022499999915453	epochs	3.0
665.5098471465942	0.03582210000001851	epochs	2.0
665.5098471465942	0.017947900000081063	epochs	3.0
665.5277950465943	0.017874199999937446	epochs	3.0
665.5456692465942	0.03552899999999681	epochs	2.0
665.5456692465942	0.017800800000031813	epochs	3.0
665.5634700465943	0.017728199999965	epochs	3.0
665.5811982465942	0.03524070000003121	epochs	2.0
665.5811982465942	0.017656099999953767	epochs	3.0
665.5988543465942	0.017584600000077444	epochs	3.0
665.6164389465943	0.03495709999992869	epochs	2.0
665.6164389465943	0.01751369999999497	epochs	3.0
665.6339526465943	0.017443399999933717	epochs	3.0
665.6513960465942	0.03467790000001969	epochs	2.0
665.6513960465942	0.017373600000041733	epochs	3.0
665.6687696465942	0.017304299999977957	epochs	3.0
665.6860739465942	0.03440330000000813	epochs	2.0
665.6860739465942	0.01723570000001473	epochs	3.0
665.7033096465942	0.0171675999999934	epochs	3.0
665.7204772465942	0.0341328000000658	epochs	2.0
665.7204772465942	0.017099900000062007	epochs	3.0
665.7375771465943	0.017032900000003792	epochs	3.0
665.7546100465943	0.033866699999975935	epochs	2.0
665.7546100465943	0.01696640000000116	epochs	3.0
665.7715764465943	0.016900299999974777	epochs	3.0
665.7884767465943	0.03360459999998966	epochs	2.0
665.7884767465943	0.01683479999996962	epochs	3.0
665.8053115465942	0.01676980000002004	epochs	3.0
665.8220813465942	0.033346599999958926	epochs	2.0
665.8220813465942	0.016705300000012357	epochs	3.0
665.8387866465943	0.01664129999994657	epochs	3.0
665.8554279465942	0.03309250000006614	epochs	2.0
665.8554279465942	0.016577800000050047	epochs	3.0
665.8720057465943	0.01651470000001609	epochs	3.0
665.8885204465943	0.03284229999997024	epochs	2.0
665.8885204465943	0.01645220000000336	epochs	3.0
665.9049726465943	0.01639009999996688	epochs	3.0
665.9213627465942	0.03259570000000167	epochs	2.0
665.9213627465942	0.016328400000020338	epochs	3.0
665.9376911465943	0.016267299999981333	epochs	3.0
665.9539584465942	0.032352899999978035	epochs	2.0
665.9539584465942	0.016206600000032267	epochs	3.0
665.9701650465943	0.016146299999945768	epochs	3.0
665.9863113465942	0.03211369999996805	epochs	2.0
665.9863113465942	0.016086599999994178	epochs	3.0
666.0023979465942	0.01602709999997387	epochs	3.0
666.0184250465942	0.03187800000000607	epochs	2.0
666.0184250465942	0.015968200000088473	epochs	3.0
666.0343932465943	0.015909799999917595	epochs	3.0
666.0503030465942	0.031645700000012766	epochs	2.0
666.0503030465942	0.01585160000001906	epochs	3.0
666.0661546465942	0.015794099999993705	epochs	3.0
666.0819487465942	0.0314167000000225	epochs	2.0
666.0819487465942	0.015736700000047676	epochs	3.0
666.0976854465943	0.015679999999974825	epochs	3.0
666.1133654465942	0.031191100000000915	epochs	2.0
666.1133654465942	0.015623600000026272	epochs	3.0
666.1289890465943	0.015567499999974643	epochs	3.0
666.1445565465942	0.030968700000016725	epochs	2.0
666.1445565465942	0.015512000000057924	epochs	3.0
666.1600685465943	0.0154566999999588	epochs	3.0
666.1755252465942	0.030749499999956242	epochs	2.0
666.1755252465942	0.015401999999994587	epochs	3.0
666.1909272465942	0.015347499999961656	epochs	3.0
666.2062747465942	0.03053320000003623	epochs	2.0
666.2062747465942	0.015293400000018664	epochs	3.0
666.2215681465942	0.015239800000017567	epochs	3.0
666.2368079465942	0.03032010000003993	epochs	2.0
666.2368079465942	0.015186500000027081	epochs	3.0
666.2519944465943	0.015133600000012848	epochs	3.0
666.2671280465943	0.030109899999956724	epochs	2.0
666.2671280465943	0.015081000000009226	epochs	3.0
666.2822090465943	0.015028899999947498	epochs	3.0
666.2972379465942	0.02990250000004835	epochs	2.0
666.2972379465942	0.014977000000044427	epochs	3.0
666.3122149465943	0.014925500000003922	epochs	3.0
666.3271404465943	0.029698099999905025	epochs	2.0
666.3271404465943	0.01487439999993967	epochs	3.0
666.3420148465942	0.014823699999965356	epochs	3.0
666.3568385465942	0.02949630000000525	epochs	2.0
666.3568385465942	0.014773200000036013	epochs	3.0
666.3716117465942	0.014723099999969236	epochs	3.0
666.3863348465942	0.02929740000001857	epochs	2.0
666.3863348465942	0.014673399999992398	epochs	3.0
666.4010082465942	0.014624000000026172	epochs	3.0
666.4156322465942	0.029101100000048064	epochs	2.0
666.4156322465942	0.014574900000070556	epochs	3.0
666.4302071465943	0.014526199999977507	epochs	3.0
666.4447333465943	0.028907399999980044	epochs	2.0
666.4447333465943	0.014477699999929428	epochs	3.0
666.4592110465942	0.014429700000050616	epochs	3.0
666.4736407465942	0.028716199999962555	epochs	2.0
666.4736407465942	0.014381800000023759	epochs	3.0
666.4880225465943	0.014334399999938796	epochs	3.0
666.5023569465942	0.028527600000074926	epochs	2.0
666.5023569465942	0.01428720000001249	epochs	3.0
666.5166441465942	0.014240400000062436	epochs	3.0
666.5308845465943	0.028341399999931127	epochs	2.0
666.5308845465943	0.014193799999929979	epochs	3.0
666.5450783465942	0.014147600000001148	epochs	3.0
666.5592259465942	0.028157700000065233	epochs	2.0
666.5592259465942	0.014101699999969242	epochs	3.0
666.5733276465942	0.014056000000095992	epochs	3.0
666.5873836465943	0.027976299999977527	epochs	2.0
666.5873836465943	0.01401060000000598	epochs	3.0
666.6013942465943	0.013965699999971548	epochs	3.0
666.6153599465943	0.02779720000000907	epochs	2.0
666.6153599465943	0.013920799999937117	epochs	3.0
666.6292807465942	0.013876400000071953	epochs	3.0
666.6431571465943	0.027620399999932488	epochs	2.0
666.6431571465943	0.013832200000024386	epochs	3.0
666.6569893465943	0.013788199999908102	epochs	3.0
666.6707775465942	0.02744590000008884	epochs	2.0
666.6707775465942	0.013744599999995444	epochs	3.0
666.6845221465942	0.013701300000093397	epochs	3.0
666.6982234465943	0.027273499999978412	epochs	2.0
666.6982234465943	0.013658200000008947	epochs	3.0
666.7118816465943	0.013615299999969466	epochs	3.0
666.7254969465943	0.027103399999987232	epochs	2.0
666.7254969465943	0.013572800000019924	epochs	3.0
666.7390697465943	0.013530599999967308	epochs	3.0
666.7526003465942	0.02693520000002536	epochs	2.0
666.7526003465942	0.013488400000028378	epochs	3.0
666.7660887465943	0.013446799999996983	epochs	3.0
666.7795355465943	0.026769199999989723	epochs	2.0
666.7795355465943	0.013405199999965589	epochs	3.0
666.7929407465942	0.013364000000024134	epochs	3.0
666.8063047465943	0.026605199999949036	epochs	2.0
666.8063047465943	0.013322899999934634	epochs	3.0
666.8196276465942	0.013282300000014402	epochs	3.0
666.8329099465942	0.026443200000016986	epochs	2.0
666.8329099465942	0.013241699999980483	epochs	3.0
666.8461516465942	0.013201500000036503	epochs	3.0
666.8593531465942	0.0262831999999662	epochs	2.0
666.8593531465942	0.013161500000023807	epochs	3.0
666.8725146465943	0.013121699999942393	epochs	3.0
666.8856363465942	0.02612500000009277	epochs	2.0
666.8856363465942	0.013082100000019636	epochs	3.0
666.8987184465942	0.013042900000073132	epochs	3.0
666.9117613465943	0.025968899999952555	epochs	2.0
666.9117613465943	0.013003899999944224	epochs	3.0
666.9247652465942	0.012965000000008331	epochs	3.0
666.9377302465942	0.025814500000024054	epochs	2.0
666.9377302465942	0.012926399999969362	epochs	3.0
666.9506566465942	0.012888100000054692	epochs	3.0
666.9635447465943	0.025661899999931848	epochs	2.0
666.9635447465943	0.012849899999991976	epochs	3.0
666.9763946465943	0.012811999999939871	epochs	3.0
666.9892066465942	0.025511200000096323	epochs	2.0
666.9892066465942	0.012774400000012065	epochs	3.0
667.0019810465942	0.012736800000084258	epochs	3.0
667.0147178465943	0.025362299999983406	epochs	2.0
667.0147178465943	0.01269969999998466	epochs	3.0
667.0274175465943	0.012662599999998747	epochs	3.0
667.0400801465943	0.025215000000002874	epochs	2.0
667.0400801465943	0.01262579999990976	epochs	3.0
667.0527059465942	0.012589200000093115	epochs	3.0
667.0652951465943	0.024584799999956886	epochs	2.0
667.0878524465942	0.5	epochs	-1.0
667.0898799465942	0.5113599999999678	epochs	1.0
667.6012399465942	0.48856000000000677	epochs	0.0
668.4829998016357	0.1088799999999992	epochs	0.0
668.4829998016357	0.04944239999997535	epochs	1.0
668.5324422016357	0.009995200000048499	epochs	1.0
668.5424374016358	0.04944239999997535	epochs	1.0
668.5918798016357	2.0	epochs	0.0
670.5918798016357	21.531439999999975	epochs	0.0
670.5918798016357	1.0	epochs	1.0
670.5919323016358	0.5	epochs	-1.0
671.0919323016358	19.997919999999908	epochs	-1.0
671.5918798016357	20.0	epochs	1.0
671.5918798016357	4.356753900000058	epochs	-1.0
671.5918798016357	1.9745871999999736	epochs	2.0
671.5918798016357	1.0985621999999466	epochs	3.0
672.6904420016357	0.8760250000000269	epochs	3.0
673.5664670016357	1.3524075000000266	epochs	2.0
673.5664670016357	0.7286354999999958	epochs	3.0
674.2951025016357	0.6237720000000309	epochs	3.0
674.9188745016357	1.0297592000000577	epochs	2.0
674.9188745016357	0.5453293000000485	epochs	3.0
675.4642038016358	0.4844299000000092	epochs	3.0
675.9486337016358	0.8317861999998968	epochs	2.0
675.9486337016358	0.4357762999999295	epochs	3.0
676.3844100016357	0.3960098999999673	epochs	3.0
676.7804199016357	0.6977970000000369	epochs	2.0
676.7804199016357	0.3628982000000178	epochs	3.0
677.1433181016357	0.33489880000001904	epochs	3.0
677.4782169016357	0.601045699999986	epochs	2.0
677.4782169016357	0.3109123000000409	epochs	3.0
677.7891292016358	0.29013339999994514	epochs	3.0
678.0792626016357	0.5278859000000011	epochs	2.0
678.0792626016357	0.2719586000000618	epochs	3.0
678.3512212016358	0.25592729999993935	epochs	3.0
678.6071485016357	0.4706193000000667	epochs	2.0
678.6071485016357	0.241681299999982	epochs	3.0
678.8488298016357	0.22893800000008468	epochs	3.0
679.0777678016358	0.42457039999999324	epochs	2.0
679.0777678016358	0.2174713999999085	epochs	3.0
679.2952392016357	0.20709900000008474	epochs	3.0
679.5023382016358	0.3867353999999068	epochs	2.0
679.5023382016358	0.19767109999997956	epochs	3.0
679.7000093016358	0.18906429999992724	epochs	3.0
679.8890736016357	0.3550953000000163	epochs	2.0
679.8890736016357	0.18117590000008477	epochs	3.0
680.0702495016358	0.17391939999993156	epochs	3.0
680.2441689016357	0.3282431000000088	epochs	2.0
680.2441689016357	0.1672219000000723	epochs	3.0
680.4113908016358	0.16102119999993647	epochs	3.0
680.5724120016357	0.30516799999998057	epochs	2.0
680.5724120016357	0.15526390000002266	epochs	3.0
680.7276759016357	0.1499040999999579	epochs	3.0
680.8775800016357	0.28512530000000424	epochs	2.0
680.8775800016357	0.1449021000000812	epochs	3.0
681.0224821016358	0.14022319999992305	epochs	3.0
681.1627053016357	0.267553800000087	epochs	2.0
681.1627053016357	0.1358369000000721	epochs	3.0
681.2985422016358	0.1317169000000149	epochs	3.0
681.4302591016358	0.252022899999929	epochs	2.0
681.4302591016358	0.1278393000000051	epochs	3.0
681.5580984016358	0.1241835999999239	epochs	3.0
681.6822820016357	0.23819650000007186	epochs	2.0
681.6822820016357	0.12073110000005727	epochs	3.0
681.8030131016358	0.1174654000000146	epochs	3.0
681.9204785016358	0.2258087999999816	epochs	2.0
681.9204785016358	0.1143718999999237	epochs	3.0
682.0348504016357	0.1114369000000579	epochs	3.0
682.1462873016358	0.2146460000000161	epochs	2.0
682.1462873016358	0.10864889999993466	epochs	3.0
682.2549362016357	0.10599710000008145	epochs	3.0
682.3609333016358	0.20453499999996438	epochs	2.0
682.3609333016358	0.10347149999995509	epochs	3.0
682.4644048016357	0.1010635000000093	epochs	3.0
682.5654683016357	0.19533400000000256	epochs	2.0
682.5654683016357	0.09876510000003691	epochs	3.0
682.6642334016358	0.09656889999996565	epochs	3.0
682.7608023016357	0.18692529999998442	epochs	2.0
682.7608023016357	0.09446830000001682	epochs	3.0
682.8552706016358	0.09245699999996759	epochs	3.0
682.9477276016357	0.17921069999999872	epochs	2.0
682.9477276016357	0.09052959999996801	epochs	3.0
683.0382572016357	0.08868110000003071	epochs	3.0
683.1269383016357	0.17210769999996955	epochs	2.0
683.1269383016357	0.08690630000000965	epochs	3.0
683.2138446016357	0.0852013999999599	epochs	3.0
683.2990460016357	0.16554640000003928	epochs	2.0
683.2990460016357	0.08356190000006336	epochs	3.0
683.3826079016358	0.08198449999997592	epochs	3.0
683.4645924016357	0.15946710000002895	epochs	2.0
683.4645924016357	0.08046539999998004	epochs	3.0
683.5450578016357	0.07900170000004891	epochs	3.0
683.6240595016358	0.15381839999997737	epochs	2.0
683.6240595016358	0.07759009999995214	epochs	3.0
683.7016496016357	0.07622830000002523	epochs	3.0
683.7778779016357	0.14855639999996129	epochs	2.0
683.7778779016357	0.07491330000004837	epochs	3.0
683.8527912016358	0.07364309999991292	epochs	3.0
683.9264343016357	0.14364240000008976	epochs	2.0
683.9264343016357	0.07241499999997814	epochs	3.0
683.9988493016357	0.07122740000011163	epochs	3.0
684.0700767016358	0.13904309999998077	epochs	2.0
684.0700767016358	0.07007799999996678	epochs	3.0
684.1401547016358	0.06896510000001399	epochs	3.0
684.2091198016358	0.1347293000000036	epochs	2.0
684.2091198016358	0.0678871000000072	epochs	3.0
684.2770069016358	0.06684219999999641	epochs	3.0
684.3438491016358	0.13067519999992783	epochs	2.0
684.3438491016358	0.06582909999997355	epochs	3.0
684.4096782016358	0.06484609999995428	epochs	3.0
684.4745243016357	0.12685780000003888	epochs	2.0
684.4745243016357	0.06389200000000983	epochs	3.0
684.5384163016357	0.06296580000002905	epochs	3.0
684.6013821016357	0.12325720000001184	epochs	2.0
684.6013821016357	0.06206580000002759	epochs	3.0
684.6634479016358	0.06119139999998424	epochs	3.0
684.7246393016358	0.11985540000000583	epochs	2.0
684.7246393016358	0.060341099999959624	epochs	3.0
684.7849804016357	0.059514300000046205	epochs	3.0
684.8444947016358	0.11663620000001629	epochs	2.0
684.8444947016358	0.058709599999929196	epochs	3.0
684.9032043016357	0.05792660000008709	epochs	3.0
684.9611309016358	0.11358559999996487	epochs	2.0
684.9611309016358	0.05716419999998834	epochs	3.0
685.0182951016358	0.05642139999997653	epochs	3.0
685.0747165016357	0.11069050000003244	epochs	2.0
685.0747165016357	0.055697900000041045	epochs	3.0
685.1304144016358	0.0549925999999914	epochs	3.0
685.1854070016358	0.10793909999995321	epochs	2.0
685.1854070016358	0.05430489999992005	epochs	3.0
685.2397119016357	0.05363420000003316	epochs	3.0
685.2933461016357	0.10532150000005913	epochs	2.0
685.2933461016357	0.05298000000004777	epochs	3.0
685.3463261016358	0.052341500000011365	epochs	3.0
685.3986676016358	0.10282759999995505	epochs	2.0
685.3986676016358	0.051718099999902734	epochs	3.0
685.4503857016357	0.05110950000005232	epochs	3.0
685.5014952016357	0.10044909999999163	epochs	2.0
685.5014952016357	0.05051489999993919	epochs	3.0
685.5520101016357	0.04993420000005244	epochs	3.0
685.6019443016357	0.0981782999999723	epochs	2.0
685.6019443016357	0.04936659999998483	epochs	3.0
685.6513109016357	0.04881169999998747	epochs	3.0
685.7001226016357	0.09600780000005216	epochs	2.0
685.7001226016357	0.04826920000004975	epochs	3.0
685.7483918016358	0.04773860000000241	epochs	3.0
685.7961304016358	0.09393119999992905	epochs	2.0
685.7961304016358	0.04721949999998287	epochs	3.0
685.8433499016357	0.04671169999994618	epochs	3.0
685.8900616016357	0.09194260000003851	epochs	2.0
685.8900616016357	0.04621460000009847	epochs	3.0
685.9362762016358	0.04572799999994004	epochs	3.0
685.9820042016357	0.09003630000006524	epochs	2.0
685.9820042016357	0.04525150000006306	epochs	3.0
686.0272557016358	0.04478480000000218	epochs	3.0
686.0720405016358	0.08820759999991878	epochs	2.0
686.0720405016358	0.04432779999990544	epochs	3.0
686.1163683016357	0.04387980000001335	epochs	3.0
686.1602481016357	0.0864516999999978	epochs	2.0
686.1602481016357	0.04344100000002982	epochs	3.0
686.2036891016357	0.04301069999996798	epochs	3.0
686.2466998016357	0.0847643000000744	epochs	2.0
686.2466998016357	0.04258900000002086	epochs	3.0
686.2892888016357	0.04217530000005354	epochs	3.0
686.3314641016358	0.08314149999989695	epochs	2.0
686.3314641016358	0.041769699999917975	epochs	3.0
686.3732338016357	0.041371799999978975	epochs	3.0
686.4146056016357	0.08157970000002024	epochs	2.0
686.4146056016357	0.04098140000007788	epochs	3.0
686.4555870016358	0.040598299999942355	epochs	3.0
686.4961853016357	0.08007550000002084	epochs	2.0
686.4961853016357	0.04022229999998217	epochs	3.0
686.5364076016357	0.03985320000003867	epochs	3.0
686.5762608016357	0.07862569999997504	epochs	2.0
686.5762608016357	0.039490800000066884	epochs	3.0
686.6157516016358	0.03913489999990816	epochs	3.0
686.6548865016357	0.07722760000001472	epochs	2.0
686.6548865016357	0.038785400000051595	epochs	3.0
686.6936719016358	0.03844219999996312	epochs	3.0
686.7321141016357	0.07587820000003376	epochs	2.0
686.7321141016357	0.038104800000041905	epochs	3.0
686.7702189016358	0.03777339999999185	epochs	3.0
686.8079923016357	0.0745752000000266	epochs	2.0
686.8079923016357	0.03744770000002973	epochs	3.0
686.8454400016358	0.03712749999999687	epochs	3.0
686.8825675016358	0.07331629999998768	epochs	2.0
686.8825675016358	0.036812899999972615	epochs	3.0
686.9193804016357	0.03650340000001506	epochs	3.0
686.9558838016358	0.07209899999998015	epochs	2.0
686.9558838016358	0.03619909999997617	epochs	3.0
686.9920829016357	0.03589990000000398	epochs	3.0
687.0279828016357	0.07092169999998532	epochs	2.0
687.0279828016357	0.03560560000005353	epochs	3.0
687.0635884016358	0.035316099999931794	epochs	3.0
687.0989045016357	0.06978200000003199	epochs	2.0
687.0989045016357	0.03503120000004856	epochs	3.0
687.1339357016358	0.03475079999998343	epochs	3.0
687.1686865016358	0.06867859999999837	epochs	2.0
687.1686865016358	0.03447510000000875	epochs	3.0
687.2031616016358	0.03420349999998962	epochs	3.0
687.2373651016358	0.06760929999995824	epochs	2.0
687.2373651016358	0.033936199999970995	epochs	3.0
687.2713013016357	0.033673099999987244	epochs	3.0
687.3049744016357	0.06657289999998284	epochs	2.0
687.3049744016357	0.03341399999999339	epochs	3.0
687.3383884016357	0.033158899999989444	epochs	3.0
687.3715473016357	0.06556780000005347	epochs	2.0
687.3715473016357	0.032907700000009754	epochs	3.0
687.4044550016357	0.03266010000004371	epochs	3.0
687.4371151016358	0.06459259999996902	epochs	2.0
687.4371151016358	0.032416399999988244	epochs	3.0
687.4695315016357	0.03217619999998078	epochs	3.0
687.5017077016357	0.06364600000006249	epochs	2.0
687.5017077016357	0.03193959999998697	epochs	3.0
687.5336473016357	0.03170640000007552	epochs	3.0
687.5653537016358	0.0627266999999847	epochs	2.0
687.5653537016358	0.031476599999905375	epochs	3.0
687.5968303016357	0.03125010000007933	epochs	3.0
687.6280804016358	0.06183359999999993	epochs	2.0
687.6280804016358	0.03102689999991526	epochs	3.0
687.6591073016357	0.030806700000084675	epochs	3.0
687.6899140016358	0.060965599999917686	epochs	2.0
687.6899140016358	0.030589799999916067	epochs	3.0
687.7205038016357	0.030375800000001618	epochs	3.0
687.7508796016357	0.06012160000000222	epochs	2.0
687.7508796016357	0.030164900000045236	epochs	3.0
687.7810445016357	0.02995669999995698	epochs	3.0
687.8110012016357	0.05930069999999432	epochs	2.0
687.8110012016357	0.029751600000054168	epochs	3.0
687.8407528016357	0.029549099999940154	epochs	3.0
687.8703019016357	0.05850180000004457	epochs	2.0
687.8703019016357	0.02934940000000097	epochs	3.0
687.8996513016357	0.0291524000000436	epochs	3.0
687.9288037016357	0.057724200000052406	epochs	2.0
687.9288037016357	0.028957999999988715	epochs	3.0
687.9577617016357	0.02876620000006369	epochs	3.0
687.9865279016358	0.05696709999995164	epochs	2.0
687.9865279016358	0.028576999999927466	epochs	3.0
688.0151049016357	0.028390100000024177	epochs	3.0
688.0434950016357	0.05622949999997218	epochs	2.0
688.0434950016357	0.028205700000057732	epochs	3.0
688.0717007016358	0.028023799999914445	epochs	3.0
688.0997245016357	0.05551070000001346	epochs	2.0
688.0997245016357	0.02784400000007281	epochs	3.0
688.1275685016358	0.027666699999940647	epochs	3.0
688.1552352016357	0.054810200000019904	epochs	2.0
688.1552352016357	0.02749149999999645	epochs	3.0
688.1827267016357	0.027318700000023455	epochs	3.0
688.2100454016357	0.05412699999999404	epochs	2.0
688.2100454016357	0.027147799999966082	epochs	3.0
688.2371932016357	0.02697920000002796	epochs	3.0
688.2641724016357	0.053460699999959616	epochs	2.0
688.2641724016357	0.0268125999999711	epochs	3.0
688.2909850016357	0.026648099999988517	epochs	3.0
688.3176331016357	0.05281070000000909	epochs	2.0
688.3176331016357	0.026485600000000886	epochs	3.0
688.3441187016357	0.026325100000008206	epochs	3.0
688.3704438016357	0.05217620000007628	epochs	2.0
688.3704438016357	0.026166400000079193	epochs	3.0
688.3966102016358	0.026009799999997085	epochs	3.0
688.4226200016358	0.051556699999991906	epochs	2.0
688.4226200016358	0.025854799999933675	epochs	3.0
688.4484748016357	0.02570190000005823	epochs	3.0
688.4741767016358	0.05095189999997274	epochs	2.0
688.4741767016358	0.025550699999939752	epochs	3.0
688.4997274016357	0.025401200000032986	epochs	3.0
688.5251286016357	0.05036099999995258	epochs	2.0
688.5251286016357	0.025253499999962514	epochs	3.0
688.5503821016357	0.02510749999999007	epochs	3.0
688.5754896016357	0.049783800000000156	epochs	2.0
688.5754896016357	0.02496320000000196	epochs	3.0
688.6004528016357	0.024820599999998194	epochs	3.0
688.6252734016357	0.049219500000049266	epochs	2.0
688.6252734016357	0.02467940000008184	epochs	3.0
688.6499528016358	0.024540099999967424	epochs	3.0
688.6744929016357	0.048667899999941255	epochs	2.0
688.6744929016357	0.02440209999997478	epochs	3.0
688.6988950016357	0.024265799999966475	epochs	3.0
688.7231608016357	0.04812860000004093	epochs	2.0
688.7231608016357	0.024131000000011227	epochs	3.0
688.7472918016357	0.023997600000029706	epochs	3.0
688.7712894016357	0.047601100000065344	epochs	2.0
688.7712894016357	0.023865800000066884	epochs	3.0
688.7951552016358	0.02373529999999846	epochs	3.0
688.8188905016358	0.04708499999992455	epochs	2.0
688.8188905016358	0.023606299999983094	epochs	3.0
688.8424968016358	0.023478699999941455	epochs	3.0
688.8659755016357	0.04658000000006268	epochs	2.0
688.8659755016357	0.02335249999998723	epochs	3.0
688.8893280016357	0.02322750000007545	epochs	3.0
688.9125555016358	0.04608569999993506	epochs	2.0
688.9125555016358	0.023103999999989355	epochs	3.0
688.9356595016358	0.022981699999945704	epochs	3.0
688.9586412016357	0.045601799999985815	epochs	2.0
688.9586412016357	0.022860700000023826	epochs	3.0
688.9815019016357	0.02274109999996199	epochs	3.0
689.0042430016357	0.04512790000001132	epochs	2.0
689.0042430016357	0.022622500000011314	epochs	3.0
689.0268655016357	0.02250540000000001	epochs	3.0
689.0493709016357	0.0446638000000803	epochs	2.0
689.0493709016357	0.02238929999998618	epochs	3.0
689.0717602016357	0.022274500000094122	epochs	3.0
689.0940347016358	0.04420919999995476	epochs	2.0
689.0940347016358	0.022160799999937808	epochs	3.0
689.1161955016357	0.022048400000016954	epochs	3.0
689.1382439016357	0.043763600000033875	epochs	2.0
689.1382439016357	0.021936900000014248	epochs	3.0
689.1601808016358	0.021826700000019628	epochs	3.0
689.1820075016358	0.04332709999994222	epochs	2.0
689.1820075016358	0.021717599999988124	epochs	3.0
689.2037251016358	0.021609499999954096	epochs	3.0
689.2253346016357	0.04289900000003399	epochs	2.0
689.2253346016357	0.02150249999999687	epochs	3.0
689.2468371016357	0.021396500000037122	epochs	3.0
689.2682336016358	0.042479500000013104	epochs	2.0
689.2682336016358	0.02129170000000613	epochs	3.0
689.2895253016358	0.021187800000006973	epochs	3.0
689.3107131016358	0.042067900000006375	epochs	2.0
689.3107131016358	0.02108490000000529	epochs	3.0
689.3317980016358	0.020983000000001084	epochs	3.0
689.3527810016358	0.04166439999994509	epochs	2.0
689.3527810016358	0.020882199999959994	epochs	3.0
689.3736632016357	0.020782199999985096	epochs	3.0
689.3944454016357	0.04126850000000104	epochs	2.0
689.3944454016357	0.020683299999973315	epochs	3.0
689.4151287016357	0.020585200000027726	epochs	3.0
689.4357139016357	0.04088000000001557	epochs	2.0
689.4357139016357	0.020488099999965925	epochs	3.0
689.4562020016357	0.020391900000049645	epochs	3.0
689.4765939016357	0.04049880000002304	epochs	2.0
689.4765939016357	0.020296600000051512	epochs	3.0
689.4968905016358	0.020202199999971526	epochs	3.0
689.5170927016358	0.04012460000001283	epochs	2.0
689.5170927016358	0.020108699999923374	epochs	3.0
689.5372014016357	0.02001590000008946	epochs	3.0
689.5572173016358	0.03975730000001931	epochs	2.0
689.5572173016358	0.019924199999991288	epochs	3.0
689.5771415016358	0.019833100000028026	epochs	3.0
689.5969746016358	0.03939669999999751	epochs	2.0
689.5969746016358	0.01974299999994855	epochs	3.0
689.6167176016357	0.019653700000048957	epochs	3.0
689.6363713016358	0.03904239999997117	epochs	2.0
689.6363713016358	0.019565099999908853	epochs	3.0
689.6559364016357	0.019477300000062314	epochs	3.0
689.6754137016358	0.03869459999998526	epochs	2.0
689.6754137016358	0.019390400000020236	epochs	3.0
689.6948041016358	0.01930419999996502	epochs	3.0
689.7141083016357	0.03835289999994984	epochs	2.0
689.7141083016357	0.019218799999976	epochs	3.0
689.7333271016357	0.01913409999997384	epochs	3.0
689.7524612016357	0.03801720000001296	epochs	2.0
689.7524612016357	0.019050200000037876	epochs	3.0
689.7715114016357	0.018966999999975087	epochs	3.0
689.7904784016357	0.037687200000050325	epochs	2.0
689.7904784016357	0.01888450000001285	epochs	3.0
689.8093629016357	0.018802700000037476	epochs	3.0
689.8281656016358	0.03736309999999321	epochs	2.0
689.8281656016358	0.018721700000014607	epochs	3.0
689.8468873016358	0.018641399999978603	epochs	3.0
689.8655287016358	0.03704429999993408	epochs	2.0
689.8655287016358	0.01856159999999818	epochs	3.0
689.8840903016358	0.018482699999935903	epochs	3.0
689.9025730016357	0.0367310000000316	epochs	2.0
689.9025730016357	0.018404300000042895	epochs	3.0
689.9209773016357	0.018326699999988705	epochs	3.0
689.9393040016357	0.036422900000047775	epochs	2.0
689.9393040016357	0.018249599999990096	epochs	3.0
689.9575536016357	0.01817330000005768	epochs	3.0
689.9757269016358	0.03612009999994825	epochs	2.0
689.9757269016358	0.0180976000000328	epochs	3.0
689.9938245016358	0.018022499999915453	epochs	3.0
690.0118470016357	0.03582210000001851	epochs	2.0
690.0118470016357	0.017947900000081063	epochs	3.0
690.0297949016358	0.017874199999937446	epochs	3.0
690.0476691016357	0.03552899999999681	epochs	2.0
690.0476691016357	0.017800800000031813	epochs	3.0
690.0654699016358	0.017728199999965	epochs	3.0
690.0831981016357	0.03524070000003121	epochs	2.0
690.0831981016357	0.017656099999953767	epochs	3.0
690.1008542016357	0.017584600000077444	epochs	3.0
690.1184388016358	0.03495709999992869	epochs	2.0
690.1184388016358	0.01751369999999497	epochs	3.0
690.1359525016358	0.017443399999933717	epochs	3.0
690.1533959016357	0.03467790000001969	epochs	2.0
690.1533959016357	0.017373600000041733	epochs	3.0
690.1707695016357	0.017304299999977957	epochs	3.0
690.1880738016357	0.03440330000000813	epochs	2.0
690.1880738016357	0.01723570000001473	epochs	3.0
690.2053095016357	0.0171675999999934	epochs	3.0
690.2224771016357	0.0341328000000658	epochs	2.0
690.2224771016357	0.017099900000062007	epochs	3.0
690.2395770016358	0.017032900000003792	epochs	3.0
690.2566099016358	0.033866699999975935	epochs	2.0
690.2566099016358	0.01696640000000116	epochs	3.0
690.2735763016358	0.016900299999974777	epochs	3.0
690.2904766016358	0.03360459999998966	epochs	2.0
690.2904766016358	0.01683479999996962	epochs	3.0
690.3073114016357	0.01676980000002004	epochs	3.0
690.3240812016357	0.033346599999958926	epochs	2.0
690.3240812016357	0.016705300000012357	epochs	3.0
690.3407865016358	0.01664129999994657	epochs	3.0
690.3574278016357	0.03309250000006614	epochs	2.0
690.3574278016357	0.016577800000050047	epochs	3.0
690.3740056016358	0.01651470000001609	epochs	3.0
690.3905203016358	0.03284229999997024	epochs	2.0
690.3905203016358	0.01645220000000336	epochs	3.0
690.4069725016358	0.01639009999996688	epochs	3.0
690.4233626016357	0.03259570000000167	epochs	2.0
690.4233626016357	0.016328400000020338	epochs	3.0
690.4396910016358	0.016267299999981333	epochs	3.0
690.4559583016357	0.032352899999978035	epochs	2.0
690.4559583016357	0.016206600000032267	epochs	3.0
690.4721649016358	0.016146299999945768	epochs	3.0
690.4883112016357	0.03211369999996805	epochs	2.0
690.4883112016357	0.016086599999994178	epochs	3.0
690.5043978016357	0.01602709999997387	epochs	3.0
690.5204249016357	0.03187800000000607	epochs	2.0
690.5204249016357	0.015968200000088473	epochs	3.0
690.5363931016358	0.015909799999917595	epochs	3.0
690.5523029016357	0.031645700000012766	epochs	2.0
690.5523029016357	0.01585160000001906	epochs	3.0
690.5681545016357	0.015794099999993705	epochs	3.0
690.5839486016357	0.0314167000000225	epochs	2.0
690.5839486016357	0.015736700000047676	epochs	3.0
690.5996853016358	0.015679999999974825	epochs	3.0
690.6153653016357	0.031191100000000915	epochs	2.0
690.6153653016357	0.015623600000026272	epochs	3.0
690.6309889016358	0.015567499999974643	epochs	3.0
690.6465564016357	0.030968700000016725	epochs	2.0
690.6465564016357	0.015512000000057924	epochs	3.0
690.6620684016358	0.0154566999999588	epochs	3.0
690.6775251016358	0.030749499999956242	epochs	2.0
690.6775251016358	0.015401999999994587	epochs	3.0
690.6929271016357	0.015347499999961656	epochs	3.0
690.7082746016357	0.03053320000003623	epochs	2.0
690.7082746016357	0.015293400000018664	epochs	3.0
690.7235680016357	0.015239800000017567	epochs	3.0
690.7388078016357	0.03032010000003993	epochs	2.0
690.7388078016357	0.015186500000027081	epochs	3.0
690.7539943016358	0.015133600000012848	epochs	3.0
690.7691279016358	0.030109899999956724	epochs	2.0
690.7691279016358	0.015081000000009226	epochs	3.0
690.7842089016358	0.015028899999947498	epochs	3.0
690.7992378016357	0.02990250000004835	epochs	2.0
690.7992378016357	0.014977000000044427	epochs	3.0
690.8142148016358	0.014925500000003922	epochs	3.0
690.8291403016358	0.029698099999905025	epochs	2.0
690.8291403016358	0.01487439999993967	epochs	3.0
690.8440147016357	0.014823699999965356	epochs	3.0
690.8588384016357	0.02949630000000525	epochs	2.0
690.8588384016357	0.014773200000036013	epochs	3.0
690.8736116016357	0.014723099999969236	epochs	3.0
690.8883347016357	0.02929740000001857	epochs	2.0
690.8883347016357	0.014673399999992398	epochs	3.0
690.9030081016357	0.014624000000026172	epochs	3.0
690.9176321016357	0.029101100000048064	epochs	2.0
690.9176321016357	0.014574900000070556	epochs	3.0
690.9322070016358	0.014526199999977507	epochs	3.0
690.9467332016358	0.028907399999980044	epochs	2.0
690.9467332016358	0.014477699999929428	epochs	3.0
690.9612109016357	0.014429700000050616	epochs	3.0
690.9756406016357	0.028716199999962555	epochs	2.0
690.9756406016357	0.014381800000023759	epochs	3.0
690.9900224016358	0.014334399999938796	epochs	3.0
691.0043568016357	0.028527600000074926	epochs	2.0
691.0043568016357	0.01428720000001249	epochs	3.0
691.0186440016357	0.014240400000062436	epochs	3.0
691.0328844016358	0.028341399999931127	epochs	2.0
691.0328844016358	0.014193799999929979	epochs	3.0
691.0470782016357	0.014147600000001148	epochs	3.0
691.0612258016357	0.028157700000065233	epochs	2.0
691.0612258016357	0.014101699999969242	epochs	3.0
691.0753275016357	0.014056000000095992	epochs	3.0
691.0893835016358	0.027976299999977527	epochs	2.0
691.0893835016358	0.01401060000000598	epochs	3.0
691.1033941016358	0.013965699999971548	epochs	3.0
691.1173598016358	0.02779720000000907	epochs	2.0
691.1173598016358	0.013920799999937117	epochs	3.0
691.1312806016357	0.013876400000071953	epochs	3.0
691.1451570016358	0.027620399999932488	epochs	2.0
691.1451570016358	0.013832200000024386	epochs	3.0
691.1589892016358	0.013788199999908102	epochs	3.0
691.1727774016357	0.02744590000008884	epochs	2.0
691.1727774016357	0.013744599999995444	epochs	3.0
691.1865220016357	0.013701300000093397	epochs	3.0
691.2002233016358	0.027273499999978412	epochs	2.0
691.2002233016358	0.013658200000008947	epochs	3.0
691.2138815016358	0.013615299999969466	epochs	3.0
691.2274968016358	0.027103399999987232	epochs	2.0
691.2274968016358	0.013572800000019924	epochs	3.0
691.2410696016358	0.013530599999967308	epochs	3.0
691.2546002016358	0.02693520000002536	epochs	2.0
691.2546002016358	0.013488400000028378	epochs	3.0
691.2680886016358	0.013446799999996983	epochs	3.0
691.2815354016358	0.026769199999989723	epochs	2.0
691.2815354016358	0.013405199999965589	epochs	3.0
691.2949406016357	0.013364000000024134	epochs	3.0
691.3083046016358	0.026605199999949036	epochs	2.0
691.3083046016358	0.013322899999934634	epochs	3.0
691.3216275016357	0.013282300000014402	epochs	3.0
691.3349098016357	0.026443200000016986	epochs	2.0
691.3349098016357	0.013241699999980483	epochs	3.0
691.3481515016357	0.013201500000036503	epochs	3.0
691.3613530016357	0.0262831999999662	epochs	2.0
691.3613530016357	0.013161500000023807	epochs	3.0
691.3745145016358	0.013121699999942393	epochs	3.0
691.3876362016357	0.02612500000009277	epochs	2.0
691.3876362016357	0.013082100000019636	epochs	3.0
691.4007183016357	0.013042900000073132	epochs	3.0
691.4137612016358	0.025968899999952555	epochs	2.0
691.4137612016358	0.013003899999944224	epochs	3.0
691.4267651016357	0.012965000000008331	epochs	3.0
691.4397301016357	0.025814500000024054	epochs	2.0
691.4397301016357	0.012926399999969362	epochs	3.0
691.4526565016357	0.012888100000054692	epochs	3.0
691.4655446016358	0.025661899999931848	epochs	2.0
691.4655446016358	0.012849899999991976	epochs	3.0
691.4783945016358	0.012811999999939871	epochs	3.0
691.4912065016357	0.025511200000096323	epochs	2.0
691.4912065016357	0.012774400000012065	epochs	3.0
691.5039809016357	0.012736800000084258	epochs	3.0
691.5167177016358	0.025362299999983406	epochs	2.0
691.5167177016358	0.01269969999998466	epochs	3.0
691.5294174016358	0.012662599999998747	epochs	3.0
691.5420800016358	0.025215000000002874	epochs	2.0
691.5420800016358	0.01262579999990976	epochs	3.0
691.5547058016357	0.012589200000093115	epochs	3.0
691.5672950016358	0.024584799999956886	epochs	2.0
691.5898523016357	0.5	epochs	-1.0
691.5918798016357	0.531439999999975	epochs	1.0
692.1233198016357	0.46847999999999956	epochs	0.0
702.2820000648499	0.1088799999999992	epochs	0.0
702.2820000648499	0.04944239999997535	epochs	1.0
702.3314424648498	0.009995200000048499	epochs	1.0
702.3414376648499	0.04944239999997535	epochs	1.0
702.3908800648499	2.0	epochs	0.0
704.3908800648499	5.391359999999963	epochs	0.0
704.3908800648499	1.0	epochs	1.0
704.3909325648499	0.5	epochs	-1.0
704.8909325648499	4.891307499999925	epochs	-1.0
705.3908800648499	4.391359999999963	epochs	1.0
705.3908800648499	4.356753900000058	epochs	-1.0
705.3908800648499	1.9745871999999736	epochs	2.0
705.3908800648499	1.0985621999999466	epochs	3.0
706.4894422648498	0.8760250000000269	epochs	3.0
707.3654672648498	1.3524075000000266	epochs	2.0
707.3654672648498	0.7286354999999958	epochs	3.0
708.0941027648498	0.6237720000000309	epochs	3.0
708.7178747648499	1.0297592000000577	epochs	2.0
708.7178747648499	0.5453293000000485	epochs	3.0
709.2632040648499	0.4844299000000092	epochs	3.0
709.7476339648499	0.03460609999990538	epochs	2.0
709.7476339648499	0.03460609999990538	epochs	3.0
709.7822400648498	16.60856000000001	epochs	0.0
710.7079997062683	0.1088799999999992	epochs	0.0
710.7079997062683	0.04944239999997535	epochs	1.0
710.7574421062683	0.009995200000048499	epochs	1.0
710.7674373062683	0.04944239999997535	epochs	1.0
710.8168797062683	2.0	epochs	0.0
712.8168797062683	21.51048000000003	epochs	0.0
712.8168797062683	1.0	epochs	1.0
712.8169322062683	0.5	epochs	-1.0
713.3169322062683	19.99863999999991	epochs	-1.0
713.8168797062683	20.0	epochs	1.0
713.8168797062683	4.356753900000058	epochs	-1.0
713.8168797062683	1.9745871999999736	epochs	2.0
713.8168797062683	1.0985621999999466	epochs	3.0
714.9154419062683	0.8760250000000269	epochs	3.0
715.7914669062683	1.3524075000000266	epochs	2.0
715.7914669062683	0.7286354999999958	epochs	3.0
716.5201024062683	0.6237720000000309	epochs	3.0
717.1438744062683	1.0297592000000577	epochs	2.0
717.1438744062683	0.5453293000000485	epochs	3.0
717.6892037062684	0.4844299000000092	epochs	3.0
718.1736336062684	0.8317861999998968	epochs	2.0
718.1736336062684	0.4357762999999295	epochs	3.0
718.6094099062683	0.3960098999999673	epochs	3.0
719.0054198062683	0.6977970000000369	epochs	2.0
719.0054198062683	0.3628982000000178	epochs	3.0
719.3683180062683	0.33489880000001904	epochs	3.0
719.7032168062683	0.601045699999986	epochs	2.0
719.7032168062683	0.3109123000000409	epochs	3.0
720.0141291062683	0.29013339999994514	epochs	3.0
720.3042625062683	0.5278859000000011	epochs	2.0
720.3042625062683	0.2719586000000618	epochs	3.0
720.5762211062683	0.25592729999993935	epochs	3.0
720.8321484062683	0.4706193000000667	epochs	2.0
720.8321484062683	0.241681299999982	epochs	3.0
721.0738297062683	0.22893800000008468	epochs	3.0
721.3027677062684	0.42457039999999324	epochs	2.0
721.3027677062684	0.2174713999999085	epochs	3.0
721.5202391062683	0.20709900000008474	epochs	3.0
721.7273381062683	0.3867353999999068	epochs	2.0
721.7273381062683	0.19767109999997956	epochs	3.0
721.9250092062683	0.18906429999992724	epochs	3.0
722.1140735062683	0.3550953000000163	epochs	2.0
722.1140735062683	0.18117590000008477	epochs	3.0
722.2952494062683	0.17391939999993156	epochs	3.0
722.4691688062683	0.3282431000000088	epochs	2.0
722.4691688062683	0.1672219000000723	epochs	3.0
722.6363907062683	0.16102119999993647	epochs	3.0
722.7974119062683	0.30516799999998057	epochs	2.0
722.7974119062683	0.15526390000002266	epochs	3.0
722.9526758062683	0.1499040999999579	epochs	3.0
723.1025799062683	0.28512530000000424	epochs	2.0
723.1025799062683	0.1449021000000812	epochs	3.0
723.2474820062683	0.14022319999992305	epochs	3.0
723.3877052062683	0.267553800000087	epochs	2.0
723.3877052062683	0.1358369000000721	epochs	3.0
723.5235421062683	0.1317169000000149	epochs	3.0
723.6552590062684	0.252022899999929	epochs	2.0
723.6552590062684	0.1278393000000051	epochs	3.0
723.7830983062684	0.1241835999999239	epochs	3.0
723.9072819062683	0.23819650000007186	epochs	2.0
723.9072819062683	0.12073110000005727	epochs	3.0
724.0280130062683	0.1174654000000146	epochs	3.0
724.1454784062684	0.2258087999999816	epochs	2.0
724.1454784062684	0.1143718999999237	epochs	3.0
724.2598503062683	0.1114369000000579	epochs	3.0
724.3712872062683	0.2146460000000161	epochs	2.0
724.3712872062683	0.10864889999993466	epochs	3.0
724.4799361062683	0.10599710000008145	epochs	3.0
724.5859332062684	0.20453499999996438	epochs	2.0
724.5859332062684	0.10347149999995509	epochs	3.0
724.6894047062683	0.1010635000000093	epochs	3.0
724.7904682062683	0.19533400000000256	epochs	2.0
724.7904682062683	0.09876510000003691	epochs	3.0
724.8892333062684	0.09656889999996565	epochs	3.0
724.9858022062683	0.18692529999998442	epochs	2.0
724.9858022062683	0.09446830000001682	epochs	3.0
725.0802705062683	0.09245699999996759	epochs	3.0
725.1727275062683	0.17921069999999872	epochs	2.0
725.1727275062683	0.09052959999996801	epochs	3.0
725.2632571062683	0.08868110000003071	epochs	3.0
725.3519382062683	0.17210769999996955	epochs	2.0
725.3519382062683	0.08690630000000965	epochs	3.0
725.4388445062683	0.0852013999999599	epochs	3.0
725.5240459062683	0.16554640000003928	epochs	2.0
725.5240459062683	0.08356190000006336	epochs	3.0
725.6076078062683	0.08198449999997592	epochs	3.0
725.6895923062683	0.15946710000002895	epochs	2.0
725.6895923062683	0.08046539999998004	epochs	3.0
725.7700577062683	0.07900170000004891	epochs	3.0
725.8490594062683	0.15381839999997737	epochs	2.0
725.8490594062683	0.07759009999995214	epochs	3.0
725.9266495062683	0.07622830000002523	epochs	3.0
726.0028778062683	0.14855639999996129	epochs	2.0
726.0028778062683	0.07491330000004837	epochs	3.0
726.0777911062684	0.07364309999991292	epochs	3.0
726.1514342062683	0.14364240000008976	epochs	2.0
726.1514342062683	0.07241499999997814	epochs	3.0
726.2238492062683	0.07122740000011163	epochs	3.0
726.2950766062684	0.13904309999998077	epochs	2.0
726.2950766062684	0.07007799999996678	epochs	3.0
726.3651546062683	0.06896510000001399	epochs	3.0
726.4341197062683	0.1347293000000036	epochs	2.0
726.4341197062683	0.0678871000000072	epochs	3.0
726.5020068062684	0.06684219999999641	epochs	3.0
726.5688490062684	0.13067519999992783	epochs	2.0
726.5688490062684	0.06582909999997355	epochs	3.0
726.6346781062683	0.06484609999995428	epochs	3.0
726.6995242062683	0.12685780000003888	epochs	2.0
726.6995242062683	0.06389200000000983	epochs	3.0
726.7634162062683	0.06296580000002905	epochs	3.0
726.8263820062683	0.12325720000001184	epochs	2.0
726.8263820062683	0.06206580000002759	epochs	3.0
726.8884478062683	0.06119139999998424	epochs	3.0
726.9496392062683	0.11985540000000583	epochs	2.0
726.9496392062683	0.060341099999959624	epochs	3.0
727.0099803062683	0.059514300000046205	epochs	3.0
727.0694946062683	0.11663620000001629	epochs	2.0
727.0694946062683	0.058709599999929196	epochs	3.0
727.1282042062683	0.05792660000008709	epochs	3.0
727.1861308062684	0.11358559999996487	epochs	2.0
727.1861308062684	0.05716419999998834	epochs	3.0
727.2432950062683	0.05642139999997653	epochs	3.0
727.2997164062683	0.11069050000003244	epochs	2.0
727.2997164062683	0.055697900000041045	epochs	3.0
727.3554143062684	0.0549925999999914	epochs	3.0
727.4104069062683	0.10793909999995321	epochs	2.0
727.4104069062683	0.05430489999992005	epochs	3.0
727.4647118062683	0.05363420000003316	epochs	3.0
727.5183460062683	0.10532150000005913	epochs	2.0
727.5183460062683	0.05298000000004777	epochs	3.0
727.5713260062684	0.052341500000011365	epochs	3.0
727.6236675062684	0.10282759999995505	epochs	2.0
727.6236675062684	0.051718099999902734	epochs	3.0
727.6753856062683	0.05110950000005232	epochs	3.0
727.7264951062683	0.10044909999999163	epochs	2.0
727.7264951062683	0.05051489999993919	epochs	3.0
727.7770100062683	0.04993420000005244	epochs	3.0
727.8269442062683	0.0981782999999723	epochs	2.0
727.8269442062683	0.04936659999998483	epochs	3.0
727.8763108062683	0.04881169999998747	epochs	3.0
727.9251225062683	0.09600780000005216	epochs	2.0
727.9251225062683	0.04826920000004975	epochs	3.0
727.9733917062683	0.04773860000000241	epochs	3.0
728.0211303062683	0.09393119999992905	epochs	2.0
728.0211303062683	0.04721949999998287	epochs	3.0
728.0683498062683	0.04671169999994618	epochs	3.0
728.1150615062683	0.09194260000003851	epochs	2.0
728.1150615062683	0.04621460000009847	epochs	3.0
728.1612761062684	0.04572799999994004	epochs	3.0
728.2070041062683	0.09003630000006524	epochs	2.0
728.2070041062683	0.04525150000006306	epochs	3.0
728.2522556062684	0.04478480000000218	epochs	3.0
728.2970404062684	0.08820759999991878	epochs	2.0
728.2970404062684	0.04432779999990544	epochs	3.0
728.3413682062683	0.04387980000001335	epochs	3.0
728.3852480062683	0.0864516999999978	epochs	2.0
728.3852480062683	0.04344100000002982	epochs	3.0
728.4286890062683	0.04301069999996798	epochs	3.0
728.4716997062683	0.0847643000000744	epochs	2.0
728.4716997062683	0.04258900000002086	epochs	3.0
728.5142887062683	0.04217530000005354	epochs	3.0
728.5564640062684	0.08314149999989695	epochs	2.0
728.5564640062684	0.041769699999917975	epochs	3.0
728.5982337062683	0.041371799999978975	epochs	3.0
728.6396055062683	0.08157970000002024	epochs	2.0
728.6396055062683	0.04098140000007788	epochs	3.0
728.6805869062683	0.040598299999942355	epochs	3.0
728.7211852062683	0.08007550000002084	epochs	2.0
728.7211852062683	0.04022229999998217	epochs	3.0
728.7614075062683	0.03985320000003867	epochs	3.0
728.8012607062683	0.07862569999997504	epochs	2.0
728.8012607062683	0.039490800000066884	epochs	3.0
728.8407515062684	0.03913489999990816	epochs	3.0
728.8798864062683	0.07722760000001472	epochs	2.0
728.8798864062683	0.038785400000051595	epochs	3.0
728.9186718062683	0.03844219999996312	epochs	3.0
728.9571140062683	0.07587820000003376	epochs	2.0
728.9571140062683	0.038104800000041905	epochs	3.0
728.9952188062683	0.03777339999999185	epochs	3.0
729.0329922062683	0.0745752000000266	epochs	2.0
729.0329922062683	0.03744770000002973	epochs	3.0
729.0704399062683	0.03712749999999687	epochs	3.0
729.1075674062683	0.07331629999998768	epochs	2.0
729.1075674062683	0.036812899999972615	epochs	3.0
729.1443803062683	0.03650340000001506	epochs	3.0
729.1808837062683	0.07209899999998015	epochs	2.0
729.1808837062683	0.03619909999997617	epochs	3.0
729.2170828062683	0.03589990000000398	epochs	3.0
729.2529827062683	0.07092169999998532	epochs	2.0
729.2529827062683	0.03560560000005353	epochs	3.0
729.2885883062684	0.035316099999931794	epochs	3.0
729.3239044062683	0.06978200000003199	epochs	2.0
729.3239044062683	0.03503120000004856	epochs	3.0
729.3589356062683	0.03475079999998343	epochs	3.0
729.3936864062683	0.06867859999999837	epochs	2.0
729.3936864062683	0.03447510000000875	epochs	3.0
729.4281615062683	0.03420349999998962	epochs	3.0
729.4623650062683	0.06760929999995824	epochs	2.0
729.4623650062683	0.033936199999970995	epochs	3.0
729.4963012062683	0.033673099999987244	epochs	3.0
729.5299743062683	0.06657289999998284	epochs	2.0
729.5299743062683	0.03341399999999339	epochs	3.0
729.5633883062683	0.033158899999989444	epochs	3.0
729.5965472062683	0.06556780000005347	epochs	2.0
729.5965472062683	0.032907700000009754	epochs	3.0
729.6294549062683	0.03266010000004371	epochs	3.0
729.6621150062683	0.06459259999996902	epochs	2.0
729.6621150062683	0.032416399999988244	epochs	3.0
729.6945314062683	0.03217619999998078	epochs	3.0
729.7267076062683	0.06364600000006249	epochs	2.0
729.7267076062683	0.03193959999998697	epochs	3.0
729.7586472062683	0.03170640000007552	epochs	3.0
729.7903536062684	0.0627266999999847	epochs	2.0
729.7903536062684	0.031476599999905375	epochs	3.0
729.8218302062683	0.03125010000007933	epochs	3.0
729.8530803062683	0.06183359999999993	epochs	2.0
729.8530803062683	0.03102689999991526	epochs	3.0
729.8841072062683	0.030806700000084675	epochs	3.0
729.9149139062683	0.060965599999917686	epochs	2.0
729.9149139062683	0.030589799999916067	epochs	3.0
729.9455037062683	0.030375800000001618	epochs	3.0
729.9758795062683	0.06012160000000222	epochs	2.0
729.9758795062683	0.030164900000045236	epochs	3.0
730.0060444062683	0.02995669999995698	epochs	3.0
730.0360011062683	0.05930069999999432	epochs	2.0
730.0360011062683	0.029751600000054168	epochs	3.0
730.0657527062683	0.029549099999940154	epochs	3.0
730.0953018062683	0.05850180000004457	epochs	2.0
730.0953018062683	0.02934940000000097	epochs	3.0
730.1246512062683	0.0291524000000436	epochs	3.0
730.1538036062683	0.057724200000052406	epochs	2.0
730.1538036062683	0.028957999999988715	epochs	3.0
730.1827616062683	0.02876620000006369	epochs	3.0
730.2115278062684	0.05696709999995164	epochs	2.0
730.2115278062684	0.028576999999927466	epochs	3.0
730.2401048062683	0.028390100000024177	epochs	3.0
730.2684949062683	0.05622949999997218	epochs	2.0
730.2684949062683	0.028205700000057732	epochs	3.0
730.2967006062684	0.028023799999914445	epochs	3.0
730.3247244062683	0.05551070000001346	epochs	2.0
730.3247244062683	0.02784400000007281	epochs	3.0
730.3525684062683	0.027666699999940647	epochs	3.0
730.3802351062683	0.054810200000019904	epochs	2.0
730.3802351062683	0.02749149999999645	epochs	3.0
730.4077266062683	0.027318700000023455	epochs	3.0
730.4350453062683	0.05412699999999404	epochs	2.0
730.4350453062683	0.027147799999966082	epochs	3.0
730.4621931062683	0.02697920000002796	epochs	3.0
730.4891723062683	0.053460699999959616	epochs	2.0
730.4891723062683	0.0268125999999711	epochs	3.0
730.5159849062683	0.026648099999988517	epochs	3.0
730.5426330062683	0.05281070000000909	epochs	2.0
730.5426330062683	0.026485600000000886	epochs	3.0
730.5691186062683	0.026325100000008206	epochs	3.0
730.5954437062683	0.05217620000007628	epochs	2.0
730.5954437062683	0.026166400000079193	epochs	3.0
730.6216101062683	0.026009799999997085	epochs	3.0
730.6476199062683	0.051556699999991906	epochs	2.0
730.6476199062683	0.025854799999933675	epochs	3.0
730.6734747062683	0.02570190000005823	epochs	3.0
730.6991766062683	0.05095189999997274	epochs	2.0
730.6991766062683	0.025550699999939752	epochs	3.0
730.7247273062683	0.025401200000032986	epochs	3.0
730.7501285062683	0.05036099999995258	epochs	2.0
730.7501285062683	0.025253499999962514	epochs	3.0
730.7753820062683	0.02510749999999007	epochs	3.0
730.8004895062683	0.049783800000000156	epochs	2.0
730.8004895062683	0.02496320000000196	epochs	3.0
730.8254527062683	0.024820599999998194	epochs	3.0
730.8502733062683	0.049219500000049266	epochs	2.0
730.8502733062683	0.02467940000008184	epochs	3.0
730.8749527062683	0.024540099999967424	epochs	3.0
730.8994928062683	0.048667899999941255	epochs	2.0
730.8994928062683	0.02440209999997478	epochs	3.0
730.9238949062683	0.024265799999966475	epochs	3.0
730.9481607062683	0.04812860000004093	epochs	2.0
730.9481607062683	0.024131000000011227	epochs	3.0
730.9722917062683	0.023997600000029706	epochs	3.0
730.9962893062683	0.047601100000065344	epochs	2.0
730.9962893062683	0.023865800000066884	epochs	3.0
731.0201551062684	0.02373529999999846	epochs	3.0
731.0438904062684	0.04708499999992455	epochs	2.0
731.0438904062684	0.023606299999983094	epochs	3.0
731.0674967062683	0.023478699999941455	epochs	3.0
731.0909754062683	0.04658000000006268	epochs	2.0
731.0909754062683	0.02335249999998723	epochs	3.0
731.1143279062683	0.02322750000007545	epochs	3.0
731.1375554062683	0.04608569999993506	epochs	2.0
731.1375554062683	0.023103999999989355	epochs	3.0
731.1606594062683	0.022981699999945704	epochs	3.0
731.1836411062683	0.045601799999985815	epochs	2.0
731.1836411062683	0.022860700000023826	epochs	3.0
731.2065018062683	0.02274109999996199	epochs	3.0
731.2292429062683	0.04512790000001132	epochs	2.0
731.2292429062683	0.022622500000011314	epochs	3.0
731.2518654062683	0.02250540000000001	epochs	3.0
731.2743708062683	0.0446638000000803	epochs	2.0
731.2743708062683	0.02238929999998618	epochs	3.0
731.2967601062683	0.022274500000094122	epochs	3.0
731.3190346062684	0.04420919999995476	epochs	2.0
731.3190346062684	0.022160799999937808	epochs	3.0
731.3411954062683	0.022048400000016954	epochs	3.0
731.3632438062683	0.043763600000033875	epochs	2.0
731.3632438062683	0.021936900000014248	epochs	3.0
731.3851807062683	0.021826700000019628	epochs	3.0
731.4070074062683	0.04332709999994222	epochs	2.0
731.4070074062683	0.021717599999988124	epochs	3.0
731.4287250062683	0.021609499999954096	epochs	3.0
731.4503345062683	0.04289900000003399	epochs	2.0
731.4503345062683	0.02150249999999687	epochs	3.0
731.4718370062683	0.021396500000037122	epochs	3.0
731.4932335062683	0.042479500000013104	epochs	2.0
731.4932335062683	0.02129170000000613	epochs	3.0
731.5145252062683	0.021187800000006973	epochs	3.0
731.5357130062683	0.042067900000006375	epochs	2.0
731.5357130062683	0.02108490000000529	epochs	3.0
731.5567979062683	0.020983000000001084	epochs	3.0
731.5777809062683	0.04166439999994509	epochs	2.0
731.5777809062683	0.020882199999959994	epochs	3.0
731.5986631062683	0.020782199999985096	epochs	3.0
731.6194453062683	0.04126850000000104	epochs	2.0
731.6194453062683	0.020683299999973315	epochs	3.0
731.6401286062683	0.020585200000027726	epochs	3.0
731.6607138062683	0.04088000000001557	epochs	2.0
731.6607138062683	0.020488099999965925	epochs	3.0
731.6812019062683	0.020391900000049645	epochs	3.0
731.7015938062683	0.04049880000002304	epochs	2.0
731.7015938062683	0.020296600000051512	epochs	3.0
731.7218904062684	0.020202199999971526	epochs	3.0
731.7420926062683	0.04012460000001283	epochs	2.0
731.7420926062683	0.020108699999923374	epochs	3.0
731.7622013062683	0.02001590000008946	epochs	3.0
731.7822172062683	0.03975730000001931	epochs	2.0
731.7822172062683	0.019924199999991288	epochs	3.0
731.8021414062683	0.019833100000028026	epochs	3.0
731.8219745062684	0.03939669999999751	epochs	2.0
731.8219745062684	0.01974299999994855	epochs	3.0
731.8417175062683	0.019653700000048957	epochs	3.0
731.8613712062684	0.03904239999997117	epochs	2.0
731.8613712062684	0.019565099999908853	epochs	3.0
731.8809363062683	0.019477300000062314	epochs	3.0
731.9004136062683	0.03869459999998526	epochs	2.0
731.9004136062683	0.019390400000020236	epochs	3.0
731.9198040062684	0.01930419999996502	epochs	3.0
731.9391082062683	0.03835289999994984	epochs	2.0
731.9391082062683	0.019218799999976	epochs	3.0
731.9583270062683	0.01913409999997384	epochs	3.0
731.9774611062683	0.03801720000001296	epochs	2.0
731.9774611062683	0.019050200000037876	epochs	3.0
731.9965113062683	0.018966999999975087	epochs	3.0
732.0154783062683	0.037687200000050325	epochs	2.0
732.0154783062683	0.01888450000001285	epochs	3.0
732.0343628062683	0.018802700000037476	epochs	3.0
732.0531655062683	0.03736309999999321	epochs	2.0
732.0531655062683	0.018721700000014607	epochs	3.0
732.0718872062683	0.018641399999978603	epochs	3.0
732.0905286062683	0.03704429999993408	epochs	2.0
732.0905286062683	0.01856159999999818	epochs	3.0
732.1090902062683	0.018482699999935903	epochs	3.0
732.1275729062683	0.0367310000000316	epochs	2.0
732.1275729062683	0.018404300000042895	epochs	3.0
732.1459772062683	0.018326699999988705	epochs	3.0
732.1643039062683	0.036422900000047775	epochs	2.0
732.1643039062683	0.018249599999990096	epochs	3.0
732.1825535062683	0.01817330000005768	epochs	3.0
732.2007268062683	0.03612009999994825	epochs	2.0
732.2007268062683	0.0180976000000328	epochs	3.0
732.2188244062684	0.018022499999915453	epochs	3.0
732.2368469062683	0.03582210000001851	epochs	2.0
732.2368469062683	0.017947900000081063	epochs	3.0
732.2547948062684	0.017874199999937446	epochs	3.0
732.2726690062683	0.03552899999999681	epochs	2.0
732.2726690062683	0.017800800000031813	epochs	3.0
732.2904698062683	0.017728199999965	epochs	3.0
732.3081980062683	0.03524070000003121	epochs	2.0
732.3081980062683	0.017656099999953767	epochs	3.0
732.3258541062683	0.017584600000077444	epochs	3.0
732.3434387062683	0.03495709999992869	epochs	2.0
732.3434387062683	0.01751369999999497	epochs	3.0
732.3609524062683	0.017443399999933717	epochs	3.0
732.3783958062683	0.03467790000001969	epochs	2.0
732.3783958062683	0.017373600000041733	epochs	3.0
732.3957694062683	0.017304299999977957	epochs	3.0
732.4130737062683	0.03440330000000813	epochs	2.0
732.4130737062683	0.01723570000001473	epochs	3.0
732.4303094062683	0.0171675999999934	epochs	3.0
732.4474770062683	0.0341328000000658	epochs	2.0
732.4474770062683	0.017099900000062007	epochs	3.0
732.4645769062683	0.017032900000003792	epochs	3.0
732.4816098062684	0.033866699999975935	epochs	2.0
732.4816098062684	0.01696640000000116	epochs	3.0
732.4985762062684	0.016900299999974777	epochs	3.0
732.5154765062683	0.03360459999998966	epochs	2.0
732.5154765062683	0.01683479999996962	epochs	3.0
732.5323113062683	0.01676980000002004	epochs	3.0
732.5490811062683	0.033346599999958926	epochs	2.0
732.5490811062683	0.016705300000012357	epochs	3.0
732.5657864062683	0.01664129999994657	epochs	3.0
732.5824277062683	0.03309250000006614	epochs	2.0
732.5824277062683	0.016577800000050047	epochs	3.0
732.5990055062683	0.01651470000001609	epochs	3.0
732.6155202062683	0.03284229999997024	epochs	2.0
732.6155202062683	0.01645220000000336	epochs	3.0
732.6319724062683	0.01639009999996688	epochs	3.0
732.6483625062683	0.03259570000000167	epochs	2.0
732.6483625062683	0.016328400000020338	epochs	3.0
732.6646909062683	0.016267299999981333	epochs	3.0
732.6809582062683	0.032352899999978035	epochs	2.0
732.6809582062683	0.016206600000032267	epochs	3.0
732.6971648062683	0.016146299999945768	epochs	3.0
732.7133111062683	0.03211369999996805	epochs	2.0
732.7133111062683	0.016086599999994178	epochs	3.0
732.7293977062683	0.01602709999997387	epochs	3.0
732.7454248062683	0.03187800000000607	epochs	2.0
732.7454248062683	0.015968200000088473	epochs	3.0
732.7613930062683	0.015909799999917595	epochs	3.0
732.7773028062683	0.031645700000012766	epochs	2.0
732.7773028062683	0.01585160000001906	epochs	3.0
732.7931544062683	0.015794099999993705	epochs	3.0
732.8089485062683	0.0314167000000225	epochs	2.0
732.8089485062683	0.015736700000047676	epochs	3.0
732.8246852062683	0.015679999999974825	epochs	3.0
732.8403652062683	0.031191100000000915	epochs	2.0
732.8403652062683	0.015623600000026272	epochs	3.0
732.8559888062683	0.015567499999974643	epochs	3.0
732.8715563062683	0.030968700000016725	epochs	2.0
732.8715563062683	0.015512000000057924	epochs	3.0
732.8870683062684	0.0154566999999588	epochs	3.0
732.9025250062683	0.030749499999956242	epochs	2.0
732.9025250062683	0.015401999999994587	epochs	3.0
732.9179270062683	0.015347499999961656	epochs	3.0
732.9332745062683	0.03053320000003623	epochs	2.0
732.9332745062683	0.015293400000018664	epochs	3.0
732.9485679062683	0.015239800000017567	epochs	3.0
732.9638077062683	0.03032010000003993	epochs	2.0
732.9638077062683	0.015186500000027081	epochs	3.0
732.9789942062683	0.015133600000012848	epochs	3.0
732.9941278062684	0.030109899999956724	epochs	2.0
732.9941278062684	0.015081000000009226	epochs	3.0
733.0092088062684	0.015028899999947498	epochs	3.0
733.0242377062683	0.02990250000004835	epochs	2.0
733.0242377062683	0.014977000000044427	epochs	3.0
733.0392147062684	0.014925500000003922	epochs	3.0
733.0541402062684	0.029698099999905025	epochs	2.0
733.0541402062684	0.01487439999993967	epochs	3.0
733.0690146062683	0.014823699999965356	epochs	3.0
733.0838383062683	0.02949630000000525	epochs	2.0
733.0838383062683	0.014773200000036013	epochs	3.0
733.0986115062683	0.014723099999969236	epochs	3.0
733.1133346062683	0.02929740000001857	epochs	2.0
733.1133346062683	0.014673399999992398	epochs	3.0
733.1280080062683	0.014624000000026172	epochs	3.0
733.1426320062683	0.029101100000048064	epochs	2.0
733.1426320062683	0.014574900000070556	epochs	3.0
733.1572069062684	0.014526199999977507	epochs	3.0
733.1717331062683	0.028907399999980044	epochs	2.0
733.1717331062683	0.014477699999929428	epochs	3.0
733.1862108062683	0.014429700000050616	epochs	3.0
733.2006405062683	0.028716199999962555	epochs	2.0
733.2006405062683	0.014381800000023759	epochs	3.0
733.2150223062683	0.014334399999938796	epochs	3.0
733.2293567062683	0.028527600000074926	epochs	2.0
733.2293567062683	0.01428720000001249	epochs	3.0
733.2436439062683	0.014240400000062436	epochs	3.0
733.2578843062684	0.028341399999931127	epochs	2.0
733.2578843062684	0.014193799999929979	epochs	3.0
733.2720781062683	0.014147600000001148	epochs	3.0
733.2862257062683	0.028157700000065233	epochs	2.0
733.2862257062683	0.014101699999969242	epochs	3.0
733.3003274062683	0.014056000000095992	epochs	3.0
733.3143834062683	0.027976299999977527	epochs	2.0
733.3143834062683	0.01401060000000598	epochs	3.0
733.3283940062684	0.013965699999971548	epochs	3.0
733.3423597062683	0.02779720000000907	epochs	2.0
733.3423597062683	0.013920799999937117	epochs	3.0
733.3562805062683	0.013876400000071953	epochs	3.0
733.3701569062683	0.027620399999932488	epochs	2.0
733.3701569062683	0.013832200000024386	epochs	3.0
733.3839891062684	0.013788199999908102	epochs	3.0
733.3977773062683	0.02744590000008884	epochs	2.0
733.3977773062683	0.013744599999995444	epochs	3.0
733.4115219062683	0.013701300000093397	epochs	3.0
733.4252232062684	0.027273499999978412	epochs	2.0
733.4252232062684	0.013658200000008947	epochs	3.0
733.4388814062684	0.013615299999969466	epochs	3.0
733.4524967062683	0.027103399999987232	epochs	2.0
733.4524967062683	0.013572800000019924	epochs	3.0
733.4660695062684	0.013530599999967308	epochs	3.0
733.4796001062683	0.02693520000002536	epochs	2.0
733.4796001062683	0.013488400000028378	epochs	3.0
733.4930885062684	0.013446799999996983	epochs	3.0
733.5065353062683	0.026769199999989723	epochs	2.0
733.5065353062683	0.013405199999965589	epochs	3.0
733.5199405062683	0.013364000000024134	epochs	3.0
733.5333045062683	0.026605199999949036	epochs	2.0
733.5333045062683	0.013322899999934634	epochs	3.0
733.5466274062683	0.013282300000014402	epochs	3.0
733.5599097062683	0.026443200000016986	epochs	2.0
733.5599097062683	0.013241699999980483	epochs	3.0
733.5731514062683	0.013201500000036503	epochs	3.0
733.5863529062683	0.0262831999999662	epochs	2.0
733.5863529062683	0.013161500000023807	epochs	3.0
733.5995144062683	0.013121699999942393	epochs	3.0
733.6126361062683	0.02612500000009277	epochs	2.0
733.6126361062683	0.013082100000019636	epochs	3.0
733.6257182062683	0.013042900000073132	epochs	3.0
733.6387611062684	0.025968899999952555	epochs	2.0
733.6387611062684	0.013003899999944224	epochs	3.0
733.6517650062683	0.012965000000008331	epochs	3.0
733.6647300062683	0.025814500000024054	epochs	2.0
733.6647300062683	0.012926399999969362	epochs	3.0
733.6776564062683	0.012888100000054692	epochs	3.0
733.6905445062683	0.025661899999931848	epochs	2.0
733.6905445062683	0.012849899999991976	epochs	3.0
733.7033944062683	0.012811999999939871	epochs	3.0
733.7162064062683	0.025511200000096323	epochs	2.0
733.7162064062683	0.012774400000012065	epochs	3.0
733.7289808062683	0.012736800000084258	epochs	3.0
733.7417176062684	0.025362299999983406	epochs	2.0
733.7417176062684	0.01269969999998466	epochs	3.0
733.7544173062684	0.012662599999998747	epochs	3.0
733.7670799062683	0.025215000000002874	epochs	2.0
733.7670799062683	0.01262579999990976	epochs	3.0
733.7797057062683	0.012589200000093115	epochs	3.0
733.7922949062684	0.024584799999956886	epochs	2.0
733.8155722062683	0.5	epochs	-1.0
733.8168797062683	0.5104800000000296	epochs	1.0
734.3273597062683	0.48943999999994503	epochs	0.0
735.2449998855591	0.1088799999999992	epochs	0.0
735.2449998855591	0.04944239999997535	epochs	1.0
735.2944422855591	0.009995200000048499	epochs	1.0
735.3044374855591	0.04944239999997535	epochs	1.0
735.3538798855591	2.0	epochs	0.0
737.3538798855591	0.5108800000000429	epochs	0.0
737.3538798855591	0.5108800000000429	epochs	1.0
737.3539323855591	0.5	epochs	-1.0
737.8539323855591	0.010827500000004875	epochs	-1.0
737.8647598855591	21.48903999999993	epochs	0.0
739.0609998703003	0.1088799999999992	epochs	0.0
739.0609998703003	0.04944239999997535	epochs	1.0
739.1104422703003	0.009995200000048499	epochs	1.0
739.1204374703003	0.04944239999997535	epochs	1.0
739.1698798703003	2.0	epochs	0.0
741.1698798703003	21.510800000000017	epochs	0.0
741.1698798703003	1.0	epochs	1.0
741.1699323703003	0.5	epochs	-1.0
741.6699323703003	19.99863999999991	epochs	-1.0
742.1698798703003	20.0	epochs	1.0
742.1698798703003	4.356753900000058	epochs	-1.0
742.1698798703003	1.9745871999999736	epochs	2.0
742.1698798703003	1.0985621999999466	epochs	3.0
743.2684420703002	0.8760250000000269	epochs	3.0
744.1444670703003	1.3524075000000266	epochs	2.0
744.1444670703003	0.7286354999999958	epochs	3.0
744.8731025703003	0.6237720000000309	epochs	3.0
745.4968745703003	1.0297592000000577	epochs	2.0
745.4968745703003	0.5453293000000485	epochs	3.0
746.0422038703003	0.4844299000000092	epochs	3.0
746.5266337703004	0.8317861999998968	epochs	2.0
746.5266337703004	0.4357762999999295	epochs	3.0
746.9624100703003	0.3960098999999673	epochs	3.0
747.3584199703002	0.6977970000000369	epochs	2.0
747.3584199703002	0.3628982000000178	epochs	3.0
747.7213181703003	0.33489880000001904	epochs	3.0
748.0562169703003	0.601045699999986	epochs	2.0
748.0562169703003	0.3109123000000409	epochs	3.0
748.3671292703003	0.29013339999994514	epochs	3.0
748.6572626703003	0.5278859000000011	epochs	2.0
748.6572626703003	0.2719586000000618	epochs	3.0
748.9292212703003	0.25592729999993935	epochs	3.0
749.1851485703003	0.4706193000000667	epochs	2.0
749.1851485703003	0.241681299999982	epochs	3.0
749.4268298703003	0.22893800000008468	epochs	3.0
749.6557678703003	0.42457039999999324	epochs	2.0
749.6557678703003	0.2174713999999085	epochs	3.0
749.8732392703002	0.20709900000008474	epochs	3.0
750.0803382703003	0.3867353999999068	epochs	2.0
750.0803382703003	0.19767109999997956	epochs	3.0
750.2780093703003	0.18906429999992724	epochs	3.0
750.4670736703002	0.3550953000000163	epochs	2.0
750.4670736703002	0.18117590000008477	epochs	3.0
750.6482495703003	0.17391939999993156	epochs	3.0
750.8221689703003	0.3282431000000088	epochs	2.0
750.8221689703003	0.1672219000000723	epochs	3.0
750.9893908703003	0.16102119999993647	epochs	3.0
751.1504120703003	0.30516799999998057	epochs	2.0
751.1504120703003	0.15526390000002266	epochs	3.0
751.3056759703003	0.1499040999999579	epochs	3.0
751.4555800703002	0.28512530000000424	epochs	2.0
751.4555800703002	0.1449021000000812	epochs	3.0
751.6004821703003	0.14022319999992305	epochs	3.0
751.7407053703002	0.267553800000087	epochs	2.0
751.7407053703002	0.1358369000000721	epochs	3.0
751.8765422703003	0.1317169000000149	epochs	3.0
752.0082591703003	0.252022899999929	epochs	2.0
752.0082591703003	0.1278393000000051	epochs	3.0
752.1360984703003	0.1241835999999239	epochs	3.0
752.2602820703003	0.23819650000007186	epochs	2.0
752.2602820703003	0.12073110000005727	epochs	3.0
752.3810131703003	0.1174654000000146	epochs	3.0
752.4984785703003	0.2258087999999816	epochs	2.0
752.4984785703003	0.1143718999999237	epochs	3.0
752.6128504703003	0.1114369000000579	epochs	3.0
752.7242873703003	0.2146460000000161	epochs	2.0
752.7242873703003	0.10864889999993466	epochs	3.0
752.8329362703003	0.10599710000008145	epochs	3.0
752.9389333703003	0.20453499999996438	epochs	2.0
752.9389333703003	0.10347149999995509	epochs	3.0
753.0424048703003	0.1010635000000093	epochs	3.0
753.1434683703003	0.19533400000000256	epochs	2.0
753.1434683703003	0.09876510000003691	epochs	3.0
753.2422334703003	0.09656889999996565	epochs	3.0
753.3388023703003	0.18692529999998442	epochs	2.0
753.3388023703003	0.09446830000001682	epochs	3.0
753.4332706703003	0.09245699999996759	epochs	3.0
753.5257276703003	0.17921069999999872	epochs	2.0
753.5257276703003	0.09052959999996801	epochs	3.0
753.6162572703003	0.08868110000003071	epochs	3.0
753.7049383703003	0.17210769999996955	epochs	2.0
753.7049383703003	0.08690630000000965	epochs	3.0
753.7918446703003	0.0852013999999599	epochs	3.0
753.8770460703003	0.16554640000003928	epochs	2.0
753.8770460703003	0.08356190000006336	epochs	3.0
753.9606079703003	0.08198449999997592	epochs	3.0
754.0425924703003	0.15946710000002895	epochs	2.0
754.0425924703003	0.08046539999998004	epochs	3.0
754.1230578703003	0.07900170000004891	epochs	3.0
754.2020595703003	0.15381839999997737	epochs	2.0
754.2020595703003	0.07759009999995214	epochs	3.0
754.2796496703003	0.07622830000002523	epochs	3.0
754.3558779703003	0.14855639999996129	epochs	2.0
754.3558779703003	0.07491330000004837	epochs	3.0
754.4307912703003	0.07364309999991292	epochs	3.0
754.5044343703003	0.14364240000008976	epochs	2.0
754.5044343703003	0.07241499999997814	epochs	3.0
754.5768493703002	0.07122740000011163	epochs	3.0
754.6480767703003	0.13904309999998077	epochs	2.0
754.6480767703003	0.07007799999996678	epochs	3.0
754.7181547703003	0.06896510000001399	epochs	3.0
754.7871198703003	0.1347293000000036	epochs	2.0
754.7871198703003	0.0678871000000072	epochs	3.0
754.8550069703003	0.06684219999999641	epochs	3.0
754.9218491703003	0.13067519999992783	epochs	2.0
754.9218491703003	0.06582909999997355	epochs	3.0
754.9876782703003	0.06484609999995428	epochs	3.0
755.0525243703003	0.12685780000003888	epochs	2.0
755.0525243703003	0.06389200000000983	epochs	3.0
755.1164163703003	0.06296580000002905	epochs	3.0
755.1793821703003	0.12325720000001184	epochs	2.0
755.1793821703003	0.06206580000002759	epochs	3.0
755.2414479703003	0.06119139999998424	epochs	3.0
755.3026393703003	0.11985540000000583	epochs	2.0
755.3026393703003	0.060341099999959624	epochs	3.0
755.3629804703003	0.059514300000046205	epochs	3.0
755.4224947703003	0.11663620000001629	epochs	2.0
755.4224947703003	0.058709599999929196	epochs	3.0
755.4812043703002	0.05792660000008709	epochs	3.0
755.5391309703003	0.11358559999996487	epochs	2.0
755.5391309703003	0.05716419999998834	epochs	3.0
755.5962951703003	0.05642139999997653	epochs	3.0
755.6527165703003	0.11069050000003244	epochs	2.0
755.6527165703003	0.055697900000041045	epochs	3.0
755.7084144703003	0.0549925999999914	epochs	3.0
755.7634070703003	0.10793909999995321	epochs	2.0
755.7634070703003	0.05430489999992005	epochs	3.0
755.8177119703003	0.05363420000003316	epochs	3.0
755.8713461703003	0.10532150000005913	epochs	2.0
755.8713461703003	0.05298000000004777	epochs	3.0
755.9243261703003	0.052341500000011365	epochs	3.0
755.9766676703003	0.10282759999995505	epochs	2.0
755.9766676703003	0.051718099999902734	epochs	3.0
756.0283857703002	0.05110950000005232	epochs	3.0
756.0794952703003	0.10044909999999163	epochs	2.0
756.0794952703003	0.05051489999993919	epochs	3.0
756.1300101703002	0.04993420000005244	epochs	3.0
756.1799443703003	0.0981782999999723	epochs	2.0
756.1799443703003	0.04936659999998483	epochs	3.0
756.2293109703003	0.04881169999998747	epochs	3.0
756.2781226703003	0.09600780000005216	epochs	2.0
756.2781226703003	0.04826920000004975	epochs	3.0
756.3263918703003	0.04773860000000241	epochs	3.0
756.3741304703003	0.09393119999992905	epochs	2.0
756.3741304703003	0.04721949999998287	epochs	3.0
756.4213499703003	0.04671169999994618	epochs	3.0
756.4680616703002	0.09194260000003851	epochs	2.0
756.4680616703002	0.04621460000009847	epochs	3.0
756.5142762703003	0.04572799999994004	epochs	3.0
756.5600042703003	0.09003630000006524	epochs	2.0
756.5600042703003	0.04525150000006306	epochs	3.0
756.6052557703003	0.04478480000000218	epochs	3.0
756.6500405703003	0.08820759999991878	epochs	2.0
756.6500405703003	0.04432779999990544	epochs	3.0
756.6943683703003	0.04387980000001335	epochs	3.0
756.7382481703003	0.0864516999999978	epochs	2.0
756.7382481703003	0.04344100000002982	epochs	3.0
756.7816891703003	0.04301069999996798	epochs	3.0
756.8246998703003	0.0847643000000744	epochs	2.0
756.8246998703003	0.04258900000002086	epochs	3.0
756.8672888703003	0.04217530000005354	epochs	3.0
756.9094641703003	0.08314149999989695	epochs	2.0
756.9094641703003	0.041769699999917975	epochs	3.0
756.9512338703003	0.041371799999978975	epochs	3.0
756.9926056703002	0.08157970000002024	epochs	2.0
756.9926056703002	0.04098140000007788	epochs	3.0
757.0335870703003	0.040598299999942355	epochs	3.0
757.0741853703003	0.08007550000002084	epochs	2.0
757.0741853703003	0.04022229999998217	epochs	3.0
757.1144076703002	0.03985320000003867	epochs	3.0
757.1542608703003	0.07862569999997504	epochs	2.0
757.1542608703003	0.039490800000066884	epochs	3.0
757.1937516703003	0.03913489999990816	epochs	3.0
757.2328865703003	0.07722760000001472	epochs	2.0
757.2328865703003	0.038785400000051595	epochs	3.0
757.2716719703003	0.03844219999996312	epochs	3.0
757.3101141703003	0.07587820000003376	epochs	2.0
757.3101141703003	0.038104800000041905	epochs	3.0
757.3482189703003	0.03777339999999185	epochs	3.0
757.3859923703003	0.0745752000000266	epochs	2.0
757.3859923703003	0.03744770000002973	epochs	3.0
757.4234400703003	0.03712749999999687	epochs	3.0
757.4605675703003	0.07331629999998768	epochs	2.0
757.4605675703003	0.036812899999972615	epochs	3.0
757.4973804703003	0.03650340000001506	epochs	3.0
757.5338838703003	0.07209899999998015	epochs	2.0
757.5338838703003	0.03619909999997617	epochs	3.0
757.5700829703003	0.03589990000000398	epochs	3.0
757.6059828703003	0.07092169999998532	epochs	2.0
757.6059828703003	0.03560560000005353	epochs	3.0
757.6415884703003	0.035316099999931794	epochs	3.0
757.6769045703003	0.06978200000003199	epochs	2.0
757.6769045703003	0.03503120000004856	epochs	3.0
757.7119357703003	0.03475079999998343	epochs	3.0
757.7466865703003	0.06867859999999837	epochs	2.0
757.7466865703003	0.03447510000000875	epochs	3.0
757.7811616703003	0.03420349999998962	epochs	3.0
757.8153651703003	0.06760929999995824	epochs	2.0
757.8153651703003	0.033936199999970995	epochs	3.0
757.8493013703003	0.033673099999987244	epochs	3.0
757.8829744703003	0.06657289999998284	epochs	2.0
757.8829744703003	0.03341399999999339	epochs	3.0
757.9163884703003	0.033158899999989444	epochs	3.0
757.9495473703003	0.06556780000005347	epochs	2.0
757.9495473703003	0.032907700000009754	epochs	3.0
757.9824550703003	0.03266010000004371	epochs	3.0
758.0151151703003	0.06459259999996902	epochs	2.0
758.0151151703003	0.032416399999988244	epochs	3.0
758.0475315703003	0.03217619999998078	epochs	3.0
758.0797077703003	0.06364600000006249	epochs	2.0
758.0797077703003	0.03193959999998697	epochs	3.0
758.1116473703003	0.03170640000007552	epochs	3.0
758.1433537703003	0.0627266999999847	epochs	2.0
758.1433537703003	0.031476599999905375	epochs	3.0
758.1748303703002	0.03125010000007933	epochs	3.0
758.2060804703003	0.06183359999999993	epochs	2.0
758.2060804703003	0.03102689999991526	epochs	3.0
758.2371073703002	0.030806700000084675	epochs	3.0
758.2679140703003	0.060965599999917686	epochs	2.0
758.2679140703003	0.030589799999916067	epochs	3.0
758.2985038703002	0.030375800000001618	epochs	3.0
758.3288796703002	0.06012160000000222	epochs	2.0
758.3288796703002	0.030164900000045236	epochs	3.0
758.3590445703003	0.02995669999995698	epochs	3.0
758.3890012703002	0.05930069999999432	epochs	2.0
758.3890012703002	0.029751600000054168	epochs	3.0
758.4187528703003	0.029549099999940154	epochs	3.0
758.4483019703002	0.05850180000004457	epochs	2.0
758.4483019703002	0.02934940000000097	epochs	3.0
758.4776513703002	0.0291524000000436	epochs	3.0
758.5068037703003	0.057724200000052406	epochs	2.0
758.5068037703003	0.028957999999988715	epochs	3.0
758.5357617703003	0.02876620000006369	epochs	3.0
758.5645279703003	0.05696709999995164	epochs	2.0
758.5645279703003	0.028576999999927466	epochs	3.0
758.5931049703003	0.028390100000024177	epochs	3.0
758.6214950703003	0.05622949999997218	epochs	2.0
758.6214950703003	0.028205700000057732	epochs	3.0
758.6497007703003	0.028023799999914445	epochs	3.0
758.6777245703003	0.05551070000001346	epochs	2.0
758.6777245703003	0.02784400000007281	epochs	3.0
758.7055685703003	0.027666699999940647	epochs	3.0
758.7332352703003	0.054810200000019904	epochs	2.0
758.7332352703003	0.02749149999999645	epochs	3.0
758.7607267703003	0.027318700000023455	epochs	3.0
758.7880454703003	0.05412699999999404	epochs	2.0
758.7880454703003	0.027147799999966082	epochs	3.0
758.8151932703003	0.02697920000002796	epochs	3.0
758.8421724703003	0.053460699999959616	epochs	2.0
758.8421724703003	0.0268125999999711	epochs	3.0
758.8689850703003	0.026648099999988517	epochs	3.0
758.8956331703002	0.05281070000000909	epochs	2.0
758.8956331703002	0.026485600000000886	epochs	3.0
758.9221187703002	0.026325100000008206	epochs	3.0
758.9484438703003	0.05217620000007628	epochs	2.0
758.9484438703003	0.026166400000079193	epochs	3.0
758.9746102703003	0.026009799999997085	epochs	3.0
759.0006200703003	0.051556699999991906	epochs	2.0
759.0006200703003	0.025854799999933675	epochs	3.0
759.0264748703003	0.02570190000005823	epochs	3.0
759.0521767703003	0.05095189999997274	epochs	2.0
759.0521767703003	0.025550699999939752	epochs	3.0
759.0777274703003	0.025401200000032986	epochs	3.0
759.1031286703003	0.05036099999995258	epochs	2.0
759.1031286703003	0.025253499999962514	epochs	3.0
759.1283821703003	0.02510749999999007	epochs	3.0
759.1534896703002	0.049783800000000156	epochs	2.0
759.1534896703002	0.02496320000000196	epochs	3.0
759.1784528703002	0.024820599999998194	epochs	3.0
759.2032734703002	0.049219500000049266	epochs	2.0
759.2032734703002	0.02467940000008184	epochs	3.0
759.2279528703003	0.024540099999967424	epochs	3.0
759.2524929703003	0.048667899999941255	epochs	2.0
759.2524929703003	0.02440209999997478	epochs	3.0
759.2768950703003	0.024265799999966475	epochs	3.0
759.3011608703002	0.04812860000004093	epochs	2.0
759.3011608703002	0.024131000000011227	epochs	3.0
759.3252918703002	0.023997600000029706	epochs	3.0
759.3492894703003	0.047601100000065344	epochs	2.0
759.3492894703003	0.023865800000066884	epochs	3.0
759.3731552703003	0.02373529999999846	epochs	3.0
759.3968905703003	0.04708499999992455	epochs	2.0
759.3968905703003	0.023606299999983094	epochs	3.0
759.4204968703003	0.023478699999941455	epochs	3.0
759.4439755703003	0.04658000000006268	epochs	2.0
759.4439755703003	0.02335249999998723	epochs	3.0
759.4673280703003	0.02322750000007545	epochs	3.0
759.4905555703003	0.04608569999993506	epochs	2.0
759.4905555703003	0.023103999999989355	epochs	3.0
759.5136595703003	0.022981699999945704	epochs	3.0
759.5366412703003	0.045601799999985815	epochs	2.0
759.5366412703003	0.022860700000023826	epochs	3.0
759.5595019703003	0.02274109999996199	epochs	3.0
759.5822430703003	0.04512790000001132	epochs	2.0
759.5822430703003	0.022622500000011314	epochs	3.0
759.6048655703003	0.02250540000000001	epochs	3.0
759.6273709703003	0.0446638000000803	epochs	2.0
759.6273709703003	0.02238929999998618	epochs	3.0
759.6497602703002	0.022274500000094122	epochs	3.0
759.6720347703003	0.04420919999995476	epochs	2.0
759.6720347703003	0.022160799999937808	epochs	3.0
759.6941955703003	0.022048400000016954	epochs	3.0
759.7162439703003	0.043763600000033875	epochs	2.0
759.7162439703003	0.021936900000014248	epochs	3.0
759.7381808703003	0.021826700000019628	epochs	3.0
759.7600075703003	0.04332709999994222	epochs	2.0
759.7600075703003	0.021717599999988124	epochs	3.0
759.7817251703003	0.021609499999954096	epochs	3.0
759.8033346703003	0.04289900000003399	epochs	2.0
759.8033346703003	0.02150249999999687	epochs	3.0
759.8248371703003	0.021396500000037122	epochs	3.0
759.8462336703003	0.042479500000013104	epochs	2.0
759.8462336703003	0.02129170000000613	epochs	3.0
759.8675253703003	0.021187800000006973	epochs	3.0
759.8887131703003	0.042067900000006375	epochs	2.0
759.8887131703003	0.02108490000000529	epochs	3.0
759.9097980703003	0.020983000000001084	epochs	3.0
759.9307810703003	0.04166439999994509	epochs	2.0
759.9307810703003	0.020882199999959994	epochs	3.0
759.9516632703003	0.020782199999985096	epochs	3.0
759.9724454703003	0.04126850000000104	epochs	2.0
759.9724454703003	0.020683299999973315	epochs	3.0
759.9931287703002	0.020585200000027726	epochs	3.0
760.0137139703003	0.04088000000001557	epochs	2.0
760.0137139703003	0.020488099999965925	epochs	3.0
760.0342020703002	0.020391900000049645	epochs	3.0
760.0545939703003	0.04049880000002304	epochs	2.0
760.0545939703003	0.020296600000051512	epochs	3.0
760.0748905703003	0.020202199999971526	epochs	3.0
760.0950927703003	0.04012460000001283	epochs	2.0
760.0950927703003	0.020108699999923374	epochs	3.0
760.1152014703002	0.02001590000008946	epochs	3.0
760.1352173703003	0.03975730000001931	epochs	2.0
760.1352173703003	0.019924199999991288	epochs	3.0
760.1551415703003	0.019833100000028026	epochs	3.0
760.1749746703003	0.03939669999999751	epochs	2.0
760.1749746703003	0.01974299999994855	epochs	3.0
760.1947176703003	0.019653700000048957	epochs	3.0
760.2143713703003	0.03904239999997117	epochs	2.0
760.2143713703003	0.019565099999908853	epochs	3.0
760.2339364703003	0.019477300000062314	epochs	3.0
760.2534137703003	0.03869459999998526	epochs	2.0
760.2534137703003	0.019390400000020236	epochs	3.0
760.2728041703003	0.01930419999996502	epochs	3.0
760.2921083703003	0.03835289999994984	epochs	2.0
760.2921083703003	0.019218799999976	epochs	3.0
760.3113271703003	0.01913409999997384	epochs	3.0
760.3304612703002	0.03801720000001296	epochs	2.0
760.3304612703002	0.019050200000037876	epochs	3.0
760.3495114703003	0.018966999999975087	epochs	3.0
760.3684784703003	0.037687200000050325	epochs	2.0
760.3684784703003	0.01888450000001285	epochs	3.0
760.3873629703003	0.018802700000037476	epochs	3.0
760.4061656703003	0.03736309999999321	epochs	2.0
760.4061656703003	0.018721700000014607	epochs	3.0
760.4248873703003	0.018641399999978603	epochs	3.0
760.4435287703003	0.03704429999993408	epochs	2.0
760.4435287703003	0.01856159999999818	epochs	3.0
760.4620903703003	0.018482699999935903	epochs	3.0
760.4805730703002	0.0367310000000316	epochs	2.0
760.4805730703002	0.018404300000042895	epochs	3.0
760.4989773703003	0.018326699999988705	epochs	3.0
760.5173040703003	0.036422900000047775	epochs	2.0
760.5173040703003	0.018249599999990096	epochs	3.0
760.5355536703003	0.01817330000005768	epochs	3.0
760.5537269703003	0.03612009999994825	epochs	2.0
760.5537269703003	0.0180976000000328	epochs	3.0
760.5718245703004	0.018022499999915453	epochs	3.0
760.5898470703003	0.03582210000001851	epochs	2.0
760.5898470703003	0.017947900000081063	epochs	3.0
760.6077949703003	0.017874199999937446	epochs	3.0
760.6256691703003	0.03552899999999681	epochs	2.0
760.6256691703003	0.017800800000031813	epochs	3.0
760.6434699703003	0.017728199999965	epochs	3.0
760.6611981703003	0.03524070000003121	epochs	2.0
760.6611981703003	0.017656099999953767	epochs	3.0
760.6788542703002	0.017584600000077444	epochs	3.0
760.6964388703003	0.03495709999992869	epochs	2.0
760.6964388703003	0.01751369999999497	epochs	3.0
760.7139525703003	0.017443399999933717	epochs	3.0
760.7313959703002	0.03467790000001969	epochs	2.0
760.7313959703002	0.017373600000041733	epochs	3.0
760.7487695703003	0.017304299999977957	epochs	3.0
760.7660738703003	0.03440330000000813	epochs	2.0
760.7660738703003	0.01723570000001473	epochs	3.0
760.7833095703003	0.0171675999999934	epochs	3.0
760.8004771703003	0.0341328000000658	epochs	2.0
760.8004771703003	0.017099900000062007	epochs	3.0
760.8175770703003	0.017032900000003792	epochs	3.0
760.8346099703003	0.033866699999975935	epochs	2.0
760.8346099703003	0.01696640000000116	epochs	3.0
760.8515763703003	0.016900299999974777	epochs	3.0
760.8684766703003	0.03360459999998966	epochs	2.0
760.8684766703003	0.01683479999996962	epochs	3.0
760.8853114703003	0.01676980000002004	epochs	3.0
760.9020812703003	0.033346599999958926	epochs	2.0
760.9020812703003	0.016705300000012357	epochs	3.0
760.9187865703003	0.01664129999994657	epochs	3.0
760.9354278703003	0.03309250000006614	epochs	2.0
760.9354278703003	0.016577800000050047	epochs	3.0
760.9520056703003	0.01651470000001609	epochs	3.0
760.9685203703003	0.03284229999997024	epochs	2.0
760.9685203703003	0.01645220000000336	epochs	3.0
760.9849725703003	0.01639009999996688	epochs	3.0
761.0013626703003	0.03259570000000167	epochs	2.0
761.0013626703003	0.016328400000020338	epochs	3.0
761.0176910703003	0.016267299999981333	epochs	3.0
761.0339583703003	0.032352899999978035	epochs	2.0
761.0339583703003	0.016206600000032267	epochs	3.0
761.0501649703003	0.016146299999945768	epochs	3.0
761.0663112703003	0.03211369999996805	epochs	2.0
761.0663112703003	0.016086599999994178	epochs	3.0
761.0823978703003	0.01602709999997387	epochs	3.0
761.0984249703002	0.03187800000000607	epochs	2.0
761.0984249703002	0.015968200000088473	epochs	3.0
761.1143931703003	0.015909799999917595	epochs	3.0
761.1303029703002	0.031645700000012766	epochs	2.0
761.1303029703002	0.01585160000001906	epochs	3.0
761.1461545703003	0.015794099999993705	epochs	3.0
761.1619486703003	0.0314167000000225	epochs	2.0
761.1619486703003	0.015736700000047676	epochs	3.0
761.1776853703003	0.015679999999974825	epochs	3.0
761.1933653703003	0.031191100000000915	epochs	2.0
761.1933653703003	0.015623600000026272	epochs	3.0
761.2089889703003	0.015567499999974643	epochs	3.0
761.2245564703003	0.030968700000016725	epochs	2.0
761.2245564703003	0.015512000000057924	epochs	3.0
761.2400684703003	0.0154566999999588	epochs	3.0
761.2555251703003	0.030749499999956242	epochs	2.0
761.2555251703003	0.015401999999994587	epochs	3.0
761.2709271703003	0.015347499999961656	epochs	3.0
761.2862746703003	0.03053320000003623	epochs	2.0
761.2862746703003	0.015293400000018664	epochs	3.0
761.3015680703003	0.015239800000017567	epochs	3.0
761.3168078703003	0.03032010000003993	epochs	2.0
761.3168078703003	0.015186500000027081	epochs	3.0
761.3319943703003	0.015133600000012848	epochs	3.0
761.3471279703003	0.030109899999956724	epochs	2.0
761.3471279703003	0.015081000000009226	epochs	3.0
761.3622089703003	0.015028899999947498	epochs	3.0
761.3772378703003	0.02990250000004835	epochs	2.0
761.3772378703003	0.014977000000044427	epochs	3.0
761.3922148703003	0.014925500000003922	epochs	3.0
761.4071403703003	0.029698099999905025	epochs	2.0
761.4071403703003	0.01487439999993967	epochs	3.0
761.4220147703003	0.014823699999965356	epochs	3.0
761.4368384703002	0.02949630000000525	epochs	2.0
761.4368384703002	0.014773200000036013	epochs	3.0
761.4516116703003	0.014723099999969236	epochs	3.0
761.4663347703003	0.02929740000001857	epochs	2.0
761.4663347703003	0.014673399999992398	epochs	3.0
761.4810081703002	0.014624000000026172	epochs	3.0
761.4956321703003	0.029101100000048064	epochs	2.0
761.4956321703003	0.014574900000070556	epochs	3.0
761.5102070703003	0.014526199999977507	epochs	3.0
761.5247332703003	0.028907399999980044	epochs	2.0
761.5247332703003	0.014477699999929428	epochs	3.0
761.5392109703002	0.014429700000050616	epochs	3.0
761.5536406703003	0.028716199999962555	epochs	2.0
761.5536406703003	0.014381800000023759	epochs	3.0
761.5680224703003	0.014334399999938796	epochs	3.0
761.5823568703003	0.028527600000074926	epochs	2.0
761.5823568703003	0.01428720000001249	epochs	3.0
761.5966440703003	0.014240400000062436	epochs	3.0
761.6108844703003	0.028341399999931127	epochs	2.0
761.6108844703003	0.014193799999929979	epochs	3.0
761.6250782703003	0.014147600000001148	epochs	3.0
761.6392258703003	0.028157700000065233	epochs	2.0
761.6392258703003	0.014101699999969242	epochs	3.0
761.6533275703002	0.014056000000095992	epochs	3.0
761.6673835703003	0.027976299999977527	epochs	2.0
761.6673835703003	0.01401060000000598	epochs	3.0
761.6813941703003	0.013965699999971548	epochs	3.0
761.6953598703003	0.02779720000000907	epochs	2.0
761.6953598703003	0.013920799999937117	epochs	3.0
761.7092806703002	0.013876400000071953	epochs	3.0
761.7231570703003	0.027620399999932488	epochs	2.0
761.7231570703003	0.013832200000024386	epochs	3.0
761.7369892703003	0.013788199999908102	epochs	3.0
761.7507774703002	0.02744590000008884	epochs	2.0
761.7507774703002	0.013744599999995444	epochs	3.0
761.7645220703002	0.013701300000093397	epochs	3.0
761.7782233703003	0.027273499999978412	epochs	2.0
761.7782233703003	0.013658200000008947	epochs	3.0
761.7918815703003	0.013615299999969466	epochs	3.0
761.8054968703003	0.027103399999987232	epochs	2.0
761.8054968703003	0.013572800000019924	epochs	3.0
761.8190696703003	0.013530599999967308	epochs	3.0
761.8326002703003	0.02693520000002536	epochs	2.0
761.8326002703003	0.013488400000028378	epochs	3.0
761.8460886703003	0.013446799999996983	epochs	3.0
761.8595354703003	0.026769199999989723	epochs	2.0
761.8595354703003	0.013405199999965589	epochs	3.0
761.8729406703003	0.013364000000024134	epochs	3.0
761.8863046703003	0.026605199999949036	epochs	2.0
761.8863046703003	0.013322899999934634	epochs	3.0
761.8996275703003	0.013282300000014402	epochs	3.0
761.9129098703003	0.026443200000016986	epochs	2.0
761.9129098703003	0.013241699999980483	epochs	3.0
761.9261515703002	0.013201500000036503	epochs	3.0
761.9393530703003	0.0262831999999662	epochs	2.0
761.9393530703003	0.013161500000023807	epochs	3.0
761.9525145703003	0.013121699999942393	epochs	3.0
761.9656362703003	0.02612500000009277	epochs	2.0
761.9656362703003	0.013082100000019636	epochs	3.0
761.9787183703003	0.013042900000073132	epochs	3.0
761.9917612703003	0.025968899999952555	epochs	2.0
761.9917612703003	0.013003899999944224	epochs	3.0
762.0047651703003	0.012965000000008331	epochs	3.0
762.0177301703003	0.025814500000024054	epochs	2.0
762.0177301703003	0.012926399999969362	epochs	3.0
762.0306565703003	0.012888100000054692	epochs	3.0
762.0435446703003	0.025661899999931848	epochs	2.0
762.0435446703003	0.012849899999991976	epochs	3.0
762.0563945703003	0.012811999999939871	epochs	3.0
762.0692065703003	0.025511200000096323	epochs	2.0
762.0692065703003	0.012774400000012065	epochs	3.0
762.0819809703003	0.012736800000084258	epochs	3.0
762.0947177703003	0.025362299999983406	epochs	2.0
762.0947177703003	0.01269969999998466	epochs	3.0
762.1074174703003	0.012662599999998747	epochs	3.0
762.1200800703003	0.025215000000002874	epochs	2.0
762.1200800703003	0.01262579999990976	epochs	3.0
762.1327058703002	0.012589200000093115	epochs	3.0
762.1452950703003	0.024584799999956886	epochs	2.0
762.1685723703002	0.5	epochs	-1.0
762.1698798703003	0.5108000000000175	epochs	1.0
762.6806798703003	0.48911999999995714	epochs	0.0
763.6159996986389	0.1088799999999992	epochs	0.0
763.6159996986389	0.04944239999997535	epochs	1.0
763.6654420986389	0.009995200000048499	epochs	1.0
763.6754372986389	0.04944239999997535	epochs	1.0
763.7248796986389	2.0	epochs	0.0
765.7248796986389	21.511279999999942	epochs	0.0
765.7248796986389	1.0	epochs	1.0
765.724932198639	0.5	epochs	-1.0
766.224932198639	19.99863999999991	epochs	-1.0
766.7248796986389	20.0	epochs	1.0
766.7248796986389	4.356753900000058	epochs	-1.0
766.7248796986389	1.9745871999999736	epochs	2.0
766.7248796986389	1.0985621999999466	epochs	3.0
767.8234418986389	0.8760250000000269	epochs	3.0
768.6994668986389	1.3524075000000266	epochs	2.0
768.6994668986389	0.7286354999999958	epochs	3.0
769.4281023986389	0.6237720000000309	epochs	3.0
770.0518743986389	1.0297592000000577	epochs	2.0
770.0518743986389	0.5453293000000485	epochs	3.0
770.597203698639	0.4844299000000092	epochs	3.0
771.081633598639	0.8317861999998968	epochs	2.0
771.081633598639	0.4357762999999295	epochs	3.0
771.5174098986389	0.3960098999999673	epochs	3.0
771.9134197986389	0.6977970000000369	epochs	2.0
771.9134197986389	0.3628982000000178	epochs	3.0
772.2763179986389	0.33489880000001904	epochs	3.0
772.6112167986389	0.601045699999986	epochs	2.0
772.6112167986389	0.3109123000000409	epochs	3.0
772.922129098639	0.29013339999994514	epochs	3.0
773.2122624986389	0.5278859000000011	epochs	2.0
773.2122624986389	0.2719586000000618	epochs	3.0
773.484221098639	0.25592729999993935	epochs	3.0
773.7401483986389	0.4706193000000667	epochs	2.0
773.7401483986389	0.241681299999982	epochs	3.0
773.9818296986389	0.22893800000008468	epochs	3.0
774.210767698639	0.42457039999999324	epochs	2.0
774.210767698639	0.2174713999999085	epochs	3.0
774.4282390986389	0.20709900000008474	epochs	3.0
774.635338098639	0.3867353999999068	epochs	2.0
774.635338098639	0.19767109999997956	epochs	3.0
774.8330091986389	0.18906429999992724	epochs	3.0
775.0220734986389	0.3550953000000163	epochs	2.0
775.0220734986389	0.18117590000008477	epochs	3.0
775.203249398639	0.17391939999993156	epochs	3.0
775.3771687986389	0.3282431000000088	epochs	2.0
775.3771687986389	0.1672219000000723	epochs	3.0
775.544390698639	0.16102119999993647	epochs	3.0
775.7054118986389	0.30516799999998057	epochs	2.0
775.7054118986389	0.15526390000002266	epochs	3.0
775.8606757986389	0.1499040999999579	epochs	3.0
776.0105798986389	0.28512530000000424	epochs	2.0
776.0105798986389	0.1449021000000812	epochs	3.0
776.155481998639	0.14022319999992305	epochs	3.0
776.2957051986389	0.267553800000087	epochs	2.0
776.2957051986389	0.1358369000000721	epochs	3.0
776.4315420986389	0.1317169000000149	epochs	3.0
776.563258998639	0.252022899999929	epochs	2.0
776.563258998639	0.1278393000000051	epochs	3.0
776.691098298639	0.1241835999999239	epochs	3.0
776.8152818986389	0.23819650000007186	epochs	2.0
776.8152818986389	0.12073110000005727	epochs	3.0
776.936012998639	0.1174654000000146	epochs	3.0
777.053478398639	0.2258087999999816	epochs	2.0
777.053478398639	0.1143718999999237	epochs	3.0
777.1678502986389	0.1114369000000579	epochs	3.0
777.2792871986389	0.2146460000000161	epochs	2.0
777.2792871986389	0.10864889999993466	epochs	3.0
777.3879360986389	0.10599710000008145	epochs	3.0
777.493933198639	0.20453499999996438	epochs	2.0
777.493933198639	0.10347149999995509	epochs	3.0
777.5974046986389	0.1010635000000093	epochs	3.0
777.6984681986389	0.19533400000000256	epochs	2.0
777.6984681986389	0.09876510000003691	epochs	3.0
777.797233298639	0.09656889999996565	epochs	3.0
777.8938021986389	0.18692529999998442	epochs	2.0
777.8938021986389	0.09446830000001682	epochs	3.0
777.9882704986389	0.09245699999996759	epochs	3.0
778.0807274986389	0.17921069999999872	epochs	2.0
778.0807274986389	0.09052959999996801	epochs	3.0
778.1712570986389	0.08868110000003071	epochs	3.0
778.2599381986389	0.17210769999996955	epochs	2.0
778.2599381986389	0.08690630000000965	epochs	3.0
778.3468444986389	0.0852013999999599	epochs	3.0
778.4320458986389	0.16554640000003928	epochs	2.0
778.4320458986389	0.08356190000006336	epochs	3.0
778.5156077986389	0.08198449999997592	epochs	3.0
778.5975922986389	0.15946710000002895	epochs	2.0
778.5975922986389	0.08046539999998004	epochs	3.0
778.6780576986389	0.07900170000004891	epochs	3.0
778.757059398639	0.15381839999997737	epochs	2.0
778.757059398639	0.07759009999995214	epochs	3.0
778.8346494986389	0.07622830000002523	epochs	3.0
778.9108777986389	0.14855639999996129	epochs	2.0
778.9108777986389	0.07491330000004837	epochs	3.0
778.985791098639	0.07364309999991292	epochs	3.0
779.0594341986389	0.14364240000008976	epochs	2.0
779.0594341986389	0.07241499999997814	epochs	3.0
779.1318491986389	0.07122740000011163	epochs	3.0
779.203076598639	0.13904309999998077	epochs	2.0
779.203076598639	0.07007799999996678	epochs	3.0
779.2731545986389	0.06896510000001399	epochs	3.0
779.342119698639	0.1347293000000036	epochs	2.0
779.342119698639	0.0678871000000072	epochs	3.0
779.410006798639	0.06684219999999641	epochs	3.0
779.476848998639	0.13067519999992783	epochs	2.0
779.476848998639	0.06582909999997355	epochs	3.0
779.5426780986389	0.06484609999995428	epochs	3.0
779.6075241986389	0.12685780000003888	epochs	2.0
779.6075241986389	0.06389200000000983	epochs	3.0
779.6714161986389	0.06296580000002905	epochs	3.0
779.7343819986389	0.12325720000001184	epochs	2.0
779.7343819986389	0.06206580000002759	epochs	3.0
779.796447798639	0.06119139999998424	epochs	3.0
779.8576391986389	0.11985540000000583	epochs	2.0
779.8576391986389	0.060341099999959624	epochs	3.0
779.9179802986389	0.059514300000046205	epochs	3.0
779.9774945986389	0.11663620000001629	epochs	2.0
779.9774945986389	0.058709599999929196	epochs	3.0
780.0362041986389	0.05792660000008709	epochs	3.0
780.094130798639	0.11358559999996487	epochs	2.0
780.094130798639	0.05716419999998834	epochs	3.0
780.151294998639	0.05642139999997653	epochs	3.0
780.2077163986389	0.11069050000003244	epochs	2.0
780.2077163986389	0.055697900000041045	epochs	3.0
780.263414298639	0.0549925999999914	epochs	3.0
780.318406898639	0.10793909999995321	epochs	2.0
780.318406898639	0.05430489999992005	epochs	3.0
780.3727117986389	0.05363420000003316	epochs	3.0
780.4263459986389	0.10532150000005913	epochs	2.0
780.4263459986389	0.05298000000004777	epochs	3.0
780.479325998639	0.052341500000011365	epochs	3.0
780.531667498639	0.10282759999995505	epochs	2.0
780.531667498639	0.051718099999902734	epochs	3.0
780.5833855986389	0.05110950000005232	epochs	3.0
780.6344950986389	0.10044909999999163	epochs	2.0
780.6344950986389	0.05051489999993919	epochs	3.0
780.6850099986389	0.04993420000005244	epochs	3.0
780.7349441986389	0.0981782999999723	epochs	2.0
780.7349441986389	0.04936659999998483	epochs	3.0
780.7843107986389	0.04881169999998747	epochs	3.0
780.8331224986389	0.09600780000005216	epochs	2.0
780.8331224986389	0.04826920000004975	epochs	3.0
780.8813916986389	0.04773860000000241	epochs	3.0
780.9291302986389	0.09393119999992905	epochs	2.0
780.9291302986389	0.04721949999998287	epochs	3.0
780.9763497986389	0.04671169999994618	epochs	3.0
781.0230614986389	0.09194260000003851	epochs	2.0
781.0230614986389	0.04621460000009847	epochs	3.0
781.069276098639	0.04572799999994004	epochs	3.0
781.1150040986389	0.09003630000006524	epochs	2.0
781.1150040986389	0.04525150000006306	epochs	3.0
781.160255598639	0.04478480000000218	epochs	3.0
781.205040398639	0.08820759999991878	epochs	2.0
781.205040398639	0.04432779999990544	epochs	3.0
781.2493681986389	0.04387980000001335	epochs	3.0
781.2932479986389	0.0864516999999978	epochs	2.0
781.2932479986389	0.04344100000002982	epochs	3.0
781.3366889986389	0.04301069999996798	epochs	3.0
781.3796996986389	0.0847643000000744	epochs	2.0
781.3796996986389	0.04258900000002086	epochs	3.0
781.4222886986389	0.04217530000005354	epochs	3.0
781.464463998639	0.08314149999989695	epochs	2.0
781.464463998639	0.041769699999917975	epochs	3.0
781.5062336986389	0.041371799999978975	epochs	3.0
781.5476054986389	0.08157970000002024	epochs	2.0
781.5476054986389	0.04098140000007788	epochs	3.0
781.5885868986389	0.040598299999942355	epochs	3.0
781.6291851986389	0.08007550000002084	epochs	2.0
781.6291851986389	0.04022229999998217	epochs	3.0
781.6694074986389	0.03985320000003867	epochs	3.0
781.7092606986389	0.07862569999997504	epochs	2.0
781.7092606986389	0.039490800000066884	epochs	3.0
781.748751498639	0.03913489999990816	epochs	3.0
781.7878863986389	0.07722760000001472	epochs	2.0
781.7878863986389	0.038785400000051595	epochs	3.0
781.8266717986389	0.03844219999996312	epochs	3.0
781.8651139986389	0.07587820000003376	epochs	2.0
781.8651139986389	0.038104800000041905	epochs	3.0
781.9032187986389	0.03777339999999185	epochs	3.0
781.9409921986389	0.0745752000000266	epochs	2.0
781.9409921986389	0.03744770000002973	epochs	3.0
781.978439898639	0.03712749999999687	epochs	3.0
782.015567398639	0.07331629999998768	epochs	2.0
782.015567398639	0.036812899999972615	epochs	3.0
782.0523802986389	0.03650340000001506	epochs	3.0
782.0888836986389	0.07209899999998015	epochs	2.0
782.0888836986389	0.03619909999997617	epochs	3.0
782.1250827986389	0.03589990000000398	epochs	3.0
782.1609826986389	0.07092169999998532	epochs	2.0
782.1609826986389	0.03560560000005353	epochs	3.0
782.196588298639	0.035316099999931794	epochs	3.0
782.2319043986389	0.06978200000003199	epochs	2.0
782.2319043986389	0.03503120000004856	epochs	3.0
782.266935598639	0.03475079999998343	epochs	3.0
782.3016863986389	0.06867859999999837	epochs	2.0
782.3016863986389	0.03447510000000875	epochs	3.0
782.336161498639	0.03420349999998962	epochs	3.0
782.3703649986389	0.06760929999995824	epochs	2.0
782.3703649986389	0.033936199999970995	epochs	3.0
782.4043011986389	0.033673099999987244	epochs	3.0
782.4379742986389	0.06657289999998284	epochs	2.0
782.4379742986389	0.03341399999999339	epochs	3.0
782.4713882986389	0.033158899999989444	epochs	3.0
782.5045471986389	0.06556780000005347	epochs	2.0
782.5045471986389	0.032907700000009754	epochs	3.0
782.5374548986389	0.03266010000004371	epochs	3.0
782.5701149986389	0.06459259999996902	epochs	2.0
782.5701149986389	0.032416399999988244	epochs	3.0
782.6025313986389	0.03217619999998078	epochs	3.0
782.6347075986389	0.06364600000006249	epochs	2.0
782.6347075986389	0.03193959999998697	epochs	3.0
782.6666471986389	0.03170640000007552	epochs	3.0
782.698353598639	0.0627266999999847	epochs	2.0
782.698353598639	0.031476599999905375	epochs	3.0
782.7298301986389	0.03125010000007933	epochs	3.0
782.761080298639	0.06183359999999993	epochs	2.0
782.761080298639	0.03102689999991526	epochs	3.0
782.7921071986389	0.030806700000084675	epochs	3.0
782.822913898639	0.060965599999917686	epochs	2.0
782.822913898639	0.030589799999916067	epochs	3.0
782.8535036986389	0.030375800000001618	epochs	3.0
782.8838794986389	0.06012160000000222	epochs	2.0
782.8838794986389	0.030164900000045236	epochs	3.0
782.9140443986389	0.02995669999995698	epochs	3.0
782.9440010986389	0.05930069999999432	epochs	2.0
782.9440010986389	0.029751600000054168	epochs	3.0
782.9737526986389	0.029549099999940154	epochs	3.0
783.0033017986389	0.05850180000004457	epochs	2.0
783.0033017986389	0.02934940000000097	epochs	3.0
783.0326511986389	0.0291524000000436	epochs	3.0
783.0618035986389	0.057724200000052406	epochs	2.0
783.0618035986389	0.028957999999988715	epochs	3.0
783.0907615986389	0.02876620000006369	epochs	3.0
783.119527798639	0.05696709999995164	epochs	2.0
783.119527798639	0.028576999999927466	epochs	3.0
783.1481047986389	0.028390100000024177	epochs	3.0
783.1764948986389	0.05622949999997218	epochs	2.0
783.1764948986389	0.028205700000057732	epochs	3.0
783.204700598639	0.028023799999914445	epochs	3.0
783.2327243986389	0.05551070000001346	epochs	2.0
783.2327243986389	0.02784400000007281	epochs	3.0
783.260568398639	0.027666699999940647	epochs	3.0
783.2882350986389	0.054810200000019904	epochs	2.0
783.2882350986389	0.02749149999999645	epochs	3.0
783.3157265986389	0.027318700000023455	epochs	3.0
783.3430452986389	0.05412699999999404	epochs	2.0
783.3430452986389	0.027147799999966082	epochs	3.0
783.3701930986389	0.02697920000002796	epochs	3.0
783.3971722986389	0.053460699999959616	epochs	2.0
783.3971722986389	0.0268125999999711	epochs	3.0
783.4239848986389	0.026648099999988517	epochs	3.0
783.4506329986389	0.05281070000000909	epochs	2.0
783.4506329986389	0.026485600000000886	epochs	3.0
783.4771185986389	0.026325100000008206	epochs	3.0
783.5034436986389	0.05217620000007628	epochs	2.0
783.5034436986389	0.026166400000079193	epochs	3.0
783.529610098639	0.026009799999997085	epochs	3.0
783.555619898639	0.051556699999991906	epochs	2.0
783.555619898639	0.025854799999933675	epochs	3.0
783.5814746986389	0.02570190000005823	epochs	3.0
783.607176598639	0.05095189999997274	epochs	2.0
783.607176598639	0.025550699999939752	epochs	3.0
783.6327272986389	0.025401200000032986	epochs	3.0
783.6581284986389	0.05036099999995258	epochs	2.0
783.6581284986389	0.025253499999962514	epochs	3.0
783.6833819986389	0.02510749999999007	epochs	3.0
783.7084894986389	0.049783800000000156	epochs	2.0
783.7084894986389	0.02496320000000196	epochs	3.0
783.7334526986389	0.024820599999998194	epochs	3.0
783.7582732986389	0.049219500000049266	epochs	2.0
783.7582732986389	0.02467940000008184	epochs	3.0
783.782952698639	0.024540099999967424	epochs	3.0
783.8074927986389	0.048667899999941255	epochs	2.0
783.8074927986389	0.02440209999997478	epochs	3.0
783.8318948986389	0.024265799999966475	epochs	3.0
783.8561606986389	0.04812860000004093	epochs	2.0
783.8561606986389	0.024131000000011227	epochs	3.0
783.8802916986389	0.023997600000029706	epochs	3.0
783.9042892986389	0.047601100000065344	epochs	2.0
783.9042892986389	0.023865800000066884	epochs	3.0
783.928155098639	0.02373529999999846	epochs	3.0
783.951890398639	0.04708499999992455	epochs	2.0
783.951890398639	0.023606299999983094	epochs	3.0
783.975496698639	0.023478699999941455	epochs	3.0
783.9989753986389	0.04658000000006268	epochs	2.0
783.9989753986389	0.02335249999998723	epochs	3.0
784.0223278986389	0.02322750000007545	epochs	3.0
784.045555398639	0.04608569999993506	epochs	2.0
784.045555398639	0.023103999999989355	epochs	3.0
784.0686593986389	0.022981699999945704	epochs	3.0
784.0916410986389	0.045601799999985815	epochs	2.0
784.0916410986389	0.022860700000023826	epochs	3.0
784.1145017986389	0.02274109999996199	epochs	3.0
784.1372428986389	0.04512790000001132	epochs	2.0
784.1372428986389	0.022622500000011314	epochs	3.0
784.1598653986389	0.02250540000000001	epochs	3.0
784.1823707986389	0.0446638000000803	epochs	2.0
784.1823707986389	0.02238929999998618	epochs	3.0
784.2047600986389	0.022274500000094122	epochs	3.0
784.227034598639	0.04420919999995476	epochs	2.0
784.227034598639	0.022160799999937808	epochs	3.0
784.2491953986389	0.022048400000016954	epochs	3.0
784.2712437986389	0.043763600000033875	epochs	2.0
784.2712437986389	0.021936900000014248	epochs	3.0
784.2931806986389	0.021826700000019628	epochs	3.0
784.315007398639	0.04332709999994222	epochs	2.0
784.315007398639	0.021717599999988124	epochs	3.0
784.3367249986389	0.021609499999954096	epochs	3.0
784.3583344986389	0.04289900000003399	epochs	2.0
784.3583344986389	0.02150249999999687	epochs	3.0
784.3798369986389	0.021396500000037122	epochs	3.0
784.4012334986389	0.042479500000013104	epochs	2.0
784.4012334986389	0.02129170000000613	epochs	3.0
784.4225251986389	0.021187800000006973	epochs	3.0
784.443712998639	0.042067900000006375	epochs	2.0
784.443712998639	0.02108490000000529	epochs	3.0
784.464797898639	0.020983000000001084	epochs	3.0
784.485780898639	0.04166439999994509	epochs	2.0
784.485780898639	0.020882199999959994	epochs	3.0
784.5066630986389	0.020782199999985096	epochs	3.0
784.5274452986389	0.04126850000000104	epochs	2.0
784.5274452986389	0.020683299999973315	epochs	3.0
784.5481285986389	0.020585200000027726	epochs	3.0
784.5687137986389	0.04088000000001557	epochs	2.0
784.5687137986389	0.020488099999965925	epochs	3.0
784.5892018986389	0.020391900000049645	epochs	3.0
784.6095937986389	0.04049880000002304	epochs	2.0
784.6095937986389	0.020296600000051512	epochs	3.0
784.629890398639	0.020202199999971526	epochs	3.0
784.6500925986389	0.04012460000001283	epochs	2.0
784.6500925986389	0.020108699999923374	epochs	3.0
784.6702012986389	0.02001590000008946	epochs	3.0
784.690217198639	0.03975730000001931	epochs	2.0
784.690217198639	0.019924199999991288	epochs	3.0
784.7101413986389	0.019833100000028026	epochs	3.0
784.729974498639	0.03939669999999751	epochs	2.0
784.729974498639	0.01974299999994855	epochs	3.0
784.7497174986389	0.019653700000048957	epochs	3.0
784.769371198639	0.03904239999997117	epochs	2.0
784.769371198639	0.019565099999908853	epochs	3.0
784.7889362986389	0.019477300000062314	epochs	3.0
784.8084135986389	0.03869459999998526	epochs	2.0
784.8084135986389	0.019390400000020236	epochs	3.0
784.827803998639	0.01930419999996502	epochs	3.0
784.8471081986389	0.03835289999994984	epochs	2.0
784.8471081986389	0.019218799999976	epochs	3.0
784.8663269986389	0.01913409999997384	epochs	3.0
784.8854610986389	0.03801720000001296	epochs	2.0
784.8854610986389	0.019050200000037876	epochs	3.0
784.9045112986389	0.018966999999975087	epochs	3.0
784.9234782986389	0.037687200000050325	epochs	2.0
784.9234782986389	0.01888450000001285	epochs	3.0
784.9423627986389	0.018802700000037476	epochs	3.0
784.9611654986389	0.03736309999999321	epochs	2.0
784.9611654986389	0.018721700000014607	epochs	3.0
784.979887198639	0.018641399999978603	epochs	3.0
784.9985285986389	0.03704429999993408	epochs	2.0
784.9985285986389	0.01856159999999818	epochs	3.0
785.0170901986389	0.018482699999935903	epochs	3.0
785.0355728986389	0.0367310000000316	epochs	2.0
785.0355728986389	0.018404300000042895	epochs	3.0
785.0539771986389	0.018326699999988705	epochs	3.0
785.0723038986389	0.036422900000047775	epochs	2.0
785.0723038986389	0.018249599999990096	epochs	3.0
785.0905534986389	0.01817330000005768	epochs	3.0
785.1087267986389	0.03612009999994825	epochs	2.0
785.1087267986389	0.0180976000000328	epochs	3.0
785.126824398639	0.018022499999915453	epochs	3.0
785.1448468986389	0.03582210000001851	epochs	2.0
785.1448468986389	0.017947900000081063	epochs	3.0
785.162794798639	0.017874199999937446	epochs	3.0
785.1806689986389	0.03552899999999681	epochs	2.0
785.1806689986389	0.017800800000031813	epochs	3.0
785.1984697986389	0.017728199999965	epochs	3.0
785.2161979986389	0.03524070000003121	epochs	2.0
785.2161979986389	0.017656099999953767	epochs	3.0
785.2338540986389	0.017584600000077444	epochs	3.0
785.2514386986389	0.03495709999992869	epochs	2.0
785.2514386986389	0.01751369999999497	epochs	3.0
785.2689523986389	0.017443399999933717	epochs	3.0
785.2863957986389	0.03467790000001969	epochs	2.0
785.2863957986389	0.017373600000041733	epochs	3.0
785.3037693986389	0.017304299999977957	epochs	3.0
785.3210736986389	0.03440330000000813	epochs	2.0
785.3210736986389	0.01723570000001473	epochs	3.0
785.3383093986389	0.0171675999999934	epochs	3.0
785.3554769986389	0.0341328000000658	epochs	2.0
785.3554769986389	0.017099900000062007	epochs	3.0
785.372576898639	0.017032900000003792	epochs	3.0
785.389609798639	0.033866699999975935	epochs	2.0
785.389609798639	0.01696640000000116	epochs	3.0
785.406576198639	0.016900299999974777	epochs	3.0
785.4234764986389	0.03360459999998966	epochs	2.0
785.4234764986389	0.01683479999996962	epochs	3.0
785.4403112986389	0.01676980000002004	epochs	3.0
785.4570810986389	0.033346599999958926	epochs	2.0
785.4570810986389	0.016705300000012357	epochs	3.0
785.4737863986389	0.01664129999994657	epochs	3.0
785.4904276986389	0.03309250000006614	epochs	2.0
785.4904276986389	0.016577800000050047	epochs	3.0
785.5070054986389	0.01651470000001609	epochs	3.0
785.523520198639	0.03284229999997024	epochs	2.0
785.523520198639	0.01645220000000336	epochs	3.0
785.539972398639	0.01639009999996688	epochs	3.0
785.5563624986389	0.03259570000000167	epochs	2.0
785.5563624986389	0.016328400000020338	epochs	3.0
785.5726908986389	0.016267299999981333	epochs	3.0
785.5889581986389	0.032352899999978035	epochs	2.0
785.5889581986389	0.016206600000032267	epochs	3.0
785.605164798639	0.016146299999945768	epochs	3.0
785.6213110986389	0.03211369999996805	epochs	2.0
785.6213110986389	0.016086599999994178	epochs	3.0
785.6373976986389	0.01602709999997387	epochs	3.0
785.6534247986389	0.03187800000000607	epochs	2.0
785.6534247986389	0.015968200000088473	epochs	3.0
785.669392998639	0.015909799999917595	epochs	3.0
785.6853027986389	0.031645700000012766	epochs	2.0
785.6853027986389	0.01585160000001906	epochs	3.0
785.7011543986389	0.015794099999993705	epochs	3.0
785.7169484986389	0.0314167000000225	epochs	2.0
785.7169484986389	0.015736700000047676	epochs	3.0
785.7326851986389	0.015679999999974825	epochs	3.0
785.7483651986389	0.031191100000000915	epochs	2.0
785.7483651986389	0.015623600000026272	epochs	3.0
785.7639887986389	0.015567499999974643	epochs	3.0
785.7795562986389	0.030968700000016725	epochs	2.0
785.7795562986389	0.015512000000057924	epochs	3.0
785.795068298639	0.0154566999999588	epochs	3.0
785.8105249986389	0.030749499999956242	epochs	2.0
785.8105249986389	0.015401999999994587	epochs	3.0
785.8259269986389	0.015347499999961656	epochs	3.0
785.8412744986389	0.03053320000003623	epochs	2.0
785.8412744986389	0.015293400000018664	epochs	3.0
785.8565678986389	0.015239800000017567	epochs	3.0
785.8718076986389	0.03032010000003993	epochs	2.0
785.8718076986389	0.015186500000027081	epochs	3.0
785.886994198639	0.015133600000012848	epochs	3.0
785.902127798639	0.030109899999956724	epochs	2.0
785.902127798639	0.015081000000009226	epochs	3.0
785.917208798639	0.015028899999947498	epochs	3.0
785.9322376986389	0.02990250000004835	epochs	2.0
785.9322376986389	0.014977000000044427	epochs	3.0
785.947214698639	0.014925500000003922	epochs	3.0
785.962140198639	0.029698099999905025	epochs	2.0
785.962140198639	0.01487439999993967	epochs	3.0
785.9770145986389	0.014823699999965356	epochs	3.0
785.9918382986389	0.02949630000000525	epochs	2.0
785.9918382986389	0.014773200000036013	epochs	3.0
786.0066114986389	0.014723099999969236	epochs	3.0
786.0213345986389	0.02929740000001857	epochs	2.0
786.0213345986389	0.014673399999992398	epochs	3.0
786.0360079986389	0.014624000000026172	epochs	3.0
786.0506319986389	0.029101100000048064	epochs	2.0
786.0506319986389	0.014574900000070556	epochs	3.0
786.065206898639	0.014526199999977507	epochs	3.0
786.0797330986389	0.028907399999980044	epochs	2.0
786.0797330986389	0.014477699999929428	epochs	3.0
786.0942107986389	0.014429700000050616	epochs	3.0
786.1086404986389	0.028716199999962555	epochs	2.0
786.1086404986389	0.014381800000023759	epochs	3.0
786.123022298639	0.014334399999938796	epochs	3.0
786.1373566986389	0.028527600000074926	epochs	2.0
786.1373566986389	0.01428720000001249	epochs	3.0
786.1516438986389	0.014240400000062436	epochs	3.0
786.165884298639	0.028341399999931127	epochs	2.0
786.165884298639	0.014193799999929979	epochs	3.0
786.1800780986389	0.014147600000001148	epochs	3.0
786.1942256986389	0.028157700000065233	epochs	2.0
786.1942256986389	0.014101699999969242	epochs	3.0
786.2083273986389	0.014056000000095992	epochs	3.0
786.222383398639	0.027976299999977527	epochs	2.0
786.222383398639	0.01401060000000598	epochs	3.0
786.236393998639	0.013965699999971548	epochs	3.0
786.2503596986389	0.02779720000000907	epochs	2.0
786.2503596986389	0.013920799999937117	epochs	3.0
786.2642804986389	0.013876400000071953	epochs	3.0
786.2781568986389	0.027620399999932488	epochs	2.0
786.2781568986389	0.013832200000024386	epochs	3.0
786.291989098639	0.013788199999908102	epochs	3.0
786.3057772986389	0.02744590000008884	epochs	2.0
786.3057772986389	0.013744599999995444	epochs	3.0
786.3195218986389	0.013701300000093397	epochs	3.0
786.333223198639	0.027273499999978412	epochs	2.0
786.333223198639	0.013658200000008947	epochs	3.0
786.346881398639	0.013615299999969466	epochs	3.0
786.3604966986389	0.027103399999987232	epochs	2.0
786.3604966986389	0.013572800000019924	epochs	3.0
786.374069498639	0.013530599999967308	epochs	3.0
786.3876000986389	0.02693520000002536	epochs	2.0
786.3876000986389	0.013488400000028378	epochs	3.0
786.401088498639	0.013446799999996983	epochs	3.0
786.414535298639	0.026769199999989723	epochs	2.0
786.414535298639	0.013405199999965589	epochs	3.0
786.4279404986389	0.013364000000024134	epochs	3.0
786.4413044986389	0.026605199999949036	epochs	2.0
786.4413044986389	0.013322899999934634	epochs	3.0
786.4546273986389	0.013282300000014402	epochs	3.0
786.4679096986389	0.026443200000016986	epochs	2.0
786.4679096986389	0.013241699999980483	epochs	3.0
786.4811513986389	0.013201500000036503	epochs	3.0
786.4943528986389	0.0262831999999662	epochs	2.0
786.4943528986389	0.013161500000023807	epochs	3.0
786.5075143986389	0.013121699999942393	epochs	3.0
786.5206360986389	0.02612500000009277	epochs	2.0
786.5206360986389	0.013082100000019636	epochs	3.0
786.5337181986389	0.013042900000073132	epochs	3.0
786.546761098639	0.025968899999952555	epochs	2.0
786.546761098639	0.013003899999944224	epochs	3.0
786.5597649986389	0.012965000000008331	epochs	3.0
786.5727299986389	0.025814500000024054	epochs	2.0
786.5727299986389	0.012926399999969362	epochs	3.0
786.5856563986389	0.012888100000054692	epochs	3.0
786.598544498639	0.025661899999931848	epochs	2.0
786.598544498639	0.012849899999991976	epochs	3.0
786.6113943986389	0.012811999999939871	epochs	3.0
786.6242063986389	0.025511200000096323	epochs	2.0
786.6242063986389	0.012774400000012065	epochs	3.0
786.6369807986389	0.012736800000084258	epochs	3.0
786.649717598639	0.025362299999983406	epochs	2.0
786.649717598639	0.01269969999998466	epochs	3.0
786.662417298639	0.012662599999998747	epochs	3.0
786.675079898639	0.025215000000002874	epochs	2.0
786.675079898639	0.01262579999990976	epochs	3.0
786.6877056986389	0.012589200000093115	epochs	3.0
786.700294898639	0.024584799999956886	epochs	2.0
786.7235721986389	0.5	epochs	-1.0
786.7248796986389	0.5112799999999424	epochs	1.0
787.2361596986389	0.48864000000003216	epochs	0.0
801.1479997634888	0.1088799999999992	epochs	0.0
801.1479997634888	0.04944239999997535	epochs	1.0
801.1974421634887	0.009995200000048499	epochs	1.0
801.2074373634888	0.04944239999997535	epochs	1.0
801.2568797634888	2.0	epochs	0.0
803.2568797634888	0.5112800000000561	epochs	0.0
803.2568797634888	0.5112800000000561	epochs	1.0
803.2569322634888	0.5	epochs	-1.0
803.7569322634888	0.011227500000018154	epochs	-1.0
803.7681597634888	21.48863999999992	epochs	0.0
804.9479999542236	0.1088799999999992	epochs	0.0
804.9479999542236	0.04944239999997535	epochs	1.0
804.9974423542236	0.009995200000048499	epochs	1.0
805.0074375542237	0.04944239999997535	epochs	1.0
805.0568799542236	2.0	epochs	0.0
807.0568799542236	0.5511999999999944	epochs	0.0
807.0568799542236	0.5511999999999944	epochs	1.0
807.0569324542237	0.5	epochs	-1.0
807.5569324542237	0.05114749999995638	epochs	-1.0
807.6080799542236	21.44871999999998	epochs	0.0
808.6240000724792	0.1088799999999992	epochs	0.0
808.6240000724792	0.04944239999997535	epochs	1.0
808.6734424724792	0.009995200000048499	epochs	1.0
808.6834376724793	0.04944239999997535	epochs	1.0
808.7328800724792	2.0	epochs	0.0
810.7328800724792	0.5104000000000042	epochs	0.0
810.7328800724792	0.5104000000000042	epochs	1.0
810.7329325724793	0.5	epochs	-1.0
811.2329325724793	0.010347499999966203	epochs	-1.0
811.2432800724793	21.48951999999997	epochs	0.0
812.4070000648499	0.1088799999999992	epochs	0.0
812.4070000648499	0.04944239999997535	epochs	1.0
812.4564424648498	0.009995200000048499	epochs	1.0
812.4664376648499	0.04944239999997535	epochs	1.0
812.5158800648499	2.0	epochs	0.0
814.5158800648499	0.5508800000000065	epochs	0.0
814.5158800648499	0.5508800000000065	epochs	1.0
814.5159325648499	0.5	epochs	-1.0
815.0159325648499	0.050827499999968495	epochs	-1.0
815.0667600648499	21.449039999999968	epochs	0.0
816.2399997711182	0.1088799999999992	epochs	0.0
816.2399997711182	0.04944239999997535	epochs	1.0
816.2894421711181	0.009995200000048499	epochs	1.0
816.2994373711182	0.04944239999997535	epochs	1.0
816.3488797711182	2.0	epochs	0.0
818.3488797711182	0.5508800000000065	epochs	0.0
818.3488797711182	0.5508800000000065	epochs	1.0
818.3489322711182	0.5	epochs	-1.0
818.8489322711182	0.050827499999968495	epochs	-1.0
818.8997597711182	21.449039999999968	epochs	0.0
820.0590000152588	0.1088799999999992	epochs	0.0
820.0590000152588	0.04944239999997535	epochs	1.0
820.1084424152588	0.009995200000048499	epochs	1.0
820.1184376152588	0.04944239999997535	epochs	1.0
820.1678800152588	2.0	epochs	0.0
822.1678800152588	5.3907199999999875	epochs	0.0
822.1678800152588	1.0	epochs	1.0
822.1679325152588	0.5	epochs	-1.0
822.6679325152588	4.8906674999999495	epochs	-1.0
823.1678800152588	4.3907199999999875	epochs	1.0
823.1678800152588	4.356753900000058	epochs	-1.0
823.1678800152588	1.9745871999999736	epochs	2.0
823.1678800152588	1.0985621999999466	epochs	3.0
824.2664422152587	0.8760250000000269	epochs	3.0
825.1424672152588	1.3524075000000266	epochs	2.0
825.1424672152588	0.7286354999999958	epochs	3.0
825.8711027152588	0.6237720000000309	epochs	3.0
826.4948747152588	1.0297592000000577	epochs	2.0
826.4948747152588	0.5453293000000485	epochs	3.0
827.0402040152588	0.4844299000000092	epochs	3.0
827.5246339152588	0.03396609999992961	epochs	2.0
827.5246339152588	0.03396609999992961	epochs	3.0
827.5586000152588	16.609199999999987	epochs	0.0
828.5780000686646	0.1088799999999992	epochs	0.0
828.5780000686646	0.04944239999997535	epochs	1.0
828.6274424686645	0.009995200000048499	epochs	1.0
828.6374376686646	0.04944239999997535	epochs	1.0
828.6868800686645	2.0	epochs	0.0
830.6868800686645	0.51103999999998	epochs	0.0
830.6868800686645	0.51103999999998	epochs	1.0
830.6869325686646	0.5	epochs	-1.0
831.1869325686646	0.010987499999941974	epochs	-1.0
831.1979200686645	21.488879999999995	epochs	0.0
832.4779996871948	0.1088799999999992	epochs	0.0
832.4779996871948	0.04944239999997535	epochs	1.0
832.5274420871948	0.009995200000048499	epochs	1.0
832.5374372871948	0.04944239999997535	epochs	1.0
832.5868796871948	2.0	epochs	0.0
834.5868796871948	0.5503999999999678	epochs	0.0
834.5868796871948	0.5503999999999678	epochs	1.0
834.5869321871949	0.5	epochs	-1.0
835.0869321871949	0.05034749999992982	epochs	-1.0
835.1372796871948	21.449520000000007	epochs	0.0
836.1949996948242	0.1088799999999992	epochs	0.0
836.1949996948242	0.04944239999997535	epochs	1.0
836.2444420948242	0.009995200000048499	epochs	1.0
836.2544372948242	0.04944239999997535	epochs	1.0
836.3038796948242	2.0	epochs	0.0
838.3038796948242	21.530719999999974	epochs	0.0
838.3038796948242	1.0	epochs	1.0
838.3039321948243	0.5	epochs	-1.0
838.8039321948243	19.998559999999998	epochs	-1.0
839.3038796948242	20.0	epochs	1.0
839.3038796948242	4.356753900000058	epochs	-1.0
839.3038796948242	1.9745871999999736	epochs	2.0
839.3038796948242	1.0985621999999466	epochs	3.0
840.4024418948242	0.8760250000000269	epochs	3.0
841.2784668948242	1.3524075000000266	epochs	2.0
841.2784668948242	0.7286354999999958	epochs	3.0
842.0071023948242	0.6237720000000309	epochs	3.0
842.6308743948242	1.0297592000000577	epochs	2.0
842.6308743948242	0.5453293000000485	epochs	3.0
843.1762036948243	0.4844299000000092	epochs	3.0
843.6606335948243	0.8317861999998968	epochs	2.0
843.6606335948243	0.4357762999999295	epochs	3.0
844.0964098948242	0.3960098999999673	epochs	3.0
844.4924197948242	0.6977970000000369	epochs	2.0
844.4924197948242	0.3628982000000178	epochs	3.0
844.8553179948242	0.33489880000001904	epochs	3.0
845.1902167948242	0.601045699999986	epochs	2.0
845.1902167948242	0.3109123000000409	epochs	3.0
845.5011290948243	0.29013339999994514	epochs	3.0
845.7912624948242	0.5278859000000011	epochs	2.0
845.7912624948242	0.2719586000000618	epochs	3.0
846.0632210948243	0.25592729999993935	epochs	3.0
846.3191483948242	0.4706193000000667	epochs	2.0
846.3191483948242	0.241681299999982	epochs	3.0
846.5608296948242	0.22893800000008468	epochs	3.0
846.7897676948243	0.42457039999999324	epochs	2.0
846.7897676948243	0.2174713999999085	epochs	3.0
847.0072390948242	0.20709900000008474	epochs	3.0
847.2143380948243	0.3867353999999068	epochs	2.0
847.2143380948243	0.19767109999997956	epochs	3.0
847.4120091948242	0.18906429999992724	epochs	3.0
847.6010734948242	0.3550953000000163	epochs	2.0
847.6010734948242	0.18117590000008477	epochs	3.0
847.7822493948242	0.17391939999993156	epochs	3.0
847.9561687948242	0.3282431000000088	epochs	2.0
847.9561687948242	0.1672219000000723	epochs	3.0
848.1233906948243	0.16102119999993647	epochs	3.0
848.2844118948242	0.30516799999998057	epochs	2.0
848.2844118948242	0.15526390000002266	epochs	3.0
848.4396757948242	0.1499040999999579	epochs	3.0
848.5895798948242	0.28512530000000424	epochs	2.0
848.5895798948242	0.1449021000000812	epochs	3.0
848.7344819948243	0.14022319999992305	epochs	3.0
848.8747051948242	0.267553800000087	epochs	2.0
848.8747051948242	0.1358369000000721	epochs	3.0
849.0105420948242	0.1317169000000149	epochs	3.0
849.1422589948243	0.252022899999929	epochs	2.0
849.1422589948243	0.1278393000000051	epochs	3.0
849.2700982948243	0.1241835999999239	epochs	3.0
849.3942818948242	0.23819650000007186	epochs	2.0
849.3942818948242	0.12073110000005727	epochs	3.0
849.5150129948242	0.1174654000000146	epochs	3.0
849.6324783948243	0.2258087999999816	epochs	2.0
849.6324783948243	0.1143718999999237	epochs	3.0
849.7468502948242	0.1114369000000579	epochs	3.0
849.8582871948242	0.2146460000000161	epochs	2.0
849.8582871948242	0.10864889999993466	epochs	3.0
849.9669360948242	0.10599710000008145	epochs	3.0
850.0729331948243	0.20453499999996438	epochs	2.0
850.0729331948243	0.10347149999995509	epochs	3.0
850.1764046948242	0.1010635000000093	epochs	3.0
850.2774681948242	0.19533400000000256	epochs	2.0
850.2774681948242	0.09876510000003691	epochs	3.0
850.3762332948243	0.09656889999996565	epochs	3.0
850.4728021948242	0.18692529999998442	epochs	2.0
850.4728021948242	0.09446830000001682	epochs	3.0
850.5672704948242	0.09245699999996759	epochs	3.0
850.6597274948242	0.17921069999999872	epochs	2.0
850.6597274948242	0.09052959999996801	epochs	3.0
850.7502570948242	0.08868110000003071	epochs	3.0
850.8389381948242	0.17210769999996955	epochs	2.0
850.8389381948242	0.08690630000000965	epochs	3.0
850.9258444948242	0.0852013999999599	epochs	3.0
851.0110458948242	0.16554640000003928	epochs	2.0
851.0110458948242	0.08356190000006336	epochs	3.0
851.0946077948242	0.08198449999997592	epochs	3.0
851.1765922948242	0.15946710000002895	epochs	2.0
851.1765922948242	0.08046539999998004	epochs	3.0
851.2570576948242	0.07900170000004891	epochs	3.0
851.3360593948242	0.15381839999997737	epochs	2.0
851.3360593948242	0.07759009999995214	epochs	3.0
851.4136494948242	0.07622830000002523	epochs	3.0
851.4898777948242	0.14855639999996129	epochs	2.0
851.4898777948242	0.07491330000004837	epochs	3.0
851.5647910948243	0.07364309999991292	epochs	3.0
851.6384341948242	0.14364240000008976	epochs	2.0
851.6384341948242	0.07241499999997814	epochs	3.0
851.7108491948242	0.07122740000011163	epochs	3.0
851.7820765948243	0.13904309999998077	epochs	2.0
851.7820765948243	0.07007799999996678	epochs	3.0
851.8521545948242	0.06896510000001399	epochs	3.0
851.9211196948243	0.1347293000000036	epochs	2.0
851.9211196948243	0.0678871000000072	epochs	3.0
851.9890067948243	0.06684219999999641	epochs	3.0
852.0558489948243	0.13067519999992783	epochs	2.0
852.0558489948243	0.06582909999997355	epochs	3.0
852.1216780948242	0.06484609999995428	epochs	3.0
852.1865241948242	0.12685780000003888	epochs	2.0
852.1865241948242	0.06389200000000983	epochs	3.0
852.2504161948242	0.06296580000002905	epochs	3.0
852.3133819948242	0.12325720000001184	epochs	2.0
852.3133819948242	0.06206580000002759	epochs	3.0
852.3754477948243	0.06119139999998424	epochs	3.0
852.4366391948242	0.11985540000000583	epochs	2.0
852.4366391948242	0.060341099999959624	epochs	3.0
852.4969802948242	0.059514300000046205	epochs	3.0
852.5564945948242	0.11663620000001629	epochs	2.0
852.5564945948242	0.058709599999929196	epochs	3.0
852.6152041948242	0.05792660000008709	epochs	3.0
852.6731307948243	0.11358559999996487	epochs	2.0
852.6731307948243	0.05716419999998834	epochs	3.0
852.7302949948242	0.05642139999997653	epochs	3.0
852.7867163948242	0.11069050000003244	epochs	2.0
852.7867163948242	0.055697900000041045	epochs	3.0
852.8424142948243	0.0549925999999914	epochs	3.0
852.8974068948243	0.10793909999995321	epochs	2.0
852.8974068948243	0.05430489999992005	epochs	3.0
852.9517117948242	0.05363420000003316	epochs	3.0
853.0053459948242	0.10532150000005913	epochs	2.0
853.0053459948242	0.05298000000004777	epochs	3.0
853.0583259948243	0.052341500000011365	epochs	3.0
853.1106674948243	0.10282759999995505	epochs	2.0
853.1106674948243	0.051718099999902734	epochs	3.0
853.1623855948242	0.05110950000005232	epochs	3.0
853.2134950948242	0.10044909999999163	epochs	2.0
853.2134950948242	0.05051489999993919	epochs	3.0
853.2640099948242	0.04993420000005244	epochs	3.0
853.3139441948242	0.0981782999999723	epochs	2.0
853.3139441948242	0.04936659999998483	epochs	3.0
853.3633107948242	0.04881169999998747	epochs	3.0
853.4121224948242	0.09600780000005216	epochs	2.0
853.4121224948242	0.04826920000004975	epochs	3.0
853.4603916948242	0.04773860000000241	epochs	3.0
853.5081302948242	0.09393119999992905	epochs	2.0
853.5081302948242	0.04721949999998287	epochs	3.0
853.5553497948242	0.04671169999994618	epochs	3.0
853.6020614948242	0.09194260000003851	epochs	2.0
853.6020614948242	0.04621460000009847	epochs	3.0
853.6482760948243	0.04572799999994004	epochs	3.0
853.6940040948242	0.09003630000006524	epochs	2.0
853.6940040948242	0.04525150000006306	epochs	3.0
853.7392555948243	0.04478480000000218	epochs	3.0
853.7840403948243	0.08820759999991878	epochs	2.0
853.7840403948243	0.04432779999990544	epochs	3.0
853.8283681948242	0.04387980000001335	epochs	3.0
853.8722479948242	0.0864516999999978	epochs	2.0
853.8722479948242	0.04344100000002982	epochs	3.0
853.9156889948242	0.04301069999996798	epochs	3.0
853.9586996948242	0.0847643000000744	epochs	2.0
853.9586996948242	0.04258900000002086	epochs	3.0
854.0012886948242	0.04217530000005354	epochs	3.0
854.0434639948243	0.08314149999989695	epochs	2.0
854.0434639948243	0.041769699999917975	epochs	3.0
854.0852336948242	0.041371799999978975	epochs	3.0
854.1266054948242	0.08157970000002024	epochs	2.0
854.1266054948242	0.04098140000007788	epochs	3.0
854.1675868948242	0.040598299999942355	epochs	3.0
854.2081851948242	0.08007550000002084	epochs	2.0
854.2081851948242	0.04022229999998217	epochs	3.0
854.2484074948242	0.03985320000003867	epochs	3.0
854.2882606948242	0.07862569999997504	epochs	2.0
854.2882606948242	0.039490800000066884	epochs	3.0
854.3277514948243	0.03913489999990816	epochs	3.0
854.3668863948242	0.07722760000001472	epochs	2.0
854.3668863948242	0.038785400000051595	epochs	3.0
854.4056717948242	0.03844219999996312	epochs	3.0
854.4441139948242	0.07587820000003376	epochs	2.0
854.4441139948242	0.038104800000041905	epochs	3.0
854.4822187948242	0.03777339999999185	epochs	3.0
854.5199921948242	0.0745752000000266	epochs	2.0
854.5199921948242	0.03744770000002973	epochs	3.0
854.5574398948243	0.03712749999999687	epochs	3.0
854.5945673948243	0.07331629999998768	epochs	2.0
854.5945673948243	0.036812899999972615	epochs	3.0
854.6313802948242	0.03650340000001506	epochs	3.0
854.6678836948242	0.07209899999998015	epochs	2.0
854.6678836948242	0.03619909999997617	epochs	3.0
854.7040827948242	0.03589990000000398	epochs	3.0
854.7399826948242	0.07092169999998532	epochs	2.0
854.7399826948242	0.03560560000005353	epochs	3.0
854.7755882948243	0.035316099999931794	epochs	3.0
854.8109043948242	0.06978200000003199	epochs	2.0
854.8109043948242	0.03503120000004856	epochs	3.0
854.8459355948243	0.03475079999998343	epochs	3.0
854.8806863948242	0.06867859999999837	epochs	2.0
854.8806863948242	0.03447510000000875	epochs	3.0
854.9151614948242	0.03420349999998962	epochs	3.0
854.9493649948242	0.06760929999995824	epochs	2.0
854.9493649948242	0.033936199999970995	epochs	3.0
854.9833011948242	0.033673099999987244	epochs	3.0
855.0169742948242	0.06657289999998284	epochs	2.0
855.0169742948242	0.03341399999999339	epochs	3.0
855.0503882948242	0.033158899999989444	epochs	3.0
855.0835471948242	0.06556780000005347	epochs	2.0
855.0835471948242	0.032907700000009754	epochs	3.0
855.1164548948242	0.03266010000004371	epochs	3.0
855.1491149948242	0.06459259999996902	epochs	2.0
855.1491149948242	0.032416399999988244	epochs	3.0
855.1815313948242	0.03217619999998078	epochs	3.0
855.2137075948242	0.06364600000006249	epochs	2.0
855.2137075948242	0.03193959999998697	epochs	3.0
855.2456471948242	0.03170640000007552	epochs	3.0
855.2773535948243	0.0627266999999847	epochs	2.0
855.2773535948243	0.031476599999905375	epochs	3.0
855.3088301948242	0.03125010000007933	epochs	3.0
855.3400802948242	0.06183359999999993	epochs	2.0
855.3400802948242	0.03102689999991526	epochs	3.0
855.3711071948242	0.030806700000084675	epochs	3.0
855.4019138948242	0.060965599999917686	epochs	2.0
855.4019138948242	0.030589799999916067	epochs	3.0
855.4325036948242	0.030375800000001618	epochs	3.0
855.4628794948242	0.06012160000000222	epochs	2.0
855.4628794948242	0.030164900000045236	epochs	3.0
855.4930443948242	0.02995669999995698	epochs	3.0
855.5230010948242	0.05930069999999432	epochs	2.0
855.5230010948242	0.029751600000054168	epochs	3.0
855.5527526948242	0.029549099999940154	epochs	3.0
855.5823017948242	0.05850180000004457	epochs	2.0
855.5823017948242	0.02934940000000097	epochs	3.0
855.6116511948242	0.0291524000000436	epochs	3.0
855.6408035948242	0.057724200000052406	epochs	2.0
855.6408035948242	0.028957999999988715	epochs	3.0
855.6697615948242	0.02876620000006369	epochs	3.0
855.6985277948243	0.05696709999995164	epochs	2.0
855.6985277948243	0.028576999999927466	epochs	3.0
855.7271047948242	0.028390100000024177	epochs	3.0
855.7554948948242	0.05622949999997218	epochs	2.0
855.7554948948242	0.028205700000057732	epochs	3.0
855.7837005948243	0.028023799999914445	epochs	3.0
855.8117243948242	0.05551070000001346	epochs	2.0
855.8117243948242	0.02784400000007281	epochs	3.0
855.8395683948243	0.027666699999940647	epochs	3.0
855.8672350948242	0.054810200000019904	epochs	2.0
855.8672350948242	0.02749149999999645	epochs	3.0
855.8947265948242	0.027318700000023455	epochs	3.0
855.9220452948242	0.05412699999999404	epochs	2.0
855.9220452948242	0.027147799999966082	epochs	3.0
855.9491930948242	0.02697920000002796	epochs	3.0
855.9761722948242	0.053460699999959616	epochs	2.0
855.9761722948242	0.0268125999999711	epochs	3.0
856.0029848948242	0.026648099999988517	epochs	3.0
856.0296329948242	0.05281070000000909	epochs	2.0
856.0296329948242	0.026485600000000886	epochs	3.0
856.0561185948242	0.026325100000008206	epochs	3.0
856.0824436948242	0.05217620000007628	epochs	2.0
856.0824436948242	0.026166400000079193	epochs	3.0
856.1086100948243	0.026009799999997085	epochs	3.0
856.1346198948243	0.051556699999991906	epochs	2.0
856.1346198948243	0.025854799999933675	epochs	3.0
856.1604746948242	0.02570190000005823	epochs	3.0
856.1861765948242	0.05095189999997274	epochs	2.0
856.1861765948242	0.025550699999939752	epochs	3.0
856.2117272948242	0.025401200000032986	epochs	3.0
856.2371284948242	0.05036099999995258	epochs	2.0
856.2371284948242	0.025253499999962514	epochs	3.0
856.2623819948242	0.02510749999999007	epochs	3.0
856.2874894948242	0.049783800000000156	epochs	2.0
856.2874894948242	0.02496320000000196	epochs	3.0
856.3124526948242	0.024820599999998194	epochs	3.0
856.3372732948242	0.049219500000049266	epochs	2.0
856.3372732948242	0.02467940000008184	epochs	3.0
856.3619526948243	0.024540099999967424	epochs	3.0
856.3864927948242	0.048667899999941255	epochs	2.0
856.3864927948242	0.02440209999997478	epochs	3.0
856.4108948948242	0.024265799999966475	epochs	3.0
856.4351606948242	0.04812860000004093	epochs	2.0
856.4351606948242	0.024131000000011227	epochs	3.0
856.4592916948242	0.023997600000029706	epochs	3.0
856.4832892948242	0.047601100000065344	epochs	2.0
856.4832892948242	0.023865800000066884	epochs	3.0
856.5071550948243	0.02373529999999846	epochs	3.0
856.5308903948243	0.04708499999992455	epochs	2.0
856.5308903948243	0.023606299999983094	epochs	3.0
856.5544966948243	0.023478699999941455	epochs	3.0
856.5779753948242	0.04658000000006268	epochs	2.0
856.5779753948242	0.02335249999998723	epochs	3.0
856.6013278948242	0.02322750000007545	epochs	3.0
856.6245553948243	0.04608569999993506	epochs	2.0
856.6245553948243	0.023103999999989355	epochs	3.0
856.6476593948242	0.022981699999945704	epochs	3.0
856.6706410948242	0.045601799999985815	epochs	2.0
856.6706410948242	0.022860700000023826	epochs	3.0
856.6935017948242	0.02274109999996199	epochs	3.0
856.7162428948242	0.04512790000001132	epochs	2.0
856.7162428948242	0.022622500000011314	epochs	3.0
856.7388653948242	0.02250540000000001	epochs	3.0
856.7613707948242	0.0446638000000803	epochs	2.0
856.7613707948242	0.02238929999998618	epochs	3.0
856.7837600948242	0.022274500000094122	epochs	3.0
856.8060345948243	0.04420919999995476	epochs	2.0
856.8060345948243	0.022160799999937808	epochs	3.0
856.8281953948242	0.022048400000016954	epochs	3.0
856.8502437948242	0.043763600000033875	epochs	2.0
856.8502437948242	0.021936900000014248	epochs	3.0
856.8721806948242	0.021826700000019628	epochs	3.0
856.8940073948243	0.04332709999994222	epochs	2.0
856.8940073948243	0.021717599999988124	epochs	3.0
856.9157249948242	0.021609499999954096	epochs	3.0
856.9373344948242	0.04289900000003399	epochs	2.0
856.9373344948242	0.02150249999999687	epochs	3.0
856.9588369948242	0.021396500000037122	epochs	3.0
856.9802334948242	0.042479500000013104	epochs	2.0
856.9802334948242	0.02129170000000613	epochs	3.0
857.0015251948242	0.021187800000006973	epochs	3.0
857.0227129948242	0.042067900000006375	epochs	2.0
857.0227129948242	0.02108490000000529	epochs	3.0
857.0437978948243	0.020983000000001084	epochs	3.0
857.0647808948243	0.04166439999994509	epochs	2.0
857.0647808948243	0.020882199999959994	epochs	3.0
857.0856630948242	0.020782199999985096	epochs	3.0
857.1064452948242	0.04126850000000104	epochs	2.0
857.1064452948242	0.020683299999973315	epochs	3.0
857.1271285948242	0.020585200000027726	epochs	3.0
857.1477137948242	0.04088000000001557	epochs	2.0
857.1477137948242	0.020488099999965925	epochs	3.0
857.1682018948242	0.020391900000049645	epochs	3.0
857.1885937948242	0.04049880000002304	epochs	2.0
857.1885937948242	0.020296600000051512	epochs	3.0
857.2088903948243	0.020202199999971526	epochs	3.0
857.2290925948242	0.04012460000001283	epochs	2.0
857.2290925948242	0.020108699999923374	epochs	3.0
857.2492012948242	0.02001590000008946	epochs	3.0
857.2692171948243	0.03975730000001931	epochs	2.0
857.2692171948243	0.019924199999991288	epochs	3.0
857.2891413948242	0.019833100000028026	epochs	3.0
857.3089744948243	0.03939669999999751	epochs	2.0
857.3089744948243	0.01974299999994855	epochs	3.0
857.3287174948242	0.019653700000048957	epochs	3.0
857.3483711948243	0.03904239999997117	epochs	2.0
857.3483711948243	0.019565099999908853	epochs	3.0
857.3679362948242	0.019477300000062314	epochs	3.0
857.3874135948242	0.03869459999998526	epochs	2.0
857.3874135948242	0.019390400000020236	epochs	3.0
857.4068039948243	0.01930419999996502	epochs	3.0
857.4261081948242	0.03835289999994984	epochs	2.0
857.4261081948242	0.019218799999976	epochs	3.0
857.4453269948242	0.01913409999997384	epochs	3.0
857.4644610948242	0.03801720000001296	epochs	2.0
857.4644610948242	0.019050200000037876	epochs	3.0
857.4835112948242	0.018966999999975087	epochs	3.0
857.5024782948242	0.037687200000050325	epochs	2.0
857.5024782948242	0.01888450000001285	epochs	3.0
857.5213627948242	0.018802700000037476	epochs	3.0
857.5401654948242	0.03736309999999321	epochs	2.0
857.5401654948242	0.018721700000014607	epochs	3.0
857.5588871948243	0.018641399999978603	epochs	3.0
857.5775285948242	0.03704429999993408	epochs	2.0
857.5775285948242	0.01856159999999818	epochs	3.0
857.5960901948242	0.018482699999935903	epochs	3.0
857.6145728948242	0.0367310000000316	epochs	2.0
857.6145728948242	0.018404300000042895	epochs	3.0
857.6329771948242	0.018326699999988705	epochs	3.0
857.6513038948242	0.036422900000047775	epochs	2.0
857.6513038948242	0.018249599999990096	epochs	3.0
857.6695534948242	0.01817330000005768	epochs	3.0
857.6877267948242	0.03612009999994825	epochs	2.0
857.6877267948242	0.0180976000000328	epochs	3.0
857.7058243948243	0.018022499999915453	epochs	3.0
857.7238468948242	0.03582210000001851	epochs	2.0
857.7238468948242	0.017947900000081063	epochs	3.0
857.7417947948243	0.017874199999937446	epochs	3.0
857.7596689948242	0.03552899999999681	epochs	2.0
857.7596689948242	0.017800800000031813	epochs	3.0
857.7774697948242	0.017728199999965	epochs	3.0
857.7951979948242	0.03524070000003121	epochs	2.0
857.7951979948242	0.017656099999953767	epochs	3.0
857.8128540948242	0.017584600000077444	epochs	3.0
857.8304386948242	0.03495709999992869	epochs	2.0
857.8304386948242	0.01751369999999497	epochs	3.0
857.8479523948242	0.017443399999933717	epochs	3.0
857.8653957948242	0.03467790000001969	epochs	2.0
857.8653957948242	0.017373600000041733	epochs	3.0
857.8827693948242	0.017304299999977957	epochs	3.0
857.9000736948242	0.03440330000000813	epochs	2.0
857.9000736948242	0.01723570000001473	epochs	3.0
857.9173093948242	0.0171675999999934	epochs	3.0
857.9344769948242	0.0341328000000658	epochs	2.0
857.9344769948242	0.017099900000062007	epochs	3.0
857.9515768948243	0.017032900000003792	epochs	3.0
857.9686097948243	0.033866699999975935	epochs	2.0
857.9686097948243	0.01696640000000116	epochs	3.0
857.9855761948243	0.016900299999974777	epochs	3.0
858.0024764948242	0.03360459999998966	epochs	2.0
858.0024764948242	0.01683479999996962	epochs	3.0
858.0193112948242	0.01676980000002004	epochs	3.0
858.0360810948242	0.033346599999958926	epochs	2.0
858.0360810948242	0.016705300000012357	epochs	3.0
858.0527863948242	0.01664129999994657	epochs	3.0
858.0694276948242	0.03309250000006614	epochs	2.0
858.0694276948242	0.016577800000050047	epochs	3.0
858.0860054948242	0.01651470000001609	epochs	3.0
858.1025201948243	0.03284229999997024	epochs	2.0
858.1025201948243	0.01645220000000336	epochs	3.0
858.1189723948243	0.01639009999996688	epochs	3.0
858.1353624948242	0.03259570000000167	epochs	2.0
858.1353624948242	0.016328400000020338	epochs	3.0
858.1516908948242	0.016267299999981333	epochs	3.0
858.1679581948242	0.032352899999978035	epochs	2.0
858.1679581948242	0.016206600000032267	epochs	3.0
858.1841647948243	0.016146299999945768	epochs	3.0
858.2003110948242	0.03211369999996805	epochs	2.0
858.2003110948242	0.016086599999994178	epochs	3.0
858.2163976948242	0.01602709999997387	epochs	3.0
858.2324247948242	0.03187800000000607	epochs	2.0
858.2324247948242	0.015968200000088473	epochs	3.0
858.2483929948243	0.015909799999917595	epochs	3.0
858.2643027948242	0.031645700000012766	epochs	2.0
858.2643027948242	0.01585160000001906	epochs	3.0
858.2801543948242	0.015794099999993705	epochs	3.0
858.2959484948242	0.0314167000000225	epochs	2.0
858.2959484948242	0.015736700000047676	epochs	3.0
858.3116851948242	0.015679999999974825	epochs	3.0
858.3273651948242	0.031191100000000915	epochs	2.0
858.3273651948242	0.015623600000026272	epochs	3.0
858.3429887948242	0.015567499999974643	epochs	3.0
858.3585562948242	0.030968700000016725	epochs	2.0
858.3585562948242	0.015512000000057924	epochs	3.0
858.3740682948243	0.0154566999999588	epochs	3.0
858.3895249948242	0.030749499999956242	epochs	2.0
858.3895249948242	0.015401999999994587	epochs	3.0
858.4049269948242	0.015347499999961656	epochs	3.0
858.4202744948242	0.03053320000003623	epochs	2.0
858.4202744948242	0.015293400000018664	epochs	3.0
858.4355678948242	0.015239800000017567	epochs	3.0
858.4508076948242	0.03032010000003993	epochs	2.0
858.4508076948242	0.015186500000027081	epochs	3.0
858.4659941948242	0.015133600000012848	epochs	3.0
858.4811277948243	0.030109899999956724	epochs	2.0
858.4811277948243	0.015081000000009226	epochs	3.0
858.4962087948243	0.015028899999947498	epochs	3.0
858.5112376948242	0.02990250000004835	epochs	2.0
858.5112376948242	0.014977000000044427	epochs	3.0
858.5262146948243	0.014925500000003922	epochs	3.0
858.5411401948243	0.029698099999905025	epochs	2.0
858.5411401948243	0.01487439999993967	epochs	3.0
858.5560145948242	0.014823699999965356	epochs	3.0
858.5708382948242	0.02949630000000525	epochs	2.0
858.5708382948242	0.014773200000036013	epochs	3.0
858.5856114948242	0.014723099999969236	epochs	3.0
858.6003345948242	0.02929740000001857	epochs	2.0
858.6003345948242	0.014673399999992398	epochs	3.0
858.6150079948242	0.014624000000026172	epochs	3.0
858.6296319948242	0.029101100000048064	epochs	2.0
858.6296319948242	0.014574900000070556	epochs	3.0
858.6442068948243	0.014526199999977507	epochs	3.0
858.6587330948242	0.028907399999980044	epochs	2.0
858.6587330948242	0.014477699999929428	epochs	3.0
858.6732107948242	0.014429700000050616	epochs	3.0
858.6876404948242	0.028716199999962555	epochs	2.0
858.6876404948242	0.014381800000023759	epochs	3.0
858.7020222948242	0.014334399999938796	epochs	3.0
858.7163566948242	0.028527600000074926	epochs	2.0
858.7163566948242	0.01428720000001249	epochs	3.0
858.7306438948242	0.014240400000062436	epochs	3.0
858.7448842948243	0.028341399999931127	epochs	2.0
858.7448842948243	0.014193799999929979	epochs	3.0
858.7590780948242	0.014147600000001148	epochs	3.0
858.7732256948242	0.028157700000065233	epochs	2.0
858.7732256948242	0.014101699999969242	epochs	3.0
858.7873273948242	0.014056000000095992	epochs	3.0
858.8013833948243	0.027976299999977527	epochs	2.0
858.8013833948243	0.01401060000000598	epochs	3.0
858.8153939948243	0.013965699999971548	epochs	3.0
858.8293596948242	0.02779720000000907	epochs	2.0
858.8293596948242	0.013920799999937117	epochs	3.0
858.8432804948242	0.013876400000071953	epochs	3.0
858.8571568948242	0.027620399999932488	epochs	2.0
858.8571568948242	0.013832200000024386	epochs	3.0
858.8709890948243	0.013788199999908102	epochs	3.0
858.8847772948242	0.02744590000008884	epochs	2.0
858.8847772948242	0.013744599999995444	epochs	3.0
858.8985218948242	0.013701300000093397	epochs	3.0
858.9122231948243	0.027273499999978412	epochs	2.0
858.9122231948243	0.013658200000008947	epochs	3.0
858.9258813948243	0.013615299999969466	epochs	3.0
858.9394966948242	0.027103399999987232	epochs	2.0
858.9394966948242	0.013572800000019924	epochs	3.0
858.9530694948243	0.013530599999967308	epochs	3.0
858.9666000948242	0.02693520000002536	epochs	2.0
858.9666000948242	0.013488400000028378	epochs	3.0
858.9800884948243	0.013446799999996983	epochs	3.0
858.9935352948243	0.026769199999989723	epochs	2.0
858.9935352948243	0.013405199999965589	epochs	3.0
859.0069404948242	0.013364000000024134	epochs	3.0
859.0203044948242	0.026605199999949036	epochs	2.0
859.0203044948242	0.013322899999934634	epochs	3.0
859.0336273948242	0.013282300000014402	epochs	3.0
859.0469096948242	0.026443200000016986	epochs	2.0
859.0469096948242	0.013241699999980483	epochs	3.0
859.0601513948242	0.013201500000036503	epochs	3.0
859.0733528948242	0.0262831999999662	epochs	2.0
859.0733528948242	0.013161500000023807	epochs	3.0
859.0865143948242	0.013121699999942393	epochs	3.0
859.0996360948242	0.02612500000009277	epochs	2.0
859.0996360948242	0.013082100000019636	epochs	3.0
859.1127181948242	0.013042900000073132	epochs	3.0
859.1257610948243	0.025968899999952555	epochs	2.0
859.1257610948243	0.013003899999944224	epochs	3.0
859.1387649948242	0.012965000000008331	epochs	3.0
859.1517299948242	0.025814500000024054	epochs	2.0
859.1517299948242	0.012926399999969362	epochs	3.0
859.1646563948242	0.012888100000054692	epochs	3.0
859.1775444948242	0.025661899999931848	epochs	2.0
859.1775444948242	0.012849899999991976	epochs	3.0
859.1903943948242	0.012811999999939871	epochs	3.0
859.2032063948242	0.025511200000096323	epochs	2.0
859.2032063948242	0.012774400000012065	epochs	3.0
859.2159807948242	0.012736800000084258	epochs	3.0
859.2287175948243	0.025362299999983406	epochs	2.0
859.2287175948243	0.01269969999998466	epochs	3.0
859.2414172948243	0.012662599999998747	epochs	3.0
859.2540798948243	0.025215000000002874	epochs	2.0
859.2540798948243	0.01262579999990976	epochs	3.0
859.2667056948242	0.012589200000093115	epochs	3.0
859.2792948948243	0.024584799999956886	epochs	2.0
859.3024921948243	0.5	epochs	-1.0
859.3038796948242	0.5307199999999739	epochs	1.0
859.8345996948242	0.4692000000000007	epochs	0.0
860.9609999656677	0.1088799999999992	epochs	0.0
860.9609999656677	0.04944239999997535	epochs	1.0
861.0104423656677	0.009995200000048499	epochs	1.0
861.0204375656677	0.04944239999997535	epochs	1.0
861.0698799656677	2.0	epochs	0.0
863.0698799656677	21.999919999999975	epochs	0.0
863.0698799656677	1.0	epochs	1.0
863.0699324656678	0.5	epochs	-1.0
863.5699324656678	19.998559999999998	epochs	-1.0
864.0698799656677	20.0	epochs	1.0
864.0698799656677	4.356753900000058	epochs	-1.0
864.0698799656677	1.9745871999999736	epochs	2.0
864.0698799656677	1.0985621999999466	epochs	3.0
865.1684421656677	0.8760250000000269	epochs	3.0
866.0444671656677	1.3524075000000266	epochs	2.0
866.0444671656677	0.7286354999999958	epochs	3.0
866.7731026656677	0.6237720000000309	epochs	3.0
867.3968746656677	1.0297592000000577	epochs	2.0
867.3968746656677	0.5453293000000485	epochs	3.0
867.9422039656678	0.4844299000000092	epochs	3.0
868.4266338656678	0.8317861999998968	epochs	2.0
868.4266338656678	0.4357762999999295	epochs	3.0
868.8624101656677	0.3960098999999673	epochs	3.0
869.2584200656677	0.6977970000000369	epochs	2.0
869.2584200656677	0.3628982000000178	epochs	3.0
869.6213182656677	0.33489880000001904	epochs	3.0
869.9562170656677	0.601045699999986	epochs	2.0
869.9562170656677	0.3109123000000409	epochs	3.0
870.2671293656678	0.29013339999994514	epochs	3.0
870.5572627656677	0.5278859000000011	epochs	2.0
870.5572627656677	0.2719586000000618	epochs	3.0
870.8292213656678	0.25592729999993935	epochs	3.0
871.0851486656677	0.4706193000000667	epochs	2.0
871.0851486656677	0.241681299999982	epochs	3.0
871.3268299656677	0.22893800000008468	epochs	3.0
871.5557679656678	0.42457039999999324	epochs	2.0
871.5557679656678	0.2174713999999085	epochs	3.0
871.7732393656677	0.20709900000008474	epochs	3.0
871.9803383656678	0.3867353999999068	epochs	2.0
871.9803383656678	0.19767109999997956	epochs	3.0
872.1780094656677	0.18906429999992724	epochs	3.0
872.3670737656677	0.3550953000000163	epochs	2.0
872.3670737656677	0.18117590000008477	epochs	3.0
872.5482496656678	0.17391939999993156	epochs	3.0
872.7221690656677	0.3282431000000088	epochs	2.0
872.7221690656677	0.1672219000000723	epochs	3.0
872.8893909656678	0.16102119999993647	epochs	3.0
873.0504121656677	0.30516799999998057	epochs	2.0
873.0504121656677	0.15526390000002266	epochs	3.0
873.2056760656677	0.1499040999999579	epochs	3.0
873.3555801656677	0.28512530000000424	epochs	2.0
873.3555801656677	0.1449021000000812	epochs	3.0
873.5004822656678	0.14022319999992305	epochs	3.0
873.6407054656677	0.267553800000087	epochs	2.0
873.6407054656677	0.1358369000000721	epochs	3.0
873.7765423656678	0.1317169000000149	epochs	3.0
873.9082592656678	0.252022899999929	epochs	2.0
873.9082592656678	0.1278393000000051	epochs	3.0
874.0360985656678	0.1241835999999239	epochs	3.0
874.1602821656677	0.23819650000007186	epochs	2.0
874.1602821656677	0.12073110000005727	epochs	3.0
874.2810132656678	0.1174654000000146	epochs	3.0
874.3984786656678	0.2258087999999816	epochs	2.0
874.3984786656678	0.1143718999999237	epochs	3.0
874.5128505656677	0.1114369000000579	epochs	3.0
874.6242874656677	0.2146460000000161	epochs	2.0
874.6242874656677	0.10864889999993466	epochs	3.0
874.7329363656677	0.10599710000008145	epochs	3.0
874.8389334656678	0.20453499999996438	epochs	2.0
874.8389334656678	0.10347149999995509	epochs	3.0
874.9424049656677	0.1010635000000093	epochs	3.0
875.0434684656677	0.19533400000000256	epochs	2.0
875.0434684656677	0.09876510000003691	epochs	3.0
875.1422335656678	0.09656889999996565	epochs	3.0
875.2388024656677	0.18692529999998442	epochs	2.0
875.2388024656677	0.09446830000001682	epochs	3.0
875.3332707656677	0.09245699999996759	epochs	3.0
875.4257277656677	0.17921069999999872	epochs	2.0
875.4257277656677	0.09052959999996801	epochs	3.0
875.5162573656677	0.08868110000003071	epochs	3.0
875.6049384656677	0.17210769999996955	epochs	2.0
875.6049384656677	0.08690630000000965	epochs	3.0
875.6918447656677	0.0852013999999599	epochs	3.0
875.7770461656677	0.16554640000003928	epochs	2.0
875.7770461656677	0.08356190000006336	epochs	3.0
875.8606080656677	0.08198449999997592	epochs	3.0
875.9425925656677	0.15946710000002895	epochs	2.0
875.9425925656677	0.08046539999998004	epochs	3.0
876.0230579656677	0.07900170000004891	epochs	3.0
876.1020596656678	0.15381839999997737	epochs	2.0
876.1020596656678	0.07759009999995214	epochs	3.0
876.1796497656677	0.07622830000002523	epochs	3.0
876.2558780656677	0.14855639999996129	epochs	2.0
876.2558780656677	0.07491330000004837	epochs	3.0
876.3307913656678	0.07364309999991292	epochs	3.0
876.4044344656677	0.14364240000008976	epochs	2.0
876.4044344656677	0.07241499999997814	epochs	3.0
876.4768494656677	0.07122740000011163	epochs	3.0
876.5480768656678	0.13904309999998077	epochs	2.0
876.5480768656678	0.07007799999996678	epochs	3.0
876.6181548656677	0.06896510000001399	epochs	3.0
876.6871199656678	0.1347293000000036	epochs	2.0
876.6871199656678	0.0678871000000072	epochs	3.0
876.7550070656678	0.06684219999999641	epochs	3.0
876.8218492656678	0.13067519999992783	epochs	2.0
876.8218492656678	0.06582909999997355	epochs	3.0
876.8876783656677	0.06484609999995428	epochs	3.0
876.9525244656677	0.12685780000003888	epochs	2.0
876.9525244656677	0.06389200000000983	epochs	3.0
877.0164164656677	0.06296580000002905	epochs	3.0
877.0793822656677	0.12325720000001184	epochs	2.0
877.0793822656677	0.06206580000002759	epochs	3.0
877.1414480656678	0.06119139999998424	epochs	3.0
877.2026394656677	0.11985540000000583	epochs	2.0
877.2026394656677	0.060341099999959624	epochs	3.0
877.2629805656677	0.059514300000046205	epochs	3.0
877.3224948656677	0.11663620000001629	epochs	2.0
877.3224948656677	0.058709599999929196	epochs	3.0
877.3812044656677	0.05792660000008709	epochs	3.0
877.4391310656678	0.11358559999996487	epochs	2.0
877.4391310656678	0.05716419999998834	epochs	3.0
877.4962952656678	0.05642139999997653	epochs	3.0
877.5527166656677	0.11069050000003244	epochs	2.0
877.5527166656677	0.055697900000041045	epochs	3.0
877.6084145656678	0.0549925999999914	epochs	3.0
877.6634071656678	0.10793909999995321	epochs	2.0
877.6634071656678	0.05430489999992005	epochs	3.0
877.7177120656677	0.05363420000003316	epochs	3.0
877.7713462656677	0.10532150000005913	epochs	2.0
877.7713462656677	0.05298000000004777	epochs	3.0
877.8243262656678	0.052341500000011365	epochs	3.0
877.8766677656678	0.10282759999995505	epochs	2.0
877.8766677656678	0.051718099999902734	epochs	3.0
877.9283858656677	0.05110950000005232	epochs	3.0
877.9794953656677	0.10044909999999163	epochs	2.0
877.9794953656677	0.05051489999993919	epochs	3.0
878.0300102656677	0.04993420000005244	epochs	3.0
878.0799444656677	0.0981782999999723	epochs	2.0
878.0799444656677	0.04936659999998483	epochs	3.0
878.1293110656677	0.04881169999998747	epochs	3.0
878.1781227656677	0.09600780000005216	epochs	2.0
878.1781227656677	0.04826920000004975	epochs	3.0
878.2263919656677	0.04773860000000241	epochs	3.0
878.2741305656677	0.09393119999992905	epochs	2.0
878.2741305656677	0.04721949999998287	epochs	3.0
878.3213500656677	0.04671169999994618	epochs	3.0
878.3680617656677	0.09194260000003851	epochs	2.0
878.3680617656677	0.04621460000009847	epochs	3.0
878.4142763656678	0.04572799999994004	epochs	3.0
878.4600043656677	0.09003630000006524	epochs	2.0
878.4600043656677	0.04525150000006306	epochs	3.0
878.5052558656678	0.04478480000000218	epochs	3.0
878.5500406656678	0.08820759999991878	epochs	2.0
878.5500406656678	0.04432779999990544	epochs	3.0
878.5943684656677	0.04387980000001335	epochs	3.0
878.6382482656677	0.0864516999999978	epochs	2.0
878.6382482656677	0.04344100000002982	epochs	3.0
878.6816892656677	0.04301069999996798	epochs	3.0
878.7246999656677	0.0847643000000744	epochs	2.0
878.7246999656677	0.04258900000002086	epochs	3.0
878.7672889656677	0.04217530000005354	epochs	3.0
878.8094642656678	0.08314149999989695	epochs	2.0
878.8094642656678	0.041769699999917975	epochs	3.0
878.8512339656677	0.041371799999978975	epochs	3.0
878.8926057656677	0.08157970000002024	epochs	2.0
878.8926057656677	0.04098140000007788	epochs	3.0
878.9335871656677	0.040598299999942355	epochs	3.0
878.9741854656677	0.08007550000002084	epochs	2.0
878.9741854656677	0.04022229999998217	epochs	3.0
879.0144077656677	0.03985320000003867	epochs	3.0
879.0542609656677	0.07862569999997504	epochs	2.0
879.0542609656677	0.039490800000066884	epochs	3.0
879.0937517656678	0.03913489999990816	epochs	3.0
879.1328866656677	0.07722760000001472	epochs	2.0
879.1328866656677	0.038785400000051595	epochs	3.0
879.1716720656677	0.03844219999996312	epochs	3.0
879.2101142656677	0.07587820000003376	epochs	2.0
879.2101142656677	0.038104800000041905	epochs	3.0
879.2482190656677	0.03777339999999185	epochs	3.0
879.2859924656677	0.0745752000000266	epochs	2.0
879.2859924656677	0.03744770000002973	epochs	3.0
879.3234401656678	0.03712749999999687	epochs	3.0
879.3605676656678	0.07331629999998768	epochs	2.0
879.3605676656678	0.036812899999972615	epochs	3.0
879.3973805656677	0.03650340000001506	epochs	3.0
879.4338839656677	0.07209899999998015	epochs	2.0
879.4338839656677	0.03619909999997617	epochs	3.0
879.4700830656677	0.03589990000000398	epochs	3.0
879.5059829656677	0.07092169999998532	epochs	2.0
879.5059829656677	0.03560560000005353	epochs	3.0
879.5415885656678	0.035316099999931794	epochs	3.0
879.5769046656677	0.06978200000003199	epochs	2.0
879.5769046656677	0.03503120000004856	epochs	3.0
879.6119358656678	0.03475079999998343	epochs	3.0
879.6466866656677	0.06867859999999837	epochs	2.0
879.6466866656677	0.03447510000000875	epochs	3.0
879.6811617656678	0.03420349999998962	epochs	3.0
879.7153652656677	0.06760929999995824	epochs	2.0
879.7153652656677	0.033936199999970995	epochs	3.0
879.7493014656677	0.033673099999987244	epochs	3.0
879.7829745656677	0.06657289999998284	epochs	2.0
879.7829745656677	0.03341399999999339	epochs	3.0
879.8163885656677	0.033158899999989444	epochs	3.0
879.8495474656677	0.06556780000005347	epochs	2.0
879.8495474656677	0.032907700000009754	epochs	3.0
879.8824551656677	0.03266010000004371	epochs	3.0
879.9151152656677	0.06459259999996902	epochs	2.0
879.9151152656677	0.032416399999988244	epochs	3.0
879.9475316656677	0.03217619999998078	epochs	3.0
879.9797078656677	0.06364600000006249	epochs	2.0
879.9797078656677	0.03193959999998697	epochs	3.0
880.0116474656677	0.03170640000007552	epochs	3.0
880.0433538656678	0.0627266999999847	epochs	2.0
880.0433538656678	0.031476599999905375	epochs	3.0
880.0748304656677	0.03125010000007933	epochs	3.0
880.1060805656678	0.06183359999999993	epochs	2.0
880.1060805656678	0.03102689999991526	epochs	3.0
880.1371074656677	0.030806700000084675	epochs	3.0
880.1679141656678	0.060965599999917686	epochs	2.0
880.1679141656678	0.030589799999916067	epochs	3.0
880.1985039656677	0.030375800000001618	epochs	3.0
880.2288797656677	0.06012160000000222	epochs	2.0
880.2288797656677	0.030164900000045236	epochs	3.0
880.2590446656677	0.02995669999995698	epochs	3.0
880.2890013656677	0.05930069999999432	epochs	2.0
880.2890013656677	0.029751600000054168	epochs	3.0
880.3187529656677	0.029549099999940154	epochs	3.0
880.3483020656677	0.05850180000004457	epochs	2.0
880.3483020656677	0.02934940000000097	epochs	3.0
880.3776514656677	0.0291524000000436	epochs	3.0
880.4068038656677	0.057724200000052406	epochs	2.0
880.4068038656677	0.028957999999988715	epochs	3.0
880.4357618656677	0.02876620000006369	epochs	3.0
880.4645280656678	0.05696709999995164	epochs	2.0
880.4645280656678	0.028576999999927466	epochs	3.0
880.4931050656677	0.028390100000024177	epochs	3.0
880.5214951656677	0.05622949999997218	epochs	2.0
880.5214951656677	0.028205700000057732	epochs	3.0
880.5497008656678	0.028023799999914445	epochs	3.0
880.5777246656677	0.05551070000001346	epochs	2.0
880.5777246656677	0.02784400000007281	epochs	3.0
880.6055686656678	0.027666699999940647	epochs	3.0
880.6332353656677	0.054810200000019904	epochs	2.0
880.6332353656677	0.02749149999999645	epochs	3.0
880.6607268656677	0.027318700000023455	epochs	3.0
880.6880455656677	0.05412699999999404	epochs	2.0
880.6880455656677	0.027147799999966082	epochs	3.0
880.7151933656677	0.02697920000002796	epochs	3.0
880.7421725656677	0.053460699999959616	epochs	2.0
880.7421725656677	0.0268125999999711	epochs	3.0
880.7689851656677	0.026648099999988517	epochs	3.0
880.7956332656677	0.05281070000000909	epochs	2.0
880.7956332656677	0.026485600000000886	epochs	3.0
880.8221188656677	0.026325100000008206	epochs	3.0
880.8484439656677	0.05217620000007628	epochs	2.0
880.8484439656677	0.026166400000079193	epochs	3.0
880.8746103656678	0.026009799999997085	epochs	3.0
880.9006201656678	0.051556699999991906	epochs	2.0
880.9006201656678	0.025854799999933675	epochs	3.0
880.9264749656677	0.02570190000005823	epochs	3.0
880.9521768656678	0.05095189999997274	epochs	2.0
880.9521768656678	0.025550699999939752	epochs	3.0
880.9777275656677	0.025401200000032986	epochs	3.0
881.0031287656677	0.05036099999995258	epochs	2.0
881.0031287656677	0.025253499999962514	epochs	3.0
881.0283822656677	0.02510749999999007	epochs	3.0
881.0534897656677	0.049783800000000156	epochs	2.0
881.0534897656677	0.02496320000000196	epochs	3.0
881.0784529656677	0.024820599999998194	epochs	3.0
881.1032735656677	0.049219500000049266	epochs	2.0
881.1032735656677	0.02467940000008184	epochs	3.0
881.1279529656678	0.024540099999967424	epochs	3.0
881.1524930656677	0.048667899999941255	epochs	2.0
881.1524930656677	0.02440209999997478	epochs	3.0
881.1768951656677	0.024265799999966475	epochs	3.0
881.2011609656677	0.04812860000004093	epochs	2.0
881.2011609656677	0.024131000000011227	epochs	3.0
881.2252919656677	0.023997600000029706	epochs	3.0
881.2492895656677	0.047601100000065344	epochs	2.0
881.2492895656677	0.023865800000066884	epochs	3.0
881.2731553656678	0.02373529999999846	epochs	3.0
881.2968906656678	0.04708499999992455	epochs	2.0
881.2968906656678	0.023606299999983094	epochs	3.0
881.3204969656678	0.023478699999941455	epochs	3.0
881.3439756656677	0.04658000000006268	epochs	2.0
881.3439756656677	0.02335249999998723	epochs	3.0
881.3673281656677	0.02322750000007545	epochs	3.0
881.3905556656678	0.04608569999993506	epochs	2.0
881.3905556656678	0.023103999999989355	epochs	3.0
881.4136596656678	0.022981699999945704	epochs	3.0
881.4366413656677	0.045601799999985815	epochs	2.0
881.4366413656677	0.022860700000023826	epochs	3.0
881.4595020656677	0.02274109999996199	epochs	3.0
881.4822431656677	0.04512790000001132	epochs	2.0
881.4822431656677	0.022622500000011314	epochs	3.0
881.5048656656677	0.02250540000000001	epochs	3.0
881.5273710656677	0.0446638000000803	epochs	2.0
881.5273710656677	0.02238929999998618	epochs	3.0
881.5497603656677	0.022274500000094122	epochs	3.0
881.5720348656678	0.04420919999995476	epochs	2.0
881.5720348656678	0.022160799999937808	epochs	3.0
881.5941956656677	0.022048400000016954	epochs	3.0
881.6162440656677	0.043763600000033875	epochs	2.0
881.6162440656677	0.021936900000014248	epochs	3.0
881.6381809656677	0.021826700000019628	epochs	3.0
881.6600076656678	0.04332709999994222	epochs	2.0
881.6600076656678	0.021717599999988124	epochs	3.0
881.6817252656678	0.021609499999954096	epochs	3.0
881.7033347656677	0.04289900000003399	epochs	2.0
881.7033347656677	0.02150249999999687	epochs	3.0
881.7248372656677	0.021396500000037122	epochs	3.0
881.7462337656677	0.042479500000013104	epochs	2.0
881.7462337656677	0.02129170000000613	epochs	3.0
881.7675254656677	0.021187800000006973	epochs	3.0
881.7887132656678	0.042067900000006375	epochs	2.0
881.7887132656678	0.02108490000000529	epochs	3.0
881.8097981656678	0.020983000000001084	epochs	3.0
881.8307811656678	0.04166439999994509	epochs	2.0
881.8307811656678	0.020882199999959994	epochs	3.0
881.8516633656677	0.020782199999985096	epochs	3.0
881.8724455656677	0.04126850000000104	epochs	2.0
881.8724455656677	0.020683299999973315	epochs	3.0
881.8931288656677	0.020585200000027726	epochs	3.0
881.9137140656677	0.04088000000001557	epochs	2.0
881.9137140656677	0.020488099999965925	epochs	3.0
881.9342021656677	0.020391900000049645	epochs	3.0
881.9545940656677	0.04049880000002304	epochs	2.0
881.9545940656677	0.020296600000051512	epochs	3.0
881.9748906656678	0.020202199999971526	epochs	3.0
881.9950928656677	0.04012460000001283	epochs	2.0
881.9950928656677	0.020108699999923374	epochs	3.0
882.0152015656677	0.02001590000008946	epochs	3.0
882.0352174656678	0.03975730000001931	epochs	2.0
882.0352174656678	0.019924199999991288	epochs	3.0
882.0551416656677	0.019833100000028026	epochs	3.0
882.0749747656678	0.03939669999999751	epochs	2.0
882.0749747656678	0.01974299999994855	epochs	3.0
882.0947177656677	0.019653700000048957	epochs	3.0
882.1143714656678	0.03904239999997117	epochs	2.0
882.1143714656678	0.019565099999908853	epochs	3.0
882.1339365656677	0.019477300000062314	epochs	3.0
882.1534138656677	0.03869459999998526	epochs	2.0
882.1534138656677	0.019390400000020236	epochs	3.0
882.1728042656678	0.01930419999996502	epochs	3.0
882.1921084656677	0.03835289999994984	epochs	2.0
882.1921084656677	0.019218799999976	epochs	3.0
882.2113272656677	0.01913409999997384	epochs	3.0
882.2304613656677	0.03801720000001296	epochs	2.0
882.2304613656677	0.019050200000037876	epochs	3.0
882.2495115656677	0.018966999999975087	epochs	3.0
882.2684785656677	0.037687200000050325	epochs	2.0
882.2684785656677	0.01888450000001285	epochs	3.0
882.2873630656677	0.018802700000037476	epochs	3.0
882.3061657656677	0.03736309999999321	epochs	2.0
882.3061657656677	0.018721700000014607	epochs	3.0
882.3248874656678	0.018641399999978603	epochs	3.0
882.3435288656677	0.03704429999993408	epochs	2.0
882.3435288656677	0.01856159999999818	epochs	3.0
882.3620904656677	0.018482699999935903	epochs	3.0
882.3805731656677	0.0367310000000316	epochs	2.0
882.3805731656677	0.018404300000042895	epochs	3.0
882.3989774656677	0.018326699999988705	epochs	3.0
882.4173041656677	0.036422900000047775	epochs	2.0
882.4173041656677	0.018249599999990096	epochs	3.0
882.4355537656677	0.01817330000005768	epochs	3.0
882.4537270656677	0.03612009999994825	epochs	2.0
882.4537270656677	0.0180976000000328	epochs	3.0
882.4718246656678	0.018022499999915453	epochs	3.0
882.4898471656677	0.03582210000001851	epochs	2.0
882.4898471656677	0.017947900000081063	epochs	3.0
882.5077950656678	0.017874199999937446	epochs	3.0
882.5256692656677	0.03552899999999681	epochs	2.0
882.5256692656677	0.017800800000031813	epochs	3.0
882.5434700656677	0.017728199999965	epochs	3.0
882.5611982656677	0.03524070000003121	epochs	2.0
882.5611982656677	0.017656099999953767	epochs	3.0
882.5788543656677	0.017584600000077444	epochs	3.0
882.5964389656677	0.03495709999992869	epochs	2.0
882.5964389656677	0.01751369999999497	epochs	3.0
882.6139526656677	0.017443399999933717	epochs	3.0
882.6313960656677	0.03467790000001969	epochs	2.0
882.6313960656677	0.017373600000041733	epochs	3.0
882.6487696656677	0.017304299999977957	epochs	3.0
882.6660739656677	0.03440330000000813	epochs	2.0
882.6660739656677	0.01723570000001473	epochs	3.0
882.6833096656677	0.0171675999999934	epochs	3.0
882.7004772656677	0.0341328000000658	epochs	2.0
882.7004772656677	0.017099900000062007	epochs	3.0
882.7175771656678	0.017032900000003792	epochs	3.0
882.7346100656678	0.033866699999975935	epochs	2.0
882.7346100656678	0.01696640000000116	epochs	3.0
882.7515764656678	0.016900299999974777	epochs	3.0
882.7684767656677	0.03360459999998966	epochs	2.0
882.7684767656677	0.01683479999996962	epochs	3.0
882.7853115656677	0.01676980000002004	epochs	3.0
882.8020813656677	0.033346599999958926	epochs	2.0
882.8020813656677	0.016705300000012357	epochs	3.0
882.8187866656677	0.01664129999994657	epochs	3.0
882.8354279656677	0.03309250000006614	epochs	2.0
882.8354279656677	0.016577800000050047	epochs	3.0
882.8520057656677	0.01651470000001609	epochs	3.0
882.8685204656678	0.03284229999997024	epochs	2.0
882.8685204656678	0.01645220000000336	epochs	3.0
882.8849726656678	0.01639009999996688	epochs	3.0
882.9013627656677	0.03259570000000167	epochs	2.0
882.9013627656677	0.016328400000020338	epochs	3.0
882.9176911656677	0.016267299999981333	epochs	3.0
882.9339584656677	0.032352899999978035	epochs	2.0
882.9339584656677	0.016206600000032267	epochs	3.0
882.9501650656678	0.016146299999945768	epochs	3.0
882.9663113656677	0.03211369999996805	epochs	2.0
882.9663113656677	0.016086599999994178	epochs	3.0
882.9823979656677	0.01602709999997387	epochs	3.0
882.9984250656677	0.03187800000000607	epochs	2.0
882.9984250656677	0.015968200000088473	epochs	3.0
883.0143932656678	0.015909799999917595	epochs	3.0
883.0303030656677	0.031645700000012766	epochs	2.0
883.0303030656677	0.01585160000001906	epochs	3.0
883.0461546656677	0.015794099999993705	epochs	3.0
883.0619487656677	0.0314167000000225	epochs	2.0
883.0619487656677	0.015736700000047676	epochs	3.0
883.0776854656677	0.015679999999974825	epochs	3.0
883.0933654656677	0.031191100000000915	epochs	2.0
883.0933654656677	0.015623600000026272	epochs	3.0
883.1089890656677	0.015567499999974643	epochs	3.0
883.1245565656677	0.030968700000016725	epochs	2.0
883.1245565656677	0.015512000000057924	epochs	3.0
883.1400685656678	0.0154566999999588	epochs	3.0
883.1555252656677	0.030749499999956242	epochs	2.0
883.1555252656677	0.015401999999994587	epochs	3.0
883.1709272656677	0.015347499999961656	epochs	3.0
883.1862747656677	0.03053320000003623	epochs	2.0
883.1862747656677	0.015293400000018664	epochs	3.0
883.2015681656677	0.015239800000017567	epochs	3.0
883.2168079656677	0.03032010000003993	epochs	2.0
883.2168079656677	0.015186500000027081	epochs	3.0
883.2319944656678	0.015133600000012848	epochs	3.0
883.2471280656678	0.030109899999956724	epochs	2.0
883.2471280656678	0.015081000000009226	epochs	3.0
883.2622090656678	0.015028899999947498	epochs	3.0
883.2772379656677	0.02990250000004835	epochs	2.0
883.2772379656677	0.014977000000044427	epochs	3.0
883.2922149656678	0.014925500000003922	epochs	3.0
883.3071404656678	0.029698099999905025	epochs	2.0
883.3071404656678	0.01487439999993967	epochs	3.0
883.3220148656677	0.014823699999965356	epochs	3.0
883.3368385656677	0.02949630000000525	epochs	2.0
883.3368385656677	0.014773200000036013	epochs	3.0
883.3516117656677	0.014723099999969236	epochs	3.0
883.3663348656677	0.02929740000001857	epochs	2.0
883.3663348656677	0.014673399999992398	epochs	3.0
883.3810082656677	0.014624000000026172	epochs	3.0
883.3956322656677	0.029101100000048064	epochs	2.0
883.3956322656677	0.014574900000070556	epochs	3.0
883.4102071656678	0.014526199999977507	epochs	3.0
883.4247333656677	0.028907399999980044	epochs	2.0
883.4247333656677	0.014477699999929428	epochs	3.0
883.4392110656677	0.014429700000050616	epochs	3.0
883.4536407656677	0.028716199999962555	epochs	2.0
883.4536407656677	0.014381800000023759	epochs	3.0
883.4680225656678	0.014334399999938796	epochs	3.0
883.4823569656677	0.028527600000074926	epochs	2.0
883.4823569656677	0.01428720000001249	epochs	3.0
883.4966441656677	0.014240400000062436	epochs	3.0
883.5108845656678	0.028341399999931127	epochs	2.0
883.5108845656678	0.014193799999929979	epochs	3.0
883.5250783656677	0.014147600000001148	epochs	3.0
883.5392259656677	0.028157700000065233	epochs	2.0
883.5392259656677	0.014101699999969242	epochs	3.0
883.5533276656677	0.014056000000095992	epochs	3.0
883.5673836656678	0.027976299999977527	epochs	2.0
883.5673836656678	0.01401060000000598	epochs	3.0
883.5813942656678	0.013965699999971548	epochs	3.0
883.5953599656677	0.02779720000000907	epochs	2.0
883.5953599656677	0.013920799999937117	epochs	3.0
883.6092807656677	0.013876400000071953	epochs	3.0
883.6231571656677	0.027620399999932488	epochs	2.0
883.6231571656677	0.013832200000024386	epochs	3.0
883.6369893656678	0.013788199999908102	epochs	3.0
883.6507775656677	0.02744590000008884	epochs	2.0
883.6507775656677	0.013744599999995444	epochs	3.0
883.6645221656677	0.013701300000093397	epochs	3.0
883.6782234656678	0.027273499999978412	epochs	2.0
883.6782234656678	0.013658200000008947	epochs	3.0
883.6918816656678	0.013615299999969466	epochs	3.0
883.7054969656677	0.027103399999987232	epochs	2.0
883.7054969656677	0.013572800000019924	epochs	3.0
883.7190697656678	0.013530599999967308	epochs	3.0
883.7326003656677	0.02693520000002536	epochs	2.0
883.7326003656677	0.013488400000028378	epochs	3.0
883.7460887656678	0.013446799999996983	epochs	3.0
883.7595355656678	0.026769199999989723	epochs	2.0
883.7595355656678	0.013405199999965589	epochs	3.0
883.7729407656677	0.013364000000024134	epochs	3.0
883.7863047656678	0.026605199999949036	epochs	2.0
883.7863047656678	0.013322899999934634	epochs	3.0
883.7996276656677	0.013282300000014402	epochs	3.0
883.8129099656677	0.026443200000016986	epochs	2.0
883.8129099656677	0.013241699999980483	epochs	3.0
883.8261516656677	0.013201500000036503	epochs	3.0
883.8393531656677	0.0262831999999662	epochs	2.0
883.8393531656677	0.013161500000023807	epochs	3.0
883.8525146656677	0.013121699999942393	epochs	3.0
883.8656363656677	0.02612500000009277	epochs	2.0
883.8656363656677	0.013082100000019636	epochs	3.0
883.8787184656677	0.013042900000073132	epochs	3.0
883.8917613656678	0.025968899999952555	epochs	2.0
883.8917613656678	0.013003899999944224	epochs	3.0
883.9047652656677	0.012965000000008331	epochs	3.0
883.9177302656677	0.025814500000024054	epochs	2.0
883.9177302656677	0.012926399999969362	epochs	3.0
883.9306566656677	0.012888100000054692	epochs	3.0
883.9435447656678	0.025661899999931848	epochs	2.0
883.9435447656678	0.012849899999991976	epochs	3.0
883.9563946656677	0.012811999999939871	epochs	3.0
883.9692066656677	0.025511200000096323	epochs	2.0
883.9692066656677	0.012774400000012065	epochs	3.0
883.9819810656677	0.012736800000084258	epochs	3.0
883.9947178656678	0.025362299999983406	epochs	2.0
883.9947178656678	0.01269969999998466	epochs	3.0
884.0074175656678	0.012662599999998747	epochs	3.0
884.0200801656678	0.025215000000002874	epochs	2.0
884.0200801656678	0.01262579999990976	epochs	3.0
884.0327059656677	0.012589200000093115	epochs	3.0
884.0452951656678	0.024584799999956886	epochs	2.0
884.0684924656678	0.5	epochs	-1.0
884.0698799656677	0.9999199999999746	epochs	1.0
884.5684924656678	0.5	epochs	-1.0
891.2699999809265	0.1088799999999992	epochs	0.0
891.2699999809265	0.04944239999997535	epochs	1.0
891.3194423809265	0.009995200000048499	epochs	1.0
891.3294375809265	0.04944239999997535	epochs	1.0
891.3788799809265	2.0	epochs	0.0
893.3788799809265	0.5108000000000175	epochs	0.0
893.3788799809265	0.5108000000000175	epochs	1.0
893.3789324809266	0.5	epochs	-1.0
893.8789324809266	0.010747499999979482	epochs	-1.0
893.8896799809265	21.489119999999957	epochs	0.0
895.1529998779297	0.1088799999999992	epochs	0.0
895.1529998779297	0.04944239999997535	epochs	1.0
895.2024422779297	0.009995200000048499	epochs	1.0
895.2124374779297	0.04944239999997535	epochs	1.0
895.2618798779297	2.0	epochs	0.0
897.2618798779297	0.5505600000000186	epochs	0.0
897.2618798779297	0.5505600000000186	epochs	1.0
897.2619323779297	0.5	epochs	-1.0
897.7619323779297	0.05050749999998061	epochs	-1.0
897.8124398779297	21.449359999999956	epochs	0.0
898.8319997787476	0.1088799999999992	epochs	0.0
898.8319997787476	0.04944239999997535	epochs	1.0
898.8814421787475	0.009995200000048499	epochs	1.0
898.8914373787476	0.04944239999997535	epochs	1.0
898.9408797787476	2.0	epochs	0.0
900.9408797787476	5.390639999999962	epochs	0.0
900.9408797787476	1.0	epochs	1.0
900.9409322787476	0.5	epochs	-1.0
901.4409322787476	4.890587499999924	epochs	-1.0
901.9408797787476	4.390639999999962	epochs	1.0
901.9408797787476	4.356753900000058	epochs	-1.0
901.9408797787476	1.9745871999999736	epochs	2.0
901.9408797787476	1.0985621999999466	epochs	3.0
903.0394419787475	0.8760250000000269	epochs	3.0
903.9154669787475	1.3524075000000266	epochs	2.0
903.9154669787475	0.7286354999999958	epochs	3.0
904.6441024787475	0.6237720000000309	epochs	3.0
905.2678744787476	1.0297592000000577	epochs	2.0
905.2678744787476	0.5453293000000485	epochs	3.0
905.8132037787476	0.4844299000000092	epochs	3.0
906.2976336787476	0.03388609999990422	epochs	2.0
906.2976336787476	0.03388609999990422	epochs	3.0
906.3315197787475	16.609280000000012	epochs	0.0
907.4479999542236	0.1088799999999992	epochs	0.0
907.4479999542236	0.04944239999997535	epochs	1.0
907.4974423542236	0.009995200000048499	epochs	1.0
907.5074375542237	0.04944239999997535	epochs	1.0
907.5568799542236	2.0	epochs	0.0
909.5568799542236	0.5111200000000053	epochs	0.0
909.5568799542236	0.5111200000000053	epochs	1.0
909.5569324542237	0.5	epochs	-1.0
910.0569324542237	0.011067499999967367	epochs	-1.0
910.0679999542236	21.48879999999997	epochs	0.0
911.2360000610352	0.1088799999999992	epochs	0.0
911.2360000610352	0.04944239999997535	epochs	1.0
911.2854424610351	0.009995200000048499	epochs	1.0
911.2954376610352	0.04944239999997535	epochs	1.0
911.3448800610352	2.0	epochs	0.0
913.3448800610352	21.53048000000001	epochs	0.0
913.3448800610352	1.0	epochs	1.0
913.3449325610352	0.5	epochs	-1.0
913.8449325610352	19.998719999999935	epochs	-1.0
914.3448800610352	20.0	epochs	1.0
914.3448800610352	4.356753900000058	epochs	-1.0
914.3448800610352	1.9745871999999736	epochs	2.0
914.3448800610352	1.0985621999999466	epochs	3.0
915.4434422610351	0.8760250000000269	epochs	3.0
916.3194672610351	1.3524075000000266	epochs	2.0
916.3194672610351	0.7286354999999958	epochs	3.0
917.0481027610351	0.6237720000000309	epochs	3.0
917.6718747610352	1.0297592000000577	epochs	2.0
917.6718747610352	0.5453293000000485	epochs	3.0
918.2172040610352	0.4844299000000092	epochs	3.0
918.7016339610352	0.8317861999998968	epochs	2.0
918.7016339610352	0.4357762999999295	epochs	3.0
919.1374102610351	0.3960098999999673	epochs	3.0
919.5334201610351	0.6977970000000369	epochs	2.0
919.5334201610351	0.3628982000000178	epochs	3.0
919.8963183610351	0.33489880000001904	epochs	3.0
920.2312171610351	0.601045699999986	epochs	2.0
920.2312171610351	0.3109123000000409	epochs	3.0
920.5421294610352	0.29013339999994514	epochs	3.0
920.8322628610351	0.5278859000000011	epochs	2.0
920.8322628610351	0.2719586000000618	epochs	3.0
921.1042214610352	0.25592729999993935	epochs	3.0
921.3601487610351	0.4706193000000667	epochs	2.0
921.3601487610351	0.241681299999982	epochs	3.0
921.6018300610351	0.22893800000008468	epochs	3.0
921.8307680610352	0.42457039999999324	epochs	2.0
921.8307680610352	0.2174713999999085	epochs	3.0
922.0482394610351	0.20709900000008474	epochs	3.0
922.2553384610352	0.3867353999999068	epochs	2.0
922.2553384610352	0.19767109999997956	epochs	3.0
922.4530095610352	0.18906429999992724	epochs	3.0
922.6420738610351	0.3550953000000163	epochs	2.0
922.6420738610351	0.18117590000008477	epochs	3.0
922.8232497610352	0.17391939999993156	epochs	3.0
922.9971691610351	0.3282431000000088	epochs	2.0
922.9971691610351	0.1672219000000723	epochs	3.0
923.1643910610352	0.16102119999993647	epochs	3.0
923.3254122610351	0.30516799999998057	epochs	2.0
923.3254122610351	0.15526390000002266	epochs	3.0
923.4806761610351	0.1499040999999579	epochs	3.0
923.6305802610351	0.28512530000000424	epochs	2.0
923.6305802610351	0.1449021000000812	epochs	3.0
923.7754823610352	0.14022319999992305	epochs	3.0
923.9157055610351	0.267553800000087	epochs	2.0
923.9157055610351	0.1358369000000721	epochs	3.0
924.0515424610352	0.1317169000000149	epochs	3.0
924.1832593610352	0.252022899999929	epochs	2.0
924.1832593610352	0.1278393000000051	epochs	3.0
924.3110986610352	0.1241835999999239	epochs	3.0
924.4352822610351	0.23819650000007186	epochs	2.0
924.4352822610351	0.12073110000005727	epochs	3.0
924.5560133610352	0.1174654000000146	epochs	3.0
924.6734787610352	0.2258087999999816	epochs	2.0
924.6734787610352	0.1143718999999237	epochs	3.0
924.7878506610351	0.1114369000000579	epochs	3.0
924.8992875610352	0.2146460000000161	epochs	2.0
924.8992875610352	0.10864889999993466	epochs	3.0
925.0079364610351	0.10599710000008145	epochs	3.0
925.1139335610352	0.20453499999996438	epochs	2.0
925.1139335610352	0.10347149999995509	epochs	3.0
925.2174050610352	0.1010635000000093	epochs	3.0
925.3184685610352	0.19533400000000256	epochs	2.0
925.3184685610352	0.09876510000003691	epochs	3.0
925.4172336610352	0.09656889999996565	epochs	3.0
925.5138025610352	0.18692529999998442	epochs	2.0
925.5138025610352	0.09446830000001682	epochs	3.0
925.6082708610352	0.09245699999996759	epochs	3.0
925.7007278610351	0.17921069999999872	epochs	2.0
925.7007278610351	0.09052959999996801	epochs	3.0
925.7912574610351	0.08868110000003071	epochs	3.0
925.8799385610351	0.17210769999996955	epochs	2.0
925.8799385610351	0.08690630000000965	epochs	3.0
925.9668448610352	0.0852013999999599	epochs	3.0
926.0520462610351	0.16554640000003928	epochs	2.0
926.0520462610351	0.08356190000006336	epochs	3.0
926.1356081610352	0.08198449999997592	epochs	3.0
926.2175926610352	0.15946710000002895	epochs	2.0
926.2175926610352	0.08046539999998004	epochs	3.0
926.2980580610351	0.07900170000004891	epochs	3.0
926.3770597610352	0.15381839999997737	epochs	2.0
926.3770597610352	0.07759009999995214	epochs	3.0
926.4546498610351	0.07622830000002523	epochs	3.0
926.5308781610352	0.14855639999996129	epochs	2.0
926.5308781610352	0.07491330000004837	epochs	3.0
926.6057914610352	0.07364309999991292	epochs	3.0
926.6794345610351	0.14364240000008976	epochs	2.0
926.6794345610351	0.07241499999997814	epochs	3.0
926.7518495610351	0.07122740000011163	epochs	3.0
926.8230769610352	0.13904309999998077	epochs	2.0
926.8230769610352	0.07007799999996678	epochs	3.0
926.8931549610352	0.06896510000001399	epochs	3.0
926.9621200610352	0.1347293000000036	epochs	2.0
926.9621200610352	0.0678871000000072	epochs	3.0
927.0300071610352	0.06684219999999641	epochs	3.0
927.0968493610352	0.13067519999992783	epochs	2.0
927.0968493610352	0.06582909999997355	epochs	3.0
927.1626784610352	0.06484609999995428	epochs	3.0
927.2275245610351	0.12685780000003888	epochs	2.0
927.2275245610351	0.06389200000000983	epochs	3.0
927.2914165610351	0.06296580000002905	epochs	3.0
927.3543823610352	0.12325720000001184	epochs	2.0
927.3543823610352	0.06206580000002759	epochs	3.0
927.4164481610352	0.06119139999998424	epochs	3.0
927.4776395610352	0.11985540000000583	epochs	2.0
927.4776395610352	0.060341099999959624	epochs	3.0
927.5379806610351	0.059514300000046205	epochs	3.0
927.5974949610352	0.11663620000001629	epochs	2.0
927.5974949610352	0.058709599999929196	epochs	3.0
927.6562045610351	0.05792660000008709	epochs	3.0
927.7141311610352	0.11358559999996487	epochs	2.0
927.7141311610352	0.05716419999998834	epochs	3.0
927.7712953610352	0.05642139999997653	epochs	3.0
927.8277167610352	0.11069050000003244	epochs	2.0
927.8277167610352	0.055697900000041045	epochs	3.0
927.8834146610352	0.0549925999999914	epochs	3.0
927.9384072610352	0.10793909999995321	epochs	2.0
927.9384072610352	0.05430489999992005	epochs	3.0
927.9927121610351	0.05363420000003316	epochs	3.0
928.0463463610351	0.10532150000005913	epochs	2.0
928.0463463610351	0.05298000000004777	epochs	3.0
928.0993263610352	0.052341500000011365	epochs	3.0
928.1516678610352	0.10282759999995505	epochs	2.0
928.1516678610352	0.051718099999902734	epochs	3.0
928.2033859610351	0.05110950000005232	epochs	3.0
928.2544954610352	0.10044909999999163	epochs	2.0
928.2544954610352	0.05051489999993919	epochs	3.0
928.3050103610351	0.04993420000005244	epochs	3.0
928.3549445610352	0.0981782999999723	epochs	2.0
928.3549445610352	0.04936659999998483	epochs	3.0
928.4043111610351	0.04881169999998747	epochs	3.0
928.4531228610351	0.09600780000005216	epochs	2.0
928.4531228610351	0.04826920000004975	epochs	3.0
928.5013920610352	0.04773860000000241	epochs	3.0
928.5491306610352	0.09393119999992905	epochs	2.0
928.5491306610352	0.04721949999998287	epochs	3.0
928.5963501610352	0.04671169999994618	epochs	3.0
928.6430618610351	0.09194260000003851	epochs	2.0
928.6430618610351	0.04621460000009847	epochs	3.0
928.6892764610352	0.04572799999994004	epochs	3.0
928.7350044610351	0.09003630000006524	epochs	2.0
928.7350044610351	0.04525150000006306	epochs	3.0
928.7802559610352	0.04478480000000218	epochs	3.0
928.8250407610352	0.08820759999991878	epochs	2.0
928.8250407610352	0.04432779999990544	epochs	3.0
928.8693685610351	0.04387980000001335	epochs	3.0
928.9132483610351	0.0864516999999978	epochs	2.0
928.9132483610351	0.04344100000002982	epochs	3.0
928.9566893610352	0.04301069999996798	epochs	3.0
928.9997000610351	0.0847643000000744	epochs	2.0
928.9997000610351	0.04258900000002086	epochs	3.0
929.0422890610351	0.04217530000005354	epochs	3.0
929.0844643610352	0.08314149999989695	epochs	2.0
929.0844643610352	0.041769699999917975	epochs	3.0
929.1262340610351	0.041371799999978975	epochs	3.0
929.1676058610351	0.08157970000002024	epochs	2.0
929.1676058610351	0.04098140000007788	epochs	3.0
929.2085872610352	0.040598299999942355	epochs	3.0
929.2491855610351	0.08007550000002084	epochs	2.0
929.2491855610351	0.04022229999998217	epochs	3.0
929.2894078610351	0.03985320000003867	epochs	3.0
929.3292610610351	0.07862569999997504	epochs	2.0
929.3292610610351	0.039490800000066884	epochs	3.0
929.3687518610352	0.03913489999990816	epochs	3.0
929.4078867610351	0.07722760000001472	epochs	2.0
929.4078867610351	0.038785400000051595	epochs	3.0
929.4466721610352	0.03844219999996312	epochs	3.0
929.4851143610351	0.07587820000003376	epochs	2.0
929.4851143610351	0.038104800000041905	epochs	3.0
929.5232191610352	0.03777339999999185	epochs	3.0
929.5609925610352	0.0745752000000266	epochs	2.0
929.5609925610352	0.03744770000002973	epochs	3.0
929.5984402610352	0.03712749999999687	epochs	3.0
929.6355677610352	0.07331629999998768	epochs	2.0
929.6355677610352	0.036812899999972615	epochs	3.0
929.6723806610352	0.03650340000001506	epochs	3.0
929.7088840610352	0.07209899999998015	epochs	2.0
929.7088840610352	0.03619909999997617	epochs	3.0
929.7450831610352	0.03589990000000398	epochs	3.0
929.7809830610352	0.07092169999998532	epochs	2.0
929.7809830610352	0.03560560000005353	epochs	3.0
929.8165886610352	0.035316099999931794	epochs	3.0
929.8519047610351	0.06978200000003199	epochs	2.0
929.8519047610351	0.03503120000004856	epochs	3.0
929.8869359610352	0.03475079999998343	epochs	3.0
929.9216867610352	0.06867859999999837	epochs	2.0
929.9216867610352	0.03447510000000875	epochs	3.0
929.9561618610352	0.03420349999998962	epochs	3.0
929.9903653610352	0.06760929999995824	epochs	2.0
929.9903653610352	0.033936199999970995	epochs	3.0
930.0243015610351	0.033673099999987244	epochs	3.0
930.0579746610351	0.06657289999998284	epochs	2.0
930.0579746610351	0.03341399999999339	epochs	3.0
930.0913886610351	0.033158899999989444	epochs	3.0
930.1245475610351	0.06556780000005347	epochs	2.0
930.1245475610351	0.032907700000009754	epochs	3.0
930.1574552610351	0.03266010000004371	epochs	3.0
930.1901153610352	0.06459259999996902	epochs	2.0
930.1901153610352	0.032416399999988244	epochs	3.0
930.2225317610352	0.03217619999998078	epochs	3.0
930.2547079610351	0.06364600000006249	epochs	2.0
930.2547079610351	0.03193959999998697	epochs	3.0
930.2866475610351	0.03170640000007552	epochs	3.0
930.3183539610352	0.0627266999999847	epochs	2.0
930.3183539610352	0.031476599999905375	epochs	3.0
930.3498305610351	0.03125010000007933	epochs	3.0
930.3810806610352	0.06183359999999993	epochs	2.0
930.3810806610352	0.03102689999991526	epochs	3.0
930.4121075610351	0.030806700000084675	epochs	3.0
930.4429142610352	0.060965599999917686	epochs	2.0
930.4429142610352	0.030589799999916067	epochs	3.0
930.4735040610351	0.030375800000001618	epochs	3.0
930.5038798610351	0.06012160000000222	epochs	2.0
930.5038798610351	0.030164900000045236	epochs	3.0
930.5340447610351	0.02995669999995698	epochs	3.0
930.5640014610351	0.05930069999999432	epochs	2.0
930.5640014610351	0.029751600000054168	epochs	3.0
930.5937530610352	0.029549099999940154	epochs	3.0
930.6233021610351	0.05850180000004457	epochs	2.0
930.6233021610351	0.02934940000000097	epochs	3.0
930.6526515610351	0.0291524000000436	epochs	3.0
930.6818039610351	0.057724200000052406	epochs	2.0
930.6818039610351	0.028957999999988715	epochs	3.0
930.7107619610351	0.02876620000006369	epochs	3.0
930.7395281610352	0.05696709999995164	epochs	2.0
930.7395281610352	0.028576999999927466	epochs	3.0
930.7681051610351	0.028390100000024177	epochs	3.0
930.7964952610351	0.05622949999997218	epochs	2.0
930.7964952610351	0.028205700000057732	epochs	3.0
930.8247009610352	0.028023799999914445	epochs	3.0
930.8527247610351	0.05551070000001346	epochs	2.0
930.8527247610351	0.02784400000007281	epochs	3.0
930.8805687610352	0.027666699999940647	epochs	3.0
930.9082354610351	0.054810200000019904	epochs	2.0
930.9082354610351	0.02749149999999645	epochs	3.0
930.9357269610351	0.027318700000023455	epochs	3.0
930.9630456610352	0.05412699999999404	epochs	2.0
930.9630456610352	0.027147799999966082	epochs	3.0
930.9901934610351	0.02697920000002796	epochs	3.0
931.0171726610351	0.053460699999959616	epochs	2.0
931.0171726610351	0.0268125999999711	epochs	3.0
931.0439852610351	0.026648099999988517	epochs	3.0
931.0706333610351	0.05281070000000909	epochs	2.0
931.0706333610351	0.026485600000000886	epochs	3.0
931.0971189610351	0.026325100000008206	epochs	3.0
931.1234440610351	0.05217620000007628	epochs	2.0
931.1234440610351	0.026166400000079193	epochs	3.0
931.1496104610352	0.026009799999997085	epochs	3.0
931.1756202610352	0.051556699999991906	epochs	2.0
931.1756202610352	0.025854799999933675	epochs	3.0
931.2014750610351	0.02570190000005823	epochs	3.0
931.2271769610352	0.05095189999997274	epochs	2.0
931.2271769610352	0.025550699999939752	epochs	3.0
931.2527276610351	0.025401200000032986	epochs	3.0
931.2781288610352	0.05036099999995258	epochs	2.0
931.2781288610352	0.025253499999962514	epochs	3.0
931.3033823610351	0.02510749999999007	epochs	3.0
931.3284898610351	0.049783800000000156	epochs	2.0
931.3284898610351	0.02496320000000196	epochs	3.0
931.3534530610351	0.024820599999998194	epochs	3.0
931.3782736610351	0.049219500000049266	epochs	2.0
931.3782736610351	0.02467940000008184	epochs	3.0
931.4029530610352	0.024540099999967424	epochs	3.0
931.4274931610352	0.048667899999941255	epochs	2.0
931.4274931610352	0.02440209999997478	epochs	3.0
931.4518952610351	0.024265799999966475	epochs	3.0
931.4761610610351	0.04812860000004093	epochs	2.0
931.4761610610351	0.024131000000011227	epochs	3.0
931.5002920610351	0.023997600000029706	epochs	3.0
931.5242896610351	0.047601100000065344	epochs	2.0
931.5242896610351	0.023865800000066884	epochs	3.0
931.5481554610352	0.02373529999999846	epochs	3.0
931.5718907610352	0.04708499999992455	epochs	2.0
931.5718907610352	0.023606299999983094	epochs	3.0
931.5954970610352	0.023478699999941455	epochs	3.0
931.6189757610351	0.04658000000006268	epochs	2.0
931.6189757610351	0.02335249999998723	epochs	3.0
931.6423282610351	0.02322750000007545	epochs	3.0
931.6655557610352	0.04608569999993506	epochs	2.0
931.6655557610352	0.023103999999989355	epochs	3.0
931.6886597610352	0.022981699999945704	epochs	3.0
931.7116414610351	0.045601799999985815	epochs	2.0
931.7116414610351	0.022860700000023826	epochs	3.0
931.7345021610352	0.02274109999996199	epochs	3.0
931.7572432610351	0.04512790000001132	epochs	2.0
931.7572432610351	0.022622500000011314	epochs	3.0
931.7798657610351	0.02250540000000001	epochs	3.0
931.8023711610351	0.0446638000000803	epochs	2.0
931.8023711610351	0.02238929999998618	epochs	3.0
931.8247604610351	0.022274500000094122	epochs	3.0
931.8470349610352	0.04420919999995476	epochs	2.0
931.8470349610352	0.022160799999937808	epochs	3.0
931.8691957610351	0.022048400000016954	epochs	3.0
931.8912441610352	0.043763600000033875	epochs	2.0
931.8912441610352	0.021936900000014248	epochs	3.0
931.9131810610352	0.021826700000019628	epochs	3.0
931.9350077610352	0.04332709999994222	epochs	2.0
931.9350077610352	0.021717599999988124	epochs	3.0
931.9567253610352	0.021609499999954096	epochs	3.0
931.9783348610351	0.04289900000003399	epochs	2.0
931.9783348610351	0.02150249999999687	epochs	3.0
931.9998373610351	0.021396500000037122	epochs	3.0
932.0212338610352	0.042479500000013104	epochs	2.0
932.0212338610352	0.02129170000000613	epochs	3.0
932.0425255610352	0.021187800000006973	epochs	3.0
932.0637133610352	0.042067900000006375	epochs	2.0
932.0637133610352	0.02108490000000529	epochs	3.0
932.0847982610352	0.020983000000001084	epochs	3.0
932.1057812610352	0.04166439999994509	epochs	2.0
932.1057812610352	0.020882199999959994	epochs	3.0
932.1266634610352	0.020782199999985096	epochs	3.0
932.1474456610351	0.04126850000000104	epochs	2.0
932.1474456610351	0.020683299999973315	epochs	3.0
932.1681289610351	0.020585200000027726	epochs	3.0
932.1887141610351	0.04088000000001557	epochs	2.0
932.1887141610351	0.020488099999965925	epochs	3.0
932.2092022610351	0.020391900000049645	epochs	3.0
932.2295941610352	0.04049880000002304	epochs	2.0
932.2295941610352	0.020296600000051512	epochs	3.0
932.2498907610352	0.020202199999971526	epochs	3.0
932.2700929610352	0.04012460000001283	epochs	2.0
932.2700929610352	0.020108699999923374	epochs	3.0
932.2902016610351	0.02001590000008946	epochs	3.0
932.3102175610352	0.03975730000001931	epochs	2.0
932.3102175610352	0.019924199999991288	epochs	3.0
932.3301417610352	0.019833100000028026	epochs	3.0
932.3499748610352	0.03939669999999751	epochs	2.0
932.3499748610352	0.01974299999994855	epochs	3.0
932.3697178610352	0.019653700000048957	epochs	3.0
932.3893715610352	0.03904239999997117	epochs	2.0
932.3893715610352	0.019565099999908853	epochs	3.0
932.4089366610351	0.019477300000062314	epochs	3.0
932.4284139610352	0.03869459999998526	epochs	2.0
932.4284139610352	0.019390400000020236	epochs	3.0
932.4478043610352	0.01930419999996502	epochs	3.0
932.4671085610352	0.03835289999994984	epochs	2.0
932.4671085610352	0.019218799999976	epochs	3.0
932.4863273610351	0.01913409999997384	epochs	3.0
932.5054614610351	0.03801720000001296	epochs	2.0
932.5054614610351	0.019050200000037876	epochs	3.0
932.5245116610351	0.018966999999975087	epochs	3.0
932.5434786610351	0.037687200000050325	epochs	2.0
932.5434786610351	0.01888450000001285	epochs	3.0
932.5623631610351	0.018802700000037476	epochs	3.0
932.5811658610352	0.03736309999999321	epochs	2.0
932.5811658610352	0.018721700000014607	epochs	3.0
932.5998875610352	0.018641399999978603	epochs	3.0
932.6185289610352	0.03704429999993408	epochs	2.0
932.6185289610352	0.01856159999999818	epochs	3.0
932.6370905610352	0.018482699999935903	epochs	3.0
932.6555732610351	0.0367310000000316	epochs	2.0
932.6555732610351	0.018404300000042895	epochs	3.0
932.6739775610351	0.018326699999988705	epochs	3.0
932.6923042610351	0.036422900000047775	epochs	2.0
932.6923042610351	0.018249599999990096	epochs	3.0
932.7105538610351	0.01817330000005768	epochs	3.0
932.7287271610352	0.03612009999994825	epochs	2.0
932.7287271610352	0.0180976000000328	epochs	3.0
932.7468247610352	0.018022499999915453	epochs	3.0
932.7648472610351	0.03582210000001851	epochs	2.0
932.7648472610351	0.017947900000081063	epochs	3.0
932.7827951610352	0.017874199999937446	epochs	3.0
932.8006693610351	0.03552899999999681	epochs	2.0
932.8006693610351	0.017800800000031813	epochs	3.0
932.8184701610352	0.017728199999965	epochs	3.0
932.8361983610351	0.03524070000003121	epochs	2.0
932.8361983610351	0.017656099999953767	epochs	3.0
932.8538544610351	0.017584600000077444	epochs	3.0
932.8714390610352	0.03495709999992869	epochs	2.0
932.8714390610352	0.01751369999999497	epochs	3.0
932.8889527610352	0.017443399999933717	epochs	3.0
932.9063961610351	0.03467790000001969	epochs	2.0
932.9063961610351	0.017373600000041733	epochs	3.0
932.9237697610351	0.017304299999977957	epochs	3.0
932.9410740610351	0.03440330000000813	epochs	2.0
932.9410740610351	0.01723570000001473	epochs	3.0
932.9583097610351	0.0171675999999934	epochs	3.0
932.9754773610351	0.0341328000000658	epochs	2.0
932.9754773610351	0.017099900000062007	epochs	3.0
932.9925772610352	0.017032900000003792	epochs	3.0
933.0096101610352	0.033866699999975935	epochs	2.0
933.0096101610352	0.01696640000000116	epochs	3.0
933.0265765610352	0.016900299999974777	epochs	3.0
933.0434768610352	0.03360459999998966	epochs	2.0
933.0434768610352	0.01683479999996962	epochs	3.0
933.0603116610351	0.01676980000002004	epochs	3.0
933.0770814610352	0.033346599999958926	epochs	2.0
933.0770814610352	0.016705300000012357	epochs	3.0
933.0937867610352	0.01664129999994657	epochs	3.0
933.1104280610351	0.03309250000006614	epochs	2.0
933.1104280610351	0.016577800000050047	epochs	3.0
933.1270058610352	0.01651470000001609	epochs	3.0
933.1435205610352	0.03284229999997024	epochs	2.0
933.1435205610352	0.01645220000000336	epochs	3.0
933.1599727610352	0.01639009999996688	epochs	3.0
933.1763628610352	0.03259570000000167	epochs	2.0
933.1763628610352	0.016328400000020338	epochs	3.0
933.1926912610352	0.016267299999981333	epochs	3.0
933.2089585610352	0.032352899999978035	epochs	2.0
933.2089585610352	0.016206600000032267	epochs	3.0
933.2251651610352	0.016146299999945768	epochs	3.0
933.2413114610351	0.03211369999996805	epochs	2.0
933.2413114610351	0.016086599999994178	epochs	3.0
933.2573980610351	0.01602709999997387	epochs	3.0
933.2734251610351	0.03187800000000607	epochs	2.0
933.2734251610351	0.015968200000088473	epochs	3.0
933.2893933610352	0.015909799999917595	epochs	3.0
933.3053031610351	0.031645700000012766	epochs	2.0
933.3053031610351	0.01585160000001906	epochs	3.0
933.3211547610351	0.015794099999993705	epochs	3.0
933.3369488610351	0.0314167000000225	epochs	2.0
933.3369488610351	0.015736700000047676	epochs	3.0
933.3526855610352	0.015679999999974825	epochs	3.0
933.3683655610351	0.031191100000000915	epochs	2.0
933.3683655610351	0.015623600000026272	epochs	3.0
933.3839891610352	0.015567499999974643	epochs	3.0
933.3995566610351	0.030968700000016725	epochs	2.0
933.3995566610351	0.015512000000057924	epochs	3.0
933.4150686610352	0.0154566999999588	epochs	3.0
933.4305253610352	0.030749499999956242	epochs	2.0
933.4305253610352	0.015401999999994587	epochs	3.0
933.4459273610352	0.015347499999961656	epochs	3.0
933.4612748610351	0.03053320000003623	epochs	2.0
933.4612748610351	0.015293400000018664	epochs	3.0
933.4765682610351	0.015239800000017567	epochs	3.0
933.4918080610352	0.03032010000003993	epochs	2.0
933.4918080610352	0.015186500000027081	epochs	3.0
933.5069945610352	0.015133600000012848	epochs	3.0
933.5221281610352	0.030109899999956724	epochs	2.0
933.5221281610352	0.015081000000009226	epochs	3.0
933.5372091610352	0.015028899999947498	epochs	3.0
933.5522380610352	0.02990250000004835	epochs	2.0
933.5522380610352	0.014977000000044427	epochs	3.0
933.5672150610352	0.014925500000003922	epochs	3.0
933.5821405610352	0.029698099999905025	epochs	2.0
933.5821405610352	0.01487439999993967	epochs	3.0
933.5970149610351	0.014823699999965356	epochs	3.0
933.6118386610351	0.02949630000000525	epochs	2.0
933.6118386610351	0.014773200000036013	epochs	3.0
933.6266118610351	0.014723099999969236	epochs	3.0
933.6413349610351	0.02929740000001857	epochs	2.0
933.6413349610351	0.014673399999992398	epochs	3.0
933.6560083610351	0.014624000000026172	epochs	3.0
933.6706323610351	0.029101100000048064	epochs	2.0
933.6706323610351	0.014574900000070556	epochs	3.0
933.6852072610352	0.014526199999977507	epochs	3.0
933.6997334610352	0.028907399999980044	epochs	2.0
933.6997334610352	0.014477699999929428	epochs	3.0
933.7142111610351	0.014429700000050616	epochs	3.0
933.7286408610352	0.028716199999962555	epochs	2.0
933.7286408610352	0.014381800000023759	epochs	3.0
933.7430226610352	0.014334399999938796	epochs	3.0
933.7573570610351	0.028527600000074926	epochs	2.0
933.7573570610351	0.01428720000001249	epochs	3.0
933.7716442610351	0.014240400000062436	epochs	3.0
933.7858846610352	0.028341399999931127	epochs	2.0
933.7858846610352	0.014193799999929979	epochs	3.0
933.8000784610351	0.014147600000001148	epochs	3.0
933.8142260610351	0.028157700000065233	epochs	2.0
933.8142260610351	0.014101699999969242	epochs	3.0
933.8283277610351	0.014056000000095992	epochs	3.0
933.8423837610352	0.027976299999977527	epochs	2.0
933.8423837610352	0.01401060000000598	epochs	3.0
933.8563943610352	0.013965699999971548	epochs	3.0
933.8703600610352	0.02779720000000907	epochs	2.0
933.8703600610352	0.013920799999937117	epochs	3.0
933.8842808610351	0.013876400000071953	epochs	3.0
933.8981572610352	0.027620399999932488	epochs	2.0
933.8981572610352	0.013832200000024386	epochs	3.0
933.9119894610352	0.013788199999908102	epochs	3.0
933.9257776610351	0.02744590000008884	epochs	2.0
933.9257776610351	0.013744599999995444	epochs	3.0
933.9395222610351	0.013701300000093397	epochs	3.0
933.9532235610352	0.027273499999978412	epochs	2.0
933.9532235610352	0.013658200000008947	epochs	3.0
933.9668817610352	0.013615299999969466	epochs	3.0
933.9804970610352	0.027103399999987232	epochs	2.0
933.9804970610352	0.013572800000019924	epochs	3.0
933.9940698610352	0.013530599999967308	epochs	3.0
934.0076004610352	0.02693520000002536	epochs	2.0
934.0076004610352	0.013488400000028378	epochs	3.0
934.0210888610352	0.013446799999996983	epochs	3.0
934.0345356610352	0.026769199999989723	epochs	2.0
934.0345356610352	0.013405199999965589	epochs	3.0
934.0479408610352	0.013364000000024134	epochs	3.0
934.0613048610352	0.026605199999949036	epochs	2.0
934.0613048610352	0.013322899999934634	epochs	3.0
934.0746277610351	0.013282300000014402	epochs	3.0
934.0879100610351	0.026443200000016986	epochs	2.0
934.0879100610351	0.013241699999980483	epochs	3.0
934.1011517610351	0.013201500000036503	epochs	3.0
934.1143532610351	0.0262831999999662	epochs	2.0
934.1143532610351	0.013161500000023807	epochs	3.0
934.1275147610352	0.013121699999942393	epochs	3.0
934.1406364610351	0.02612500000009277	epochs	2.0
934.1406364610351	0.013082100000019636	epochs	3.0
934.1537185610351	0.013042900000073132	epochs	3.0
934.1667614610352	0.025968899999952555	epochs	2.0
934.1667614610352	0.013003899999944224	epochs	3.0
934.1797653610352	0.012965000000008331	epochs	3.0
934.1927303610352	0.025814500000024054	epochs	2.0
934.1927303610352	0.012926399999969362	epochs	3.0
934.2056567610351	0.012888100000054692	epochs	3.0
934.2185448610352	0.025661899999931848	epochs	2.0
934.2185448610352	0.012849899999991976	epochs	3.0
934.2313947610352	0.012811999999939871	epochs	3.0
934.2442067610351	0.025511200000096323	epochs	2.0
934.2442067610351	0.012774400000012065	epochs	3.0
934.2569811610351	0.012736800000084258	epochs	3.0
934.2697179610352	0.025362299999983406	epochs	2.0
934.2697179610352	0.01269969999998466	epochs	3.0
934.2824176610352	0.012662599999998747	epochs	3.0
934.2950802610352	0.025215000000002874	epochs	2.0
934.2950802610352	0.01262579999990976	epochs	3.0
934.3077060610351	0.012589200000093115	epochs	3.0
934.3202952610352	0.024584799999956886	epochs	2.0
934.3436525610351	0.5	epochs	-1.0
934.3448800610352	0.5304800000000114	epochs	1.0
934.8753600610352	0.4694399999999632	epochs	0.0
936.1029996871948	0.1088799999999992	epochs	0.0
936.1029996871948	0.04944239999997535	epochs	1.0
936.1524420871948	0.009995200000048499	epochs	1.0
936.1624372871948	0.04944239999997535	epochs	1.0
936.2118796871948	2.0	epochs	0.0
938.2118796871948	0.5114399999999932	epochs	0.0
938.2118796871948	0.5114399999999932	epochs	1.0
938.2119321871949	0.5	epochs	-1.0
938.7119321871949	0.011387499999955253	epochs	-1.0
938.7233196871948	21.48847999999998	epochs	0.0
939.8329997062683	0.1088799999999992	epochs	0.0
939.8329997062683	0.04944239999997535	epochs	1.0
939.8824421062683	0.009995200000048499	epochs	1.0
939.8924373062683	0.04944239999997535	epochs	1.0
939.9418797062683	2.0	epochs	0.0
941.9418797062683	0.5111200000000053	epochs	0.0
941.9418797062683	0.5111200000000053	epochs	1.0
941.9419322062683	0.5	epochs	-1.0
942.4419322062683	0.011067499999967367	epochs	-1.0
942.4529997062683	21.48879999999997	epochs	0.0
943.5659999847412	0.1088799999999992	epochs	0.0
943.5659999847412	0.04944239999997535	epochs	1.0
943.6154423847412	0.009995200000048499	epochs	1.0
943.6254375847412	0.04944239999997535	epochs	1.0
943.6748799847412	2.0	epochs	0.0
945.6748799847412	0.5108000000000175	epochs	0.0
945.6748799847412	0.5108000000000175	epochs	1.0
945.6749324847412	0.5	epochs	-1.0
946.1749324847412	0.010747499999979482	epochs	-1.0
946.1856799847412	21.489119999999957	epochs	0.0
947.3659996986389	0.1088799999999992	epochs	0.0
947.3659996986389	0.04944239999997535	epochs	1.0
947.4154420986389	0.009995200000048499	epochs	1.0
947.4254372986389	0.04944239999997535	epochs	1.0
947.4748796986389	2.0	epochs	0.0
949.4748796986389	0.5111200000000053	epochs	0.0
949.4748796986389	0.5111200000000053	epochs	1.0
949.474932198639	0.5	epochs	-1.0
949.974932198639	0.011067499999967367	epochs	-1.0
949.9859996986389	21.48879999999997	epochs	0.0
951.186999797821	0.1088799999999992	epochs	0.0
951.186999797821	0.04944239999997535	epochs	1.0
951.236442197821	0.009995200000048499	epochs	1.0
951.2464373978211	0.04944239999997535	epochs	1.0
951.295879797821	2.0	epochs	0.0
953.295879797821	0.5112800000000561	epochs	0.0
953.295879797821	0.5112800000000561	epochs	1.0
953.2959322978211	0.5	epochs	-1.0
953.7959322978211	0.011227500000018154	epochs	-1.0
953.8071597978211	21.48863999999992	epochs	0.0
964.6370000839233	0.1088799999999992	epochs	0.0
964.6370000839233	0.04944239999997535	epochs	1.0
964.6864424839233	0.009995200000048499	epochs	1.0
964.6964376839234	0.04944239999997535	epochs	1.0
964.7458800839233	0.2299199999999928	epochs	0.0
964.7458800839233	0.049999999999954525	epochs	1.0
964.7958800839233	0.009999999999990905	epochs	1.0
964.8058800839233	0.05000000000006821	epochs	1.0
964.8558800839234	0.009999999999990905	epochs	1.0
964.8658800839233	0.049999999999954525	epochs	1.0
964.9158800839233	0.009999999999990905	epochs	1.0
964.9258800839233	0.04992000000004282	epochs	1.0
1567.6389999389648	0.1088799999999992	epochs	0.0
1567.6389999389648	0.04944240000008904	epochs	1.0
1567.688442338965	0.009995199999821125	epochs	1.0
1567.6984375389648	0.04944240000008904	epochs	1.0
1567.7478799389648	0.2299199999999928	epochs	0.0
1567.7478799389648	0.049999999999954525	epochs	1.0
1567.7978799389648	0.009999999999990905	epochs	1.0
1567.8078799389648	0.049999999999954525	epochs	1.0
1567.8578799389647	0.009999999999990905	epochs	1.0
1567.8678799389647	0.0500000000001819	epochs	1.0
1567.917879938965	0.009999999999990905	epochs	1.0
1567.927879938965	0.04991999999992913	epochs	1.0
1587.9109997749329	0.1088799999999992	epochs	0.0
1587.9109997749329	0.04944240000008904	epochs	1.0
1587.960442174933	0.009995199999821125	epochs	1.0
1587.9704373749328	0.04944240000008904	epochs	1.0
1588.0198797749329	2.9999199999999746	epochs	0.0
1588.0198797749329	1.0	epochs	1.0
1589.0198797749329	1.0	epochs	1.0
1590.0198797749329	0.9999199999999746	epochs	1.0
1592.3410000801086	0.1088799999999992	epochs	0.0
1592.3410000801086	0.04944240000008904	epochs	1.0
1592.3904424801087	0.009995199999821125	epochs	1.0
1592.4004376801086	0.04944240000008904	epochs	1.0
1592.4498800801086	2.9999199999999746	epochs	0.0
1592.4498800801086	1.0	epochs	1.0
1593.4498800801086	1.0	epochs	1.0
1594.4498800801086	0.9999199999999746	epochs	1.0
1596.6409997940063	0.1088799999999992	epochs	0.0
1596.6409997940063	0.04944240000008904	epochs	1.0
1596.6904421940064	0.009995199999821125	epochs	1.0
1596.7004373940063	0.04944240000008904	epochs	1.0
1596.7498797940063	2.9999199999999746	epochs	0.0
1596.7498797940063	1.0	epochs	1.0
1597.7498797940063	1.0	epochs	1.0
1598.7498797940063	0.9999199999999746	epochs	1.0
1601.058000087738	0.1088799999999992	epochs	0.0
1601.058000087738	0.04944240000008904	epochs	1.0
1601.1074424877381	0.009995199999821125	epochs	1.0
1601.117437687738	0.04944240000008904	epochs	1.0
1601.166880087738	2.9999199999999746	epochs	0.0
1601.166880087738	1.0	epochs	1.0
1602.166880087738	1.0	epochs	1.0
1603.166880087738	0.9999199999999746	epochs	1.0
1605.361999988556	0.1088799999999992	epochs	0.0
1605.361999988556	0.04944240000008904	epochs	1.0
1605.411442388556	0.009995199999821125	epochs	1.0
1605.4214375885558	0.04944240000008904	epochs	1.0
1605.470879988556	2.9999199999999746	epochs	0.0
1605.470879988556	1.0	epochs	1.0
1606.470879988556	1.0	epochs	1.0
1607.470879988556	0.9999199999999746	epochs	1.0
1609.6619997024536	0.1088799999999992	epochs	0.0
1609.6619997024536	0.04944240000008904	epochs	1.0
1609.7114421024537	0.009995199999821125	epochs	1.0
1609.7214373024535	0.04944240000008904	epochs	1.0
1609.7708797024536	2.9999199999999746	epochs	0.0
1609.7708797024536	1.0	epochs	1.0
1610.7708797024536	1.0	epochs	1.0
1611.7708797024536	0.9999199999999746	epochs	1.0
1613.9349999427795	0.1088799999999992	epochs	0.0
1613.9349999427795	0.04944240000008904	epochs	1.0
1613.9844423427796	0.009995199999821125	epochs	1.0
1613.9944375427795	0.04944240000008904	epochs	1.0
1614.0438799427795	2.9999199999999746	epochs	0.0
1614.0438799427795	1.0	epochs	1.0
1615.0438799427795	1.0	epochs	1.0
1616.0438799427795	0.9999199999999746	epochs	1.0
1618.2020001411438	0.1088799999999992	epochs	0.0
1618.2020001411438	0.04944240000008904	epochs	1.0
1618.251442541144	0.009995199999821125	epochs	1.0
1618.2614377411437	0.04944240000008904	epochs	1.0
1618.3108801411438	2.9999199999999746	epochs	0.0
1618.3108801411438	1.0	epochs	1.0
1619.3108801411438	1.0	epochs	1.0
1620.3108801411438	0.9999199999999746	epochs	1.0
1622.4990000724792	0.1088799999999992	epochs	0.0
1622.4990000724792	0.04944240000008904	epochs	1.0
1622.5484424724793	0.009995199999821125	epochs	1.0
1622.5584376724792	0.04944240000008904	epochs	1.0
1622.6078800724792	2.9999199999999746	epochs	0.0
1622.6078800724792	1.0	epochs	1.0
1623.6078800724792	1.0	epochs	1.0
1624.6078800724792	0.9999199999999746	epochs	1.0
1626.7659997940063	0.1088799999999992	epochs	0.0
1626.7659997940063	0.04944240000008904	epochs	1.0
1626.8154421940064	0.009995199999821125	epochs	1.0
1626.8254373940063	0.04944240000008904	epochs	1.0
1626.8748797940063	2.9999199999999746	epochs	0.0
1626.8748797940063	1.0	epochs	1.0
1627.8748797940063	1.0	epochs	1.0
1628.8748797940063	0.9999199999999746	epochs	1.0
1631.0829997062683	0.1088799999999992	epochs	0.0
1631.0829997062683	0.04944240000008904	epochs	1.0
1631.1324421062684	0.009995199999821125	epochs	1.0
1631.1424373062682	0.04944240000008904	epochs	1.0
1631.1918797062683	2.9999199999999746	epochs	0.0
1631.1918797062683	1.0	epochs	1.0
1632.1918797062683	1.0	epochs	1.0
1633.1918797062683	0.9999199999999746	epochs	1.0
1635.3449997901917	0.1088799999999992	epochs	0.0
1635.3449997901917	0.04944240000008904	epochs	1.0
1635.3944421901917	0.009995199999821125	epochs	1.0
1635.4044373901916	0.04944240000008904	epochs	1.0
1635.4538797901916	2.9999199999999746	epochs	0.0
1635.4538797901916	1.0	epochs	1.0
1636.4538797901916	1.0	epochs	1.0
1637.4538797901916	0.9999199999999746	epochs	1.0
1639.6449999809265	0.1088799999999992	epochs	0.0
1639.6449999809265	0.04944240000008904	epochs	1.0
1639.6944423809266	0.009995199999821125	epochs	1.0
1639.7044375809264	0.04944240000008904	epochs	1.0
1639.7538799809265	2.9999199999999746	epochs	0.0
1639.7538799809265	1.0	epochs	1.0
1640.7538799809265	1.0	epochs	1.0
1641.7538799809265	0.9999199999999746	epochs	1.0
1643.9349999427795	0.1088799999999992	epochs	0.0
1643.9349999427795	0.04944240000008904	epochs	1.0
1643.9844423427796	0.009995199999821125	epochs	1.0
1643.9944375427795	0.04944240000008904	epochs	1.0
1644.0438799427795	2.9999199999999746	epochs	0.0
1644.0438799427795	1.0	epochs	1.0
1645.0438799427795	1.0	epochs	1.0
1646.0438799427795	0.9999199999999746	epochs	1.0
1648.2350001335144	0.1088799999999992	epochs	0.0
1648.2350001335144	0.04944240000008904	epochs	1.0
1648.2844425335145	0.009995199999821125	epochs	1.0
1648.2944377335143	0.04944240000008904	epochs	1.0
1648.3438801335144	2.9999199999999746	epochs	0.0
1648.3438801335144	1.0	epochs	1.0
1649.3438801335144	1.0	epochs	1.0
1650.3438801335144	0.9999199999999746	epochs	1.0
1652.5989999771118	0.1088799999999992	epochs	0.0
1652.5989999771118	0.04944240000008904	epochs	1.0
1652.648442377112	0.009995199999821125	epochs	1.0
1652.6584375771117	0.04944240000008904	epochs	1.0
1652.7078799771118	2.9999199999999746	epochs	0.0
1652.7078799771118	1.0	epochs	1.0
1653.7078799771118	1.0	epochs	1.0
1654.7078799771118	0.9999199999999746	epochs	1.0
1656.9159998893738	0.1088799999999992	epochs	0.0
1656.9159998893738	0.04944240000008904	epochs	1.0
1656.9654422893739	0.009995199999821125	epochs	1.0
1656.9754374893737	0.04944240000008904	epochs	1.0
1657.0248798893738	2.9999199999999746	epochs	0.0
1657.0248798893738	1.0	epochs	1.0
1658.0248798893738	1.0	epochs	1.0
1659.0248798893738	0.9999199999999746	epochs	1.0
1661.2659997940063	0.1088799999999992	epochs	0.0
1661.2659997940063	0.04944240000008904	epochs	1.0
1661.3154421940064	0.009995199999821125	epochs	1.0
1661.3254373940063	0.04944240000008904	epochs	1.0
1661.3748797940063	2.9999199999999746	epochs	0.0
1661.3748797940063	1.0	epochs	1.0
1662.3748797940063	1.0	epochs	1.0
1663.3748797940063	0.9999199999999746	epochs	1.0
1665.5869998931885	0.1088799999999992	epochs	0.0
1665.5869998931885	0.04944240000008904	epochs	1.0
1665.6364422931886	0.009995199999821125	epochs	1.0
1665.6464374931884	0.04944240000008904	epochs	1.0
1665.6958798931885	2.9999199999999746	epochs	0.0
1665.6958798931885	1.0	epochs	1.0
1666.6958798931885	1.0	epochs	1.0
1667.6958798931885	0.9999199999999746	epochs	1.0
1670.0199999809265	0.1088799999999992	epochs	0.0
1670.0199999809265	0.04944240000008904	epochs	1.0
1670.0694423809266	0.009995199999821125	epochs	1.0
1670.0794375809264	0.04944240000008904	epochs	1.0
1670.1288799809265	2.9999199999999746	epochs	0.0
1670.1288799809265	0.900000000000091	epochs	1.0
1671.0288799809266	0.09999999999990905	epochs	1.0
1671.1288799809265	1.0	epochs	1.0
1672.1288799809265	0.9999199999999746	epochs	1.0
1674.4229998588562	0.1088799999999992	epochs	0.0
1674.4229998588562	0.04944240000008904	epochs	1.0
1674.4724422588563	0.009995199999821125	epochs	1.0
1674.482437458856	0.04944240000008904	epochs	1.0
1674.5318798588562	2.9999199999999746	epochs	0.0
1674.5318798588562	0.900000000000091	epochs	1.0
1675.4318798588563	0.09999999999990905	epochs	1.0
1675.5318798588562	1.0	epochs	1.0
1676.5318798588562	0.9999199999999746	epochs	1.0
1678.7729997634888	0.1088799999999992	epochs	0.0
1678.7729997634888	0.04944240000008904	epochs	1.0
1678.8224421634889	0.009995199999821125	epochs	1.0
1678.8324373634887	0.04944240000008904	epochs	1.0
1678.8818797634888	2.9999199999999746	epochs	0.0
1678.8818797634888	0.900000000000091	epochs	1.0
1679.7818797634889	0.09999999999990905	epochs	1.0
1679.8818797634888	1.0	epochs	1.0
1680.8818797634888	0.9999199999999746	epochs	1.0
1683.1269998550415	0.1088799999999992	epochs	0.0
1683.1269998550415	0.04944240000008904	epochs	1.0
1683.1764422550416	0.009995199999821125	epochs	1.0
1683.1864374550414	0.04944240000008904	epochs	1.0
1683.2358798550415	2.9999199999999746	epochs	0.0
1683.2358798550415	0.900000000000091	epochs	1.0
1684.1358798550416	0.09999999999990905	epochs	1.0
1684.2358798550415	1.0	epochs	1.0
1685.2358798550415	0.9999199999999746	epochs	1.0
1687.5099997520447	0.1088799999999992	epochs	0.0
1687.5099997520447	0.04944240000008904	epochs	1.0
1687.5594421520448	0.009995199999821125	epochs	1.0
1687.5694373520446	0.04944240000008904	epochs	1.0
1687.6188797520447	2.9999199999999746	epochs	0.0
1687.6188797520447	0.900000000000091	epochs	1.0
1688.5188797520448	0.09999999999990905	epochs	1.0
1688.6188797520447	1.0	epochs	1.0
1689.6188797520447	0.9999199999999746	epochs	1.0
1691.960000038147	0.1088799999999992	epochs	0.0
1691.960000038147	0.04944240000008904	epochs	1.0
1692.009442438147	0.009995199999821125	epochs	1.0
1692.0194376381469	0.04944240000008904	epochs	1.0
1692.068880038147	2.9999199999999746	epochs	0.0
1692.068880038147	0.900000000000091	epochs	1.0
1692.968880038147	0.09999999999990905	epochs	1.0
1693.068880038147	1.0	epochs	1.0
1694.068880038147	0.9999199999999746	epochs	1.0
1696.3499999046326	0.1088799999999992	epochs	0.0
1696.3499999046326	0.04944240000008904	epochs	1.0
1696.3994423046327	0.009995199999821125	epochs	1.0
1696.4094375046325	0.04944240000008904	epochs	1.0
1696.4588799046326	2.9999199999999746	epochs	0.0
1696.4588799046326	0.900000000000091	epochs	1.0
1697.3588799046327	0.09999999999990905	epochs	1.0
1697.4588799046326	1.0	epochs	1.0
1698.4588799046326	0.9999199999999746	epochs	1.0
1700.7170000076294	0.1088799999999992	epochs	0.0
1700.7170000076294	0.04944240000008904	epochs	1.0
1700.7664424076295	0.009995199999821125	epochs	1.0
1700.7764376076293	0.04944240000008904	epochs	1.0
1700.8258800076294	2.9999199999999746	epochs	0.0
1700.8258800076294	0.900000000000091	epochs	1.0
1701.7258800076295	0.09999999999990905	epochs	1.0
1701.8258800076294	1.0	epochs	1.0
1702.8258800076294	0.9999199999999746	epochs	1.0
1705.0689997673035	0.1088799999999992	epochs	0.0
1705.0689997673035	0.04944240000008904	epochs	1.0
1705.1184421673036	0.009995199999821125	epochs	1.0
1705.1284373673034	0.04944240000008904	epochs	1.0
1705.1778797673035	2.9999199999999746	epochs	0.0
1705.1778797673035	0.900000000000091	epochs	1.0
1706.0778797673036	0.09999999999990905	epochs	1.0
1706.1778797673035	1.0	epochs	1.0
1707.1778797673035	0.9999199999999746	epochs	1.0
1709.4359998703003	0.1088799999999992	epochs	0.0
1709.4359998703003	0.04944240000008904	epochs	1.0
1709.4854422703004	0.009995199999821125	epochs	1.0
1709.4954374703002	0.04944240000008904	epochs	1.0
1709.5448798703003	2.9999199999999746	epochs	0.0
1709.5448798703003	1.0	epochs	1.0
1710.5448798703003	1.0	epochs	1.0
1711.5448798703003	0.9999199999999746	epochs	1.0
1713.8940000534058	0.1088799999999992	epochs	0.0
1713.8940000534058	0.04944240000008904	epochs	1.0
1713.9434424534059	0.009995199999821125	epochs	1.0
1713.9534376534057	0.04944240000008904	epochs	1.0
1714.0028800534058	2.9999199999999746	epochs	0.0
1714.0028800534058	1.0	epochs	1.0
1715.0028800534058	1.0	epochs	1.0
1716.0028800534058	0.9999199999999746	epochs	1.0
1718.2779998779297	0.1088799999999992	epochs	0.0
1718.2779998779297	0.04944240000008904	epochs	1.0
1718.3274422779298	0.009995199999821125	epochs	1.0
1718.3374374779296	0.04944240000008904	epochs	1.0
1718.3868798779297	2.9999199999999746	epochs	0.0
1718.3868798779297	1.0	epochs	1.0
1719.3868798779297	1.0	epochs	1.0
1720.3868798779297	0.9999199999999746	epochs	1.0
1722.6840000152588	0.1088799999999992	epochs	0.0
1722.6840000152588	0.04944240000008904	epochs	1.0
1722.7334424152589	0.009995199999821125	epochs	1.0
1722.7434376152587	0.04944240000008904	epochs	1.0
1722.7928800152588	2.9999199999999746	epochs	0.0
1722.7928800152588	1.0	epochs	1.0
1723.7928800152588	1.0	epochs	1.0
1724.7928800152588	0.9999199999999746	epochs	1.0
1727.0510001182556	0.1088799999999992	epochs	0.0
1727.0510001182556	0.04944240000008904	epochs	1.0
1727.1004425182557	0.009995199999821125	epochs	1.0
1727.1104377182555	0.04944240000008904	epochs	1.0
1727.1598801182556	2.9999199999999746	epochs	0.0
1727.1598801182556	1.0	epochs	1.0
1728.1598801182556	1.0	epochs	1.0
1729.1598801182556	0.9999199999999746	epochs	1.0
1731.4010000228882	0.1088799999999992	epochs	0.0
1731.4010000228882	0.04944240000008904	epochs	1.0
1731.4504424228883	0.009995199999821125	epochs	1.0
1731.460437622888	0.04944240000008904	epochs	1.0
1731.5098800228882	2.9999199999999746	epochs	0.0
1731.5098800228882	1.0	epochs	1.0
1732.5098800228882	1.0	epochs	1.0
1733.5098800228882	0.9999199999999746	epochs	1.0
1735.7839999198914	0.1088799999999992	epochs	0.0
1735.7839999198914	0.04944240000008904	epochs	1.0
1735.8334423198914	0.009995199999821125	epochs	1.0
1735.8434375198913	0.04944240000008904	epochs	1.0
1735.8928799198914	2.9999199999999746	epochs	0.0
1735.8928799198914	1.0	epochs	1.0
1736.8928799198914	1.0	epochs	1.0
1737.8928799198914	0.9999199999999746	epochs	1.0
1740.200999736786	0.1088799999999992	epochs	0.0
1740.200999736786	0.04944240000008904	epochs	1.0
1740.250442136786	0.009995199999821125	epochs	1.0
1740.2604373367858	0.04944240000008904	epochs	1.0
1740.309879736786	2.9999199999999746	epochs	0.0
1740.309879736786	1.0	epochs	1.0
1741.309879736786	1.0	epochs	1.0
1742.309879736786	0.9999199999999746	epochs	1.0
1744.6089997291565	0.1088799999999992	epochs	0.0
1744.6089997291565	0.04944240000008904	epochs	1.0
1744.6584421291566	0.009995199999821125	epochs	1.0
1744.6684373291564	0.04944240000008904	epochs	1.0
1744.7178797291565	2.9999199999999746	epochs	0.0
1744.7178797291565	1.0	epochs	1.0
1745.7178797291565	1.0	epochs	1.0
1746.7178797291565	0.9999199999999746	epochs	1.0
1749.075999736786	0.1088799999999992	epochs	0.0
1749.075999736786	0.04944240000008904	epochs	1.0
1749.125442136786	0.009995199999821125	epochs	1.0
1749.1354373367858	0.04944240000008904	epochs	1.0
1749.184879736786	2.9999199999999746	epochs	0.0
1749.184879736786	1.0	epochs	1.0
1750.184879736786	1.0	epochs	1.0
1751.184879736786	0.9999199999999746	epochs	1.0
1753.4959998130798	0.1088799999999992	epochs	0.0
1753.4959998130798	0.04944240000008904	epochs	1.0
1753.54544221308	0.009995199999821125	epochs	1.0
1753.5554374130797	0.04944240000008904	epochs	1.0
1753.6048798130798	2.9999199999999746	epochs	0.0
1753.6048798130798	1.0	epochs	1.0
1754.6048798130798	1.0	epochs	1.0
1755.6048798130798	0.9999199999999746	epochs	1.0
1757.8959999084473	0.1088799999999992	epochs	0.0
1757.8959999084473	0.04944240000008904	epochs	1.0
1757.9454423084474	0.009995199999821125	epochs	1.0
1757.9554375084472	0.04944240000008904	epochs	1.0
1758.0048799084473	2.9999199999999746	epochs	0.0
1758.0048799084473	1.0	epochs	1.0
1759.0048799084473	1.0	epochs	1.0
1760.0048799084473	0.9999199999999746	epochs	1.0
1762.2789998054504	0.1088799999999992	epochs	0.0
1762.2789998054504	0.04944240000008904	epochs	1.0
1762.3284422054505	0.009995199999821125	epochs	1.0
1762.3384374054503	0.04944240000008904	epochs	1.0
1762.3878798054504	2.9999199999999746	epochs	0.0
1762.3878798054504	1.0	epochs	1.0
1763.3878798054504	1.0	epochs	1.0
1764.3878798054504	0.9999199999999746	epochs	1.0
1766.7030000686646	0.1088799999999992	epochs	0.0
1766.7030000686646	0.04944240000008904	epochs	1.0
1766.7524424686646	0.009995199999821125	epochs	1.0
1766.7624376686645	0.04944240000008904	epochs	1.0
1766.8118800686645	2.9999199999999746	epochs	0.0
1766.8118800686645	1.0	epochs	1.0
1767.8118800686645	1.0	epochs	1.0
1768.8118800686645	0.9999199999999746	epochs	1.0
1771.119999885559	0.1088799999999992	epochs	0.0
1771.119999885559	0.04944240000008904	epochs	1.0
1771.1694422855592	0.009995199999821125	epochs	1.0
1771.179437485559	0.04944240000008904	epochs	1.0
1771.228879885559	2.9999199999999746	epochs	0.0
1771.228879885559	1.0	epochs	1.0
1772.228879885559	1.0	epochs	1.0
1773.228879885559	0.9999199999999746	epochs	1.0
1775.5440001487732	0.1088799999999992	epochs	0.0
1775.5440001487732	0.04944240000008904	epochs	1.0
1775.5934425487733	0.009995199999821125	epochs	1.0
1775.603437748773	0.04944240000008904	epochs	1.0
1775.6528801487732	2.9999199999999746	epochs	0.0
1775.6528801487732	1.0	epochs	1.0
1776.6528801487732	1.0	epochs	1.0
1777.6528801487732	0.9999199999999746	epochs	1.0
1779.9779996871948	0.1088799999999992	epochs	0.0
1779.9779996871948	0.04944240000008904	epochs	1.0
1780.027442087195	0.009995199999821125	epochs	1.0
1780.0374372871947	0.04944240000008904	epochs	1.0
1780.0868796871948	2.9999199999999746	epochs	0.0
1780.0868796871948	1.0	epochs	1.0
1781.0868796871948	1.0	epochs	1.0
1782.0868796871948	0.9999199999999746	epochs	1.0
1784.4010000228882	0.1088799999999992	epochs	0.0
1784.4010000228882	0.04944240000008904	epochs	1.0
1784.4504424228883	0.009995199999821125	epochs	1.0
1784.460437622888	0.04944240000008904	epochs	1.0
1784.5098800228882	2.9999199999999746	epochs	0.0
1784.5098800228882	1.0	epochs	1.0
1785.5098800228882	1.0	epochs	1.0
1786.5098800228882	0.9999199999999746	epochs	1.0
1788.9179997444153	0.1088799999999992	epochs	0.0
1788.9179997444153	0.04944240000008904	epochs	1.0
1788.9674421444154	0.009995199999821125	epochs	1.0
1788.9774373444152	0.04944240000008904	epochs	1.0
1789.0268797444153	2.9999199999999746	epochs	0.0
1789.0268797444153	1.0	epochs	1.0
1790.0268797444153	1.0	epochs	1.0
1791.0268797444153	0.9999199999999746	epochs	1.0
1793.3199996948242	0.1088799999999992	epochs	0.0
1793.3199996948242	0.04944240000008904	epochs	1.0
1793.3694420948243	0.009995199999821125	epochs	1.0
1793.3794372948241	0.04944240000008904	epochs	1.0
1793.4288796948242	2.9999199999999746	epochs	0.0
1793.4288796948242	1.0	epochs	1.0
1794.4288796948242	1.0	epochs	1.0
1795.4288796948242	0.9999199999999746	epochs	1.0
1797.7869997024536	0.1088799999999992	epochs	0.0
1797.7869997024536	0.04944240000008904	epochs	1.0
1797.8364421024537	0.009995199999821125	epochs	1.0
1797.8464373024535	0.04944240000008904	epochs	1.0
1797.8958797024536	3.6499200000000656	epochs	0.0
1797.8958797024536	2.0	epochs	1.0
1799.8958797024536	0.2999999999999545	epochs	1.0
1800.1958797024536	0.005000000000109139	epochs	1.0
1800.2008797024537	0.2999999999999545	epochs	1.0
1800.5008797024536	1.0	epochs	1.0
1801.5008797024536	0.044920000000047366	epochs	1.0
1802.8819999694824	0.1088799999999992	epochs	0.0
1802.8819999694824	0.04944240000008904	epochs	1.0
1802.9314423694825	0.009995199999821125	epochs	1.0
1802.9414375694823	0.04944240000008904	epochs	1.0
1802.9908799694824	3.6499200000000656	epochs	0.0
1802.9908799694824	2.0	epochs	1.0
1804.9908799694824	0.2999999999999545	epochs	1.0
1805.2908799694824	0.009999999999990905	epochs	1.0
1805.3008799694824	0.2999999999999545	epochs	1.0
1805.6008799694823	1.0	epochs	1.0
1806.6008799694823	0.0399200000001656	epochs	1.0
1807.8989996910095	0.1088799999999992	epochs	0.0
1807.8989996910095	0.04944240000008904	epochs	1.0
1807.9484420910096	0.009995199999821125	epochs	1.0
1807.9584372910094	0.04944240000008904	epochs	1.0
1808.0078796910095	3.6499200000000656	epochs	0.0
1808.0078796910095	2.0	epochs	1.0
1810.0078796910095	0.2999999999999545	epochs	1.0
1810.3078796910095	0.015000000000100044	epochs	1.0
1810.3228796910096	0.2999999999999545	epochs	1.0
1810.6228796910095	1.0	epochs	1.0
1811.6228796910095	0.03492000000005646	epochs	1.0
1813.0299997329712	0.1088799999999992	epochs	0.0
1813.0299997329712	0.04944240000008904	epochs	1.0
1813.0794421329713	0.009995199999821125	epochs	1.0
1813.089437332971	0.04944240000008904	epochs	1.0
1813.1388797329712	3.6499200000000656	epochs	0.0
1813.1388797329712	2.0	epochs	1.0
1815.1388797329712	0.2999999999999545	epochs	1.0
1815.4388797329711	0.01999999999998181	epochs	1.0
1815.4588797329711	0.2999999999999545	epochs	1.0
1815.758879732971	1.0	epochs	1.0
1816.758879732971	0.029920000000174696	epochs	1.0
1818.0970001220703	0.1088799999999992	epochs	0.0
1818.0970001220703	0.04944240000008904	epochs	1.0
1818.1464425220704	0.009995199999821125	epochs	1.0
1818.1564377220702	0.04944240000008904	epochs	1.0
1818.2058801220703	3.6499200000000656	epochs	0.0
1818.2058801220703	2.0	epochs	1.0
1820.2058801220703	0.2999999999999545	epochs	1.0
1820.5058801220703	0.02500000000009095	epochs	1.0
1820.5308801220704	0.2999999999999545	epochs	1.0
1820.8308801220703	1.0	epochs	1.0
1821.8308801220703	0.024920000000065556	epochs	1.0
1823.1840000152588	0.1088799999999992	epochs	0.0
1823.1840000152588	0.04944240000008904	epochs	1.0
1823.2334424152589	0.009995199999821125	epochs	1.0
1823.2434376152587	0.04944240000008904	epochs	1.0
1823.2928800152588	3.6499200000000656	epochs	0.0
1823.2928800152588	2.0	epochs	1.0
1825.2928800152588	0.2999999999999545	epochs	1.0
1825.5928800152587	0.029999999999972715	epochs	1.0
1825.6228800152587	0.3000000000001819	epochs	1.0
1825.922880015259	1.0	epochs	1.0
1826.922880015259	0.019919999999956417	epochs	1.0
1828.268000125885	0.1088799999999992	epochs	0.0
1828.268000125885	0.04944240000008904	epochs	1.0
1828.317442525885	0.009995199999821125	epochs	1.0
1828.327437725885	0.04944240000008904	epochs	1.0
1828.376880125885	3.6499200000000656	epochs	0.0
1828.376880125885	2.0	epochs	1.0
1830.376880125885	0.2999999999999545	epochs	1.0
1830.676880125885	0.035000000000081855	epochs	1.0
1830.711880125885	0.2999999999999545	epochs	1.0
1831.011880125885	1.0	epochs	1.0
1832.011880125885	0.014920000000074651	epochs	1.0
1833.348000049591	0.1088799999999992	epochs	0.0
1833.348000049591	0.04944240000008904	epochs	1.0
1833.3974424495912	0.009995199999821125	epochs	1.0
1833.407437649591	0.04944240000008904	epochs	1.0
1833.456880049591	3.6499200000000656	epochs	0.0
1833.456880049591	2.0	epochs	1.0
1835.456880049591	0.2999999999999545	epochs	1.0
1835.756880049591	0.03999999999996362	epochs	1.0
1835.796880049591	0.3000000000001819	epochs	1.0
1836.0968800495912	1.0	epochs	1.0
1837.0968800495912	0.009919999999965512	epochs	1.0
1838.4649996757507	0.1088799999999992	epochs	0.0
1838.4649996757507	0.04944240000008904	epochs	1.0
1838.5144420757508	0.009995199999821125	epochs	1.0
1838.5244372757506	0.04944240000008904	epochs	1.0
1838.5738796757507	3.6499200000000656	epochs	0.0
1838.5738796757507	2.0	epochs	1.0
1840.5738796757507	0.2999999999999545	epochs	1.0
1840.8738796757507	0.04500000000007276	epochs	1.0
1840.9188796757508	0.2999999999999545	epochs	1.0
1841.2188796757507	1.0	epochs	1.0
1842.2188796757507	0.004920000000083746	epochs	1.0
1843.5149998664856	0.1088799999999992	epochs	0.0
1843.5149998664856	0.04944240000008904	epochs	1.0
1843.5644422664857	0.009995199999821125	epochs	1.0
1843.5744374664855	0.04944240000008904	epochs	1.0
1843.6238798664856	3.6499200000000656	epochs	0.0
1843.6238798664856	2.0	epochs	1.0
1845.6238798664856	0.2999999999999545	epochs	1.0
1845.9238798664855	0.049999999999954525	epochs	1.0
1845.9738798664855	0.3000000000001819	epochs	1.0
1846.2738798664857	0.9999199999999746	epochs	1.0
1848.664999961853	0.1088799999999992	epochs	0.0
1848.664999961853	0.04944240000008904	epochs	1.0
1848.7144423618531	0.009995199999821125	epochs	1.0
1848.724437561853	0.04944240000008904	epochs	1.0
1848.773879961853	4.099920000000111	epochs	0.0
1848.773879961853	2.0	epochs	1.0
1850.773879961853	0.2999999999999545	epochs	1.0
1851.073879961853	0.10000000000013642	epochs	1.0
1851.1738799618531	0.2999999999999545	epochs	1.0
1851.473879961853	1.0	epochs	1.0
1852.473879961853	0.39992000000006556	epochs	1.0
1855.9969997406006	0.1088799999999992	epochs	0.0
1855.9969997406006	0.04944240000008904	epochs	1.0
1856.0464421406007	0.009995199999821125	epochs	1.0
1856.0564373406005	0.04944240000008904	epochs	1.0
1856.1058797406006	4.099920000000111	epochs	0.0
1856.1058797406006	2.0	epochs	1.0
1858.1058797406006	0.2999999999999545	epochs	1.0
1858.4058797406005	0.20000000000004547	epochs	1.0
1858.6058797406006	0.2999999999999545	epochs	1.0
1858.9058797406005	1.0	epochs	1.0
1859.9058797406005	0.2999200000001565	epochs	1.0
1863.3379998207092	0.1088799999999992	epochs	0.0
1863.3379998207092	0.04944240000008904	epochs	1.0
1863.3874422207093	0.009995199999821125	epochs	1.0
1863.3974374207091	0.04944240000008904	epochs	1.0
1863.4468798207092	4.099920000000111	epochs	0.0
1863.4468798207092	2.0	epochs	1.0
1865.4468798207092	0.2999999999999545	epochs	1.0
1865.7468798207092	0.2999999999999545	epochs	1.0
1866.0468798207091	0.3000000000001819	epochs	1.0
1866.3468798207093	1.0	epochs	1.0
1867.3468798207093	0.19992000000002008	epochs	1.0
1870.6539998054504	0.1088799999999992	epochs	0.0
1870.6539998054504	0.04944240000008904	epochs	1.0
1870.7034422054505	0.009995199999821125	epochs	1.0
1870.7134374054503	0.04944240000008904	epochs	1.0
1870.7628798054504	4.099920000000111	epochs	0.0
1870.7628798054504	2.0	epochs	1.0
1872.7628798054504	0.2999999999999545	epochs	1.0
1873.0628798054504	0.40000000000009095	epochs	1.0
1873.4628798054505	0.2999999999999545	epochs	1.0
1873.7628798054504	1.0	epochs	1.0
1874.7628798054504	0.09992000000011103	epochs	1.0
1878.0139999389648	0.1088799999999992	epochs	0.0
1878.0139999389648	0.04944240000008904	epochs	1.0
1878.063442338965	0.009995199999821125	epochs	1.0
1878.0734375389648	0.04944240000008904	epochs	1.0
1878.1228799389648	4.099920000000111	epochs	0.0
1878.1228799389648	2.0	epochs	1.0
1880.1228799389648	0.2999999999999545	epochs	1.0
1880.4228799389648	0.5	epochs	1.0
1880.9228799389648	0.2999999999999545	epochs	1.0
1881.2228799389648	0.999920000000202	epochs	1.0
1885.3870000839233	0.1088799999999992	epochs	0.0
1885.3870000839233	0.04944240000008904	epochs	1.0
1885.4364424839234	0.009995199999821125	epochs	1.0
1885.4464376839233	0.04944240000008904	epochs	1.0
1885.4958800839233	1.8505600000000868	epochs	0.0
1885.4958800839233	1.8505600000000868	epochs	1.0
1887.3464400839234	5.749360000000024	epochs	0.0
