onset	duration	nwb_table	treelevel
10.598000049591064	0.09999999999999964	epochs	0.0
10.598000049591064	0.04499999999999993	epochs	1.0
10.643000049591064	0.009999999999999787	epochs	1.0
10.653000049591064	0.04499999999999993	epochs	1.0
10.698000049591064	0.5003100000000007	epochs	0.0
10.698000049591064	0.5	epochs	-1.0
10.698000049591064	0.5	epochs	-1.0
10.698000049591064	0.5	epochs	1.0
11.198000049591064	0.0003100000000006986	epochs	-1.0
11.198000049591064	0.0003100000000006986	epochs	-1.0
11.198000049591064	0.0003100000000006986	epochs	1.0
11.198310049591065	0.20468499999999956	epochs	0.0
11.38100004196167	0.09999999999999964	epochs	0.0
11.38100004196167	0.04499999999999993	epochs	1.0
11.42600004196167	0.009999999999999787	epochs	1.0
11.43600004196167	0.04499999999999993	epochs	1.0
11.48100004196167	0.5405549999999995	epochs	0.0
11.48100004196167	0.5	epochs	-1.0
11.48100004196167	0.5	epochs	-1.0
11.48100004196167	0.5	epochs	1.0
11.98100004196167	0.04055499999999945	epochs	-1.0
11.98100004196167	0.025000000000000355	epochs	-1.0
11.98100004196167	0.025000000000000355	epochs	1.0
12.00600004196167	0.009999999999999787	epochs	-1.0
12.00600004196167	0.009999999999999787	epochs	1.0
12.01600004196167	0.0055549999999993105	epochs	-1.0
12.01600004196167	0.0055549999999993105	epochs	1.0
12.021555041961669	0.1644400000000008	epochs	0.0
12.21500015258789	0.09999999999999964	epochs	0.0
12.21500015258789	0.04499999999999993	epochs	1.0
12.26000015258789	0.009999999999999787	epochs	1.0
12.27000015258789	0.04499999999999993	epochs	1.0
12.31500015258789	0.5004350000000013	epochs	0.0
12.31500015258789	0.5	epochs	-1.0
12.31500015258789	0.5	epochs	-1.0
12.31500015258789	0.5	epochs	1.0
12.81500015258789	0.00043500000000129546	epochs	-1.0
12.81500015258789	0.00043500000000129546	epochs	-1.0
12.81500015258789	0.00043500000000129546	epochs	1.0
12.815435152587892	0.20455999999999896	epochs	0.0
134.16800022125244	0.09999999999999432	epochs	0.0
134.16800022125244	0.044999999999987494	epochs	1.0
134.21300022125243	0.010000000000019327	epochs	1.0
134.22300022125245	0.044999999999987494	epochs	1.0
134.26800022125244	0.7049949999999967	epochs	0.0
134.26800022125244	0.5	epochs	-1.0
134.26800022125244	0.5	epochs	1.0
134.76800022125244	0.060000000000002274	epochs	-1.0
134.76800022125244	0.025000000000005684	epochs	-1.0
134.76800022125244	0.025000000000005684	epochs	1.0
134.79300022125244	0.009999999999990905	epochs	-1.0
134.79300022125244	0.009999999999990905	epochs	1.0
134.80300022125243	0.025000000000005684	epochs	-1.0
134.80300022125243	0.025000000000005684	epochs	1.0
134.82800022125244	0.060000000000002274	epochs	-1.0
134.82800022125244	0.025000000000005684	epochs	-1.0
134.82800022125244	0.025000000000005684	epochs	1.0
134.85300022125244	0.009999999999990905	epochs	-1.0
134.85300022125244	0.009999999999990905	epochs	1.0
134.86300022125243	0.025000000000005684	epochs	-1.0
134.86300022125243	0.025000000000005684	epochs	1.0
134.88800022125244	0.060000000000002274	epochs	-1.0
134.88800022125244	0.025000000000005684	epochs	-1.0
134.88800022125244	0.025000000000005684	epochs	1.0
134.91300022125245	0.009999999999990905	epochs	-1.0
134.91300022125245	0.009999999999990905	epochs	1.0
134.92300022125244	0.025000000000005684	epochs	-1.0
134.92300022125244	0.025000000000005684	epochs	1.0
134.94800022125244	0.024994999999989886	epochs	1.0
144.45700025558472	0.09999999999999432	epochs	0.0
144.45700025558472	0.044999999999987494	epochs	1.0
144.5020002555847	0.010000000000019327	epochs	1.0
144.51200025558472	0.044999999999987494	epochs	1.0
144.5570002555847	0.7049949999999967	epochs	0.0
144.5570002555847	0.5	epochs	-1.0
144.5570002555847	0.5	epochs	1.0
145.0570002555847	0.060000000000002274	epochs	-1.0
145.0570002555847	0.025000000000005684	epochs	-1.0
145.0570002555847	0.025000000000005684	epochs	1.0
145.08200025558472	0.009999999999990905	epochs	-1.0
145.08200025558472	0.009999999999990905	epochs	1.0
145.0920002555847	0.025000000000005684	epochs	-1.0
145.0920002555847	0.025000000000005684	epochs	1.0
145.1170002555847	0.060000000000002274	epochs	-1.0
145.1170002555847	0.025000000000005684	epochs	-1.0
145.1170002555847	0.025000000000005684	epochs	1.0
145.14200025558472	0.009999999999990905	epochs	-1.0
145.14200025558472	0.009999999999990905	epochs	1.0
145.1520002555847	0.025000000000005684	epochs	-1.0
145.1520002555847	0.025000000000005684	epochs	1.0
145.17700025558472	0.060000000000002274	epochs	-1.0
145.17700025558472	0.025000000000005684	epochs	-1.0
145.17700025558472	0.025000000000005684	epochs	1.0
145.20200025558472	0.009999999999990905	epochs	-1.0
145.20200025558472	0.009999999999990905	epochs	1.0
145.2120002555847	0.025000000000005684	epochs	-1.0
145.2120002555847	0.025000000000005684	epochs	1.0
145.23700025558472	0.024994999999989886	epochs	1.0
194.0	0.09999999999999432	epochs	0.0
194.0	0.044999999999987494	epochs	1.0
194.045	0.010000000000019327	epochs	1.0
194.055	0.044999999999987494	epochs	1.0
194.1	61.384995	epochs	0.0
194.1	0.5	epochs	-1.0
194.1	0.5	epochs	-1.0
194.1	0.5	epochs	1.0
194.6	0.060000000000002274	epochs	-1.0
194.6	0.025000000000005684	epochs	-1.0
194.6	0.025000000000005684	epochs	1.0
194.625	0.009999999999990905	epochs	-1.0
194.625	0.009999999999990905	epochs	1.0
194.635	0.025000000000005684	epochs	-1.0
194.635	0.025000000000005684	epochs	1.0
194.66	0.060000000000002274	epochs	-1.0
194.66	0.025000000000005684	epochs	-1.0
194.66	0.025000000000005684	epochs	1.0
194.685	0.009999999999990905	epochs	-1.0
194.685	0.009999999999990905	epochs	1.0
194.695	0.025000000000005684	epochs	-1.0
194.695	0.025000000000005684	epochs	1.0
194.72	0.060000000000002274	epochs	-1.0
194.72	0.025000000000005684	epochs	-1.0
194.72	0.025000000000005684	epochs	1.0
194.745	0.009999999999990905	epochs	-1.0
194.745	0.009999999999990905	epochs	1.0
194.755	0.025000000000005684	epochs	-1.0
194.755	0.025000000000005684	epochs	1.0
194.78	60.0	epochs	1.0
254.78	0.5	epochs	-1.0
254.78	0.5	epochs	-1.0
254.78	0.5	epochs	1.0
255.28	0.060000000000002274	epochs	-1.0
255.28	0.025000000000005684	epochs	-1.0
255.28	0.025000000000005684	epochs	1.0
255.305	0.009999999999990905	epochs	-1.0
255.305	0.009999999999990905	epochs	1.0
255.315	0.025000000000005684	epochs	-1.0
255.315	0.025000000000005684	epochs	1.0
255.34	0.060000000000002274	epochs	-1.0
255.34	0.025000000000005684	epochs	-1.0
255.34	0.025000000000005684	epochs	1.0
255.365	0.009999999999990905	epochs	-1.0
255.365	0.009999999999990905	epochs	1.0
255.375	0.025000000000005684	epochs	-1.0
255.375	0.025000000000005684	epochs	1.0
255.4	0.060000000000002274	epochs	-1.0
255.4	0.025000000000005684	epochs	-1.0
255.4	0.025000000000005684	epochs	1.0
255.425	0.009999999999990905	epochs	-1.0
255.425	0.009999999999990905	epochs	1.0
255.435	0.025000000000005684	epochs	-1.0
255.435	0.025000000000005684	epochs	1.0
255.46	0.024994999999989886	epochs	1.0
288.35400009155273	0.10000000000002274	epochs	0.0
288.35400009155273	0.045000000000015916	epochs	1.0
288.39900009155275	0.009999999999990905	epochs	1.0
288.40900009155274	0.045000000000015916	epochs	1.0
288.45400009155276	0.7049949999999967	epochs	0.0
288.45400009155276	0.5	epochs	-1.0
288.45400009155276	0.5	epochs	-1.0
288.45400009155276	0.5	epochs	1.0
288.95400009155276	0.060000000000002274	epochs	-1.0
288.95400009155276	0.024999999999977263	epochs	-1.0
288.95400009155276	0.024999999999977263	epochs	1.0
288.97900009155273	0.009999999999990905	epochs	-1.0
288.97900009155273	0.009999999999990905	epochs	1.0
288.9890000915527	0.025000000000034106	epochs	-1.0
288.9890000915527	0.025000000000034106	epochs	1.0
289.01400009155276	0.060000000000002274	epochs	-1.0
289.01400009155276	0.024999999999977263	epochs	-1.0
289.01400009155276	0.024999999999977263	epochs	1.0
289.03900009155274	0.009999999999990905	epochs	-1.0
289.03900009155274	0.009999999999990905	epochs	1.0
289.0490000915527	0.025000000000034106	epochs	-1.0
289.0490000915527	0.025000000000034106	epochs	1.0
289.07400009155276	0.05999999999994543	epochs	-1.0
289.07400009155276	0.024999999999977263	epochs	-1.0
289.07400009155276	0.024999999999977263	epochs	1.0
289.09900009155274	0.009999999999990905	epochs	-1.0
289.09900009155274	0.009999999999990905	epochs	1.0
289.10900009155273	0.024999999999977263	epochs	-1.0
289.10900009155273	0.024999999999977263	epochs	1.0
289.1340000915527	0.02499500000004673	epochs	1.0
332.1480002403259	0.12594000000001415	epochs	0.0
332.1480002403259	0.05797019999999975	epochs	1.0
332.2059704403259	0.009999600000014652	epochs	1.0
332.21597004032594	0.05797019999999975	epochs	1.0
332.27394024032594	5.999979999999994	epochs	0.0
332.27394024032594	0.5	epochs	1.0
332.27394484032595	0.5	epochs	-1.0
332.27394484032595	0.5	epochs	-1.0
332.77394024032594	5.0	epochs	1.0
337.77394024032594	0.49997999999999365	epochs	1.0
337.77394484032595	0.49997539999998253	epochs	-1.0
343.414999961853	0.12594000000001415	epochs	0.0
343.414999961853	0.05797019999999975	epochs	1.0
343.472970161853	0.009999600000014652	epochs	1.0
343.48296976185304	0.05797019999999975	epochs	1.0
343.54093996185304	2.533619999999985	epochs	0.0
343.54093996185304	0.5	epochs	1.0
343.54094456185305	0.5	epochs	-1.0
344.04093996185304	1.0	epochs	1.0
345.04093996185304	1.0336199999999849	epochs	1.0
345.54094456185305	0.5	epochs	-1.0
346.074559961853	0.9663600000000088	epochs	0.0
346.3980002403259	0.12594000000001415	epochs	0.0
346.3980002403259	0.05797019999999975	epochs	1.0
346.4559704403259	0.009999600000014652	epochs	1.0
346.46597004032594	0.05797019999999975	epochs	1.0
346.52394024032594	2.5343599999999924	epochs	0.0
346.52394024032594	0.5	epochs	1.0
346.52394484032595	0.5	epochs	-1.0
347.02394024032594	1.0	epochs	1.0
348.02394024032594	1.0343599999999924	epochs	1.0
348.52394484032595	0.5	epochs	-1.0
349.05830024032593	0.9656200000000013	epochs	0.0
349.3650002479553	0.12594000000001415	epochs	0.0
349.3650002479553	0.05797019999999975	epochs	1.0
349.4229704479553	0.009999600000014652	epochs	1.0
349.43297004795534	0.05797019999999975	epochs	1.0
349.49094024795534	2.53449999999998	epochs	0.0
349.49094024795534	0.5	epochs	1.0
349.49094484795535	0.5	epochs	-1.0
349.99094024795534	1.0	epochs	1.0
350.99094024795534	1.03449999999998	epochs	1.0
351.49094484795535	0.5	epochs	-1.0
352.0254402479553	0.9654800000000137	epochs	0.0
352.33799982070923	0.12594000000001415	epochs	0.0
352.33799982070923	0.05797019999999975	epochs	1.0
352.3959700207092	0.009999600000014652	epochs	1.0
352.40596962070924	0.05797019999999975	epochs	1.0
352.46393982070924	3.0345800000000054	epochs	0.0
352.46393982070924	0.5	epochs	1.0
352.46394442070925	0.5	epochs	-1.0
352.96393982070924	1.0	epochs	1.0
353.96393982070924	1.5345800000000054	epochs	1.0
354.46394442070925	0.5	epochs	-1.0
354.96394442070925	0.5	epochs	-1.0
355.49851982070925	0.46539999999998827	epochs	0.0
355.8880000114441	0.12594000000001415	epochs	0.0
355.8880000114441	0.05797019999999975	epochs	1.0
355.9459702114441	0.009999600000014652	epochs	1.0
355.9559698114441	0.05797019999999975	epochs	1.0
356.0139400114441	3.4999799999999937	epochs	0.0
356.0139400114441	0.5	epochs	1.0
356.0139446114441	0.5	epochs	-1.0
356.5139400114441	1.0	epochs	1.0
357.5139400114441	1.9999799999999937	epochs	1.0
358.0139446114441	0.5	epochs	-1.0
358.5139446114441	0.5	epochs	-1.0
359.95499992370605	0.12594000000001415	epochs	0.0
359.95499992370605	0.05797019999999975	epochs	1.0
360.01297012370605	0.009999600000014652	epochs	1.0
360.02296972370607	0.05797019999999975	epochs	1.0
360.08093992370607	3.4999799999999937	epochs	0.0
360.08093992370607	0.5	epochs	1.0
360.0809445237061	0.5	epochs	-1.0
360.58093992370607	1.0	epochs	1.0
361.58093992370607	1.9999799999999937	epochs	1.0
362.0809445237061	0.5	epochs	-1.0
362.5809445237061	0.5	epochs	-1.0
364.0260000228882	0.12594000000001415	epochs	0.0
364.0260000228882	0.05797019999999975	epochs	1.0
364.0839702228882	0.009999600000014652	epochs	1.0
364.0939698228882	0.05797019999999975	epochs	1.0
364.1519400228882	3.4999799999999937	epochs	0.0
364.1519400228882	0.5	epochs	1.0
364.1519446228882	0.5	epochs	-1.0
364.6519400228882	1.0	epochs	1.0
365.6519400228882	1.9999799999999937	epochs	1.0
366.1519446228882	0.5	epochs	-1.0
366.6519446228882	0.5	epochs	-1.0
368.143000125885	0.12594000000001415	epochs	0.0
368.143000125885	0.05797019999999975	epochs	1.0
368.200970325885	0.009999600000014652	epochs	1.0
368.210969925885	0.05797019999999975	epochs	1.0
368.268940125885	3.4999799999999937	epochs	0.0
368.268940125885	0.5	epochs	1.0
368.26894472588504	0.5	epochs	-1.0
368.768940125885	1.0	epochs	1.0
369.768940125885	1.9999799999999937	epochs	1.0
370.26894472588504	0.5	epochs	-1.0
370.76894472588504	0.5	epochs	-1.0
372.2259998321533	0.12594000000001415	epochs	0.0
372.2259998321533	0.05797019999999975	epochs	1.0
372.2839700321533	0.009999600000014652	epochs	1.0
372.29396963215333	0.05797019999999975	epochs	1.0
372.35193983215333	3.033579999999972	epochs	0.0
372.35193983215333	0.5	epochs	1.0
372.35194443215335	0.5	epochs	-1.0
372.85193983215333	1.0	epochs	1.0
373.85193983215333	1.5335799999999722	epochs	1.0
374.35194443215335	0.5	epochs	-1.0
374.85194443215335	0.5	epochs	-1.0
375.3855198321533	0.46640000000002146	epochs	0.0
375.87599992752075	0.6499800000000278	epochs	0.0
375.87599992752075	0.05000000000001137	epochs	1.0
375.92599992752076	0.5	epochs	1.0
376.42599992752076	0.09998000000001639	epochs	1.0
377.04300022125244	0.6499800000000278	epochs	0.0
377.04300022125244	0.05000000000001137	epochs	1.0
377.09300022125245	0.5	epochs	1.0
377.59300022125245	0.09998000000001639	epochs	1.0
378.12599992752075	0.6499800000000278	epochs	0.0
378.12599992752075	0.05000000000001137	epochs	1.0
378.17599992752076	0.5	epochs	1.0
378.67599992752076	0.09998000000001639	epochs	1.0
379.26000022888184	0.6499800000000278	epochs	0.0
379.26000022888184	0.05000000000001137	epochs	1.0
379.31000022888185	0.5	epochs	1.0
379.81000022888185	0.09998000000001639	epochs	1.0
380.3600001335144	0.6499800000000278	epochs	0.0
380.3600001335144	0.05000000000001137	epochs	1.0
380.4100001335144	0.5	epochs	1.0
380.9100001335144	0.09998000000001639	epochs	1.0
381.54300022125244	0.12594000000001415	epochs	0.0
381.54300022125244	0.05797019999999975	epochs	1.0
381.60097042125244	0.009999600000014652	epochs	1.0
381.61097002125246	0.05797019999999975	epochs	1.0
381.66894022125246	2.533999999999992	epochs	0.0
381.66894022125246	0.5	epochs	1.0
381.66894482125247	0.5	epochs	-1.0
382.16894022125246	1.0	epochs	1.0
383.16894022125246	1.0339999999999918	epochs	1.0
383.66894472125244	0.5	epochs	-1.0
384.20294022125245	2.965980000000002	epochs	0.0
386.74399995803833	0.12594000000001415	epochs	0.0
386.74399995803833	0.05797019999999975	epochs	1.0
386.80197015803833	0.009999600000014652	epochs	1.0
386.81196975803834	0.05797019999999975	epochs	1.0
386.86993995803834	2.533999999999992	epochs	0.0
386.86993995803834	0.5	epochs	1.0
386.86994455803836	0.5	epochs	-1.0
387.36993995803834	1.0	epochs	1.0
388.36993995803834	1.0339999999999918	epochs	1.0
388.86994445803833	0.5	epochs	-1.0
389.40393995803834	2.965980000000002	epochs	0.0
391.97700023651123	0.12594000000001415	epochs	0.0
391.97700023651123	0.05797019999999975	epochs	1.0
392.03497043651123	0.009999600000014652	epochs	1.0
392.04497003651124	0.05797019999999975	epochs	1.0
392.10294023651124	2.5343599999999924	epochs	0.0
392.10294023651124	0.5	epochs	1.0
392.10294483651126	0.5	epochs	-1.0
392.60294023651124	1.0	epochs	1.0
393.60294023651124	1.0343599999999924	epochs	1.0
394.10294483651126	0.5	epochs	-1.0
394.63730023651124	3.9656200000000013	epochs	0.0
395.17700004577637	0.12594000000001415	epochs	0.0
395.17700004577637	0.05797019999999975	epochs	1.0
395.23497024577637	0.009999600000014652	epochs	1.0
395.2449698457764	0.05797019999999975	epochs	1.0
395.3029400457764	2.534240000000011	epochs	0.0
395.3029400457764	0.5	epochs	1.0
395.3029446457764	0.5	epochs	-1.0
395.8029400457764	1.0	epochs	1.0
396.8029400457764	1.0342400000000112	epochs	1.0
397.3029446457764	0.5	epochs	-1.0
397.8371800457764	3.9657399999999825	epochs	0.0
398.3270001411438	0.12594000000001415	epochs	0.0
398.3270001411438	0.05797019999999975	epochs	1.0
398.3849703411438	0.009999600000014652	epochs	1.0
398.3949699411438	0.05797019999999975	epochs	1.0
398.4529401411438	2.5343799999999987	epochs	0.0
398.4529401411438	0.5	epochs	1.0
398.4529447411438	0.5	epochs	-1.0
398.9529401411438	1.0	epochs	1.0
399.9529401411438	1.0343799999999987	epochs	1.0
400.4529447411438	0.5	epochs	-1.0
400.9873201411438	3.965599999999995	epochs	0.0
401.49399995803833	0.12594000000001415	epochs	0.0
401.49399995803833	0.05797019999999975	epochs	1.0
401.55197015803833	0.009999600000014652	epochs	1.0
401.56196975803834	0.05797019999999975	epochs	1.0
401.61993995803834	2.533619999999985	epochs	0.0
401.61993995803834	0.5	epochs	1.0
401.61994455803836	0.5	epochs	-1.0
402.11993995803834	1.0	epochs	1.0
403.11993995803834	1.0336199999999849	epochs	1.0
403.61994455803836	0.5	epochs	-1.0
404.15355995803833	3.9663600000000088	epochs	0.0
404.6970000267029	0.12594000000001415	epochs	0.0
404.6970000267029	0.05797019999999975	epochs	1.0
404.7549702267029	0.009999600000014652	epochs	1.0
404.7649698267029	0.05797019999999975	epochs	1.0
404.8229400267029	2.533619999999985	epochs	0.0
404.8229400267029	0.5	epochs	1.0
404.8229446267029	0.5	epochs	-1.0
405.3229400267029	1.0	epochs	1.0
406.3229400267029	1.0336199999999849	epochs	1.0
406.8229446267029	0.5	epochs	-1.0
407.3565600267029	3.9663600000000088	epochs	0.0
407.9140000343323	0.12594000000001415	epochs	0.0
407.9140000343323	0.05797019999999975	epochs	1.0
407.9719702343323	0.009999600000014652	epochs	1.0
407.9819698343323	0.05797019999999975	epochs	1.0
408.0399400343323	0.5136799999999653	epochs	0.0
408.0399400343323	0.5	epochs	1.0
408.0399446343323	0.5	epochs	-1.0
408.5399400343323	0.013679999999965275	epochs	1.0
408.55362003433225	5.986300000000028	epochs	0.0
424.085000038147	0.12594000000001415	epochs	0.0
424.085000038147	0.05797019999999975	epochs	1.0
424.142970238147	0.009999600000014652	epochs	1.0
424.152969838147	0.05797019999999975	epochs	1.0
424.210940038147	0.5138000000000034	epochs	0.0
424.210940038147	0.5	epochs	1.0
424.210944638147	0.5	epochs	-1.0
424.710940038147	0.013800000000003365	epochs	1.0
424.724740038147	5.98617999999999	epochs	0.0
440.37099981307983	0.12594000000001415	epochs	0.0
440.37099981307983	0.05797019999999975	epochs	1.0
440.42897001307983	0.009999600000014652	epochs	1.0
440.43896961307985	0.05797019999999975	epochs	1.0
440.49693981307985	2.533860000000004	epochs	0.0
440.49693981307985	0.5	epochs	1.0
440.49694441307986	0.5	epochs	-1.0
440.99693981307985	1.0	epochs	1.0
441.99693981307985	1.0338600000000042	epochs	1.0
442.49694441307986	0.5	epochs	-1.0
443.03079981307985	3.9661199999999894	epochs	0.0
443.6640000343323	0.15298000000001366	epochs	0.0
443.6640000343323	0.05000000000001137	epochs	1.0
443.7140000343323	0.002999999999985903	epochs	1.0
443.7170000343323	0.09998000000001639	epochs	1.0
444.3639998435974	0.15298000000001366	epochs	0.0
444.3639998435974	0.05000000000001137	epochs	1.0
444.4139998435974	0.002999999999985903	epochs	1.0
444.4169998435974	0.09998000000001639	epochs	1.0
445.0970001220703	0.15298000000001366	epochs	0.0
445.0970001220703	0.05000000000001137	epochs	1.0
445.1470001220703	0.002999999999985903	epochs	1.0
445.1500001220703	0.09998000000001639	epochs	1.0
445.8470001220703	0.15298000000001366	epochs	0.0
445.8470001220703	0.05000000000001137	epochs	1.0
445.8970001220703	0.002999999999985903	epochs	1.0
445.9000001220703	0.09998000000001639	epochs	1.0
446.646999835968	0.15298000000001366	epochs	0.0
446.646999835968	0.05000000000001137	epochs	1.0
446.69699983596803	0.002999999999985903	epochs	1.0
446.699999835968	0.09998000000001639	epochs	1.0
447.4299998283386	0.15298000000001366	epochs	0.0
447.4299998283386	0.05000000000001137	epochs	1.0
447.47999982833863	0.002999999999985903	epochs	1.0
447.4829998283386	0.09998000000001639	epochs	1.0
448.1799998283386	0.15298000000001366	epochs	0.0
448.1799998283386	0.05000000000001137	epochs	1.0
448.22999982833863	0.002999999999985903	epochs	1.0
448.2329998283386	0.09998000000001639	epochs	1.0
448.9470000267029	0.15298000000001366	epochs	0.0
448.9470000267029	0.05000000000001137	epochs	1.0
448.9970000267029	0.002999999999985903	epochs	1.0
449.0000000267029	0.09998000000001639	epochs	1.0
449.74700021743774	0.15298000000001366	epochs	0.0
449.74700021743774	0.05000000000001137	epochs	1.0
449.79700021743776	0.002999999999985903	epochs	1.0
449.80000021743774	0.09998000000001639	epochs	1.0
450.5640001296997	0.15298000000001366	epochs	0.0
450.5640001296997	0.05000000000001137	epochs	1.0
450.6140001296997	0.002999999999985903	epochs	1.0
450.6170001296997	0.09998000000001639	epochs	1.0
451.3800001144409	0.15298000000001366	epochs	0.0
451.3800001144409	0.05000000000001137	epochs	1.0
451.43000011444093	0.002999999999985903	epochs	1.0
451.4330001144409	0.09998000000001639	epochs	1.0
452.15000009536743	0.15298000000001366	epochs	0.0
452.15000009536743	0.05000000000001137	epochs	1.0
452.20000009536744	0.002999999999985903	epochs	1.0
452.20300009536743	0.09998000000001639	epochs	1.0
452.9670000076294	0.15298000000001366	epochs	0.0
452.9670000076294	0.05000000000001137	epochs	1.0
453.0170000076294	0.002999999999985903	epochs	1.0
453.0200000076294	0.09998000000001639	epochs	1.0
453.91699981689453	0.12594000000001415	epochs	0.0
453.91699981689453	0.05797019999999975	epochs	1.0
453.97497001689453	0.009999600000014652	epochs	1.0
453.98496961689455	0.05797019999999975	epochs	1.0
454.04293981689455	1.5139599999999973	epochs	0.0
454.04293981689455	0.5	epochs	1.0
454.04294441689456	0.5	epochs	-1.0
454.54293981689455	0.002999999999985903	epochs	1.0
454.54593981689453	1.0109600000000114	epochs	1.0
455.04594441689454	0.5	epochs	-1.0
455.55689981689454	0.08902000000000498	epochs	0.0
456.1339998245239	0.12594000000001415	epochs	0.0
456.1339998245239	0.05797019999999975	epochs	1.0
456.1919700245239	0.009999600000014652	epochs	1.0
456.20196962452394	0.05797019999999975	epochs	1.0
456.25993982452394	1.6029800000000023	epochs	0.0
456.25993982452394	0.5	epochs	1.0
456.25994442452395	0.5	epochs	-1.0
456.75993982452394	0.002999999999985903	epochs	1.0
456.7629398245239	1.0999800000000164	epochs	1.0
457.26294442452394	0.5	epochs	-1.0
458.59999990463257	0.12594000000001415	epochs	0.0
458.59999990463257	0.05797019999999975	epochs	1.0
458.65797010463257	0.009999600000014652	epochs	1.0
458.6679697046326	0.05797019999999975	epochs	1.0
458.7259399046326	0.5144199999999728	epochs	0.0
458.7259399046326	0.5	epochs	1.0
458.7259445046326	0.5	epochs	-1.0
459.2259399046326	0.002999999999985903	epochs	1.0
459.22893990463257	0.011419999999986885	epochs	1.0
459.24035990463256	1.0885600000000295	epochs	0.0
471.9370002746582	0.12594000000001415	epochs	0.0
471.9370002746582	0.05797019999999975	epochs	1.0
471.9949704746582	0.009999600000014652	epochs	1.0
472.0049700746582	0.05797019999999975	epochs	1.0
472.0629402746582	0.5144199999999728	epochs	0.0
472.0629402746582	0.5	epochs	1.0
472.0629448746582	0.5	epochs	-1.0
472.5629402746582	0.002999999999985903	epochs	1.0
472.5659402746582	0.011419999999986885	epochs	1.0
472.5773602746582	1.0885600000000295	epochs	0.0
485.25600004196167	0.12594000000001415	epochs	0.0
485.25600004196167	0.05797019999999975	epochs	1.0
485.31397024196167	0.009999600000014652	epochs	1.0
485.3239698419617	0.05797019999999975	epochs	1.0
485.3819400419617	1.6029800000000023	epochs	0.0
485.3819400419617	0.5	epochs	1.0
485.3819446419617	0.5	epochs	-1.0
485.8819400419617	0.002999999999985903	epochs	1.0
485.88494004196167	1.0999800000000164	epochs	1.0
486.3849446419617	0.5	epochs	-1.0
487.7400002479553	0.12594000000001415	epochs	0.0
487.7400002479553	0.05797019999999975	epochs	1.0
487.7979704479553	0.009999600000014652	epochs	1.0
487.80797004795534	0.05797019999999975	epochs	1.0
487.86594024795534	0.5145200000000045	epochs	0.0
487.86594024795534	0.5	epochs	1.0
487.86594484795535	0.5	epochs	-1.0
488.36594024795534	0.002999999999985903	epochs	1.0
488.3689402479553	0.011520000000018626	epochs	1.0
488.38046024795534	1.0884599999999978	epochs	0.0
501.0570001602173	0.12594000000001415	epochs	0.0
501.0570001602173	0.05797019999999975	epochs	1.0
501.1149703602173	0.009999600000014652	epochs	1.0
501.1249699602173	0.05797019999999975	epochs	1.0
501.1829401602173	0.514160000000004	epochs	0.0
501.1829401602173	0.5	epochs	1.0
501.1829447602173	0.5	epochs	-1.0
501.6829401602173	0.002999999999985903	epochs	1.0
501.6859401602173	0.011160000000018044	epochs	1.0
501.6971001602173	1.0888199999999983	epochs	0.0
514.4219999313354	0.12594000000001415	epochs	0.0
514.4219999313354	0.05797019999999975	epochs	1.0
514.4799701313354	0.009999600000014652	epochs	1.0
514.4899697313355	0.05797019999999975	epochs	1.0
514.5479399313355	1.5341999999999416	epochs	0.0
514.5479399313355	0.5	epochs	1.0
514.5479445313355	0.5	epochs	-1.0
515.0479399313355	0.0030000000000427463	epochs	1.0
515.0509399313355	1.0311999999998989	epochs	1.0
515.5509445313354	0.5	epochs	-1.0
516.0821399313354	0.06878000000006068	epochs	0.0
516.7379999160767	0.12594000000001415	epochs	0.0
516.7379999160767	0.05797019999999975	epochs	1.0
516.7959701160767	0.009999600000014652	epochs	1.0
516.8059697160767	0.05797019999999975	epochs	1.0
516.8639399160767	1.5344599999999673	epochs	0.0
516.8639399160767	0.5	epochs	1.0
516.8639445160767	0.5	epochs	-1.0
517.3639399160767	0.0030000000000427463	epochs	1.0
517.3669399160767	1.0314599999999245	epochs	1.0
517.8669445160766	0.5	epochs	-1.0
518.3983999160766	0.068520000000035	epochs	0.0
519.1050000190735	0.12594000000001415	epochs	0.0
519.1050000190735	0.05797019999999975	epochs	1.0
519.1629702190735	0.009999600000014652	epochs	1.0
519.1729698190735	0.05797019999999975	epochs	1.0
519.2309400190735	1.5339599999999791	epochs	0.0
519.2309400190735	0.5	epochs	1.0
519.2309446190735	0.5	epochs	-1.0
519.7309400190735	0.0030000000000427463	epochs	1.0
519.7339400190735	1.0309599999999364	epochs	1.0
520.2339446190734	0.5	epochs	-1.0
520.7649000190735	0.06902000000002317	epochs	0.0
536.566999912262	0.15297999999995682	epochs	0.0
536.566999912262	0.049999999999954525	epochs	1.0
536.6169999122619	0.0030000000000427463	epochs	1.0
536.619999912262	0.09997999999995955	epochs	1.0
537.4840002059937	0.15297999999995682	epochs	0.0
537.4840002059937	0.049999999999954525	epochs	1.0
537.5340002059936	0.0030000000000427463	epochs	1.0
537.5370002059936	0.09997999999995955	epochs	1.0
538.3839998245239	0.15297999999995682	epochs	0.0
538.3839998245239	0.049999999999954525	epochs	1.0
538.4339998245239	0.0030000000000427463	epochs	1.0
538.4369998245239	0.09997999999995955	epochs	1.0
539.3499999046326	0.15297999999995682	epochs	0.0
539.3499999046326	0.049999999999954525	epochs	1.0
539.3999999046325	0.0030000000000427463	epochs	1.0
539.4029999046326	0.09997999999995955	epochs	1.0
540.316999912262	0.15297999999995682	epochs	0.0
540.316999912262	0.049999999999954525	epochs	1.0
540.3669999122619	0.0030000000000427463	epochs	1.0
540.369999912262	0.09997999999995955	epochs	1.0
541.2839999198914	0.15297999999995682	epochs	0.0
541.2839999198914	0.049999999999954525	epochs	1.0
541.3339999198913	0.0030000000000427463	epochs	1.0
541.3369999198914	0.09997999999995955	epochs	1.0
542.204999923706	0.15297999999995682	epochs	0.0
542.204999923706	0.049999999999954525	epochs	1.0
542.254999923706	0.0030000000000427463	epochs	1.0
542.257999923706	0.09997999999995955	epochs	1.0
543.1550002098083	0.15297999999995682	epochs	0.0
543.1550002098083	0.049999999999954525	epochs	1.0
543.2050002098083	0.0030000000000427463	epochs	1.0
543.2080002098083	0.09997999999995955	epochs	1.0
544.1209998130798	0.15297999999995682	epochs	0.0
544.1209998130798	0.049999999999954525	epochs	1.0
544.1709998130798	0.0030000000000427463	epochs	1.0
544.1739998130798	0.09997999999995955	epochs	1.0
545.1380000114441	0.15297999999995682	epochs	0.0
545.1380000114441	0.049999999999954525	epochs	1.0
545.188000011444	0.0030000000000427463	epochs	1.0
545.1910000114441	0.09997999999995955	epochs	1.0
546.188000202179	0.12594000000001415	epochs	0.0
546.188000202179	0.05797019999999975	epochs	1.0
546.245970402179	0.009999600000014652	epochs	1.0
546.255970002179	0.05797019999999975	epochs	1.0
546.313940202179	0.5140400000000227	epochs	0.0
546.313940202179	0.5	epochs	1.0
546.313944802179	0.5	epochs	-1.0
546.813940202179	0.0030000000000427463	epochs	1.0
546.816940202179	0.011039999999979955	epochs	1.0
546.827980202179	1.0889399999999796	epochs	0.0
548.3379998207092	0.12594000000001415	epochs	0.0
548.3379998207092	0.05797019999999975	epochs	1.0
548.3959700207092	0.009999600000014652	epochs	1.0
548.4059696207092	0.05797019999999975	epochs	1.0
548.4639398207092	1.5345800000000054	epochs	0.0
548.4639398207092	0.5	epochs	1.0
548.4639444207093	0.5	epochs	-1.0
548.9639398207092	0.0030000000000427463	epochs	1.0
548.9669398207093	1.0315799999999626	epochs	1.0
549.4669444207092	0.5	epochs	-1.0
549.9985198207092	0.06839999999999691	epochs	0.0
550.7880001068115	0.12594000000001415	epochs	0.0
550.7880001068115	0.05797019999999975	epochs	1.0
550.8459703068115	0.009999600000014652	epochs	1.0
550.8559699068115	0.05797019999999975	epochs	1.0
550.9139401068115	1.5345800000000054	epochs	0.0
550.9139401068115	0.5	epochs	1.0
550.9139447068115	0.5	epochs	-1.0
551.4139401068115	0.0030000000000427463	epochs	1.0
551.4169401068116	1.0315799999999626	epochs	1.0
551.9169447068115	0.5	epochs	-1.0
552.4485201068115	0.06839999999999691	epochs	0.0
553.3109998703003	0.12594000000001415	epochs	0.0
553.3109998703003	0.05797019999999975	epochs	1.0
553.3689700703003	0.009999600000014652	epochs	1.0
553.3789696703003	0.05797019999999975	epochs	1.0
553.4369398703003	4.334280000000035	epochs	0.0
553.4369398703003	0.5	epochs	1.0
553.4369444703003	0.5	epochs	-1.0
553.9369398703003	3.834280000000035	epochs	1.0
556.7712598703002	0.999960000000101	epochs	-1.0
556.7712598703002	0.03956000000005133	epochs	-1.0
557.2687443703003	0.5	epochs	-1.0
557.7712198703003	15.165699999999902	epochs	0.0
558.91100025177	0.12594000000001415	epochs	0.0
558.91100025177	0.05797019999999975	epochs	1.0
558.96897045177	0.009999600000014652	epochs	1.0
558.97897005177	0.05797019999999975	epochs	1.0
559.03694025177	0.5141599999999471	epochs	0.0
559.03694025177	0.5	epochs	1.0
559.03694485177	0.5	epochs	-1.0
559.53694025177	0.014159999999947104	epochs	1.0
559.55110025177	18.98581999999999	epochs	0.0
588.0739998817444	0.12594000000001415	epochs	0.0
588.0739998817444	0.05797019999999975	epochs	1.0
588.1319700817444	0.009999600000014652	epochs	1.0
588.1419696817444	0.05797019999999975	epochs	1.0
588.1999398817444	0.5142999999999347	epochs	0.0
588.1999398817444	0.5	epochs	1.0
588.1999444817444	0.5	epochs	-1.0
588.6999398817444	0.014299999999934698	epochs	1.0
588.7142398817443	18.985680000000002	epochs	0.0
617.2480001449585	0.12594000000001415	epochs	0.0
617.2480001449585	0.05797019999999975	epochs	1.0
617.3059703449585	0.009999600000014652	epochs	1.0
617.3159699449585	0.05797019999999975	epochs	1.0
617.3739401449585	3.994419999999991	epochs	0.0
617.3739401449585	0.5	epochs	1.0
617.3739447449585	0.5	epochs	-1.0
617.8739401449585	3.494419999999991	epochs	1.0
620.3681601449586	1.0001999999999498	epochs	-1.0
620.3681601449586	0.040299999999888314	epochs	-1.0
620.8656446449585	0.5	epochs	-1.0
621.3683601449585	15.505559999999946	epochs	0.0
622.3109998703003	0.12594000000001415	epochs	0.0
622.3109998703003	0.05797019999999975	epochs	1.0
622.3689700703003	0.009999600000014652	epochs	1.0
622.3789696703003	0.05797019999999975	epochs	1.0
622.4369398703003	3.8940599999999677	epochs	0.0
622.4369398703003	0.5	epochs	1.0
622.4369444703003	0.5	epochs	-1.0
622.9369398703003	3.3940599999999677	epochs	1.0
625.3305398703003	1.0004599999999755	epochs	-1.0
625.3305398703003	0.039559999999937645	epochs	-1.0
625.8280243703003	0.5	epochs	-1.0
626.3309998703003	15.60591999999997	epochs	0.0
638.6199998855591	0.12591999999995096	epochs	0.0
638.6199998855591	0.0579609999999775	epochs	1.0
638.6779608855591	0.009997999999995955	epochs	1.0
638.687958885559	0.0579609999999775	epochs	1.0
638.745919885559	2.0	epochs	0.0
640.745919885559	5.373360000000048	epochs	0.0
640.745919885559	1.0	epochs	1.0
640.7459444855591	0.5	epochs	-1.0
641.2459444855591	4.873335399999974	epochs	-1.0
641.745919885559	4.373360000000048	epochs	1.0
641.745919885559	4.356753900000058	epochs	-1.0
641.745919885559	1.9745872000000873	epochs	2.0
641.745919885559	1.0985622000000603	epochs	3.0
642.8444820855591	0.8760250000000269	epochs	3.0
643.7205070855591	1.352407499999913	epochs	2.0
643.7205070855591	0.7286354999999958	epochs	3.0
644.4491425855591	0.6237719999999172	epochs	3.0
645.072914585559	1.0297592000000577	epochs	2.0
645.072914585559	0.5453293000000485	epochs	3.0
645.6182438855591	0.4844299000000092	epochs	3.0
646.1026737855591	0.016606099999989965	epochs	2.0
646.1026737855591	0.016606099999989965	epochs	3.0
646.1192798855591	16.62656000000004	epochs	0.0
647.2270002365112	0.12591999999995096	epochs	0.0
647.2270002365112	0.0579609999999775	epochs	1.0
647.2849612365112	0.009997999999995955	epochs	1.0
647.2949592365112	0.0579609999999775	epochs	1.0
647.3529202365112	2.0	epochs	0.0
649.3529202365112	0.5341600000000426	epochs	0.0
649.3529202365112	0.5341600000000426	epochs	1.0
649.3529448365113	0.5	epochs	-1.0
649.8529448365113	0.034135399999968286	epochs	-1.0
649.8870802365112	21.465760000000046	epochs	0.0
651.0100002288818	0.12591999999995096	epochs	0.0
651.0100002288818	0.0579609999999775	epochs	1.0
651.0679612288818	0.009997999999995955	epochs	1.0
651.0779592288818	0.0579609999999775	epochs	1.0
651.1359202288818	2.0	epochs	0.0
653.1359202288818	0.534240000000068	epochs	0.0
653.1359202288818	0.534240000000068	epochs	1.0
653.1359448288819	0.5	epochs	-1.0
653.6359448288819	0.03421539999999368	epochs	-1.0
653.6701602288819	21.46568000000002	epochs	0.0
654.7530002593994	0.12591999999995096	epochs	0.0
654.7530002593994	0.0579609999999775	epochs	1.0
654.8109612593994	0.009997999999995955	epochs	1.0
654.8209592593994	0.0579609999999775	epochs	1.0
654.8789202593994	2.0	epochs	0.0
656.8789202593994	0.5338400000000547	epochs	0.0
656.8789202593994	0.5338400000000547	epochs	1.0
656.8789448593994	0.5	epochs	-1.0
657.3789448593994	0.0338153999999804	epochs	-1.0
657.4127602593994	21.466080000000034	epochs	0.0
658.5030002593994	0.12591999999995096	epochs	0.0
658.5030002593994	0.0579609999999775	epochs	1.0
658.5609612593994	0.009997999999995955	epochs	1.0
658.5709592593994	0.0579609999999775	epochs	1.0
658.6289202593994	2.0	epochs	0.0
660.6289202593994	5.3732800000000225	epochs	0.0
660.6289202593994	1.0	epochs	1.0
660.6289448593994	0.5	epochs	-1.0
661.1289448593994	4.873255399999948	epochs	-1.0
661.6289202593994	4.3732800000000225	epochs	1.0
661.6289202593994	4.356753900000058	epochs	-1.0
661.6289202593994	1.9745872000000873	epochs	2.0
661.6289202593994	1.0985622000000603	epochs	3.0
662.7274824593994	0.8760250000000269	epochs	3.0
663.6035074593995	1.352407499999913	epochs	2.0
663.6035074593995	0.7286354999999958	epochs	3.0
664.3321429593994	0.6237719999999172	epochs	3.0
664.9559149593994	1.0297592000000577	epochs	2.0
664.9559149593994	0.5453293000000485	epochs	3.0
665.5012442593994	0.4844299000000092	epochs	3.0
665.9856741593994	0.016526099999964572	epochs	2.0
665.9856741593994	0.016526099999964572	epochs	3.0
666.0022002593994	16.626640000000066	epochs	0.0
666.9869999885559	0.12591999999995096	epochs	0.0
666.9869999885559	0.0579609999999775	epochs	1.0
667.0449609885559	0.009997999999995955	epochs	1.0
667.0549589885559	0.0579609999999775	epochs	1.0
667.1129199885559	2.0	epochs	0.0
669.1129199885559	0.534240000000068	epochs	0.0
669.1129199885559	0.534240000000068	epochs	1.0
669.1129445885559	0.5	epochs	-1.0
669.6129445885559	0.03421539999999368	epochs	-1.0
669.6471599885559	21.46568000000002	epochs	0.0
670.7540001869202	0.12591999999995096	epochs	0.0
670.7540001869202	0.0579609999999775	epochs	1.0
670.8119611869201	0.009997999999995955	epochs	1.0
670.8219591869201	0.0579609999999775	epochs	1.0
670.8799201869201	2.0	epochs	0.0
672.8799201869201	21.49368000000004	epochs	0.0
672.8799201869201	1.0	epochs	1.0
672.8799447869202	0.5	epochs	-1.0
673.3799447869202	19.991679999999974	epochs	-1.0
673.8799201869201	20.0	epochs	1.0
673.8799201869201	4.356753900000058	epochs	-1.0
673.8799201869201	1.9745872000000873	epochs	2.0
673.8799201869201	1.0985622000000603	epochs	3.0
674.9784823869202	0.8760250000000269	epochs	3.0
675.8545073869202	1.352407499999913	epochs	2.0
675.8545073869202	0.7286354999999958	epochs	3.0
676.5831428869202	0.6237719999999172	epochs	3.0
677.2069148869201	1.0297592000000577	epochs	2.0
677.2069148869201	0.5453293000000485	epochs	3.0
677.7522441869202	0.4844299000000092	epochs	3.0
678.2366740869202	0.8317862000000105	epochs	2.0
678.2366740869202	0.4357763000000432	epochs	3.0
678.6724503869202	0.3960098999999673	epochs	3.0
679.0684602869202	0.6977969999999232	epochs	2.0
679.0684602869202	0.3628982000000178	epochs	3.0
679.4313584869202	0.33489879999990535	epochs	3.0
679.7662572869201	0.6010457000000997	epochs	2.0
679.7662572869201	0.3109123000000409	epochs	3.0
680.0771695869201	0.2901334000000588	epochs	3.0
680.3673029869202	0.5278859000000011	epochs	2.0
680.3673029869202	0.2719585999999481	epochs	3.0
680.6392615869202	0.25592730000005304	epochs	3.0
680.8951888869202	0.470619299999953	epochs	2.0
680.8951888869202	0.241681299999982	epochs	3.0
681.1368701869202	0.228937999999971	epochs	3.0
681.3658081869202	0.42457039999999324	epochs	2.0
681.3658081869202	0.21747140000002219	epochs	3.0
681.5832795869202	0.20709899999997106	epochs	3.0
681.7903785869202	0.3867354000000205	epochs	2.0
681.7903785869202	0.19767109999997956	epochs	3.0
681.9880496869201	0.18906430000004093	epochs	3.0
682.1771139869202	0.3550953000000163	epochs	2.0
682.1771139869202	0.18117589999997108	epochs	3.0
682.3582898869201	0.17391940000004524	epochs	3.0
682.5322092869202	0.3282431000000088	epochs	2.0
682.5322092869202	0.16722189999995862	epochs	3.0
682.6994311869202	0.16102120000005016	epochs	3.0
682.8604523869202	0.30516799999998057	epochs	2.0
682.8604523869202	0.15526389999990897	epochs	3.0
683.0157162869201	0.1499041000000716	epochs	3.0
683.1656203869202	0.28512530000000424	epochs	2.0
683.1656203869202	0.1449020999999675	epochs	3.0
683.3105224869201	0.14022320000003674	epochs	3.0
683.4507456869202	0.2675537999999733	epochs	2.0
683.4507456869202	0.1358368999999584	epochs	3.0
683.5865825869201	0.1317169000000149	epochs	3.0
683.7182994869202	0.2520229000000427	epochs	2.0
683.7182994869202	0.1278393000000051	epochs	3.0
683.8461387869202	0.12418360000003759	epochs	3.0
683.9703223869202	0.23819649999995818	epochs	2.0
683.9703223869202	0.12073109999994358	epochs	3.0
684.0910534869201	0.1174654000000146	epochs	3.0
684.2085188869202	0.2258087999999816	epochs	2.0
684.2085188869202	0.11437190000003739	epochs	3.0
684.3228907869202	0.11143689999994422	epochs	3.0
684.4343276869201	0.2146460000000161	epochs	2.0
684.4343276869201	0.10864890000004834	epochs	3.0
684.5429765869202	0.10599709999996776	epochs	3.0
684.6489736869202	0.20453499999996438	epochs	2.0
684.6489736869202	0.10347149999995509	epochs	3.0
684.7524451869201	0.1010635000000093	epochs	3.0
684.8535086869201	0.19533400000000256	epochs	2.0
684.8535086869201	0.09876510000003691	epochs	3.0
684.9522737869202	0.09656889999996565	epochs	3.0
685.0488426869201	0.18692529999998442	epochs	2.0
685.0488426869201	0.09446830000001682	epochs	3.0
685.1433109869201	0.09245699999996759	epochs	3.0
685.2357679869201	0.1792107000001124	epochs	2.0
685.2357679869201	0.0905296000000817	epochs	3.0
685.3262975869202	0.08868110000003071	epochs	3.0
685.4149786869202	0.17210769999996955	epochs	2.0
685.4149786869202	0.08690629999989596	epochs	3.0
685.5018849869201	0.08520140000007359	epochs	3.0
685.5870863869202	0.1655463999999256	epochs	2.0
685.5870863869202	0.08356189999994967	epochs	3.0
685.6706482869201	0.08198449999997592	epochs	3.0
685.7526327869201	0.15946710000002895	epochs	2.0
685.7526327869201	0.08046540000009372	epochs	3.0
685.8330981869202	0.07900169999993523	epochs	3.0
685.9120998869201	0.15381839999997737	epochs	2.0
685.9120998869201	0.07759010000006583	epochs	3.0
685.9896899869202	0.07622829999991154	epochs	3.0
686.0659182869201	0.14855640000007497	epochs	2.0
686.0659182869201	0.07491330000004837	epochs	3.0
686.1408315869202	0.0736431000000266	epochs	3.0
686.2144746869202	0.14364239999997608	epochs	2.0
686.2144746869202	0.07241499999997814	epochs	3.0
686.2868896869202	0.07122739999999794	epochs	3.0
686.3581170869202	0.13904309999998077	epochs	2.0
686.3581170869202	0.07007799999996678	epochs	3.0
686.4281950869201	0.06896510000001399	epochs	3.0
686.4971601869202	0.1347293000000036	epochs	2.0
686.4971601869202	0.0678871000000072	epochs	3.0
686.5650472869202	0.06684219999999641	epochs	3.0
686.6318894869202	0.1306752000000415	epochs	2.0
686.6318894869202	0.06582909999997355	epochs	3.0
686.6977185869201	0.06484610000006796	epochs	3.0
686.7625646869202	0.1268577999999252	epochs	2.0
686.7625646869202	0.06389200000000983	epochs	3.0
686.8264566869202	0.06296579999991536	epochs	3.0
686.8894224869201	0.12325720000001184	epochs	2.0
686.8894224869201	0.06206580000002759	epochs	3.0
686.9514882869202	0.06119139999998424	epochs	3.0
687.0126796869201	0.11985540000000583	epochs	2.0
687.0126796869201	0.06034110000007331	epochs	3.0
687.0730207869202	0.05951429999993252	epochs	3.0
687.1325350869201	0.11663620000001629	epochs	2.0
687.1325350869201	0.05870960000004288	epochs	3.0
687.1912446869202	0.057926599999973405	epochs	3.0
687.2491712869202	0.11358559999996487	epochs	2.0
687.2491712869202	0.05716419999998834	epochs	3.0
687.3063354869201	0.05642139999997653	epochs	3.0
687.3627568869201	0.11069050000003244	epochs	2.0
687.3627568869201	0.055697900000041045	epochs	3.0
687.4184547869202	0.0549925999999914	epochs	3.0
687.4734473869202	0.10793909999995321	epochs	2.0
687.4734473869202	0.05430490000003374	epochs	3.0
687.5277522869202	0.053634199999919474	epochs	3.0
687.5813864869201	0.10532150000005913	epochs	2.0
687.5813864869201	0.05298000000004777	epochs	3.0
687.6343664869202	0.052341500000011365	epochs	3.0
687.6867079869202	0.10282759999995505	epochs	2.0
687.6867079869202	0.05171810000001642	epochs	3.0
687.7384260869202	0.051109499999938635	epochs	3.0
687.7895355869201	0.10044909999999163	epochs	2.0
687.7895355869201	0.050514900000052876	epochs	3.0
687.8400504869202	0.049934199999938755	epochs	3.0
687.8899846869201	0.09817830000008598	epochs	2.0
687.8899846869201	0.049366600000098515	epochs	3.0
687.9393512869202	0.04881169999998747	epochs	3.0
687.9881629869202	0.09600779999993847	epochs	2.0
687.9881629869202	0.04826919999993606	epochs	3.0
688.0364321869201	0.04773860000000241	epochs	3.0
688.0841707869201	0.09393120000004274	epochs	2.0
688.0841707869201	0.04721949999998287	epochs	3.0
688.1313902869201	0.046711700000059864	epochs	3.0
688.1781019869202	0.09194260000003851	epochs	2.0
688.1781019869202	0.046214599999984785	epochs	3.0
688.2243165869202	0.045728000000053726	epochs	3.0
688.2700445869202	0.09003629999995155	epochs	2.0
688.2700445869202	0.045251499999949374	epochs	3.0
688.3152960869202	0.04478480000000218	epochs	3.0
688.3600808869202	0.08820760000003247	epochs	2.0
688.3600808869202	0.044327800000019124	epochs	3.0
688.4044086869202	0.04387980000001335	epochs	3.0
688.4482884869202	0.0864516999999978	epochs	2.0
688.4482884869202	0.04344099999991613	epochs	3.0
688.4917294869201	0.04301070000008167	epochs	3.0
688.5347401869202	0.08476429999996071	epochs	2.0
688.5347401869202	0.04258900000002086	epochs	3.0
688.5773291869202	0.04217529999993985	epochs	3.0
688.6195044869202	0.08314150000001064	epochs	2.0
688.6195044869202	0.04176970000003166	epochs	3.0
688.6612741869202	0.041371799999978975	epochs	3.0
688.7026459869202	0.08157970000002024	epochs	2.0
688.7026459869202	0.040981399999964196	epochs	3.0
688.7436273869201	0.04059830000005604	epochs	3.0
688.7842256869202	0.08007550000002084	epochs	2.0
688.7842256869202	0.04022229999998217	epochs	3.0
688.8244479869202	0.03985320000003867	epochs	3.0
688.8643011869202	0.07862569999997504	epochs	2.0
688.8643011869202	0.0394907999999532	epochs	3.0
688.9037919869202	0.039134900000021844	epochs	3.0
688.9429268869202	0.07722760000001472	epochs	2.0
688.9429268869202	0.03878539999993791	epochs	3.0
688.9817122869201	0.03844220000007681	epochs	3.0
689.0201544869202	0.07587819999992007	epochs	2.0
689.0201544869202	0.03810479999992822	epochs	3.0
689.0582592869201	0.03777339999999185	epochs	3.0
689.0960326869201	0.0745752000000266	epochs	2.0
689.0960326869201	0.03744770000002973	epochs	3.0
689.1334803869202	0.03712749999999687	epochs	3.0
689.1706078869202	0.07331629999998768	epochs	2.0
689.1706078869202	0.036812899999972615	epochs	3.0
689.2074207869201	0.03650340000001506	epochs	3.0
689.2439241869201	0.07209899999998015	epochs	2.0
689.2439241869201	0.03619909999997617	epochs	3.0
689.2801232869201	0.03589990000000398	epochs	3.0
689.3160231869201	0.07092170000009901	epochs	2.0
689.3160231869201	0.03560560000005353	epochs	3.0
689.3516287869202	0.03531610000004548	epochs	3.0
689.3869448869202	0.0697819999999183	epochs	2.0
689.3869448869202	0.03503119999993487	epochs	3.0
689.4219760869202	0.03475079999998343	epochs	3.0
689.4567268869201	0.06867859999999837	epochs	2.0
689.4567268869201	0.03447510000000875	epochs	3.0
689.4912019869201	0.03420349999998962	epochs	3.0
689.5254054869201	0.06760930000007193	epochs	2.0
689.5254054869201	0.03393620000008468	epochs	3.0
689.5593416869202	0.033673099999987244	epochs	3.0
689.5930147869202	0.06657289999998284	epochs	2.0
689.5930147869202	0.03341399999999339	epochs	3.0
689.6264287869202	0.033158899999989444	epochs	3.0
689.6595876869202	0.06556779999993978	epochs	2.0
689.6595876869202	0.032907700000009754	epochs	3.0
689.6924953869202	0.032660099999930026	epochs	3.0
689.7251554869201	0.06459260000008271	epochs	2.0
689.7251554869201	0.032416399999988244	epochs	3.0
689.7575718869201	0.03217620000009447	epochs	3.0
689.7897480869202	0.0636459999999488	epochs	2.0
689.7897480869202	0.03193959999998697	epochs	3.0
689.8216876869202	0.03170639999996183	epochs	3.0
689.8533940869202	0.0627266999999847	epochs	2.0
689.8533940869202	0.03147660000001906	epochs	3.0
689.8848706869202	0.03125009999996564	epochs	3.0
689.9161207869201	0.06183359999999993	epochs	2.0
689.9161207869201	0.031026900000028945	epochs	3.0
689.9471476869202	0.030806699999970988	epochs	3.0
689.9779543869201	0.06096560000003137	epochs	2.0
689.9779543869201	0.030589800000029754	epochs	3.0
690.0085441869202	0.030375800000001618	epochs	3.0
690.0389199869202	0.06012160000000222	epochs	2.0
690.0389199869202	0.03016489999993155	epochs	3.0
690.0690848869201	0.02995670000007067	epochs	3.0
690.0990415869202	0.05930069999999432	epochs	2.0
690.0990415869202	0.02975159999994048	epochs	3.0
690.1287931869201	0.02954910000005384	epochs	3.0
690.1583422869202	0.05850180000004457	epochs	2.0
690.1583422869202	0.02934940000000097	epochs	3.0
690.1876916869202	0.0291524000000436	epochs	3.0
690.2168440869202	0.05772419999993872	epochs	2.0
690.2168440869202	0.028957999999988715	epochs	3.0
690.2458020869202	0.028766199999950004	epochs	3.0
690.2745682869202	0.05696710000006533	epochs	2.0
690.2745682869202	0.028577000000041153	epochs	3.0
690.3031452869202	0.028390100000024177	epochs	3.0
690.3315353869202	0.05622949999997218	epochs	2.0
690.3315353869202	0.028205699999944045	epochs	3.0
690.3597410869202	0.028023800000028132	epochs	3.0
690.3877648869202	0.05551070000001346	epochs	2.0
690.3877648869202	0.027843999999959124	epochs	3.0
690.4156088869202	0.027666700000054334	epochs	3.0
690.4432755869202	0.05481019999990622	epochs	2.0
690.4432755869202	0.02749149999999645	epochs	3.0
690.4707670869202	0.027318699999909768	epochs	3.0
690.4980857869201	0.05412699999999404	epochs	2.0
690.4980857869201	0.02714780000007977	epochs	3.0
690.5252335869202	0.026979199999914272	epochs	3.0
690.5522127869201	0.0534607000000733	epochs	2.0
690.5522127869201	0.026812600000084785	epochs	3.0
690.5790253869202	0.026648099999988517	epochs	3.0
690.6056734869202	0.05281070000000909	epochs	2.0
690.6056734869202	0.026485600000000886	epochs	3.0
690.6321590869202	0.026325100000008206	epochs	3.0
690.6584841869202	0.05217619999996259	epochs	2.0
690.6584841869202	0.026166399999965506	epochs	3.0
690.6846505869202	0.026009799999997085	epochs	3.0
690.7106603869202	0.051556699999991906	epochs	2.0
690.7106603869202	0.025854800000047362	epochs	3.0
690.7365151869202	0.025701899999944544	epochs	3.0
690.7622170869201	0.05095189999997274	epochs	2.0
690.7622170869201	0.02555070000005344	epochs	3.0
690.7877677869202	0.0254011999999193	epochs	3.0
690.8131689869201	0.05036100000006627	epochs	2.0
690.8131689869201	0.0252535000000762	epochs	3.0
690.8384224869202	0.02510749999999007	epochs	3.0
690.8635299869202	0.049783800000000156	epochs	2.0
690.8635299869202	0.02496320000000196	epochs	3.0
690.8884931869202	0.024820599999998194	epochs	3.0
690.9133137869202	0.04921949999993558	epochs	2.0
690.9133137869202	0.024679399999968155	epochs	3.0
690.9379931869202	0.024540099999967424	epochs	3.0
690.9625332869201	0.04866790000005494	epochs	2.0
690.9625332869201	0.024402100000088467	epochs	3.0
690.9869353869202	0.024265799999966475	epochs	3.0
691.0112011869202	0.04812860000004093	epochs	2.0
691.0112011869202	0.024131000000011227	epochs	3.0
691.0353321869202	0.023997600000029706	epochs	3.0
691.0593297869202	0.04760109999995166	epochs	2.0
691.0593297869202	0.023865799999953197	epochs	3.0
691.0831955869202	0.02373529999999846	epochs	3.0
691.1069308869202	0.047085000000038235	epochs	2.0
691.1069308869202	0.023606299999983094	epochs	3.0
691.1305371869202	0.02347870000005514	epochs	3.0
691.1540158869202	0.046579999999948996	epochs	2.0
691.1540158869202	0.02335249999998723	epochs	3.0
691.1773683869202	0.023227499999961765	epochs	3.0
691.2005958869202	0.046085700000048746	epochs	2.0
691.2005958869202	0.023103999999989355	epochs	3.0
691.2236998869201	0.02298170000005939	epochs	3.0
691.2466815869202	0.045601799999985815	epochs	2.0
691.2466815869202	0.02286069999991014	epochs	3.0
691.2695422869201	0.022741100000075676	epochs	3.0
691.2922833869202	0.04512790000001132	epochs	2.0
691.2922833869202	0.022622500000011314	epochs	3.0
691.3149058869202	0.02250540000000001	epochs	3.0
691.3374112869202	0.044663799999966614	epochs	2.0
691.3374112869202	0.02238929999998618	epochs	3.0
691.3598005869202	0.022274499999980435	epochs	3.0
691.3820750869202	0.04420919999995476	epochs	2.0
691.3820750869202	0.022160800000051495	epochs	3.0
691.4042358869202	0.022048399999903268	epochs	3.0
691.4262842869201	0.043763600000033875	epochs	2.0
691.4262842869201	0.021936900000014248	epochs	3.0
691.4482211869201	0.021826700000019628	epochs	3.0
691.4700478869202	0.04332710000005591	epochs	2.0
691.4700478869202	0.021717599999988124	epochs	3.0
691.4917654869201	0.021609500000067783	epochs	3.0
691.5133749869202	0.042898999999920306	epochs	2.0
691.5133749869202	0.02150249999999687	epochs	3.0
691.5348774869202	0.021396499999923435	epochs	3.0
691.5562739869201	0.042479500000013104	epochs	2.0
691.5562739869201	0.02129170000000613	epochs	3.0
691.5775656869201	0.021187800000006973	epochs	3.0
691.5987534869201	0.042067900000006375	epochs	2.0
691.5987534869201	0.02108490000000529	epochs	3.0
691.6198383869202	0.020983000000001084	epochs	3.0
691.6408213869202	0.04166440000005878	epochs	2.0
691.6408213869202	0.020882199999959994	epochs	3.0
691.6617035869201	0.020782200000098783	epochs	3.0
691.6824857869202	0.04126850000000104	epochs	2.0
691.6824857869202	0.020683299999973315	epochs	3.0
691.7031690869202	0.020585200000027726	epochs	3.0
691.7237542869202	0.040879999999901884	epochs	2.0
691.7237542869202	0.020488099999965925	epochs	3.0
691.7442423869202	0.02039189999993596	epochs	3.0
691.7646342869201	0.04049880000002304	epochs	2.0
691.7646342869201	0.020296600000051512	epochs	3.0
691.7849308869202	0.020202199999971526	epochs	3.0
691.8051330869201	0.04012460000001283	epochs	2.0
691.8051330869201	0.02010870000003706	epochs	3.0
691.8252417869202	0.020015899999975773	epochs	3.0
691.8452576869201	0.03975730000001931	epochs	2.0
691.8452576869201	0.019924199999991288	epochs	3.0
691.8651818869201	0.019833100000028026	epochs	3.0
691.8850149869202	0.03939669999999751	epochs	2.0
691.8850149869202	0.01974299999994855	epochs	3.0
691.9047579869201	0.019653700000048957	epochs	3.0
691.9244116869202	0.03904239999997117	epochs	2.0
691.9244116869202	0.01956510000002254	epochs	3.0
691.9439767869202	0.019477299999948627	epochs	3.0
691.9634540869201	0.03869459999998526	epochs	2.0
691.9634540869201	0.019390400000020236	epochs	3.0
691.9828444869202	0.01930419999996502	epochs	3.0
692.0021486869201	0.03835290000006353	epochs	2.0
692.0021486869201	0.019218800000089686	epochs	3.0
692.0213674869202	0.01913409999997384	epochs	3.0
692.0405015869202	0.03801720000001296	epochs	2.0
692.0405015869202	0.01905019999992419	epochs	3.0
692.0595517869201	0.018967000000088774	epochs	3.0
692.0785187869202	0.03768719999993664	epochs	2.0
692.0785187869202	0.01888450000001285	epochs	3.0
692.0974032869202	0.01880269999992379	epochs	3.0
692.1162059869201	0.03736309999999321	epochs	2.0
692.1162059869201	0.018721700000014607	epochs	3.0
692.1349276869202	0.018641399999978603	epochs	3.0
692.1535690869201	0.03704430000004777	epochs	2.0
692.1535690869201	0.01856159999999818	epochs	3.0
692.1721306869201	0.01848270000004959	epochs	3.0
692.1906133869202	0.0367310000000316	epochs	2.0
692.1906133869202	0.018404300000042895	epochs	3.0
692.2090176869202	0.018326699999988705	epochs	3.0
692.2273443869202	0.03642289999993409	epochs	2.0
692.2273443869202	0.018249599999990096	epochs	3.0
692.2455939869202	0.018173299999943993	epochs	3.0
692.2637672869201	0.03612010000006194	epochs	2.0
692.2637672869201	0.0180976000000328	epochs	3.0
692.2818648869202	0.01802250000002914	epochs	3.0
692.2998873869202	0.03582210000001851	epochs	2.0
692.2998873869202	0.017947899999967376	epochs	3.0
692.3178352869202	0.017874200000051133	epochs	3.0
692.3357094869202	0.03552899999999681	epochs	2.0
692.3357094869202	0.017800799999918127	epochs	3.0
692.3535102869201	0.017728200000078687	epochs	3.0
692.3712384869202	0.035240699999917524	epochs	2.0
692.3712384869202	0.017656099999953767	epochs	3.0
692.3888945869202	0.017584599999963757	epochs	3.0
692.4064791869201	0.034957100000042374	epochs	2.0
692.4064791869201	0.01751369999999497	epochs	3.0
692.4239928869201	0.017443400000047404	epochs	3.0
692.4414362869202	0.03467790000001969	epochs	2.0
692.4414362869202	0.017373599999928047	epochs	3.0
692.4588098869201	0.017304300000091644	epochs	3.0
692.4761141869202	0.03440330000000813	epochs	2.0
692.4761141869202	0.01723570000001473	epochs	3.0
692.4933498869202	0.0171675999999934	epochs	3.0
692.5105174869202	0.03413279999995211	epochs	2.0
692.5105174869202	0.01709989999994832	epochs	3.0
692.5276173869202	0.017032900000003792	epochs	3.0
692.5446502869202	0.033866699999975935	epochs	2.0
692.5446502869202	0.01696640000000116	epochs	3.0
692.5616166869202	0.016900299999974777	epochs	3.0
692.5785169869201	0.03360459999998966	epochs	2.0
692.5785169869201	0.016834800000083305	epochs	3.0
692.5953517869202	0.016769799999906354	epochs	3.0
692.6121215869201	0.03334660000007261	epochs	2.0
692.6121215869201	0.016705300000012357	epochs	3.0
692.6288268869201	0.016641300000060255	epochs	3.0
692.6454681869202	0.03309249999995245	epochs	2.0
692.6454681869202	0.01657779999993636	epochs	3.0
692.6620459869201	0.01651470000001609	epochs	3.0
692.6785606869202	0.03284229999997024	epochs	2.0
692.6785606869202	0.01645220000000336	epochs	3.0
692.6950128869202	0.01639009999996688	epochs	3.0
692.7114029869201	0.03259570000000167	epochs	2.0
692.7114029869201	0.016328400000020338	epochs	3.0
692.7277313869201	0.016267299999981333	epochs	3.0
692.7439986869201	0.03235290000009172	epochs	2.0
692.7439986869201	0.016206600000032267	epochs	3.0
692.7602052869202	0.016146300000059455	epochs	3.0
692.7763515869202	0.03211369999996805	epochs	2.0
692.7763515869202	0.016086599999994178	epochs	3.0
692.7924381869202	0.01602709999997387	epochs	3.0
692.8084652869202	0.03187800000000607	epochs	2.0
692.8084652869202	0.015968199999974786	epochs	3.0
692.8244334869202	0.015909800000031282	epochs	3.0
692.8403432869202	0.031645700000012766	epochs	2.0
692.8403432869202	0.01585160000001906	epochs	3.0
692.8561948869202	0.015794099999993705	epochs	3.0
692.8719889869202	0.0314167000000225	epochs	2.0
692.8719889869202	0.01573669999993399	epochs	3.0
692.8877256869201	0.015680000000088512	epochs	3.0
692.9034056869202	0.03119109999988723	epochs	2.0
692.9034056869202	0.015623599999912585	epochs	3.0
692.9190292869201	0.015567499999974643	epochs	3.0
692.9345967869201	0.030968700000016725	epochs	2.0
692.9345967869201	0.015512000000057924	epochs	3.0
692.9501087869202	0.0154566999999588	epochs	3.0
692.9655654869201	0.03074950000006993	epochs	2.0
692.9655654869201	0.015401999999994587	epochs	3.0
692.9809674869201	0.015347500000075343	epochs	3.0
692.9963149869202	0.030533199999922545	epochs	2.0
692.9963149869202	0.015293400000018664	epochs	3.0
693.0116083869202	0.01523979999990388	epochs	3.0
693.0268481869201	0.03032010000003993	epochs	2.0
693.0268481869201	0.015186500000027081	epochs	3.0
693.0420346869201	0.015133600000012848	epochs	3.0
693.0571682869202	0.030109899999956724	epochs	2.0
693.0571682869202	0.015081000000009226	epochs	3.0
693.0722492869202	0.015028899999947498	epochs	3.0
693.0872781869201	0.02990250000004835	epochs	2.0
693.0872781869201	0.014977000000044427	epochs	3.0
693.1022551869202	0.014925500000003922	epochs	3.0
693.1171806869202	0.029698100000018712	epochs	2.0
693.1171806869202	0.014874400000053356	epochs	3.0
693.1320550869202	0.014823699999965356	epochs	3.0
693.1468787869202	0.02949630000000525	epochs	2.0
693.1468787869202	0.014773200000036013	epochs	3.0
693.1616519869202	0.014723099999969236	epochs	3.0
693.1763750869202	0.02929740000001857	epochs	2.0
693.1763750869202	0.014673399999992398	epochs	3.0
693.1910484869202	0.014624000000026172	epochs	3.0
693.2056724869202	0.029101099999934377	epochs	2.0
693.2056724869202	0.01457489999995687	epochs	3.0
693.2202473869202	0.014526199999977507	epochs	3.0
693.2347735869201	0.028907399999980044	epochs	2.0
693.2347735869201	0.014477700000043114	epochs	3.0
693.2492512869202	0.014429699999936929	epochs	3.0
693.2636809869201	0.028716200000076242	epochs	2.0
693.2636809869201	0.014381800000023759	epochs	3.0
693.2780627869201	0.014334400000052483	epochs	3.0
693.2923971869202	0.02852759999996124	epochs	2.0
693.2923971869202	0.01428720000001249	epochs	3.0
693.3066843869202	0.01424039999994875	epochs	3.0
693.3209247869202	0.028341400000044814	epochs	2.0
693.3209247869202	0.014193800000043666	epochs	3.0
693.3351185869202	0.014147600000001148	epochs	3.0
693.3492661869202	0.028157699999951546	epochs	2.0
693.3492661869202	0.014101699999969242	epochs	3.0
693.3633678869202	0.014055999999982305	epochs	3.0
693.3774238869202	0.027976299999977527	epochs	2.0
693.3774238869202	0.01401060000000598	epochs	3.0
693.3914344869202	0.013965699999971548	epochs	3.0
693.4054001869201	0.02779720000000907	epochs	2.0
693.4054001869201	0.013920800000050804	epochs	3.0
693.4193209869202	0.013876399999958267	epochs	3.0
693.4331973869201	0.027620400000046175	epochs	2.0
693.4331973869201	0.013832200000024386	epochs	3.0
693.4470295869202	0.013788200000021789	epochs	3.0
693.4608177869202	0.027445899999975154	epochs	2.0
693.4608177869202	0.013744599999995444	epochs	3.0
693.4745623869202	0.01370129999997971	epochs	3.0
693.4882636869202	0.027273499999978412	epochs	2.0
693.4882636869202	0.013658200000008947	epochs	3.0
693.5019218869202	0.013615299999969466	epochs	3.0
693.5155371869201	0.027103399999987232	epochs	2.0
693.5155371869201	0.013572800000019924	epochs	3.0
693.5291099869202	0.013530599999967308	epochs	3.0
693.5426405869201	0.02693520000002536	epochs	2.0
693.5426405869201	0.013488400000028378	epochs	3.0
693.5561289869202	0.013446799999996983	epochs	3.0
693.5695757869202	0.026769199999989723	epochs	2.0
693.5695757869202	0.013405199999965589	epochs	3.0
693.5829809869201	0.013364000000024134	epochs	3.0
693.5963449869201	0.026605200000062723	epochs	2.0
693.5963449869201	0.013322900000048321	epochs	3.0
693.6096678869202	0.013282300000014402	epochs	3.0
693.6229501869202	0.0264431999999033	epochs	2.0
693.6229501869202	0.013241699999980483	epochs	3.0
693.6361918869202	0.013201499999922817	epochs	3.0
693.6493933869201	0.026283200000079887	epochs	2.0
693.6493933869201	0.013161500000023807	epochs	3.0
693.6625548869201	0.01312170000005608	epochs	3.0
693.6756765869202	0.02612499999997908	epochs	2.0
693.6756765869202	0.013082100000019636	epochs	3.0
693.6887586869202	0.013042899999959445	epochs	3.0
693.7018015869202	0.025968899999952555	epochs	2.0
693.7018015869202	0.013003899999944224	epochs	3.0
693.7148054869201	0.012965000000008331	epochs	3.0
693.7277704869201	0.025814500000024054	epochs	2.0
693.7277704869201	0.01292640000008305	epochs	3.0
693.7406968869202	0.012888099999941005	epochs	3.0
693.7535849869201	0.025661900000045534	epochs	2.0
693.7535849869201	0.012849899999991976	epochs	3.0
693.7664348869201	0.012812000000053558	epochs	3.0
693.7792468869202	0.025511199999982637	epochs	2.0
693.7792468869202	0.012774400000012065	epochs	3.0
693.7920212869202	0.012736799999970572	epochs	3.0
693.8047580869202	0.025362299999983406	epochs	2.0
693.8047580869202	0.01269969999998466	epochs	3.0
693.8174577869202	0.012662599999998747	epochs	3.0
693.8301203869202	0.025215000000002874	epochs	2.0
693.8301203869202	0.012625800000023446	epochs	3.0
693.8427461869202	0.012589199999979428	epochs	3.0
693.8553353869202	0.024584799999956886	epochs	2.0
693.8716247869202	0.5	epochs	-1.0
693.8799201869201	0.4936800000000403	epochs	1.0
694.3736001869202	0.506240000000048	epochs	0.0
695.6269998550415	0.12591999999995096	epochs	0.0
695.6269998550415	0.0579609999999775	epochs	1.0
695.6849608550415	0.009997999999995955	epochs	1.0
695.6949588550415	0.0579609999999775	epochs	1.0
695.7529198550415	2.0	epochs	0.0
697.7529198550415	5.373440000000073	epochs	0.0
697.7529198550415	1.0	epochs	1.0
697.7529444550415	0.5	epochs	-1.0
698.2529444550415	4.873415399999999	epochs	-1.0
698.7529198550415	4.373440000000073	epochs	1.0
698.7529198550415	4.356753900000058	epochs	-1.0
698.7529198550415	1.9745872000000873	epochs	2.0
698.7529198550415	1.0985622000000603	epochs	3.0
699.8514820550415	0.8760250000000269	epochs	3.0
700.7275070550415	1.352407499999913	epochs	2.0
700.7275070550415	0.7286354999999958	epochs	3.0
701.4561425550415	0.6237719999999172	epochs	3.0
702.0799145550415	1.0297592000000577	epochs	2.0
702.0799145550415	0.5453293000000485	epochs	3.0
702.6252438550415	0.4844299000000092	epochs	3.0
703.1096737550415	0.016686100000015358	epochs	2.0
703.1096737550415	0.016686100000015358	epochs	3.0
703.1263598550415	16.626480000000015	epochs	0.0
704.1820001602173	0.12591999999995096	epochs	0.0
704.1820001602173	0.0579609999999775	epochs	1.0
704.2399611602173	0.009997999999995955	epochs	1.0
704.2499591602173	0.0579609999999775	epochs	1.0
704.3079201602172	2.0	epochs	0.0
706.3079201602172	5.374160000000074	epochs	0.0
706.3079201602172	1.0	epochs	1.0
706.3079447602173	0.5	epochs	-1.0
706.8079447602173	4.8741354	epochs	-1.0
707.3079201602172	4.374160000000074	epochs	1.0
707.3079201602172	4.356753900000058	epochs	-1.0
707.3079201602172	1.9745872000000873	epochs	2.0
707.3079201602172	1.0985622000000603	epochs	3.0
708.4064823602173	0.8760250000000269	epochs	3.0
709.2825073602173	1.352407499999913	epochs	2.0
709.2825073602173	0.7286354999999958	epochs	3.0
710.0111428602173	0.6237719999999172	epochs	3.0
710.6349148602172	1.0297592000000577	epochs	2.0
710.6349148602172	0.5453293000000485	epochs	3.0
711.1802441602173	0.4844299000000092	epochs	3.0
711.6646740602173	0.017406100000016522	epochs	2.0
711.6646740602173	0.017406100000016522	epochs	3.0
711.6820801602173	16.625760000000014	epochs	0.0
712.6539998054504	0.12591999999995096	epochs	0.0
712.6539998054504	0.0579609999999775	epochs	1.0
712.7119608054504	0.009997999999995955	epochs	1.0
712.7219588054504	0.0579609999999775	epochs	1.0
712.7799198054504	2.0	epochs	0.0
714.7799198054504	0.533360000000016	epochs	0.0
714.7799198054504	0.533360000000016	epochs	1.0
714.7799444054505	0.5	epochs	-1.0
715.2799444054505	0.03333539999994173	epochs	-1.0
715.3132798054504	21.466560000000072	epochs	0.0
720.9370002746582	0.12591999999995096	epochs	0.0
720.9370002746582	0.0579609999999775	epochs	1.0
720.9949612746582	0.009997999999995955	epochs	1.0
721.0049592746582	0.0579609999999775	epochs	1.0
721.0629202746582	2.0	epochs	0.0
723.0629202746582	1.6341600000000653	epochs	0.0
723.0629202746582	1.0	epochs	1.0
723.0629448746582	0.5	epochs	-1.0
723.5629448746582	1.134135399999991	epochs	-1.0
724.0629202746582	0.6341600000000653	epochs	-1.0
724.0629202746582	0.6341600000000653	epochs	1.0
724.0629202746582	0.6341600000000653	epochs	2.0
724.0629202746582	0.6341600000000653	epochs	3.0
724.6970802746582	20.365760000000023	epochs	0.0
725.7179999351501	0.12591999999995096	epochs	0.0
725.7179999351501	0.0579609999999775	epochs	1.0
725.7759609351501	0.009997999999995955	epochs	1.0
725.7859589351501	0.0579609999999775	epochs	1.0
725.8439199351501	2.0	epochs	0.0
727.8439199351501	5.4132800000001	epochs	0.0
727.8439199351501	1.0	epochs	1.0
727.8439445351502	0.5	epochs	-1.0
728.3439445351502	4.9132554000000255	epochs	-1.0
728.8439199351501	4.4132800000001	epochs	1.0
728.8439199351501	4.356753900000058	epochs	-1.0
728.8439199351501	1.9745872000000873	epochs	2.0
728.8439199351501	1.0985622000000603	epochs	3.0
729.9424821351502	0.8760250000000269	epochs	3.0
730.8185071351502	1.352407499999913	epochs	2.0
730.8185071351502	0.7286354999999958	epochs	3.0
731.5471426351502	0.6237719999999172	epochs	3.0
732.1709146351501	1.0297592000000577	epochs	2.0
732.1709146351501	0.5453293000000485	epochs	3.0
732.7162439351501	0.4844299000000092	epochs	3.0
733.2006738351502	0.05652610000004188	epochs	2.0
733.2006738351502	0.05652610000004188	epochs	3.0
733.2571999351502	16.58663999999999	epochs	0.0
734.2560000419617	0.12591999999995096	epochs	0.0
734.2560000419617	0.0579609999999775	epochs	1.0
734.3139610419616	0.009997999999995955	epochs	1.0
734.3239590419616	0.0579609999999775	epochs	1.0
734.3819200419616	2.0	epochs	0.0
736.3819200419616	21.99992000000009	epochs	0.0
736.3819200419616	1.0	epochs	1.0
736.3819446419617	0.5	epochs	-1.0
736.8819446419617	19.997679999999946	epochs	-1.0
737.3819200419616	20.0	epochs	1.0
737.3819200419616	4.356753900000058	epochs	-1.0
737.3819200419616	1.9745872000000873	epochs	2.0
737.3819200419616	1.0985622000000603	epochs	3.0
738.4804822419617	0.8760250000000269	epochs	3.0
739.3565072419617	1.352407499999913	epochs	2.0
739.3565072419617	0.7286354999999958	epochs	3.0
740.0851427419617	0.6237719999999172	epochs	3.0
740.7089147419616	1.0297592000000577	epochs	2.0
740.7089147419616	0.5453293000000485	epochs	3.0
741.2542440419617	0.4844299000000092	epochs	3.0
741.7386739419617	0.8317862000000105	epochs	2.0
741.7386739419617	0.4357763000000432	epochs	3.0
742.1744502419617	0.3960098999999673	epochs	3.0
742.5704601419617	0.6977969999999232	epochs	2.0
742.5704601419617	0.3628982000000178	epochs	3.0
742.9333583419617	0.33489879999990535	epochs	3.0
743.2682571419616	0.6010457000000997	epochs	2.0
743.2682571419616	0.3109123000000409	epochs	3.0
743.5791694419617	0.2901334000000588	epochs	3.0
743.8693028419617	0.5278859000000011	epochs	2.0
743.8693028419617	0.2719585999999481	epochs	3.0
744.1412614419617	0.25592730000005304	epochs	3.0
744.3971887419617	0.470619299999953	epochs	2.0
744.3971887419617	0.241681299999982	epochs	3.0
744.6388700419617	0.228937999999971	epochs	3.0
744.8678080419617	0.42457039999999324	epochs	2.0
744.8678080419617	0.21747140000002219	epochs	3.0
745.0852794419617	0.20709899999997106	epochs	3.0
745.2923784419617	0.3867354000000205	epochs	2.0
745.2923784419617	0.19767109999997956	epochs	3.0
745.4900495419616	0.18906430000004093	epochs	3.0
745.6791138419617	0.3550953000000163	epochs	2.0
745.6791138419617	0.18117589999997108	epochs	3.0
745.8602897419617	0.17391940000004524	epochs	3.0
746.0342091419617	0.3282431000000088	epochs	2.0
746.0342091419617	0.16722189999995862	epochs	3.0
746.2014310419617	0.16102120000005016	epochs	3.0
746.3624522419617	0.30516799999998057	epochs	2.0
746.3624522419617	0.15526389999990897	epochs	3.0
746.5177161419616	0.1499041000000716	epochs	3.0
746.6676202419617	0.28512530000000424	epochs	2.0
746.6676202419617	0.1449020999999675	epochs	3.0
746.8125223419617	0.14022320000003674	epochs	3.0
746.9527455419617	0.2675537999999733	epochs	2.0
746.9527455419617	0.1358368999999584	epochs	3.0
747.0885824419616	0.1317169000000149	epochs	3.0
747.2202993419617	0.2520229000000427	epochs	2.0
747.2202993419617	0.1278393000000051	epochs	3.0
747.3481386419617	0.12418360000003759	epochs	3.0
747.4723222419617	0.23819649999995818	epochs	2.0
747.4723222419617	0.12073109999994358	epochs	3.0
747.5930533419616	0.1174654000000146	epochs	3.0
747.7105187419617	0.2258087999999816	epochs	2.0
747.7105187419617	0.11437190000003739	epochs	3.0
747.8248906419617	0.11143689999994422	epochs	3.0
747.9363275419616	0.2146460000000161	epochs	2.0
747.9363275419616	0.10864890000004834	epochs	3.0
748.0449764419617	0.10599709999996776	epochs	3.0
748.1509735419617	0.20453499999996438	epochs	2.0
748.1509735419617	0.10347149999995509	epochs	3.0
748.2544450419616	0.1010635000000093	epochs	3.0
748.3555085419616	0.19533400000000256	epochs	2.0
748.3555085419616	0.09876510000003691	epochs	3.0
748.4542736419617	0.09656889999996565	epochs	3.0
748.5508425419616	0.18692529999998442	epochs	2.0
748.5508425419616	0.09446830000001682	epochs	3.0
748.6453108419616	0.09245699999996759	epochs	3.0
748.7377678419616	0.1792107000001124	epochs	2.0
748.7377678419616	0.0905296000000817	epochs	3.0
748.8282974419617	0.08868110000003071	epochs	3.0
748.9169785419617	0.17210769999996955	epochs	2.0
748.9169785419617	0.08690629999989596	epochs	3.0
749.0038848419616	0.08520140000007359	epochs	3.0
749.0890862419617	0.1655463999999256	epochs	2.0
749.0890862419617	0.08356189999994967	epochs	3.0
749.1726481419616	0.08198449999997592	epochs	3.0
749.2546326419616	0.15946710000002895	epochs	2.0
749.2546326419616	0.08046540000009372	epochs	3.0
749.3350980419617	0.07900169999993523	epochs	3.0
749.4140997419616	0.15381839999997737	epochs	2.0
749.4140997419616	0.07759010000006583	epochs	3.0
749.4916898419617	0.07622829999991154	epochs	3.0
749.5679181419616	0.14855640000007497	epochs	2.0
749.5679181419616	0.07491330000004837	epochs	3.0
749.6428314419617	0.0736431000000266	epochs	3.0
749.7164745419617	0.14364239999997608	epochs	2.0
749.7164745419617	0.07241499999997814	epochs	3.0
749.7888895419617	0.07122739999999794	epochs	3.0
749.8601169419617	0.13904309999998077	epochs	2.0
749.8601169419617	0.07007799999996678	epochs	3.0
749.9301949419616	0.06896510000001399	epochs	3.0
749.9991600419617	0.1347293000000036	epochs	2.0
749.9991600419617	0.0678871000000072	epochs	3.0
750.0670471419617	0.06684219999999641	epochs	3.0
750.1338893419617	0.1306752000000415	epochs	2.0
750.1338893419617	0.06582909999997355	epochs	3.0
750.1997184419616	0.06484610000006796	epochs	3.0
750.2645645419617	0.1268577999999252	epochs	2.0
750.2645645419617	0.06389200000000983	epochs	3.0
750.3284565419617	0.06296579999991536	epochs	3.0
750.3914223419616	0.12325720000001184	epochs	2.0
750.3914223419616	0.06206580000002759	epochs	3.0
750.4534881419617	0.06119139999998424	epochs	3.0
750.5146795419616	0.11985540000000583	epochs	2.0
750.5146795419616	0.06034110000007331	epochs	3.0
750.5750206419617	0.05951429999993252	epochs	3.0
750.6345349419616	0.11663620000001629	epochs	2.0
750.6345349419616	0.05870960000004288	epochs	3.0
750.6932445419617	0.057926599999973405	epochs	3.0
750.7511711419617	0.11358559999996487	epochs	2.0
750.7511711419617	0.05716419999998834	epochs	3.0
750.8083353419617	0.05642139999997653	epochs	3.0
750.8647567419616	0.11069050000003244	epochs	2.0
750.8647567419616	0.055697900000041045	epochs	3.0
750.9204546419617	0.0549925999999914	epochs	3.0
750.9754472419617	0.10793909999995321	epochs	2.0
750.9754472419617	0.05430490000003374	epochs	3.0
751.0297521419617	0.053634199999919474	epochs	3.0
751.0833863419616	0.10532150000005913	epochs	2.0
751.0833863419616	0.05298000000004777	epochs	3.0
751.1363663419617	0.052341500000011365	epochs	3.0
751.1887078419617	0.10282759999995505	epochs	2.0
751.1887078419617	0.05171810000001642	epochs	3.0
751.2404259419617	0.051109499999938635	epochs	3.0
751.2915354419616	0.10044909999999163	epochs	2.0
751.2915354419616	0.050514900000052876	epochs	3.0
751.3420503419617	0.049934199999938755	epochs	3.0
751.3919845419616	0.09817830000008598	epochs	2.0
751.3919845419616	0.049366600000098515	epochs	3.0
751.4413511419617	0.04881169999998747	epochs	3.0
751.4901628419617	0.09600779999993847	epochs	2.0
751.4901628419617	0.04826919999993606	epochs	3.0
751.5384320419616	0.04773860000000241	epochs	3.0
751.5861706419616	0.09393120000004274	epochs	2.0
751.5861706419616	0.04721949999998287	epochs	3.0
751.6333901419616	0.046711700000059864	epochs	3.0
751.6801018419617	0.09194260000003851	epochs	2.0
751.6801018419617	0.046214599999984785	epochs	3.0
751.7263164419617	0.045728000000053726	epochs	3.0
751.7720444419617	0.09003629999995155	epochs	2.0
751.7720444419617	0.045251499999949374	epochs	3.0
751.8172959419617	0.04478480000000218	epochs	3.0
751.8620807419617	0.08820760000003247	epochs	2.0
751.8620807419617	0.044327800000019124	epochs	3.0
751.9064085419617	0.04387980000001335	epochs	3.0
751.9502883419617	0.0864516999999978	epochs	2.0
751.9502883419617	0.04344099999991613	epochs	3.0
751.9937293419616	0.04301070000008167	epochs	3.0
752.0367400419617	0.08476429999996071	epochs	2.0
752.0367400419617	0.04258900000002086	epochs	3.0
752.0793290419617	0.04217529999993985	epochs	3.0
752.1215043419617	0.08314150000001064	epochs	2.0
752.1215043419617	0.04176970000003166	epochs	3.0
752.1632740419617	0.041371799999978975	epochs	3.0
752.2046458419617	0.08157970000002024	epochs	2.0
752.2046458419617	0.040981399999964196	epochs	3.0
752.2456272419616	0.04059830000005604	epochs	3.0
752.2862255419617	0.08007550000002084	epochs	2.0
752.2862255419617	0.04022229999998217	epochs	3.0
752.3264478419617	0.03985320000003867	epochs	3.0
752.3663010419617	0.07862569999997504	epochs	2.0
752.3663010419617	0.0394907999999532	epochs	3.0
752.4057918419617	0.039134900000021844	epochs	3.0
752.4449267419617	0.07722760000001472	epochs	2.0
752.4449267419617	0.03878539999993791	epochs	3.0
752.4837121419616	0.03844220000007681	epochs	3.0
752.5221543419617	0.07587819999992007	epochs	2.0
752.5221543419617	0.03810479999992822	epochs	3.0
752.5602591419616	0.03777339999999185	epochs	3.0
752.5980325419616	0.0745752000000266	epochs	2.0
752.5980325419616	0.03744770000002973	epochs	3.0
752.6354802419617	0.03712749999999687	epochs	3.0
752.6726077419617	0.07331629999998768	epochs	2.0
752.6726077419617	0.036812899999972615	epochs	3.0
752.7094206419616	0.03650340000001506	epochs	3.0
752.7459240419616	0.07209899999998015	epochs	2.0
752.7459240419616	0.03619909999997617	epochs	3.0
752.7821231419616	0.03589990000000398	epochs	3.0
752.8180230419616	0.07092170000009901	epochs	2.0
752.8180230419616	0.03560560000005353	epochs	3.0
752.8536286419617	0.03531610000004548	epochs	3.0
752.8889447419617	0.0697819999999183	epochs	2.0
752.8889447419617	0.03503119999993487	epochs	3.0
752.9239759419617	0.03475079999998343	epochs	3.0
752.9587267419616	0.06867859999999837	epochs	2.0
752.9587267419616	0.03447510000000875	epochs	3.0
752.9932018419616	0.03420349999998962	epochs	3.0
753.0274053419616	0.06760930000007193	epochs	2.0
753.0274053419616	0.03393620000008468	epochs	3.0
753.0613415419617	0.033673099999987244	epochs	3.0
753.0950146419617	0.06657289999998284	epochs	2.0
753.0950146419617	0.03341399999999339	epochs	3.0
753.1284286419617	0.033158899999989444	epochs	3.0
753.1615875419617	0.06556779999993978	epochs	2.0
753.1615875419617	0.032907700000009754	epochs	3.0
753.1944952419617	0.032660099999930026	epochs	3.0
753.2271553419616	0.06459260000008271	epochs	2.0
753.2271553419616	0.032416399999988244	epochs	3.0
753.2595717419616	0.03217620000009447	epochs	3.0
753.2917479419617	0.0636459999999488	epochs	2.0
753.2917479419617	0.03193959999998697	epochs	3.0
753.3236875419617	0.03170639999996183	epochs	3.0
753.3553939419617	0.0627266999999847	epochs	2.0
753.3553939419617	0.03147660000001906	epochs	3.0
753.3868705419617	0.03125009999996564	epochs	3.0
753.4181206419617	0.06183359999999993	epochs	2.0
753.4181206419617	0.031026900000028945	epochs	3.0
753.4491475419617	0.030806699999970988	epochs	3.0
753.4799542419617	0.06096560000003137	epochs	2.0
753.4799542419617	0.030589800000029754	epochs	3.0
753.5105440419617	0.030375800000001618	epochs	3.0
753.5409198419617	0.06012160000000222	epochs	2.0
753.5409198419617	0.03016489999993155	epochs	3.0
753.5710847419616	0.02995670000007067	epochs	3.0
753.6010414419617	0.05930069999999432	epochs	2.0
753.6010414419617	0.02975159999994048	epochs	3.0
753.6307930419616	0.02954910000005384	epochs	3.0
753.6603421419617	0.05850180000004457	epochs	2.0
753.6603421419617	0.02934940000000097	epochs	3.0
753.6896915419617	0.0291524000000436	epochs	3.0
753.7188439419617	0.05772419999993872	epochs	2.0
753.7188439419617	0.028957999999988715	epochs	3.0
753.7478019419617	0.028766199999950004	epochs	3.0
753.7765681419617	0.05696710000006533	epochs	2.0
753.7765681419617	0.028577000000041153	epochs	3.0
753.8051451419617	0.028390100000024177	epochs	3.0
753.8335352419617	0.05622949999997218	epochs	2.0
753.8335352419617	0.028205699999944045	epochs	3.0
753.8617409419617	0.028023800000028132	epochs	3.0
753.8897647419617	0.05551070000001346	epochs	2.0
753.8897647419617	0.027843999999959124	epochs	3.0
753.9176087419617	0.027666700000054334	epochs	3.0
753.9452754419617	0.05481019999990622	epochs	2.0
753.9452754419617	0.02749149999999645	epochs	3.0
753.9727669419617	0.027318699999909768	epochs	3.0
754.0000856419616	0.05412699999999404	epochs	2.0
754.0000856419616	0.02714780000007977	epochs	3.0
754.0272334419617	0.026979199999914272	epochs	3.0
754.0542126419616	0.0534607000000733	epochs	2.0
754.0542126419616	0.026812600000084785	epochs	3.0
754.0810252419617	0.026648099999988517	epochs	3.0
754.1076733419617	0.05281070000000909	epochs	2.0
754.1076733419617	0.026485600000000886	epochs	3.0
754.1341589419617	0.026325100000008206	epochs	3.0
754.1604840419617	0.05217619999996259	epochs	2.0
754.1604840419617	0.026166399999965506	epochs	3.0
754.1866504419617	0.026009799999997085	epochs	3.0
754.2126602419617	0.051556699999991906	epochs	2.0
754.2126602419617	0.025854800000047362	epochs	3.0
754.2385150419617	0.025701899999944544	epochs	3.0
754.2642169419616	0.05095189999997274	epochs	2.0
754.2642169419616	0.02555070000005344	epochs	3.0
754.2897676419617	0.0254011999999193	epochs	3.0
754.3151688419616	0.05036100000006627	epochs	2.0
754.3151688419616	0.0252535000000762	epochs	3.0
754.3404223419617	0.02510749999999007	epochs	3.0
754.3655298419617	0.049783800000000156	epochs	2.0
754.3655298419617	0.02496320000000196	epochs	3.0
754.3904930419617	0.024820599999998194	epochs	3.0
754.4153136419617	0.04921949999993558	epochs	2.0
754.4153136419617	0.024679399999968155	epochs	3.0
754.4399930419617	0.024540099999967424	epochs	3.0
754.4645331419616	0.04866790000005494	epochs	2.0
754.4645331419616	0.024402100000088467	epochs	3.0
754.4889352419617	0.024265799999966475	epochs	3.0
754.5132010419617	0.04812860000004093	epochs	2.0
754.5132010419617	0.024131000000011227	epochs	3.0
754.5373320419617	0.023997600000029706	epochs	3.0
754.5613296419617	0.04760109999995166	epochs	2.0
754.5613296419617	0.023865799999953197	epochs	3.0
754.5851954419617	0.02373529999999846	epochs	3.0
754.6089307419617	0.047085000000038235	epochs	2.0
754.6089307419617	0.023606299999983094	epochs	3.0
754.6325370419617	0.02347870000005514	epochs	3.0
754.6560157419617	0.046579999999948996	epochs	2.0
754.6560157419617	0.02335249999998723	epochs	3.0
754.6793682419617	0.023227499999961765	epochs	3.0
754.7025957419617	0.046085700000048746	epochs	2.0
754.7025957419617	0.023103999999989355	epochs	3.0
754.7256997419616	0.02298170000005939	epochs	3.0
754.7486814419617	0.045601799999985815	epochs	2.0
754.7486814419617	0.02286069999991014	epochs	3.0
754.7715421419616	0.022741100000075676	epochs	3.0
754.7942832419617	0.04512790000001132	epochs	2.0
754.7942832419617	0.022622500000011314	epochs	3.0
754.8169057419617	0.02250540000000001	epochs	3.0
754.8394111419617	0.044663799999966614	epochs	2.0
754.8394111419617	0.02238929999998618	epochs	3.0
754.8618004419617	0.022274499999980435	epochs	3.0
754.8840749419617	0.04420919999995476	epochs	2.0
754.8840749419617	0.022160800000051495	epochs	3.0
754.9062357419617	0.022048399999903268	epochs	3.0
754.9282841419616	0.043763600000033875	epochs	2.0
754.9282841419616	0.021936900000014248	epochs	3.0
754.9502210419616	0.021826700000019628	epochs	3.0
754.9720477419617	0.04332710000005591	epochs	2.0
754.9720477419617	0.021717599999988124	epochs	3.0
754.9937653419616	0.021609500000067783	epochs	3.0
755.0153748419617	0.042898999999920306	epochs	2.0
755.0153748419617	0.02150249999999687	epochs	3.0
755.0368773419617	0.021396499999923435	epochs	3.0
755.0582738419616	0.042479500000013104	epochs	2.0
755.0582738419616	0.02129170000000613	epochs	3.0
755.0795655419616	0.021187800000006973	epochs	3.0
755.1007533419616	0.042067900000006375	epochs	2.0
755.1007533419616	0.02108490000000529	epochs	3.0
755.1218382419617	0.020983000000001084	epochs	3.0
755.1428212419617	0.04166440000005878	epochs	2.0
755.1428212419617	0.020882199999959994	epochs	3.0
755.1637034419616	0.020782200000098783	epochs	3.0
755.1844856419617	0.04126850000000104	epochs	2.0
755.1844856419617	0.020683299999973315	epochs	3.0
755.2051689419617	0.020585200000027726	epochs	3.0
755.2257541419617	0.040879999999901884	epochs	2.0
755.2257541419617	0.020488099999965925	epochs	3.0
755.2462422419617	0.02039189999993596	epochs	3.0
755.2666341419616	0.04049880000002304	epochs	2.0
755.2666341419616	0.020296600000051512	epochs	3.0
755.2869307419617	0.020202199999971526	epochs	3.0
755.3071329419616	0.04012460000001283	epochs	2.0
755.3071329419616	0.02010870000003706	epochs	3.0
755.3272416419617	0.020015899999975773	epochs	3.0
755.3472575419617	0.03975730000001931	epochs	2.0
755.3472575419617	0.019924199999991288	epochs	3.0
755.3671817419616	0.019833100000028026	epochs	3.0
755.3870148419617	0.03939669999999751	epochs	2.0
755.3870148419617	0.01974299999994855	epochs	3.0
755.4067578419616	0.019653700000048957	epochs	3.0
755.4264115419617	0.03904239999997117	epochs	2.0
755.4264115419617	0.01956510000002254	epochs	3.0
755.4459766419617	0.019477299999948627	epochs	3.0
755.4654539419616	0.03869459999998526	epochs	2.0
755.4654539419616	0.019390400000020236	epochs	3.0
755.4848443419617	0.01930419999996502	epochs	3.0
755.5041485419616	0.03835290000006353	epochs	2.0
755.5041485419616	0.019218800000089686	epochs	3.0
755.5233673419617	0.01913409999997384	epochs	3.0
755.5425014419617	0.03801720000001296	epochs	2.0
755.5425014419617	0.01905019999992419	epochs	3.0
755.5615516419616	0.018967000000088774	epochs	3.0
755.5805186419617	0.03768719999993664	epochs	2.0
755.5805186419617	0.01888450000001285	epochs	3.0
755.5994031419617	0.01880269999992379	epochs	3.0
755.6182058419616	0.03736309999999321	epochs	2.0
755.6182058419616	0.018721700000014607	epochs	3.0
755.6369275419617	0.018641399999978603	epochs	3.0
755.6555689419616	0.03704430000004777	epochs	2.0
755.6555689419616	0.01856159999999818	epochs	3.0
755.6741305419616	0.01848270000004959	epochs	3.0
755.6926132419617	0.0367310000000316	epochs	2.0
755.6926132419617	0.018404300000042895	epochs	3.0
755.7110175419617	0.018326699999988705	epochs	3.0
755.7293442419617	0.03642289999993409	epochs	2.0
755.7293442419617	0.018249599999990096	epochs	3.0
755.7475938419617	0.018173299999943993	epochs	3.0
755.7657671419616	0.03612010000006194	epochs	2.0
755.7657671419616	0.0180976000000328	epochs	3.0
755.7838647419617	0.01802250000002914	epochs	3.0
755.8018872419617	0.03582210000001851	epochs	2.0
755.8018872419617	0.017947899999967376	epochs	3.0
755.8198351419617	0.017874200000051133	epochs	3.0
755.8377093419617	0.03552899999999681	epochs	2.0
755.8377093419617	0.017800799999918127	epochs	3.0
755.8555101419616	0.017728200000078687	epochs	3.0
755.8732383419617	0.035240699999917524	epochs	2.0
755.8732383419617	0.017656099999953767	epochs	3.0
755.8908944419617	0.017584599999963757	epochs	3.0
755.9084790419616	0.034957100000042374	epochs	2.0
755.9084790419616	0.01751369999999497	epochs	3.0
755.9259927419616	0.017443400000047404	epochs	3.0
755.9434361419617	0.03467790000001969	epochs	2.0
755.9434361419617	0.017373599999928047	epochs	3.0
755.9608097419616	0.017304300000091644	epochs	3.0
755.9781140419617	0.03440330000000813	epochs	2.0
755.9781140419617	0.01723570000001473	epochs	3.0
755.9953497419617	0.0171675999999934	epochs	3.0
756.0125173419617	0.03413279999995211	epochs	2.0
756.0125173419617	0.01709989999994832	epochs	3.0
756.0296172419617	0.017032900000003792	epochs	3.0
756.0466501419617	0.033866699999975935	epochs	2.0
756.0466501419617	0.01696640000000116	epochs	3.0
756.0636165419617	0.016900299999974777	epochs	3.0
756.0805168419616	0.03360459999998966	epochs	2.0
756.0805168419616	0.016834800000083305	epochs	3.0
756.0973516419617	0.016769799999906354	epochs	3.0
756.1141214419616	0.03334660000007261	epochs	2.0
756.1141214419616	0.016705300000012357	epochs	3.0
756.1308267419616	0.016641300000060255	epochs	3.0
756.1474680419617	0.03309249999995245	epochs	2.0
756.1474680419617	0.01657779999993636	epochs	3.0
756.1640458419616	0.01651470000001609	epochs	3.0
756.1805605419617	0.03284229999997024	epochs	2.0
756.1805605419617	0.01645220000000336	epochs	3.0
756.1970127419617	0.01639009999996688	epochs	3.0
756.2134028419616	0.03259570000000167	epochs	2.0
756.2134028419616	0.016328400000020338	epochs	3.0
756.2297312419616	0.016267299999981333	epochs	3.0
756.2459985419616	0.03235290000009172	epochs	2.0
756.2459985419616	0.016206600000032267	epochs	3.0
756.2622051419617	0.016146300000059455	epochs	3.0
756.2783514419617	0.03211369999996805	epochs	2.0
756.2783514419617	0.016086599999994178	epochs	3.0
756.2944380419617	0.01602709999997387	epochs	3.0
756.3104651419617	0.03187800000000607	epochs	2.0
756.3104651419617	0.015968199999974786	epochs	3.0
756.3264333419617	0.015909800000031282	epochs	3.0
756.3423431419617	0.031645700000012766	epochs	2.0
756.3423431419617	0.01585160000001906	epochs	3.0
756.3581947419617	0.015794099999993705	epochs	3.0
756.3739888419617	0.0314167000000225	epochs	2.0
756.3739888419617	0.01573669999993399	epochs	3.0
756.3897255419616	0.015680000000088512	epochs	3.0
756.4054055419617	0.03119109999988723	epochs	2.0
756.4054055419617	0.015623599999912585	epochs	3.0
756.4210291419616	0.015567499999974643	epochs	3.0
756.4365966419616	0.030968700000016725	epochs	2.0
756.4365966419616	0.015512000000057924	epochs	3.0
756.4521086419617	0.0154566999999588	epochs	3.0
756.4675653419616	0.03074950000006993	epochs	2.0
756.4675653419616	0.015401999999994587	epochs	3.0
756.4829673419616	0.015347500000075343	epochs	3.0
756.4983148419617	0.030533199999922545	epochs	2.0
756.4983148419617	0.015293400000018664	epochs	3.0
756.5136082419617	0.01523979999990388	epochs	3.0
756.5288480419616	0.03032010000003993	epochs	2.0
756.5288480419616	0.015186500000027081	epochs	3.0
756.5440345419617	0.015133600000012848	epochs	3.0
756.5591681419617	0.030109899999956724	epochs	2.0
756.5591681419617	0.015081000000009226	epochs	3.0
756.5742491419617	0.015028899999947498	epochs	3.0
756.5892780419616	0.02990250000004835	epochs	2.0
756.5892780419616	0.014977000000044427	epochs	3.0
756.6042550419617	0.014925500000003922	epochs	3.0
756.6191805419617	0.029698100000018712	epochs	2.0
756.6191805419617	0.014874400000053356	epochs	3.0
756.6340549419617	0.014823699999965356	epochs	3.0
756.6488786419617	0.02949630000000525	epochs	2.0
756.6488786419617	0.014773200000036013	epochs	3.0
756.6636518419617	0.014723099999969236	epochs	3.0
756.6783749419617	0.02929740000001857	epochs	2.0
756.6783749419617	0.014673399999992398	epochs	3.0
756.6930483419617	0.014624000000026172	epochs	3.0
756.7076723419617	0.029101099999934377	epochs	2.0
756.7076723419617	0.01457489999995687	epochs	3.0
756.7222472419617	0.014526199999977507	epochs	3.0
756.7367734419616	0.028907399999980044	epochs	2.0
756.7367734419616	0.014477700000043114	epochs	3.0
756.7512511419617	0.014429699999936929	epochs	3.0
756.7656808419616	0.028716200000076242	epochs	2.0
756.7656808419616	0.014381800000023759	epochs	3.0
756.7800626419616	0.014334400000052483	epochs	3.0
756.7943970419617	0.02852759999996124	epochs	2.0
756.7943970419617	0.01428720000001249	epochs	3.0
756.8086842419617	0.01424039999994875	epochs	3.0
756.8229246419617	0.028341400000044814	epochs	2.0
756.8229246419617	0.014193800000043666	epochs	3.0
756.8371184419617	0.014147600000001148	epochs	3.0
756.8512660419617	0.028157699999951546	epochs	2.0
756.8512660419617	0.014101699999969242	epochs	3.0
756.8653677419617	0.014055999999982305	epochs	3.0
756.8794237419617	0.027976299999977527	epochs	2.0
756.8794237419617	0.01401060000000598	epochs	3.0
756.8934343419617	0.013965699999971548	epochs	3.0
756.9074000419616	0.02779720000000907	epochs	2.0
756.9074000419616	0.013920800000050804	epochs	3.0
756.9213208419617	0.013876399999958267	epochs	3.0
756.9351972419616	0.027620400000046175	epochs	2.0
756.9351972419616	0.013832200000024386	epochs	3.0
756.9490294419617	0.013788200000021789	epochs	3.0
756.9628176419617	0.027445899999975154	epochs	2.0
756.9628176419617	0.013744599999995444	epochs	3.0
756.9765622419617	0.01370129999997971	epochs	3.0
756.9902635419617	0.027273499999978412	epochs	2.0
756.9902635419617	0.013658200000008947	epochs	3.0
757.0039217419617	0.013615299999969466	epochs	3.0
757.0175370419616	0.027103399999987232	epochs	2.0
757.0175370419616	0.013572800000019924	epochs	3.0
757.0311098419617	0.013530599999967308	epochs	3.0
757.0446404419616	0.02693520000002536	epochs	2.0
757.0446404419616	0.013488400000028378	epochs	3.0
757.0581288419617	0.013446799999996983	epochs	3.0
757.0715756419617	0.026769199999989723	epochs	2.0
757.0715756419617	0.013405199999965589	epochs	3.0
757.0849808419616	0.013364000000024134	epochs	3.0
757.0983448419616	0.026605200000062723	epochs	2.0
757.0983448419616	0.013322900000048321	epochs	3.0
757.1116677419617	0.013282300000014402	epochs	3.0
757.1249500419617	0.0264431999999033	epochs	2.0
757.1249500419617	0.013241699999980483	epochs	3.0
757.1381917419617	0.013201499999922817	epochs	3.0
757.1513932419616	0.026283200000079887	epochs	2.0
757.1513932419616	0.013161500000023807	epochs	3.0
757.1645547419616	0.01312170000005608	epochs	3.0
757.1776764419617	0.02612499999997908	epochs	2.0
757.1776764419617	0.013082100000019636	epochs	3.0
757.1907585419617	0.013042899999959445	epochs	3.0
757.2038014419617	0.025968899999952555	epochs	2.0
757.2038014419617	0.013003899999944224	epochs	3.0
757.2168053419616	0.012965000000008331	epochs	3.0
757.2297703419616	0.025814500000024054	epochs	2.0
757.2297703419616	0.01292640000008305	epochs	3.0
757.2426967419617	0.012888099999941005	epochs	3.0
757.2555848419616	0.025661900000045534	epochs	2.0
757.2555848419616	0.012849899999991976	epochs	3.0
757.2684347419616	0.012812000000053558	epochs	3.0
757.2812467419617	0.025511199999982637	epochs	2.0
757.2812467419617	0.012774400000012065	epochs	3.0
757.2940211419617	0.012736799999970572	epochs	3.0
757.3067579419617	0.025362299999983406	epochs	2.0
757.3067579419617	0.01269969999998466	epochs	3.0
757.3194576419617	0.012662599999998747	epochs	3.0
757.3321202419617	0.025215000000002874	epochs	2.0
757.3321202419617	0.012625800000023446	epochs	3.0
757.3447460419617	0.012589199999979428	epochs	3.0
757.3573352419617	0.024584799999956886	epochs	2.0
757.3796246419616	0.5	epochs	-1.0
757.3819200419616	0.9999200000000883	epochs	1.0
757.8796246419616	0.5	epochs	-1.0
759.7150001525879	0.12591999999995096	epochs	0.0
759.7150001525879	0.0579609999999775	epochs	1.0
759.7729611525879	0.009997999999995955	epochs	1.0
759.7829591525879	0.0579609999999775	epochs	1.0
759.8409201525878	2.0	epochs	0.0
761.8409201525878	0.5340000000001055	epochs	0.0
761.8409201525878	0.5340000000001055	epochs	1.0
761.8409447525879	0.5	epochs	-1.0
762.3409447525879	0.033975400000031186	epochs	-1.0
762.374920152588	21.465919999999983	epochs	0.0
763.5	0.12591999999995096	epochs	0.0
763.5	0.0579609999999775	epochs	1.0
763.557961	0.009997999999995955	epochs	1.0
763.567959	0.0579609999999775	epochs	1.0
763.62592	2.0	epochs	0.0
765.62592	0.5344000000000051	epochs	0.0
765.62592	0.5344000000000051	epochs	1.0
765.6259446	0.5	epochs	-1.0
766.1259446	0.03437539999993078	epochs	-1.0
766.16032	21.465520000000083	epochs	0.0
767.25	0.12591999999995096	epochs	0.0
767.25	0.0579609999999775	epochs	1.0
767.307961	0.009997999999995955	epochs	1.0
767.317959	0.0579609999999775	epochs	1.0
767.37592	2.0	epochs	0.0
769.37592	0.534240000000068	epochs	0.0
769.37592	0.534240000000068	epochs	1.0
769.3759446	0.5	epochs	-1.0
769.8759446	0.03421539999999368	epochs	-1.0
769.91016	21.46568000000002	epochs	0.0
770.9840002059937	0.12591999999995096	epochs	0.0
770.9840002059937	0.0579609999999775	epochs	1.0
771.0419612059936	0.009997999999995955	epochs	1.0
771.0519592059936	0.0579609999999775	epochs	1.0
771.1099202059936	2.0	epochs	0.0
773.1099202059936	0.5336000000000922	epochs	0.0
773.1099202059936	0.5336000000000922	epochs	1.0
773.1099448059937	0.5	epochs	-1.0
773.6099448059937	0.03357540000001791	epochs	-1.0
773.6435202059937	21.466319999999996	epochs	0.0
774.7540001869202	0.12591999999995096	epochs	0.0
774.7540001869202	0.0579609999999775	epochs	1.0
774.8119611869201	0.009997999999995955	epochs	1.0
774.8219591869201	0.0579609999999775	epochs	1.0
774.8799201869201	2.0	epochs	0.0
776.8799201869201	0.5336000000000922	epochs	0.0
776.8799201869201	0.5336000000000922	epochs	1.0
776.8799447869202	0.5	epochs	-1.0
777.3799447869202	0.03357540000001791	epochs	-1.0
777.4135201869202	21.466319999999996	epochs	0.0
778.5539999008179	0.12591999999995096	epochs	0.0
778.5539999008179	0.0579609999999775	epochs	1.0
778.6119609008178	0.009997999999995955	epochs	1.0
778.6219589008178	0.0579609999999775	epochs	1.0
778.6799199008178	2.0	epochs	0.0
780.6799199008178	0.534240000000068	epochs	0.0
780.6799199008178	0.534240000000068	epochs	1.0
780.6799445008179	0.5	epochs	-1.0
781.1799445008179	0.03421539999999368	epochs	-1.0
781.2141599008179	21.46568000000002	epochs	0.0
795.2230000495911	0.12591999999995096	epochs	0.0
795.2230000495911	0.0579609999999775	epochs	1.0
795.280961049591	0.009997999999995955	epochs	1.0
795.290959049591	0.0579609999999775	epochs	1.0
795.348920049591	0.2299199999999928	epochs	0.0
795.348920049591	0.05000000000006821	epochs	1.0
795.3989200495911	0.009999999999990905	epochs	1.0
795.4089200495911	0.049999999999954525	epochs	1.0
795.458920049591	0.009999999999990905	epochs	1.0
795.468920049591	0.05000000000006821	epochs	1.0
795.5189200495911	0.009999999999990905	epochs	1.0
795.5289200495911	0.04991999999992913	epochs	1.0
1845.933000087738	0.12591999999995096	epochs	0.0
1845.933000087738	0.0579609999999775	epochs	1.0
1845.990961087738	0.009997999999995955	epochs	1.0
1846.000959087738	0.0579609999999775	epochs	1.0
1846.058920087738	0.2299199999999928	epochs	0.0
1846.058920087738	0.049999999999954525	epochs	1.0
1846.108920087738	0.009999999999990905	epochs	1.0
1846.118920087738	0.0500000000001819	epochs	1.0
1846.1689200877381	0.009999999999990905	epochs	1.0
1846.178920087738	0.049999999999954525	epochs	1.0
1846.228920087738	0.009999999999990905	epochs	1.0
1846.238920087738	0.04991999999992913	epochs	1.0
1875.771999835968	0.12591999999995096	epochs	0.0
1875.771999835968	0.0579609999999775	epochs	1.0
1875.829960835968	0.009997999999995955	epochs	1.0
1875.839958835968	0.0579609999999775	epochs	1.0
1875.897919835968	2.9999199999999746	epochs	0.0
1875.897919835968	1.0	epochs	1.0
1876.897919835968	1.0	epochs	1.0
1877.897919835968	0.9999199999999746	epochs	1.0
1880.1420001983643	0.12591999999995096	epochs	0.0
1880.1420001983643	0.0579609999999775	epochs	1.0
1880.1999611983642	0.009997999999995955	epochs	1.0
1880.2099591983642	0.0579609999999775	epochs	1.0
1880.2679201983642	2.9999199999999746	epochs	0.0
1880.2679201983642	1.0	epochs	1.0
1881.2679201983642	1.0	epochs	1.0
1882.2679201983642	0.9999199999999746	epochs	1.0
1884.375	0.12591999999995096	epochs	0.0
1884.375	0.0579609999999775	epochs	1.0
1884.432961	0.009997999999995955	epochs	1.0
1884.442959	0.0579609999999775	epochs	1.0
1884.50092	2.9999199999999746	epochs	0.0
1884.50092	1.0	epochs	1.0
1885.50092	1.0	epochs	1.0
1886.50092	0.9999199999999746	epochs	1.0
1888.6420001983643	0.12591999999995096	epochs	0.0
1888.6420001983643	0.0579609999999775	epochs	1.0
1888.6999611983642	0.009997999999995955	epochs	1.0
1888.7099591983642	0.0579609999999775	epochs	1.0
1888.7679201983642	2.9999199999999746	epochs	0.0
1888.7679201983642	1.0	epochs	1.0
1889.7679201983642	1.0	epochs	1.0
1890.7679201983642	0.9999199999999746	epochs	1.0
1893.0329999923706	0.12591999999995096	epochs	0.0
1893.0329999923706	0.0579609999999775	epochs	1.0
1893.0909609923706	0.009997999999995955	epochs	1.0
1893.1009589923706	0.0579609999999775	epochs	1.0
1893.1589199923706	2.9999199999999746	epochs	0.0
1893.1589199923706	1.0	epochs	1.0
1894.1589199923706	1.0	epochs	1.0
1895.1589199923706	0.9999199999999746	epochs	1.0
1897.3330001831055	0.12591999999995096	epochs	0.0
1897.3330001831055	0.0579609999999775	epochs	1.0
1897.3909611831054	0.009997999999995955	epochs	1.0
1897.4009591831054	0.0579609999999775	epochs	1.0
1897.4589201831054	2.9999199999999746	epochs	0.0
1897.4589201831054	1.0	epochs	1.0
1898.4589201831054	1.0	epochs	1.0
1899.4589201831054	0.9999199999999746	epochs	1.0
1901.6360001564026	0.12591999999995096	epochs	0.0
1901.6360001564026	0.0579609999999775	epochs	1.0
1901.6939611564026	0.009997999999995955	epochs	1.0
1901.7039591564026	0.0579609999999775	epochs	1.0
1901.7619201564025	2.9999199999999746	epochs	0.0
1901.7619201564025	1.0	epochs	1.0
1902.7619201564025	1.0	epochs	1.0
1903.7619201564025	0.9999199999999746	epochs	1.0
1905.8860001564026	0.12591999999995096	epochs	0.0
1905.8860001564026	0.0579609999999775	epochs	1.0
1905.9439611564026	0.009997999999995955	epochs	1.0
1905.9539591564026	0.0579609999999775	epochs	1.0
1906.0119201564025	2.9999199999999746	epochs	0.0
1906.0119201564025	1.0	epochs	1.0
1907.0119201564025	1.0	epochs	1.0
1908.0119201564025	0.9999199999999746	epochs	1.0
1910.1539998054504	0.12591999999995096	epochs	0.0
1910.1539998054504	0.0579609999999775	epochs	1.0
1910.2119608054504	0.009997999999995955	epochs	1.0
1910.2219588054504	0.0579609999999775	epochs	1.0
1910.2799198054504	2.9999199999999746	epochs	0.0
1910.2799198054504	1.0	epochs	1.0
1911.2799198054504	1.0	epochs	1.0
1912.2799198054504	0.9999199999999746	epochs	1.0
1914.5199999809265	0.12591999999995096	epochs	0.0
1914.5199999809265	0.0579609999999775	epochs	1.0
1914.5779609809265	0.009997999999995955	epochs	1.0
1914.5879589809265	0.0579609999999775	epochs	1.0
1914.6459199809265	2.9999199999999746	epochs	0.0
1914.6459199809265	1.0	epochs	1.0
1915.6459199809265	1.0	epochs	1.0
1916.6459199809265	0.9999199999999746	epochs	1.0
1918.8369998931885	0.12591999999995096	epochs	0.0
1918.8369998931885	0.0579609999999775	epochs	1.0
1918.8949608931885	0.009997999999995955	epochs	1.0
1918.9049588931885	0.0579609999999775	epochs	1.0
1918.9629198931884	2.9999199999999746	epochs	0.0
1918.9629198931884	1.0	epochs	1.0
1919.9629198931884	1.0	epochs	1.0
1920.9629198931884	0.9999199999999746	epochs	1.0
1923.1280002593994	0.12591999999995096	epochs	0.0
1923.1280002593994	0.0579609999999775	epochs	1.0
1923.1859612593994	0.009997999999995955	epochs	1.0
1923.1959592593994	0.0579609999999775	epochs	1.0
1923.2539202593994	2.9999199999999746	epochs	0.0
1923.2539202593994	1.0	epochs	1.0
1924.2539202593994	1.0	epochs	1.0
1925.2539202593994	0.9999199999999746	epochs	1.0
1927.4450001716614	0.12591999999995096	epochs	0.0
1927.4450001716614	0.0579609999999775	epochs	1.0
1927.5029611716614	0.009997999999995955	epochs	1.0
1927.5129591716614	0.0579609999999775	epochs	1.0
1927.5709201716613	2.9999199999999746	epochs	0.0
1927.5709201716613	1.0	epochs	1.0
1928.5709201716613	1.0	epochs	1.0
1929.5709201716613	0.9999199999999746	epochs	1.0
1931.8090000152588	0.12591999999995096	epochs	0.0
1931.8090000152588	0.0579609999999775	epochs	1.0
1931.8669610152588	0.009997999999995955	epochs	1.0
1931.8769590152588	0.0579609999999775	epochs	1.0
1931.9349200152587	2.9999199999999746	epochs	0.0
1931.9349200152587	1.0	epochs	1.0
1932.9349200152587	1.0	epochs	1.0
1933.9349200152587	0.9999199999999746	epochs	1.0
1936.143000125885	0.12591999999995096	epochs	0.0
1936.143000125885	0.0579609999999775	epochs	1.0
1936.200961125885	0.009997999999995955	epochs	1.0
1936.210959125885	0.0579609999999775	epochs	1.0
1936.268920125885	2.9999199999999746	epochs	0.0
1936.268920125885	1.0	epochs	1.0
1937.268920125885	1.0	epochs	1.0
1938.268920125885	0.9999199999999746	epochs	1.0
1940.5139999389648	0.12591999999995096	epochs	0.0
1940.5139999389648	0.0579609999999775	epochs	1.0
1940.5719609389648	0.009997999999995955	epochs	1.0
1940.5819589389648	0.0579609999999775	epochs	1.0
1940.6399199389648	2.9999199999999746	epochs	0.0
1940.6399199389648	1.0	epochs	1.0
1941.6399199389648	1.0	epochs	1.0
1942.6399199389648	0.9999199999999746	epochs	1.0
1944.848000049591	0.12591999999995096	epochs	0.0
1944.848000049591	0.0579609999999775	epochs	1.0
1944.905961049591	0.009997999999995955	epochs	1.0
1944.915959049591	0.0579609999999775	epochs	1.0
1944.973920049591	2.9999199999999746	epochs	0.0
1944.973920049591	1.0	epochs	1.0
1945.973920049591	1.0	epochs	1.0
1946.973920049591	0.9999199999999746	epochs	1.0
1949.2140002250671	0.12591999999995096	epochs	0.0
1949.2140002250671	0.0579609999999775	epochs	1.0
1949.2719612250671	0.009997999999995955	epochs	1.0
1949.281959225067	0.0579609999999775	epochs	1.0
1949.339920225067	2.9999199999999746	epochs	0.0
1949.339920225067	1.0	epochs	1.0
1950.339920225067	1.0	epochs	1.0
1951.339920225067	0.9999199999999746	epochs	1.0
1953.5620002746582	0.12591999999995096	epochs	0.0
1953.5620002746582	0.0579609999999775	epochs	1.0
1953.6199612746582	0.009997999999995955	epochs	1.0
1953.6299592746582	0.0579609999999775	epochs	1.0
1953.6879202746582	2.9999199999999746	epochs	0.0
1953.6879202746582	1.0	epochs	1.0
1954.6879202746582	1.0	epochs	1.0
1955.6879202746582	0.9999199999999746	epochs	1.0
1957.9279999732971	0.12591999999995096	epochs	0.0
1957.9279999732971	0.0579609999999775	epochs	1.0
1957.985960973297	0.009997999999995955	epochs	1.0
1957.995958973297	0.0579609999999775	epochs	1.0
1958.053919973297	2.9999199999999746	epochs	0.0
1958.053919973297	0.900000000000091	epochs	1.0
1958.9539199732972	0.09999999999990905	epochs	1.0
1959.053919973297	1.0	epochs	1.0
1960.053919973297	0.9999199999999746	epochs	1.0
1962.2779998779297	0.12591999999995096	epochs	0.0
1962.2779998779297	0.0579609999999775	epochs	1.0
1962.3359608779297	0.009997999999995955	epochs	1.0
1962.3459588779297	0.0579609999999775	epochs	1.0
1962.4039198779296	2.9999199999999746	epochs	0.0
1962.4039198779296	0.900000000000091	epochs	1.0
1963.3039198779297	0.09999999999990905	epochs	1.0
1963.4039198779296	1.0	epochs	1.0
1964.4039198779296	0.9999199999999746	epochs	1.0
1966.6440000534058	0.12591999999995096	epochs	0.0
1966.6440000534058	0.0579609999999775	epochs	1.0
1966.7019610534057	0.009997999999995955	epochs	1.0
1966.7119590534057	0.0579609999999775	epochs	1.0
1966.7699200534057	2.9999199999999746	epochs	0.0
1966.7699200534057	0.900000000000091	epochs	1.0
1967.6699200534058	0.09999999999990905	epochs	1.0
1967.7699200534057	1.0	epochs	1.0
1968.7699200534057	0.9999199999999746	epochs	1.0
1970.9829998016357	0.12591999999995096	epochs	0.0
1970.9829998016357	0.0579609999999775	epochs	1.0
1971.0409608016357	0.009997999999995955	epochs	1.0
1971.0509588016357	0.0579609999999775	epochs	1.0
1971.1089198016357	2.9999199999999746	epochs	0.0
1971.1089198016357	0.900000000000091	epochs	1.0
1972.0089198016358	0.09999999999990905	epochs	1.0
1972.1089198016357	1.0	epochs	1.0
1973.1089198016357	0.9999199999999746	epochs	1.0
1975.3330001831055	0.12591999999995096	epochs	0.0
1975.3330001831055	0.0579609999999775	epochs	1.0
1975.3909611831054	0.009997999999995955	epochs	1.0
1975.4009591831054	0.0579609999999775	epochs	1.0
1975.4589201831054	2.9999199999999746	epochs	0.0
1975.4589201831054	0.900000000000091	epochs	1.0
1976.3589201831055	0.09999999999990905	epochs	1.0
1976.4589201831054	1.0	epochs	1.0
1977.4589201831054	0.9999199999999746	epochs	1.0
1979.6929998397827	0.12591999999995096	epochs	0.0
1979.6929998397827	0.0579609999999775	epochs	1.0
1979.7509608397827	0.009997999999995955	epochs	1.0
1979.7609588397827	0.0579609999999775	epochs	1.0
1979.8189198397827	2.9999199999999746	epochs	0.0
1979.8189198397827	0.900000000000091	epochs	1.0
1980.7189198397828	0.09999999999990905	epochs	1.0
1980.8189198397827	1.0	epochs	1.0
1981.8189198397827	0.9999199999999746	epochs	1.0
1984.0430002212524	0.12591999999995096	epochs	0.0
1984.0430002212524	0.0579609999999775	epochs	1.0
1984.1009612212524	0.009997999999995955	epochs	1.0
1984.1109592212524	0.0579609999999775	epochs	1.0
1984.1689202212524	2.9999199999999746	epochs	0.0
1984.1689202212524	0.900000000000091	epochs	1.0
1985.0689202212525	0.09999999999990905	epochs	1.0
1985.1689202212524	1.0	epochs	1.0
1986.1689202212524	0.9999199999999746	epochs	1.0
1988.3769998550415	0.12591999999995096	epochs	0.0
1988.3769998550415	0.0579609999999775	epochs	1.0
1988.4349608550415	0.009997999999995955	epochs	1.0
1988.4449588550415	0.0579609999999775	epochs	1.0
1988.5029198550415	2.9999199999999746	epochs	0.0
1988.5029198550415	0.900000000000091	epochs	1.0
1989.4029198550415	0.09999999999990905	epochs	1.0
1989.5029198550415	1.0	epochs	1.0
1990.5029198550415	0.9999199999999746	epochs	1.0
1992.7210001945496	0.12591999999995096	epochs	0.0
1992.7210001945496	0.0579609999999775	epochs	1.0
1992.7789611945495	0.009997999999995955	epochs	1.0
1992.7889591945495	0.0579609999999775	epochs	1.0
1992.8469201945495	2.9999199999999746	epochs	0.0
1992.8469201945495	0.900000000000091	epochs	1.0
1993.7469201945496	0.09999999999990905	epochs	1.0
1993.8469201945495	1.0	epochs	1.0
1994.8469201945495	0.9999199999999746	epochs	1.0
1997.0710000991821	0.12591999999995096	epochs	0.0
1997.0710000991821	0.0579609999999775	epochs	1.0
1997.128961099182	0.009997999999995955	epochs	1.0
1997.138959099182	0.0579609999999775	epochs	1.0
1997.196920099182	2.9999199999999746	epochs	0.0
1997.196920099182	1.0	epochs	1.0
1998.196920099182	1.0	epochs	1.0
1999.196920099182	0.9999199999999746	epochs	1.0
2001.491000175476	0.12591999999995096	epochs	0.0
2001.491000175476	0.0579609999999775	epochs	1.0
2001.548961175476	0.009997999999995955	epochs	1.0
2001.558959175476	0.0579609999999775	epochs	1.0
2001.616920175476	2.9999199999999746	epochs	0.0
2001.616920175476	1.0	epochs	1.0
2002.616920175476	1.0	epochs	1.0
2003.616920175476	0.9999199999999746	epochs	1.0
2005.8239998817444	0.12591999999995096	epochs	0.0
2005.8239998817444	0.0579609999999775	epochs	1.0
2005.8819608817444	0.009997999999995955	epochs	1.0
2005.8919588817444	0.0579609999999775	epochs	1.0
2005.9499198817443	2.9999199999999746	epochs	0.0
2005.9499198817443	1.0	epochs	1.0
2006.9499198817443	1.0	epochs	1.0
2007.9499198817443	0.9999199999999746	epochs	1.0
2010.255000114441	0.12591999999995096	epochs	0.0
2010.255000114441	0.0579609999999775	epochs	1.0
2010.312961114441	0.009997999999995955	epochs	1.0
2010.322959114441	0.0579609999999775	epochs	1.0
2010.3809201144409	2.9999199999999746	epochs	0.0
2010.3809201144409	1.0	epochs	1.0
2011.3809201144409	1.0	epochs	1.0
2012.3809201144409	0.9999199999999746	epochs	1.0
2014.5879998207092	0.12591999999995096	epochs	0.0
2014.5879998207092	0.0579609999999775	epochs	1.0
2014.6459608207092	0.009997999999995955	epochs	1.0
2014.6559588207092	0.0579609999999775	epochs	1.0
2014.7139198207092	2.9999199999999746	epochs	0.0
2014.7139198207092	1.0	epochs	1.0
2015.7139198207092	1.0	epochs	1.0
2016.7139198207092	0.9999199999999746	epochs	1.0
2018.938000202179	0.12591999999995096	epochs	0.0
2018.938000202179	0.0579609999999775	epochs	1.0
2018.995961202179	0.009997999999995955	epochs	1.0
2019.005959202179	0.0579609999999775	epochs	1.0
2019.063920202179	2.9999199999999746	epochs	0.0
2019.063920202179	1.0	epochs	1.0
2020.063920202179	1.0	epochs	1.0
2021.063920202179	0.9999199999999746	epochs	1.0
2023.4250001907349	0.12591999999995096	epochs	0.0
2023.4250001907349	0.0579609999999775	epochs	1.0
2023.4829611907348	0.009997999999995955	epochs	1.0
2023.4929591907348	0.0579609999999775	epochs	1.0
2023.5509201907348	2.9999199999999746	epochs	0.0
2023.5509201907348	1.0	epochs	1.0
2024.5509201907348	1.0	epochs	1.0
2025.5509201907348	0.9999199999999746	epochs	1.0
2027.7750000953674	0.12591999999995096	epochs	0.0
2027.7750000953674	0.0579609999999775	epochs	1.0
2027.8329610953674	0.009997999999995955	epochs	1.0
2027.8429590953674	0.0579609999999775	epochs	1.0
2027.9009200953674	2.9999199999999746	epochs	0.0
2027.9009200953674	1.0	epochs	1.0
2028.9009200953674	1.0	epochs	1.0
2029.9009200953674	0.9999199999999746	epochs	1.0
2032.1410002708435	0.12591999999995096	epochs	0.0
2032.1410002708435	0.0579609999999775	epochs	1.0
2032.1989612708435	0.009997999999995955	epochs	1.0
2032.2089592708435	0.0579609999999775	epochs	1.0
2032.2669202708435	2.9999199999999746	epochs	0.0
2032.2669202708435	1.0	epochs	1.0
2033.2669202708435	1.0	epochs	1.0
2034.2669202708435	0.9999199999999746	epochs	1.0
2036.5079998970032	0.12591999999995096	epochs	0.0
2036.5079998970032	0.0579609999999775	epochs	1.0
2036.5659608970032	0.009997999999995955	epochs	1.0
2036.5759588970031	0.0579609999999775	epochs	1.0
2036.6339198970031	2.9999199999999746	epochs	0.0
2036.6339198970031	1.0	epochs	1.0
2037.6339198970031	1.0	epochs	1.0
2038.6339198970031	0.9999199999999746	epochs	1.0
2040.9460000991821	0.12591999999995096	epochs	0.0
2040.9460000991821	0.0579609999999775	epochs	1.0
2041.003961099182	0.009997999999995955	epochs	1.0
2041.013959099182	0.0579609999999775	epochs	1.0
2041.071920099182	2.9999199999999746	epochs	0.0
2041.071920099182	1.0	epochs	1.0
2042.071920099182	1.0	epochs	1.0
2043.071920099182	0.9999199999999746	epochs	1.0
2045.2960000038147	0.12591999999995096	epochs	0.0
2045.2960000038147	0.0579609999999775	epochs	1.0
2045.3539610038147	0.009997999999995955	epochs	1.0
2045.3639590038147	0.0579609999999775	epochs	1.0
2045.4219200038146	2.999920000000202	epochs	0.0
2045.4219200038146	1.0	epochs	1.0
2046.4219200038146	1.0	epochs	1.0
2047.4219200038146	0.999920000000202	epochs	1.0
2049.74599981308	0.12591999999995096	epochs	0.0
2049.74599981308	0.0579609999999775	epochs	1.0
2049.80396081308	0.009997999999995955	epochs	1.0
2049.81395881308	0.0579609999999775	epochs	1.0
2049.87191981308	2.999920000000202	epochs	0.0
2049.87191981308	1.0	epochs	1.0
2050.87191981308	1.0	epochs	1.0
2051.87191981308	0.999920000000202	epochs	1.0
2054.106999874115	0.12591999999995096	epochs	0.0
2054.106999874115	0.0579609999999775	epochs	1.0
2054.164960874115	0.009997999999995955	epochs	1.0
2054.174958874115	0.0579609999999775	epochs	1.0
2054.232919874115	2.999920000000202	epochs	0.0
2054.232919874115	1.0	epochs	1.0
2055.232919874115	1.0	epochs	1.0
2056.232919874115	0.999920000000202	epochs	1.0
2058.4900002479553	0.12591999999995096	epochs	0.0
2058.4900002479553	0.0579609999999775	epochs	1.0
2058.5479612479553	0.009997999999995955	epochs	1.0
2058.5579592479553	0.0579609999999775	epochs	1.0
2058.6159202479553	2.999920000000202	epochs	0.0
2058.6159202479553	1.0	epochs	1.0
2059.6159202479553	1.0	epochs	1.0
2060.6159202479553	0.999920000000202	epochs	1.0
2062.8730001449585	0.12591999999995096	epochs	0.0
2062.8730001449585	0.0579609999999775	epochs	1.0
2062.9309611449585	0.009997999999995955	epochs	1.0
2062.9409591449585	0.0579609999999775	epochs	1.0
2062.9989201449584	2.999920000000202	epochs	0.0
2062.9989201449584	1.0	epochs	1.0
2063.9989201449584	1.0	epochs	1.0
2064.9989201449584	0.999920000000202	epochs	1.0
2067.2400002479553	0.12591999999995096	epochs	0.0
2067.2400002479553	0.0579609999999775	epochs	1.0
2067.2979612479553	0.009997999999995955	epochs	1.0
2067.3079592479553	0.0579609999999775	epochs	1.0
2067.3659202479553	2.999920000000202	epochs	0.0
2067.3659202479553	1.0	epochs	1.0
2068.3659202479553	1.0	epochs	1.0
2069.3659202479553	0.999920000000202	epochs	1.0
2071.6890001296997	0.12591999999995096	epochs	0.0
2071.6890001296997	0.0579609999999775	epochs	1.0
2071.7469611296997	0.009997999999995955	epochs	1.0
2071.7569591296997	0.0579609999999775	epochs	1.0
2071.8149201296997	2.999920000000202	epochs	0.0
2071.8149201296997	1.0	epochs	1.0
2072.8149201296997	1.0	epochs	1.0
2073.8149201296997	0.999920000000202	epochs	1.0
2076.1059999465942	0.12591999999995096	epochs	0.0
2076.1059999465942	0.0579609999999775	epochs	1.0
2076.163960946594	0.009997999999995955	epochs	1.0
2076.173958946594	0.0579609999999775	epochs	1.0
2076.231919946594	2.999920000000202	epochs	0.0
2076.231919946594	1.0	epochs	1.0
2077.231919946594	1.0	epochs	1.0
2078.231919946594	0.999920000000202	epochs	1.0
2080.549000263214	0.12591999999995096	epochs	0.0
2080.549000263214	0.0579609999999775	epochs	1.0
2080.606961263214	0.009997999999995955	epochs	1.0
2080.616959263214	0.0579609999999775	epochs	1.0
2080.674920263214	2.999920000000202	epochs	0.0
2080.674920263214	1.0	epochs	1.0
2081.674920263214	1.0	epochs	1.0
2082.674920263214	0.999920000000202	epochs	1.0
2084.933000087738	0.12591999999995096	epochs	0.0
2084.933000087738	0.0579609999999775	epochs	1.0
2084.990961087738	0.009997999999995955	epochs	1.0
2085.000959087738	0.0579609999999775	epochs	1.0
2085.058920087738	3.649919999999838	epochs	0.0
2085.058920087738	2.0	epochs	1.0
2087.058920087738	0.3000000000001819	epochs	1.0
2087.358920087738	0.004999999999654392	epochs	1.0
2087.363920087738	0.3000000000001819	epochs	1.0
2087.663920087738	1.0	epochs	1.0
2088.663920087738	0.04491999999981999	epochs	1.0
2089.8990001678467	0.12591999999995096	epochs	0.0
2089.8990001678467	0.0579609999999775	epochs	1.0
2089.9569611678467	0.009997999999995955	epochs	1.0
2089.9669591678467	0.0579609999999775	epochs	1.0
2090.0249201678466	3.649919999999838	epochs	0.0
2090.0249201678466	2.0	epochs	1.0
2092.0249201678466	0.3000000000001819	epochs	1.0
2092.324920167847	0.009999999999763531	epochs	1.0
2092.3349201678466	0.3000000000001819	epochs	1.0
2092.6349201678468	1.0	epochs	1.0
2093.6349201678468	0.03991999999971085	epochs	1.0
2094.9210000038147	0.12591999999995096	epochs	0.0
2094.9210000038147	0.0579609999999775	epochs	1.0
2094.9789610038147	0.009997999999995955	epochs	1.0
2094.9889590038147	0.0579609999999775	epochs	1.0
2095.0469200038146	3.649919999999838	epochs	0.0
2095.0469200038146	2.0	epochs	1.0
2097.0469200038146	0.3000000000001819	epochs	1.0
2097.346920003815	0.01499999999987267	epochs	1.0
2097.3619200038147	0.3000000000001819	epochs	1.0
2097.661920003815	1.0	epochs	1.0
2098.661920003815	0.034919999999601714	epochs	1.0
2099.938000202179	0.12591999999995096	epochs	0.0
2099.938000202179	0.0579609999999775	epochs	1.0
2099.995961202179	0.009997999999995955	epochs	1.0
2100.005959202179	0.0579609999999775	epochs	1.0
2100.063920202179	3.649919999999838	epochs	0.0
2100.063920202179	2.0	epochs	1.0
2102.063920202179	0.3000000000001819	epochs	1.0
2102.363920202179	0.01999999999998181	epochs	1.0
2102.383920202179	0.29999999999972715	epochs	1.0
2102.683920202179	1.0	epochs	1.0
2103.683920202179	0.029919999999947322	epochs	1.0
2104.9990000724792	0.12591999999995096	epochs	0.0
2104.9990000724792	0.0579609999999775	epochs	1.0
2105.056961072479	0.009997999999995955	epochs	1.0
2105.066959072479	0.0579609999999775	epochs	1.0
2105.124920072479	3.649919999999838	epochs	0.0
2105.124920072479	2.0	epochs	1.0
2107.124920072479	0.3000000000001819	epochs	1.0
2107.4249200724794	0.02500000000009095	epochs	1.0
2107.4499200724795	0.29999999999972715	epochs	1.0
2107.749920072479	1.0	epochs	1.0
2108.749920072479	0.024919999999838183	epochs	1.0
2110.1059999465942	0.12591999999995096	epochs	0.0
2110.1059999465942	0.0579609999999775	epochs	1.0
2110.163960946594	0.009997999999995955	epochs	1.0
2110.173958946594	0.0579609999999775	epochs	1.0
2110.231919946594	3.649919999999838	epochs	0.0
2110.231919946594	2.0	epochs	1.0
2112.231919946594	0.3000000000001819	epochs	1.0
2112.5319199465944	0.02999999999974534	epochs	1.0
2112.561919946594	0.3000000000001819	epochs	1.0
2112.8619199465943	1.0	epochs	1.0
2113.8619199465943	0.019919999999729043	epochs	1.0
2115.089000225067	0.12591999999995096	epochs	0.0
2115.089000225067	0.0579609999999775	epochs	1.0
2115.146961225067	0.009997999999995955	epochs	1.0
2115.156959225067	0.0579609999999775	epochs	1.0
2115.214920225067	3.649919999999838	epochs	0.0
2115.214920225067	2.0	epochs	1.0
2117.214920225067	0.3000000000001819	epochs	1.0
2117.5149202250673	0.03499999999985448	epochs	1.0
2117.549920225067	0.3000000000001819	epochs	1.0
2117.8499202250673	1.0	epochs	1.0
2118.8499202250673	0.014919999999619904	epochs	1.0
2120.1280002593994	0.12591999999995096	epochs	0.0
2120.1280002593994	0.0579609999999775	epochs	1.0
2120.1859612593994	0.009997999999995955	epochs	1.0
2120.1959592593994	0.0579609999999775	epochs	1.0
2120.2539202593994	3.649919999999838	epochs	0.0
2120.2539202593994	2.0	epochs	1.0
2122.2539202593994	0.3000000000001819	epochs	1.0
2122.5539202593995	0.03999999999996362	epochs	1.0
2122.5939202593995	0.29999999999972715	epochs	1.0
2122.8939202593992	1.0	epochs	1.0
2123.8939202593992	0.009919999999965512	epochs	1.0
2125.1940002441406	0.12591999999995096	epochs	0.0
2125.1940002441406	0.0579609999999775	epochs	1.0
2125.2519612441406	0.009997999999995955	epochs	1.0
2125.2619592441406	0.0579609999999775	epochs	1.0
2125.3199202441406	3.649919999999838	epochs	0.0
2125.3199202441406	2.0	epochs	1.0
2127.3199202441406	0.3000000000001819	epochs	1.0
2127.6199202441408	0.04500000000007276	epochs	1.0
2127.664920244141	0.29999999999972715	epochs	1.0
2127.9649202441406	1.0	epochs	1.0
2128.9649202441406	0.004919999999856373	epochs	1.0
2130.2829999923706	0.12591999999995096	epochs	0.0
2130.2829999923706	0.0579609999999775	epochs	1.0
2130.3409609923706	0.009997999999995955	epochs	1.0
2130.3509589923706	0.0579609999999775	epochs	1.0
2130.4089199923706	3.649919999999838	epochs	0.0
2130.4089199923706	2.0	epochs	1.0
2132.4089199923706	0.3000000000001819	epochs	1.0
2132.7089199923707	0.04999999999972715	epochs	1.0
2132.7589199923705	0.3000000000001819	epochs	1.0
2133.0589199923706	0.9999199999997472	epochs	1.0
2135.3330001831055	0.12591999999995096	epochs	0.0
2135.3330001831055	0.0579609999999775	epochs	1.0
2135.3909611831054	0.009997999999995955	epochs	1.0
2135.4009591831054	0.0579609999999775	epochs	1.0
2135.4589201831054	4.099920000000111	epochs	0.0
2135.4589201831054	2.0	epochs	1.0
2137.4589201831054	0.3000000000001819	epochs	1.0
2137.7589201831056	0.09999999999990905	epochs	1.0
2137.8589201831055	0.3000000000001819	epochs	1.0
2138.1589201831057	1.0	epochs	1.0
2139.1589201831057	0.3999199999998382	epochs	1.0
2142.6579999923706	0.12591999999995096	epochs	0.0
2142.6579999923706	0.0579609999999775	epochs	1.0
2142.7159609923706	0.009997999999995955	epochs	1.0
2142.7259589923706	0.0579609999999775	epochs	1.0
2142.7839199923706	4.099920000000111	epochs	0.0
2142.7839199923706	2.0	epochs	1.0
2144.7839199923706	0.3000000000001819	epochs	1.0
2145.0839199923707	0.1999999999998181	epochs	1.0
2145.2839199923706	0.3000000000001819	epochs	1.0
2145.5839199923707	1.0	epochs	1.0
2146.5839199923707	0.29991999999992913	epochs	1.0
2149.940999984741	0.12591999999995096	epochs	0.0
2149.940999984741	0.0579609999999775	epochs	1.0
2149.998960984741	0.009997999999995955	epochs	1.0
2150.008958984741	0.0579609999999775	epochs	1.0
2150.066919984741	4.099920000000111	epochs	0.0
2150.066919984741	2.0	epochs	1.0
2152.066919984741	0.3000000000001819	epochs	1.0
2152.3669199847413	0.29999999999972715	epochs	1.0
2152.666919984741	0.3000000000001819	epochs	1.0
2152.9669199847413	1.0	epochs	1.0
2153.9669199847413	0.19992000000002008	epochs	1.0
2157.2660002708435	0.12591999999995096	epochs	0.0
2157.2660002708435	0.0579609999999775	epochs	1.0
2157.3239612708435	0.009997999999995955	epochs	1.0
2157.3339592708435	0.0579609999999775	epochs	1.0
2157.3919202708435	4.099920000000111	epochs	0.0
2157.3919202708435	2.0	epochs	1.0
2159.3919202708435	0.3000000000001819	epochs	1.0
2159.6919202708436	0.40000000000009095	epochs	1.0
2160.0919202708437	0.29999999999972715	epochs	1.0
2160.3919202708435	1.0	epochs	1.0
2161.3919202708435	0.09992000000011103	epochs	1.0
2164.6269998550415	0.12591999999995096	epochs	0.0
2164.6269998550415	0.0579609999999775	epochs	1.0
2164.6849608550415	0.009997999999995955	epochs	1.0
2164.6949588550415	0.0579609999999775	epochs	1.0
2164.7529198550415	4.099920000000111	epochs	0.0
2164.7529198550415	2.0	epochs	1.0
2166.7529198550415	0.3000000000001819	epochs	1.0
2167.0529198550416	0.5	epochs	1.0
2167.5529198550416	0.29999999999972715	epochs	1.0
2167.8529198550414	0.999920000000202	epochs	1.0
2171.9210000038147	0.12591999999995096	epochs	0.0
2171.9210000038147	0.0579609999999775	epochs	1.0
2171.9789610038147	0.009997999999995955	epochs	1.0
2171.9889590038147	0.0579609999999775	epochs	1.0
2172.0469200038146	7.599920000000111	epochs	0.0
2172.0469200038146	2.0	epochs	1.0
2174.0469200038146	0.3000000000001819	epochs	1.0
2174.346920003815	1.0	epochs	1.0
2175.346920003815	0.29999999999972715	epochs	1.0
2175.6469200038146	1.0	epochs	1.0
2176.6469200038146	2.999920000000202	epochs	1.0
2182.7569999694824	0.12591999999995096	epochs	0.0
2182.7569999694824	0.0579609999999775	epochs	1.0
2182.8149609694824	0.009997999999995955	epochs	1.0
2182.8249589694824	0.0579609999999775	epochs	1.0
2182.8829199694824	7.599920000000111	epochs	0.0
2182.8829199694824	2.0	epochs	1.0
2184.8829199694824	0.3000000000001819	epochs	1.0
2185.1829199694826	2.0	epochs	1.0
2187.1829199694826	0.29999999999972715	epochs	1.0
2187.4829199694823	1.0	epochs	1.0
2188.4829199694823	1.999920000000202	epochs	1.0
2193.589000225067	0.12591999999995096	epochs	0.0
2193.589000225067	0.0579609999999775	epochs	1.0
2193.646961225067	0.009997999999995955	epochs	1.0
2193.656959225067	0.0579609999999775	epochs	1.0
2193.714920225067	7.599920000000111	epochs	0.0
2193.714920225067	2.0	epochs	1.0
2195.714920225067	0.3000000000001819	epochs	1.0
2196.0149202250673	3.0	epochs	1.0
2199.0149202250673	0.29999999999972715	epochs	1.0
2199.314920225067	1.0	epochs	1.0
2200.314920225067	0.999920000000202	epochs	1.0
2204.4320001602173	0.12591999999995096	epochs	0.0
2204.4320001602173	0.0579609999999775	epochs	1.0
2204.4899611602173	0.009997999999995955	epochs	1.0
2204.4999591602173	0.0579609999999775	epochs	1.0
2204.5579201602172	7.599920000000111	epochs	0.0
2204.5579201602172	2.0	epochs	1.0
2206.5579201602172	0.3000000000001819	epochs	1.0
2206.8579201602174	4.0	epochs	1.0
2210.8579201602174	0.29999999999972715	epochs	1.0
2211.157920160217	0.999920000000202	epochs	1.0
