onset	duration	nwb_table	treelevel
9.930000305175781	0.09999999999999964	epochs	0.0
9.930000305175781	0.04499999999999993	epochs	1.0
9.975000305175781	0.009999999999999787	epochs	1.0
9.985000305175781	0.04499999999999993	epochs	1.0
10.030000305175781	0.7049950000000003	epochs	0.0
10.030000305175781	0.5	epochs	-1.0
10.030000305175781	0.5	epochs	-1.0
10.030000305175781	0.5	epochs	1.0
10.530000305175781	0.0600000000000005	epochs	-1.0
10.530000305175781	0.025000000000000355	epochs	-1.0
10.530000305175781	0.025000000000000355	epochs	1.0
10.555000305175781	0.009999999999999787	epochs	-1.0
10.555000305175781	0.009999999999999787	epochs	1.0
10.565000305175781	0.025000000000000355	epochs	-1.0
10.565000305175781	0.025000000000000355	epochs	1.0
10.590000305175781	0.0600000000000005	epochs	-1.0
10.590000305175781	0.025000000000000355	epochs	-1.0
10.590000305175781	0.025000000000000355	epochs	1.0
10.615000305175782	0.009999999999999787	epochs	-1.0
10.615000305175782	0.009999999999999787	epochs	1.0
10.625000305175782	0.025000000000000355	epochs	-1.0
10.625000305175782	0.025000000000000355	epochs	1.0
10.650000305175782	0.05999999999999872	epochs	-1.0
10.650000305175782	0.02499999999999858	epochs	-1.0
10.650000305175782	0.02499999999999858	epochs	1.0
10.67500030517578	0.010000000000001563	epochs	-1.0
10.67500030517578	0.010000000000001563	epochs	1.0
10.685000305175782	0.02499999999999858	epochs	-1.0
10.685000305175782	0.02499999999999858	epochs	1.0
10.71000030517578	0.024995000000000545	epochs	1.0
92.00800037384033	0.09999999999999432	epochs	0.0
92.00800037384033	0.045000000000001705	epochs	1.0
92.05300037384033	0.010000000000005116	epochs	1.0
92.06300037384034	0.044999999999987494	epochs	1.0
92.10800037384033	0.7049950000000109	epochs	0.0
92.10800037384033	0.5	epochs	-1.0
92.10800037384033	0.5	epochs	1.0
92.60800037384033	0.060000000000002274	epochs	-1.0
92.60800037384033	0.025000000000005684	epochs	-1.0
92.60800037384033	0.025000000000005684	epochs	1.0
92.63300037384033	0.010000000000005116	epochs	-1.0
92.63300037384033	0.010000000000005116	epochs	1.0
92.64300037384034	0.024999999999991473	epochs	-1.0
92.64300037384034	0.024999999999991473	epochs	1.0
92.66800037384033	0.060000000000002274	epochs	-1.0
92.66800037384033	0.025000000000005684	epochs	-1.0
92.66800037384033	0.025000000000005684	epochs	1.0
92.69300037384033	0.009999999999990905	epochs	-1.0
92.69300037384033	0.009999999999990905	epochs	1.0
92.70300037384033	0.025000000000005684	epochs	-1.0
92.70300037384033	0.025000000000005684	epochs	1.0
92.72800037384033	0.060000000000002274	epochs	-1.0
92.72800037384033	0.025000000000005684	epochs	-1.0
92.72800037384033	0.025000000000005684	epochs	1.0
92.75300037384034	0.009999999999990905	epochs	-1.0
92.75300037384034	0.009999999999990905	epochs	1.0
92.76300037384033	0.025000000000005684	epochs	-1.0
92.76300037384033	0.025000000000005684	epochs	1.0
92.78800037384033	0.024995000000004097	epochs	1.0
134.79800033569336	0.09999999999999432	epochs	0.0
134.79800033569336	0.044999999999987494	epochs	1.0
134.84300033569335	0.010000000000019327	epochs	1.0
134.85300033569337	0.044999999999987494	epochs	1.0
134.89800033569335	61.384995	epochs	0.0
134.89800033569335	0.5	epochs	-1.0
134.89800033569335	0.5	epochs	-1.0
134.89800033569335	0.5	epochs	1.0
135.39800033569335	0.060000000000002274	epochs	-1.0
135.39800033569335	0.025000000000005684	epochs	-1.0
135.39800033569335	0.025000000000005684	epochs	1.0
135.42300033569336	0.009999999999990905	epochs	-1.0
135.42300033569336	0.009999999999990905	epochs	1.0
135.43300033569335	0.025000000000005684	epochs	-1.0
135.43300033569335	0.025000000000005684	epochs	1.0
135.45800033569336	0.060000000000002274	epochs	-1.0
135.45800033569336	0.025000000000005684	epochs	-1.0
135.45800033569336	0.025000000000005684	epochs	1.0
135.48300033569336	0.009999999999990905	epochs	-1.0
135.48300033569336	0.009999999999990905	epochs	1.0
135.49300033569335	0.025000000000005684	epochs	-1.0
135.49300033569335	0.025000000000005684	epochs	1.0
135.51800033569336	0.060000000000002274	epochs	-1.0
135.51800033569336	0.025000000000005684	epochs	-1.0
135.51800033569336	0.025000000000005684	epochs	1.0
135.54300033569336	0.009999999999990905	epochs	-1.0
135.54300033569336	0.009999999999990905	epochs	1.0
135.55300033569335	0.025000000000005684	epochs	-1.0
135.55300033569335	0.025000000000005684	epochs	1.0
135.57800033569336	60.0	epochs	1.0
195.57800033569336	0.5	epochs	-1.0
195.57800033569336	0.5	epochs	-1.0
195.57800033569336	0.5	epochs	1.0
196.07800033569336	0.060000000000002274	epochs	-1.0
196.07800033569336	0.025000000000005684	epochs	-1.0
196.07800033569336	0.025000000000005684	epochs	1.0
196.10300033569337	0.009999999999990905	epochs	-1.0
196.10300033569337	0.009999999999990905	epochs	1.0
196.11300033569336	0.025000000000005684	epochs	-1.0
196.11300033569336	0.025000000000005684	epochs	1.0
196.13800033569336	0.060000000000002274	epochs	-1.0
196.13800033569336	0.025000000000005684	epochs	-1.0
196.13800033569336	0.025000000000005684	epochs	1.0
196.16300033569337	0.009999999999990905	epochs	-1.0
196.16300033569337	0.009999999999990905	epochs	1.0
196.17300033569336	0.025000000000005684	epochs	-1.0
196.17300033569336	0.025000000000005684	epochs	1.0
196.19800033569337	0.060000000000002274	epochs	-1.0
196.19800033569337	0.025000000000005684	epochs	-1.0
196.19800033569337	0.025000000000005684	epochs	1.0
196.22300033569337	0.009999999999990905	epochs	-1.0
196.22300033569337	0.009999999999990905	epochs	1.0
196.23300033569336	0.025000000000005684	epochs	-1.0
196.23300033569336	0.025000000000005684	epochs	1.0
196.25800033569337	0.024994999999989886	epochs	1.0
226.94400024414062	0.09999999999999432	epochs	0.0
226.94400024414062	0.044999999999987494	epochs	1.0
226.9890002441406	0.010000000000019327	epochs	1.0
226.99900024414063	0.044999999999987494	epochs	1.0
227.04400024414062	0.7049949999999967	epochs	0.0
227.04400024414062	0.5	epochs	-1.0
227.04400024414062	0.5	epochs	-1.0
227.04400024414062	0.5	epochs	1.0
227.54400024414062	0.060000000000002274	epochs	-1.0
227.54400024414062	0.025000000000005684	epochs	-1.0
227.54400024414062	0.025000000000005684	epochs	1.0
227.56900024414062	0.009999999999990905	epochs	-1.0
227.56900024414062	0.009999999999990905	epochs	1.0
227.57900024414062	0.025000000000005684	epochs	-1.0
227.57900024414062	0.025000000000005684	epochs	1.0
227.60400024414062	0.060000000000002274	epochs	-1.0
227.60400024414062	0.025000000000005684	epochs	-1.0
227.60400024414062	0.025000000000005684	epochs	1.0
227.62900024414063	0.009999999999990905	epochs	-1.0
227.62900024414063	0.009999999999990905	epochs	1.0
227.63900024414062	0.025000000000005684	epochs	-1.0
227.63900024414062	0.025000000000005684	epochs	1.0
227.66400024414062	0.060000000000002274	epochs	-1.0
227.66400024414062	0.025000000000005684	epochs	-1.0
227.66400024414062	0.025000000000005684	epochs	1.0
227.68900024414063	0.009999999999990905	epochs	-1.0
227.68900024414063	0.009999999999990905	epochs	1.0
227.69900024414062	0.025000000000005684	epochs	-1.0
227.69900024414062	0.025000000000005684	epochs	1.0
227.72400024414063	0.024994999999989886	epochs	1.0
289.7590003013611	0.10000000000002274	epochs	0.0
289.7590003013611	0.045000000000015916	epochs	1.0
289.8040003013611	0.009999999999990905	epochs	1.0
289.8140003013611	0.045000000000015916	epochs	1.0
289.8590003013611	5.999979999999994	epochs	0.0
289.8590003013611	0.5	epochs	-1.0
289.8590003013611	0.5	epochs	-1.0
289.8590003013611	0.5	epochs	1.0
290.3590003013611	5.0	epochs	1.0
295.3590003013611	0.49997999999999365	epochs	-1.0
295.3590003013611	0.49997999999999365	epochs	1.0
327.31300020217896	0.10000000000002274	epochs	0.0
327.31300020217896	0.045000000000015916	epochs	1.0
327.35800020217897	0.009999999999990905	epochs	1.0
327.36800020217896	0.045000000000015916	epochs	1.0
327.413000202179	0.539859999999976	epochs	0.0
327.413000202179	0.5	epochs	-1.0
327.413000202179	0.5	epochs	1.0
327.913000202179	0.039859999999976026	epochs	1.0
327.95286020217895	2.9601200000000176	epochs	0.0
328.24700021743774	0.10000000000002274	epochs	0.0
328.24700021743774	0.045000000000015916	epochs	1.0
328.29200021743776	0.009999999999990905	epochs	1.0
328.30200021743775	0.045000000000015916	epochs	1.0
328.34700021743777	0.5002399999999625	epochs	0.0
328.34700021743777	0.5	epochs	-1.0
328.34700021743777	0.5	epochs	1.0
328.84700021743777	0.00023999999996249244	epochs	1.0
328.84724021743773	2.999740000000031	epochs	0.0
329.1470003128052	0.10000000000002274	epochs	0.0
329.1470003128052	0.045000000000015916	epochs	1.0
329.1920003128052	0.009999999999990905	epochs	1.0
329.2020003128052	0.045000000000015916	epochs	1.0
329.2470003128052	0.5396199999999567	epochs	0.0
329.2470003128052	0.5	epochs	-1.0
329.2470003128052	0.5	epochs	1.0
329.7470003128052	0.03961999999995669	epochs	1.0
329.78662031280516	2.960360000000037	epochs	0.0
330.0970001220703	0.10000000000002274	epochs	0.0
330.0970001220703	0.045000000000015916	epochs	1.0
330.1420001220703	0.009999999999990905	epochs	1.0
330.1520001220703	0.045000000000015916	epochs	1.0
330.19700012207034	0.5400999999999954	epochs	0.0
330.19700012207034	0.5	epochs	-1.0
330.19700012207034	0.5	epochs	1.0
330.69700012207034	0.04009999999999536	epochs	1.0
330.73710012207033	2.9598799999999983	epochs	0.0
331.06300020217896	0.10000000000002274	epochs	0.0
331.06300020217896	0.045000000000015916	epochs	1.0
331.10800020217897	0.009999999999990905	epochs	1.0
331.11800020217896	0.045000000000015916	epochs	1.0
331.163000202179	0.5002199999999561	epochs	0.0
331.163000202179	0.5	epochs	-1.0
331.163000202179	0.5	epochs	1.0
331.663000202179	0.00021999999995614417	epochs	1.0
331.66322020217893	2.9997600000000375	epochs	0.0
331.9630002975464	0.10000000000002274	epochs	0.0
331.9630002975464	0.045000000000015916	epochs	1.0
332.0080002975464	0.009999999999990905	epochs	1.0
332.0180002975464	0.045000000000015916	epochs	1.0
332.0630002975464	0.5401200000000017	epochs	0.0
332.0630002975464	0.5	epochs	-1.0
332.0630002975464	0.5	epochs	1.0
332.5630002975464	0.04012000000000171	epochs	1.0
332.6031202975464	2.959859999999992	epochs	0.0
332.9470000267029	0.10000000000002274	epochs	0.0
332.9470000267029	0.045000000000015916	epochs	1.0
332.9920000267029	0.009999999999990905	epochs	1.0
333.0020000267029	0.045000000000015916	epochs	1.0
333.0470000267029	0.5004799999999818	epochs	0.0
333.0470000267029	0.5	epochs	-1.0
333.0470000267029	0.5	epochs	1.0
333.5470000267029	0.0004799999999818283	epochs	1.0
333.5474800267029	2.999500000000012	epochs	0.0
333.8630003929138	0.10000000000002274	epochs	0.0
333.8630003929138	0.045000000000015916	epochs	1.0
333.90800039291383	0.009999999999990905	epochs	1.0
333.9180003929138	0.045000000000015916	epochs	1.0
333.96300039291384	0.5003600000000006	epochs	0.0
333.96300039291384	0.5	epochs	-1.0
333.96300039291384	0.5	epochs	1.0
334.46300039291384	0.0003600000000005821	epochs	1.0
334.46336039291384	2.999619999999993	epochs	0.0
334.7970004081726	0.10000000000002274	epochs	0.0
334.7970004081726	0.045000000000015916	epochs	1.0
334.8420004081726	0.009999999999990905	epochs	1.0
334.8520004081726	0.045000000000015916	epochs	1.0
334.89700040817263	0.5000999999999749	epochs	0.0
334.89700040817263	0.5	epochs	-1.0
334.89700040817263	0.5	epochs	1.0
335.39700040817263	9.999999997489795e-05	epochs	1.0
335.3971004081726	2.9998800000000188	epochs	0.0
335.7970004081726	0.10000000000002274	epochs	0.0
335.7970004081726	0.045000000000015916	epochs	1.0
335.8420004081726	0.009999999999990905	epochs	1.0
335.8520004081726	0.045000000000015916	epochs	1.0
335.89700040817263	0.5000999999999749	epochs	0.0
335.89700040817263	0.5	epochs	-1.0
335.89700040817263	0.5	epochs	1.0
336.39700040817263	9.999999997489795e-05	epochs	1.0
336.3971004081726	2.9998800000000188	epochs	0.0
336.7300000190735	0.10000000000002274	epochs	0.0
336.7300000190735	0.045000000000015916	epochs	1.0
336.7750000190735	0.009999999999990905	epochs	1.0
336.7850000190735	0.045000000000015916	epochs	1.0
336.8300000190735	0.5	epochs	-1.0
336.8300000190735	0.5	epochs	0.0
336.8300000190735	0.5	epochs	1.0
337.3300000190735	2.9999799999999937	epochs	0.0
337.71400022506714	0.10000000000002274	epochs	0.0
337.71400022506714	0.045000000000015916	epochs	1.0
337.75900022506715	0.009999999999990905	epochs	1.0
337.76900022506715	0.045000000000015916	epochs	1.0
337.81400022506716	0.5	epochs	-1.0
337.81400022506716	0.5	epochs	0.0
337.81400022506716	0.5	epochs	1.0
338.31400022506716	2.9999799999999937	epochs	0.0
338.71400022506714	0.10000000000002274	epochs	0.0
338.71400022506714	0.045000000000015916	epochs	1.0
338.75900022506715	0.009999999999990905	epochs	1.0
338.76900022506715	0.045000000000015916	epochs	1.0
338.81400022506716	0.540239999999983	epochs	0.0
338.81400022506716	0.5	epochs	-1.0
338.81400022506716	0.5	epochs	1.0
339.31400022506716	0.040239999999982956	epochs	1.0
339.35424022506714	2.9597400000000107	epochs	0.0
339.7970004081726	0.10000000000002274	epochs	0.0
339.7970004081726	0.045000000000015916	epochs	1.0
339.8420004081726	0.009999999999990905	epochs	1.0
339.8520004081726	0.045000000000015916	epochs	1.0
339.89700040817263	0.5000999999999749	epochs	0.0
339.89700040817263	0.5	epochs	-1.0
339.89700040817263	0.5	epochs	1.0
340.39700040817263	9.999999997489795e-05	epochs	1.0
340.3971004081726	2.9998800000000188	epochs	0.0
352.9450001716614	0.10000000000002274	epochs	0.0
352.9450001716614	0.045000000000015916	epochs	1.0
352.9900001716614	0.009999999999990905	epochs	1.0
353.0000001716614	0.045000000000015916	epochs	1.0
353.0450001716614	0.539859999999976	epochs	0.0
353.0450001716614	0.5	epochs	-1.0
353.0450001716614	0.5	epochs	1.0
353.5450001716614	0.039859999999976026	epochs	1.0
353.5848601716614	2.9601200000000176	epochs	0.0
366.12400007247925	0.10000000000002274	epochs	0.0
366.12400007247925	0.045000000000015916	epochs	1.0
366.16900007247926	0.009999999999990905	epochs	1.0
366.17900007247925	0.045000000000015916	epochs	1.0
366.22400007247927	0.5001199999999812	epochs	0.0
366.22400007247927	0.5	epochs	-1.0
366.22400007247927	0.5	epochs	1.0
366.72400007247927	0.00011999999998124622	epochs	1.0
366.72412007247925	2.9998600000000124	epochs	0.0
367.1760001182556	0.10000000000002274	epochs	0.0
367.1760001182556	0.045000000000015916	epochs	1.0
367.22100011825563	0.009999999999990905	epochs	1.0
367.2310001182556	0.045000000000015916	epochs	1.0
367.27600011825564	0.5002199999999561	epochs	0.0
367.27600011825564	0.5	epochs	-1.0
367.27600011825564	0.5	epochs	1.0
367.77600011825564	0.00021999999995614417	epochs	1.0
367.7762201182556	2.9997600000000375	epochs	0.0
368.1920003890991	0.10000000000002274	epochs	0.0
368.1920003890991	0.045000000000015916	epochs	1.0
368.23700038909914	0.009999999999990905	epochs	1.0
368.2470003890991	0.045000000000015916	epochs	1.0
368.29200038909914	0.5397199999999884	epochs	0.0
368.29200038909914	0.5	epochs	-1.0
368.29200038909914	0.5	epochs	1.0
368.79200038909914	0.03971999999998843	epochs	1.0
368.83172038909913	2.960260000000005	epochs	0.0
369.35900020599365	0.10000000000002274	epochs	0.0
369.35900020599365	0.045000000000015916	epochs	1.0
369.40400020599367	0.009999999999990905	epochs	1.0
369.41400020599366	0.045000000000015916	epochs	1.0
369.4590002059937	0.5392399999999498	epochs	0.0
369.4590002059937	0.5	epochs	-1.0
369.4590002059937	0.5	epochs	1.0
369.9590002059937	0.03923999999994976	epochs	1.0
369.9982402059936	2.960740000000044	epochs	0.0
370.5090003013611	0.10000000000002274	epochs	0.0
370.5090003013611	0.045000000000015916	epochs	1.0
370.5540003013611	0.009999999999990905	epochs	1.0
370.5640003013611	0.045000000000015916	epochs	1.0
370.6090003013611	0.5403599999999642	epochs	0.0
370.6090003013611	0.5	epochs	-1.0
370.6090003013611	0.5	epochs	1.0
371.1090003013611	0.0403599999999642	epochs	1.0
371.14936030136107	2.9596200000000294	epochs	0.0
371.60900020599365	0.10000000000002274	epochs	0.0
371.60900020599365	0.045000000000015916	epochs	1.0
371.65400020599367	0.009999999999990905	epochs	1.0
371.66400020599366	0.045000000000015916	epochs	1.0
371.7090002059937	0.5001199999999812	epochs	0.0
371.7090002059937	0.5	epochs	-1.0
371.7090002059937	0.5	epochs	1.0
372.2090002059937	0.00011999999998124622	epochs	1.0
372.20912020599366	2.9998600000000124	epochs	0.0
386.7050004005432	0.6499800000000278	epochs	0.0
386.7050004005432	0.05000000000001137	epochs	1.0
386.7550004005432	0.5	epochs	1.0
387.2550004005432	0.09998000000001639	epochs	1.0
387.9130001068115	0.6499800000000278	epochs	0.0
387.9130001068115	0.05000000000001137	epochs	1.0
387.96300010681153	0.5	epochs	1.0
388.46300010681153	0.09998000000001639	epochs	1.0
389.06300020217896	0.6499800000000278	epochs	0.0
389.06300020217896	0.05000000000001137	epochs	1.0
389.11300020217897	0.5	epochs	1.0
389.61300020217897	0.09998000000001639	epochs	1.0
390.2970004081726	0.6499800000000278	epochs	0.0
390.2970004081726	0.05000000000001137	epochs	1.0
390.3470004081726	0.5	epochs	1.0
390.8470004081726	0.09998000000001639	epochs	1.0
391.5130000114441	0.10000000000002274	epochs	0.0
391.5130000114441	0.045000000000015916	epochs	1.0
391.5580000114441	0.009999999999990905	epochs	1.0
391.5680000114441	0.045000000000015916	epochs	1.0
391.6130000114441	0.5403599999999642	epochs	0.0
391.6130000114441	0.5	epochs	-1.0
391.6130000114441	0.5	epochs	1.0
392.1130000114441	0.0403599999999642	epochs	1.0
392.1533600114441	4.9596200000000294	epochs	0.0
396.6630001068115	0.10000000000002274	epochs	0.0
396.6630001068115	0.045000000000015916	epochs	1.0
396.70800010681154	0.009999999999990905	epochs	1.0
396.71800010681153	0.045000000000015916	epochs	1.0
396.76300010681155	0.5	epochs	-1.0
396.76300010681155	0.5	epochs	0.0
396.76300010681155	0.5	epochs	1.0
397.26300010681155	4.999979999999994	epochs	0.0
401.9040002822876	0.10000000000002274	epochs	0.0
401.9040002822876	0.045000000000015916	epochs	1.0
401.9490002822876	0.009999999999990905	epochs	1.0
401.9590002822876	0.045000000000015916	epochs	1.0
402.0040002822876	0.5397199999999884	epochs	0.0
402.0040002822876	0.5	epochs	-1.0
402.0040002822876	0.5	epochs	1.0
402.5040002822876	0.03971999999998843	epochs	1.0
402.5437202822876	4.960260000000005	epochs	0.0
407.03700017929077	0.10000000000002274	epochs	0.0
407.03700017929077	0.045000000000015916	epochs	1.0
407.0820001792908	0.009999999999990905	epochs	1.0
407.0920001792908	0.045000000000015916	epochs	1.0
407.1370001792908	0.5	epochs	-1.0
407.1370001792908	0.5	epochs	0.0
407.1370001792908	0.5	epochs	1.0
407.6370001792908	4.999979999999994	epochs	0.0
412.25400018692017	0.10000000000002274	epochs	0.0
412.25400018692017	0.045000000000015916	epochs	1.0
412.2990001869202	0.009999999999990905	epochs	1.0
412.3090001869202	0.045000000000015916	epochs	1.0
412.3540001869202	0.5405999999999835	epochs	0.0
412.3540001869202	0.5	epochs	-1.0
412.3540001869202	0.5	epochs	1.0
412.8540001869202	0.04059999999998354	epochs	1.0
412.8946001869202	4.95938000000001	epochs	0.0
417.42300033569336	0.10000000000002274	epochs	0.0
417.42300033569336	0.045000000000015916	epochs	1.0
417.4680003356934	0.009999999999990905	epochs	1.0
417.47800033569337	0.045000000000015916	epochs	1.0
417.5230003356934	0.5396199999999567	epochs	0.0
417.5230003356934	0.5	epochs	-1.0
417.5230003356934	0.5	epochs	1.0
418.0230003356934	0.03961999999995669	epochs	1.0
418.06262033569334	4.960360000000037	epochs	0.0
422.5900001525879	0.10000000000002274	epochs	0.0
422.5900001525879	0.045000000000015916	epochs	1.0
422.6350001525879	0.009999999999990905	epochs	1.0
422.6450001525879	0.045000000000015916	epochs	1.0
422.6900001525879	0.5393599999999878	epochs	0.0
422.6900001525879	0.5	epochs	-1.0
422.6900001525879	0.5	epochs	1.0
423.1900001525879	0.03935999999998785	epochs	1.0
423.2293601525879	4.960620000000006	epochs	0.0
427.7590003013611	0.10000000000002274	epochs	0.0
427.7590003013611	0.045000000000015916	epochs	1.0
427.8040003013611	0.009999999999990905	epochs	1.0
427.8140003013611	0.045000000000015916	epochs	1.0
427.8590003013611	0.5003600000000006	epochs	0.0
427.8590003013611	0.5	epochs	-1.0
427.8590003013611	0.5	epochs	1.0
428.3590003013611	0.0003600000000005821	epochs	1.0
428.3593603013611	4.999619999999993	epochs	0.0
432.9750003814697	0.10000000000002274	epochs	0.0
432.9750003814697	0.045000000000015916	epochs	1.0
433.02000038146974	0.009999999999990905	epochs	1.0
433.03000038146973	0.045000000000015916	epochs	1.0
433.07500038146975	0.5394799999999691	epochs	0.0
433.07500038146975	0.5	epochs	-1.0
433.07500038146975	0.5	epochs	1.0
433.57500038146975	0.039479999999969095	epochs	1.0
433.6144803814697	4.960500000000025	epochs	0.0
438.1449999809265	0.10000000000002274	epochs	0.0
438.1449999809265	0.045000000000015916	epochs	1.0
438.18999998092653	0.009999999999990905	epochs	1.0
438.1999999809265	0.045000000000015916	epochs	1.0
438.24499998092654	0.5004799999999818	epochs	0.0
438.24499998092654	0.5	epochs	-1.0
438.24499998092654	0.5	epochs	1.0
438.74499998092654	0.0004799999999818283	epochs	1.0
438.7454799809265	4.999500000000012	epochs	0.0
485.38100004196167	0.15298000000001366	epochs	0.0
485.38100004196167	0.05000000000001137	epochs	1.0
485.4310000419617	0.002999999999985903	epochs	1.0
485.43400004196167	0.09998000000001639	epochs	1.0
486.1640000343323	0.15298000000001366	epochs	0.0
486.1640000343323	0.05000000000001137	epochs	1.0
486.2140000343323	0.002999999999985903	epochs	1.0
486.2170000343323	0.09998000000001639	epochs	1.0
486.93100023269653	0.15298000000001366	epochs	0.0
486.93100023269653	0.05000000000001137	epochs	1.0
486.98100023269654	0.002999999999985903	epochs	1.0
486.98400023269653	0.09998000000001639	epochs	1.0
487.728000164032	0.15298000000001366	epochs	0.0
487.728000164032	0.05000000000001137	epochs	1.0
487.778000164032	0.002999999999985903	epochs	1.0
487.781000164032	0.09998000000001639	epochs	1.0
488.57800006866455	0.15298000000001366	epochs	0.0
488.57800006866455	0.05000000000001137	epochs	1.0
488.62800006866456	0.002999999999985903	epochs	1.0
488.63100006866455	0.09998000000001639	epochs	1.0
489.36100006103516	0.15298000000001366	epochs	0.0
489.36100006103516	0.05000000000001137	epochs	1.0
489.41100006103517	0.002999999999985903	epochs	1.0
489.41400006103515	0.09998000000001639	epochs	1.0
490.228000164032	0.10000000000002274	epochs	0.0
490.228000164032	0.045000000000015916	epochs	1.0
490.273000164032	0.009999999999990905	epochs	1.0
490.283000164032	0.045000000000015916	epochs	1.0
490.328000164032	0.5403599999999642	epochs	0.0
490.328000164032	0.5	epochs	-1.0
490.328000164032	0.5	epochs	1.0
490.828000164032	0.002999999999985903	epochs	1.0
490.831000164032	0.0373599999999783	epochs	1.0
490.86836016403197	1.062620000000038	epochs	0.0
492.3949999809265	0.10000000000002274	epochs	0.0
492.3949999809265	0.045000000000015916	epochs	1.0
492.43999998092653	0.009999999999990905	epochs	1.0
492.4499999809265	0.045000000000015916	epochs	1.0
492.49499998092654	0.5001199999999812	epochs	0.0
492.49499998092654	0.5	epochs	-1.0
492.49499998092654	0.5	epochs	1.0
492.99499998092654	0.00011999999998124622	epochs	1.0
492.9951199809265	1.102860000000021	epochs	0.0
494.6280002593994	0.10000000000002274	epochs	0.0
494.6280002593994	0.045000000000015916	epochs	1.0
494.67300025939943	0.009999999999990905	epochs	1.0
494.6830002593994	0.045000000000015916	epochs	1.0
494.72800025939944	0.5399799999999573	epochs	0.0
494.72800025939944	0.5	epochs	-1.0
494.72800025939944	0.5	epochs	1.0
495.22800025939944	0.002999999999985903	epochs	1.0
495.2310002593994	0.03697999999997137	epochs	1.0
495.2679802593994	1.063000000000045	epochs	0.0
496.8450002670288	0.10000000000002274	epochs	0.0
496.8450002670288	0.045000000000015916	epochs	1.0
496.8900002670288	0.009999999999990905	epochs	1.0
496.9000002670288	0.045000000000015916	epochs	1.0
496.94500026702883	0.5000999999999749	epochs	0.0
496.94500026702883	0.5	epochs	-1.0
496.94500026702883	0.5	epochs	1.0
497.44500026702883	9.999999997489795e-05	epochs	1.0
497.4451002670288	1.1028800000000274	epochs	0.0
499.0460000038147	0.10000000000002274	epochs	0.0
499.0460000038147	0.045000000000015916	epochs	1.0
499.0910000038147	0.009999999999990905	epochs	1.0
499.1010000038147	0.045000000000015916	epochs	1.0
499.1460000038147	0.5397199999999884	epochs	0.0
499.1460000038147	0.5	epochs	-1.0
499.1460000038147	0.5	epochs	1.0
499.6460000038147	0.002999999999985903	epochs	1.0
499.6490000038147	0.03672000000000253	epochs	1.0
499.6857200038147	1.0632600000000139	epochs	0.0
501.2130002975464	0.10000000000002274	epochs	0.0
501.2130002975464	0.045000000000015916	epochs	1.0
501.2580002975464	0.009999999999990905	epochs	1.0
501.2680002975464	0.045000000000015916	epochs	1.0
501.3130002975464	1.559759999999983	epochs	0.0
501.3130002975464	0.5	epochs	-1.0
501.3130002975464	0.5	epochs	1.0
501.8130002975464	0.002999999999985903	epochs	1.0
501.8160002975464	1.056759999999997	epochs	1.0
502.3160002975464	0.5	epochs	-1.0
502.8727602975464	0.043220000000019354	epochs	0.0
503.59600019454956	0.10000000000002274	epochs	0.0
503.59600019454956	0.045000000000015916	epochs	1.0
503.6410001945496	0.009999999999990905	epochs	1.0
503.65100019454957	0.045000000000015916	epochs	1.0
503.6960001945496	0.5396199999999567	epochs	0.0
503.6960001945496	0.5	epochs	-1.0
503.6960001945496	0.5	epochs	1.0
504.1960001945496	0.002999999999985903	epochs	1.0
504.19900019454957	0.03661999999997079	epochs	1.0
504.23562019454954	1.0633600000000456	epochs	0.0
505.81300020217896	0.10000000000002274	epochs	0.0
505.81300020217896	0.045000000000015916	epochs	1.0
505.85800020217897	0.009999999999990905	epochs	1.0
505.86800020217896	0.045000000000015916	epochs	1.0
505.913000202179	0.5001199999999812	epochs	0.0
505.913000202179	0.5	epochs	-1.0
505.913000202179	0.5	epochs	1.0
506.413000202179	0.00011999999998124622	epochs	1.0
506.41312020217896	1.102860000000021	epochs	0.0
508.0340003967285	0.10000000000002274	epochs	0.0
508.0340003967285	0.045000000000015916	epochs	1.0
508.07900039672853	0.009999999999990905	epochs	1.0
508.0890003967285	0.045000000000015916	epochs	1.0
508.13400039672854	0.5003600000000006	epochs	0.0
508.13400039672854	0.5	epochs	-1.0
508.13400039672854	0.5	epochs	1.0
508.63400039672854	0.0003600000000005821	epochs	1.0
508.63436039672854	1.1026200000000017	epochs	0.0
510.2510004043579	0.10000000000002274	epochs	0.0
510.2510004043579	0.045000000000015916	epochs	1.0
510.2960004043579	0.009999999999990905	epochs	1.0
510.3060004043579	0.045000000000015916	epochs	1.0
510.35100040435793	0.5401200000000017	epochs	0.0
510.35100040435793	0.5	epochs	-1.0
510.35100040435793	0.5	epochs	1.0
510.85100040435793	0.002999999999985903	epochs	1.0
510.8540004043579	0.03712000000001581	epochs	1.0
510.89112040435793	1.0628600000000006	epochs	0.0
525.4220004081726	0.10000000000002274	epochs	0.0
525.4220004081726	0.04499999999995907	epochs	1.0
525.4670004081726	0.009999999999990905	epochs	1.0
525.4770004081726	0.04500000000007276	epochs	1.0
525.5220004081726	0.5397399999999379	epochs	0.0
525.5220004081726	0.5	epochs	-1.0
525.5220004081726	0.5	epochs	1.0
526.0220004081726	0.039739999999937936	epochs	1.0
526.0617404081726	18.96024	epochs	0.0
554.6020002365112	0.10000000000002274	epochs	0.0
554.6020002365112	0.04499999999995907	epochs	1.0
554.6470002365112	0.009999999999990905	epochs	1.0
554.6570002365112	0.04500000000007276	epochs	1.0
554.7020002365113	5.578480000000013	epochs	0.0
554.7020002365113	0.5	epochs	-1.0
554.7020002365113	0.5	epochs	1.0
555.2020002365113	5.078480000000013	epochs	1.0
556.7611202365113	3.519360000000006	epochs	-1.0
556.7611202365113	0.038940000000025066	epochs	-1.0
557.2586001365112	0.5	epochs	-1.0
557.7586001365112	0.5	epochs	-1.0
558.2586001365112	0.5	epochs	-1.0
558.7586001365112	0.5	epochs	-1.0
559.2586001365112	0.5	epochs	-1.0
559.7586001365112	0.5	epochs	-1.0
560.2804802365113	13.921499999999924	epochs	0.0
561.2130002975464	0.10000000000002274	epochs	0.0
561.2130002975464	0.04499999999995907	epochs	1.0
561.2580002975463	0.009999999999990905	epochs	1.0
561.2680002975463	0.04500000000007276	epochs	1.0
561.3130002975464	0.5390999999999622	epochs	0.0
561.3130002975464	0.5	epochs	-1.0
561.3130002975464	0.5	epochs	1.0
561.8130002975464	0.039099999999962165	epochs	1.0
561.8521002975464	18.960879999999975	epochs	0.0
590.4270000457764	0.10000000000002274	epochs	0.0
590.4270000457764	0.04499999999995907	epochs	1.0
590.4720000457763	0.009999999999990905	epochs	1.0
590.4820000457763	0.04500000000007276	epochs	1.0
590.5270000457764	0.5404800000000023	epochs	0.0
590.5270000457764	0.5	epochs	-1.0
590.5270000457764	0.5	epochs	1.0
591.0270000457764	0.04048000000000229	epochs	1.0
591.0674800457764	18.959499999999935	epochs	0.0
619.6220002174377	0.10000000000002274	epochs	0.0
619.6220002174377	0.04499999999995907	epochs	1.0
619.6670002174377	0.009999999999990905	epochs	1.0
619.6770002174377	0.04500000000007276	epochs	1.0
619.7220002174378	7.48005999999998	epochs	0.0
619.7220002174378	0.5	epochs	-1.0
619.7220002174378	0.5	epochs	1.0
620.2220002174378	6.98005999999998	epochs	1.0
623.1823802174378	4.019679999999994	epochs	-1.0
623.1823802174378	0.03930000000002565	epochs	-1.0
623.6798602174377	0.5	epochs	-1.0
624.1798602174377	0.5	epochs	-1.0
624.6798602174377	0.5	epochs	-1.0
625.1798602174377	0.5	epochs	-1.0
625.6798602174377	0.5	epochs	-1.0
626.1798602174377	0.5	epochs	-1.0
626.6798602174377	0.5	epochs	-1.0
627.2020602174377	12.019919999999956	epochs	0.0
628.1870002746582	0.10000000000002274	epochs	0.0
628.1870002746582	0.04499999999995907	epochs	1.0
628.2320002746582	0.009999999999990905	epochs	1.0
628.2420002746582	0.04500000000007276	epochs	1.0
628.2870002746582	5.940560000000005	epochs	0.0
628.2870002746582	0.5	epochs	-1.0
628.2870002746582	0.5	epochs	1.0
628.7870002746582	5.440560000000005	epochs	1.0
631.2075402746582	3.020020000000045	epochs	-1.0
631.2075402746582	0.040300000000002	epochs	-1.0
631.7050202746582	0.5	epochs	-1.0
632.2050202746582	0.5	epochs	-1.0
632.7050202746582	0.5	epochs	-1.0
633.2050202746582	0.5	epochs	-1.0
633.7050202746582	0.5	epochs	-1.0
634.2275602746582	13.559419999999932	epochs	0.0
649.1060004234314	0.10000000000002274	epochs	0.0
649.1060004234314	0.04499999999995907	epochs	1.0
649.1510004234314	0.009999999999990905	epochs	1.0
649.1610004234313	0.04500000000007276	epochs	1.0
649.2060004234314	0.5396200000000135	epochs	0.0
649.2060004234314	0.5	epochs	-1.0
649.2060004234314	0.5	epochs	1.0
649.7060004234314	0.03962000000001353	epochs	1.0
649.7456204234314	2.9603599999999233	epochs	0.0
650.6900000572205	0.10000000000002274	epochs	0.0
650.6900000572205	0.04499999999995907	epochs	1.0
650.7350000572204	0.009999999999990905	epochs	1.0
650.7450000572204	0.04500000000007276	epochs	1.0
650.7900000572205	0.5002399999999625	epochs	0.0
650.7900000572205	0.5	epochs	-1.0
650.7900000572205	0.5	epochs	1.0
651.2900000572205	0.00023999999996249244	epochs	1.0
651.2902400572204	2.9997399999999743	epochs	0.0
652.1230001449585	0.10000000000002274	epochs	0.0
652.1230001449585	0.04499999999995907	epochs	1.0
652.1680001449585	0.009999999999990905	epochs	1.0
652.1780001449584	0.04500000000007276	epochs	1.0
652.2230001449585	0.5401200000000017	epochs	0.0
652.2230001449585	0.5	epochs	-1.0
652.2230001449585	0.5	epochs	1.0
652.7230001449585	0.04012000000000171	epochs	1.0
652.7631201449585	2.959859999999935	epochs	0.0
665.3140001296997	0.10000000000002274	epochs	0.0
665.3140001296997	0.04499999999995907	epochs	1.0
665.3590001296997	0.009999999999990905	epochs	1.0
665.3690001296997	0.04500000000007276	epochs	1.0
665.4140001296997	3.499979999999937	epochs	0.0
665.4140001296997	0.5	epochs	-1.0
665.4140001296997	0.5	epochs	1.0
665.9140001296997	1.0	epochs	1.0
666.9140001296997	1.9999799999999368	epochs	1.0
667.4140001296997	0.5	epochs	-1.0
667.9140001296997	0.5	epochs	-1.0
669.8740000724792	0.10000000000002274	epochs	0.0
669.8740000724792	0.04499999999995907	epochs	1.0
669.9190000724792	0.009999999999990905	epochs	1.0
669.9290000724792	0.04500000000007276	epochs	1.0
669.9740000724793	0.5003600000000006	epochs	0.0
669.9740000724793	0.5	epochs	-1.0
669.9740000724793	0.5	epochs	1.0
670.4740000724793	0.0003600000000005821	epochs	1.0
670.4743600724793	2.9996199999999362	epochs	0.0
671.3240003585815	0.10000000000002274	epochs	0.0
671.3240003585815	0.04499999999995907	epochs	1.0
671.3690003585815	0.009999999999990905	epochs	1.0
671.3790003585815	0.04500000000007276	epochs	1.0
671.4240003585816	0.5400999999999385	epochs	0.0
671.4240003585816	0.5	epochs	-1.0
671.4240003585816	0.5	epochs	1.0
671.9240003585816	0.04009999999993852	epochs	1.0
671.9641003585815	2.9598799999999983	epochs	0.0
672.8900003433228	0.10000000000002274	epochs	0.0
672.8900003433228	0.04499999999995907	epochs	1.0
672.9350003433227	0.009999999999990905	epochs	1.0
672.9450003433227	0.04500000000007276	epochs	1.0
672.9900003433228	0.5004599999999755	epochs	0.0
672.9900003433228	0.5	epochs	-1.0
672.9900003433228	0.5	epochs	1.0
673.4900003433228	0.00045999999997548	epochs	1.0
673.4904603433228	2.9995199999999613	epochs	0.0
674.3740000724792	0.10000000000002274	epochs	0.0
674.3740000724792	0.04499999999995907	epochs	1.0
674.4190000724792	0.009999999999990905	epochs	1.0
674.4290000724792	0.04500000000007276	epochs	1.0
674.4740000724793	0.500479999999925	epochs	0.0
674.4740000724793	0.5	epochs	-1.0
674.4740000724793	0.5	epochs	1.0
674.9740000724793	0.0004799999999249849	epochs	1.0
674.9744800724792	2.999500000000012	epochs	0.0
675.8900003433228	0.10000000000002274	epochs	0.0
675.8900003433228	0.04499999999995907	epochs	1.0
675.9350003433227	0.009999999999990905	epochs	1.0
675.9450003433227	0.04500000000007276	epochs	1.0
675.9900003433228	0.5403599999999642	epochs	0.0
675.9900003433228	0.5	epochs	-1.0
675.9900003433228	0.5	epochs	1.0
676.4900003433228	0.0403599999999642	epochs	1.0
676.5303603433227	2.9596199999999726	epochs	0.0
677.4570002555847	0.10000000000002274	epochs	0.0
677.4570002555847	0.04499999999995907	epochs	1.0
677.5020002555847	0.009999999999990905	epochs	1.0
677.5120002555847	0.04500000000007276	epochs	1.0
677.5570002555847	0.5003799999999501	epochs	0.0
677.5570002555847	0.5	epochs	-1.0
677.5570002555847	0.5	epochs	1.0
678.0570002555847	0.00037999999995008693	epochs	1.0
678.0573802555847	2.9995999999999867	epochs	0.0
678.9539999961853	0.10000000000002274	epochs	0.0
678.9539999961853	0.04499999999995907	epochs	1.0
678.9989999961853	0.009999999999990905	epochs	1.0
679.0089999961853	0.04500000000007276	epochs	1.0
679.0539999961853	3.499979999999937	epochs	0.0
679.0539999961853	0.5	epochs	-1.0
679.0539999961853	0.5	epochs	1.0
679.5539999961853	1.0	epochs	1.0
680.5539999961853	1.9999799999999368	epochs	1.0
681.0539999961853	0.5	epochs	-1.0
681.5539999961853	0.5	epochs	-1.0
683.554000377655	0.10000000000002274	epochs	0.0
683.554000377655	0.04499999999995907	epochs	1.0
683.599000377655	0.009999999999990905	epochs	1.0
683.609000377655	0.04500000000007276	epochs	1.0
683.654000377655	0.5	epochs	-1.0
683.654000377655	0.5	epochs	0.0
683.654000377655	0.5	epochs	1.0
684.154000377655	2.999979999999937	epochs	0.0
685.0880002975464	0.10000000000002274	epochs	0.0
685.0880002975464	0.04499999999995907	epochs	1.0
685.1330002975463	0.009999999999990905	epochs	1.0
685.1430002975463	0.04500000000007276	epochs	1.0
685.1880002975464	0.5003600000000006	epochs	0.0
685.1880002975464	0.5	epochs	-1.0
685.1880002975464	0.5	epochs	1.0
685.6880002975464	0.0003600000000005821	epochs	1.0
685.6883602975464	2.9996199999999362	epochs	0.0
686.621000289917	0.10000000000002274	epochs	0.0
686.621000289917	0.04499999999995907	epochs	1.0
686.666000289917	0.009999999999990905	epochs	1.0
686.6760002899169	0.04500000000007276	epochs	1.0
686.721000289917	0.5003600000000006	epochs	0.0
686.721000289917	0.5	epochs	-1.0
686.721000289917	0.5	epochs	1.0
687.221000289917	0.0003600000000005821	epochs	1.0
687.221360289917	2.9996199999999362	epochs	0.0
688.2560000419617	0.10000000000002274	epochs	0.0
688.2560000419617	0.04499999999995907	epochs	1.0
688.3010000419616	0.009999999999990905	epochs	1.0
688.3110000419616	0.04500000000007276	epochs	1.0
688.3560000419617	0.539859999999976	epochs	0.0
688.3560000419617	0.5	epochs	-1.0
688.3560000419617	0.5	epochs	1.0
688.8560000419617	0.039859999999976026	epochs	1.0
688.8958600419617	2.960119999999961	epochs	0.0
689.9390001296997	0.10000000000002274	epochs	0.0
689.9390001296997	0.04499999999995907	epochs	1.0
689.9840001296997	0.009999999999990905	epochs	1.0
689.9940001296997	0.04500000000007276	epochs	1.0
690.0390001296997	3.499979999999937	epochs	0.0
690.0390001296997	0.5	epochs	-1.0
690.0390001296997	0.5	epochs	1.0
690.5390001296997	1.0	epochs	1.0
691.5390001296997	1.9999799999999368	epochs	1.0
692.0390001296997	0.5	epochs	-1.0
692.5390001296997	0.5	epochs	-1.0
694.5560002326965	0.10000000000002274	epochs	0.0
694.5560002326965	0.04499999999995907	epochs	1.0
694.6010002326965	0.009999999999990905	epochs	1.0
694.6110002326965	0.04500000000007276	epochs	1.0
694.6560002326966	0.5003600000000006	epochs	0.0
694.6560002326966	0.5	epochs	-1.0
694.6560002326966	0.5	epochs	1.0
695.1560002326966	0.0003600000000005821	epochs	1.0
695.1563602326966	2.9996199999999362	epochs	0.0
696.2230000495911	0.10000000000002274	epochs	0.0
696.2230000495911	0.04499999999995907	epochs	1.0
696.268000049591	0.009999999999990905	epochs	1.0
696.278000049591	0.04500000000007276	epochs	1.0
696.3230000495911	0.5001199999999244	epochs	0.0
696.3230000495911	0.5	epochs	-1.0
696.3230000495911	0.5	epochs	1.0
696.8230000495911	0.0001199999999244028	epochs	1.0
696.823120049591	2.9998600000000124	epochs	0.0
697.8730001449585	0.10000000000002274	epochs	0.0
697.8730001449585	0.04499999999995907	epochs	1.0
697.9180001449585	0.009999999999990905	epochs	1.0
697.9280001449584	0.04500000000007276	epochs	1.0
697.9730001449585	0.5404800000000023	epochs	0.0
697.9730001449585	0.5	epochs	-1.0
697.9730001449585	0.5	epochs	1.0
698.4730001449585	0.04048000000000229	epochs	1.0
698.5134801449585	2.9594999999999345	epochs	0.0
699.6280002593994	0.10000000000002274	epochs	0.0
699.6280002593994	0.04499999999995907	epochs	1.0
699.6730002593994	0.009999999999990905	epochs	1.0
699.6830002593994	0.04500000000007276	epochs	1.0
699.7280002593994	3.499979999999937	epochs	0.0
699.7280002593994	0.5	epochs	-1.0
699.7280002593994	0.5	epochs	1.0
700.2280002593994	1.0	epochs	1.0
701.2280002593994	1.9999799999999368	epochs	1.0
701.7280002593994	0.5	epochs	-1.0
702.2280002593994	0.5	epochs	-1.0
704.3780002593994	0.10000000000002274	epochs	0.0
704.3780002593994	0.04499999999995907	epochs	1.0
704.4230002593994	0.009999999999990905	epochs	1.0
704.4330002593994	0.04500000000007276	epochs	1.0
704.4780002593994	0.5397199999999884	epochs	0.0
704.4780002593994	0.5	epochs	-1.0
704.4780002593994	0.5	epochs	1.0
704.9780002593994	0.03971999999998843	epochs	1.0
705.0177202593994	2.9602599999999484	epochs	0.0
717.7400002479553	0.10000000000002274	epochs	0.0
717.7400002479553	0.04499999999995907	epochs	1.0
717.7850002479553	0.009999999999990905	epochs	1.0
717.7950002479553	0.04500000000007276	epochs	1.0
717.8400002479553	0.500479999999925	epochs	0.0
717.8400002479553	0.5	epochs	-1.0
717.8400002479553	0.5	epochs	1.0
718.3400002479553	0.0004799999999249849	epochs	1.0
718.3404802479553	2.999500000000012	epochs	0.0
730.9010000228882	0.10000000000002274	epochs	0.0
730.9010000228882	0.04499999999995907	epochs	1.0
730.9460000228881	0.009999999999990905	epochs	1.0
730.9560000228881	0.04500000000007276	epochs	1.0
731.0010000228882	0.5395999999999503	epochs	0.0
731.0010000228882	0.5	epochs	-1.0
731.0010000228882	0.5	epochs	1.0
731.5010000228882	0.03959999999995034	epochs	1.0
731.5406000228882	2.9603799999999865	epochs	0.0
744.121000289917	0.10000000000002274	epochs	0.0
744.121000289917	0.04499999999995907	epochs	1.0
744.166000289917	0.009999999999990905	epochs	1.0
744.1760002899169	0.04500000000007276	epochs	1.0
744.221000289917	0.5001199999999244	epochs	0.0
744.221000289917	0.5	epochs	-1.0
744.221000289917	0.5	epochs	1.0
744.721000289917	0.0001199999999244028	epochs	1.0
744.7211202899169	2.9998600000000124	epochs	0.0
745.7050004005432	0.10000000000002274	epochs	0.0
745.7050004005432	0.04499999999995907	epochs	1.0
745.7500004005432	0.009999999999990905	epochs	1.0
745.7600004005432	0.04500000000007276	epochs	1.0
745.8050004005432	0.539859999999976	epochs	0.0
745.8050004005432	0.5	epochs	-1.0
745.8050004005432	0.5	epochs	1.0
746.3050004005432	0.039859999999976026	epochs	1.0
746.3448604005432	2.960119999999961	epochs	0.0
747.3880000114441	0.10000000000002274	epochs	0.0
747.3880000114441	0.04499999999995907	epochs	1.0
747.433000011444	0.009999999999990905	epochs	1.0
747.443000011444	0.04500000000007276	epochs	1.0
747.4880000114441	0.5003600000000006	epochs	0.0
747.4880000114441	0.5	epochs	-1.0
747.4880000114441	0.5	epochs	1.0
747.9880000114441	0.0003600000000005821	epochs	1.0
747.9883600114441	2.9996199999999362	epochs	0.0
749.0150003433228	0.10000000000002274	epochs	0.0
749.0150003433228	0.04499999999995907	epochs	1.0
749.0600003433227	0.009999999999990905	epochs	1.0
749.0700003433227	0.04500000000007276	epochs	1.0
749.1150003433228	0.5001199999999244	epochs	0.0
749.1150003433228	0.5	epochs	-1.0
749.1150003433228	0.5	epochs	1.0
749.6150003433228	0.0001199999999244028	epochs	1.0
749.6151203433227	2.9998600000000124	epochs	0.0
750.6650004386902	0.10000000000002274	epochs	0.0
750.6650004386902	0.04499999999995907	epochs	1.0
750.7100004386901	0.009999999999990905	epochs	1.0
750.7200004386901	0.04500000000007276	epochs	1.0
750.7650004386902	0.5003600000000006	epochs	0.0
750.7650004386902	0.5	epochs	-1.0
750.7650004386902	0.5	epochs	1.0
751.2650004386902	0.0003600000000005821	epochs	1.0
751.2653604386902	2.9996199999999362	epochs	0.0
752.3650002479553	0.10000000000002274	epochs	0.0
752.3650002479553	0.04499999999995907	epochs	1.0
752.4100002479553	0.009999999999990905	epochs	1.0
752.4200002479553	0.04500000000007276	epochs	1.0
752.4650002479553	0.5003399999999374	epochs	0.0
752.4650002479553	0.5	epochs	-1.0
752.4650002479553	0.5	epochs	1.0
752.9650002479553	0.0003399999999373904	epochs	1.0
752.9653402479553	2.9996399999999994	epochs	0.0
754.0310001373291	0.10000000000002274	epochs	0.0
754.0310001373291	0.04499999999995907	epochs	1.0
754.0760001373291	0.009999999999990905	epochs	1.0
754.086000137329	0.04500000000007276	epochs	1.0
754.1310001373291	0.539859999999976	epochs	0.0
754.1310001373291	0.5	epochs	-1.0
754.1310001373291	0.5	epochs	1.0
754.6310001373291	0.039859999999976026	epochs	1.0
754.6708601373291	2.960119999999961	epochs	0.0
767.1440000534058	0.10000000000002274	epochs	0.0
767.1440000534058	0.04499999999995907	epochs	1.0
767.1890000534057	0.009999999999990905	epochs	1.0
767.1990000534057	0.04500000000007276	epochs	1.0
767.2440000534058	0.500479999999925	epochs	0.0
767.2440000534058	0.5	epochs	-1.0
767.2440000534058	0.5	epochs	1.0
767.7440000534058	0.0004799999999249849	epochs	1.0
767.7444800534057	2.999500000000012	epochs	0.0
768.929000377655	0.10000000000002274	epochs	0.0
768.929000377655	0.04499999999995907	epochs	1.0
768.974000377655	0.009999999999990905	epochs	1.0
768.984000377655	0.04500000000007276	epochs	1.0
769.029000377655	0.5399800000000141	epochs	0.0
769.029000377655	0.5	epochs	-1.0
769.029000377655	0.5	epochs	1.0
769.529000377655	0.039980000000014115	epochs	1.0
769.5689803776551	2.9599999999999227	epochs	0.0
770.7960000038147	0.10000000000002274	epochs	0.0
770.7960000038147	0.04499999999995907	epochs	1.0
770.8410000038147	0.009999999999990905	epochs	1.0
770.8510000038146	0.04500000000007276	epochs	1.0
770.8960000038147	2.5597000000000207	epochs	0.0
770.8960000038147	0.5	epochs	-1.0
770.8960000038147	0.5	epochs	1.0
771.3960000038147	1.0	epochs	1.0
772.3960000038147	1.0597000000000207	epochs	1.0
772.8960000038147	0.5	epochs	-1.0
773.4557000038147	0.9402799999999161	epochs	0.0
774.7630000114441	0.10000000000002274	epochs	0.0
774.7630000114441	0.04499999999995907	epochs	1.0
774.808000011444	0.009999999999990905	epochs	1.0
774.818000011444	0.04500000000007276	epochs	1.0
774.8630000114441	2.500440000000026	epochs	0.0
774.8630000114441	0.5	epochs	-1.0
774.8630000114441	0.5	epochs	1.0
775.3630000114441	1.0	epochs	1.0
776.3630000114441	1.000440000000026	epochs	1.0
776.8630000114441	0.5	epochs	-1.0
777.3634400114441	0.9995399999999108	epochs	0.0
778.5970001220703	0.10000000000002274	epochs	0.0
778.5970001220703	0.04499999999995907	epochs	1.0
778.6420001220703	0.009999999999990905	epochs	1.0
778.6520001220703	0.04500000000007276	epochs	1.0
778.6970001220703	2.520559999999932	epochs	0.0
778.6970001220703	0.5	epochs	-1.0
778.6970001220703	0.5	epochs	1.0
779.1970001220703	1.0	epochs	1.0
780.1970001220703	1.0205599999999322	epochs	1.0
780.6970001220703	0.5	epochs	-1.0
781.2175601220703	0.9794200000000046	epochs	0.0
782.4640002250671	0.10000000000002274	epochs	0.0
782.4640002250671	0.04499999999995907	epochs	1.0
782.5090002250671	0.009999999999990905	epochs	1.0
782.5190002250671	0.04500000000007276	epochs	1.0
782.5640002250672	0.5001199999999244	epochs	0.0
782.5640002250672	0.5	epochs	-1.0
782.5640002250672	0.5	epochs	1.0
783.0640002250672	0.0001199999999244028	epochs	1.0
783.0641202250671	2.9998600000000124	epochs	0.0
784.3140001296997	0.10000000000002274	epochs	0.0
784.3140001296997	0.04499999999995907	epochs	1.0
784.3590001296997	0.009999999999990905	epochs	1.0
784.3690001296997	0.04500000000007276	epochs	1.0
784.4140001296997	0.5397399999999379	epochs	0.0
784.4140001296997	0.5	epochs	-1.0
784.4140001296997	0.5	epochs	1.0
784.9140001296997	0.039739999999937936	epochs	1.0
784.9537401296997	2.960239999999999	epochs	0.0
786.1810002326965	0.10000000000002274	epochs	0.0
786.1810002326965	0.04499999999995907	epochs	1.0
786.2260002326965	0.009999999999990905	epochs	1.0
786.2360002326965	0.04500000000007276	epochs	1.0
786.2810002326966	0.539859999999976	epochs	0.0
786.2810002326966	0.5	epochs	-1.0
786.2810002326966	0.5	epochs	1.0
786.7810002326966	0.039859999999976026	epochs	1.0
786.8208602326965	2.960119999999961	epochs	0.0
788.0470004081726	0.10000000000002274	epochs	0.0
788.0470004081726	0.04499999999995907	epochs	1.0
788.0920004081726	0.009999999999990905	epochs	1.0
788.1020004081726	0.04500000000007276	epochs	1.0
788.1470004081726	0.5399800000000141	epochs	0.0
788.1470004081726	0.5	epochs	-1.0
788.1470004081726	0.5	epochs	1.0
788.6470004081726	0.039980000000014115	epochs	1.0
788.6869804081726	2.9599999999999227	epochs	0.0
790.0070004463196	0.10000000000002274	epochs	0.0
790.0070004463196	0.04499999999995907	epochs	1.0
790.0520004463195	0.009999999999990905	epochs	1.0
790.0620004463195	0.04500000000007276	epochs	1.0
790.1070004463196	0.5	epochs	-1.0
790.1070004463196	0.5	epochs	0.0
790.1070004463196	0.5	epochs	1.0
790.6070004463196	2.999979999999937	epochs	0.0
803.201000213623	0.10000000000002274	epochs	0.0
803.201000213623	0.04499999999995907	epochs	1.0
803.246000213623	0.009999999999990905	epochs	1.0
803.256000213623	0.04500000000007276	epochs	1.0
803.3010002136231	0.5395999999999503	epochs	0.0
803.3010002136231	0.5	epochs	-1.0
803.3010002136231	0.5	epochs	1.0
803.8010002136231	0.03959999999995034	epochs	1.0
803.840600213623	2.9603799999999865	epochs	0.0
805.268000125885	0.10000000000002274	epochs	0.0
805.268000125885	0.04499999999995907	epochs	1.0
805.313000125885	0.009999999999990905	epochs	1.0
805.323000125885	0.04500000000007276	epochs	1.0
805.368000125885	0.5003600000000006	epochs	0.0
805.368000125885	0.5	epochs	-1.0
805.368000125885	0.5	epochs	1.0
805.868000125885	0.0003600000000005821	epochs	1.0
805.868360125885	2.9996199999999362	epochs	0.0
818.4120001792908	0.10000000000002274	epochs	0.0
818.4120001792908	0.04499999999995907	epochs	1.0
818.4570001792907	0.009999999999990905	epochs	1.0
818.4670001792907	0.04500000000007276	epochs	1.0
818.5120001792908	0.5403599999999642	epochs	0.0
818.5120001792908	0.5	epochs	-1.0
818.5120001792908	0.5	epochs	1.0
819.0120001792908	0.0403599999999642	epochs	1.0
819.0523601792908	2.9596199999999726	epochs	0.0
820.4230003356934	0.10000000000002274	epochs	0.0
820.4230003356934	0.04499999999995907	epochs	1.0
820.4680003356933	0.009999999999990905	epochs	1.0
820.4780003356933	0.04500000000007276	epochs	1.0
820.5230003356934	0.5002399999999625	epochs	0.0
820.5230003356934	0.5	epochs	-1.0
820.5230003356934	0.5	epochs	1.0
821.0230003356934	0.00023999999996249244	epochs	1.0
821.0232403356933	2.9997399999999743	epochs	0.0
833.6220002174377	0.10000000000002274	epochs	0.0
833.6220002174377	0.04499999999995907	epochs	1.0
833.6670002174377	0.009999999999990905	epochs	1.0
833.6770002174377	0.04500000000007276	epochs	1.0
833.7220002174378	2.500319999999988	epochs	0.0
833.7220002174378	0.5	epochs	-1.0
833.7220002174378	0.5	epochs	1.0
834.2220002174378	1.0	epochs	1.0
835.2220002174378	1.0003199999999879	epochs	1.0
835.7220002174378	0.5	epochs	-1.0
836.2223202174378	0.9996599999999489	epochs	0.0
837.6720004081726	0.10000000000002274	epochs	0.0
837.6720004081726	0.04499999999995907	epochs	1.0
837.7170004081726	0.009999999999990905	epochs	1.0
837.7270004081726	0.04500000000007276	epochs	1.0
837.7720004081726	0.5	epochs	-1.0
837.7720004081726	0.5	epochs	0.0
837.7720004081726	0.5	epochs	1.0
838.2720004081726	2.999979999999937	epochs	0.0
847.3150000572205	0.10000000000002274	epochs	0.0
847.3150000572205	0.04499999999995907	epochs	1.0
847.3600000572204	0.009999999999990905	epochs	1.0
847.3700000572204	0.04500000000007276	epochs	1.0
847.4150000572205	2.51929999999993	epochs	0.0
847.4150000572205	0.5	epochs	-1.0
847.4150000572205	0.5	epochs	1.0
847.9150000572205	1.0	epochs	1.0
848.9150000572205	1.0192999999999302	epochs	1.0
849.4150000572205	0.5	epochs	-1.0
849.9343000572204	0.9806800000000067	epochs	0.0
851.3250002861023	0.10000000000002274	epochs	0.0
851.3250002861023	0.04499999999995907	epochs	1.0
851.3700002861023	0.009999999999990905	epochs	1.0
851.3800002861022	0.04500000000007276	epochs	1.0
851.4250002861023	3.020520000000033	epochs	0.0
851.4250002861023	0.5	epochs	-1.0
851.4250002861023	0.5	epochs	1.0
851.9250002861023	1.0	epochs	1.0
852.9250002861023	1.5205200000000332	epochs	1.0
853.4250002861023	0.5	epochs	-1.0
853.9250002861023	0.5	epochs	-1.0
854.4455202861024	0.47945999999990363	epochs	0.0
855.8580002784729	0.10000000000002274	epochs	0.0
855.8580002784729	0.04499999999995907	epochs	1.0
855.9030002784729	0.009999999999990905	epochs	1.0
855.9130002784729	0.04500000000007276	epochs	1.0
855.9580002784729	3.020399999999995	epochs	0.0
855.9580002784729	0.5	epochs	-1.0
855.9580002784729	0.5	epochs	1.0
856.4580002784729	1.0	epochs	1.0
857.4580002784729	1.520399999999995	epochs	1.0
857.9580002784729	0.5	epochs	-1.0
858.4580002784729	0.5	epochs	-1.0
858.9784002784729	0.4795799999999417	epochs	0.0
860.4470000267029	0.10000000000002274	epochs	0.0
860.4470000267029	0.04499999999995907	epochs	1.0
860.4920000267028	0.009999999999990905	epochs	1.0
860.5020000267028	0.04500000000007276	epochs	1.0
860.5470000267029	3.0201399999999694	epochs	0.0
860.5470000267029	0.5	epochs	-1.0
860.5470000267029	0.5	epochs	1.0
861.0470000267029	1.0	epochs	1.0
862.0470000267029	1.5201399999999694	epochs	1.0
862.5470000267029	0.5	epochs	-1.0
863.0470000267029	0.5	epochs	-1.0
863.5671400267029	0.4798399999999674	epochs	0.0
864.9970002174377	0.10000000000002274	epochs	0.0
864.9970002174377	0.04499999999995907	epochs	1.0
865.0420002174377	0.009999999999990905	epochs	1.0
865.0520002174377	0.04500000000007276	epochs	1.0
865.0970002174378	3.499979999999937	epochs	0.0
865.0970002174378	0.5	epochs	-1.0
865.0970002174378	0.5	epochs	1.0
865.5970002174378	1.0	epochs	1.0
866.5970002174378	1.9999799999999368	epochs	1.0
867.0970002174378	0.5	epochs	-1.0
867.5970002174378	0.5	epochs	-1.0
870.0870003700256	0.10000000000002274	epochs	0.0
870.0870003700256	0.04499999999995907	epochs	1.0
870.1320003700256	0.009999999999990905	epochs	1.0
870.1420003700256	0.04500000000007276	epochs	1.0
870.1870003700257	0.500479999999925	epochs	0.0
870.1870003700257	0.5	epochs	-1.0
870.1870003700257	0.5	epochs	1.0
870.6870003700257	0.0004799999999249849	epochs	1.0
870.6874803700256	2.999500000000012	epochs	0.0
872.1370000839233	0.10000000000002274	epochs	0.0
872.1370000839233	0.04499999999995907	epochs	1.0
872.1820000839233	0.009999999999990905	epochs	1.0
872.1920000839233	0.04500000000007276	epochs	1.0
872.2370000839234	3.019019999999955	epochs	0.0
872.2370000839234	0.5	epochs	-1.0
872.2370000839234	0.5	epochs	1.0
872.7370000839234	1.0	epochs	1.0
873.7370000839234	1.519019999999955	epochs	1.0
874.2370000839234	0.5	epochs	-1.0
874.7370000839234	0.5	epochs	-1.0
875.2560200839233	0.48095999999998185	epochs	0.0
888.3600001335144	0.6499800000000278	epochs	0.0
888.3600001335144	0.049999999999954525	epochs	1.0
888.4100001335144	0.5	epochs	1.0
888.9100001335144	0.09998000000007323	epochs	1.0
890.5470004081726	0.6499800000000278	epochs	0.0
890.5470004081726	0.049999999999954525	epochs	1.0
890.5970004081726	0.5	epochs	1.0
891.0970004081726	0.09998000000007323	epochs	1.0
892.6800003051758	0.6499800000000278	epochs	0.0
892.6800003051758	0.049999999999954525	epochs	1.0
892.7300003051757	0.5	epochs	1.0
893.2300003051757	0.09998000000007323	epochs	1.0
894.8300004005432	0.6499800000000278	epochs	0.0
894.8300004005432	0.049999999999954525	epochs	1.0
894.8800004005432	0.5	epochs	1.0
895.3800004005432	0.09998000000007323	epochs	1.0
896.9800000190735	0.6499800000000278	epochs	0.0
896.9800000190735	0.049999999999954525	epochs	1.0
897.0300000190734	0.5	epochs	1.0
897.5300000190734	0.09998000000007323	epochs	1.0
899.1920003890991	0.6499800000000278	epochs	0.0
899.1920003890991	0.049999999999954525	epochs	1.0
899.2420003890991	0.5	epochs	1.0
899.7420003890991	0.09998000000007323	epochs	1.0
901.4920001029968	0.10000000000002274	epochs	0.0
901.4920001029968	0.04499999999995907	epochs	1.0
901.5370001029968	0.009999999999990905	epochs	1.0
901.5470001029968	0.04500000000007276	epochs	1.0
901.5920001029968	3.520219999999995	epochs	0.0
901.5920001029968	0.5	epochs	-1.0
901.5920001029968	0.5	epochs	1.0
902.0920001029968	1.0	epochs	1.0
903.0920001029968	2.020219999999995	epochs	1.0
903.5919999029968	0.5	epochs	-1.0
904.0919999029968	0.5	epochs	-1.0
904.5919999029968	0.5	epochs	-1.0
905.1122201029968	1.979759999999942	epochs	0.0
906.8920001983643	0.10000000000002274	epochs	0.0
906.8920001983643	0.04499999999995907	epochs	1.0
906.9370001983642	0.009999999999990905	epochs	1.0
906.9470001983642	0.04500000000007276	epochs	1.0
906.9920001983643	2.519800000000032	epochs	0.0
906.9920001983643	0.5	epochs	-1.0
906.9920001983643	0.5	epochs	1.0
907.4920001983643	1.0	epochs	1.0
908.4920001983643	1.019800000000032	epochs	1.0
908.9919998983643	0.5	epochs	-1.0
909.5118001983643	2.980179999999905	epochs	0.0
912.1350002288818	0.10000000000002274	epochs	0.0
912.1350002288818	0.04499999999995907	epochs	1.0
912.1800002288818	0.009999999999990905	epochs	1.0
912.1900002288818	0.04500000000007276	epochs	1.0
912.2350002288819	0.5001199999999244	epochs	0.0
912.2350002288819	0.5	epochs	-1.0
912.2350002288819	0.5	epochs	1.0
912.7350002288819	0.0001199999999244028	epochs	1.0
912.7351202288818	4.999860000000012	epochs	0.0
917.3180003166199	0.10000000000002274	epochs	0.0
917.3180003166199	0.04499999999995907	epochs	1.0
917.3630003166198	0.009999999999990905	epochs	1.0
917.3730003166198	0.04500000000007276	epochs	1.0
917.4180003166199	2.5194400000000314	epochs	0.0
917.4180003166199	0.5	epochs	-1.0
917.4180003166199	0.5	epochs	1.0
917.9180003166199	1.0	epochs	1.0
918.9180003166199	1.0194400000000314	epochs	1.0
919.4180001166199	0.5	epochs	-1.0
919.9374403166199	2.9805399999999054	epochs	0.0
922.5320000648499	0.10000000000002274	epochs	0.0
922.5320000648499	0.04499999999995907	epochs	1.0
922.5770000648498	0.009999999999990905	epochs	1.0
922.5870000648498	0.04500000000007276	epochs	1.0
922.6320000648499	2.5599399999999832	epochs	0.0
922.6320000648499	0.5	epochs	-1.0
922.6320000648499	0.5	epochs	1.0
923.1320000648499	1.0	epochs	1.0
924.1320000648499	1.0599399999999832	epochs	1.0
924.6319998648498	0.5	epochs	-1.0
925.1919400648499	2.9400399999999536	epochs	0.0
927.6990003585815	0.10000000000002274	epochs	0.0
927.6990003585815	0.04499999999995907	epochs	1.0
927.7440003585815	0.009999999999990905	epochs	1.0
927.7540003585815	0.04500000000007276	epochs	1.0
927.7990003585816	0.5387399999999616	epochs	0.0
927.7990003585816	0.5	epochs	-1.0
927.7990003585816	0.5	epochs	1.0
928.2990003585816	0.03873999999996158	epochs	1.0
928.3377403585815	5.961239999999975	epochs	0.0
929.8870000839233	0.10000000000002274	epochs	0.0
929.8870000839233	0.04499999999995907	epochs	1.0
929.9320000839233	0.009999999999990905	epochs	1.0
929.9420000839233	0.04500000000007276	epochs	1.0
929.9870000839234	0.5399800000000141	epochs	0.0
929.9870000839234	0.5	epochs	-1.0
929.9870000839234	0.5	epochs	1.0
930.4870000839234	0.039980000000014115	epochs	1.0
930.5269800839234	5.959999999999923	epochs	0.0
932.1040000915527	0.10000000000002274	epochs	0.0
932.1040000915527	0.04499999999995907	epochs	1.0
932.1490000915527	0.009999999999990905	epochs	1.0
932.1590000915527	0.04500000000007276	epochs	1.0
932.2040000915528	0.5003799999999501	epochs	0.0
932.2040000915528	0.5	epochs	-1.0
932.2040000915528	0.5	epochs	1.0
932.7040000915528	0.00037999999995008693	epochs	1.0
932.7043800915527	5.999599999999987	epochs	0.0
948.2770004272461	0.10000000000002274	epochs	0.0
948.2770004272461	0.04499999999995907	epochs	1.0
948.322000427246	0.009999999999990905	epochs	1.0
948.332000427246	0.04500000000007276	epochs	1.0
948.3770004272461	5.020340000000033	epochs	0.0
948.3770004272461	0.5	epochs	-1.0
948.3770004272461	0.5	epochs	1.0
948.8770004272461	1.0	epochs	1.0
949.8770004272461	3.520340000000033	epochs	1.0
950.3770004272461	0.5	epochs	-1.0
950.8770004272461	0.5	epochs	-1.0
951.3770004272461	0.5	epochs	-1.0
951.8770004272461	0.5	epochs	-1.0
952.3770004272461	0.5	epochs	-1.0
952.8770004272461	0.5	epochs	-1.0
953.3973404272461	1.479639999999904	epochs	0.0
955.4420003890991	0.10000000000002274	epochs	0.0
955.4420003890991	0.04499999999995907	epochs	1.0
955.4870003890991	0.009999999999990905	epochs	1.0
955.4970003890991	0.04500000000007276	epochs	1.0
955.5420003890991	0.5395999999999503	epochs	0.0
955.5420003890991	0.5	epochs	-1.0
955.5420003890991	0.5	epochs	1.0
956.0420003890991	0.03959999999995034	epochs	1.0
956.0816003890991	5.9603799999999865	epochs	0.0
957.7250003814697	0.10000000000002274	epochs	0.0
957.7250003814697	0.04499999999995907	epochs	1.0
957.7700003814697	0.009999999999990905	epochs	1.0
957.7800003814697	0.04500000000007276	epochs	1.0
957.8250003814697	0.5004999999999882	epochs	0.0
957.8250003814697	0.5	epochs	-1.0
957.8250003814697	0.5	epochs	1.0
958.3250003814697	0.0004999999999881766	epochs	1.0
958.3255003814697	5.999479999999949	epochs	0.0
959.9310002326965	0.10000000000002274	epochs	0.0
959.9310002326965	0.04499999999995907	epochs	1.0
959.9760002326965	0.009999999999990905	epochs	1.0
959.9860002326965	0.04500000000007276	epochs	1.0
960.0310002326966	0.500220000000013	epochs	0.0
960.0310002326966	0.5	epochs	-1.0
960.0310002326966	0.5	epochs	1.0
960.5310002326966	0.00022000000001298758	epochs	1.0
960.5312202326966	5.999759999999924	epochs	0.0
962.1640000343323	0.10000000000002274	epochs	0.0
962.1640000343323	0.04499999999995907	epochs	1.0
962.2090000343322	0.009999999999990905	epochs	1.0
962.2190000343322	0.04500000000007276	epochs	1.0
962.2640000343323	5.539679999999976	epochs	0.0
962.2640000343323	0.5	epochs	-1.0
962.2640000343323	0.5	epochs	1.0
962.7640000343323	1.0	epochs	1.0
963.7640000343323	4.039679999999976	epochs	1.0
964.2640000343323	0.5	epochs	-1.0
964.7640000343323	0.5	epochs	-1.0
965.2640000343323	0.5	epochs	-1.0
965.7640000343323	0.5	epochs	-1.0
966.2640000343323	0.5	epochs	-1.0
966.7640000343323	0.5	epochs	-1.0
967.2640000343323	0.5	epochs	-1.0
967.8036800343323	0.9602999999999611	epochs	0.0
969.8070001602173	0.10000000000002274	epochs	0.0
969.8070001602173	0.04499999999995907	epochs	1.0
969.8520001602172	0.009999999999990905	epochs	1.0
969.8620001602172	0.04500000000007276	epochs	1.0
969.9070001602173	4.519900000000007	epochs	0.0
969.9070001602173	0.5	epochs	-1.0
969.9070001602173	0.5	epochs	1.0
970.4070001602173	1.0	epochs	1.0
971.4070001602173	3.019900000000007	epochs	1.0
971.9070001602173	0.5	epochs	-1.0
972.4070001602173	0.5	epochs	-1.0
972.9070001602173	0.5	epochs	-1.0
973.4070001602173	0.5	epochs	-1.0
973.9070001602173	0.5	epochs	-1.0
974.4269001602173	1.98007999999993	epochs	0.0
976.1230001449585	0.10000000000002274	epochs	0.0
976.1230001449585	0.04499999999995907	epochs	1.0
976.1680001449585	0.009999999999990905	epochs	1.0
976.1780001449584	0.04500000000007276	epochs	1.0
976.2230001449585	0.5399800000000141	epochs	0.0
976.2230001449585	0.5	epochs	-1.0
976.2230001449585	0.5	epochs	1.0
976.7230001449585	0.039980000000014115	epochs	1.0
976.7629801449585	5.959999999999923	epochs	0.0
978.5070004463196	0.10000000000002274	epochs	0.0
978.5070004463196	0.04499999999995907	epochs	1.0
978.5520004463195	0.009999999999990905	epochs	1.0
978.5620004463195	0.04500000000007276	epochs	1.0
978.6070004463196	6.0398799999999255	epochs	0.0
978.6070004463196	0.5	epochs	-1.0
978.6070004463196	0.5	epochs	1.0
979.1070004463196	1.0	epochs	1.0
980.1070004463196	4.5398799999999255	epochs	1.0
980.6070004463196	0.5	epochs	-1.0
981.1070004463196	0.5	epochs	-1.0
981.6070004463196	0.5	epochs	-1.0
982.1070004463196	0.5	epochs	-1.0
982.6070004463196	0.5	epochs	-1.0
983.1070004463196	0.5	epochs	-1.0
983.6070004463196	0.5	epochs	-1.0
984.1070004463196	0.5	epochs	-1.0
984.6468804463195	0.4601000000000113	epochs	0.0
986.6770000457764	0.10000000000002274	epochs	0.0
986.6770000457764	0.04499999999995907	epochs	1.0
986.7220000457763	0.009999999999990905	epochs	1.0
986.7320000457763	0.04500000000007276	epochs	1.0
986.7770000457764	0.5399800000000141	epochs	0.0
986.7770000457764	0.5	epochs	-1.0
986.7770000457764	0.5	epochs	1.0
987.2770000457764	0.039980000000014115	epochs	1.0
987.3169800457764	5.959999999999923	epochs	0.0
988.9940004348755	0.10000000000002274	epochs	0.0
988.9940004348755	0.04499999999995907	epochs	1.0
989.0390004348754	0.009999999999990905	epochs	1.0
989.0490004348754	0.04500000000007276	epochs	1.0
989.0940004348755	6.499979999999937	epochs	0.0
989.0940004348755	0.5	epochs	-1.0
989.0940004348755	0.5	epochs	1.0
989.5940004348755	1.0	epochs	1.0
990.5940004348755	4.999979999999937	epochs	1.0
991.0940004348755	0.5	epochs	-1.0
991.5940004348755	0.5	epochs	-1.0
992.0940004348755	0.5	epochs	-1.0
992.5940004348755	0.5	epochs	-1.0
993.0940004348755	0.5	epochs	-1.0
993.5940004348755	0.5	epochs	-1.0
994.0940004348755	0.5	epochs	-1.0
994.5940004348755	0.5	epochs	-1.0
997.469000339508	0.10000000000002274	epochs	0.0
997.469000339508	0.04499999999995907	epochs	1.0
997.514000339508	0.009999999999990905	epochs	1.0
997.524000339508	0.04500000000007276	epochs	1.0
997.5690003395081	0.5002399999999625	epochs	0.0
997.5690003395081	0.5	epochs	-1.0
997.5690003395081	0.5	epochs	1.0
998.0690003395081	0.00023999999996249244	epochs	1.0
998.069240339508	5.999739999999974	epochs	0.0
1050.4900002479553	0.09999999999990905	epochs	0.0
1050.4900002479553	0.04500000000007276	epochs	1.0
1050.5350002479554	0.009999999999990905	epochs	1.0
1050.5450002479554	0.044999999999845386	epochs	1.0
1050.5900002479552	4.019320000000107	epochs	0.0
1050.5900002479552	0.5	epochs	-1.0
1050.5900002479552	0.5	epochs	1.0
1051.0900002479552	1.0	epochs	1.0
1052.0900002479552	2.519320000000107	epochs	1.0
1052.5900002479552	0.5	epochs	-1.0
1053.0900002479552	0.5	epochs	-1.0
1053.5900002479552	0.5	epochs	-1.0
1054.0900002479552	0.5	epochs	-1.0
1054.6093202479553	2.4806599999999435	epochs	0.0
1056.4070000648499	0.09999999999990905	epochs	0.0
1056.4070000648499	0.04500000000007276	epochs	1.0
1056.45200006485	0.009999999999990905	epochs	1.0
1056.46200006485	0.044999999999845386	epochs	1.0
1056.5070000648498	5.54004000000009	epochs	0.0
1056.5070000648498	0.5	epochs	-1.0
1056.5070000648498	0.5	epochs	1.0
1057.0070000648498	1.0	epochs	1.0
1058.0070000648498	4.04004000000009	epochs	1.0
1058.5070000648498	0.5	epochs	-1.0
1059.0070000648498	0.5	epochs	-1.0
1059.5070000648498	0.5	epochs	-1.0
1060.0070000648498	0.5	epochs	-1.0
1060.5070000648498	0.5	epochs	-1.0
1061.0070000648498	0.5	epochs	-1.0
1061.5070000648498	0.5	epochs	-1.0
1062.0470400648499	0.9599399999999605	epochs	0.0
1063.7980003356934	0.09999999999990905	epochs	0.0
1063.7980003356934	0.04500000000007276	epochs	1.0
1063.8430003356934	0.009999999999990905	epochs	1.0
1063.8530003356934	0.044999999999845386	epochs	1.0
1063.8980003356933	0.5386000000000877	epochs	0.0
1063.8980003356933	0.5	epochs	-1.0
1063.8980003356933	0.5	epochs	1.0
1064.3980003356933	0.038600000000087675	epochs	1.0
1064.4366003356934	5.961379999999963	epochs	0.0
1066.1650004386902	0.09999999999990905	epochs	0.0
1066.1650004386902	0.04500000000007276	epochs	1.0
1066.2100004386903	0.009999999999990905	epochs	1.0
1066.2200004386902	0.044999999999845386	epochs	1.0
1066.26500043869	4.019560000000183	epochs	0.0
1066.26500043869	0.5	epochs	-1.0
1066.26500043869	0.5	epochs	1.0
1066.76500043869	1.0	epochs	1.0
1067.76500043869	2.519560000000183	epochs	1.0
1068.26500043869	0.5	epochs	-1.0
1068.76500043869	0.5	epochs	-1.0
1069.26500043869	0.5	epochs	-1.0
1069.76500043869	0.5	epochs	-1.0
1070.2845604386903	2.4804199999998673	epochs	0.0
1072.0740003585815	0.09999999999990905	epochs	0.0
1072.0740003585815	0.04500000000007276	epochs	1.0
1072.1190003585816	0.009999999999990905	epochs	1.0
1072.1290003585816	0.044999999999845386	epochs	1.0
1072.1740003585815	0.5397400000001653	epochs	0.0
1072.1740003585815	0.5	epochs	-1.0
1072.1740003585815	0.5	epochs	1.0
1072.6740003585815	0.03974000000016531	epochs	1.0
1072.7137403585816	5.960239999999885	epochs	0.0
1074.4570002555847	0.09999999999990905	epochs	0.0
1074.4570002555847	0.04500000000007276	epochs	1.0
1074.5020002555848	0.009999999999990905	epochs	1.0
1074.5120002555848	0.044999999999845386	epochs	1.0
1074.5570002555846	0.539600000000064	epochs	0.0
1074.5570002555846	0.5	epochs	-1.0
1074.5570002555846	0.5	epochs	1.0
1075.0570002555846	0.03960000000006403	epochs	1.0
1075.0966002555847	5.9603799999999865	epochs	0.0
1090.5620002746582	0.09999999999990905	epochs	0.0
1090.5620002746582	0.04500000000007276	epochs	1.0
1090.6070002746583	0.009999999999990905	epochs	1.0
1090.6170002746583	0.044999999999845386	epochs	1.0
1090.662000274658	0.5397400000001653	epochs	0.0
1090.662000274658	0.5	epochs	-1.0
1090.662000274658	0.5	epochs	1.0
1091.162000274658	0.03974000000016531	epochs	1.0
1091.2017402746583	5.960239999999885	epochs	0.0
1093.0120000839233	0.09999999999990905	epochs	0.0
1093.0120000839233	0.04500000000007276	epochs	1.0
1093.0570000839234	0.009999999999990905	epochs	1.0
1093.0670000839234	0.044999999999845386	epochs	1.0
1093.1120000839232	5.019840000000158	epochs	0.0
1093.1120000839232	0.5	epochs	-1.0
1093.1120000839232	0.5	epochs	1.0
1093.6120000839232	1.0	epochs	1.0
1094.6120000839232	3.5198400000001584	epochs	1.0
1095.1120000839232	0.5	epochs	-1.0
1095.6120000839232	0.5	epochs	-1.0
1096.1120000839232	0.5	epochs	-1.0
1096.6120000839232	0.5	epochs	-1.0
1097.1120000839232	0.5	epochs	-1.0
1097.6120000839232	0.5	epochs	-1.0
1098.1318400839234	1.480139999999892	epochs	0.0
1099.9570002555847	0.09999999999990905	epochs	0.0
1099.9570002555847	0.04500000000007276	epochs	1.0
1100.0020002555848	0.009999999999990905	epochs	1.0
1100.0120002555848	0.044999999999845386	epochs	1.0
1100.0570002555846	3.019760000000133	epochs	0.0
1100.0570002555846	0.5	epochs	-1.0
1100.0570002555846	0.5	epochs	1.0
1100.5570002555846	1.0	epochs	1.0
1101.5570002555846	1.519760000000133	epochs	1.0
1102.0570002555846	0.5	epochs	-1.0
1102.5570002555846	0.5	epochs	-1.0
1103.0767602555848	3.4802199999999175	epochs	0.0
1104.9739999771118	0.09999999999990905	epochs	0.0
1104.9739999771118	0.04500000000007276	epochs	1.0
1105.018999977112	0.009999999999990905	epochs	1.0
1105.0289999771119	0.044999999999845386	epochs	1.0
1105.0739999771117	0.5002400000000762	epochs	0.0
1105.0739999771117	0.5	epochs	-1.0
1105.0739999771117	0.5	epochs	1.0
1105.5739999771117	0.00024000000007617928	epochs	1.0
1105.5742399771118	5.999739999999974	epochs	0.0
1121.1770000457764	0.09999999999990905	epochs	0.0
1121.1770000457764	0.04500000000007276	epochs	1.0
1121.2220000457764	0.009999999999990905	epochs	1.0
1121.2320000457764	0.044999999999845386	epochs	1.0
1121.2770000457763	0.5399800000000141	epochs	0.0
1121.2770000457763	0.5	epochs	-1.0
1121.2770000457763	0.5	epochs	1.0
1121.7770000457763	0.039980000000014115	epochs	1.0
1121.8169800457763	5.960000000000036	epochs	0.0
1137.3790001869202	0.09999999999990905	epochs	0.0
1137.3790001869202	0.04500000000007276	epochs	1.0
1137.4240001869202	0.009999999999990905	epochs	1.0
1137.4340001869202	0.044999999999845386	epochs	1.0
1137.47900018692	0.5396200000000135	epochs	0.0
1137.47900018692	0.5	epochs	-1.0
1137.47900018692	0.5	epochs	1.0
1137.97900018692	0.03962000000001353	epochs	1.0
1138.01862018692	5.960360000000037	epochs	0.0
1139.8300004005432	0.09999999999990905	epochs	0.0
1139.8300004005432	0.04500000000007276	epochs	1.0
1139.8750004005433	0.009999999999990905	epochs	1.0
1139.8850004005433	0.044999999999845386	epochs	1.0
1139.9300004005431	4.519520000000057	epochs	0.0
1139.9300004005431	0.5	epochs	-1.0
1139.9300004005431	0.5	epochs	1.0
1140.4300004005431	1.0	epochs	1.0
1141.4300004005431	3.019520000000057	epochs	1.0
1141.9300004005431	0.5	epochs	-1.0
1142.4300004005431	0.5	epochs	-1.0
1142.9300004005431	0.5	epochs	-1.0
1143.4300004005431	0.5	epochs	-1.0
1143.9300004005431	0.5	epochs	-1.0
1144.4495204005432	1.9804599999999937	epochs	0.0
1146.4970002174377	0.1529800000000705	epochs	0.0
1146.4970002174377	0.049999999999954525	epochs	1.0
1146.5470002174377	0.003000000000156433	epochs	1.0
1146.5500002174379	0.09997999999995955	epochs	1.0
1148.5640001296997	0.1529800000000705	epochs	0.0
1148.5640001296997	0.049999999999954525	epochs	1.0
1148.6140001296997	0.003000000000156433	epochs	1.0
1148.6170001296998	0.09997999999995955	epochs	1.0
1150.5120000839233	0.1529800000000705	epochs	0.0
1150.5120000839233	0.049999999999954525	epochs	1.0
1150.5620000839233	0.003000000000156433	epochs	1.0
1150.5650000839235	0.09997999999995955	epochs	1.0
1152.5460000038147	0.1529800000000705	epochs	0.0
1152.5460000038147	0.049999999999954525	epochs	1.0
1152.5960000038147	0.003000000000156433	epochs	1.0
1152.5990000038148	0.09997999999995955	epochs	1.0
1154.5620002746582	0.1529800000000705	epochs	0.0
1154.5620002746582	0.049999999999954525	epochs	1.0
1154.6120002746582	0.003000000000156433	epochs	1.0
1154.6150002746583	0.09997999999995955	epochs	1.0
1156.611999988556	0.1529800000000705	epochs	0.0
1156.611999988556	0.049999999999954525	epochs	1.0
1156.6619999885559	0.003000000000156433	epochs	1.0
1156.664999988556	0.09997999999995955	epochs	1.0
1158.5789999961853	0.1529800000000705	epochs	0.0
1158.5789999961853	0.049999999999954525	epochs	1.0
1158.6289999961853	0.003000000000156433	epochs	1.0
1158.6319999961854	0.09997999999995955	epochs	1.0
1160.611999988556	0.1529800000000705	epochs	0.0
1160.611999988556	0.049999999999954525	epochs	1.0
1160.6619999885559	0.003000000000156433	epochs	1.0
1160.664999988556	0.09997999999995955	epochs	1.0
1162.795000076294	0.09999999999990905	epochs	0.0
1162.795000076294	0.04500000000007276	epochs	1.0
1162.840000076294	0.009999999999990905	epochs	1.0
1162.850000076294	0.044999999999845386	epochs	1.0
1162.8950000762939	0.5005000000001019	epochs	0.0
1162.8950000762939	0.5	epochs	-1.0
1162.8950000762939	0.5	epochs	1.0
1163.3950000762939	0.0005000000001018634	epochs	1.0
1163.395500076294	1.1024800000000141	epochs	0.0
1165.2290000915527	0.09999999999990905	epochs	0.0
1165.2290000915527	0.04500000000007276	epochs	1.0
1165.2740000915528	0.009999999999990905	epochs	1.0
1165.2840000915528	0.044999999999845386	epochs	1.0
1165.3290000915526	0.5397400000001653	epochs	0.0
1165.3290000915526	0.5	epochs	-1.0
1165.3290000915526	0.5	epochs	1.0
1165.8290000915526	0.003000000000156433	epochs	1.0
1165.8320000915528	0.03674000000000888	epochs	1.0
1165.8687400915528	1.0632399999999507	epochs	0.0
1167.7120003700256	0.09999999999990905	epochs	0.0
1167.7120003700256	0.04500000000007276	epochs	1.0
1167.7570003700257	0.009999999999990905	epochs	1.0
1167.7670003700257	0.044999999999845386	epochs	1.0
1167.8120003700255	1.5401600000000144	epochs	0.0
1167.8120003700255	0.5	epochs	-1.0
1167.8120003700255	0.5	epochs	1.0
1168.3120003700255	0.003000000000156433	epochs	1.0
1168.3150003700257	1.037159999999858	epochs	1.0
1168.8150003700257	0.5	epochs	-1.0
1169.3521603700256	0.06282000000010157	epochs	0.0
1171.2310004234314	0.09999999999990905	epochs	0.0
1171.2310004234314	0.04500000000007276	epochs	1.0
1171.2760004234315	0.009999999999990905	epochs	1.0
1171.2860004234315	0.044999999999845386	epochs	1.0
1171.3310004234313	0.5	epochs	-1.0
1171.3310004234313	0.5	epochs	0.0
1171.3310004234313	0.5	epochs	1.0
1171.8310004234313	1.102980000000116	epochs	0.0
1173.6810002326965	0.09999999999990905	epochs	0.0
1173.6810002326965	0.04500000000007276	epochs	1.0
1173.7260002326966	0.009999999999990905	epochs	1.0
1173.7360002326966	0.044999999999845386	epochs	1.0
1173.7810002326964	1.559900000000198	epochs	0.0
1173.7810002326964	0.5	epochs	-1.0
1173.7810002326964	0.5	epochs	1.0
1174.2810002326964	0.003000000000156433	epochs	1.0
1174.2840002326966	1.0569000000000415	epochs	1.0
1174.7840002326966	0.5	epochs	-1.0
1175.3409002326966	0.04307999999991807	epochs	0.0
1177.2140002250671	0.09999999999990905	epochs	0.0
1177.2140002250671	0.04500000000007276	epochs	1.0
1177.2590002250672	0.009999999999990905	epochs	1.0
1177.2690002250672	0.044999999999845386	epochs	1.0
1177.314000225067	1.5404000000000906	epochs	0.0
1177.314000225067	0.5	epochs	-1.0
1177.314000225067	0.5	epochs	1.0
1177.814000225067	0.003000000000156433	epochs	1.0
1177.8170002250672	1.0373999999999342	epochs	1.0
1178.3170002250672	0.5	epochs	-1.0
1178.8544002250671	0.0625800000000254	epochs	0.0
1191.1690001487732	0.09999999999990905	epochs	0.0
1191.1690001487732	0.04500000000007276	epochs	1.0
1191.2140001487733	0.009999999999990905	epochs	1.0
1191.2240001487733	0.044999999999845386	epochs	1.0
1191.269000148773	2.0	epochs	0.0
1193.269000148773	5.399760000000015	epochs	0.0
1193.269000148773	1.0	epochs	1.0
1193.269000148773	0.5	epochs	-1.0
1193.769000148773	4.899760000000015	epochs	-1.0
1194.269000148773	4.399760000000015	epochs	1.0
1194.269000148773	4.356753900000058	epochs	-1.0
1194.269000148773	1.9745872000000873	epochs	2.0
1194.269000148773	1.0985622000000603	epochs	3.0
1195.3675623487732	0.8760250000000269	epochs	3.0
1196.2435873487732	1.3524075000000266	epochs	2.0
1196.2435873487732	0.7286355000001095	epochs	3.0
1196.9722228487733	0.6237719999999172	epochs	3.0
1197.5959948487732	1.029759199999944	epochs	2.0
1197.5959948487732	0.5453293000000485	epochs	3.0
1198.1413241487733	0.4844298999998955	epochs	3.0
1198.6257540487732	0.04300609999995686	epochs	2.0
1198.6257540487732	0.04300609999995686	epochs	3.0
1198.6687601487731	16.600160000000187	epochs	0.0
1200.9920001029968	0.09999999999990905	epochs	0.0
1200.9920001029968	0.04500000000007276	epochs	1.0
1201.037000102997	0.009999999999990905	epochs	1.0
1201.047000102997	0.044999999999845386	epochs	1.0
1201.0920001029967	2.0	epochs	0.0
1203.0920001029967	21.520080000000007	epochs	0.0
1203.0920001029967	1.0	epochs	1.0
1203.0920001029967	0.5	epochs	-1.0
1203.5920001029967	19.995840000000044	epochs	-1.0
1204.0920001029967	20.0	epochs	1.0
1204.0920001029967	4.356753900000058	epochs	-1.0
1204.0920001029967	1.9745872000000873	epochs	2.0
1204.0920001029967	1.0985622000000603	epochs	3.0
1205.1905623029968	0.8760250000000269	epochs	3.0
1206.0665873029968	1.3524075000000266	epochs	2.0
1206.0665873029968	0.7286355000001095	epochs	3.0
1206.795222802997	0.6237719999999172	epochs	3.0
1207.4189948029968	1.029759199999944	epochs	2.0
1207.4189948029968	0.5453293000000485	epochs	3.0
1207.964324102997	0.4844298999998955	epochs	3.0
1208.4487540029968	0.8317862000001242	epochs	2.0
1208.4487540029968	0.4357763000000432	epochs	3.0
1208.8845303029968	0.39600990000008096	epochs	3.0
1209.280540202997	0.6977969999998095	epochs	2.0
1209.280540202997	0.3628982000000178	epochs	3.0
1209.643438402997	0.33489879999979166	epochs	3.0
1209.9783372029967	0.601045699999986	epochs	2.0
1209.9783372029967	0.3109123000001546	epochs	3.0
1210.2892495029969	0.29013339999983145	epochs	3.0
1210.5793829029967	0.5278859000000011	epochs	2.0
1210.5793829029967	0.2719586000000618	epochs	3.0
1210.8513415029968	0.25592729999993935	epochs	3.0
1211.1072688029967	0.4706193000001804	epochs	2.0
1211.1072688029967	0.24168130000020938	epochs	3.0
1211.348950102997	0.228937999999971	epochs	3.0
1211.577888102997	0.42457039999999324	epochs	2.0
1211.577888102997	0.21747140000002219	epochs	3.0
1211.795359502997	0.20709899999997106	epochs	3.0
1212.002458502997	0.3867353999999068	epochs	2.0
1212.002458502997	0.19767109999997956	epochs	3.0
1212.2001296029969	0.18906429999992724	epochs	3.0
1212.3891939029968	0.35509530000013	epochs	2.0
1212.3891939029968	0.18117589999997108	epochs	3.0
1212.5703698029968	0.17391940000015893	epochs	3.0
1212.744289202997	0.3282431000000088	epochs	2.0
1212.744289202997	0.16722189999995862	epochs	3.0
1212.9115111029969	0.16102120000005016	epochs	3.0
1213.072532302997	0.3051679999998669	epochs	2.0
1213.072532302997	0.15526389999990897	epochs	3.0
1213.2277962029968	0.1499040999999579	epochs	3.0
1213.3777003029968	0.28512530000011793	epochs	2.0
1213.3777003029968	0.1449021000000812	epochs	3.0
1213.5226024029969	0.14022320000003674	epochs	3.0
1213.662825602997	0.2675537999998596	epochs	2.0
1213.662825602997	0.1358368999999584	epochs	3.0
1213.7986625029969	0.13171689999990122	epochs	3.0
1213.9303794029968	0.25202290000015637	epochs	2.0
1213.9303794029968	0.1278393000000051	epochs	3.0
1214.0582187029968	0.12418360000015127	epochs	3.0
1214.182402302997	0.23819649999995818	epochs	2.0
1214.182402302997	0.1207310999998299	epochs	3.0
1214.3031334029968	0.11746540000012828	epochs	3.0
1214.420598802997	0.22580879999986792	epochs	2.0
1214.420598802997	0.1143718999999237	epochs	3.0
1214.5349707029968	0.11143689999994422	epochs	3.0
1214.6464076029968	0.2146460000001298	epochs	2.0
1214.6464076029968	0.10864890000016203	epochs	3.0
1214.755056502997	0.10599709999996776	epochs	3.0
1214.861053602997	0.2045349999998507	epochs	2.0
1214.861053602997	0.1034714999998414	epochs	3.0
1214.9645251029967	0.1010635000000093	epochs	3.0
1215.0655886029967	0.19533400000000256	epochs	2.0
1215.0655886029967	0.09876510000003691	epochs	3.0
1215.1643537029968	0.09656889999996565	epochs	3.0
1215.2609226029967	0.18692529999998442	epochs	2.0
1215.2609226029967	0.09446830000001682	epochs	3.0
1215.3553909029968	0.09245699999996759	epochs	3.0
1215.4478479029967	0.1792107000001124	epochs	2.0
1215.4478479029967	0.0905296000000817	epochs	3.0
1215.5383775029968	0.08868110000003071	epochs	3.0
1215.6270586029968	0.17210769999996955	epochs	2.0
1215.6270586029968	0.08690630000000965	epochs	3.0
1215.7139649029968	0.0852013999999599	epochs	3.0
1215.7991663029968	0.16554640000003928	epochs	2.0
1215.7991663029968	0.08356189999994967	epochs	3.0
1215.8827282029968	0.08198450000008961	epochs	3.0
1215.9647127029968	0.15946710000002895	epochs	2.0
1215.9647127029968	0.08046539999986635	epochs	3.0
1216.0451781029967	0.0790017000001626	epochs	3.0
1216.1241798029969	0.1538183999998637	epochs	2.0
1216.1241798029969	0.07759009999995214	epochs	3.0
1216.2017699029968	0.07622829999991154	epochs	3.0
1216.2779982029967	0.14855640000018866	epochs	2.0
1216.2779982029967	0.07491330000016205	epochs	3.0
1216.352911502997	0.0736431000000266	epochs	3.0
1216.426554602997	0.1436423999998624	epochs	2.0
1216.426554602997	0.07241499999986445	epochs	3.0
1216.4989696029968	0.07122739999999794	epochs	3.0
1216.5701970029968	0.13904309999998077	epochs	2.0
1216.5701970029968	0.07007799999996678	epochs	3.0
1216.6402750029968	0.06896510000001399	epochs	3.0
1216.7092401029968	0.1347293000001173	epochs	2.0
1216.7092401029968	0.0678871000000072	epochs	3.0
1216.7771272029968	0.0668422000001101	epochs	3.0
1216.843969402997	0.1306752000000415	epochs	2.0
1216.843969402997	0.06582909999997355	epochs	3.0
1216.9097985029969	0.06484610000006796	epochs	3.0
1216.974644602997	0.1268577999999252	epochs	2.0
1216.974644602997	0.06389199999989614	epochs	3.0
1217.0385366029968	0.06296580000002905	epochs	3.0
1217.1015024029969	0.12325719999989815	epochs	2.0
1217.1015024029969	0.06206580000002759	epochs	3.0
1217.1635682029969	0.061191399999870555	epochs	3.0
1217.2247596029968	0.11985540000000583	epochs	2.0
1217.2247596029968	0.060341099999959624	epochs	3.0
1217.2851007029967	0.059514300000046205	epochs	3.0
1217.3446150029968	0.11663620000012997	epochs	2.0
1217.3446150029968	0.05870960000015657	epochs	3.0
1217.403324602997	0.057926599999973405	epochs	3.0
1217.461251202997	0.11358559999985118	epochs	2.0
1217.461251202997	0.05716419999998834	epochs	3.0
1217.5184154029969	0.05642139999986284	epochs	3.0
1217.5748368029967	0.11069050000014613	epochs	2.0
1217.5748368029967	0.055697900000041045	epochs	3.0
1217.6305347029968	0.054992600000105085	epochs	3.0
1217.685527302997	0.10793909999983953	epochs	2.0
1217.685527302997	0.05430490000003374	epochs	3.0
1217.739832202997	0.05363419999980579	epochs	3.0
1217.7934664029967	0.10532150000017282	epochs	2.0
1217.7934664029967	0.052980000000161453	epochs	3.0
1217.846446402997	0.052341500000011365	epochs	3.0
1217.898787902997	0.10282759999995505	epochs	2.0
1217.898787902997	0.05171810000001642	epochs	3.0
1217.950506002997	0.051109499999938635	epochs	3.0
1218.0016155029969	0.10044909999987794	epochs	2.0
1218.0016155029969	0.050514900000052876	epochs	3.0
1218.052130402997	0.04993419999982507	epochs	3.0
1218.1020646029967	0.09817830000019967	epochs	2.0
1218.1020646029967	0.04936659999998483	epochs	3.0
1218.1514312029967	0.04881170000021484	epochs	3.0
1218.200242902997	0.09600779999982478	epochs	2.0
1218.200242902997	0.048269199999822376	epochs	3.0
1218.2485121029968	0.04773860000000241	epochs	3.0
1218.2962507029968	0.09393120000004274	epochs	2.0
1218.2962507029968	0.04721949999998287	epochs	3.0
1218.3434702029967	0.046711700000059864	epochs	3.0
1218.3901819029968	0.09194260000003851	epochs	2.0
1218.3901819029968	0.046214599999984785	epochs	3.0
1218.4363965029968	0.045728000000053726	epochs	3.0
1218.4821245029968	0.09003630000006524	epochs	2.0
1218.4821245029968	0.045251499999949374	epochs	3.0
1218.5273760029968	0.044784800000115865	epochs	3.0
1218.572160802997	0.08820760000003247	epochs	2.0
1218.572160802997	0.044327800000019124	epochs	3.0
1218.616488602997	0.04387980000001335	epochs	3.0
1218.660368402997	0.0864516999999978	epochs	2.0
1218.660368402997	0.04344099999980244	epochs	3.0
1218.7038094029967	0.04301070000019536	epochs	3.0
1218.746820102997	0.08476429999996071	epochs	2.0
1218.746820102997	0.04258899999990717	epochs	3.0
1218.7894091029968	0.04217530000005354	epochs	3.0
1218.831584402997	0.08314150000001064	epochs	2.0
1218.831584402997	0.04176970000003166	epochs	3.0
1218.873354102997	0.041371799999978975	epochs	3.0
1218.914725902997	0.08157970000002024	epochs	2.0
1218.914725902997	0.040981399999964196	epochs	3.0
1218.9557073029969	0.04059830000005604	epochs	3.0
1218.996305602997	0.08007549999979346	epochs	2.0
1218.996305602997	0.04022229999986848	epochs	3.0
1219.0365279029968	0.03985319999992498	epochs	3.0
1219.0763811029967	0.07862570000020241	epochs	2.0
1219.0763811029967	0.039490800000066884	epochs	3.0
1219.1158719029968	0.03913490000013553	epochs	3.0
1219.155006802997	0.07722760000001472	epochs	2.0
1219.155006802997	0.03878539999982422	epochs	3.0
1219.1937922029967	0.038442200000190496	epochs	3.0
1219.232234402997	0.07587819999980638	epochs	2.0
1219.232234402997	0.03810479999992822	epochs	3.0
1219.2703392029969	0.037773399999878166	epochs	3.0
1219.3081126029967	0.0745752000000266	epochs	2.0
1219.3081126029967	0.03744770000002973	epochs	3.0
1219.3455603029968	0.03712749999999687	epochs	3.0
1219.3826878029968	0.07331629999998768	epochs	2.0
1219.3826878029968	0.0368129000000863	epochs	3.0
1219.4195007029969	0.036503399999901376	epochs	3.0
1219.4560041029968	0.07209899999998015	epochs	2.0
1219.4560041029968	0.03619909999997617	epochs	3.0
1219.4922032029967	0.03589990000000398	epochs	3.0
1219.5281031029967	0.07092170000009901	epochs	2.0
1219.5281031029967	0.03560560000005353	epochs	3.0
1219.5637087029968	0.03531610000004548	epochs	3.0
1219.5990248029968	0.06978200000003199	epochs	2.0
1219.5990248029968	0.03503120000004856	epochs	3.0
1219.6340560029969	0.03475079999998343	epochs	3.0
1219.6688068029969	0.06867859999988468	epochs	2.0
1219.6688068029969	0.03447510000000875	epochs	3.0
1219.7032819029969	0.03420349999987593	epochs	3.0
1219.7374854029968	0.06760930000018561	epochs	2.0
1219.7374854029968	0.033936199999970995	epochs	3.0
1219.7714216029967	0.03367310000021462	epochs	3.0
1219.805094702997	0.06657289999998284	epochs	2.0
1219.805094702997	0.03341399999999339	epochs	3.0
1219.838508702997	0.033158899999989444	epochs	3.0
1219.871667602997	0.06556779999982609	epochs	2.0
1219.871667602997	0.03290769999989607	epochs	3.0
1219.9045753029968	0.032660099999930026	epochs	3.0
1219.9372354029967	0.06459259999996902	epochs	2.0
1219.9372354029967	0.03241640000010193	epochs	3.0
1219.9696518029969	0.032176199999867094	epochs	3.0
1220.0018280029967	0.06364600000006249	epochs	2.0
1220.0018280029967	0.03193960000021434	epochs	3.0
1220.033767602997	0.031706399999848145	epochs	3.0
1220.0654740029968	0.0627266999999847	epochs	2.0
1220.0654740029968	0.03147660000013275	epochs	3.0
1220.096950602997	0.031250099999851955	epochs	3.0
1220.1282007029968	0.06183359999999993	epochs	2.0
1220.1282007029968	0.031026900000142632	epochs	3.0
1220.159227602997	0.0308066999998573	epochs	3.0
1220.1900343029968	0.06096560000014506	epochs	2.0
1220.1900343029968	0.03058980000014344	epochs	3.0
1220.220624102997	0.030375800000001618	epochs	3.0
1220.250999902997	0.06012160000000222	epochs	2.0
1220.250999902997	0.030164899999817862	epochs	3.0
1220.2811648029967	0.029956700000184355	epochs	3.0
1220.311121502997	0.05930069999999432	epochs	2.0
1220.311121502997	0.029751599999826794	epochs	3.0
1220.3408731029967	0.029549100000167527	epochs	3.0
1220.370422202997	0.05850179999993088	epochs	2.0
1220.370422202997	0.02934940000000097	epochs	3.0
1220.399771602997	0.029152399999929912	epochs	3.0
1220.4289240029968	0.05772419999993872	epochs	2.0
1220.4289240029968	0.028958000000102402	epochs	3.0
1220.457882002997	0.028766199999836317	epochs	3.0
1220.4866482029968	0.05696710000006533	epochs	2.0
1220.4866482029968	0.028577000000041153	epochs	3.0
1220.5152252029968	0.028390100000024177	epochs	3.0
1220.5436153029968	0.05622949999997218	epochs	2.0
1220.5436153029968	0.028205699999944045	epochs	3.0
1220.5718210029968	0.028023800000028132	epochs	3.0
1220.5998448029968	0.05551070000001346	epochs	2.0
1220.5998448029968	0.027843999999959124	epochs	3.0
1220.6276888029968	0.027666700000054334	epochs	3.0
1220.6553555029968	0.054810200000019904	epochs	2.0
1220.6553555029968	0.02749149999999645	epochs	3.0
1220.6828470029968	0.027318700000023455	epochs	3.0
1220.7101657029968	0.054126999999880354	epochs	2.0
1220.7101657029968	0.027147799999966082	epochs	3.0
1220.7373135029968	0.026979199999914272	epochs	3.0
1220.7642927029967	0.05346070000018699	epochs	2.0
1220.7642927029967	0.026812600000084785	epochs	3.0
1220.7911053029968	0.026648100000102204	epochs	3.0
1220.817753402997	0.05281070000000909	epochs	2.0
1220.817753402997	0.0264855999998872	epochs	3.0
1220.8442390029968	0.026325100000121893	epochs	3.0
1220.870564102997	0.052176199999848905	epochs	2.0
1220.870564102997	0.026166399999965506	epochs	3.0
1220.896730502997	0.0260097999998834	epochs	3.0
1220.9227403029968	0.051556699999991906	epochs	2.0
1220.9227403029968	0.02585480000016105	epochs	3.0
1220.948595102997	0.025701899999830857	epochs	3.0
1220.9742970029968	0.05095189999997274	epochs	2.0
1220.9742970029968	0.025550700000167126	epochs	3.0
1220.999847702997	0.025401199999805613	epochs	3.0
1221.0252489029967	0.05036100000006627	epochs	2.0
1221.0252489029967	0.025253500000189888	epochs	3.0
1221.050502402997	0.02510749999987638	epochs	3.0
1221.0756099029968	0.04978380000011384	epochs	2.0
1221.0756099029968	0.02496320000000196	epochs	3.0
1221.1005731029968	0.02482060000011188	epochs	3.0
1221.125393702997	0.04921949999993558	epochs	2.0
1221.125393702997	0.024679399999968155	epochs	3.0
1221.1500731029969	0.024540099999967424	epochs	3.0
1221.1746132029969	0.04866790000005494	epochs	2.0
1221.1746132029969	0.024402100000088467	epochs	3.0
1221.199015302997	0.024265799999966475	epochs	3.0
1221.223281102997	0.048128599999927246	epochs	2.0
1221.223281102997	0.02413099999989754	epochs	3.0
1221.2474121029968	0.023997600000029706	epochs	3.0
1221.2714097029968	0.047601100000065344	epochs	2.0
1221.2714097029968	0.023865800000066884	epochs	3.0
1221.295275502997	0.02373529999999846	epochs	3.0
1221.319010802997	0.04708499999992455	epochs	2.0
1221.319010802997	0.023606299999983094	epochs	3.0
1221.3426171029969	0.023478699999941455	epochs	3.0
1221.3660958029968	0.046579999999948996	epochs	2.0
1221.3660958029968	0.023352500000100918	epochs	3.0
1221.389448302997	0.023227499999848078	epochs	3.0
1221.4126758029968	0.046085700000048746	epochs	2.0
1221.4126758029968	0.023104000000103042	epochs	3.0
1221.4357798029969	0.022981699999945704	epochs	3.0
1221.4587615029968	0.045601799999985815	epochs	2.0
1221.4587615029968	0.02286069999991014	epochs	3.0
1221.4816222029967	0.022741100000075676	epochs	3.0
1221.5043633029968	0.04512790000012501	epochs	2.0
1221.5043633029968	0.022622500000125	epochs	3.0
1221.526985802997	0.02250540000000001	epochs	3.0
1221.549491202997	0.04466379999985293	epochs	2.0
1221.549491202997	0.02238929999998618	epochs	3.0
1221.571880502997	0.022274499999866748	epochs	3.0
1221.5941550029968	0.04420920000006845	epochs	2.0
1221.5941550029968	0.022160799999937808	epochs	3.0
1221.6163158029967	0.02204840000013064	epochs	3.0
1221.6383642029969	0.04376359999992019	epochs	2.0
1221.6383642029969	0.02193689999990056	epochs	3.0
1221.6603011029968	0.021826700000019628	epochs	3.0
1221.6821278029968	0.04332709999994222	epochs	2.0
1221.6821278029968	0.02171760000010181	epochs	3.0
1221.7038454029969	0.02160949999984041	epochs	3.0
1221.7254549029967	0.04289900000003399	epochs	2.0
1221.7254549029967	0.021502500000224245	epochs	3.0
1221.746957402997	0.021396499999809748	epochs	3.0
1221.7683539029968	0.04247950000012679	epochs	2.0
1221.7683539029968	0.021291700000119818	epochs	3.0
1221.7896456029969	0.021187800000006973	epochs	3.0
1221.8108334029969	0.04206789999989269	epochs	2.0
1221.8108334029969	0.02108490000000529	epochs	3.0
1221.8319183029969	0.020982999999887397	epochs	3.0
1221.8529013029968	0.04166439999994509	epochs	2.0
1221.8529013029968	0.020882199999959994	epochs	3.0
1221.8737835029967	0.020782199999985096	epochs	3.0
1221.8945657029967	0.04126850000011473	epochs	2.0
1221.8945657029967	0.02068330000020069	epochs	3.0
1221.915249002997	0.02058519999991404	epochs	3.0
1221.9358342029968	0.04088000000001557	epochs	2.0
1221.9358342029968	0.020488099999965925	epochs	3.0
1221.9563223029968	0.020391900000049645	epochs	3.0
1221.9767142029968	0.04049880000002304	epochs	2.0
1221.9767142029968	0.020296599999937825	epochs	3.0
1221.9970108029968	0.020202200000085213	epochs	3.0
1222.0172130029969	0.040124599999899146	epochs	2.0
1222.0172130029969	0.02010870000003706	epochs	3.0
1222.037321702997	0.020015899999862086	epochs	3.0
1222.0573376029968	0.03975730000001931	epochs	2.0
1222.0573376029968	0.019924200000104975	epochs	3.0
1222.0772618029969	0.01983309999991434	epochs	3.0
1222.0970949029968	0.03939669999999751	epochs	2.0
1222.0970949029968	0.01974300000006224	epochs	3.0
1222.1168379029968	0.01965369999993527	epochs	3.0
1222.1364916029968	0.03904239999997117	epochs	2.0
1222.1364916029968	0.019565100000136226	epochs	3.0
1222.156056702997	0.01947729999983494	epochs	3.0
1222.1755340029968	0.038694600000098944	epochs	2.0
1222.1755340029968	0.019390400000020236	epochs	3.0
1222.1949244029968	0.01930420000007871	epochs	3.0
1222.2142286029969	0.03835290000006353	epochs	2.0
1222.2142286029969	0.019218799999862313	epochs	3.0
1222.2334474029967	0.019134100000201215	epochs	3.0
1222.252581502997	0.03801720000001296	epochs	2.0
1222.252581502997	0.019050199999810502	epochs	3.0
1222.2716317029967	0.01896700000020246	epochs	3.0
1222.290598702997	0.03768719999993664	epochs	2.0
1222.290598702997	0.018884499999785476	epochs	3.0
1222.3094832029967	0.018802700000151162	epochs	3.0
1222.3282859029969	0.03736309999999321	epochs	2.0
1222.3282859029969	0.018721700000014607	epochs	3.0
1222.3470076029969	0.018641399999978603	epochs	3.0
1222.3656490029969	0.03704429999993408	epochs	2.0
1222.3656490029969	0.018561599999884493	epochs	3.0
1222.3842106029967	0.01848270000004959	epochs	3.0
1222.4026933029968	0.036731000000145286	epochs	2.0
1222.4026933029968	0.018404299999929208	epochs	3.0
1222.4210976029967	0.01832670000021608	epochs	3.0
1222.439424302997	0.03642289999993409	epochs	2.0
1222.439424302997	0.018249599999990096	epochs	3.0
1222.457673902997	0.018173299999943993	epochs	3.0
1222.4758472029969	0.03612010000006194	epochs	2.0
1222.4758472029969	0.01809759999991911	epochs	3.0
1222.4939448029968	0.018022500000142827	epochs	3.0
1222.511967302997	0.03582209999990482	epochs	2.0
1222.511967302997	0.01794789999985369	epochs	3.0
1222.5299152029968	0.017874200000051133	epochs	3.0
1222.5477894029968	0.03552899999999681	epochs	2.0
1222.5477894029968	0.017800800000031813	epochs	3.0
1222.5655902029969	0.017728199999965	epochs	3.0
1222.5833184029968	0.03524070000003121	epochs	2.0
1222.5833184029968	0.017656100000067454	epochs	3.0
1222.600974502997	0.017584599999963757	epochs	3.0
1222.6185591029969	0.03495709999992869	epochs	2.0
1222.6185591029969	0.017513699999881283	epochs	3.0
1222.6360728029968	0.017443400000047404	epochs	3.0
1222.6535162029968	0.03467790000013338	epochs	2.0
1222.6535162029968	0.017373599999928047	epochs	3.0
1222.6708898029967	0.01730430000020533	epochs	3.0
1222.688194102997	0.03440329999989444	epochs	2.0
1222.688194102997	0.017235699999901044	epochs	3.0
1222.7054298029968	0.0171675999999934	epochs	3.0
1222.7225974029968	0.03413279999995211	epochs	2.0
1222.7225974029968	0.01709989999994832	epochs	3.0
1222.7396973029968	0.017032900000003792	epochs	3.0
1222.7567302029968	0.03386670000008962	epochs	2.0
1222.7567302029968	0.01696640000000116	epochs	3.0
1222.7736966029968	0.016900300000088464	epochs	3.0
1222.7905969029969	0.03360459999998966	epochs	2.0
1222.7905969029969	0.01683479999996962	epochs	3.0
1222.8074317029968	0.01676980000002004	epochs	3.0
1222.8242015029969	0.033346599999958926	epochs	2.0
1222.8242015029969	0.016705300000012357	epochs	3.0
1222.8409068029969	0.01664129999994657	epochs	3.0
1222.8575481029968	0.03309250000006614	epochs	2.0
1222.8575481029968	0.016577800000050047	epochs	3.0
1222.8741259029969	0.01651470000001609	epochs	3.0
1222.8906406029969	0.03284229999985655	epochs	2.0
1222.8906406029969	0.01645220000000336	epochs	3.0
1222.9070928029969	0.01639009999985319	epochs	3.0
1222.9234829029967	0.03259570000000167	epochs	2.0
1222.9234829029967	0.016328400000020338	epochs	3.0
1222.9398113029968	0.016267299999981333	epochs	3.0
1222.9560786029967	0.032352899999978035	epochs	2.0
1222.9560786029967	0.016206600000032267	epochs	3.0
1222.9722852029968	0.016146299999945768	epochs	3.0
1222.9884315029967	0.032113700000081735	epochs	2.0
1222.9884315029967	0.016086600000107865	epochs	3.0
1223.0045181029968	0.01602709999997387	epochs	3.0
1223.0205452029968	0.03187800000000607	epochs	2.0
1223.0205452029968	0.015968200000088473	epochs	3.0
1223.036513402997	0.015909799999917595	epochs	3.0
1223.0524232029968	0.03164570000012645	epochs	2.0
1223.0524232029968	0.015851599999905375	epochs	3.0
1223.0682748029967	0.01579410000022108	epochs	3.0
1223.084068902997	0.031416699999908815	epochs	2.0
1223.084068902997	0.01573669999993399	epochs	3.0
1223.0998056029969	0.015679999999974825	epochs	3.0
1223.1154856029968	0.03119109999988723	epochs	2.0
1223.1154856029968	0.015623600000026272	epochs	3.0
1223.1311092029969	0.015567499999860956	epochs	3.0
1223.1466767029967	0.03096870000013041	epochs	2.0
1223.1466767029967	0.01551200000017161	epochs	3.0
1223.162188702997	0.0154566999999588	epochs	3.0
1223.1776454029969	0.030749499999956242	epochs	2.0
1223.1776454029969	0.015401999999994587	epochs	3.0
1223.1930474029969	0.015347499999961656	epochs	3.0
1223.2083949029968	0.03053320000003623	epochs	2.0
1223.2083949029968	0.015293400000018664	epochs	3.0
1223.2236883029968	0.015239800000017567	epochs	3.0
1223.2389281029969	0.030320099999926242	epochs	2.0
1223.2389281029969	0.015186500000027081	epochs	3.0
1223.2541146029969	0.015133599999899161	epochs	3.0
1223.2692482029968	0.03010990000007041	epochs	2.0
1223.2692482029968	0.015081000000009226	epochs	3.0
1223.2843292029968	0.015028900000061185	epochs	3.0
1223.2993581029968	0.029902499999934662	epochs	2.0
1223.2993581029968	0.014977000000044427	epochs	3.0
1223.314335102997	0.014925499999890235	epochs	3.0
1223.3292606029968	0.0296981000001324	epochs	2.0
1223.3292606029968	0.014874400000053356	epochs	3.0
1223.3441350029968	0.014823700000079043	epochs	3.0
1223.358958702997	0.029496299999891562	epochs	2.0
1223.358958702997	0.01477319999980864	epochs	3.0
1223.3737319029967	0.014723100000082923	epochs	3.0
1223.3884550029968	0.029297400000132257	epochs	2.0
1223.3884550029968	0.014673399999992398	epochs	3.0
1223.4031284029968	0.014624000000139858	epochs	3.0
1223.417752402997	0.029101099999934377	epochs	2.0
1223.417752402997	0.014574899999843183	epochs	3.0
1223.4323273029968	0.014526200000091194	epochs	3.0
1223.4468535029969	0.028907399999980044	epochs	2.0
1223.4468535029969	0.014477700000043114	epochs	3.0
1223.461331202997	0.014429699999936929	epochs	3.0
1223.4757609029969	0.028716199999962555	epochs	2.0
1223.4757609029969	0.014381799999910072	epochs	3.0
1223.4901427029968	0.014334400000052483	epochs	3.0
1223.5044771029968	0.02852759999996124	epochs	2.0
1223.5044771029968	0.014287199999898803	epochs	3.0
1223.5187643029967	0.014240400000062436	epochs	3.0
1223.5330047029968	0.028341400000044814	epochs	2.0
1223.5330047029968	0.014193800000157353	epochs	3.0
1223.547198502997	0.014147599999887461	epochs	3.0
1223.5613461029968	0.028157700000065233	epochs	2.0
1223.5613461029968	0.014101700000082928	epochs	3.0
1223.575447802997	0.014055999999982305	epochs	3.0
1223.589503802997	0.02797629999986384	epochs	2.0
1223.589503802997	0.014010599999892293	epochs	3.0
1223.6035144029968	0.013965699999971548	epochs	3.0
1223.6174801029968	0.027797200000122757	epochs	2.0
1223.6174801029968	0.013920800000050804	epochs	3.0
1223.6314009029968	0.013876400000071953	epochs	3.0
1223.6452773029969	0.027620399999932488	epochs	2.0
1223.6452773029969	0.013832200000024386	epochs	3.0
1223.659109502997	0.013788199999908102	epochs	3.0
1223.6728977029968	0.027445899999975154	epochs	2.0
1223.6728977029968	0.01374460000010913	epochs	3.0
1223.686642302997	0.013701299999866023	epochs	3.0
1223.7003436029968	0.0272735000000921	epochs	2.0
1223.7003436029968	0.013658200000008947	epochs	3.0
1223.7140018029968	0.013615300000083153	epochs	3.0
1223.7276171029969	0.027103399999987232	epochs	2.0
1223.7276171029969	0.013572800000019924	epochs	3.0
1223.741189902997	0.013530599999967308	epochs	3.0
1223.7547205029969	0.02693520000002536	epochs	2.0
1223.7547205029969	0.01348839999991469	epochs	3.0
1223.7682089029968	0.01344680000011067	epochs	3.0
1223.7816557029969	0.026769199999989723	epochs	2.0
1223.7816557029969	0.013405199999851902	epochs	3.0
1223.7950609029967	0.013364000000137821	epochs	3.0
1223.8084249029969	0.026605199999949036	epochs	2.0
1223.8084249029969	0.013322900000048321	epochs	3.0
1223.821747802997	0.013282299999900715	epochs	3.0
1223.8350301029968	0.0264431999999033	epochs	2.0
1223.8350301029968	0.013241699999980483	epochs	3.0
1223.8482718029968	0.013201499999922817	epochs	3.0
1223.8614733029967	0.026283200000079887	epochs	2.0
1223.8614733029967	0.013161500000023807	epochs	3.0
1223.8746348029968	0.01312170000005608	epochs	3.0
1223.8877565029968	0.02612500000009277	epochs	2.0
1223.8877565029968	0.013082100000019636	epochs	3.0
1223.9008386029968	0.013042900000073132	epochs	3.0
1223.913881502997	0.025968899999952555	epochs	2.0
1223.913881502997	0.013003899999830537	epochs	3.0
1223.9268854029967	0.012965000000122018	epochs	3.0
1223.9398504029969	0.025814500000024054	epochs	2.0
1223.9398504029969	0.012926399999969362	epochs	3.0
1223.9527768029968	0.012888100000054692	epochs	3.0
1223.9656649029969	0.025661899999931848	epochs	2.0
1223.9656649029969	0.012849899999991976	epochs	3.0
1223.9785148029969	0.012811999999939871	epochs	3.0
1223.9913268029968	0.025511199999982637	epochs	2.0
1223.9913268029968	0.012774400000125752	epochs	3.0
1224.004101202997	0.012736799999856885	epochs	3.0
1224.0168380029968	0.025362300000097093	epochs	2.0
1224.0168380029968	0.01269969999998466	epochs	3.0
1224.0295377029968	0.012662600000112434	epochs	3.0
1224.042200302997	0.025214999999889187	epochs	2.0
1224.042200302997	0.012625800000023446	epochs	3.0
1224.054826102997	0.012589199999865741	epochs	3.0
1224.0674153029968	0.024584799999956886	epochs	2.0
1224.0878401029968	0.5	epochs	-1.0
1224.0920001029967	0.5200800000000072	epochs	1.0
1224.6120801029967	0.4798400000001948	epochs	0.0
1227.090000152588	0.09999999999990905	epochs	0.0
1227.090000152588	0.04500000000007276	epochs	1.0
1227.135000152588	0.009999999999990905	epochs	1.0
1227.145000152588	0.044999999999845386	epochs	1.0
1227.1900001525878	2.0	epochs	0.0
1229.1900001525878	21.54007999999999	epochs	0.0
1229.1900001525878	1.0	epochs	1.0
1229.1900001525878	0.5	epochs	-1.0
1229.6900001525878	19.995840000000044	epochs	-1.0
1230.1900001525878	20.0	epochs	1.0
1230.1900001525878	4.356753900000058	epochs	-1.0
1230.1900001525878	1.9745872000000873	epochs	2.0
1230.1900001525878	1.0985622000000603	epochs	3.0
1231.2885623525879	0.8760250000000269	epochs	3.0
1232.164587352588	1.3524075000000266	epochs	2.0
1232.164587352588	0.7286355000001095	epochs	3.0
1232.893222852588	0.6237719999999172	epochs	3.0
1233.516994852588	1.029759199999944	epochs	2.0
1233.516994852588	0.5453293000000485	epochs	3.0
1234.062324152588	0.4844298999998955	epochs	3.0
1234.5467540525879	0.8317862000001242	epochs	2.0
1234.5467540525879	0.4357763000000432	epochs	3.0
1234.982530352588	0.39600990000008096	epochs	3.0
1235.378540252588	0.6977969999998095	epochs	2.0
1235.378540252588	0.3628982000000178	epochs	3.0
1235.741438452588	0.33489879999979166	epochs	3.0
1236.0763372525878	0.601045699999986	epochs	2.0
1236.0763372525878	0.3109123000001546	epochs	3.0
1236.387249552588	0.29013339999983145	epochs	3.0
1236.6773829525878	0.5278859000000011	epochs	2.0
1236.6773829525878	0.2719586000000618	epochs	3.0
1236.9493415525878	0.25592729999993935	epochs	3.0
1237.2052688525878	0.4706193000001804	epochs	2.0
1237.2052688525878	0.24168130000020938	epochs	3.0
1237.446950152588	0.228937999999971	epochs	3.0
1237.675888152588	0.42457039999999324	epochs	2.0
1237.675888152588	0.21747140000002219	epochs	3.0
1237.893359552588	0.20709899999997106	epochs	3.0
1238.100458552588	0.3867353999999068	epochs	2.0
1238.100458552588	0.19767109999997956	epochs	3.0
1238.298129652588	0.18906429999992724	epochs	3.0
1238.4871939525879	0.35509530000013	epochs	2.0
1238.4871939525879	0.18117589999997108	epochs	3.0
1238.6683698525878	0.17391940000015893	epochs	3.0
1238.842289252588	0.3282431000000088	epochs	2.0
1238.842289252588	0.16722189999995862	epochs	3.0
1239.009511152588	0.16102120000005016	epochs	3.0
1239.170532352588	0.3051679999998669	epochs	2.0
1239.170532352588	0.15526389999990897	epochs	3.0
1239.325796252588	0.1499040999999579	epochs	3.0
1239.4757003525879	0.28512530000011793	epochs	2.0
1239.4757003525879	0.1449021000000812	epochs	3.0
1239.620602452588	0.14022320000003674	epochs	3.0
1239.760825652588	0.2675537999998596	epochs	2.0
1239.760825652588	0.1358368999999584	epochs	3.0
1239.896662552588	0.13171689999990122	epochs	3.0
1240.0283794525878	0.25202290000015637	epochs	2.0
1240.0283794525878	0.1278393000000051	epochs	3.0
1240.1562187525878	0.12418360000015127	epochs	3.0
1240.280402352588	0.23819649999995818	epochs	2.0
1240.280402352588	0.1207310999998299	epochs	3.0
1240.4011334525878	0.11746540000012828	epochs	3.0
1240.518598852588	0.22580879999986792	epochs	2.0
1240.518598852588	0.1143718999999237	epochs	3.0
1240.6329707525879	0.11143689999994422	epochs	3.0
1240.7444076525878	0.2146460000001298	epochs	2.0
1240.7444076525878	0.10864890000016203	epochs	3.0
1240.853056552588	0.10599709999996776	epochs	3.0
1240.959053652588	0.2045349999998507	epochs	2.0
1240.959053652588	0.1034714999998414	epochs	3.0
1241.0625251525878	0.1010635000000093	epochs	3.0
1241.1635886525878	0.19533400000000256	epochs	2.0
1241.1635886525878	0.09876510000003691	epochs	3.0
1241.2623537525878	0.09656889999996565	epochs	3.0
1241.3589226525878	0.18692529999998442	epochs	2.0
1241.3589226525878	0.09446830000001682	epochs	3.0
1241.4533909525878	0.09245699999996759	epochs	3.0
1241.5458479525878	0.1792107000001124	epochs	2.0
1241.5458479525878	0.0905296000000817	epochs	3.0
1241.6363775525879	0.08868110000003071	epochs	3.0
1241.725058652588	0.17210769999996955	epochs	2.0
1241.725058652588	0.08690630000000965	epochs	3.0
1241.811964952588	0.0852013999999599	epochs	3.0
1241.8971663525879	0.16554640000003928	epochs	2.0
1241.8971663525879	0.08356189999994967	epochs	3.0
1241.9807282525878	0.08198450000008961	epochs	3.0
1242.062712752588	0.15946710000002895	epochs	2.0
1242.062712752588	0.08046539999986635	epochs	3.0
1242.1431781525878	0.0790017000001626	epochs	3.0
1242.222179852588	0.1538183999998637	epochs	2.0
1242.222179852588	0.07759009999995214	epochs	3.0
1242.299769952588	0.07622829999991154	epochs	3.0
1242.3759982525878	0.14855640000018866	epochs	2.0
1242.3759982525878	0.07491330000016205	epochs	3.0
1242.450911552588	0.0736431000000266	epochs	3.0
1242.524554652588	0.1436423999998624	epochs	2.0
1242.524554652588	0.07241499999986445	epochs	3.0
1242.5969696525879	0.07122739999999794	epochs	3.0
1242.6681970525879	0.13904309999998077	epochs	2.0
1242.6681970525879	0.07007799999996678	epochs	3.0
1242.7382750525878	0.06896510000001399	epochs	3.0
1242.8072401525878	0.1347293000001173	epochs	2.0
1242.8072401525878	0.0678871000000072	epochs	3.0
1242.8751272525878	0.0668422000001101	epochs	3.0
1242.941969452588	0.1306752000000415	epochs	2.0
1242.941969452588	0.06582909999997355	epochs	3.0
1243.007798552588	0.06484610000006796	epochs	3.0
1243.072644652588	0.1268577999999252	epochs	2.0
1243.072644652588	0.06389199999989614	epochs	3.0
1243.136536652588	0.06296580000002905	epochs	3.0
1243.199502452588	0.12325719999989815	epochs	2.0
1243.199502452588	0.06206580000002759	epochs	3.0
1243.261568252588	0.061191399999870555	epochs	3.0
1243.3227596525878	0.11985540000000583	epochs	2.0
1243.3227596525878	0.060341099999959624	epochs	3.0
1243.3831007525878	0.059514300000046205	epochs	3.0
1243.4426150525878	0.11663620000012997	epochs	2.0
1243.4426150525878	0.05870960000015657	epochs	3.0
1243.501324652588	0.057926599999973405	epochs	3.0
1243.559251252588	0.11358559999985118	epochs	2.0
1243.559251252588	0.05716419999998834	epochs	3.0
1243.616415452588	0.05642139999986284	epochs	3.0
1243.6728368525878	0.11069050000014613	epochs	2.0
1243.6728368525878	0.055697900000041045	epochs	3.0
1243.7285347525878	0.054992600000105085	epochs	3.0
1243.783527352588	0.10793909999983953	epochs	2.0
1243.783527352588	0.05430490000003374	epochs	3.0
1243.837832252588	0.05363419999980579	epochs	3.0
1243.8914664525878	0.10532150000017282	epochs	2.0
1243.8914664525878	0.052980000000161453	epochs	3.0
1243.944446452588	0.052341500000011365	epochs	3.0
1243.996787952588	0.10282759999995505	epochs	2.0
1243.996787952588	0.05171810000001642	epochs	3.0
1244.048506052588	0.051109499999938635	epochs	3.0
1244.099615552588	0.10044909999987794	epochs	2.0
1244.099615552588	0.050514900000052876	epochs	3.0
1244.150130452588	0.04993419999982507	epochs	3.0
1244.2000646525878	0.09817830000019967	epochs	2.0
1244.2000646525878	0.04936659999998483	epochs	3.0
1244.2494312525878	0.04881170000021484	epochs	3.0
1244.298242952588	0.09600779999982478	epochs	2.0
1244.298242952588	0.048269199999822376	epochs	3.0
1244.3465121525878	0.04773860000000241	epochs	3.0
1244.3942507525878	0.09393120000004274	epochs	2.0
1244.3942507525878	0.04721949999998287	epochs	3.0
1244.4414702525878	0.046711700000059864	epochs	3.0
1244.4881819525879	0.09194260000003851	epochs	2.0
1244.4881819525879	0.046214599999984785	epochs	3.0
1244.5343965525879	0.045728000000053726	epochs	3.0
1244.580124552588	0.09003630000006524	epochs	2.0
1244.580124552588	0.045251499999949374	epochs	3.0
1244.6253760525879	0.044784800000115865	epochs	3.0
1244.670160852588	0.08820760000003247	epochs	2.0
1244.670160852588	0.044327800000019124	epochs	3.0
1244.714488652588	0.04387980000001335	epochs	3.0
1244.758368452588	0.0864516999999978	epochs	2.0
1244.758368452588	0.04344099999980244	epochs	3.0
1244.8018094525878	0.04301070000019536	epochs	3.0
1244.844820152588	0.08476429999996071	epochs	2.0
1244.844820152588	0.04258899999990717	epochs	3.0
1244.887409152588	0.04217530000005354	epochs	3.0
1244.929584452588	0.08314150000001064	epochs	2.0
1244.929584452588	0.04176970000003166	epochs	3.0
1244.971354152588	0.041371799999978975	epochs	3.0
1245.012725952588	0.08157970000002024	epochs	2.0
1245.012725952588	0.040981399999964196	epochs	3.0
1245.053707352588	0.04059830000005604	epochs	3.0
1245.094305652588	0.08007549999979346	epochs	2.0
1245.094305652588	0.04022229999986848	epochs	3.0
1245.1345279525879	0.03985319999992498	epochs	3.0
1245.1743811525878	0.07862570000020241	epochs	2.0
1245.1743811525878	0.039490800000066884	epochs	3.0
1245.2138719525879	0.03913490000013553	epochs	3.0
1245.253006852588	0.07722760000001472	epochs	2.0
1245.253006852588	0.03878539999982422	epochs	3.0
1245.2917922525878	0.038442200000190496	epochs	3.0
1245.330234452588	0.07587819999980638	epochs	2.0
1245.330234452588	0.03810479999992822	epochs	3.0
1245.368339252588	0.037773399999878166	epochs	3.0
1245.4061126525878	0.0745752000000266	epochs	2.0
1245.4061126525878	0.03744770000002973	epochs	3.0
1245.4435603525878	0.03712749999999687	epochs	3.0
1245.4806878525878	0.07331629999998768	epochs	2.0
1245.4806878525878	0.0368129000000863	epochs	3.0
1245.517500752588	0.036503399999901376	epochs	3.0
1245.5540041525878	0.07209899999998015	epochs	2.0
1245.5540041525878	0.03619909999997617	epochs	3.0
1245.5902032525878	0.03589990000000398	epochs	3.0
1245.6261031525878	0.07092170000009901	epochs	2.0
1245.6261031525878	0.03560560000005353	epochs	3.0
1245.6617087525879	0.03531610000004548	epochs	3.0
1245.697024852588	0.06978200000003199	epochs	2.0
1245.697024852588	0.03503120000004856	epochs	3.0
1245.732056052588	0.03475079999998343	epochs	3.0
1245.766806852588	0.06867859999988468	epochs	2.0
1245.766806852588	0.03447510000000875	epochs	3.0
1245.801281952588	0.03420349999987593	epochs	3.0
1245.8354854525878	0.06760930000018561	epochs	2.0
1245.8354854525878	0.033936199999970995	epochs	3.0
1245.8694216525878	0.03367310000021462	epochs	3.0
1245.903094752588	0.06657289999998284	epochs	2.0
1245.903094752588	0.03341399999999339	epochs	3.0
1245.936508752588	0.033158899999989444	epochs	3.0
1245.969667652588	0.06556779999982609	epochs	2.0
1245.969667652588	0.03290769999989607	epochs	3.0
1246.0025753525879	0.032660099999930026	epochs	3.0
1246.0352354525878	0.06459259999996902	epochs	2.0
1246.0352354525878	0.03241640000010193	epochs	3.0
1246.067651852588	0.032176199999867094	epochs	3.0
1246.0998280525878	0.06364600000006249	epochs	2.0
1246.0998280525878	0.03193960000021434	epochs	3.0
1246.131767652588	0.031706399999848145	epochs	3.0
1246.1634740525878	0.0627266999999847	epochs	2.0
1246.1634740525878	0.03147660000013275	epochs	3.0
1246.194950652588	0.031250099999851955	epochs	3.0
1246.2262007525878	0.06183359999999993	epochs	2.0
1246.2262007525878	0.031026900000142632	epochs	3.0
1246.257227652588	0.0308066999998573	epochs	3.0
1246.2880343525878	0.06096560000014506	epochs	2.0
1246.2880343525878	0.03058980000014344	epochs	3.0
1246.318624152588	0.030375800000001618	epochs	3.0
1246.348999952588	0.06012160000000222	epochs	2.0
1246.348999952588	0.030164899999817862	epochs	3.0
1246.3791648525878	0.029956700000184355	epochs	3.0
1246.409121552588	0.05930069999999432	epochs	2.0
1246.409121552588	0.029751599999826794	epochs	3.0
1246.4388731525878	0.029549100000167527	epochs	3.0
1246.468422252588	0.05850179999993088	epochs	2.0
1246.468422252588	0.02934940000000097	epochs	3.0
1246.497771652588	0.029152399999929912	epochs	3.0
1246.526924052588	0.05772419999993872	epochs	2.0
1246.526924052588	0.028958000000102402	epochs	3.0
1246.555882052588	0.028766199999836317	epochs	3.0
1246.5846482525878	0.05696710000006533	epochs	2.0
1246.5846482525878	0.028577000000041153	epochs	3.0
1246.6132252525879	0.028390100000024177	epochs	3.0
1246.641615352588	0.05622949999997218	epochs	2.0
1246.641615352588	0.028205699999944045	epochs	3.0
1246.6698210525878	0.028023800000028132	epochs	3.0
1246.6978448525879	0.05551070000001346	epochs	2.0
1246.6978448525879	0.027843999999959124	epochs	3.0
1246.7256888525878	0.027666700000054334	epochs	3.0
1246.753355552588	0.054810200000019904	epochs	2.0
1246.753355552588	0.02749149999999645	epochs	3.0
1246.780847052588	0.027318700000023455	epochs	3.0
1246.808165752588	0.054126999999880354	epochs	2.0
1246.808165752588	0.027147799999966082	epochs	3.0
1246.8353135525879	0.026979199999914272	epochs	3.0
1246.8622927525878	0.05346070000018699	epochs	2.0
1246.8622927525878	0.026812600000084785	epochs	3.0
1246.8891053525879	0.026648100000102204	epochs	3.0
1246.915753452588	0.05281070000000909	epochs	2.0
1246.915753452588	0.0264855999998872	epochs	3.0
1246.9422390525879	0.026325100000121893	epochs	3.0
1246.968564152588	0.052176199999848905	epochs	2.0
1246.968564152588	0.026166399999965506	epochs	3.0
1246.994730552588	0.0260097999998834	epochs	3.0
1247.0207403525878	0.051556699999991906	epochs	2.0
1247.0207403525878	0.02585480000016105	epochs	3.0
1247.046595152588	0.025701899999830857	epochs	3.0
1247.0722970525878	0.05095189999997274	epochs	2.0
1247.0722970525878	0.025550700000167126	epochs	3.0
1247.097847752588	0.025401199999805613	epochs	3.0
1247.1232489525878	0.05036100000006627	epochs	2.0
1247.1232489525878	0.025253500000189888	epochs	3.0
1247.148502452588	0.02510749999987638	epochs	3.0
1247.1736099525879	0.04978380000011384	epochs	2.0
1247.1736099525879	0.02496320000000196	epochs	3.0
1247.1985731525879	0.02482060000011188	epochs	3.0
1247.223393752588	0.04921949999993558	epochs	2.0
1247.223393752588	0.024679399999968155	epochs	3.0
1247.248073152588	0.024540099999967424	epochs	3.0
1247.272613252588	0.04866790000005494	epochs	2.0
1247.272613252588	0.024402100000088467	epochs	3.0
1247.297015352588	0.024265799999966475	epochs	3.0
1247.321281152588	0.048128599999927246	epochs	2.0
1247.321281152588	0.02413099999989754	epochs	3.0
1247.3454121525879	0.023997600000029706	epochs	3.0
1247.369409752588	0.047601100000065344	epochs	2.0
1247.369409752588	0.023865800000066884	epochs	3.0
1247.393275552588	0.02373529999999846	epochs	3.0
1247.417010852588	0.04708499999992455	epochs	2.0
1247.417010852588	0.023606299999983094	epochs	3.0
1247.440617152588	0.023478699999941455	epochs	3.0
1247.464095852588	0.046579999999948996	epochs	2.0
1247.464095852588	0.023352500000100918	epochs	3.0
1247.487448352588	0.023227499999848078	epochs	3.0
1247.5106758525878	0.046085700000048746	epochs	2.0
1247.5106758525878	0.023104000000103042	epochs	3.0
1247.533779852588	0.022981699999945704	epochs	3.0
1247.556761552588	0.045601799999985815	epochs	2.0
1247.556761552588	0.02286069999991014	epochs	3.0
1247.5796222525878	0.022741100000075676	epochs	3.0
1247.6023633525879	0.04512790000012501	epochs	2.0
1247.6023633525879	0.022622500000125	epochs	3.0
1247.624985852588	0.02250540000000001	epochs	3.0
1247.647491252588	0.04466379999985293	epochs	2.0
1247.647491252588	0.02238929999998618	epochs	3.0
1247.669880552588	0.022274499999866748	epochs	3.0
1247.6921550525879	0.04420920000006845	epochs	2.0
1247.6921550525879	0.022160799999937808	epochs	3.0
1247.7143158525878	0.02204840000013064	epochs	3.0
1247.736364252588	0.04376359999992019	epochs	2.0
1247.736364252588	0.02193689999990056	epochs	3.0
1247.7583011525878	0.021826700000019628	epochs	3.0
1247.7801278525878	0.04332709999994222	epochs	2.0
1247.7801278525878	0.02171760000010181	epochs	3.0
1247.801845452588	0.02160949999984041	epochs	3.0
1247.8234549525878	0.04289900000003399	epochs	2.0
1247.8234549525878	0.021502500000224245	epochs	3.0
1247.844957452588	0.021396499999809748	epochs	3.0
1247.8663539525878	0.04247950000012679	epochs	2.0
1247.8663539525878	0.021291700000119818	epochs	3.0
1247.887645652588	0.021187800000006973	epochs	3.0
1247.908833452588	0.04206789999989269	epochs	2.0
1247.908833452588	0.02108490000000529	epochs	3.0
1247.929918352588	0.020982999999887397	epochs	3.0
1247.9509013525878	0.04166439999994509	epochs	2.0
1247.9509013525878	0.020882199999959994	epochs	3.0
1247.9717835525878	0.020782199999985096	epochs	3.0
1247.9925657525878	0.04126850000011473	epochs	2.0
1247.9925657525878	0.02068330000020069	epochs	3.0
1248.013249052588	0.02058519999991404	epochs	3.0
1248.033834252588	0.04088000000001557	epochs	2.0
1248.033834252588	0.020488099999965925	epochs	3.0
1248.0543223525879	0.020391900000049645	epochs	3.0
1248.074714252588	0.04049880000002304	epochs	2.0
1248.074714252588	0.020296599999937825	epochs	3.0
1248.0950108525878	0.020202200000085213	epochs	3.0
1248.115213052588	0.040124599999899146	epochs	2.0
1248.115213052588	0.02010870000003706	epochs	3.0
1248.135321752588	0.020015899999862086	epochs	3.0
1248.1553376525878	0.03975730000001931	epochs	2.0
1248.1553376525878	0.019924200000104975	epochs	3.0
1248.175261852588	0.01983309999991434	epochs	3.0
1248.1950949525879	0.03939669999999751	epochs	2.0
1248.1950949525879	0.01974300000006224	epochs	3.0
1248.214837952588	0.01965369999993527	epochs	3.0
1248.2344916525878	0.03904239999997117	epochs	2.0
1248.2344916525878	0.019565100000136226	epochs	3.0
1248.254056752588	0.01947729999983494	epochs	3.0
1248.2735340525878	0.038694600000098944	epochs	2.0
1248.2735340525878	0.019390400000020236	epochs	3.0
1248.2929244525878	0.01930420000007871	epochs	3.0
1248.312228652588	0.03835290000006353	epochs	2.0
1248.312228652588	0.019218799999862313	epochs	3.0
1248.3314474525878	0.019134100000201215	epochs	3.0
1248.350581552588	0.03801720000001296	epochs	2.0
1248.350581552588	0.019050199999810502	epochs	3.0
1248.3696317525878	0.01896700000020246	epochs	3.0
1248.388598752588	0.03768719999993664	epochs	2.0
1248.388598752588	0.018884499999785476	epochs	3.0
1248.4074832525878	0.018802700000151162	epochs	3.0
1248.426285952588	0.03736309999999321	epochs	2.0
1248.426285952588	0.018721700000014607	epochs	3.0
1248.445007652588	0.018641399999978603	epochs	3.0
1248.463649052588	0.03704429999993408	epochs	2.0
1248.463649052588	0.018561599999884493	epochs	3.0
1248.4822106525878	0.01848270000004959	epochs	3.0
1248.5006933525879	0.036731000000145286	epochs	2.0
1248.5006933525879	0.018404299999929208	epochs	3.0
1248.5190976525878	0.01832670000021608	epochs	3.0
1248.537424352588	0.03642289999993409	epochs	2.0
1248.537424352588	0.018249599999990096	epochs	3.0
1248.555673952588	0.018173299999943993	epochs	3.0
1248.573847252588	0.03612010000006194	epochs	2.0
1248.573847252588	0.01809759999991911	epochs	3.0
1248.5919448525879	0.018022500000142827	epochs	3.0
1248.609967352588	0.03582209999990482	epochs	2.0
1248.609967352588	0.01794789999985369	epochs	3.0
1248.6279152525879	0.017874200000051133	epochs	3.0
1248.645789452588	0.03552899999999681	epochs	2.0
1248.645789452588	0.017800800000031813	epochs	3.0
1248.663590252588	0.017728199999965	epochs	3.0
1248.681318452588	0.03524070000003121	epochs	2.0
1248.681318452588	0.017656100000067454	epochs	3.0
1248.698974552588	0.017584599999963757	epochs	3.0
1248.716559152588	0.03495709999992869	epochs	2.0
1248.716559152588	0.017513699999881283	epochs	3.0
1248.7340728525878	0.017443400000047404	epochs	3.0
1248.7515162525879	0.03467790000013338	epochs	2.0
1248.7515162525879	0.017373599999928047	epochs	3.0
1248.7688898525878	0.01730430000020533	epochs	3.0
1248.786194152588	0.03440329999989444	epochs	2.0
1248.786194152588	0.017235699999901044	epochs	3.0
1248.803429852588	0.0171675999999934	epochs	3.0
1248.820597452588	0.03413279999995211	epochs	2.0
1248.820597452588	0.01709989999994832	epochs	3.0
1248.8376973525878	0.017032900000003792	epochs	3.0
1248.8547302525878	0.03386670000008962	epochs	2.0
1248.8547302525878	0.01696640000000116	epochs	3.0
1248.8716966525878	0.016900300000088464	epochs	3.0
1248.888596952588	0.03360459999998966	epochs	2.0
1248.888596952588	0.01683479999996962	epochs	3.0
1248.905431752588	0.01676980000002004	epochs	3.0
1248.922201552588	0.033346599999958926	epochs	2.0
1248.922201552588	0.016705300000012357	epochs	3.0
1248.938906852588	0.01664129999994657	epochs	3.0
1248.9555481525879	0.03309250000006614	epochs	2.0
1248.9555481525879	0.016577800000050047	epochs	3.0
1248.972125952588	0.01651470000001609	epochs	3.0
1248.988640652588	0.03284229999985655	epochs	2.0
1248.988640652588	0.01645220000000336	epochs	3.0
1249.005092852588	0.01639009999985319	epochs	3.0
1249.0214829525878	0.03259570000000167	epochs	2.0
1249.0214829525878	0.016328400000020338	epochs	3.0
1249.0378113525878	0.016267299999981333	epochs	3.0
1249.0540786525878	0.032352899999978035	epochs	2.0
1249.0540786525878	0.016206600000032267	epochs	3.0
1249.0702852525878	0.016146299999945768	epochs	3.0
1249.0864315525878	0.032113700000081735	epochs	2.0
1249.0864315525878	0.016086600000107865	epochs	3.0
1249.102518152588	0.01602709999997387	epochs	3.0
1249.1185452525879	0.03187800000000607	epochs	2.0
1249.1185452525879	0.015968200000088473	epochs	3.0
1249.134513452588	0.015909799999917595	epochs	3.0
1249.1504232525879	0.03164570000012645	epochs	2.0
1249.1504232525879	0.015851599999905375	epochs	3.0
1249.1662748525878	0.01579410000022108	epochs	3.0
1249.182068952588	0.031416699999908815	epochs	2.0
1249.182068952588	0.01573669999993399	epochs	3.0
1249.197805652588	0.015679999999974825	epochs	3.0
1249.213485652588	0.03119109999988723	epochs	2.0
1249.213485652588	0.015623600000026272	epochs	3.0
1249.229109252588	0.015567499999860956	epochs	3.0
1249.2446767525878	0.03096870000013041	epochs	2.0
1249.2446767525878	0.01551200000017161	epochs	3.0
1249.260188752588	0.0154566999999588	epochs	3.0
1249.275645452588	0.030749499999956242	epochs	2.0
1249.275645452588	0.015401999999994587	epochs	3.0
1249.291047452588	0.015347499999961656	epochs	3.0
1249.3063949525879	0.03053320000003623	epochs	2.0
1249.3063949525879	0.015293400000018664	epochs	3.0
1249.321688352588	0.015239800000017567	epochs	3.0
1249.336928152588	0.030320099999926242	epochs	2.0
1249.336928152588	0.015186500000027081	epochs	3.0
1249.352114652588	0.015133599999899161	epochs	3.0
1249.3672482525878	0.03010990000007041	epochs	2.0
1249.3672482525878	0.015081000000009226	epochs	3.0
1249.3823292525879	0.015028900000061185	epochs	3.0
1249.397358152588	0.029902499999934662	epochs	2.0
1249.397358152588	0.014977000000044427	epochs	3.0
1249.412335152588	0.014925499999890235	epochs	3.0
1249.4272606525878	0.0296981000001324	epochs	2.0
1249.4272606525878	0.014874400000053356	epochs	3.0
1249.442135052588	0.014823700000079043	epochs	3.0
1249.456958752588	0.029496299999891562	epochs	2.0
1249.456958752588	0.01477319999980864	epochs	3.0
1249.4717319525878	0.014723100000082923	epochs	3.0
1249.4864550525879	0.029297400000132257	epochs	2.0
1249.4864550525879	0.014673399999992398	epochs	3.0
1249.5011284525879	0.014624000000139858	epochs	3.0
1249.515752452588	0.029101099999934377	epochs	2.0
1249.515752452588	0.014574899999843183	epochs	3.0
1249.5303273525878	0.014526200000091194	epochs	3.0
1249.544853552588	0.028907399999980044	epochs	2.0
1249.544853552588	0.014477700000043114	epochs	3.0
1249.559331252588	0.014429699999936929	epochs	3.0
1249.573760952588	0.028716199999962555	epochs	2.0
1249.573760952588	0.014381799999910072	epochs	3.0
1249.5881427525878	0.014334400000052483	epochs	3.0
1249.6024771525879	0.02852759999996124	epochs	2.0
1249.6024771525879	0.014287199999898803	epochs	3.0
1249.6167643525878	0.014240400000062436	epochs	3.0
1249.6310047525878	0.028341400000044814	epochs	2.0
1249.6310047525878	0.014193800000157353	epochs	3.0
1249.645198552588	0.014147599999887461	epochs	3.0
1249.659346152588	0.028157700000065233	epochs	2.0
1249.659346152588	0.014101700000082928	epochs	3.0
1249.673447852588	0.014055999999982305	epochs	3.0
1249.687503852588	0.02797629999986384	epochs	2.0
1249.687503852588	0.014010599999892293	epochs	3.0
1249.7015144525878	0.013965699999971548	epochs	3.0
1249.7154801525878	0.027797200000122757	epochs	2.0
1249.7154801525878	0.013920800000050804	epochs	3.0
1249.7294009525879	0.013876400000071953	epochs	3.0
1249.743277352588	0.027620399999932488	epochs	2.0
1249.743277352588	0.013832200000024386	epochs	3.0
1249.757109552588	0.013788199999908102	epochs	3.0
1249.7708977525879	0.027445899999975154	epochs	2.0
1249.7708977525879	0.01374460000010913	epochs	3.0
1249.784642352588	0.013701299999866023	epochs	3.0
1249.7983436525878	0.0272735000000921	epochs	2.0
1249.7983436525878	0.013658200000008947	epochs	3.0
1249.8120018525879	0.013615300000083153	epochs	3.0
1249.825617152588	0.027103399999987232	epochs	2.0
1249.825617152588	0.013572800000019924	epochs	3.0
1249.839189952588	0.013530599999967308	epochs	3.0
1249.852720552588	0.02693520000002536	epochs	2.0
1249.852720552588	0.01348839999991469	epochs	3.0
1249.8662089525878	0.01344680000011067	epochs	3.0
1249.879655752588	0.026769199999989723	epochs	2.0
1249.879655752588	0.013405199999851902	epochs	3.0
1249.8930609525878	0.013364000000137821	epochs	3.0
1249.906424952588	0.026605199999949036	epochs	2.0
1249.906424952588	0.013322900000048321	epochs	3.0
1249.919747852588	0.013282299999900715	epochs	3.0
1249.933030152588	0.0264431999999033	epochs	2.0
1249.933030152588	0.013241699999980483	epochs	3.0
1249.9462718525879	0.013201499999922817	epochs	3.0
1249.9594733525878	0.026283200000079887	epochs	2.0
1249.9594733525878	0.013161500000023807	epochs	3.0
1249.9726348525878	0.01312170000005608	epochs	3.0
1249.9857565525879	0.02612500000009277	epochs	2.0
1249.9857565525879	0.013082100000019636	epochs	3.0
1249.998838652588	0.013042900000073132	epochs	3.0
1250.011881552588	0.025968899999952555	epochs	2.0
1250.011881552588	0.013003899999830537	epochs	3.0
1250.0248854525878	0.012965000000122018	epochs	3.0
1250.037850452588	0.025814500000024054	epochs	2.0
1250.037850452588	0.012926399999969362	epochs	3.0
1250.050776852588	0.012888100000054692	epochs	3.0
1250.063664952588	0.025661899999931848	epochs	2.0
1250.063664952588	0.012849899999991976	epochs	3.0
1250.076514852588	0.012811999999939871	epochs	3.0
1250.0893268525879	0.025511199999982637	epochs	2.0
1250.0893268525879	0.012774400000125752	epochs	3.0
1250.102101252588	0.012736799999856885	epochs	3.0
1250.1148380525879	0.025362300000097093	epochs	2.0
1250.1148380525879	0.01269969999998466	epochs	3.0
1250.1275377525878	0.012662600000112434	epochs	3.0
1250.140200352588	0.025214999999889187	epochs	2.0
1250.140200352588	0.012625800000023446	epochs	3.0
1250.152826152588	0.012589199999865741	epochs	3.0
1250.1654153525878	0.024584799999956886	epochs	2.0
1250.1858401525878	0.5	epochs	-1.0
1250.1900001525878	0.540079999999989	epochs	1.0
1250.7300801525878	0.45984000000021297	epochs	0.0
1252.8120002746582	0.09999999999990905	epochs	0.0
1252.8120002746582	0.04500000000007276	epochs	1.0
1252.8570002746583	0.009999999999990905	epochs	1.0
1252.8670002746583	0.044999999999845386	epochs	1.0
1252.912000274658	2.0	epochs	0.0
1254.912000274658	21.999920000000202	epochs	0.0
1254.912000274658	1.0	epochs	1.0
1254.912000274658	0.5	epochs	-1.0
1255.412000274658	19.995840000000044	epochs	-1.0
1255.912000274658	20.0	epochs	1.0
1255.912000274658	4.356753900000058	epochs	-1.0
1255.912000274658	1.9745872000000873	epochs	2.0
1255.912000274658	1.0985622000000603	epochs	3.0
1257.0105624746582	0.8760250000000269	epochs	3.0
1257.8865874746582	1.3524075000000266	epochs	2.0
1257.8865874746582	0.7286355000001095	epochs	3.0
1258.6152229746583	0.6237719999999172	epochs	3.0
1259.2389949746582	1.029759199999944	epochs	2.0
1259.2389949746582	0.5453293000000485	epochs	3.0
1259.7843242746583	0.4844298999998955	epochs	3.0
1260.2687541746582	0.8317862000001242	epochs	2.0
1260.2687541746582	0.4357763000000432	epochs	3.0
1260.7045304746582	0.39600990000008096	epochs	3.0
1261.1005403746583	0.6977969999998095	epochs	2.0
1261.1005403746583	0.3628982000000178	epochs	3.0
1261.4634385746583	0.33489879999979166	epochs	3.0
1261.798337374658	0.601045699999986	epochs	2.0
1261.798337374658	0.3109123000001546	epochs	3.0
1262.1092496746583	0.29013339999983145	epochs	3.0
1262.399383074658	0.5278859000000011	epochs	2.0
1262.399383074658	0.2719586000000618	epochs	3.0
1262.6713416746582	0.25592729999993935	epochs	3.0
1262.927268974658	0.4706193000001804	epochs	2.0
1262.927268974658	0.24168130000020938	epochs	3.0
1263.1689502746583	0.228937999999971	epochs	3.0
1263.3978882746583	0.42457039999999324	epochs	2.0
1263.3978882746583	0.21747140000002219	epochs	3.0
1263.6153596746583	0.20709899999997106	epochs	3.0
1263.8224586746583	0.3867353999999068	epochs	2.0
1263.8224586746583	0.19767109999997956	epochs	3.0
1264.0201297746582	0.18906429999992724	epochs	3.0
1264.2091940746582	0.35509530000013	epochs	2.0
1264.2091940746582	0.18117589999997108	epochs	3.0
1264.3903699746581	0.17391940000015893	epochs	3.0
1264.5642893746583	0.3282431000000088	epochs	2.0
1264.5642893746583	0.16722189999995862	epochs	3.0
1264.7315112746583	0.16102120000005016	epochs	3.0
1264.8925324746583	0.3051679999998669	epochs	2.0
1264.8925324746583	0.15526389999990897	epochs	3.0
1265.0477963746582	0.1499040999999579	epochs	3.0
1265.1977004746582	0.28512530000011793	epochs	2.0
1265.1977004746582	0.1449021000000812	epochs	3.0
1265.3426025746583	0.14022320000003674	epochs	3.0
1265.4828257746583	0.2675537999998596	epochs	2.0
1265.4828257746583	0.1358368999999584	epochs	3.0
1265.6186626746583	0.13171689999990122	epochs	3.0
1265.7503795746582	0.25202290000015637	epochs	2.0
1265.7503795746582	0.1278393000000051	epochs	3.0
1265.8782188746582	0.12418360000015127	epochs	3.0
1266.0024024746583	0.23819649999995818	epochs	2.0
1266.0024024746583	0.1207310999998299	epochs	3.0
1266.1231335746581	0.11746540000012828	epochs	3.0
1266.2405989746583	0.22580879999986792	epochs	2.0
1266.2405989746583	0.1143718999999237	epochs	3.0
1266.3549708746582	0.11143689999994422	epochs	3.0
1266.4664077746581	0.2146460000001298	epochs	2.0
1266.4664077746581	0.10864890000016203	epochs	3.0
1266.5750566746583	0.10599709999996776	epochs	3.0
1266.6810537746583	0.2045349999998507	epochs	2.0
1266.6810537746583	0.1034714999998414	epochs	3.0
1266.784525274658	0.1010635000000093	epochs	3.0
1266.8855887746581	0.19533400000000256	epochs	2.0
1266.8855887746581	0.09876510000003691	epochs	3.0
1266.9843538746582	0.09656889999996565	epochs	3.0
1267.0809227746581	0.18692529999998442	epochs	2.0
1267.0809227746581	0.09446830000001682	epochs	3.0
1267.1753910746581	0.09245699999996759	epochs	3.0
1267.267848074658	0.1792107000001124	epochs	2.0
1267.267848074658	0.0905296000000817	epochs	3.0
1267.3583776746582	0.08868110000003071	epochs	3.0
1267.4470587746582	0.17210769999996955	epochs	2.0
1267.4470587746582	0.08690630000000965	epochs	3.0
1267.5339650746582	0.0852013999999599	epochs	3.0
1267.6191664746582	0.16554640000003928	epochs	2.0
1267.6191664746582	0.08356189999994967	epochs	3.0
1267.7027283746581	0.08198450000008961	epochs	3.0
1267.7847128746582	0.15946710000002895	epochs	2.0
1267.7847128746582	0.08046539999986635	epochs	3.0
1267.865178274658	0.0790017000001626	epochs	3.0
1267.9441799746583	0.1538183999998637	epochs	2.0
1267.9441799746583	0.07759009999995214	epochs	3.0
1268.0217700746582	0.07622829999991154	epochs	3.0
1268.0979983746581	0.14855640000018866	epochs	2.0
1268.0979983746581	0.07491330000016205	epochs	3.0
1268.1729116746583	0.0736431000000266	epochs	3.0
1268.2465547746583	0.1436423999998624	epochs	2.0
1268.2465547746583	0.07241499999986445	epochs	3.0
1268.3189697746582	0.07122739999999794	epochs	3.0
1268.3901971746582	0.13904309999998077	epochs	2.0
1268.3901971746582	0.07007799999996678	epochs	3.0
1268.4602751746581	0.06896510000001399	epochs	3.0
1268.5292402746582	0.1347293000001173	epochs	2.0
1268.5292402746582	0.0678871000000072	epochs	3.0
1268.5971273746582	0.0668422000001101	epochs	3.0
1268.6639695746583	0.1306752000000415	epochs	2.0
1268.6639695746583	0.06582909999997355	epochs	3.0
1268.7297986746582	0.06484610000006796	epochs	3.0
1268.7946447746583	0.1268577999999252	epochs	2.0
1268.7946447746583	0.06389199999989614	epochs	3.0
1268.8585367746582	0.06296580000002905	epochs	3.0
1268.9215025746582	0.12325719999989815	epochs	2.0
1268.9215025746582	0.06206580000002759	epochs	3.0
1268.9835683746583	0.061191399999870555	epochs	3.0
1269.0447597746581	0.11985540000000583	epochs	2.0
1269.0447597746581	0.060341099999959624	epochs	3.0
1269.105100874658	0.059514300000046205	epochs	3.0
1269.1646151746581	0.11663620000012997	epochs	2.0
1269.1646151746581	0.05870960000015657	epochs	3.0
1269.2233247746583	0.057926599999973405	epochs	3.0
1269.2812513746583	0.11358559999985118	epochs	2.0
1269.2812513746583	0.05716419999998834	epochs	3.0
1269.3384155746583	0.05642139999986284	epochs	3.0
1269.3948369746581	0.11069050000014613	epochs	2.0
1269.3948369746581	0.055697900000041045	epochs	3.0
1269.4505348746582	0.054992600000105085	epochs	3.0
1269.5055274746583	0.10793909999983953	epochs	2.0
1269.5055274746583	0.05430490000003374	epochs	3.0
1269.5598323746583	0.05363419999980579	epochs	3.0
1269.613466574658	0.10532150000017282	epochs	2.0
1269.613466574658	0.052980000000161453	epochs	3.0
1269.6664465746583	0.052341500000011365	epochs	3.0
1269.7187880746583	0.10282759999995505	epochs	2.0
1269.7187880746583	0.05171810000001642	epochs	3.0
1269.7705061746583	0.051109499999938635	epochs	3.0
1269.8216156746582	0.10044909999987794	epochs	2.0
1269.8216156746582	0.050514900000052876	epochs	3.0
1269.8721305746583	0.04993419999982507	epochs	3.0
1269.922064774658	0.09817830000019967	epochs	2.0
1269.922064774658	0.04936659999998483	epochs	3.0
1269.971431374658	0.04881170000021484	epochs	3.0
1270.0202430746583	0.09600779999982478	epochs	2.0
1270.0202430746583	0.048269199999822376	epochs	3.0
1270.0685122746581	0.04773860000000241	epochs	3.0
1270.1162508746581	0.09393120000004274	epochs	2.0
1270.1162508746581	0.04721949999998287	epochs	3.0
1270.1634703746581	0.046711700000059864	epochs	3.0
1270.2101820746582	0.09194260000003851	epochs	2.0
1270.2101820746582	0.046214599999984785	epochs	3.0
1270.2563966746582	0.045728000000053726	epochs	3.0
1270.3021246746582	0.09003630000006524	epochs	2.0
1270.3021246746582	0.045251499999949374	epochs	3.0
1270.3473761746582	0.044784800000115865	epochs	3.0
1270.3921609746583	0.08820760000003247	epochs	2.0
1270.3921609746583	0.044327800000019124	epochs	3.0
1270.4364887746583	0.04387980000001335	epochs	3.0
1270.4803685746583	0.0864516999999978	epochs	2.0
1270.4803685746583	0.04344099999980244	epochs	3.0
1270.5238095746581	0.04301070000019536	epochs	3.0
1270.5668202746583	0.08476429999996071	epochs	2.0
1270.5668202746583	0.04258899999990717	epochs	3.0
1270.6094092746582	0.04217530000005354	epochs	3.0
1270.6515845746583	0.08314150000001064	epochs	2.0
1270.6515845746583	0.04176970000003166	epochs	3.0
1270.6933542746583	0.041371799999978975	epochs	3.0
1270.7347260746583	0.08157970000002024	epochs	2.0
1270.7347260746583	0.040981399999964196	epochs	3.0
1270.7757074746582	0.04059830000005604	epochs	3.0
1270.8163057746583	0.08007549999979346	epochs	2.0
1270.8163057746583	0.04022229999986848	epochs	3.0
1270.8565280746582	0.03985319999992498	epochs	3.0
1270.896381274658	0.07862570000020241	epochs	2.0
1270.896381274658	0.039490800000066884	epochs	3.0
1270.9358720746582	0.03913490000013553	epochs	3.0
1270.9750069746583	0.07722760000001472	epochs	2.0
1270.9750069746583	0.03878539999982422	epochs	3.0
1271.0137923746581	0.038442200000190496	epochs	3.0
1271.0522345746583	0.07587819999980638	epochs	2.0
1271.0522345746583	0.03810479999992822	epochs	3.0
1271.0903393746582	0.037773399999878166	epochs	3.0
1271.1281127746581	0.0745752000000266	epochs	2.0
1271.1281127746581	0.03744770000002973	epochs	3.0
1271.1655604746582	0.03712749999999687	epochs	3.0
1271.2026879746581	0.07331629999998768	epochs	2.0
1271.2026879746581	0.0368129000000863	epochs	3.0
1271.2395008746582	0.036503399999901376	epochs	3.0
1271.2760042746581	0.07209899999998015	epochs	2.0
1271.2760042746581	0.03619909999997617	epochs	3.0
1271.312203374658	0.03589990000000398	epochs	3.0
1271.3481032746581	0.07092170000009901	epochs	2.0
1271.3481032746581	0.03560560000005353	epochs	3.0
1271.3837088746582	0.03531610000004548	epochs	3.0
1271.4190249746582	0.06978200000003199	epochs	2.0
1271.4190249746582	0.03503120000004856	epochs	3.0
1271.4540561746583	0.03475079999998343	epochs	3.0
1271.4888069746582	0.06867859999988468	epochs	2.0
1271.4888069746582	0.03447510000000875	epochs	3.0
1271.5232820746583	0.03420349999987593	epochs	3.0
1271.5574855746581	0.06760930000018561	epochs	2.0
1271.5574855746581	0.033936199999970995	epochs	3.0
1271.591421774658	0.03367310000021462	epochs	3.0
1271.6250948746583	0.06657289999998284	epochs	2.0
1271.6250948746583	0.03341399999999339	epochs	3.0
1271.6585088746583	0.033158899999989444	epochs	3.0
1271.6916677746583	0.06556779999982609	epochs	2.0
1271.6916677746583	0.03290769999989607	epochs	3.0
1271.7245754746582	0.032660099999930026	epochs	3.0
1271.7572355746581	0.06459259999996902	epochs	2.0
1271.7572355746581	0.03241640000010193	epochs	3.0
1271.7896519746582	0.032176199999867094	epochs	3.0
1271.821828174658	0.06364600000006249	epochs	2.0
1271.821828174658	0.03193960000021434	epochs	3.0
1271.8537677746583	0.031706399999848145	epochs	3.0
1271.8854741746582	0.0627266999999847	epochs	2.0
1271.8854741746582	0.03147660000013275	epochs	3.0
1271.9169507746583	0.031250099999851955	epochs	3.0
1271.9482008746581	0.06183359999999993	epochs	2.0
1271.9482008746581	0.031026900000142632	epochs	3.0
1271.9792277746583	0.0308066999998573	epochs	3.0
1272.0100344746581	0.06096560000014506	epochs	2.0
1272.0100344746581	0.03058980000014344	epochs	3.0
1272.0406242746583	0.030375800000001618	epochs	3.0
1272.0710000746583	0.06012160000000222	epochs	2.0
1272.0710000746583	0.030164899999817862	epochs	3.0
1272.101164974658	0.029956700000184355	epochs	3.0
1272.1311216746583	0.05930069999999432	epochs	2.0
1272.1311216746583	0.029751599999826794	epochs	3.0
1272.1608732746581	0.029549100000167527	epochs	3.0
1272.1904223746583	0.05850179999993088	epochs	2.0
1272.1904223746583	0.02934940000000097	epochs	3.0
1272.2197717746583	0.029152399999929912	epochs	3.0
1272.2489241746582	0.05772419999993872	epochs	2.0
1272.2489241746582	0.028958000000102402	epochs	3.0
1272.2778821746583	0.028766199999836317	epochs	3.0
1272.3066483746582	0.05696710000006533	epochs	2.0
1272.3066483746582	0.028577000000041153	epochs	3.0
1272.3352253746582	0.028390100000024177	epochs	3.0
1272.3636154746582	0.05622949999997218	epochs	2.0
1272.3636154746582	0.028205699999944045	epochs	3.0
1272.3918211746582	0.028023800000028132	epochs	3.0
1272.4198449746582	0.05551070000001346	epochs	2.0
1272.4198449746582	0.027843999999959124	epochs	3.0
1272.4476889746581	0.027666700000054334	epochs	3.0
1272.4753556746582	0.054810200000019904	epochs	2.0
1272.4753556746582	0.02749149999999645	epochs	3.0
1272.5028471746582	0.027318700000023455	epochs	3.0
1272.5301658746582	0.054126999999880354	epochs	2.0
1272.5301658746582	0.027147799999966082	epochs	3.0
1272.5573136746582	0.026979199999914272	epochs	3.0
1272.584292874658	0.05346070000018699	epochs	2.0
1272.584292874658	0.026812600000084785	epochs	3.0
1272.6111054746582	0.026648100000102204	epochs	3.0
1272.6377535746583	0.05281070000000909	epochs	2.0
1272.6377535746583	0.0264855999998872	epochs	3.0
1272.6642391746582	0.026325100000121893	epochs	3.0
1272.6905642746583	0.052176199999848905	epochs	2.0
1272.6905642746583	0.026166399999965506	epochs	3.0
1272.7167306746583	0.0260097999998834	epochs	3.0
1272.7427404746581	0.051556699999991906	epochs	2.0
1272.7427404746581	0.02585480000016105	epochs	3.0
1272.7685952746583	0.025701899999830857	epochs	3.0
1272.7942971746581	0.05095189999997274	epochs	2.0
1272.7942971746581	0.025550700000167126	epochs	3.0
1272.8198478746583	0.025401199999805613	epochs	3.0
1272.845249074658	0.05036100000006627	epochs	2.0
1272.845249074658	0.025253500000189888	epochs	3.0
1272.8705025746583	0.02510749999987638	epochs	3.0
1272.8956100746582	0.04978380000011384	epochs	2.0
1272.8956100746582	0.02496320000000196	epochs	3.0
1272.9205732746582	0.02482060000011188	epochs	3.0
1272.9453938746583	0.04921949999993558	epochs	2.0
1272.9453938746583	0.024679399999968155	epochs	3.0
1272.9700732746583	0.024540099999967424	epochs	3.0
1272.9946133746582	0.04866790000005494	epochs	2.0
1272.9946133746582	0.024402100000088467	epochs	3.0
1273.0190154746583	0.024265799999966475	epochs	3.0
1273.0432812746583	0.048128599999927246	epochs	2.0
1273.0432812746583	0.02413099999989754	epochs	3.0
1273.0674122746582	0.023997600000029706	epochs	3.0
1273.0914098746582	0.047601100000065344	epochs	2.0
1273.0914098746582	0.023865800000066884	epochs	3.0
1273.1152756746583	0.02373529999999846	epochs	3.0
1273.1390109746583	0.04708499999992455	epochs	2.0
1273.1390109746583	0.023606299999983094	epochs	3.0
1273.1626172746583	0.023478699999941455	epochs	3.0
1273.1860959746582	0.046579999999948996	epochs	2.0
1273.1860959746582	0.023352500000100918	epochs	3.0
1273.2094484746583	0.023227499999848078	epochs	3.0
1273.2326759746582	0.046085700000048746	epochs	2.0
1273.2326759746582	0.023104000000103042	epochs	3.0
1273.2557799746583	0.022981699999945704	epochs	3.0
1273.2787616746582	0.045601799999985815	epochs	2.0
1273.2787616746582	0.02286069999991014	epochs	3.0
1273.301622374658	0.022741100000075676	epochs	3.0
1273.3243634746582	0.04512790000012501	epochs	2.0
1273.3243634746582	0.022622500000125	epochs	3.0
1273.3469859746583	0.02250540000000001	epochs	3.0
1273.3694913746583	0.04466379999985293	epochs	2.0
1273.3694913746583	0.02238929999998618	epochs	3.0
1273.3918806746583	0.022274499999866748	epochs	3.0
1273.4141551746582	0.04420920000006845	epochs	2.0
1273.4141551746582	0.022160799999937808	epochs	3.0
1273.436315974658	0.02204840000013064	epochs	3.0
1273.4583643746582	0.04376359999992019	epochs	2.0
1273.4583643746582	0.02193689999990056	epochs	3.0
1273.4803012746581	0.021826700000019628	epochs	3.0
1273.5021279746582	0.04332709999994222	epochs	2.0
1273.5021279746582	0.02171760000010181	epochs	3.0
1273.5238455746583	0.02160949999984041	epochs	3.0
1273.545455074658	0.04289900000003399	epochs	2.0
1273.545455074658	0.021502500000224245	epochs	3.0
1273.5669575746583	0.021396499999809748	epochs	3.0
1273.5883540746581	0.04247950000012679	epochs	2.0
1273.5883540746581	0.021291700000119818	epochs	3.0
1273.6096457746582	0.021187800000006973	epochs	3.0
1273.6308335746583	0.04206789999989269	epochs	2.0
1273.6308335746583	0.02108490000000529	epochs	3.0
1273.6519184746583	0.020982999999887397	epochs	3.0
1273.6729014746581	0.04166439999994509	epochs	2.0
1273.6729014746581	0.020882199999959994	epochs	3.0
1273.693783674658	0.020782199999985096	epochs	3.0
1273.714565874658	0.04126850000011473	epochs	2.0
1273.714565874658	0.02068330000020069	epochs	3.0
1273.7352491746583	0.02058519999991404	epochs	3.0
1273.7558343746582	0.04088000000001557	epochs	2.0
1273.7558343746582	0.020488099999965925	epochs	3.0
1273.7763224746582	0.020391900000049645	epochs	3.0
1273.7967143746582	0.04049880000002304	epochs	2.0
1273.7967143746582	0.020296599999937825	epochs	3.0
1273.8170109746582	0.020202200000085213	epochs	3.0
1273.8372131746582	0.040124599999899146	epochs	2.0
1273.8372131746582	0.02010870000003706	epochs	3.0
1273.8573218746583	0.020015899999862086	epochs	3.0
1273.8773377746581	0.03975730000001931	epochs	2.0
1273.8773377746581	0.019924200000104975	epochs	3.0
1273.8972619746582	0.01983309999991434	epochs	3.0
1273.9170950746582	0.03939669999999751	epochs	2.0
1273.9170950746582	0.01974300000006224	epochs	3.0
1273.9368380746582	0.01965369999993527	epochs	3.0
1273.9564917746582	0.03904239999997117	epochs	2.0
1273.9564917746582	0.019565100000136226	epochs	3.0
1273.9760568746583	0.01947729999983494	epochs	3.0
1273.9955341746581	0.038694600000098944	epochs	2.0
1273.9955341746581	0.019390400000020236	epochs	3.0
1274.0149245746582	0.01930420000007871	epochs	3.0
1274.0342287746582	0.03835290000006353	epochs	2.0
1274.0342287746582	0.019218799999862313	epochs	3.0
1274.053447574658	0.019134100000201215	epochs	3.0
1274.0725816746583	0.03801720000001296	epochs	2.0
1274.0725816746583	0.019050199999810502	epochs	3.0
1274.091631874658	0.01896700000020246	epochs	3.0
1274.1105988746583	0.03768719999993664	epochs	2.0
1274.1105988746583	0.018884499999785476	epochs	3.0
1274.129483374658	0.018802700000151162	epochs	3.0
1274.1482860746582	0.03736309999999321	epochs	2.0
1274.1482860746582	0.018721700000014607	epochs	3.0
1274.1670077746583	0.018641399999978603	epochs	3.0
1274.1856491746582	0.03704429999993408	epochs	2.0
1274.1856491746582	0.018561599999884493	epochs	3.0
1274.2042107746581	0.01848270000004959	epochs	3.0
1274.2226934746582	0.036731000000145286	epochs	2.0
1274.2226934746582	0.018404299999929208	epochs	3.0
1274.241097774658	0.01832670000021608	epochs	3.0
1274.2594244746583	0.03642289999993409	epochs	2.0
1274.2594244746583	0.018249599999990096	epochs	3.0
1274.2776740746583	0.018173299999943993	epochs	3.0
1274.2958473746583	0.03612010000006194	epochs	2.0
1274.2958473746583	0.01809759999991911	epochs	3.0
1274.3139449746582	0.018022500000142827	epochs	3.0
1274.3319674746583	0.03582209999990482	epochs	2.0
1274.3319674746583	0.01794789999985369	epochs	3.0
1274.3499153746582	0.017874200000051133	epochs	3.0
1274.3677895746582	0.03552899999999681	epochs	2.0
1274.3677895746582	0.017800800000031813	epochs	3.0
1274.3855903746582	0.017728199999965	epochs	3.0
1274.4033185746582	0.03524070000003121	epochs	2.0
1274.4033185746582	0.017656100000067454	epochs	3.0
1274.4209746746583	0.017584599999963757	epochs	3.0
1274.4385592746582	0.03495709999992869	epochs	2.0
1274.4385592746582	0.017513699999881283	epochs	3.0
1274.4560729746581	0.017443400000047404	epochs	3.0
1274.4735163746582	0.03467790000013338	epochs	2.0
1274.4735163746582	0.017373599999928047	epochs	3.0
1274.490889974658	0.01730430000020533	epochs	3.0
1274.5081942746583	0.03440329999989444	epochs	2.0
1274.5081942746583	0.017235699999901044	epochs	3.0
1274.5254299746582	0.0171675999999934	epochs	3.0
1274.5425975746582	0.03413279999995211	epochs	2.0
1274.5425975746582	0.01709989999994832	epochs	3.0
1274.5596974746582	0.017032900000003792	epochs	3.0
1274.5767303746582	0.03386670000008962	epochs	2.0
1274.5767303746582	0.01696640000000116	epochs	3.0
1274.5936967746582	0.016900300000088464	epochs	3.0
1274.6105970746582	0.03360459999998966	epochs	2.0
1274.6105970746582	0.01683479999996962	epochs	3.0
1274.6274318746582	0.01676980000002004	epochs	3.0
1274.6442016746582	0.033346599999958926	epochs	2.0
1274.6442016746582	0.016705300000012357	epochs	3.0
1274.6609069746582	0.01664129999994657	epochs	3.0
1274.6775482746582	0.03309250000006614	epochs	2.0
1274.6775482746582	0.016577800000050047	epochs	3.0
1274.6941260746582	0.01651470000001609	epochs	3.0
1274.7106407746583	0.03284229999985655	epochs	2.0
1274.7106407746583	0.01645220000000336	epochs	3.0
1274.7270929746583	0.01639009999985319	epochs	3.0
1274.7434830746581	0.03259570000000167	epochs	2.0
1274.7434830746581	0.016328400000020338	epochs	3.0
1274.7598114746581	0.016267299999981333	epochs	3.0
1274.7760787746581	0.032352899999978035	epochs	2.0
1274.7760787746581	0.016206600000032267	epochs	3.0
1274.7922853746581	0.016146299999945768	epochs	3.0
1274.808431674658	0.032113700000081735	epochs	2.0
1274.808431674658	0.016086600000107865	epochs	3.0
1274.8245182746582	0.01602709999997387	epochs	3.0
1274.8405453746582	0.03187800000000607	epochs	2.0
1274.8405453746582	0.015968200000088473	epochs	3.0
1274.8565135746583	0.015909799999917595	epochs	3.0
1274.8724233746582	0.03164570000012645	epochs	2.0
1274.8724233746582	0.015851599999905375	epochs	3.0
1274.888274974658	0.01579410000022108	epochs	3.0
1274.9040690746583	0.031416699999908815	epochs	2.0
1274.9040690746583	0.01573669999993399	epochs	3.0
1274.9198057746582	0.015679999999974825	epochs	3.0
1274.9354857746582	0.03119109999988723	epochs	2.0
1274.9354857746582	0.015623600000026272	epochs	3.0
1274.9511093746582	0.015567499999860956	epochs	3.0
1274.966676874658	0.03096870000013041	epochs	2.0
1274.966676874658	0.01551200000017161	epochs	3.0
1274.9821888746583	0.0154566999999588	epochs	3.0
1274.9976455746582	0.030749499999956242	epochs	2.0
1274.9976455746582	0.015401999999994587	epochs	3.0
1275.0130475746582	0.015347499999961656	epochs	3.0
1275.0283950746582	0.03053320000003623	epochs	2.0
1275.0283950746582	0.015293400000018664	epochs	3.0
1275.0436884746582	0.015239800000017567	epochs	3.0
1275.0589282746582	0.030320099999926242	epochs	2.0
1275.0589282746582	0.015186500000027081	epochs	3.0
1275.0741147746583	0.015133599999899161	epochs	3.0
1275.0892483746582	0.03010990000007041	epochs	2.0
1275.0892483746582	0.015081000000009226	epochs	3.0
1275.1043293746582	0.015028900000061185	epochs	3.0
1275.1193582746582	0.029902499999934662	epochs	2.0
1275.1193582746582	0.014977000000044427	epochs	3.0
1275.1343352746583	0.014925499999890235	epochs	3.0
1275.1492607746582	0.0296981000001324	epochs	2.0
1275.1492607746582	0.014874400000053356	epochs	3.0
1275.1641351746582	0.014823700000079043	epochs	3.0
1275.1789588746583	0.029496299999891562	epochs	2.0
1275.1789588746583	0.01477319999980864	epochs	3.0
1275.193732074658	0.014723100000082923	epochs	3.0
1275.2084551746582	0.029297400000132257	epochs	2.0
1275.2084551746582	0.014673399999992398	epochs	3.0
1275.2231285746582	0.014624000000139858	epochs	3.0
1275.2377525746583	0.029101099999934377	epochs	2.0
1275.2377525746583	0.014574899999843183	epochs	3.0
1275.2523274746582	0.014526200000091194	epochs	3.0
1275.2668536746583	0.028907399999980044	epochs	2.0
1275.2668536746583	0.014477700000043114	epochs	3.0
1275.2813313746583	0.014429699999936929	epochs	3.0
1275.2957610746582	0.028716199999962555	epochs	2.0
1275.2957610746582	0.014381799999910072	epochs	3.0
1275.3101428746581	0.014334400000052483	epochs	3.0
1275.3244772746582	0.02852759999996124	epochs	2.0
1275.3244772746582	0.014287199999898803	epochs	3.0
1275.338764474658	0.014240400000062436	epochs	3.0
1275.3530048746582	0.028341400000044814	epochs	2.0
1275.3530048746582	0.014193800000157353	epochs	3.0
1275.3671986746583	0.014147599999887461	epochs	3.0
1275.3813462746582	0.028157700000065233	epochs	2.0
1275.3813462746582	0.014101700000082928	epochs	3.0
1275.3954479746583	0.014055999999982305	epochs	3.0
1275.4095039746583	0.02797629999986384	epochs	2.0
1275.4095039746583	0.014010599999892293	epochs	3.0
1275.4235145746582	0.013965699999971548	epochs	3.0
1275.4374802746581	0.027797200000122757	epochs	2.0
1275.4374802746581	0.013920800000050804	epochs	3.0
1275.4514010746582	0.013876400000071953	epochs	3.0
1275.4652774746583	0.027620399999932488	epochs	2.0
1275.4652774746583	0.013832200000024386	epochs	3.0
1275.4791096746583	0.013788199999908102	epochs	3.0
1275.4928978746582	0.027445899999975154	epochs	2.0
1275.4928978746582	0.01374460000010913	epochs	3.0
1275.5066424746583	0.013701299999866023	epochs	3.0
1275.5203437746582	0.0272735000000921	epochs	2.0
1275.5203437746582	0.013658200000008947	epochs	3.0
1275.5340019746582	0.013615300000083153	epochs	3.0
1275.5476172746583	0.027103399999987232	epochs	2.0
1275.5476172746583	0.013572800000019924	epochs	3.0
1275.5611900746583	0.013530599999967308	epochs	3.0
1275.5747206746582	0.02693520000002536	epochs	2.0
1275.5747206746582	0.01348839999991469	epochs	3.0
1275.5882090746582	0.01344680000011067	epochs	3.0
1275.6016558746583	0.026769199999989723	epochs	2.0
1275.6016558746583	0.013405199999851902	epochs	3.0
1275.6150610746581	0.013364000000137821	epochs	3.0
1275.6284250746583	0.026605199999949036	epochs	2.0
1275.6284250746583	0.013322900000048321	epochs	3.0
1275.6417479746583	0.013282299999900715	epochs	3.0
1275.6550302746582	0.0264431999999033	epochs	2.0
1275.6550302746582	0.013241699999980483	epochs	3.0
1275.6682719746582	0.013201499999922817	epochs	3.0
1275.681473474658	0.026283200000079887	epochs	2.0
1275.681473474658	0.013161500000023807	epochs	3.0
1275.6946349746581	0.01312170000005608	epochs	3.0
1275.7077566746582	0.02612500000009277	epochs	2.0
1275.7077566746582	0.013082100000019636	epochs	3.0
1275.7208387746582	0.013042900000073132	epochs	3.0
1275.7338816746583	0.025968899999952555	epochs	2.0
1275.7338816746583	0.013003899999830537	epochs	3.0
1275.746885574658	0.012965000000122018	epochs	3.0
1275.7598505746582	0.025814500000024054	epochs	2.0
1275.7598505746582	0.012926399999969362	epochs	3.0
1275.7727769746582	0.012888100000054692	epochs	3.0
1275.7856650746583	0.025661899999931848	epochs	2.0
1275.7856650746583	0.012849899999991976	epochs	3.0
1275.7985149746582	0.012811999999939871	epochs	3.0
1275.8113269746582	0.025511199999982637	epochs	2.0
1275.8113269746582	0.012774400000125752	epochs	3.0
1275.8241013746583	0.012736799999856885	epochs	3.0
1275.8368381746582	0.025362300000097093	epochs	2.0
1275.8368381746582	0.01269969999998466	epochs	3.0
1275.8495378746582	0.012662600000112434	epochs	3.0
1275.8622004746583	0.025214999999889187	epochs	2.0
1275.8622004746583	0.012625800000023446	epochs	3.0
1275.8748262746583	0.012589199999865741	epochs	3.0
1275.8874154746582	0.024584799999956886	epochs	2.0
1275.9078402746582	0.5	epochs	-1.0
1275.912000274658	0.999920000000202	epochs	1.0
1276.4078402746582	0.5	epochs	-1.0
1279.4920001029968	0.09999999999990905	epochs	0.0
1279.4920001029968	0.04500000000007276	epochs	1.0
1279.537000102997	0.009999999999990905	epochs	1.0
1279.547000102997	0.044999999999845386	epochs	1.0
1279.5920001029967	2.0	epochs	0.0
1281.5920001029967	21.999920000000202	epochs	0.0
1281.5920001029967	1.0	epochs	1.0
1281.5920001029967	0.5	epochs	-1.0
1282.0920001029967	19.995840000000044	epochs	-1.0
1282.5920001029967	20.0	epochs	1.0
1282.5920001029967	4.356753900000058	epochs	-1.0
1282.5920001029967	1.9745872000000873	epochs	2.0
1282.5920001029967	1.0985622000000603	epochs	3.0
1283.6905623029968	0.8760250000000269	epochs	3.0
1284.5665873029968	1.3524075000000266	epochs	2.0
1284.5665873029968	0.7286355000001095	epochs	3.0
1285.295222802997	0.6237719999999172	epochs	3.0
1285.9189948029968	1.029759199999944	epochs	2.0
1285.9189948029968	0.5453293000000485	epochs	3.0
1286.464324102997	0.4844298999998955	epochs	3.0
1286.9487540029968	0.8317862000001242	epochs	2.0
1286.9487540029968	0.4357763000000432	epochs	3.0
1287.3845303029968	0.39600990000008096	epochs	3.0
1287.780540202997	0.6977969999998095	epochs	2.0
1287.780540202997	0.3628982000000178	epochs	3.0
1288.143438402997	0.33489879999979166	epochs	3.0
1288.4783372029967	0.601045699999986	epochs	2.0
1288.4783372029967	0.3109123000001546	epochs	3.0
1288.7892495029969	0.29013339999983145	epochs	3.0
1289.0793829029967	0.5278859000000011	epochs	2.0
1289.0793829029967	0.2719586000000618	epochs	3.0
1289.3513415029968	0.25592729999993935	epochs	3.0
1289.6072688029967	0.4706193000001804	epochs	2.0
1289.6072688029967	0.24168130000020938	epochs	3.0
1289.848950102997	0.228937999999971	epochs	3.0
1290.077888102997	0.42457039999999324	epochs	2.0
1290.077888102997	0.21747140000002219	epochs	3.0
1290.295359502997	0.20709899999997106	epochs	3.0
1290.502458502997	0.3867353999999068	epochs	2.0
1290.502458502997	0.19767109999997956	epochs	3.0
1290.7001296029969	0.18906429999992724	epochs	3.0
1290.8891939029968	0.35509530000013	epochs	2.0
1290.8891939029968	0.18117589999997108	epochs	3.0
1291.0703698029968	0.17391940000015893	epochs	3.0
1291.244289202997	0.3282431000000088	epochs	2.0
1291.244289202997	0.16722189999995862	epochs	3.0
1291.4115111029969	0.16102120000005016	epochs	3.0
1291.572532302997	0.3051679999998669	epochs	2.0
1291.572532302997	0.15526389999990897	epochs	3.0
1291.7277962029968	0.1499040999999579	epochs	3.0
1291.8777003029968	0.28512530000011793	epochs	2.0
1291.8777003029968	0.1449021000000812	epochs	3.0
1292.0226024029969	0.14022320000003674	epochs	3.0
1292.162825602997	0.2675537999998596	epochs	2.0
1292.162825602997	0.1358368999999584	epochs	3.0
1292.2986625029969	0.13171689999990122	epochs	3.0
1292.4303794029968	0.25202290000015637	epochs	2.0
1292.4303794029968	0.1278393000000051	epochs	3.0
1292.5582187029968	0.12418360000015127	epochs	3.0
1292.682402302997	0.23819649999995818	epochs	2.0
1292.682402302997	0.1207310999998299	epochs	3.0
1292.8031334029968	0.11746540000012828	epochs	3.0
1292.920598802997	0.22580879999986792	epochs	2.0
1292.920598802997	0.1143718999999237	epochs	3.0
1293.0349707029968	0.11143689999994422	epochs	3.0
1293.1464076029968	0.2146460000001298	epochs	2.0
1293.1464076029968	0.10864890000016203	epochs	3.0
1293.255056502997	0.10599709999996776	epochs	3.0
1293.361053602997	0.2045349999998507	epochs	2.0
1293.361053602997	0.1034714999998414	epochs	3.0
1293.4645251029967	0.1010635000000093	epochs	3.0
1293.5655886029967	0.19533400000000256	epochs	2.0
1293.5655886029967	0.09876510000003691	epochs	3.0
1293.6643537029968	0.09656889999996565	epochs	3.0
1293.7609226029967	0.18692529999998442	epochs	2.0
1293.7609226029967	0.09446830000001682	epochs	3.0
1293.8553909029968	0.09245699999996759	epochs	3.0
1293.9478479029967	0.1792107000001124	epochs	2.0
1293.9478479029967	0.0905296000000817	epochs	3.0
1294.0383775029968	0.08868110000003071	epochs	3.0
1294.1270586029968	0.17210769999996955	epochs	2.0
1294.1270586029968	0.08690630000000965	epochs	3.0
1294.2139649029968	0.0852013999999599	epochs	3.0
1294.2991663029968	0.16554640000003928	epochs	2.0
1294.2991663029968	0.08356189999994967	epochs	3.0
1294.3827282029968	0.08198450000008961	epochs	3.0
1294.4647127029968	0.15946710000002895	epochs	2.0
1294.4647127029968	0.08046539999986635	epochs	3.0
1294.5451781029967	0.0790017000001626	epochs	3.0
1294.6241798029969	0.1538183999998637	epochs	2.0
1294.6241798029969	0.07759009999995214	epochs	3.0
1294.7017699029968	0.07622829999991154	epochs	3.0
1294.7779982029967	0.14855640000018866	epochs	2.0
1294.7779982029967	0.07491330000016205	epochs	3.0
1294.852911502997	0.0736431000000266	epochs	3.0
1294.926554602997	0.1436423999998624	epochs	2.0
1294.926554602997	0.07241499999986445	epochs	3.0
1294.9989696029968	0.07122739999999794	epochs	3.0
1295.0701970029968	0.13904309999998077	epochs	2.0
1295.0701970029968	0.07007799999996678	epochs	3.0
1295.1402750029968	0.06896510000001399	epochs	3.0
1295.2092401029968	0.1347293000001173	epochs	2.0
1295.2092401029968	0.0678871000000072	epochs	3.0
1295.2771272029968	0.0668422000001101	epochs	3.0
1295.343969402997	0.1306752000000415	epochs	2.0
1295.343969402997	0.06582909999997355	epochs	3.0
1295.4097985029969	0.06484610000006796	epochs	3.0
1295.474644602997	0.1268577999999252	epochs	2.0
1295.474644602997	0.06389199999989614	epochs	3.0
1295.5385366029968	0.06296580000002905	epochs	3.0
1295.6015024029969	0.12325719999989815	epochs	2.0
1295.6015024029969	0.06206580000002759	epochs	3.0
1295.6635682029969	0.061191399999870555	epochs	3.0
1295.7247596029968	0.11985540000000583	epochs	2.0
1295.7247596029968	0.060341099999959624	epochs	3.0
1295.7851007029967	0.059514300000046205	epochs	3.0
1295.8446150029968	0.11663620000012997	epochs	2.0
1295.8446150029968	0.05870960000015657	epochs	3.0
1295.903324602997	0.057926599999973405	epochs	3.0
1295.961251202997	0.11358559999985118	epochs	2.0
1295.961251202997	0.05716419999998834	epochs	3.0
1296.0184154029969	0.05642139999986284	epochs	3.0
1296.0748368029967	0.11069050000014613	epochs	2.0
1296.0748368029967	0.055697900000041045	epochs	3.0
1296.1305347029968	0.054992600000105085	epochs	3.0
1296.185527302997	0.10793909999983953	epochs	2.0
1296.185527302997	0.05430490000003374	epochs	3.0
1296.239832202997	0.05363419999980579	epochs	3.0
1296.2934664029967	0.10532150000017282	epochs	2.0
1296.2934664029967	0.052980000000161453	epochs	3.0
1296.346446402997	0.052341500000011365	epochs	3.0
1296.398787902997	0.10282759999995505	epochs	2.0
1296.398787902997	0.05171810000001642	epochs	3.0
1296.450506002997	0.051109499999938635	epochs	3.0
1296.5016155029969	0.10044909999987794	epochs	2.0
1296.5016155029969	0.050514900000052876	epochs	3.0
1296.552130402997	0.04993419999982507	epochs	3.0
1296.6020646029967	0.09817830000019967	epochs	2.0
1296.6020646029967	0.04936659999998483	epochs	3.0
1296.6514312029967	0.04881170000021484	epochs	3.0
1296.700242902997	0.09600779999982478	epochs	2.0
1296.700242902997	0.048269199999822376	epochs	3.0
1296.7485121029968	0.04773860000000241	epochs	3.0
1296.7962507029968	0.09393120000004274	epochs	2.0
1296.7962507029968	0.04721949999998287	epochs	3.0
1296.8434702029967	0.046711700000059864	epochs	3.0
1296.8901819029968	0.09194260000003851	epochs	2.0
1296.8901819029968	0.046214599999984785	epochs	3.0
1296.9363965029968	0.045728000000053726	epochs	3.0
1296.9821245029968	0.09003630000006524	epochs	2.0
1296.9821245029968	0.045251499999949374	epochs	3.0
1297.0273760029968	0.044784800000115865	epochs	3.0
1297.072160802997	0.08820760000003247	epochs	2.0
1297.072160802997	0.044327800000019124	epochs	3.0
1297.116488602997	0.04387980000001335	epochs	3.0
1297.160368402997	0.0864516999999978	epochs	2.0
1297.160368402997	0.04344099999980244	epochs	3.0
1297.2038094029967	0.04301070000019536	epochs	3.0
1297.246820102997	0.08476429999996071	epochs	2.0
1297.246820102997	0.04258899999990717	epochs	3.0
1297.2894091029968	0.04217530000005354	epochs	3.0
1297.331584402997	0.08314150000001064	epochs	2.0
1297.331584402997	0.04176970000003166	epochs	3.0
1297.373354102997	0.041371799999978975	epochs	3.0
1297.414725902997	0.08157970000002024	epochs	2.0
1297.414725902997	0.040981399999964196	epochs	3.0
1297.4557073029969	0.04059830000005604	epochs	3.0
1297.496305602997	0.08007549999979346	epochs	2.0
1297.496305602997	0.04022229999986848	epochs	3.0
1297.5365279029968	0.03985319999992498	epochs	3.0
1297.5763811029967	0.07862570000020241	epochs	2.0
1297.5763811029967	0.039490800000066884	epochs	3.0
1297.6158719029968	0.03913490000013553	epochs	3.0
1297.655006802997	0.07722760000001472	epochs	2.0
1297.655006802997	0.03878539999982422	epochs	3.0
1297.6937922029967	0.038442200000190496	epochs	3.0
1297.732234402997	0.07587819999980638	epochs	2.0
1297.732234402997	0.03810479999992822	epochs	3.0
1297.7703392029969	0.037773399999878166	epochs	3.0
1297.8081126029967	0.0745752000000266	epochs	2.0
1297.8081126029967	0.03744770000002973	epochs	3.0
1297.8455603029968	0.03712749999999687	epochs	3.0
1297.8826878029968	0.07331629999998768	epochs	2.0
1297.8826878029968	0.0368129000000863	epochs	3.0
1297.9195007029969	0.036503399999901376	epochs	3.0
1297.9560041029968	0.07209899999998015	epochs	2.0
1297.9560041029968	0.03619909999997617	epochs	3.0
1297.9922032029967	0.03589990000000398	epochs	3.0
1298.0281031029967	0.07092170000009901	epochs	2.0
1298.0281031029967	0.03560560000005353	epochs	3.0
1298.0637087029968	0.03531610000004548	epochs	3.0
1298.0990248029968	0.06978200000003199	epochs	2.0
1298.0990248029968	0.03503120000004856	epochs	3.0
1298.1340560029969	0.03475079999998343	epochs	3.0
1298.1688068029969	0.06867859999988468	epochs	2.0
1298.1688068029969	0.03447510000000875	epochs	3.0
1298.2032819029969	0.03420349999987593	epochs	3.0
1298.2374854029968	0.06760930000018561	epochs	2.0
1298.2374854029968	0.033936199999970995	epochs	3.0
1298.2714216029967	0.03367310000021462	epochs	3.0
1298.305094702997	0.06657289999998284	epochs	2.0
1298.305094702997	0.03341399999999339	epochs	3.0
1298.338508702997	0.033158899999989444	epochs	3.0
1298.371667602997	0.06556779999982609	epochs	2.0
1298.371667602997	0.03290769999989607	epochs	3.0
1298.4045753029968	0.032660099999930026	epochs	3.0
1298.4372354029967	0.06459259999996902	epochs	2.0
1298.4372354029967	0.03241640000010193	epochs	3.0
1298.4696518029969	0.032176199999867094	epochs	3.0
1298.5018280029967	0.06364600000006249	epochs	2.0
1298.5018280029967	0.03193960000021434	epochs	3.0
1298.533767602997	0.031706399999848145	epochs	3.0
1298.5654740029968	0.0627266999999847	epochs	2.0
1298.5654740029968	0.03147660000013275	epochs	3.0
1298.596950602997	0.031250099999851955	epochs	3.0
1298.6282007029968	0.06183359999999993	epochs	2.0
1298.6282007029968	0.031026900000142632	epochs	3.0
1298.659227602997	0.0308066999998573	epochs	3.0
1298.6900343029968	0.06096560000014506	epochs	2.0
1298.6900343029968	0.03058980000014344	epochs	3.0
1298.720624102997	0.030375800000001618	epochs	3.0
1298.750999902997	0.06012160000000222	epochs	2.0
1298.750999902997	0.030164899999817862	epochs	3.0
1298.7811648029967	0.029956700000184355	epochs	3.0
1298.811121502997	0.05930069999999432	epochs	2.0
1298.811121502997	0.029751599999826794	epochs	3.0
1298.8408731029967	0.029549100000167527	epochs	3.0
1298.870422202997	0.05850179999993088	epochs	2.0
1298.870422202997	0.02934940000000097	epochs	3.0
1298.899771602997	0.029152399999929912	epochs	3.0
1298.9289240029968	0.05772419999993872	epochs	2.0
1298.9289240029968	0.028958000000102402	epochs	3.0
1298.957882002997	0.028766199999836317	epochs	3.0
1298.9866482029968	0.05696710000006533	epochs	2.0
1298.9866482029968	0.028577000000041153	epochs	3.0
1299.0152252029968	0.028390100000024177	epochs	3.0
1299.0436153029968	0.05622949999997218	epochs	2.0
1299.0436153029968	0.028205699999944045	epochs	3.0
1299.0718210029968	0.028023800000028132	epochs	3.0
1299.0998448029968	0.05551070000001346	epochs	2.0
1299.0998448029968	0.027843999999959124	epochs	3.0
1299.1276888029968	0.027666700000054334	epochs	3.0
1299.1553555029968	0.054810200000019904	epochs	2.0
1299.1553555029968	0.02749149999999645	epochs	3.0
1299.1828470029968	0.027318700000023455	epochs	3.0
1299.2101657029968	0.054126999999880354	epochs	2.0
1299.2101657029968	0.027147799999966082	epochs	3.0
1299.2373135029968	0.026979199999914272	epochs	3.0
1299.2642927029967	0.05346070000018699	epochs	2.0
1299.2642927029967	0.026812600000084785	epochs	3.0
1299.2911053029968	0.026648100000102204	epochs	3.0
1299.317753402997	0.05281070000000909	epochs	2.0
1299.317753402997	0.0264855999998872	epochs	3.0
1299.3442390029968	0.026325100000121893	epochs	3.0
1299.370564102997	0.052176199999848905	epochs	2.0
1299.370564102997	0.026166399999965506	epochs	3.0
1299.396730502997	0.0260097999998834	epochs	3.0
1299.4227403029968	0.051556699999991906	epochs	2.0
1299.4227403029968	0.02585480000016105	epochs	3.0
1299.448595102997	0.025701899999830857	epochs	3.0
1299.4742970029968	0.05095189999997274	epochs	2.0
1299.4742970029968	0.025550700000167126	epochs	3.0
1299.499847702997	0.025401199999805613	epochs	3.0
1299.5252489029967	0.05036100000006627	epochs	2.0
1299.5252489029967	0.025253500000189888	epochs	3.0
1299.550502402997	0.02510749999987638	epochs	3.0
1299.5756099029968	0.04978380000011384	epochs	2.0
1299.5756099029968	0.02496320000000196	epochs	3.0
1299.6005731029968	0.02482060000011188	epochs	3.0
1299.625393702997	0.04921949999993558	epochs	2.0
1299.625393702997	0.024679399999968155	epochs	3.0
1299.6500731029969	0.024540099999967424	epochs	3.0
1299.6746132029969	0.04866790000005494	epochs	2.0
1299.6746132029969	0.024402100000088467	epochs	3.0
1299.699015302997	0.024265799999966475	epochs	3.0
1299.723281102997	0.048128599999927246	epochs	2.0
1299.723281102997	0.02413099999989754	epochs	3.0
1299.7474121029968	0.023997600000029706	epochs	3.0
1299.7714097029968	0.047601100000065344	epochs	2.0
1299.7714097029968	0.023865800000066884	epochs	3.0
1299.795275502997	0.02373529999999846	epochs	3.0
1299.819010802997	0.04708499999992455	epochs	2.0
1299.819010802997	0.023606299999983094	epochs	3.0
1299.8426171029969	0.023478699999941455	epochs	3.0
1299.8660958029968	0.046579999999948996	epochs	2.0
1299.8660958029968	0.023352500000100918	epochs	3.0
1299.889448302997	0.023227499999848078	epochs	3.0
1299.9126758029968	0.046085700000048746	epochs	2.0
1299.9126758029968	0.023104000000103042	epochs	3.0
1299.9357798029969	0.022981699999945704	epochs	3.0
1299.9587615029968	0.045601799999985815	epochs	2.0
1299.9587615029968	0.02286069999991014	epochs	3.0
1299.9816222029967	0.022741100000075676	epochs	3.0
1300.0043633029968	0.04512790000012501	epochs	2.0
1300.0043633029968	0.022622500000125	epochs	3.0
1300.026985802997	0.02250540000000001	epochs	3.0
1300.049491202997	0.04466379999985293	epochs	2.0
1300.049491202997	0.02238929999998618	epochs	3.0
1300.071880502997	0.022274499999866748	epochs	3.0
1300.0941550029968	0.04420920000006845	epochs	2.0
1300.0941550029968	0.022160799999937808	epochs	3.0
1300.1163158029967	0.02204840000013064	epochs	3.0
1300.1383642029969	0.04376359999992019	epochs	2.0
1300.1383642029969	0.02193689999990056	epochs	3.0
1300.1603011029968	0.021826700000019628	epochs	3.0
1300.1821278029968	0.04332709999994222	epochs	2.0
1300.1821278029968	0.02171760000010181	epochs	3.0
1300.2038454029969	0.02160949999984041	epochs	3.0
1300.2254549029967	0.04289900000003399	epochs	2.0
1300.2254549029967	0.021502500000224245	epochs	3.0
1300.246957402997	0.021396499999809748	epochs	3.0
1300.2683539029968	0.04247950000012679	epochs	2.0
1300.2683539029968	0.021291700000119818	epochs	3.0
1300.2896456029969	0.021187800000006973	epochs	3.0
1300.3108334029969	0.04206789999989269	epochs	2.0
1300.3108334029969	0.02108490000000529	epochs	3.0
1300.3319183029969	0.020982999999887397	epochs	3.0
1300.3529013029968	0.04166439999994509	epochs	2.0
1300.3529013029968	0.020882199999959994	epochs	3.0
1300.3737835029967	0.020782199999985096	epochs	3.0
1300.3945657029967	0.04126850000011473	epochs	2.0
1300.3945657029967	0.02068330000020069	epochs	3.0
1300.415249002997	0.02058519999991404	epochs	3.0
1300.4358342029968	0.04088000000001557	epochs	2.0
1300.4358342029968	0.020488099999965925	epochs	3.0
1300.4563223029968	0.020391900000049645	epochs	3.0
1300.4767142029968	0.04049880000002304	epochs	2.0
1300.4767142029968	0.020296599999937825	epochs	3.0
1300.4970108029968	0.020202200000085213	epochs	3.0
1300.5172130029969	0.040124599999899146	epochs	2.0
1300.5172130029969	0.02010870000003706	epochs	3.0
1300.537321702997	0.020015899999862086	epochs	3.0
1300.5573376029968	0.03975730000001931	epochs	2.0
1300.5573376029968	0.019924200000104975	epochs	3.0
1300.5772618029969	0.01983309999991434	epochs	3.0
1300.5970949029968	0.03939669999999751	epochs	2.0
1300.5970949029968	0.01974300000006224	epochs	3.0
1300.6168379029968	0.01965369999993527	epochs	3.0
1300.6364916029968	0.03904239999997117	epochs	2.0
1300.6364916029968	0.019565100000136226	epochs	3.0
1300.656056702997	0.01947729999983494	epochs	3.0
1300.6755340029968	0.038694600000098944	epochs	2.0
1300.6755340029968	0.019390400000020236	epochs	3.0
1300.6949244029968	0.01930420000007871	epochs	3.0
1300.7142286029969	0.03835290000006353	epochs	2.0
1300.7142286029969	0.019218799999862313	epochs	3.0
1300.7334474029967	0.019134100000201215	epochs	3.0
1300.752581502997	0.03801720000001296	epochs	2.0
1300.752581502997	0.019050199999810502	epochs	3.0
1300.7716317029967	0.01896700000020246	epochs	3.0
1300.790598702997	0.03768719999993664	epochs	2.0
1300.790598702997	0.018884499999785476	epochs	3.0
1300.8094832029967	0.018802700000151162	epochs	3.0
1300.8282859029969	0.03736309999999321	epochs	2.0
1300.8282859029969	0.018721700000014607	epochs	3.0
1300.8470076029969	0.018641399999978603	epochs	3.0
1300.8656490029969	0.03704429999993408	epochs	2.0
1300.8656490029969	0.018561599999884493	epochs	3.0
1300.8842106029967	0.01848270000004959	epochs	3.0
1300.9026933029968	0.036731000000145286	epochs	2.0
1300.9026933029968	0.018404299999929208	epochs	3.0
1300.9210976029967	0.01832670000021608	epochs	3.0
1300.939424302997	0.03642289999993409	epochs	2.0
1300.939424302997	0.018249599999990096	epochs	3.0
1300.957673902997	0.018173299999943993	epochs	3.0
1300.9758472029969	0.03612010000006194	epochs	2.0
1300.9758472029969	0.01809759999991911	epochs	3.0
1300.9939448029968	0.018022500000142827	epochs	3.0
1301.011967302997	0.03582209999990482	epochs	2.0
1301.011967302997	0.01794789999985369	epochs	3.0
1301.0299152029968	0.017874200000051133	epochs	3.0
1301.0477894029968	0.03552899999999681	epochs	2.0
1301.0477894029968	0.017800800000031813	epochs	3.0
1301.0655902029969	0.017728199999965	epochs	3.0
1301.0833184029968	0.03524070000003121	epochs	2.0
1301.0833184029968	0.017656100000067454	epochs	3.0
1301.100974502997	0.017584599999963757	epochs	3.0
1301.1185591029969	0.03495709999992869	epochs	2.0
1301.1185591029969	0.017513699999881283	epochs	3.0
1301.1360728029968	0.017443400000047404	epochs	3.0
1301.1535162029968	0.03467790000013338	epochs	2.0
1301.1535162029968	0.017373599999928047	epochs	3.0
1301.1708898029967	0.01730430000020533	epochs	3.0
1301.188194102997	0.03440329999989444	epochs	2.0
1301.188194102997	0.017235699999901044	epochs	3.0
1301.2054298029968	0.0171675999999934	epochs	3.0
1301.2225974029968	0.03413279999995211	epochs	2.0
1301.2225974029968	0.01709989999994832	epochs	3.0
1301.2396973029968	0.017032900000003792	epochs	3.0
1301.2567302029968	0.03386670000008962	epochs	2.0
1301.2567302029968	0.01696640000000116	epochs	3.0
1301.2736966029968	0.016900300000088464	epochs	3.0
1301.2905969029969	0.03360459999998966	epochs	2.0
1301.2905969029969	0.01683479999996962	epochs	3.0
1301.3074317029968	0.01676980000002004	epochs	3.0
1301.3242015029969	0.033346599999958926	epochs	2.0
1301.3242015029969	0.016705300000012357	epochs	3.0
1301.3409068029969	0.01664129999994657	epochs	3.0
1301.3575481029968	0.03309250000006614	epochs	2.0
1301.3575481029968	0.016577800000050047	epochs	3.0
1301.3741259029969	0.01651470000001609	epochs	3.0
1301.3906406029969	0.03284229999985655	epochs	2.0
1301.3906406029969	0.01645220000000336	epochs	3.0
1301.4070928029969	0.01639009999985319	epochs	3.0
1301.4234829029967	0.03259570000000167	epochs	2.0
1301.4234829029967	0.016328400000020338	epochs	3.0
1301.4398113029968	0.016267299999981333	epochs	3.0
1301.4560786029967	0.032352899999978035	epochs	2.0
1301.4560786029967	0.016206600000032267	epochs	3.0
1301.4722852029968	0.016146299999945768	epochs	3.0
1301.4884315029967	0.032113700000081735	epochs	2.0
1301.4884315029967	0.016086600000107865	epochs	3.0
1301.5045181029968	0.01602709999997387	epochs	3.0
1301.5205452029968	0.03187800000000607	epochs	2.0
1301.5205452029968	0.015968200000088473	epochs	3.0
1301.536513402997	0.015909799999917595	epochs	3.0
1301.5524232029968	0.03164570000012645	epochs	2.0
1301.5524232029968	0.015851599999905375	epochs	3.0
1301.5682748029967	0.01579410000022108	epochs	3.0
1301.584068902997	0.031416699999908815	epochs	2.0
1301.584068902997	0.01573669999993399	epochs	3.0
1301.5998056029969	0.015679999999974825	epochs	3.0
1301.6154856029968	0.03119109999988723	epochs	2.0
1301.6154856029968	0.015623600000026272	epochs	3.0
1301.6311092029969	0.015567499999860956	epochs	3.0
1301.6466767029967	0.03096870000013041	epochs	2.0
1301.6466767029967	0.01551200000017161	epochs	3.0
1301.662188702997	0.0154566999999588	epochs	3.0
1301.6776454029969	0.030749499999956242	epochs	2.0
1301.6776454029969	0.015401999999994587	epochs	3.0
1301.6930474029969	0.015347499999961656	epochs	3.0
1301.7083949029968	0.03053320000003623	epochs	2.0
1301.7083949029968	0.015293400000018664	epochs	3.0
1301.7236883029968	0.015239800000017567	epochs	3.0
1301.7389281029969	0.030320099999926242	epochs	2.0
1301.7389281029969	0.015186500000027081	epochs	3.0
1301.7541146029969	0.015133599999899161	epochs	3.0
1301.7692482029968	0.03010990000007041	epochs	2.0
1301.7692482029968	0.015081000000009226	epochs	3.0
1301.7843292029968	0.015028900000061185	epochs	3.0
1301.7993581029968	0.029902499999934662	epochs	2.0
1301.7993581029968	0.014977000000044427	epochs	3.0
1301.814335102997	0.014925499999890235	epochs	3.0
1301.8292606029968	0.0296981000001324	epochs	2.0
1301.8292606029968	0.014874400000053356	epochs	3.0
1301.8441350029968	0.014823700000079043	epochs	3.0
1301.858958702997	0.029496299999891562	epochs	2.0
1301.858958702997	0.01477319999980864	epochs	3.0
1301.8737319029967	0.014723100000082923	epochs	3.0
1301.8884550029968	0.029297400000132257	epochs	2.0
1301.8884550029968	0.014673399999992398	epochs	3.0
1301.9031284029968	0.014624000000139858	epochs	3.0
1301.917752402997	0.029101099999934377	epochs	2.0
1301.917752402997	0.014574899999843183	epochs	3.0
1301.9323273029968	0.014526200000091194	epochs	3.0
1301.9468535029969	0.028907399999980044	epochs	2.0
1301.9468535029969	0.014477700000043114	epochs	3.0
1301.961331202997	0.014429699999936929	epochs	3.0
1301.9757609029969	0.028716199999962555	epochs	2.0
1301.9757609029969	0.014381799999910072	epochs	3.0
1301.9901427029968	0.014334400000052483	epochs	3.0
1302.0044771029968	0.02852759999996124	epochs	2.0
1302.0044771029968	0.014287199999898803	epochs	3.0
1302.0187643029967	0.014240400000062436	epochs	3.0
1302.0330047029968	0.028341400000044814	epochs	2.0
1302.0330047029968	0.014193800000157353	epochs	3.0
1302.047198502997	0.014147599999887461	epochs	3.0
1302.0613461029968	0.028157700000065233	epochs	2.0
1302.0613461029968	0.014101700000082928	epochs	3.0
1302.075447802997	0.014055999999982305	epochs	3.0
1302.089503802997	0.02797629999986384	epochs	2.0
1302.089503802997	0.014010599999892293	epochs	3.0
1302.1035144029968	0.013965699999971548	epochs	3.0
1302.1174801029968	0.027797200000122757	epochs	2.0
1302.1174801029968	0.013920800000050804	epochs	3.0
1302.1314009029968	0.013876400000071953	epochs	3.0
1302.1452773029969	0.027620399999932488	epochs	2.0
1302.1452773029969	0.013832200000024386	epochs	3.0
1302.159109502997	0.013788199999908102	epochs	3.0
1302.1728977029968	0.027445899999975154	epochs	2.0
1302.1728977029968	0.01374460000010913	epochs	3.0
1302.186642302997	0.013701299999866023	epochs	3.0
1302.2003436029968	0.0272735000000921	epochs	2.0
1302.2003436029968	0.013658200000008947	epochs	3.0
1302.2140018029968	0.013615300000083153	epochs	3.0
1302.2276171029969	0.027103399999987232	epochs	2.0
1302.2276171029969	0.013572800000019924	epochs	3.0
1302.241189902997	0.013530599999967308	epochs	3.0
1302.2547205029969	0.02693520000002536	epochs	2.0
1302.2547205029969	0.01348839999991469	epochs	3.0
1302.2682089029968	0.01344680000011067	epochs	3.0
1302.2816557029969	0.026769199999989723	epochs	2.0
1302.2816557029969	0.013405199999851902	epochs	3.0
1302.2950609029967	0.013364000000137821	epochs	3.0
1302.3084249029969	0.026605199999949036	epochs	2.0
1302.3084249029969	0.013322900000048321	epochs	3.0
1302.321747802997	0.013282299999900715	epochs	3.0
1302.3350301029968	0.0264431999999033	epochs	2.0
1302.3350301029968	0.013241699999980483	epochs	3.0
1302.3482718029968	0.013201499999922817	epochs	3.0
1302.3614733029967	0.026283200000079887	epochs	2.0
1302.3614733029967	0.013161500000023807	epochs	3.0
1302.3746348029968	0.01312170000005608	epochs	3.0
1302.3877565029968	0.02612500000009277	epochs	2.0
1302.3877565029968	0.013082100000019636	epochs	3.0
1302.4008386029968	0.013042900000073132	epochs	3.0
1302.413881502997	0.025968899999952555	epochs	2.0
1302.413881502997	0.013003899999830537	epochs	3.0
1302.4268854029967	0.012965000000122018	epochs	3.0
1302.4398504029969	0.025814500000024054	epochs	2.0
1302.4398504029969	0.012926399999969362	epochs	3.0
1302.4527768029968	0.012888100000054692	epochs	3.0
1302.4656649029969	0.025661899999931848	epochs	2.0
1302.4656649029969	0.012849899999991976	epochs	3.0
1302.4785148029969	0.012811999999939871	epochs	3.0
1302.4913268029968	0.025511199999982637	epochs	2.0
1302.4913268029968	0.012774400000125752	epochs	3.0
1302.504101202997	0.012736799999856885	epochs	3.0
1302.5168380029968	0.025362300000097093	epochs	2.0
1302.5168380029968	0.01269969999998466	epochs	3.0
1302.5295377029968	0.012662600000112434	epochs	3.0
1302.542200302997	0.025214999999889187	epochs	2.0
1302.542200302997	0.012625800000023446	epochs	3.0
1302.554826102997	0.012589199999865741	epochs	3.0
1302.5674153029968	0.024584799999956886	epochs	2.0
1302.5878401029968	0.5	epochs	-1.0
1302.5920001029967	0.999920000000202	epochs	1.0
1303.0878401029968	0.5	epochs	-1.0
1335.2130002975464	0.09999999999990905	epochs	0.0
1335.2130002975464	0.04500000000007276	epochs	1.0
1335.2580002975465	0.009999999999990905	epochs	1.0
1335.2680002975465	0.044999999999845386	epochs	1.0
1335.3130002975463	2.0	epochs	0.0
1337.3130002975463	5.400080000000116	epochs	0.0
1337.3130002975463	1.0	epochs	1.0
1337.3130002975463	0.5	epochs	-1.0
1337.8130002975463	4.900080000000116	epochs	-1.0
1338.3130002975463	4.400080000000116	epochs	1.0
1338.3130002975463	4.356753900000058	epochs	-1.0
1338.3130002975463	1.9745872000000873	epochs	2.0
1338.3130002975463	1.0985622000000603	epochs	3.0
1339.4115624975464	0.8760250000000269	epochs	3.0
1340.2875874975464	1.3524075000000266	epochs	2.0
1340.2875874975464	0.7286355000001095	epochs	3.0
1341.0162229975465	0.6237719999999172	epochs	3.0
1341.6399949975464	1.029759199999944	epochs	2.0
1341.6399949975464	0.5453293000000485	epochs	3.0
1342.1853242975465	0.4844298999998955	epochs	3.0
1342.6697541975464	0.04332610000005843	epochs	2.0
1342.6697541975464	0.04332610000005843	epochs	3.0
1342.7130802975464	16.599840000000086	epochs	0.0
1344.9680004119873	0.09999999999990905	epochs	0.0
1344.9680004119873	0.04500000000007276	epochs	1.0
1345.0130004119874	0.009999999999990905	epochs	1.0
1345.0230004119874	0.044999999999845386	epochs	1.0
1345.0680004119872	2.0	epochs	0.0
1347.0680004119872	21.499360000000024	epochs	0.0
1347.0680004119872	1.0	epochs	1.0
1347.0680004119872	0.5	epochs	-1.0
1347.5680004119872	19.996399999999994	epochs	-1.0
1348.0680004119872	20.0	epochs	1.0
1348.0680004119872	4.356753900000058	epochs	-1.0
1348.0680004119872	1.9745872000000873	epochs	2.0
1348.0680004119872	1.0985622000000603	epochs	3.0
1349.1665626119873	0.8760250000000269	epochs	3.0
1350.0425876119873	1.3524075000000266	epochs	2.0
1350.0425876119873	0.7286355000001095	epochs	3.0
1350.7712231119874	0.6237719999999172	epochs	3.0
1351.3949951119873	1.029759199999944	epochs	2.0
1351.3949951119873	0.5453293000000485	epochs	3.0
1351.9403244119874	0.4844298999998955	epochs	3.0
1352.4247543119873	0.8317862000001242	epochs	2.0
1352.4247543119873	0.4357763000000432	epochs	3.0
1352.8605306119873	0.39600990000008096	epochs	3.0
1353.2565405119874	0.6977969999998095	epochs	2.0
1353.2565405119874	0.3628982000000178	epochs	3.0
1353.6194387119874	0.33489879999979166	epochs	3.0
1353.9543375119872	0.601045699999986	epochs	2.0
1353.9543375119872	0.3109123000001546	epochs	3.0
1354.2652498119874	0.29013339999983145	epochs	3.0
1354.5553832119872	0.5278859000000011	epochs	2.0
1354.5553832119872	0.2719586000000618	epochs	3.0
1354.8273418119873	0.25592729999993935	epochs	3.0
1355.0832691119872	0.4706193000001804	epochs	2.0
1355.0832691119872	0.24168130000020938	epochs	3.0
1355.3249504119874	0.228937999999971	epochs	3.0
1355.5538884119874	0.42457039999999324	epochs	2.0
1355.5538884119874	0.21747140000002219	epochs	3.0
1355.7713598119874	0.20709899999997106	epochs	3.0
1355.9784588119874	0.3867353999999068	epochs	2.0
1355.9784588119874	0.19767109999997956	epochs	3.0
1356.1761299119873	0.18906429999992724	epochs	3.0
1356.3651942119873	0.35509530000013	epochs	2.0
1356.3651942119873	0.18117589999997108	epochs	3.0
1356.5463701119872	0.17391940000015893	epochs	3.0
1356.7202895119874	0.3282431000000088	epochs	2.0
1356.7202895119874	0.16722189999995862	epochs	3.0
1356.8875114119874	0.16102120000005016	epochs	3.0
1357.0485326119874	0.3051679999998669	epochs	2.0
1357.0485326119874	0.15526389999990897	epochs	3.0
1357.2037965119873	0.1499040999999579	epochs	3.0
1357.3537006119873	0.28512530000011793	epochs	2.0
1357.3537006119873	0.1449021000000812	epochs	3.0
1357.4986027119874	0.14022320000003674	epochs	3.0
1357.6388259119874	0.2675537999998596	epochs	2.0
1357.6388259119874	0.1358368999999584	epochs	3.0
1357.7746628119874	0.13171689999990122	epochs	3.0
1357.9063797119873	0.25202290000015637	epochs	2.0
1357.9063797119873	0.1278393000000051	epochs	3.0
1358.0342190119873	0.12418360000015127	epochs	3.0
1358.1584026119874	0.23819649999995818	epochs	2.0
1358.1584026119874	0.1207310999998299	epochs	3.0
1358.2791337119872	0.11746540000012828	epochs	3.0
1358.3965991119874	0.22580879999986792	epochs	2.0
1358.3965991119874	0.1143718999999237	epochs	3.0
1358.5109710119873	0.11143689999994422	epochs	3.0
1358.6224079119872	0.2146460000001298	epochs	2.0
1358.6224079119872	0.10864890000016203	epochs	3.0
1358.7310568119874	0.10599709999996776	epochs	3.0
1358.8370539119874	0.2045349999998507	epochs	2.0
1358.8370539119874	0.1034714999998414	epochs	3.0
1358.9405254119872	0.1010635000000093	epochs	3.0
1359.0415889119872	0.19533400000000256	epochs	2.0
1359.0415889119872	0.09876510000003691	epochs	3.0
1359.1403540119873	0.09656889999996565	epochs	3.0
1359.2369229119872	0.18692529999998442	epochs	2.0
1359.2369229119872	0.09446830000001682	epochs	3.0
1359.3313912119872	0.09245699999996759	epochs	3.0
1359.4238482119872	0.1792107000001124	epochs	2.0
1359.4238482119872	0.0905296000000817	epochs	3.0
1359.5143778119873	0.08868110000003071	epochs	3.0
1359.6030589119873	0.17210769999996955	epochs	2.0
1359.6030589119873	0.08690630000000965	epochs	3.0
1359.6899652119873	0.0852013999999599	epochs	3.0
1359.7751666119873	0.16554640000003928	epochs	2.0
1359.7751666119873	0.08356189999994967	epochs	3.0
1359.8587285119872	0.08198450000008961	epochs	3.0
1359.9407130119873	0.15946710000002895	epochs	2.0
1359.9407130119873	0.08046539999986635	epochs	3.0
1360.0211784119872	0.0790017000001626	epochs	3.0
1360.1001801119874	0.1538183999998637	epochs	2.0
1360.1001801119874	0.07759009999995214	epochs	3.0
1360.1777702119873	0.07622829999991154	epochs	3.0
1360.2539985119872	0.14855640000018866	epochs	2.0
1360.2539985119872	0.07491330000016205	epochs	3.0
1360.3289118119874	0.0736431000000266	epochs	3.0
1360.4025549119874	0.1436423999998624	epochs	2.0
1360.4025549119874	0.07241499999986445	epochs	3.0
1360.4749699119873	0.07122739999999794	epochs	3.0
1360.5461973119873	0.13904309999998077	epochs	2.0
1360.5461973119873	0.07007799999996678	epochs	3.0
1360.6162753119872	0.06896510000001399	epochs	3.0
1360.6852404119873	0.1347293000001173	epochs	2.0
1360.6852404119873	0.0678871000000072	epochs	3.0
1360.7531275119873	0.0668422000001101	epochs	3.0
1360.8199697119874	0.1306752000000415	epochs	2.0
1360.8199697119874	0.06582909999997355	epochs	3.0
1360.8857988119873	0.06484610000006796	epochs	3.0
1360.9506449119874	0.1268577999999252	epochs	2.0
1360.9506449119874	0.06389199999989614	epochs	3.0
1361.0145369119873	0.06296580000002905	epochs	3.0
1361.0775027119873	0.12325719999989815	epochs	2.0
1361.0775027119873	0.06206580000002759	epochs	3.0
1361.1395685119874	0.061191399999870555	epochs	3.0
1361.2007599119872	0.11985540000000583	epochs	2.0
1361.2007599119872	0.060341099999959624	epochs	3.0
1361.2611010119872	0.059514300000046205	epochs	3.0
1361.3206153119872	0.11663620000012997	epochs	2.0
1361.3206153119872	0.05870960000015657	epochs	3.0
1361.3793249119874	0.057926599999973405	epochs	3.0
1361.4372515119874	0.11358559999985118	epochs	2.0
1361.4372515119874	0.05716419999998834	epochs	3.0
1361.4944157119874	0.05642139999986284	epochs	3.0
1361.5508371119872	0.11069050000014613	epochs	2.0
1361.5508371119872	0.055697900000041045	epochs	3.0
1361.6065350119873	0.054992600000105085	epochs	3.0
1361.6615276119874	0.10793909999983953	epochs	2.0
1361.6615276119874	0.05430490000003374	epochs	3.0
1361.7158325119874	0.05363419999980579	epochs	3.0
1361.7694667119872	0.10532150000017282	epochs	2.0
1361.7694667119872	0.052980000000161453	epochs	3.0
1361.8224467119874	0.052341500000011365	epochs	3.0
1361.8747882119874	0.10282759999995505	epochs	2.0
1361.8747882119874	0.05171810000001642	epochs	3.0
1361.9265063119874	0.051109499999938635	epochs	3.0
1361.9776158119873	0.10044909999987794	epochs	2.0
1361.9776158119873	0.050514900000052876	epochs	3.0
1362.0281307119874	0.04993419999982507	epochs	3.0
1362.0780649119872	0.09817830000019967	epochs	2.0
1362.0780649119872	0.04936659999998483	epochs	3.0
1362.1274315119872	0.04881170000021484	epochs	3.0
1362.1762432119874	0.09600779999982478	epochs	2.0
1362.1762432119874	0.048269199999822376	epochs	3.0
1362.2245124119872	0.04773860000000241	epochs	3.0
1362.2722510119872	0.09393120000004274	epochs	2.0
1362.2722510119872	0.04721949999998287	epochs	3.0
1362.3194705119872	0.046711700000059864	epochs	3.0
1362.3661822119873	0.09194260000003851	epochs	2.0
1362.3661822119873	0.046214599999984785	epochs	3.0
1362.4123968119873	0.045728000000053726	epochs	3.0
1362.4581248119873	0.09003630000006524	epochs	2.0
1362.4581248119873	0.045251499999949374	epochs	3.0
1362.5033763119873	0.044784800000115865	epochs	3.0
1362.5481611119874	0.08820760000003247	epochs	2.0
1362.5481611119874	0.044327800000019124	epochs	3.0
1362.5924889119874	0.04387980000001335	epochs	3.0
1362.6363687119874	0.0864516999999978	epochs	2.0
1362.6363687119874	0.04344099999980244	epochs	3.0
1362.6798097119872	0.04301070000019536	epochs	3.0
1362.7228204119874	0.08476429999996071	epochs	2.0
1362.7228204119874	0.04258899999990717	epochs	3.0
1362.7654094119873	0.04217530000005354	epochs	3.0
1362.8075847119874	0.08314150000001064	epochs	2.0
1362.8075847119874	0.04176970000003166	epochs	3.0
1362.8493544119874	0.041371799999978975	epochs	3.0
1362.8907262119874	0.08157970000002024	epochs	2.0
1362.8907262119874	0.040981399999964196	epochs	3.0
1362.9317076119873	0.04059830000005604	epochs	3.0
1362.9723059119874	0.08007549999979346	epochs	2.0
1362.9723059119874	0.04022229999986848	epochs	3.0
1363.0125282119873	0.03985319999992498	epochs	3.0
1363.0523814119872	0.07862570000020241	epochs	2.0
1363.0523814119872	0.039490800000066884	epochs	3.0
1363.0918722119873	0.03913490000013553	epochs	3.0
1363.1310071119874	0.07722760000001472	epochs	2.0
1363.1310071119874	0.03878539999982422	epochs	3.0
1363.1697925119872	0.038442200000190496	epochs	3.0
1363.2082347119874	0.07587819999980638	epochs	2.0
1363.2082347119874	0.03810479999992822	epochs	3.0
1363.2463395119873	0.037773399999878166	epochs	3.0
1363.2841129119872	0.0745752000000266	epochs	2.0
1363.2841129119872	0.03744770000002973	epochs	3.0
1363.3215606119873	0.03712749999999687	epochs	3.0
1363.3586881119872	0.07331629999998768	epochs	2.0
1363.3586881119872	0.0368129000000863	epochs	3.0
1363.3955010119873	0.036503399999901376	epochs	3.0
1363.4320044119872	0.07209899999998015	epochs	2.0
1363.4320044119872	0.03619909999997617	epochs	3.0
1363.4682035119872	0.03589990000000398	epochs	3.0
1363.5041034119872	0.07092170000009901	epochs	2.0
1363.5041034119872	0.03560560000005353	epochs	3.0
1363.5397090119873	0.03531610000004548	epochs	3.0
1363.5750251119873	0.06978200000003199	epochs	2.0
1363.5750251119873	0.03503120000004856	epochs	3.0
1363.6100563119874	0.03475079999998343	epochs	3.0
1363.6448071119873	0.06867859999988468	epochs	2.0
1363.6448071119873	0.03447510000000875	epochs	3.0
1363.6792822119874	0.03420349999987593	epochs	3.0
1363.7134857119872	0.06760930000018561	epochs	2.0
1363.7134857119872	0.033936199999970995	epochs	3.0
1363.7474219119872	0.03367310000021462	epochs	3.0
1363.7810950119874	0.06657289999998284	epochs	2.0
1363.7810950119874	0.03341399999999339	epochs	3.0
1363.8145090119874	0.033158899999989444	epochs	3.0
1363.8476679119874	0.06556779999982609	epochs	2.0
1363.8476679119874	0.03290769999989607	epochs	3.0
1363.8805756119873	0.032660099999930026	epochs	3.0
1363.9132357119872	0.06459259999996902	epochs	2.0
1363.9132357119872	0.03241640000010193	epochs	3.0
1363.9456521119873	0.032176199999867094	epochs	3.0
1363.9778283119872	0.06364600000006249	epochs	2.0
1363.9778283119872	0.03193960000021434	epochs	3.0
1364.0097679119874	0.031706399999848145	epochs	3.0
1364.0414743119873	0.0627266999999847	epochs	2.0
1364.0414743119873	0.03147660000013275	epochs	3.0
1364.0729509119874	0.031250099999851955	epochs	3.0
1364.1042010119872	0.06183359999999993	epochs	2.0
1364.1042010119872	0.031026900000142632	epochs	3.0
1364.1352279119874	0.0308066999998573	epochs	3.0
1364.1660346119872	0.06096560000014506	epochs	2.0
1364.1660346119872	0.03058980000014344	epochs	3.0
1364.1966244119874	0.030375800000001618	epochs	3.0
1364.2270002119874	0.06012160000000222	epochs	2.0
1364.2270002119874	0.030164899999817862	epochs	3.0
1364.2571651119872	0.029956700000184355	epochs	3.0
1364.2871218119874	0.05930069999999432	epochs	2.0
1364.2871218119874	0.029751599999826794	epochs	3.0
1364.3168734119872	0.029549100000167527	epochs	3.0
1364.3464225119874	0.05850179999993088	epochs	2.0
1364.3464225119874	0.02934940000000097	epochs	3.0
1364.3757719119874	0.029152399999929912	epochs	3.0
1364.4049243119873	0.05772419999993872	epochs	2.0
1364.4049243119873	0.028958000000102402	epochs	3.0
1364.4338823119874	0.028766199999836317	epochs	3.0
1364.4626485119873	0.05696710000006533	epochs	2.0
1364.4626485119873	0.028577000000041153	epochs	3.0
1364.4912255119873	0.028390100000024177	epochs	3.0
1364.5196156119873	0.05622949999997218	epochs	2.0
1364.5196156119873	0.028205699999944045	epochs	3.0
1364.5478213119873	0.028023800000028132	epochs	3.0
1364.5758451119873	0.05551070000001346	epochs	2.0
1364.5758451119873	0.027843999999959124	epochs	3.0
1364.6036891119873	0.027666700000054334	epochs	3.0
1364.6313558119873	0.054810200000019904	epochs	2.0
1364.6313558119873	0.02749149999999645	epochs	3.0
1364.6588473119873	0.027318700000023455	epochs	3.0
1364.6861660119873	0.054126999999880354	epochs	2.0
1364.6861660119873	0.027147799999966082	epochs	3.0
1364.7133138119873	0.026979199999914272	epochs	3.0
1364.7402930119872	0.05346070000018699	epochs	2.0
1364.7402930119872	0.026812600000084785	epochs	3.0
1364.7671056119873	0.026648100000102204	epochs	3.0
1364.7937537119874	0.05281070000000909	epochs	2.0
1364.7937537119874	0.0264855999998872	epochs	3.0
1364.8202393119873	0.026325100000121893	epochs	3.0
1364.8465644119874	0.052176199999848905	epochs	2.0
1364.8465644119874	0.026166399999965506	epochs	3.0
1364.8727308119874	0.0260097999998834	epochs	3.0
1364.8987406119873	0.051556699999991906	epochs	2.0
1364.8987406119873	0.02585480000016105	epochs	3.0
1364.9245954119874	0.025701899999830857	epochs	3.0
1364.9502973119872	0.05095189999997274	epochs	2.0
1364.9502973119872	0.025550700000167126	epochs	3.0
1364.9758480119874	0.025401199999805613	epochs	3.0
1365.0012492119872	0.05036100000006627	epochs	2.0
1365.0012492119872	0.025253500000189888	epochs	3.0
1365.0265027119874	0.02510749999987638	epochs	3.0
1365.0516102119873	0.04978380000011384	epochs	2.0
1365.0516102119873	0.02496320000000196	epochs	3.0
1365.0765734119873	0.02482060000011188	epochs	3.0
1365.1013940119874	0.04921949999993558	epochs	2.0
1365.1013940119874	0.024679399999968155	epochs	3.0
1365.1260734119874	0.024540099999967424	epochs	3.0
1365.1506135119873	0.04866790000005494	epochs	2.0
1365.1506135119873	0.024402100000088467	epochs	3.0
1365.1750156119874	0.024265799999966475	epochs	3.0
1365.1992814119874	0.048128599999927246	epochs	2.0
1365.1992814119874	0.02413099999989754	epochs	3.0
1365.2234124119873	0.023997600000029706	epochs	3.0
1365.2474100119873	0.047601100000065344	epochs	2.0
1365.2474100119873	0.023865800000066884	epochs	3.0
1365.2712758119874	0.02373529999999846	epochs	3.0
1365.2950111119874	0.04708499999992455	epochs	2.0
1365.2950111119874	0.023606299999983094	epochs	3.0
1365.3186174119874	0.023478699999941455	epochs	3.0
1365.3420961119873	0.046579999999948996	epochs	2.0
1365.3420961119873	0.023352500000100918	epochs	3.0
1365.3654486119874	0.023227499999848078	epochs	3.0
1365.3886761119873	0.046085700000048746	epochs	2.0
1365.3886761119873	0.023104000000103042	epochs	3.0
1365.4117801119874	0.022981699999945704	epochs	3.0
1365.4347618119873	0.045601799999985815	epochs	2.0
1365.4347618119873	0.02286069999991014	epochs	3.0
1365.4576225119872	0.022741100000075676	epochs	3.0
1365.4803636119873	0.04512790000012501	epochs	2.0
1365.4803636119873	0.022622500000125	epochs	3.0
1365.5029861119874	0.02250540000000001	epochs	3.0
1365.5254915119874	0.04466379999985293	epochs	2.0
1365.5254915119874	0.02238929999998618	epochs	3.0
1365.5478808119874	0.022274499999866748	epochs	3.0
1365.5701553119873	0.04420920000006845	epochs	2.0
1365.5701553119873	0.022160799999937808	epochs	3.0
1365.5923161119872	0.02204840000013064	epochs	3.0
1365.6143645119873	0.04376359999992019	epochs	2.0
1365.6143645119873	0.02193689999990056	epochs	3.0
1365.6363014119872	0.021826700000019628	epochs	3.0
1365.6581281119873	0.04332709999994222	epochs	2.0
1365.6581281119873	0.02171760000010181	epochs	3.0
1365.6798457119874	0.02160949999984041	epochs	3.0
1365.7014552119872	0.04289900000003399	epochs	2.0
1365.7014552119872	0.021502500000224245	epochs	3.0
1365.7229577119874	0.021396499999809748	epochs	3.0
1365.7443542119872	0.04247950000012679	epochs	2.0
1365.7443542119872	0.021291700000119818	epochs	3.0
1365.7656459119873	0.021187800000006973	epochs	3.0
1365.7868337119874	0.04206789999989269	epochs	2.0
1365.7868337119874	0.02108490000000529	epochs	3.0
1365.8079186119874	0.020982999999887397	epochs	3.0
1365.8289016119872	0.04166439999994509	epochs	2.0
1365.8289016119872	0.020882199999959994	epochs	3.0
1365.8497838119872	0.020782199999985096	epochs	3.0
1365.8705660119872	0.04126850000011473	epochs	2.0
1365.8705660119872	0.02068330000020069	epochs	3.0
1365.8912493119874	0.02058519999991404	epochs	3.0
1365.9118345119873	0.04088000000001557	epochs	2.0
1365.9118345119873	0.020488099999965925	epochs	3.0
1365.9323226119873	0.020391900000049645	epochs	3.0
1365.9527145119873	0.04049880000002304	epochs	2.0
1365.9527145119873	0.020296599999937825	epochs	3.0
1365.9730111119873	0.020202200000085213	epochs	3.0
1365.9932133119873	0.040124599999899146	epochs	2.0
1365.9932133119873	0.02010870000003706	epochs	3.0
1366.0133220119874	0.020015899999862086	epochs	3.0
1366.0333379119872	0.03975730000001931	epochs	2.0
1366.0333379119872	0.019924200000104975	epochs	3.0
1366.0532621119874	0.01983309999991434	epochs	3.0
1366.0730952119873	0.03939669999999751	epochs	2.0
1366.0730952119873	0.01974300000006224	epochs	3.0
1366.0928382119873	0.01965369999993527	epochs	3.0
1366.1124919119873	0.03904239999997117	epochs	2.0
1366.1124919119873	0.019565100000136226	epochs	3.0
1366.1320570119874	0.01947729999983494	epochs	3.0
1366.1515343119872	0.038694600000098944	epochs	2.0
1366.1515343119872	0.019390400000020236	epochs	3.0
1366.1709247119873	0.01930420000007871	epochs	3.0
1366.1902289119873	0.03835290000006353	epochs	2.0
1366.1902289119873	0.019218799999862313	epochs	3.0
1366.2094477119872	0.019134100000201215	epochs	3.0
1366.2285818119874	0.03801720000001296	epochs	2.0
1366.2285818119874	0.019050199999810502	epochs	3.0
1366.2476320119872	0.01896700000020246	epochs	3.0
1366.2665990119874	0.03768719999993664	epochs	2.0
1366.2665990119874	0.018884499999785476	epochs	3.0
1366.2854835119872	0.018802700000151162	epochs	3.0
1366.3042862119873	0.03736309999999321	epochs	2.0
1366.3042862119873	0.018721700000014607	epochs	3.0
1366.3230079119874	0.018641399999978603	epochs	3.0
1366.3416493119873	0.03704429999993408	epochs	2.0
1366.3416493119873	0.018561599999884493	epochs	3.0
1366.3602109119872	0.01848270000004959	epochs	3.0
1366.3786936119873	0.036731000000145286	epochs	2.0
1366.3786936119873	0.018404299999929208	epochs	3.0
1366.3970979119872	0.01832670000021608	epochs	3.0
1366.4154246119874	0.03642289999993409	epochs	2.0
1366.4154246119874	0.018249599999990096	epochs	3.0
1366.4336742119874	0.018173299999943993	epochs	3.0
1366.4518475119874	0.03612010000006194	epochs	2.0
1366.4518475119874	0.01809759999991911	epochs	3.0
1366.4699451119873	0.018022500000142827	epochs	3.0
1366.4879676119874	0.03582209999990482	epochs	2.0
1366.4879676119874	0.01794789999985369	epochs	3.0
1366.5059155119873	0.017874200000051133	epochs	3.0
1366.5237897119873	0.03552899999999681	epochs	2.0
1366.5237897119873	0.017800800000031813	epochs	3.0
1366.5415905119874	0.017728199999965	epochs	3.0
1366.5593187119873	0.03524070000003121	epochs	2.0
1366.5593187119873	0.017656100000067454	epochs	3.0
1366.5769748119874	0.017584599999963757	epochs	3.0
1366.5945594119873	0.03495709999992869	epochs	2.0
1366.5945594119873	0.017513699999881283	epochs	3.0
1366.6120731119872	0.017443400000047404	epochs	3.0
1366.6295165119873	0.03467790000013338	epochs	2.0
1366.6295165119873	0.017373599999928047	epochs	3.0
1366.6468901119872	0.01730430000020533	epochs	3.0
1366.6641944119874	0.03440329999989444	epochs	2.0
1366.6641944119874	0.017235699999901044	epochs	3.0
1366.6814301119873	0.0171675999999934	epochs	3.0
1366.6985977119873	0.03413279999995211	epochs	2.0
1366.6985977119873	0.01709989999994832	epochs	3.0
1366.7156976119873	0.017032900000003792	epochs	3.0
1366.7327305119873	0.03386670000008962	epochs	2.0
1366.7327305119873	0.01696640000000116	epochs	3.0
1366.7496969119873	0.016900300000088464	epochs	3.0
1366.7665972119873	0.03360459999998966	epochs	2.0
1366.7665972119873	0.01683479999996962	epochs	3.0
1366.7834320119873	0.01676980000002004	epochs	3.0
1366.8002018119873	0.033346599999958926	epochs	2.0
1366.8002018119873	0.016705300000012357	epochs	3.0
1366.8169071119873	0.01664129999994657	epochs	3.0
1366.8335484119873	0.03309250000006614	epochs	2.0
1366.8335484119873	0.016577800000050047	epochs	3.0
1366.8501262119873	0.01651470000001609	epochs	3.0
1366.8666409119874	0.03284229999985655	epochs	2.0
1366.8666409119874	0.01645220000000336	epochs	3.0
1366.8830931119874	0.01639009999985319	epochs	3.0
1366.8994832119872	0.03259570000000167	epochs	2.0
1366.8994832119872	0.016328400000020338	epochs	3.0
1366.9158116119872	0.016267299999981333	epochs	3.0
1366.9320789119872	0.032352899999978035	epochs	2.0
1366.9320789119872	0.016206600000032267	epochs	3.0
1366.9482855119873	0.016146299999945768	epochs	3.0
1366.9644318119872	0.032113700000081735	epochs	2.0
1366.9644318119872	0.016086600000107865	epochs	3.0
1366.9805184119873	0.01602709999997387	epochs	3.0
1366.9965455119873	0.03187800000000607	epochs	2.0
1366.9965455119873	0.015968200000088473	epochs	3.0
1367.0125137119874	0.015909799999917595	epochs	3.0
1367.0284235119873	0.03164570000012645	epochs	2.0
1367.0284235119873	0.015851599999905375	epochs	3.0
1367.0442751119872	0.01579410000022108	epochs	3.0
1367.0600692119874	0.031416699999908815	epochs	2.0
1367.0600692119874	0.01573669999993399	epochs	3.0
1367.0758059119873	0.015679999999974825	epochs	3.0
1367.0914859119873	0.03119109999988723	epochs	2.0
1367.0914859119873	0.015623600000026272	epochs	3.0
1367.1071095119873	0.015567499999860956	epochs	3.0
1367.1226770119872	0.03096870000013041	epochs	2.0
1367.1226770119872	0.01551200000017161	epochs	3.0
1367.1381890119874	0.0154566999999588	epochs	3.0
1367.1536457119873	0.030749499999956242	epochs	2.0
1367.1536457119873	0.015401999999994587	epochs	3.0
1367.1690477119873	0.015347499999961656	epochs	3.0
1367.1843952119873	0.03053320000003623	epochs	2.0
1367.1843952119873	0.015293400000018664	epochs	3.0
1367.1996886119873	0.015239800000017567	epochs	3.0
1367.2149284119873	0.030320099999926242	epochs	2.0
1367.2149284119873	0.015186500000027081	epochs	3.0
1367.2301149119874	0.015133599999899161	epochs	3.0
1367.2452485119873	0.03010990000007041	epochs	2.0
1367.2452485119873	0.015081000000009226	epochs	3.0
1367.2603295119873	0.015028900000061185	epochs	3.0
1367.2753584119873	0.029902499999934662	epochs	2.0
1367.2753584119873	0.014977000000044427	epochs	3.0
1367.2903354119874	0.014925499999890235	epochs	3.0
1367.3052609119873	0.0296981000001324	epochs	2.0
1367.3052609119873	0.014874400000053356	epochs	3.0
1367.3201353119873	0.014823700000079043	epochs	3.0
1367.3349590119874	0.029496299999891562	epochs	2.0
1367.3349590119874	0.01477319999980864	epochs	3.0
1367.3497322119872	0.014723100000082923	epochs	3.0
1367.3644553119873	0.029297400000132257	epochs	2.0
1367.3644553119873	0.014673399999992398	epochs	3.0
1367.3791287119873	0.014624000000139858	epochs	3.0
1367.3937527119874	0.029101099999934377	epochs	2.0
1367.3937527119874	0.014574899999843183	epochs	3.0
1367.4083276119873	0.014526200000091194	epochs	3.0
1367.4228538119874	0.028907399999980044	epochs	2.0
1367.4228538119874	0.014477700000043114	epochs	3.0
1367.4373315119874	0.014429699999936929	epochs	3.0
1367.4517612119873	0.028716199999962555	epochs	2.0
1367.4517612119873	0.014381799999910072	epochs	3.0
1367.4661430119872	0.014334400000052483	epochs	3.0
1367.4804774119873	0.02852759999996124	epochs	2.0
1367.4804774119873	0.014287199999898803	epochs	3.0
1367.4947646119872	0.014240400000062436	epochs	3.0
1367.5090050119873	0.028341400000044814	epochs	2.0
1367.5090050119873	0.014193800000157353	epochs	3.0
1367.5231988119874	0.014147599999887461	epochs	3.0
1367.5373464119873	0.028157700000065233	epochs	2.0
1367.5373464119873	0.014101700000082928	epochs	3.0
1367.5514481119874	0.014055999999982305	epochs	3.0
1367.5655041119874	0.02797629999986384	epochs	2.0
1367.5655041119874	0.014010599999892293	epochs	3.0
1367.5795147119873	0.013965699999971548	epochs	3.0
1367.5934804119872	0.027797200000122757	epochs	2.0
1367.5934804119872	0.013920800000050804	epochs	3.0
1367.6074012119873	0.013876400000071953	epochs	3.0
1367.6212776119874	0.027620399999932488	epochs	2.0
1367.6212776119874	0.013832200000024386	epochs	3.0
1367.6351098119874	0.013788199999908102	epochs	3.0
1367.6488980119873	0.027445899999975154	epochs	2.0
1367.6488980119873	0.01374460000010913	epochs	3.0
1367.6626426119874	0.013701299999866023	epochs	3.0
1367.6763439119873	0.0272735000000921	epochs	2.0
1367.6763439119873	0.013658200000008947	epochs	3.0
1367.6900021119873	0.013615300000083153	epochs	3.0
1367.7036174119874	0.027103399999987232	epochs	2.0
1367.7036174119874	0.013572800000019924	epochs	3.0
1367.7171902119874	0.013530599999967308	epochs	3.0
1367.7307208119873	0.02693520000002536	epochs	2.0
1367.7307208119873	0.01348839999991469	epochs	3.0
1367.7442092119873	0.01344680000011067	epochs	3.0
1367.7576560119874	0.026769199999989723	epochs	2.0
1367.7576560119874	0.013405199999851902	epochs	3.0
1367.7710612119872	0.013364000000137821	epochs	3.0
1367.7844252119874	0.026605199999949036	epochs	2.0
1367.7844252119874	0.013322900000048321	epochs	3.0
1367.7977481119874	0.013282299999900715	epochs	3.0
1367.8110304119873	0.0264431999999033	epochs	2.0
1367.8110304119873	0.013241699999980483	epochs	3.0
1367.8242721119873	0.013201499999922817	epochs	3.0
1367.8374736119872	0.026283200000079887	epochs	2.0
1367.8374736119872	0.013161500000023807	epochs	3.0
1367.8506351119872	0.01312170000005608	epochs	3.0
1367.8637568119873	0.02612500000009277	epochs	2.0
1367.8637568119873	0.013082100000019636	epochs	3.0
1367.8768389119873	0.013042900000073132	epochs	3.0
1367.8898818119874	0.025968899999952555	epochs	2.0
1367.8898818119874	0.013003899999830537	epochs	3.0
1367.9028857119872	0.012965000000122018	epochs	3.0
1367.9158507119873	0.025814500000024054	epochs	2.0
1367.9158507119873	0.012926399999969362	epochs	3.0
1367.9287771119873	0.012888100000054692	epochs	3.0
1367.9416652119874	0.025661899999931848	epochs	2.0
1367.9416652119874	0.012849899999991976	epochs	3.0
1367.9545151119873	0.012811999999939871	epochs	3.0
1367.9673271119873	0.025511199999982637	epochs	2.0
1367.9673271119873	0.012774400000125752	epochs	3.0
1367.9801015119874	0.012736799999856885	epochs	3.0
1367.9928383119873	0.025362300000097093	epochs	2.0
1367.9928383119873	0.01269969999998466	epochs	3.0
1368.0055380119873	0.012662600000112434	epochs	3.0
1368.0182006119874	0.025214999999889187	epochs	2.0
1368.0182006119874	0.012625800000023446	epochs	3.0
1368.0308264119874	0.012589199999865741	epochs	3.0
1368.0434156119873	0.024584799999956886	epochs	2.0
1368.0644004119872	0.5	epochs	-1.0
1368.0680004119872	0.49936000000002423	epochs	1.0
1368.5673604119872	0.5005600000001778	epochs	0.0
1370.7440004348755	0.09999999999990905	epochs	0.0
1370.7440004348755	0.04500000000007276	epochs	1.0
1370.7890004348756	0.009999999999990905	epochs	1.0
1370.7990004348756	0.044999999999845386	epochs	1.0
1370.8440004348754	2.0	epochs	0.0
1372.8440004348754	21.519920000000184	epochs	0.0
1372.8440004348754	1.0	epochs	1.0
1372.8440004348754	0.5	epochs	-1.0
1373.3440004348754	19.996399999999994	epochs	-1.0
1373.8440004348754	20.0	epochs	1.0
1373.8440004348754	4.356753900000058	epochs	-1.0
1373.8440004348754	1.9745872000000873	epochs	2.0
1373.8440004348754	1.0985622000000603	epochs	3.0
1374.9425626348755	0.8760250000000269	epochs	3.0
1375.8185876348755	1.3524075000000266	epochs	2.0
1375.8185876348755	0.7286355000001095	epochs	3.0
1376.5472231348756	0.6237719999999172	epochs	3.0
1377.1709951348755	1.029759199999944	epochs	2.0
1377.1709951348755	0.5453293000000485	epochs	3.0
1377.7163244348756	0.4844298999998955	epochs	3.0
1378.2007543348755	0.8317862000001242	epochs	2.0
1378.2007543348755	0.4357763000000432	epochs	3.0
1378.6365306348755	0.39600990000008096	epochs	3.0
1379.0325405348756	0.6977969999998095	epochs	2.0
1379.0325405348756	0.3628982000000178	epochs	3.0
1379.3954387348756	0.33489879999979166	epochs	3.0
1379.7303375348754	0.601045699999986	epochs	2.0
1379.7303375348754	0.3109123000001546	epochs	3.0
1380.0412498348755	0.29013339999983145	epochs	3.0
1380.3313832348754	0.5278859000000011	epochs	2.0
1380.3313832348754	0.2719586000000618	epochs	3.0
1380.6033418348754	0.25592729999993935	epochs	3.0
1380.8592691348754	0.4706193000001804	epochs	2.0
1380.8592691348754	0.24168130000020938	epochs	3.0
1381.1009504348756	0.228937999999971	epochs	3.0
1381.3298884348756	0.42457039999999324	epochs	2.0
1381.3298884348756	0.21747140000002219	epochs	3.0
1381.5473598348756	0.20709899999997106	epochs	3.0
1381.7544588348755	0.3867353999999068	epochs	2.0
1381.7544588348755	0.19767109999997956	epochs	3.0
1381.9521299348755	0.18906429999992724	epochs	3.0
1382.1411942348755	0.35509530000013	epochs	2.0
1382.1411942348755	0.18117589999997108	epochs	3.0
1382.3223701348754	0.17391940000015893	epochs	3.0
1382.4962895348756	0.3282431000000088	epochs	2.0
1382.4962895348756	0.16722189999995862	epochs	3.0
1382.6635114348755	0.16102120000005016	epochs	3.0
1382.8245326348756	0.3051679999998669	epochs	2.0
1382.8245326348756	0.15526389999990897	epochs	3.0
1382.9797965348755	0.1499040999999579	epochs	3.0
1383.1297006348755	0.28512530000011793	epochs	2.0
1383.1297006348755	0.1449021000000812	epochs	3.0
1383.2746027348755	0.14022320000003674	epochs	3.0
1383.4148259348756	0.2675537999998596	epochs	2.0
1383.4148259348756	0.1358368999999584	epochs	3.0
1383.5506628348755	0.13171689999990122	epochs	3.0
1383.6823797348754	0.25202290000015637	epochs	2.0
1383.6823797348754	0.1278393000000051	epochs	3.0
1383.8102190348754	0.12418360000015127	epochs	3.0
1383.9344026348756	0.23819649999995818	epochs	2.0
1383.9344026348756	0.1207310999998299	epochs	3.0
1384.0551337348754	0.11746540000012828	epochs	3.0
1384.1725991348756	0.22580879999986792	epochs	2.0
1384.1725991348756	0.1143718999999237	epochs	3.0
1384.2869710348755	0.11143689999994422	epochs	3.0
1384.3984079348754	0.2146460000001298	epochs	2.0
1384.3984079348754	0.10864890000016203	epochs	3.0
1384.5070568348756	0.10599709999996776	epochs	3.0
1384.6130539348756	0.2045349999998507	epochs	2.0
1384.6130539348756	0.1034714999998414	epochs	3.0
1384.7165254348754	0.1010635000000093	epochs	3.0
1384.8175889348754	0.19533400000000256	epochs	2.0
1384.8175889348754	0.09876510000003691	epochs	3.0
1384.9163540348754	0.09656889999996565	epochs	3.0
1385.0129229348754	0.18692529999998442	epochs	2.0
1385.0129229348754	0.09446830000001682	epochs	3.0
1385.1073912348754	0.09245699999996759	epochs	3.0
1385.1998482348754	0.1792107000001124	epochs	2.0
1385.1998482348754	0.0905296000000817	epochs	3.0
1385.2903778348755	0.08868110000003071	epochs	3.0
1385.3790589348755	0.17210769999996955	epochs	2.0
1385.3790589348755	0.08690630000000965	epochs	3.0
1385.4659652348755	0.0852013999999599	epochs	3.0
1385.5511666348755	0.16554640000003928	epochs	2.0
1385.5511666348755	0.08356189999994967	epochs	3.0
1385.6347285348754	0.08198450000008961	epochs	3.0
1385.7167130348755	0.15946710000002895	epochs	2.0
1385.7167130348755	0.08046539999986635	epochs	3.0
1385.7971784348754	0.0790017000001626	epochs	3.0
1385.8761801348755	0.1538183999998637	epochs	2.0
1385.8761801348755	0.07759009999995214	epochs	3.0
1385.9537702348755	0.07622829999991154	epochs	3.0
1386.0299985348754	0.14855640000018866	epochs	2.0
1386.0299985348754	0.07491330000016205	epochs	3.0
1386.1049118348756	0.0736431000000266	epochs	3.0
1386.1785549348756	0.1436423999998624	epochs	2.0
1386.1785549348756	0.07241499999986445	epochs	3.0
1386.2509699348755	0.07122739999999794	epochs	3.0
1386.3221973348755	0.13904309999998077	epochs	2.0
1386.3221973348755	0.07007799999996678	epochs	3.0
1386.3922753348754	0.06896510000001399	epochs	3.0
1386.4612404348754	0.1347293000001173	epochs	2.0
1386.4612404348754	0.0678871000000072	epochs	3.0
1386.5291275348754	0.0668422000001101	epochs	3.0
1386.5959697348756	0.1306752000000415	epochs	2.0
1386.5959697348756	0.06582909999997355	epochs	3.0
1386.6617988348755	0.06484610000006796	epochs	3.0
1386.7266449348756	0.1268577999999252	epochs	2.0
1386.7266449348756	0.06389199999989614	epochs	3.0
1386.7905369348755	0.06296580000002905	epochs	3.0
1386.8535027348755	0.12325719999989815	epochs	2.0
1386.8535027348755	0.06206580000002759	epochs	3.0
1386.9155685348755	0.061191399999870555	epochs	3.0
1386.9767599348754	0.11985540000000583	epochs	2.0
1386.9767599348754	0.060341099999959624	epochs	3.0
1387.0371010348754	0.059514300000046205	epochs	3.0
1387.0966153348754	0.11663620000012997	epochs	2.0
1387.0966153348754	0.05870960000015657	epochs	3.0
1387.1553249348756	0.057926599999973405	epochs	3.0
1387.2132515348756	0.11358559999985118	epochs	2.0
1387.2132515348756	0.05716419999998834	epochs	3.0
1387.2704157348755	0.05642139999986284	epochs	3.0
1387.3268371348754	0.11069050000014613	epochs	2.0
1387.3268371348754	0.055697900000041045	epochs	3.0
1387.3825350348754	0.054992600000105085	epochs	3.0
1387.4375276348756	0.10793909999983953	epochs	2.0
1387.4375276348756	0.05430490000003374	epochs	3.0
1387.4918325348756	0.05363419999980579	epochs	3.0
1387.5454667348754	0.10532150000017282	epochs	2.0
1387.5454667348754	0.052980000000161453	epochs	3.0
1387.5984467348756	0.052341500000011365	epochs	3.0
1387.6507882348756	0.10282759999995505	epochs	2.0
1387.6507882348756	0.05171810000001642	epochs	3.0
1387.7025063348756	0.051109499999938635	epochs	3.0
1387.7536158348755	0.10044909999987794	epochs	2.0
1387.7536158348755	0.050514900000052876	epochs	3.0
1387.8041307348756	0.04993419999982507	epochs	3.0
1387.8540649348754	0.09817830000019967	epochs	2.0
1387.8540649348754	0.04936659999998483	epochs	3.0
1387.9034315348754	0.04881170000021484	epochs	3.0
1387.9522432348756	0.09600779999982478	epochs	2.0
1387.9522432348756	0.048269199999822376	epochs	3.0
1388.0005124348754	0.04773860000000241	epochs	3.0
1388.0482510348754	0.09393120000004274	epochs	2.0
1388.0482510348754	0.04721949999998287	epochs	3.0
1388.0954705348754	0.046711700000059864	epochs	3.0
1388.1421822348755	0.09194260000003851	epochs	2.0
1388.1421822348755	0.046214599999984785	epochs	3.0
1388.1883968348754	0.045728000000053726	epochs	3.0
1388.2341248348755	0.09003630000006524	epochs	2.0
1388.2341248348755	0.045251499999949374	epochs	3.0
1388.2793763348755	0.044784800000115865	epochs	3.0
1388.3241611348756	0.08820760000003247	epochs	2.0
1388.3241611348756	0.044327800000019124	epochs	3.0
1388.3684889348756	0.04387980000001335	epochs	3.0
1388.4123687348756	0.0864516999999978	epochs	2.0
1388.4123687348756	0.04344099999980244	epochs	3.0
1388.4558097348754	0.04301070000019536	epochs	3.0
1388.4988204348756	0.08476429999996071	epochs	2.0
1388.4988204348756	0.04258899999990717	epochs	3.0
1388.5414094348755	0.04217530000005354	epochs	3.0
1388.5835847348756	0.08314150000001064	epochs	2.0
1388.5835847348756	0.04176970000003166	epochs	3.0
1388.6253544348756	0.041371799999978975	epochs	3.0
1388.6667262348756	0.08157970000002024	epochs	2.0
1388.6667262348756	0.040981399999964196	epochs	3.0
1388.7077076348755	0.04059830000005604	epochs	3.0
1388.7483059348756	0.08007549999979346	epochs	2.0
1388.7483059348756	0.04022229999986848	epochs	3.0
1388.7885282348755	0.03985319999992498	epochs	3.0
1388.8283814348754	0.07862570000020241	epochs	2.0
1388.8283814348754	0.039490800000066884	epochs	3.0
1388.8678722348754	0.03913490000013553	epochs	3.0
1388.9070071348756	0.07722760000001472	epochs	2.0
1388.9070071348756	0.03878539999982422	epochs	3.0
1388.9457925348754	0.038442200000190496	epochs	3.0
1388.9842347348756	0.07587819999980638	epochs	2.0
1388.9842347348756	0.03810479999992822	epochs	3.0
1389.0223395348755	0.037773399999878166	epochs	3.0
1389.0601129348754	0.0745752000000266	epochs	2.0
1389.0601129348754	0.03744770000002973	epochs	3.0
1389.0975606348754	0.03712749999999687	epochs	3.0
1389.1346881348754	0.07331629999998768	epochs	2.0
1389.1346881348754	0.0368129000000863	epochs	3.0
1389.1715010348755	0.036503399999901376	epochs	3.0
1389.2080044348754	0.07209899999998015	epochs	2.0
1389.2080044348754	0.03619909999997617	epochs	3.0
1389.2442035348754	0.03589990000000398	epochs	3.0
1389.2801034348754	0.07092170000009901	epochs	2.0
1389.2801034348754	0.03560560000005353	epochs	3.0
1389.3157090348755	0.03531610000004548	epochs	3.0
1389.3510251348755	0.06978200000003199	epochs	2.0
1389.3510251348755	0.03503120000004856	epochs	3.0
1389.3860563348755	0.03475079999998343	epochs	3.0
1389.4208071348755	0.06867859999988468	epochs	2.0
1389.4208071348755	0.03447510000000875	epochs	3.0
1389.4552822348755	0.03420349999987593	epochs	3.0
1389.4894857348754	0.06760930000018561	epochs	2.0
1389.4894857348754	0.033936199999970995	epochs	3.0
1389.5234219348754	0.03367310000021462	epochs	3.0
1389.5570950348756	0.06657289999998284	epochs	2.0
1389.5570950348756	0.03341399999999339	epochs	3.0
1389.5905090348756	0.033158899999989444	epochs	3.0
1389.6236679348756	0.06556779999982609	epochs	2.0
1389.6236679348756	0.03290769999989607	epochs	3.0
1389.6565756348755	0.032660099999930026	epochs	3.0
1389.6892357348754	0.06459259999996902	epochs	2.0
1389.6892357348754	0.03241640000010193	epochs	3.0
1389.7216521348755	0.032176199999867094	epochs	3.0
1389.7538283348754	0.06364600000006249	epochs	2.0
1389.7538283348754	0.03193960000021434	epochs	3.0
1389.7857679348756	0.031706399999848145	epochs	3.0
1389.8174743348754	0.0627266999999847	epochs	2.0
1389.8174743348754	0.03147660000013275	epochs	3.0
1389.8489509348756	0.031250099999851955	epochs	3.0
1389.8802010348754	0.06183359999999993	epochs	2.0
1389.8802010348754	0.031026900000142632	epochs	3.0
1389.9112279348756	0.0308066999998573	epochs	3.0
1389.9420346348754	0.06096560000014506	epochs	2.0
1389.9420346348754	0.03058980000014344	epochs	3.0
1389.9726244348756	0.030375800000001618	epochs	3.0
1390.0030002348756	0.06012160000000222	epochs	2.0
1390.0030002348756	0.030164899999817862	epochs	3.0
1390.0331651348754	0.029956700000184355	epochs	3.0
1390.0631218348756	0.05930069999999432	epochs	2.0
1390.0631218348756	0.029751599999826794	epochs	3.0
1390.0928734348754	0.029549100000167527	epochs	3.0
1390.1224225348756	0.05850179999993088	epochs	2.0
1390.1224225348756	0.02934940000000097	epochs	3.0
1390.1517719348756	0.029152399999929912	epochs	3.0
1390.1809243348755	0.05772419999993872	epochs	2.0
1390.1809243348755	0.028958000000102402	epochs	3.0
1390.2098823348756	0.028766199999836317	epochs	3.0
1390.2386485348754	0.05696710000006533	epochs	2.0
1390.2386485348754	0.028577000000041153	epochs	3.0
1390.2672255348755	0.028390100000024177	epochs	3.0
1390.2956156348755	0.05622949999997218	epochs	2.0
1390.2956156348755	0.028205699999944045	epochs	3.0
1390.3238213348754	0.028023800000028132	epochs	3.0
1390.3518451348755	0.05551070000001346	epochs	2.0
1390.3518451348755	0.027843999999959124	epochs	3.0
1390.3796891348754	0.027666700000054334	epochs	3.0
1390.4073558348755	0.054810200000019904	epochs	2.0
1390.4073558348755	0.02749149999999645	epochs	3.0
1390.4348473348755	0.027318700000023455	epochs	3.0
1390.4621660348755	0.054126999999880354	epochs	2.0
1390.4621660348755	0.027147799999966082	epochs	3.0
1390.4893138348755	0.026979199999914272	epochs	3.0
1390.5162930348754	0.05346070000018699	epochs	2.0
1390.5162930348754	0.026812600000084785	epochs	3.0
1390.5431056348755	0.026648100000102204	epochs	3.0
1390.5697537348756	0.05281070000000909	epochs	2.0
1390.5697537348756	0.0264855999998872	epochs	3.0
1390.5962393348755	0.026325100000121893	epochs	3.0
1390.6225644348756	0.052176199999848905	epochs	2.0
1390.6225644348756	0.026166399999965506	epochs	3.0
1390.6487308348756	0.0260097999998834	epochs	3.0
1390.6747406348754	0.051556699999991906	epochs	2.0
1390.6747406348754	0.02585480000016105	epochs	3.0
1390.7005954348756	0.025701899999830857	epochs	3.0
1390.7262973348754	0.05095189999997274	epochs	2.0
1390.7262973348754	0.025550700000167126	epochs	3.0
1390.7518480348756	0.025401199999805613	epochs	3.0
1390.7772492348754	0.05036100000006627	epochs	2.0
1390.7772492348754	0.025253500000189888	epochs	3.0
1390.8025027348756	0.02510749999987638	epochs	3.0
1390.8276102348755	0.04978380000011384	epochs	2.0
1390.8276102348755	0.02496320000000196	epochs	3.0
1390.8525734348755	0.02482060000011188	epochs	3.0
1390.8773940348756	0.04921949999993558	epochs	2.0
1390.8773940348756	0.024679399999968155	epochs	3.0
1390.9020734348755	0.024540099999967424	epochs	3.0
1390.9266135348755	0.04866790000005494	epochs	2.0
1390.9266135348755	0.024402100000088467	epochs	3.0
1390.9510156348756	0.024265799999966475	epochs	3.0
1390.9752814348756	0.048128599999927246	epochs	2.0
1390.9752814348756	0.02413099999989754	epochs	3.0
1390.9994124348755	0.023997600000029706	epochs	3.0
1391.0234100348755	0.047601100000065344	epochs	2.0
1391.0234100348755	0.023865800000066884	epochs	3.0
1391.0472758348756	0.02373529999999846	epochs	3.0
1391.0710111348756	0.04708499999992455	epochs	2.0
1391.0710111348756	0.023606299999983094	epochs	3.0
1391.0946174348755	0.023478699999941455	epochs	3.0
1391.1180961348755	0.046579999999948996	epochs	2.0
1391.1180961348755	0.023352500000100918	epochs	3.0
1391.1414486348756	0.023227499999848078	epochs	3.0
1391.1646761348754	0.046085700000048746	epochs	2.0
1391.1646761348754	0.023104000000103042	epochs	3.0
1391.1877801348755	0.022981699999945704	epochs	3.0
1391.2107618348755	0.045601799999985815	epochs	2.0
1391.2107618348755	0.02286069999991014	epochs	3.0
1391.2336225348754	0.022741100000075676	epochs	3.0
1391.2563636348755	0.04512790000012501	epochs	2.0
1391.2563636348755	0.022622500000125	epochs	3.0
1391.2789861348756	0.02250540000000001	epochs	3.0
1391.3014915348756	0.04466379999985293	epochs	2.0
1391.3014915348756	0.02238929999998618	epochs	3.0
1391.3238808348756	0.022274499999866748	epochs	3.0
1391.3461553348754	0.04420920000006845	epochs	2.0
1391.3461553348754	0.022160799999937808	epochs	3.0
1391.3683161348754	0.02204840000013064	epochs	3.0
1391.3903645348755	0.04376359999992019	epochs	2.0
1391.3903645348755	0.02193689999990056	epochs	3.0
1391.4123014348754	0.021826700000019628	epochs	3.0
1391.4341281348754	0.04332709999994222	epochs	2.0
1391.4341281348754	0.02171760000010181	epochs	3.0
1391.4558457348755	0.02160949999984041	epochs	3.0
1391.4774552348754	0.04289900000003399	epochs	2.0
1391.4774552348754	0.021502500000224245	epochs	3.0
1391.4989577348756	0.021396499999809748	epochs	3.0
1391.5203542348754	0.04247950000012679	epochs	2.0
1391.5203542348754	0.021291700000119818	epochs	3.0
1391.5416459348755	0.021187800000006973	epochs	3.0
1391.5628337348755	0.04206789999989269	epochs	2.0
1391.5628337348755	0.02108490000000529	epochs	3.0
1391.5839186348755	0.020982999999887397	epochs	3.0
1391.6049016348754	0.04166439999994509	epochs	2.0
1391.6049016348754	0.020882199999959994	epochs	3.0
1391.6257838348754	0.020782199999985096	epochs	3.0
1391.6465660348754	0.04126850000011473	epochs	2.0
1391.6465660348754	0.02068330000020069	epochs	3.0
1391.6672493348756	0.02058519999991404	epochs	3.0
1391.6878345348755	0.04088000000001557	epochs	2.0
1391.6878345348755	0.020488099999965925	epochs	3.0
1391.7083226348755	0.020391900000049645	epochs	3.0
1391.7287145348755	0.04049880000002304	epochs	2.0
1391.7287145348755	0.020296599999937825	epochs	3.0
1391.7490111348754	0.020202200000085213	epochs	3.0
1391.7692133348755	0.040124599999899146	epochs	2.0
1391.7692133348755	0.02010870000003706	epochs	3.0
1391.7893220348756	0.020015899999862086	epochs	3.0
1391.8093379348754	0.03975730000001931	epochs	2.0
1391.8093379348754	0.019924200000104975	epochs	3.0
1391.8292621348755	0.01983309999991434	epochs	3.0
1391.8490952348754	0.03939669999999751	epochs	2.0
1391.8490952348754	0.01974300000006224	epochs	3.0
1391.8688382348755	0.01965369999993527	epochs	3.0
1391.8884919348754	0.03904239999997117	epochs	2.0
1391.8884919348754	0.019565100000136226	epochs	3.0
1391.9080570348756	0.01947729999983494	epochs	3.0
1391.9275343348754	0.038694600000098944	epochs	2.0
1391.9275343348754	0.019390400000020236	epochs	3.0
1391.9469247348754	0.01930420000007871	epochs	3.0
1391.9662289348755	0.03835290000006353	epochs	2.0
1391.9662289348755	0.019218799999862313	epochs	3.0
1391.9854477348754	0.019134100000201215	epochs	3.0
1392.0045818348756	0.03801720000001296	epochs	2.0
1392.0045818348756	0.019050199999810502	epochs	3.0
1392.0236320348754	0.01896700000020246	epochs	3.0
1392.0425990348756	0.03768719999993664	epochs	2.0
1392.0425990348756	0.018884499999785476	epochs	3.0
1392.0614835348754	0.018802700000151162	epochs	3.0
1392.0802862348755	0.03736309999999321	epochs	2.0
1392.0802862348755	0.018721700000014607	epochs	3.0
1392.0990079348755	0.018641399999978603	epochs	3.0
1392.1176493348755	0.03704429999993408	epochs	2.0
1392.1176493348755	0.018561599999884493	epochs	3.0
1392.1362109348754	0.01848270000004959	epochs	3.0
1392.1546936348755	0.036731000000145286	epochs	2.0
1392.1546936348755	0.018404299999929208	epochs	3.0
1392.1730979348754	0.01832670000021608	epochs	3.0
1392.1914246348756	0.03642289999993409	epochs	2.0
1392.1914246348756	0.018249599999990096	epochs	3.0
1392.2096742348756	0.018173299999943993	epochs	3.0
1392.2278475348755	0.03612010000006194	epochs	2.0
1392.2278475348755	0.01809759999991911	epochs	3.0
1392.2459451348755	0.018022500000142827	epochs	3.0
1392.2639676348756	0.03582209999990482	epochs	2.0
1392.2639676348756	0.01794789999985369	epochs	3.0
1392.2819155348755	0.017874200000051133	epochs	3.0
1392.2997897348755	0.03552899999999681	epochs	2.0
1392.2997897348755	0.017800800000031813	epochs	3.0
1392.3175905348755	0.017728199999965	epochs	3.0
1392.3353187348755	0.03524070000003121	epochs	2.0
1392.3353187348755	0.017656100000067454	epochs	3.0
1392.3529748348756	0.017584599999963757	epochs	3.0
1392.3705594348755	0.03495709999992869	epochs	2.0
1392.3705594348755	0.017513699999881283	epochs	3.0
1392.3880731348754	0.017443400000047404	epochs	3.0
1392.4055165348755	0.03467790000013338	epochs	2.0
1392.4055165348755	0.017373599999928047	epochs	3.0
1392.4228901348754	0.01730430000020533	epochs	3.0
1392.4401944348756	0.03440329999989444	epochs	2.0
1392.4401944348756	0.017235699999901044	epochs	3.0
1392.4574301348755	0.0171675999999934	epochs	3.0
1392.4745977348755	0.03413279999995211	epochs	2.0
1392.4745977348755	0.01709989999994832	epochs	3.0
1392.4916976348754	0.017032900000003792	epochs	3.0
1392.5087305348754	0.03386670000008962	epochs	2.0
1392.5087305348754	0.01696640000000116	epochs	3.0
1392.5256969348754	0.016900300000088464	epochs	3.0
1392.5425972348755	0.03360459999998966	epochs	2.0
1392.5425972348755	0.01683479999996962	epochs	3.0
1392.5594320348755	0.01676980000002004	epochs	3.0
1392.5762018348755	0.033346599999958926	epochs	2.0
1392.5762018348755	0.016705300000012357	epochs	3.0
1392.5929071348755	0.01664129999994657	epochs	3.0
1392.6095484348755	0.03309250000006614	epochs	2.0
1392.6095484348755	0.016577800000050047	epochs	3.0
1392.6261262348755	0.01651470000001609	epochs	3.0
1392.6426409348755	0.03284229999985655	epochs	2.0
1392.6426409348755	0.01645220000000336	epochs	3.0
1392.6590931348755	0.01639009999985319	epochs	3.0
1392.6754832348754	0.03259570000000167	epochs	2.0
1392.6754832348754	0.016328400000020338	epochs	3.0
1392.6918116348754	0.016267299999981333	epochs	3.0
1392.7080789348754	0.032352899999978035	epochs	2.0
1392.7080789348754	0.016206600000032267	epochs	3.0
1392.7242855348754	0.016146299999945768	epochs	3.0
1392.7404318348754	0.032113700000081735	epochs	2.0
1392.7404318348754	0.016086600000107865	epochs	3.0
1392.7565184348755	0.01602709999997387	epochs	3.0
1392.7725455348755	0.03187800000000607	epochs	2.0
1392.7725455348755	0.015968200000088473	epochs	3.0
1392.7885137348756	0.015909799999917595	epochs	3.0
1392.8044235348755	0.03164570000012645	epochs	2.0
1392.8044235348755	0.015851599999905375	epochs	3.0
1392.8202751348754	0.01579410000022108	epochs	3.0
1392.8360692348756	0.031416699999908815	epochs	2.0
1392.8360692348756	0.01573669999993399	epochs	3.0
1392.8518059348755	0.015679999999974825	epochs	3.0
1392.8674859348755	0.03119109999988723	epochs	2.0
1392.8674859348755	0.015623600000026272	epochs	3.0
1392.8831095348755	0.015567499999860956	epochs	3.0
1392.8986770348754	0.03096870000013041	epochs	2.0
1392.8986770348754	0.01551200000017161	epochs	3.0
1392.9141890348756	0.0154566999999588	epochs	3.0
1392.9296457348755	0.030749499999956242	epochs	2.0
1392.9296457348755	0.015401999999994587	epochs	3.0
1392.9450477348755	0.015347499999961656	epochs	3.0
1392.9603952348755	0.03053320000003623	epochs	2.0
1392.9603952348755	0.015293400000018664	epochs	3.0
1392.9756886348755	0.015239800000017567	epochs	3.0
1392.9909284348755	0.030320099999926242	epochs	2.0
1392.9909284348755	0.015186500000027081	epochs	3.0
1393.0061149348755	0.015133599999899161	epochs	3.0
1393.0212485348754	0.03010990000007041	epochs	2.0
1393.0212485348754	0.015081000000009226	epochs	3.0
1393.0363295348754	0.015028900000061185	epochs	3.0
1393.0513584348755	0.029902499999934662	epochs	2.0
1393.0513584348755	0.014977000000044427	epochs	3.0
1393.0663354348756	0.014925499999890235	epochs	3.0
1393.0812609348754	0.0296981000001324	epochs	2.0
1393.0812609348754	0.014874400000053356	epochs	3.0
1393.0961353348755	0.014823700000079043	epochs	3.0
1393.1109590348756	0.029496299999891562	epochs	2.0
1393.1109590348756	0.01477319999980864	epochs	3.0
1393.1257322348754	0.014723100000082923	epochs	3.0
1393.1404553348755	0.029297400000132257	epochs	2.0
1393.1404553348755	0.014673399999992398	epochs	3.0
1393.1551287348755	0.014624000000139858	epochs	3.0
1393.1697527348756	0.029101099999934377	epochs	2.0
1393.1697527348756	0.014574899999843183	epochs	3.0
1393.1843276348754	0.014526200000091194	epochs	3.0
1393.1988538348755	0.028907399999980044	epochs	2.0
1393.1988538348755	0.014477700000043114	epochs	3.0
1393.2133315348756	0.014429699999936929	epochs	3.0
1393.2277612348755	0.028716199999962555	epochs	2.0
1393.2277612348755	0.014381799999910072	epochs	3.0
1393.2421430348754	0.014334400000052483	epochs	3.0
1393.2564774348755	0.02852759999996124	epochs	2.0
1393.2564774348755	0.014287199999898803	epochs	3.0
1393.2707646348754	0.014240400000062436	epochs	3.0
1393.2850050348754	0.028341400000044814	epochs	2.0
1393.2850050348754	0.014193800000157353	epochs	3.0
1393.2991988348756	0.014147599999887461	epochs	3.0
1393.3133464348755	0.028157700000065233	epochs	2.0
1393.3133464348755	0.014101700000082928	epochs	3.0
1393.3274481348756	0.014055999999982305	epochs	3.0
1393.3415041348755	0.02797629999986384	epochs	2.0
1393.3415041348755	0.014010599999892293	epochs	3.0
1393.3555147348754	0.013965699999971548	epochs	3.0
1393.3694804348754	0.027797200000122757	epochs	2.0
1393.3694804348754	0.013920800000050804	epochs	3.0
1393.3834012348755	0.013876400000071953	epochs	3.0
1393.3972776348755	0.027620399999932488	epochs	2.0
1393.3972776348755	0.013832200000024386	epochs	3.0
1393.4111098348756	0.013788199999908102	epochs	3.0
1393.4248980348755	0.027445899999975154	epochs	2.0
1393.4248980348755	0.01374460000010913	epochs	3.0
1393.4386426348756	0.013701299999866023	epochs	3.0
1393.4523439348754	0.0272735000000921	epochs	2.0
1393.4523439348754	0.013658200000008947	epochs	3.0
1393.4660021348755	0.013615300000083153	epochs	3.0
1393.4796174348755	0.027103399999987232	epochs	2.0
1393.4796174348755	0.013572800000019924	epochs	3.0
1393.4931902348756	0.013530599999967308	epochs	3.0
1393.5067208348755	0.02693520000002536	epochs	2.0
1393.5067208348755	0.01348839999991469	epochs	3.0
1393.5202092348754	0.01344680000011067	epochs	3.0
1393.5336560348755	0.026769199999989723	epochs	2.0
1393.5336560348755	0.013405199999851902	epochs	3.0
1393.5470612348754	0.013364000000137821	epochs	3.0
1393.5604252348755	0.026605199999949036	epochs	2.0
1393.5604252348755	0.013322900000048321	epochs	3.0
1393.5737481348756	0.013282299999900715	epochs	3.0
1393.5870304348755	0.0264431999999033	epochs	2.0
1393.5870304348755	0.013241699999980483	epochs	3.0
1393.6002721348755	0.013201499999922817	epochs	3.0
1393.6134736348754	0.026283200000079887	epochs	2.0
1393.6134736348754	0.013161500000023807	epochs	3.0
1393.6266351348754	0.01312170000005608	epochs	3.0
1393.6397568348755	0.02612500000009277	epochs	2.0
1393.6397568348755	0.013082100000019636	epochs	3.0
1393.6528389348755	0.013042900000073132	epochs	3.0
1393.6658818348756	0.025968899999952555	epochs	2.0
1393.6658818348756	0.013003899999830537	epochs	3.0
1393.6788857348754	0.012965000000122018	epochs	3.0
1393.6918507348755	0.025814500000024054	epochs	2.0
1393.6918507348755	0.012926399999969362	epochs	3.0
1393.7047771348755	0.012888100000054692	epochs	3.0
1393.7176652348755	0.025661899999931848	epochs	2.0
1393.7176652348755	0.012849899999991976	epochs	3.0
1393.7305151348755	0.012811999999939871	epochs	3.0
1393.7433271348755	0.025511199999982637	epochs	2.0
1393.7433271348755	0.012774400000125752	epochs	3.0
1393.7561015348756	0.012736799999856885	epochs	3.0
1393.7688383348755	0.025362300000097093	epochs	2.0
1393.7688383348755	0.01269969999998466	epochs	3.0
1393.7815380348754	0.012662600000112434	epochs	3.0
1393.7942006348756	0.025214999999889187	epochs	2.0
1393.7942006348756	0.012625800000023446	epochs	3.0
1393.8068264348756	0.012589199999865741	epochs	3.0
1393.8194156348754	0.024584799999956886	epochs	2.0
1393.8404004348754	0.5	epochs	-1.0
1393.8440004348754	0.5199200000001838	epochs	1.0
1394.3639204348756	0.4800000000000182	epochs	0.0
1396.6470003128052	0.09999999999990905	epochs	0.0
1396.6470003128052	0.04500000000007276	epochs	1.0
1396.6920003128052	0.009999999999990905	epochs	1.0
1396.7020003128052	0.044999999999845386	epochs	1.0
1396.747000312805	2.0	epochs	0.0
1398.747000312805	21.520080000000007	epochs	0.0
1398.747000312805	1.0	epochs	1.0
1398.747000312805	0.5	epochs	-1.0
1399.247000312805	19.996399999999994	epochs	-1.0
1399.747000312805	20.0	epochs	1.0
1399.747000312805	4.356753900000058	epochs	-1.0
1399.747000312805	1.9745872000000873	epochs	2.0
1399.747000312805	1.0985622000000603	epochs	3.0
1400.8455625128051	0.8760250000000269	epochs	3.0
1401.7215875128052	1.3524075000000266	epochs	2.0
1401.7215875128052	0.7286355000001095	epochs	3.0
1402.4502230128053	0.6237719999999172	epochs	3.0
1403.0739950128052	1.029759199999944	epochs	2.0
1403.0739950128052	0.5453293000000485	epochs	3.0
1403.6193243128052	0.4844298999998955	epochs	3.0
1404.1037542128051	0.8317862000001242	epochs	2.0
1404.1037542128051	0.4357763000000432	epochs	3.0
1404.5395305128052	0.39600990000008096	epochs	3.0
1404.9355404128053	0.6977969999998095	epochs	2.0
1404.9355404128053	0.3628982000000178	epochs	3.0
1405.2984386128053	0.33489879999979166	epochs	3.0
1405.633337412805	0.601045699999986	epochs	2.0
1405.633337412805	0.3109123000001546	epochs	3.0
1405.9442497128052	0.29013339999983145	epochs	3.0
1406.234383112805	0.5278859000000011	epochs	2.0
1406.234383112805	0.2719586000000618	epochs	3.0
1406.5063417128051	0.25592729999993935	epochs	3.0
1406.762269012805	0.4706193000001804	epochs	2.0
1406.762269012805	0.24168130000020938	epochs	3.0
1407.0039503128053	0.228937999999971	epochs	3.0
1407.2328883128052	0.42457039999999324	epochs	2.0
1407.2328883128052	0.21747140000002219	epochs	3.0
1407.4503597128053	0.20709899999997106	epochs	3.0
1407.6574587128052	0.3867353999999068	epochs	2.0
1407.6574587128052	0.19767109999997956	epochs	3.0
1407.8551298128052	0.18906429999992724	epochs	3.0
1408.0441941128051	0.35509530000013	epochs	2.0
1408.0441941128051	0.18117589999997108	epochs	3.0
1408.2253700128051	0.17391940000015893	epochs	3.0
1408.3992894128053	0.3282431000000088	epochs	2.0
1408.3992894128053	0.16722189999995862	epochs	3.0
1408.5665113128052	0.16102120000005016	epochs	3.0
1408.7275325128053	0.3051679999998669	epochs	2.0
1408.7275325128053	0.15526389999990897	epochs	3.0
1408.8827964128052	0.1499040999999579	epochs	3.0
1409.0327005128051	0.28512530000011793	epochs	2.0
1409.0327005128051	0.1449021000000812	epochs	3.0
1409.1776026128052	0.14022320000003674	epochs	3.0
1409.3178258128053	0.2675537999998596	epochs	2.0
1409.3178258128053	0.1358368999999584	epochs	3.0
1409.4536627128052	0.13171689999990122	epochs	3.0
1409.5853796128051	0.25202290000015637	epochs	2.0
1409.5853796128051	0.1278393000000051	epochs	3.0
1409.7132189128051	0.12418360000015127	epochs	3.0
1409.8374025128053	0.23819649999995818	epochs	2.0
1409.8374025128053	0.1207310999998299	epochs	3.0
1409.958133612805	0.11746540000012828	epochs	3.0
1410.0755990128052	0.22580879999986792	epochs	2.0
1410.0755990128052	0.1143718999999237	epochs	3.0
1410.1899709128052	0.11143689999994422	epochs	3.0
1410.301407812805	0.2146460000001298	epochs	2.0
1410.301407812805	0.10864890000016203	epochs	3.0
1410.4100567128053	0.10599709999996776	epochs	3.0
1410.5160538128052	0.2045349999998507	epochs	2.0
1410.5160538128052	0.1034714999998414	epochs	3.0
1410.619525312805	0.1010635000000093	epochs	3.0
1410.720588812805	0.19533400000000256	epochs	2.0
1410.720588812805	0.09876510000003691	epochs	3.0
1410.8193539128051	0.09656889999996565	epochs	3.0
1410.915922812805	0.18692529999998442	epochs	2.0
1410.915922812805	0.09446830000001682	epochs	3.0
1411.010391112805	0.09245699999996759	epochs	3.0
1411.102848112805	0.1792107000001124	epochs	2.0
1411.102848112805	0.0905296000000817	epochs	3.0
1411.1933777128052	0.08868110000003071	epochs	3.0
1411.2820588128052	0.17210769999996955	epochs	2.0
1411.2820588128052	0.08690630000000965	epochs	3.0
1411.3689651128052	0.0852013999999599	epochs	3.0
1411.4541665128052	0.16554640000003928	epochs	2.0
1411.4541665128052	0.08356189999994967	epochs	3.0
1411.537728412805	0.08198450000008961	epochs	3.0
1411.6197129128052	0.15946710000002895	epochs	2.0
1411.6197129128052	0.08046539999986635	epochs	3.0
1411.700178312805	0.0790017000001626	epochs	3.0
1411.7791800128052	0.1538183999998637	epochs	2.0
1411.7791800128052	0.07759009999995214	epochs	3.0
1411.8567701128052	0.07622829999991154	epochs	3.0
1411.932998412805	0.14855640000018866	epochs	2.0
1411.932998412805	0.07491330000016205	epochs	3.0
1412.0079117128053	0.0736431000000266	epochs	3.0
1412.0815548128053	0.1436423999998624	epochs	2.0
1412.0815548128053	0.07241499999986445	epochs	3.0
1412.1539698128051	0.07122739999999794	epochs	3.0
1412.2251972128051	0.13904309999998077	epochs	2.0
1412.2251972128051	0.07007799999996678	epochs	3.0
1412.295275212805	0.06896510000001399	epochs	3.0
1412.3642403128051	0.1347293000001173	epochs	2.0
1412.3642403128051	0.0678871000000072	epochs	3.0
1412.4321274128051	0.0668422000001101	epochs	3.0
1412.4989696128052	0.1306752000000415	epochs	2.0
1412.4989696128052	0.06582909999997355	epochs	3.0
1412.5647987128052	0.06484610000006796	epochs	3.0
1412.6296448128053	0.1268577999999252	epochs	2.0
1412.6296448128053	0.06389199999989614	epochs	3.0
1412.6935368128052	0.06296580000002905	epochs	3.0
1412.7565026128052	0.12325719999989815	epochs	2.0
1412.7565026128052	0.06206580000002759	epochs	3.0
1412.8185684128052	0.061191399999870555	epochs	3.0
1412.879759812805	0.11985540000000583	epochs	2.0
1412.879759812805	0.060341099999959624	epochs	3.0
1412.940100912805	0.059514300000046205	epochs	3.0
1412.999615212805	0.11663620000012997	epochs	2.0
1412.999615212805	0.05870960000015657	epochs	3.0
1413.0583248128053	0.057926599999973405	epochs	3.0
1413.1162514128052	0.11358559999985118	epochs	2.0
1413.1162514128052	0.05716419999998834	epochs	3.0
1413.1734156128052	0.05642139999986284	epochs	3.0
1413.229837012805	0.11069050000014613	epochs	2.0
1413.229837012805	0.055697900000041045	epochs	3.0
1413.2855349128051	0.054992600000105085	epochs	3.0
1413.3405275128052	0.10793909999983953	epochs	2.0
1413.3405275128052	0.05430490000003374	epochs	3.0
1413.3948324128053	0.05363419999980579	epochs	3.0
1413.448466612805	0.10532150000017282	epochs	2.0
1413.448466612805	0.052980000000161453	epochs	3.0
1413.5014466128052	0.052341500000011365	epochs	3.0
1413.5537881128053	0.10282759999995505	epochs	2.0
1413.5537881128053	0.05171810000001642	epochs	3.0
1413.6055062128053	0.051109499999938635	epochs	3.0
1413.6566157128052	0.10044909999987794	epochs	2.0
1413.6566157128052	0.050514900000052876	epochs	3.0
1413.7071306128053	0.04993419999982507	epochs	3.0
1413.757064812805	0.09817830000019967	epochs	2.0
1413.757064812805	0.04936659999998483	epochs	3.0
1413.806431412805	0.04881170000021484	epochs	3.0
1413.8552431128053	0.09600779999982478	epochs	2.0
1413.8552431128053	0.048269199999822376	epochs	3.0
1413.903512312805	0.04773860000000241	epochs	3.0
1413.951250912805	0.09393120000004274	epochs	2.0
1413.951250912805	0.04721949999998287	epochs	3.0
1413.998470412805	0.046711700000059864	epochs	3.0
1414.0451821128052	0.09194260000003851	epochs	2.0
1414.0451821128052	0.046214599999984785	epochs	3.0
1414.0913967128051	0.045728000000053726	epochs	3.0
1414.1371247128052	0.09003630000006524	epochs	2.0
1414.1371247128052	0.045251499999949374	epochs	3.0
1414.1823762128051	0.044784800000115865	epochs	3.0
1414.2271610128053	0.08820760000003247	epochs	2.0
1414.2271610128053	0.044327800000019124	epochs	3.0
1414.2714888128053	0.04387980000001335	epochs	3.0
1414.3153686128053	0.0864516999999978	epochs	2.0
1414.3153686128053	0.04344099999980244	epochs	3.0
1414.358809612805	0.04301070000019536	epochs	3.0
1414.4018203128053	0.08476429999996071	epochs	2.0
1414.4018203128053	0.04258899999990717	epochs	3.0
1414.4444093128052	0.04217530000005354	epochs	3.0
1414.4865846128052	0.08314150000001064	epochs	2.0
1414.4865846128052	0.04176970000003166	epochs	3.0
1414.5283543128053	0.041371799999978975	epochs	3.0
1414.5697261128053	0.08157970000002024	epochs	2.0
1414.5697261128053	0.040981399999964196	epochs	3.0
1414.6107075128052	0.04059830000005604	epochs	3.0
1414.6513058128053	0.08007549999979346	epochs	2.0
1414.6513058128053	0.04022229999986848	epochs	3.0
1414.6915281128051	0.03985319999992498	epochs	3.0
1414.731381312805	0.07862570000020241	epochs	2.0
1414.731381312805	0.039490800000066884	epochs	3.0
1414.7708721128051	0.03913490000013553	epochs	3.0
1414.8100070128053	0.07722760000001472	epochs	2.0
1414.8100070128053	0.03878539999982422	epochs	3.0
1414.848792412805	0.038442200000190496	epochs	3.0
1414.8872346128053	0.07587819999980638	epochs	2.0
1414.8872346128053	0.03810479999992822	epochs	3.0
1414.9253394128052	0.037773399999878166	epochs	3.0
1414.963112812805	0.0745752000000266	epochs	2.0
1414.963112812805	0.03744770000002973	epochs	3.0
1415.0005605128051	0.03712749999999687	epochs	3.0
1415.0376880128051	0.07331629999998768	epochs	2.0
1415.0376880128051	0.0368129000000863	epochs	3.0
1415.0745009128052	0.036503399999901376	epochs	3.0
1415.111004312805	0.07209899999998015	epochs	2.0
1415.111004312805	0.03619909999997617	epochs	3.0
1415.147203412805	0.03589990000000398	epochs	3.0
1415.183103312805	0.07092170000009901	epochs	2.0
1415.183103312805	0.03560560000005353	epochs	3.0
1415.2187089128051	0.03531610000004548	epochs	3.0
1415.2540250128052	0.06978200000003199	epochs	2.0
1415.2540250128052	0.03503120000004856	epochs	3.0
1415.2890562128052	0.03475079999998343	epochs	3.0
1415.3238070128052	0.06867859999988468	epochs	2.0
1415.3238070128052	0.03447510000000875	epochs	3.0
1415.3582821128052	0.03420349999987593	epochs	3.0
1415.392485612805	0.06760930000018561	epochs	2.0
1415.392485612805	0.033936199999970995	epochs	3.0
1415.426421812805	0.03367310000021462	epochs	3.0
1415.4600949128053	0.06657289999998284	epochs	2.0
1415.4600949128053	0.03341399999999339	epochs	3.0
1415.4935089128053	0.033158899999989444	epochs	3.0
1415.5266678128053	0.06556779999982609	epochs	2.0
1415.5266678128053	0.03290769999989607	epochs	3.0
1415.5595755128052	0.032660099999930026	epochs	3.0
1415.592235612805	0.06459259999996902	epochs	2.0
1415.592235612805	0.03241640000010193	epochs	3.0
1415.6246520128052	0.032176199999867094	epochs	3.0
1415.656828212805	0.06364600000006249	epochs	2.0
1415.656828212805	0.03193960000021434	epochs	3.0
1415.6887678128053	0.031706399999848145	epochs	3.0
1415.7204742128051	0.0627266999999847	epochs	2.0
1415.7204742128051	0.03147660000013275	epochs	3.0
1415.7519508128053	0.031250099999851955	epochs	3.0
1415.7832009128051	0.06183359999999993	epochs	2.0
1415.7832009128051	0.031026900000142632	epochs	3.0
1415.8142278128053	0.0308066999998573	epochs	3.0
1415.8450345128051	0.06096560000014506	epochs	2.0
1415.8450345128051	0.03058980000014344	epochs	3.0
1415.8756243128053	0.030375800000001618	epochs	3.0
1415.9060001128053	0.06012160000000222	epochs	2.0
1415.9060001128053	0.030164899999817862	epochs	3.0
1415.936165012805	0.029956700000184355	epochs	3.0
1415.9661217128053	0.05930069999999432	epochs	2.0
1415.9661217128053	0.029751599999826794	epochs	3.0
1415.995873312805	0.029549100000167527	epochs	3.0
1416.0254224128053	0.05850179999993088	epochs	2.0
1416.0254224128053	0.02934940000000097	epochs	3.0
1416.0547718128053	0.029152399999929912	epochs	3.0
1416.0839242128052	0.05772419999993872	epochs	2.0
1416.0839242128052	0.028958000000102402	epochs	3.0
1416.1128822128053	0.028766199999836317	epochs	3.0
1416.1416484128051	0.05696710000006533	epochs	2.0
1416.1416484128051	0.028577000000041153	epochs	3.0
1416.1702254128052	0.028390100000024177	epochs	3.0
1416.1986155128052	0.05622949999997218	epochs	2.0
1416.1986155128052	0.028205699999944045	epochs	3.0
1416.2268212128051	0.028023800000028132	epochs	3.0
1416.2548450128052	0.05551070000001346	epochs	2.0
1416.2548450128052	0.027843999999959124	epochs	3.0
1416.2826890128051	0.027666700000054334	epochs	3.0
1416.3103557128052	0.054810200000019904	epochs	2.0
1416.3103557128052	0.02749149999999645	epochs	3.0
1416.3378472128052	0.027318700000023455	epochs	3.0
1416.3651659128052	0.054126999999880354	epochs	2.0
1416.3651659128052	0.027147799999966082	epochs	3.0
1416.3923137128052	0.026979199999914272	epochs	3.0
1416.419292912805	0.05346070000018699	epochs	2.0
1416.419292912805	0.026812600000084785	epochs	3.0
1416.4461055128052	0.026648100000102204	epochs	3.0
1416.4727536128053	0.05281070000000909	epochs	2.0
1416.4727536128053	0.0264855999998872	epochs	3.0
1416.4992392128052	0.026325100000121893	epochs	3.0
1416.5255643128053	0.052176199999848905	epochs	2.0
1416.5255643128053	0.026166399999965506	epochs	3.0
1416.5517307128052	0.0260097999998834	epochs	3.0
1416.5777405128051	0.051556699999991906	epochs	2.0
1416.5777405128051	0.02585480000016105	epochs	3.0
1416.6035953128053	0.025701899999830857	epochs	3.0
1416.629297212805	0.05095189999997274	epochs	2.0
1416.629297212805	0.025550700000167126	epochs	3.0
1416.6548479128053	0.025401199999805613	epochs	3.0
1416.680249112805	0.05036100000006627	epochs	2.0
1416.680249112805	0.025253500000189888	epochs	3.0
1416.7055026128053	0.02510749999987638	epochs	3.0
1416.7306101128052	0.04978380000011384	epochs	2.0
1416.7306101128052	0.02496320000000196	epochs	3.0
1416.7555733128052	0.02482060000011188	epochs	3.0
1416.7803939128053	0.04921949999993558	epochs	2.0
1416.7803939128053	0.024679399999968155	epochs	3.0
1416.8050733128052	0.024540099999967424	epochs	3.0
1416.8296134128052	0.04866790000005494	epochs	2.0
1416.8296134128052	0.024402100000088467	epochs	3.0
1416.8540155128053	0.024265799999966475	epochs	3.0
1416.8782813128053	0.048128599999927246	epochs	2.0
1416.8782813128053	0.02413099999989754	epochs	3.0
1416.9024123128052	0.023997600000029706	epochs	3.0
1416.9264099128052	0.047601100000065344	epochs	2.0
1416.9264099128052	0.023865800000066884	epochs	3.0
1416.9502757128053	0.02373529999999846	epochs	3.0
1416.9740110128052	0.04708499999992455	epochs	2.0
1416.9740110128052	0.023606299999983094	epochs	3.0
1416.9976173128052	0.023478699999941455	epochs	3.0
1417.0210960128052	0.046579999999948996	epochs	2.0
1417.0210960128052	0.023352500000100918	epochs	3.0
1417.0444485128053	0.023227499999848078	epochs	3.0
1417.0676760128051	0.046085700000048746	epochs	2.0
1417.0676760128051	0.023104000000103042	epochs	3.0
1417.0907800128052	0.022981699999945704	epochs	3.0
1417.1137617128052	0.045601799999985815	epochs	2.0
1417.1137617128052	0.02286069999991014	epochs	3.0
1417.136622412805	0.022741100000075676	epochs	3.0
1417.1593635128052	0.04512790000012501	epochs	2.0
1417.1593635128052	0.022622500000125	epochs	3.0
1417.1819860128053	0.02250540000000001	epochs	3.0
1417.2044914128053	0.04466379999985293	epochs	2.0
1417.2044914128053	0.02238929999998618	epochs	3.0
1417.2268807128053	0.022274499999866748	epochs	3.0
1417.2491552128051	0.04420920000006845	epochs	2.0
1417.2491552128051	0.022160799999937808	epochs	3.0
1417.271316012805	0.02204840000013064	epochs	3.0
1417.2933644128052	0.04376359999992019	epochs	2.0
1417.2933644128052	0.02193689999990056	epochs	3.0
1417.315301312805	0.021826700000019628	epochs	3.0
1417.3371280128051	0.04332709999994222	epochs	2.0
1417.3371280128051	0.02171760000010181	epochs	3.0
1417.3588456128052	0.02160949999984041	epochs	3.0
1417.380455112805	0.04289900000003399	epochs	2.0
1417.380455112805	0.021502500000224245	epochs	3.0
1417.4019576128053	0.021396499999809748	epochs	3.0
1417.423354112805	0.04247950000012679	epochs	2.0
1417.423354112805	0.021291700000119818	epochs	3.0
1417.4446458128052	0.021187800000006973	epochs	3.0
1417.4658336128052	0.04206789999989269	epochs	2.0
1417.4658336128052	0.02108490000000529	epochs	3.0
1417.4869185128052	0.020982999999887397	epochs	3.0
1417.5079015128051	0.04166439999994509	epochs	2.0
1417.5079015128051	0.020882199999959994	epochs	3.0
1417.528783712805	0.020782199999985096	epochs	3.0
1417.549565912805	0.04126850000011473	epochs	2.0
1417.549565912805	0.02068330000020069	epochs	3.0
1417.5702492128053	0.02058519999991404	epochs	3.0
1417.5908344128052	0.04088000000001557	epochs	2.0
1417.5908344128052	0.020488099999965925	epochs	3.0
1417.6113225128051	0.020391900000049645	epochs	3.0
1417.6317144128052	0.04049880000002304	epochs	2.0
1417.6317144128052	0.020296599999937825	epochs	3.0
1417.6520110128051	0.020202200000085213	epochs	3.0
1417.6722132128052	0.040124599999899146	epochs	2.0
1417.6722132128052	0.02010870000003706	epochs	3.0
1417.6923219128053	0.020015899999862086	epochs	3.0
1417.7123378128051	0.03975730000001931	epochs	2.0
1417.7123378128051	0.019924200000104975	epochs	3.0
1417.7322620128052	0.01983309999991434	epochs	3.0
1417.7520951128051	0.03939669999999751	epochs	2.0
1417.7520951128051	0.01974300000006224	epochs	3.0
1417.7718381128052	0.01965369999993527	epochs	3.0
1417.7914918128051	0.03904239999997117	epochs	2.0
1417.7914918128051	0.019565100000136226	epochs	3.0
1417.8110569128053	0.01947729999983494	epochs	3.0
1417.830534212805	0.038694600000098944	epochs	2.0
1417.830534212805	0.019390400000020236	epochs	3.0
1417.8499246128051	0.01930420000007871	epochs	3.0
1417.8692288128052	0.03835290000006353	epochs	2.0
1417.8692288128052	0.019218799999862313	epochs	3.0
1417.888447612805	0.019134100000201215	epochs	3.0
1417.9075817128053	0.03801720000001296	epochs	2.0
1417.9075817128053	0.019050199999810502	epochs	3.0
1417.926631912805	0.01896700000020246	epochs	3.0
1417.9455989128053	0.03768719999993664	epochs	2.0
1417.9455989128053	0.018884499999785476	epochs	3.0
1417.964483412805	0.018802700000151162	epochs	3.0
1417.9832861128052	0.03736309999999321	epochs	2.0
1417.9832861128052	0.018721700000014607	epochs	3.0
1418.0020078128052	0.018641399999978603	epochs	3.0
1418.0206492128052	0.03704429999993408	epochs	2.0
1418.0206492128052	0.018561599999884493	epochs	3.0
1418.039210812805	0.01848270000004959	epochs	3.0
1418.0576935128051	0.036731000000145286	epochs	2.0
1418.0576935128051	0.018404299999929208	epochs	3.0
1418.076097812805	0.01832670000021608	epochs	3.0
1418.0944245128053	0.03642289999993409	epochs	2.0
1418.0944245128053	0.018249599999990096	epochs	3.0
1418.1126741128053	0.018173299999943993	epochs	3.0
1418.1308474128052	0.03612010000006194	epochs	2.0
1418.1308474128052	0.01809759999991911	epochs	3.0
1418.1489450128051	0.018022500000142827	epochs	3.0
1418.1669675128053	0.03582209999990482	epochs	2.0
1418.1669675128053	0.01794789999985369	epochs	3.0
1418.1849154128051	0.017874200000051133	epochs	3.0
1418.2027896128052	0.03552899999999681	epochs	2.0
1418.2027896128052	0.017800800000031813	epochs	3.0
1418.2205904128052	0.017728199999965	epochs	3.0
1418.2383186128052	0.03524070000003121	epochs	2.0
1418.2383186128052	0.017656100000067454	epochs	3.0
1418.2559747128053	0.017584599999963757	epochs	3.0
1418.2735593128052	0.03495709999992869	epochs	2.0
1418.2735593128052	0.017513699999881283	epochs	3.0
1418.291073012805	0.017443400000047404	epochs	3.0
1418.3085164128051	0.03467790000013338	epochs	2.0
1418.3085164128051	0.017373599999928047	epochs	3.0
1418.325890012805	0.01730430000020533	epochs	3.0
1418.3431943128053	0.03440329999989444	epochs	2.0
1418.3431943128053	0.017235699999901044	epochs	3.0
1418.3604300128052	0.0171675999999934	epochs	3.0
1418.3775976128052	0.03413279999995211	epochs	2.0
1418.3775976128052	0.01709989999994832	epochs	3.0
1418.3946975128051	0.017032900000003792	epochs	3.0
1418.4117304128051	0.03386670000008962	epochs	2.0
1418.4117304128051	0.01696640000000116	epochs	3.0
1418.4286968128051	0.016900300000088464	epochs	3.0
1418.4455971128052	0.03360459999998966	epochs	2.0
1418.4455971128052	0.01683479999996962	epochs	3.0
1418.4624319128052	0.01676980000002004	epochs	3.0
1418.4792017128052	0.033346599999958926	epochs	2.0
1418.4792017128052	0.016705300000012357	epochs	3.0
1418.4959070128052	0.01664129999994657	epochs	3.0
1418.5125483128052	0.03309250000006614	epochs	2.0
1418.5125483128052	0.016577800000050047	epochs	3.0
1418.5291261128052	0.01651470000001609	epochs	3.0
1418.5456408128052	0.03284229999985655	epochs	2.0
1418.5456408128052	0.01645220000000336	epochs	3.0
1418.5620930128052	0.01639009999985319	epochs	3.0
1418.578483112805	0.03259570000000167	epochs	2.0
1418.578483112805	0.016328400000020338	epochs	3.0
1418.594811512805	0.016267299999981333	epochs	3.0
1418.611078812805	0.032352899999978035	epochs	2.0
1418.611078812805	0.016206600000032267	epochs	3.0
1418.6272854128051	0.016146299999945768	epochs	3.0
1418.643431712805	0.032113700000081735	epochs	2.0
1418.643431712805	0.016086600000107865	epochs	3.0
1418.6595183128052	0.01602709999997387	epochs	3.0
1418.6755454128051	0.03187800000000607	epochs	2.0
1418.6755454128051	0.015968200000088473	epochs	3.0
1418.6915136128052	0.015909799999917595	epochs	3.0
1418.7074234128052	0.03164570000012645	epochs	2.0
1418.7074234128052	0.015851599999905375	epochs	3.0
1418.723275012805	0.01579410000022108	epochs	3.0
1418.7390691128053	0.031416699999908815	epochs	2.0
1418.7390691128053	0.01573669999993399	epochs	3.0
1418.7548058128052	0.015679999999974825	epochs	3.0
1418.7704858128052	0.03119109999988723	epochs	2.0
1418.7704858128052	0.015623600000026272	epochs	3.0
1418.7861094128052	0.015567499999860956	epochs	3.0
1418.801676912805	0.03096870000013041	epochs	2.0
1418.801676912805	0.01551200000017161	epochs	3.0
1418.8171889128052	0.0154566999999588	epochs	3.0
1418.8326456128052	0.030749499999956242	epochs	2.0
1418.8326456128052	0.015401999999994587	epochs	3.0
1418.8480476128052	0.015347499999961656	epochs	3.0
1418.8633951128052	0.03053320000003623	epochs	2.0
1418.8633951128052	0.015293400000018664	epochs	3.0
1418.8786885128052	0.015239800000017567	epochs	3.0
1418.8939283128052	0.030320099999926242	epochs	2.0
1418.8939283128052	0.015186500000027081	epochs	3.0
1418.9091148128052	0.015133599999899161	epochs	3.0
1418.9242484128051	0.03010990000007041	epochs	2.0
1418.9242484128051	0.015081000000009226	epochs	3.0
1418.9393294128051	0.015028900000061185	epochs	3.0
1418.9543583128052	0.029902499999934662	epochs	2.0
1418.9543583128052	0.014977000000044427	epochs	3.0
1418.9693353128052	0.014925499999890235	epochs	3.0
1418.9842608128051	0.0296981000001324	epochs	2.0
1418.9842608128051	0.014874400000053356	epochs	3.0
1418.9991352128052	0.014823700000079043	epochs	3.0
1419.0139589128053	0.029496299999891562	epochs	2.0
1419.0139589128053	0.01477319999980864	epochs	3.0
1419.028732112805	0.014723100000082923	epochs	3.0
1419.0434552128052	0.029297400000132257	epochs	2.0
1419.0434552128052	0.014673399999992398	epochs	3.0
1419.0581286128051	0.014624000000139858	epochs	3.0
1419.0727526128053	0.029101099999934377	epochs	2.0
1419.0727526128053	0.014574899999843183	epochs	3.0
1419.0873275128051	0.014526200000091194	epochs	3.0
1419.1018537128052	0.028907399999980044	epochs	2.0
1419.1018537128052	0.014477700000043114	epochs	3.0
1419.1163314128053	0.014429699999936929	epochs	3.0
1419.1307611128052	0.028716199999962555	epochs	2.0
1419.1307611128052	0.014381799999910072	epochs	3.0
1419.145142912805	0.014334400000052483	epochs	3.0
1419.1594773128052	0.02852759999996124	epochs	2.0
1419.1594773128052	0.014287199999898803	epochs	3.0
1419.173764512805	0.014240400000062436	epochs	3.0
1419.1880049128051	0.028341400000044814	epochs	2.0
1419.1880049128051	0.014193800000157353	epochs	3.0
1419.2021987128053	0.014147599999887461	epochs	3.0
1419.2163463128052	0.028157700000065233	epochs	2.0
1419.2163463128052	0.014101700000082928	epochs	3.0
1419.2304480128053	0.014055999999982305	epochs	3.0
1419.2445040128052	0.02797629999986384	epochs	2.0
1419.2445040128052	0.014010599999892293	epochs	3.0
1419.2585146128051	0.013965699999971548	epochs	3.0
1419.272480312805	0.027797200000122757	epochs	2.0
1419.272480312805	0.013920800000050804	epochs	3.0
1419.2864011128052	0.013876400000071953	epochs	3.0
1419.3002775128052	0.027620399999932488	epochs	2.0
1419.3002775128052	0.013832200000024386	epochs	3.0
1419.3141097128052	0.013788199999908102	epochs	3.0
1419.3278979128052	0.027445899999975154	epochs	2.0
1419.3278979128052	0.01374460000010913	epochs	3.0
1419.3416425128053	0.013701299999866023	epochs	3.0
1419.3553438128051	0.0272735000000921	epochs	2.0
1419.3553438128051	0.013658200000008947	epochs	3.0
1419.3690020128051	0.013615300000083153	epochs	3.0
1419.3826173128052	0.027103399999987232	epochs	2.0
1419.3826173128052	0.013572800000019924	epochs	3.0
1419.3961901128052	0.013530599999967308	epochs	3.0
1419.4097207128052	0.02693520000002536	epochs	2.0
1419.4097207128052	0.01348839999991469	epochs	3.0
1419.4232091128051	0.01344680000011067	epochs	3.0
1419.4366559128052	0.026769199999989723	epochs	2.0
1419.4366559128052	0.013405199999851902	epochs	3.0
1419.450061112805	0.013364000000137821	epochs	3.0
1419.4634251128052	0.026605199999949036	epochs	2.0
1419.4634251128052	0.013322900000048321	epochs	3.0
1419.4767480128053	0.013282299999900715	epochs	3.0
1419.4900303128052	0.0264431999999033	epochs	2.0
1419.4900303128052	0.013241699999980483	epochs	3.0
1419.5032720128052	0.013201499999922817	epochs	3.0
1419.516473512805	0.026283200000079887	epochs	2.0
1419.516473512805	0.013161500000023807	epochs	3.0
1419.529635012805	0.01312170000005608	epochs	3.0
1419.5427567128052	0.02612500000009277	epochs	2.0
1419.5427567128052	0.013082100000019636	epochs	3.0
1419.5558388128052	0.013042900000073132	epochs	3.0
1419.5688817128053	0.025968899999952555	epochs	2.0
1419.5688817128053	0.013003899999830537	epochs	3.0
1419.581885612805	0.012965000000122018	epochs	3.0
1419.5948506128052	0.025814500000024054	epochs	2.0
1419.5948506128052	0.012926399999969362	epochs	3.0
1419.6077770128052	0.012888100000054692	epochs	3.0
1419.6206651128052	0.025661899999931848	epochs	2.0
1419.6206651128052	0.012849899999991976	epochs	3.0
1419.6335150128052	0.012811999999939871	epochs	3.0
1419.6463270128052	0.025511199999982637	epochs	2.0
1419.6463270128052	0.012774400000125752	epochs	3.0
1419.6591014128053	0.012736799999856885	epochs	3.0
1419.6718382128051	0.025362300000097093	epochs	2.0
1419.6718382128051	0.01269969999998466	epochs	3.0
1419.6845379128051	0.012662600000112434	epochs	3.0
1419.6972005128052	0.025214999999889187	epochs	2.0
1419.6972005128052	0.012625800000023446	epochs	3.0
1419.7098263128053	0.012589199999865741	epochs	3.0
1419.7224155128051	0.024584799999956886	epochs	2.0
1419.743400312805	0.5	epochs	-1.0
1419.747000312805	0.5200800000000072	epochs	1.0
1420.267080312805	0.4798400000001948	epochs	0.0
1437.126000404358	0.09999999999990905	epochs	0.0
1437.126000404358	0.04500000000007276	epochs	1.0
1437.171000404358	0.009999999999990905	epochs	1.0
1437.181000404358	0.044999999999845386	epochs	1.0
1437.2260004043578	2.0	epochs	0.0
1439.2260004043578	21.999920000000202	epochs	0.0
1439.2260004043578	1.0	epochs	1.0
1439.2260004043578	0.5	epochs	-1.0
1439.7260004043578	19.99720000000002	epochs	-1.0
1440.2260004043578	20.0	epochs	1.0
1440.2260004043578	4.356753900000058	epochs	-1.0
1440.2260004043578	1.9745872000000873	epochs	2.0
1440.2260004043578	1.0985622000000603	epochs	3.0
1441.3245626043579	0.8760250000000269	epochs	3.0
1442.200587604358	1.3524075000000266	epochs	2.0
1442.200587604358	0.7286355000001095	epochs	3.0
1442.929223104358	0.6237719999999172	epochs	3.0
1443.552995104358	1.029759199999944	epochs	2.0
1443.552995104358	0.5453293000000485	epochs	3.0
1444.098324404358	0.4844298999998955	epochs	3.0
1444.5827543043579	0.8317862000001242	epochs	2.0
1444.5827543043579	0.4357763000000432	epochs	3.0
1445.018530604358	0.39600990000008096	epochs	3.0
1445.414540504358	0.6977969999998095	epochs	2.0
1445.414540504358	0.3628982000000178	epochs	3.0
1445.777438704358	0.33489879999979166	epochs	3.0
1446.1123375043578	0.601045699999986	epochs	2.0
1446.1123375043578	0.3109123000001546	epochs	3.0
1446.423249804358	0.29013339999983145	epochs	3.0
1446.7133832043578	0.5278859000000011	epochs	2.0
1446.7133832043578	0.2719586000000618	epochs	3.0
1446.9853418043579	0.25592729999993935	epochs	3.0
1447.2412691043578	0.4706193000001804	epochs	2.0
1447.2412691043578	0.24168130000020938	epochs	3.0
1447.482950404358	0.228937999999971	epochs	3.0
1447.711888404358	0.42457039999999324	epochs	2.0
1447.711888404358	0.21747140000002219	epochs	3.0
1447.929359804358	0.20709899999997106	epochs	3.0
1448.136458804358	0.3867353999999068	epochs	2.0
1448.136458804358	0.19767109999997956	epochs	3.0
1448.334129904358	0.18906429999992724	epochs	3.0
1448.5231942043579	0.35509530000013	epochs	2.0
1448.5231942043579	0.18117589999997108	epochs	3.0
1448.7043701043578	0.17391940000015893	epochs	3.0
1448.878289504358	0.3282431000000088	epochs	2.0
1448.878289504358	0.16722189999995862	epochs	3.0
1449.045511404358	0.16102120000005016	epochs	3.0
1449.206532604358	0.3051679999998669	epochs	2.0
1449.206532604358	0.15526389999990897	epochs	3.0
1449.361796504358	0.1499040999999579	epochs	3.0
1449.5117006043579	0.28512530000011793	epochs	2.0
1449.5117006043579	0.1449021000000812	epochs	3.0
1449.656602704358	0.14022320000003674	epochs	3.0
1449.796825904358	0.2675537999998596	epochs	2.0
1449.796825904358	0.1358368999999584	epochs	3.0
1449.932662804358	0.13171689999990122	epochs	3.0
1450.0643797043579	0.25202290000015637	epochs	2.0
1450.0643797043579	0.1278393000000051	epochs	3.0
1450.1922190043579	0.12418360000015127	epochs	3.0
1450.316402604358	0.23819649999995818	epochs	2.0
1450.316402604358	0.1207310999998299	epochs	3.0
1450.4371337043578	0.11746540000012828	epochs	3.0
1450.554599104358	0.22580879999986792	epochs	2.0
1450.554599104358	0.1143718999999237	epochs	3.0
1450.668971004358	0.11143689999994422	epochs	3.0
1450.7804079043578	0.2146460000001298	epochs	2.0
1450.7804079043578	0.10864890000016203	epochs	3.0
1450.889056804358	0.10599709999996776	epochs	3.0
1450.995053904358	0.2045349999998507	epochs	2.0
1450.995053904358	0.1034714999998414	epochs	3.0
1451.0985254043578	0.1010635000000093	epochs	3.0
1451.1995889043578	0.19533400000000256	epochs	2.0
1451.1995889043578	0.09876510000003691	epochs	3.0
1451.2983540043579	0.09656889999996565	epochs	3.0
1451.3949229043578	0.18692529999998442	epochs	2.0
1451.3949229043578	0.09446830000001682	epochs	3.0
1451.4893912043578	0.09245699999996759	epochs	3.0
1451.5818482043578	0.1792107000001124	epochs	2.0
1451.5818482043578	0.0905296000000817	epochs	3.0
1451.672377804358	0.08868110000003071	epochs	3.0
1451.761058904358	0.17210769999996955	epochs	2.0
1451.761058904358	0.08690630000000965	epochs	3.0
1451.847965204358	0.0852013999999599	epochs	3.0
1451.933166604358	0.16554640000003928	epochs	2.0
1451.933166604358	0.08356189999994967	epochs	3.0
1452.0167285043578	0.08198450000008961	epochs	3.0
1452.098713004358	0.15946710000002895	epochs	2.0
1452.098713004358	0.08046539999986635	epochs	3.0
1452.1791784043578	0.0790017000001626	epochs	3.0
1452.258180104358	0.1538183999998637	epochs	2.0
1452.258180104358	0.07759009999995214	epochs	3.0
1452.335770204358	0.07622829999991154	epochs	3.0
1452.4119985043578	0.14855640000018866	epochs	2.0
1452.4119985043578	0.07491330000016205	epochs	3.0
1452.486911804358	0.0736431000000266	epochs	3.0
1452.560554904358	0.1436423999998624	epochs	2.0
1452.560554904358	0.07241499999986445	epochs	3.0
1452.6329699043579	0.07122739999999794	epochs	3.0
1452.7041973043579	0.13904309999998077	epochs	2.0
1452.7041973043579	0.07007799999996678	epochs	3.0
1452.7742753043578	0.06896510000001399	epochs	3.0
1452.8432404043579	0.1347293000001173	epochs	2.0
1452.8432404043579	0.0678871000000072	epochs	3.0
1452.9111275043579	0.0668422000001101	epochs	3.0
1452.977969704358	0.1306752000000415	epochs	2.0
1452.977969704358	0.06582909999997355	epochs	3.0
1453.043798804358	0.06484610000006796	epochs	3.0
1453.108644904358	0.1268577999999252	epochs	2.0
1453.108644904358	0.06389199999989614	epochs	3.0
1453.172536904358	0.06296580000002905	epochs	3.0
1453.235502704358	0.12325719999989815	epochs	2.0
1453.235502704358	0.06206580000002759	epochs	3.0
1453.297568504358	0.061191399999870555	epochs	3.0
1453.3587599043578	0.11985540000000583	epochs	2.0
1453.3587599043578	0.060341099999959624	epochs	3.0
1453.4191010043578	0.059514300000046205	epochs	3.0
1453.4786153043578	0.11663620000012997	epochs	2.0
1453.4786153043578	0.05870960000015657	epochs	3.0
1453.537324904358	0.057926599999973405	epochs	3.0
1453.595251504358	0.11358559999985118	epochs	2.0
1453.595251504358	0.05716419999998834	epochs	3.0
1453.652415704358	0.05642139999986284	epochs	3.0
1453.7088371043578	0.11069050000014613	epochs	2.0
1453.7088371043578	0.055697900000041045	epochs	3.0
1453.7645350043579	0.054992600000105085	epochs	3.0
1453.819527604358	0.10793909999983953	epochs	2.0
1453.819527604358	0.05430490000003374	epochs	3.0
1453.873832504358	0.05363419999980579	epochs	3.0
1453.9274667043578	0.10532150000017282	epochs	2.0
1453.9274667043578	0.052980000000161453	epochs	3.0
1453.980446704358	0.052341500000011365	epochs	3.0
1454.032788204358	0.10282759999995505	epochs	2.0
1454.032788204358	0.05171810000001642	epochs	3.0
1454.084506304358	0.051109499999938635	epochs	3.0
1454.135615804358	0.10044909999987794	epochs	2.0
1454.135615804358	0.050514900000052876	epochs	3.0
1454.186130704358	0.04993419999982507	epochs	3.0
1454.2360649043578	0.09817830000019967	epochs	2.0
1454.2360649043578	0.04936659999998483	epochs	3.0
1454.2854315043578	0.04881170000021484	epochs	3.0
1454.334243204358	0.09600779999982478	epochs	2.0
1454.334243204358	0.048269199999822376	epochs	3.0
1454.3825124043578	0.04773860000000241	epochs	3.0
1454.4302510043578	0.09393120000004274	epochs	2.0
1454.4302510043578	0.04721949999998287	epochs	3.0
1454.4774705043578	0.046711700000059864	epochs	3.0
1454.5241822043579	0.09194260000003851	epochs	2.0
1454.5241822043579	0.046214599999984785	epochs	3.0
1454.5703968043579	0.045728000000053726	epochs	3.0
1454.616124804358	0.09003630000006524	epochs	2.0
1454.616124804358	0.045251499999949374	epochs	3.0
1454.6613763043579	0.044784800000115865	epochs	3.0
1454.706161104358	0.08820760000003247	epochs	2.0
1454.706161104358	0.044327800000019124	epochs	3.0
1454.750488904358	0.04387980000001335	epochs	3.0
1454.794368704358	0.0864516999999978	epochs	2.0
1454.794368704358	0.04344099999980244	epochs	3.0
1454.8378097043578	0.04301070000019536	epochs	3.0
1454.880820404358	0.08476429999996071	epochs	2.0
1454.880820404358	0.04258899999990717	epochs	3.0
1454.923409404358	0.04217530000005354	epochs	3.0
1454.965584704358	0.08314150000001064	epochs	2.0
1454.965584704358	0.04176970000003166	epochs	3.0
1455.007354404358	0.041371799999978975	epochs	3.0
1455.048726204358	0.08157970000002024	epochs	2.0
1455.048726204358	0.040981399999964196	epochs	3.0
1455.089707604358	0.04059830000005604	epochs	3.0
1455.130305904358	0.08007549999979346	epochs	2.0
1455.130305904358	0.04022229999986848	epochs	3.0
1455.1705282043579	0.03985319999992498	epochs	3.0
1455.2103814043578	0.07862570000020241	epochs	2.0
1455.2103814043578	0.039490800000066884	epochs	3.0
1455.2498722043579	0.03913490000013553	epochs	3.0
1455.289007104358	0.07722760000001472	epochs	2.0
1455.289007104358	0.03878539999982422	epochs	3.0
1455.3277925043578	0.038442200000190496	epochs	3.0
1455.366234704358	0.07587819999980638	epochs	2.0
1455.366234704358	0.03810479999992822	epochs	3.0
1455.404339504358	0.037773399999878166	epochs	3.0
1455.4421129043578	0.0745752000000266	epochs	2.0
1455.4421129043578	0.03744770000002973	epochs	3.0
1455.4795606043579	0.03712749999999687	epochs	3.0
1455.5166881043579	0.07331629999998768	epochs	2.0
1455.5166881043579	0.0368129000000863	epochs	3.0
1455.553501004358	0.036503399999901376	epochs	3.0
1455.5900044043578	0.07209899999998015	epochs	2.0
1455.5900044043578	0.03619909999997617	epochs	3.0
1455.6262035043578	0.03589990000000398	epochs	3.0
1455.6621034043578	0.07092170000009901	epochs	2.0
1455.6621034043578	0.03560560000005353	epochs	3.0
1455.6977090043579	0.03531610000004548	epochs	3.0
1455.733025104358	0.06978200000003199	epochs	2.0
1455.733025104358	0.03503120000004856	epochs	3.0
1455.768056304358	0.03475079999998343	epochs	3.0
1455.802807104358	0.06867859999988468	epochs	2.0
1455.802807104358	0.03447510000000875	epochs	3.0
1455.837282204358	0.03420349999987593	epochs	3.0
1455.8714857043578	0.06760930000018561	epochs	2.0
1455.8714857043578	0.033936199999970995	epochs	3.0
1455.9054219043578	0.03367310000021462	epochs	3.0
1455.939095004358	0.06657289999998284	epochs	2.0
1455.939095004358	0.03341399999999339	epochs	3.0
1455.972509004358	0.033158899999989444	epochs	3.0
1456.005667904358	0.06556779999982609	epochs	2.0
1456.005667904358	0.03290769999989607	epochs	3.0
1456.038575604358	0.032660099999930026	epochs	3.0
1456.0712357043578	0.06459259999996902	epochs	2.0
1456.0712357043578	0.03241640000010193	epochs	3.0
1456.103652104358	0.032176199999867094	epochs	3.0
1456.1358283043578	0.06364600000006249	epochs	2.0
1456.1358283043578	0.03193960000021434	epochs	3.0
1456.167767904358	0.031706399999848145	epochs	3.0
1456.1994743043579	0.0627266999999847	epochs	2.0
1456.1994743043579	0.03147660000013275	epochs	3.0
1456.230950904358	0.031250099999851955	epochs	3.0
1456.2622010043578	0.06183359999999993	epochs	2.0
1456.2622010043578	0.031026900000142632	epochs	3.0
1456.293227904358	0.0308066999998573	epochs	3.0
1456.3240346043578	0.06096560000014506	epochs	2.0
1456.3240346043578	0.03058980000014344	epochs	3.0
1456.354624404358	0.030375800000001618	epochs	3.0
1456.385000204358	0.06012160000000222	epochs	2.0
1456.385000204358	0.030164899999817862	epochs	3.0
1456.4151651043578	0.029956700000184355	epochs	3.0
1456.445121804358	0.05930069999999432	epochs	2.0
1456.445121804358	0.029751599999826794	epochs	3.0
1456.4748734043578	0.029549100000167527	epochs	3.0
1456.504422504358	0.05850179999993088	epochs	2.0
1456.504422504358	0.02934940000000097	epochs	3.0
1456.533771904358	0.029152399999929912	epochs	3.0
1456.562924304358	0.05772419999993872	epochs	2.0
1456.562924304358	0.028958000000102402	epochs	3.0
1456.591882304358	0.028766199999836317	epochs	3.0
1456.6206485043579	0.05696710000006533	epochs	2.0
1456.6206485043579	0.028577000000041153	epochs	3.0
1456.649225504358	0.028390100000024177	epochs	3.0
1456.677615604358	0.05622949999997218	epochs	2.0
1456.677615604358	0.028205699999944045	epochs	3.0
1456.7058213043579	0.028023800000028132	epochs	3.0
1456.733845104358	0.05551070000001346	epochs	2.0
1456.733845104358	0.027843999999959124	epochs	3.0
1456.7616891043579	0.027666700000054334	epochs	3.0
1456.789355804358	0.054810200000019904	epochs	2.0
1456.789355804358	0.02749149999999645	epochs	3.0
1456.816847304358	0.027318700000023455	epochs	3.0
1456.844166004358	0.054126999999880354	epochs	2.0
1456.844166004358	0.027147799999966082	epochs	3.0
1456.871313804358	0.026979199999914272	epochs	3.0
1456.8982930043578	0.05346070000018699	epochs	2.0
1456.8982930043578	0.026812600000084785	epochs	3.0
1456.925105604358	0.026648100000102204	epochs	3.0
1456.951753704358	0.05281070000000909	epochs	2.0
1456.951753704358	0.0264855999998872	epochs	3.0
1456.9782393043579	0.026325100000121893	epochs	3.0
1457.004564404358	0.052176199999848905	epochs	2.0
1457.004564404358	0.026166399999965506	epochs	3.0
1457.030730804358	0.0260097999998834	epochs	3.0
1457.0567406043579	0.051556699999991906	epochs	2.0
1457.0567406043579	0.02585480000016105	epochs	3.0
1457.082595404358	0.025701899999830857	epochs	3.0
1457.1082973043578	0.05095189999997274	epochs	2.0
1457.1082973043578	0.025550700000167126	epochs	3.0
1457.133848004358	0.025401199999805613	epochs	3.0
1457.1592492043578	0.05036100000006627	epochs	2.0
1457.1592492043578	0.025253500000189888	epochs	3.0
1457.184502704358	0.02510749999987638	epochs	3.0
1457.209610204358	0.04978380000011384	epochs	2.0
1457.209610204358	0.02496320000000196	epochs	3.0
1457.234573404358	0.02482060000011188	epochs	3.0
1457.259394004358	0.04921949999993558	epochs	2.0
1457.259394004358	0.024679399999968155	epochs	3.0
1457.284073404358	0.024540099999967424	epochs	3.0
1457.308613504358	0.04866790000005494	epochs	2.0
1457.308613504358	0.024402100000088467	epochs	3.0
1457.333015604358	0.024265799999966475	epochs	3.0
1457.357281404358	0.048128599999927246	epochs	2.0
1457.357281404358	0.02413099999989754	epochs	3.0
1457.381412404358	0.023997600000029706	epochs	3.0
1457.405410004358	0.047601100000065344	epochs	2.0
1457.405410004358	0.023865800000066884	epochs	3.0
1457.429275804358	0.02373529999999846	epochs	3.0
1457.453011104358	0.04708499999992455	epochs	2.0
1457.453011104358	0.023606299999983094	epochs	3.0
1457.476617404358	0.023478699999941455	epochs	3.0
1457.500096104358	0.046579999999948996	epochs	2.0
1457.500096104358	0.023352500000100918	epochs	3.0
1457.523448604358	0.023227499999848078	epochs	3.0
1457.5466761043579	0.046085700000048746	epochs	2.0
1457.5466761043579	0.023104000000103042	epochs	3.0
1457.569780104358	0.022981699999945704	epochs	3.0
1457.592761804358	0.045601799999985815	epochs	2.0
1457.592761804358	0.02286069999991014	epochs	3.0
1457.6156225043578	0.022741100000075676	epochs	3.0
1457.638363604358	0.04512790000012501	epochs	2.0
1457.638363604358	0.022622500000125	epochs	3.0
1457.660986104358	0.02250540000000001	epochs	3.0
1457.683491504358	0.04466379999985293	epochs	2.0
1457.683491504358	0.02238929999998618	epochs	3.0
1457.705880804358	0.022274499999866748	epochs	3.0
1457.7281553043579	0.04420920000006845	epochs	2.0
1457.7281553043579	0.022160799999937808	epochs	3.0
1457.7503161043578	0.02204840000013064	epochs	3.0
1457.772364504358	0.04376359999992019	epochs	2.0
1457.772364504358	0.02193689999990056	epochs	3.0
1457.7943014043578	0.021826700000019628	epochs	3.0
1457.8161281043579	0.04332709999994222	epochs	2.0
1457.8161281043579	0.02171760000010181	epochs	3.0
1457.837845704358	0.02160949999984041	epochs	3.0
1457.8594552043578	0.04289900000003399	epochs	2.0
1457.8594552043578	0.021502500000224245	epochs	3.0
1457.880957704358	0.021396499999809748	epochs	3.0
1457.9023542043578	0.04247950000012679	epochs	2.0
1457.9023542043578	0.021291700000119818	epochs	3.0
1457.923645904358	0.021187800000006973	epochs	3.0
1457.944833704358	0.04206789999989269	epochs	2.0
1457.944833704358	0.02108490000000529	epochs	3.0
1457.965918604358	0.020982999999887397	epochs	3.0
1457.9869016043579	0.04166439999994509	epochs	2.0
1457.9869016043579	0.020882199999959994	epochs	3.0
1458.0077838043578	0.020782199999985096	epochs	3.0
1458.0285660043578	0.04126850000011473	epochs	2.0
1458.0285660043578	0.02068330000020069	epochs	3.0
1458.049249304358	0.02058519999991404	epochs	3.0
1458.069834504358	0.04088000000001557	epochs	2.0
1458.069834504358	0.020488099999965925	epochs	3.0
1458.0903226043579	0.020391900000049645	epochs	3.0
1458.110714504358	0.04049880000002304	epochs	2.0
1458.110714504358	0.020296599999937825	epochs	3.0
1458.1310111043579	0.020202200000085213	epochs	3.0
1458.151213304358	0.040124599999899146	epochs	2.0
1458.151213304358	0.02010870000003706	epochs	3.0
1458.171322004358	0.020015899999862086	epochs	3.0
1458.1913379043579	0.03975730000001931	epochs	2.0
1458.1913379043579	0.019924200000104975	epochs	3.0
1458.211262104358	0.01983309999991434	epochs	3.0
1458.2310952043579	0.03939669999999751	epochs	2.0
1458.2310952043579	0.01974300000006224	epochs	3.0
1458.250838204358	0.01965369999993527	epochs	3.0
1458.2704919043579	0.03904239999997117	epochs	2.0
1458.2704919043579	0.019565100000136226	epochs	3.0
1458.290057004358	0.01947729999983494	epochs	3.0
1458.3095343043578	0.038694600000098944	epochs	2.0
1458.3095343043578	0.019390400000020236	epochs	3.0
1458.3289247043579	0.01930420000007871	epochs	3.0
1458.348228904358	0.03835290000006353	epochs	2.0
1458.348228904358	0.019218799999862313	epochs	3.0
1458.3674477043578	0.019134100000201215	epochs	3.0
1458.386581804358	0.03801720000001296	epochs	2.0
1458.386581804358	0.019050199999810502	epochs	3.0
1458.4056320043578	0.01896700000020246	epochs	3.0
1458.424599004358	0.03768719999993664	epochs	2.0
1458.424599004358	0.018884499999785476	epochs	3.0
1458.4434835043578	0.018802700000151162	epochs	3.0
1458.462286204358	0.03736309999999321	epochs	2.0
1458.462286204358	0.018721700000014607	epochs	3.0
1458.481007904358	0.018641399999978603	epochs	3.0
1458.499649304358	0.03704429999993408	epochs	2.0
1458.499649304358	0.018561599999884493	epochs	3.0
1458.5182109043578	0.01848270000004959	epochs	3.0
1458.5366936043579	0.036731000000145286	epochs	2.0
1458.5366936043579	0.018404299999929208	epochs	3.0
1458.5550979043578	0.01832670000021608	epochs	3.0
1458.573424604358	0.03642289999993409	epochs	2.0
1458.573424604358	0.018249599999990096	epochs	3.0
1458.591674204358	0.018173299999943993	epochs	3.0
1458.609847504358	0.03612010000006194	epochs	2.0
1458.609847504358	0.01809759999991911	epochs	3.0
1458.6279451043579	0.018022500000142827	epochs	3.0
1458.645967604358	0.03582209999990482	epochs	2.0
1458.645967604358	0.01794789999985369	epochs	3.0
1458.6639155043579	0.017874200000051133	epochs	3.0
1458.681789704358	0.03552899999999681	epochs	2.0
1458.681789704358	0.017800800000031813	epochs	3.0
1458.699590504358	0.017728199999965	epochs	3.0
1458.717318704358	0.03524070000003121	epochs	2.0
1458.717318704358	0.017656100000067454	epochs	3.0
1458.734974804358	0.017584599999963757	epochs	3.0
1458.752559404358	0.03495709999992869	epochs	2.0
1458.752559404358	0.017513699999881283	epochs	3.0
1458.7700731043578	0.017443400000047404	epochs	3.0
1458.7875165043579	0.03467790000013338	epochs	2.0
1458.7875165043579	0.017373599999928047	epochs	3.0
1458.8048901043578	0.01730430000020533	epochs	3.0
1458.822194404358	0.03440329999989444	epochs	2.0
1458.822194404358	0.017235699999901044	epochs	3.0
1458.839430104358	0.0171675999999934	epochs	3.0
1458.856597704358	0.03413279999995211	epochs	2.0
1458.856597704358	0.01709989999994832	epochs	3.0
1458.8736976043579	0.017032900000003792	epochs	3.0
1458.8907305043579	0.03386670000008962	epochs	2.0
1458.8907305043579	0.01696640000000116	epochs	3.0
1458.9076969043579	0.016900300000088464	epochs	3.0
1458.924597204358	0.03360459999998966	epochs	2.0
1458.924597204358	0.01683479999996962	epochs	3.0
1458.941432004358	0.01676980000002004	epochs	3.0
1458.958201804358	0.033346599999958926	epochs	2.0
1458.958201804358	0.016705300000012357	epochs	3.0
1458.974907104358	0.01664129999994657	epochs	3.0
1458.991548404358	0.03309250000006614	epochs	2.0
1458.991548404358	0.016577800000050047	epochs	3.0
1459.008126204358	0.01651470000001609	epochs	3.0
1459.024640904358	0.03284229999985655	epochs	2.0
1459.024640904358	0.01645220000000336	epochs	3.0
1459.041093104358	0.01639009999985319	epochs	3.0
1459.0574832043578	0.03259570000000167	epochs	2.0
1459.0574832043578	0.016328400000020338	epochs	3.0
1459.0738116043578	0.016267299999981333	epochs	3.0
1459.0900789043578	0.032352899999978035	epochs	2.0
1459.0900789043578	0.016206600000032267	epochs	3.0
1459.1062855043579	0.016146299999945768	epochs	3.0
1459.1224318043578	0.032113700000081735	epochs	2.0
1459.1224318043578	0.016086600000107865	epochs	3.0
1459.138518404358	0.01602709999997387	epochs	3.0
1459.1545455043579	0.03187800000000607	epochs	2.0
1459.1545455043579	0.015968200000088473	epochs	3.0
1459.170513704358	0.015909799999917595	epochs	3.0
1459.186423504358	0.03164570000012645	epochs	2.0
1459.186423504358	0.015851599999905375	epochs	3.0
1459.2022751043578	0.01579410000022108	epochs	3.0
1459.218069204358	0.031416699999908815	epochs	2.0
1459.218069204358	0.01573669999993399	epochs	3.0
1459.233805904358	0.015679999999974825	epochs	3.0
1459.249485904358	0.03119109999988723	epochs	2.0
1459.249485904358	0.015623600000026272	epochs	3.0
1459.265109504358	0.015567499999860956	epochs	3.0
1459.2806770043578	0.03096870000013041	epochs	2.0
1459.2806770043578	0.01551200000017161	epochs	3.0
1459.296189004358	0.0154566999999588	epochs	3.0
1459.311645704358	0.030749499999956242	epochs	2.0
1459.311645704358	0.015401999999994587	epochs	3.0
1459.327047704358	0.015347499999961656	epochs	3.0
1459.342395204358	0.03053320000003623	epochs	2.0
1459.342395204358	0.015293400000018664	epochs	3.0
1459.357688604358	0.015239800000017567	epochs	3.0
1459.372928404358	0.030320099999926242	epochs	2.0
1459.372928404358	0.015186500000027081	epochs	3.0
1459.388114904358	0.015133599999899161	epochs	3.0
1459.4032485043579	0.03010990000007041	epochs	2.0
1459.4032485043579	0.015081000000009226	epochs	3.0
1459.4183295043579	0.015028900000061185	epochs	3.0
1459.433358404358	0.029902499999934662	epochs	2.0
1459.433358404358	0.014977000000044427	epochs	3.0
1459.448335404358	0.014925499999890235	epochs	3.0
1459.4632609043579	0.0296981000001324	epochs	2.0
1459.4632609043579	0.014874400000053356	epochs	3.0
1459.478135304358	0.014823700000079043	epochs	3.0
1459.492959004358	0.029496299999891562	epochs	2.0
1459.492959004358	0.01477319999980864	epochs	3.0
1459.5077322043578	0.014723100000082923	epochs	3.0
1459.522455304358	0.029297400000132257	epochs	2.0
1459.522455304358	0.014673399999992398	epochs	3.0
1459.5371287043579	0.014624000000139858	epochs	3.0
1459.551752704358	0.029101099999934377	epochs	2.0
1459.551752704358	0.014574899999843183	epochs	3.0
1459.5663276043579	0.014526200000091194	epochs	3.0
1459.580853804358	0.028907399999980044	epochs	2.0
1459.580853804358	0.014477700000043114	epochs	3.0
1459.595331504358	0.014429699999936929	epochs	3.0
1459.609761204358	0.028716199999962555	epochs	2.0
1459.609761204358	0.014381799999910072	epochs	3.0
1459.6241430043578	0.014334400000052483	epochs	3.0
1459.638477404358	0.02852759999996124	epochs	2.0
1459.638477404358	0.014287199999898803	epochs	3.0
1459.6527646043578	0.014240400000062436	epochs	3.0
1459.6670050043579	0.028341400000044814	epochs	2.0
1459.6670050043579	0.014193800000157353	epochs	3.0
1459.681198804358	0.014147599999887461	epochs	3.0
1459.695346404358	0.028157700000065233	epochs	2.0
1459.695346404358	0.014101700000082928	epochs	3.0
1459.709448104358	0.014055999999982305	epochs	3.0
1459.723504104358	0.02797629999986384	epochs	2.0
1459.723504104358	0.014010599999892293	epochs	3.0
1459.7375147043579	0.013965699999971548	epochs	3.0
1459.7514804043578	0.027797200000122757	epochs	2.0
1459.7514804043578	0.013920800000050804	epochs	3.0
1459.7654012043579	0.013876400000071953	epochs	3.0
1459.779277604358	0.027620399999932488	epochs	2.0
1459.779277604358	0.013832200000024386	epochs	3.0
1459.793109804358	0.013788199999908102	epochs	3.0
1459.806898004358	0.027445899999975154	epochs	2.0
1459.806898004358	0.01374460000010913	epochs	3.0
1459.820642604358	0.013701299999866023	epochs	3.0
1459.8343439043579	0.0272735000000921	epochs	2.0
1459.8343439043579	0.013658200000008947	epochs	3.0
1459.8480021043579	0.013615300000083153	epochs	3.0
1459.861617404358	0.027103399999987232	epochs	2.0
1459.861617404358	0.013572800000019924	epochs	3.0
1459.875190204358	0.013530599999967308	epochs	3.0
1459.888720804358	0.02693520000002536	epochs	2.0
1459.888720804358	0.01348839999991469	epochs	3.0
1459.9022092043579	0.01344680000011067	epochs	3.0
1459.915656004358	0.026769199999989723	epochs	2.0
1459.915656004358	0.013405199999851902	epochs	3.0
1459.9290612043578	0.013364000000137821	epochs	3.0
1459.942425204358	0.026605199999949036	epochs	2.0
1459.942425204358	0.013322900000048321	epochs	3.0
1459.955748104358	0.013282299999900715	epochs	3.0
1459.969030404358	0.0264431999999033	epochs	2.0
1459.969030404358	0.013241699999980483	epochs	3.0
1459.982272104358	0.013201499999922817	epochs	3.0
1459.9954736043578	0.026283200000079887	epochs	2.0
1459.9954736043578	0.013161500000023807	epochs	3.0
1460.0086351043578	0.01312170000005608	epochs	3.0
1460.021756804358	0.02612500000009277	epochs	2.0
1460.021756804358	0.013082100000019636	epochs	3.0
1460.034838904358	0.013042900000073132	epochs	3.0
1460.047881804358	0.025968899999952555	epochs	2.0
1460.047881804358	0.013003899999830537	epochs	3.0
1460.0608857043578	0.012965000000122018	epochs	3.0
1460.073850704358	0.025814500000024054	epochs	2.0
1460.073850704358	0.012926399999969362	epochs	3.0
1460.086777104358	0.012888100000054692	epochs	3.0
1460.099665204358	0.025661899999931848	epochs	2.0
1460.099665204358	0.012849899999991976	epochs	3.0
1460.112515104358	0.012811999999939871	epochs	3.0
1460.125327104358	0.025511199999982637	epochs	2.0
1460.125327104358	0.012774400000125752	epochs	3.0
1460.138101504358	0.012736799999856885	epochs	3.0
1460.1508383043579	0.025362300000097093	epochs	2.0
1460.1508383043579	0.01269969999998466	epochs	3.0
1460.1635380043579	0.012662600000112434	epochs	3.0
1460.176200604358	0.025214999999889187	epochs	2.0
1460.176200604358	0.012625800000023446	epochs	3.0
1460.188826404358	0.012589199999865741	epochs	3.0
1460.2014156043579	0.024584799999956886	epochs	2.0
1460.2232004043578	0.5	epochs	-1.0
1460.2260004043578	0.999920000000202	epochs	1.0
1460.7232004043578	0.5	epochs	-1.0
1463.7110004425049	0.09999999999990905	epochs	0.0
1463.7110004425049	0.04500000000007276	epochs	1.0
1463.756000442505	0.009999999999990905	epochs	1.0
1463.766000442505	0.044999999999845386	epochs	1.0
1463.8110004425048	2.0	epochs	0.0
1465.8110004425048	21.999920000000202	epochs	0.0
1465.8110004425048	1.0	epochs	1.0
1465.8110004425048	0.5	epochs	-1.0
1466.3110004425048	19.99720000000002	epochs	-1.0
1466.8110004425048	20.0	epochs	1.0
1466.8110004425048	4.356753900000058	epochs	-1.0
1466.8110004425048	1.9745872000000873	epochs	2.0
1466.8110004425048	1.0985622000000603	epochs	3.0
1467.9095626425049	0.8760250000000269	epochs	3.0
1468.7855876425049	1.3524075000000266	epochs	2.0
1468.7855876425049	0.7286355000001095	epochs	3.0
1469.514223142505	0.6237719999999172	epochs	3.0
1470.137995142505	1.029759199999944	epochs	2.0
1470.137995142505	0.5453293000000485	epochs	3.0
1470.683324442505	0.4844298999998955	epochs	3.0
1471.1677543425048	0.8317862000001242	epochs	2.0
1471.1677543425048	0.4357763000000432	epochs	3.0
1471.603530642505	0.39600990000008096	epochs	3.0
1471.999540542505	0.6977969999998095	epochs	2.0
1471.999540542505	0.3628982000000178	epochs	3.0
1472.362438742505	0.33489879999979166	epochs	3.0
1472.6973375425048	0.601045699999986	epochs	2.0
1472.6973375425048	0.3109123000001546	epochs	3.0
1473.008249842505	0.29013339999983145	epochs	3.0
1473.2983832425048	0.5278859000000011	epochs	2.0
1473.2983832425048	0.2719586000000618	epochs	3.0
1473.5703418425048	0.25592729999993935	epochs	3.0
1473.8262691425048	0.4706193000001804	epochs	2.0
1473.8262691425048	0.24168130000020938	epochs	3.0
1474.067950442505	0.228937999999971	epochs	3.0
1474.296888442505	0.42457039999999324	epochs	2.0
1474.296888442505	0.21747140000002219	epochs	3.0
1474.514359842505	0.20709899999997106	epochs	3.0
1474.721458842505	0.3867353999999068	epochs	2.0
1474.721458842505	0.19767109999997956	epochs	3.0
1474.919129942505	0.18906429999992724	epochs	3.0
1475.1081942425049	0.35509530000013	epochs	2.0
1475.1081942425049	0.18117589999997108	epochs	3.0
1475.2893701425048	0.17391940000015893	epochs	3.0
1475.463289542505	0.3282431000000088	epochs	2.0
1475.463289542505	0.16722189999995862	epochs	3.0
1475.630511442505	0.16102120000005016	epochs	3.0
1475.791532642505	0.3051679999998669	epochs	2.0
1475.791532642505	0.15526389999990897	epochs	3.0
1475.946796542505	0.1499040999999579	epochs	3.0
1476.0967006425049	0.28512530000011793	epochs	2.0
1476.0967006425049	0.1449021000000812	epochs	3.0
1476.241602742505	0.14022320000003674	epochs	3.0
1476.381825942505	0.2675537999998596	epochs	2.0
1476.381825942505	0.1358368999999584	epochs	3.0
1476.517662842505	0.13171689999990122	epochs	3.0
1476.6493797425048	0.25202290000015637	epochs	2.0
1476.6493797425048	0.1278393000000051	epochs	3.0
1476.7772190425048	0.12418360000015127	epochs	3.0
1476.901402642505	0.23819649999995818	epochs	2.0
1476.901402642505	0.1207310999998299	epochs	3.0
1477.0221337425048	0.11746540000012828	epochs	3.0
1477.139599142505	0.22580879999986792	epochs	2.0
1477.139599142505	0.1143718999999237	epochs	3.0
1477.2539710425049	0.11143689999994422	epochs	3.0
1477.3654079425048	0.2146460000001298	epochs	2.0
1477.3654079425048	0.10864890000016203	epochs	3.0
1477.474056842505	0.10599709999996776	epochs	3.0
1477.580053942505	0.2045349999998507	epochs	2.0
1477.580053942505	0.1034714999998414	epochs	3.0
1477.6835254425048	0.1010635000000093	epochs	3.0
1477.7845889425048	0.19533400000000256	epochs	2.0
1477.7845889425048	0.09876510000003691	epochs	3.0
1477.8833540425048	0.09656889999996565	epochs	3.0
1477.9799229425048	0.18692529999998442	epochs	2.0
1477.9799229425048	0.09446830000001682	epochs	3.0
1478.0743912425048	0.09245699999996759	epochs	3.0
1478.1668482425048	0.1792107000001124	epochs	2.0
1478.1668482425048	0.0905296000000817	epochs	3.0
1478.2573778425049	0.08868110000003071	epochs	3.0
1478.346058942505	0.17210769999996955	epochs	2.0
1478.346058942505	0.08690630000000965	epochs	3.0
1478.432965242505	0.0852013999999599	epochs	3.0
1478.5181666425049	0.16554640000003928	epochs	2.0
1478.5181666425049	0.08356189999994967	epochs	3.0
1478.6017285425048	0.08198450000008961	epochs	3.0
1478.683713042505	0.15946710000002895	epochs	2.0
1478.683713042505	0.08046539999986635	epochs	3.0
1478.7641784425048	0.0790017000001626	epochs	3.0
1478.843180142505	0.1538183999998637	epochs	2.0
1478.843180142505	0.07759009999995214	epochs	3.0
1478.920770242505	0.07622829999991154	epochs	3.0
1478.9969985425048	0.14855640000018866	epochs	2.0
1478.9969985425048	0.07491330000016205	epochs	3.0
1479.071911842505	0.0736431000000266	epochs	3.0
1479.145554942505	0.1436423999998624	epochs	2.0
1479.145554942505	0.07241499999986445	epochs	3.0
1479.2179699425049	0.07122739999999794	epochs	3.0
1479.2891973425048	0.13904309999998077	epochs	2.0
1479.2891973425048	0.07007799999996678	epochs	3.0
1479.3592753425048	0.06896510000001399	epochs	3.0
1479.4282404425048	0.1347293000001173	epochs	2.0
1479.4282404425048	0.0678871000000072	epochs	3.0
1479.4961275425048	0.0668422000001101	epochs	3.0
1479.562969742505	0.1306752000000415	epochs	2.0
1479.562969742505	0.06582909999997355	epochs	3.0
1479.628798842505	0.06484610000006796	epochs	3.0
1479.693644942505	0.1268577999999252	epochs	2.0
1479.693644942505	0.06389199999989614	epochs	3.0
1479.7575369425049	0.06296580000002905	epochs	3.0
1479.820502742505	0.12325719999989815	epochs	2.0
1479.820502742505	0.06206580000002759	epochs	3.0
1479.882568542505	0.061191399999870555	epochs	3.0
1479.9437599425048	0.11985540000000583	epochs	2.0
1479.9437599425048	0.060341099999959624	epochs	3.0
1480.0041010425048	0.059514300000046205	epochs	3.0
1480.0636153425048	0.11663620000012997	epochs	2.0
1480.0636153425048	0.05870960000015657	epochs	3.0
1480.122324942505	0.057926599999973405	epochs	3.0
1480.180251542505	0.11358559999985118	epochs	2.0
1480.180251542505	0.05716419999998834	epochs	3.0
1480.237415742505	0.05642139999986284	epochs	3.0
1480.2938371425048	0.11069050000014613	epochs	2.0
1480.2938371425048	0.055697900000041045	epochs	3.0
1480.3495350425048	0.054992600000105085	epochs	3.0
1480.404527642505	0.10793909999983953	epochs	2.0
1480.404527642505	0.05430490000003374	epochs	3.0
1480.458832542505	0.05363419999980579	epochs	3.0
1480.5124667425048	0.10532150000017282	epochs	2.0
1480.5124667425048	0.052980000000161453	epochs	3.0
1480.565446742505	0.052341500000011365	epochs	3.0
1480.617788242505	0.10282759999995505	epochs	2.0
1480.617788242505	0.05171810000001642	epochs	3.0
1480.669506342505	0.051109499999938635	epochs	3.0
1480.720615842505	0.10044909999987794	epochs	2.0
1480.720615842505	0.050514900000052876	epochs	3.0
1480.771130742505	0.04993419999982507	epochs	3.0
1480.8210649425048	0.09817830000019967	epochs	2.0
1480.8210649425048	0.04936659999998483	epochs	3.0
1480.8704315425048	0.04881170000021484	epochs	3.0
1480.919243242505	0.09600779999982478	epochs	2.0
1480.919243242505	0.048269199999822376	epochs	3.0
1480.9675124425048	0.04773860000000241	epochs	3.0
1481.0152510425048	0.09393120000004274	epochs	2.0
1481.0152510425048	0.04721949999998287	epochs	3.0
1481.0624705425048	0.046711700000059864	epochs	3.0
1481.1091822425049	0.09194260000003851	epochs	2.0
1481.1091822425049	0.046214599999984785	epochs	3.0
1481.1553968425048	0.045728000000053726	epochs	3.0
1481.201124842505	0.09003630000006524	epochs	2.0
1481.201124842505	0.045251499999949374	epochs	3.0
1481.2463763425048	0.044784800000115865	epochs	3.0
1481.291161142505	0.08820760000003247	epochs	2.0
1481.291161142505	0.044327800000019124	epochs	3.0
1481.335488942505	0.04387980000001335	epochs	3.0
1481.379368742505	0.0864516999999978	epochs	2.0
1481.379368742505	0.04344099999980244	epochs	3.0
1481.4228097425048	0.04301070000019536	epochs	3.0
1481.465820442505	0.08476429999996071	epochs	2.0
1481.465820442505	0.04258899999990717	epochs	3.0
1481.508409442505	0.04217530000005354	epochs	3.0
1481.550584742505	0.08314150000001064	epochs	2.0
1481.550584742505	0.04176970000003166	epochs	3.0
1481.592354442505	0.041371799999978975	epochs	3.0
1481.633726242505	0.08157970000002024	epochs	2.0
1481.633726242505	0.040981399999964196	epochs	3.0
1481.674707642505	0.04059830000005604	epochs	3.0
1481.715305942505	0.08007549999979346	epochs	2.0
1481.715305942505	0.04022229999986848	epochs	3.0
1481.7555282425049	0.03985319999992498	epochs	3.0
1481.7953814425048	0.07862570000020241	epochs	2.0
1481.7953814425048	0.039490800000066884	epochs	3.0
1481.8348722425048	0.03913490000013553	epochs	3.0
1481.874007142505	0.07722760000001472	epochs	2.0
1481.874007142505	0.03878539999982422	epochs	3.0
1481.9127925425048	0.038442200000190496	epochs	3.0
1481.951234742505	0.07587819999980638	epochs	2.0
1481.951234742505	0.03810479999992822	epochs	3.0
1481.989339542505	0.037773399999878166	epochs	3.0
1482.0271129425048	0.0745752000000266	epochs	2.0
1482.0271129425048	0.03744770000002973	epochs	3.0
1482.0645606425048	0.03712749999999687	epochs	3.0
1482.1016881425048	0.07331629999998768	epochs	2.0
1482.1016881425048	0.0368129000000863	epochs	3.0
1482.138501042505	0.036503399999901376	epochs	3.0
1482.1750044425048	0.07209899999998015	epochs	2.0
1482.1750044425048	0.03619909999997617	epochs	3.0
1482.2112035425048	0.03589990000000398	epochs	3.0
1482.2471034425048	0.07092170000009901	epochs	2.0
1482.2471034425048	0.03560560000005353	epochs	3.0
1482.2827090425048	0.03531610000004548	epochs	3.0
1482.318025142505	0.06978200000003199	epochs	2.0
1482.318025142505	0.03503120000004856	epochs	3.0
1482.353056342505	0.03475079999998343	epochs	3.0
1482.387807142505	0.06867859999988468	epochs	2.0
1482.387807142505	0.03447510000000875	epochs	3.0
1482.422282242505	0.03420349999987593	epochs	3.0
1482.4564857425048	0.06760930000018561	epochs	2.0
1482.4564857425048	0.033936199999970995	epochs	3.0
1482.4904219425048	0.03367310000021462	epochs	3.0
1482.524095042505	0.06657289999998284	epochs	2.0
1482.524095042505	0.03341399999999339	epochs	3.0
1482.557509042505	0.033158899999989444	epochs	3.0
1482.590667942505	0.06556779999982609	epochs	2.0
1482.590667942505	0.03290769999989607	epochs	3.0
1482.6235756425049	0.032660099999930026	epochs	3.0
1482.6562357425048	0.06459259999996902	epochs	2.0
1482.6562357425048	0.03241640000010193	epochs	3.0
1482.688652142505	0.032176199999867094	epochs	3.0
1482.7208283425048	0.06364600000006249	epochs	2.0
1482.7208283425048	0.03193960000021434	epochs	3.0
1482.752767942505	0.031706399999848145	epochs	3.0
1482.7844743425048	0.0627266999999847	epochs	2.0
1482.7844743425048	0.03147660000013275	epochs	3.0
1482.815950942505	0.031250099999851955	epochs	3.0
1482.8472010425048	0.06183359999999993	epochs	2.0
1482.8472010425048	0.031026900000142632	epochs	3.0
1482.878227942505	0.0308066999998573	epochs	3.0
1482.9090346425048	0.06096560000014506	epochs	2.0
1482.9090346425048	0.03058980000014344	epochs	3.0
1482.939624442505	0.030375800000001618	epochs	3.0
1482.970000242505	0.06012160000000222	epochs	2.0
1482.970000242505	0.030164899999817862	epochs	3.0
1483.0001651425048	0.029956700000184355	epochs	3.0
1483.030121842505	0.05930069999999432	epochs	2.0
1483.030121842505	0.029751599999826794	epochs	3.0
1483.0598734425048	0.029549100000167527	epochs	3.0
1483.089422542505	0.05850179999993088	epochs	2.0
1483.089422542505	0.02934940000000097	epochs	3.0
1483.118771942505	0.029152399999929912	epochs	3.0
1483.147924342505	0.05772419999993872	epochs	2.0
1483.147924342505	0.028958000000102402	epochs	3.0
1483.176882342505	0.028766199999836317	epochs	3.0
1483.2056485425048	0.05696710000006533	epochs	2.0
1483.2056485425048	0.028577000000041153	epochs	3.0
1483.2342255425049	0.028390100000024177	epochs	3.0
1483.262615642505	0.05622949999997218	epochs	2.0
1483.262615642505	0.028205699999944045	epochs	3.0
1483.2908213425048	0.028023800000028132	epochs	3.0
1483.3188451425049	0.05551070000001346	epochs	2.0
1483.3188451425049	0.027843999999959124	epochs	3.0
1483.3466891425048	0.027666700000054334	epochs	3.0
1483.3743558425049	0.054810200000019904	epochs	2.0
1483.3743558425049	0.02749149999999645	epochs	3.0
1483.4018473425049	0.027318700000023455	epochs	3.0
1483.429166042505	0.054126999999880354	epochs	2.0
1483.429166042505	0.027147799999966082	epochs	3.0
1483.4563138425049	0.026979199999914272	epochs	3.0
1483.4832930425048	0.05346070000018699	epochs	2.0
1483.4832930425048	0.026812600000084785	epochs	3.0
1483.5101056425049	0.026648100000102204	epochs	3.0
1483.536753742505	0.05281070000000909	epochs	2.0
1483.536753742505	0.0264855999998872	epochs	3.0
1483.5632393425049	0.026325100000121893	epochs	3.0
1483.589564442505	0.052176199999848905	epochs	2.0
1483.589564442505	0.026166399999965506	epochs	3.0
1483.615730842505	0.0260097999998834	epochs	3.0
1483.6417406425048	0.051556699999991906	epochs	2.0
1483.6417406425048	0.02585480000016105	epochs	3.0
1483.667595442505	0.025701899999830857	epochs	3.0
1483.6932973425048	0.05095189999997274	epochs	2.0
1483.6932973425048	0.025550700000167126	epochs	3.0
1483.718848042505	0.025401199999805613	epochs	3.0
1483.7442492425048	0.05036100000006627	epochs	2.0
1483.7442492425048	0.025253500000189888	epochs	3.0
1483.769502742505	0.02510749999987638	epochs	3.0
1483.7946102425049	0.04978380000011384	epochs	2.0
1483.7946102425049	0.02496320000000196	epochs	3.0
1483.8195734425049	0.02482060000011188	epochs	3.0
1483.844394042505	0.04921949999993558	epochs	2.0
1483.844394042505	0.024679399999968155	epochs	3.0
1483.869073442505	0.024540099999967424	epochs	3.0
1483.893613542505	0.04866790000005494	epochs	2.0
1483.893613542505	0.024402100000088467	epochs	3.0
1483.918015642505	0.024265799999966475	epochs	3.0
1483.942281442505	0.048128599999927246	epochs	2.0
1483.942281442505	0.02413099999989754	epochs	3.0
1483.9664124425049	0.023997600000029706	epochs	3.0
1483.990410042505	0.047601100000065344	epochs	2.0
1483.990410042505	0.023865800000066884	epochs	3.0
1484.014275842505	0.02373529999999846	epochs	3.0
1484.038011142505	0.04708499999992455	epochs	2.0
1484.038011142505	0.023606299999983094	epochs	3.0
1484.061617442505	0.023478699999941455	epochs	3.0
1484.0850961425049	0.046579999999948996	epochs	2.0
1484.0850961425049	0.023352500000100918	epochs	3.0
1484.108448642505	0.023227499999848078	epochs	3.0
1484.1316761425048	0.046085700000048746	epochs	2.0
1484.1316761425048	0.023104000000103042	epochs	3.0
1484.154780142505	0.022981699999945704	epochs	3.0
1484.1777618425049	0.045601799999985815	epochs	2.0
1484.1777618425049	0.02286069999991014	epochs	3.0
1484.2006225425048	0.022741100000075676	epochs	3.0
1484.2233636425049	0.04512790000012501	epochs	2.0
1484.2233636425049	0.022622500000125	epochs	3.0
1484.245986142505	0.02250540000000001	epochs	3.0
1484.268491542505	0.04466379999985293	epochs	2.0
1484.268491542505	0.02238929999998618	epochs	3.0
1484.290880842505	0.022274499999866748	epochs	3.0
1484.3131553425048	0.04420920000006845	epochs	2.0
1484.3131553425048	0.022160799999937808	epochs	3.0
1484.3353161425048	0.02204840000013064	epochs	3.0
1484.357364542505	0.04376359999992019	epochs	2.0
1484.357364542505	0.02193689999990056	epochs	3.0
1484.3793014425048	0.021826700000019628	epochs	3.0
1484.4011281425048	0.04332709999994222	epochs	2.0
1484.4011281425048	0.02171760000010181	epochs	3.0
1484.422845742505	0.02160949999984041	epochs	3.0
1484.4444552425048	0.04289900000003399	epochs	2.0
1484.4444552425048	0.021502500000224245	epochs	3.0
1484.465957742505	0.021396499999809748	epochs	3.0
1484.4873542425048	0.04247950000012679	epochs	2.0
1484.4873542425048	0.021291700000119818	epochs	3.0
1484.508645942505	0.021187800000006973	epochs	3.0
1484.529833742505	0.04206789999989269	epochs	2.0
1484.529833742505	0.02108490000000529	epochs	3.0
1484.550918642505	0.020982999999887397	epochs	3.0
1484.5719016425048	0.04166439999994509	epochs	2.0
1484.5719016425048	0.020882199999959994	epochs	3.0
1484.5927838425048	0.020782199999985096	epochs	3.0
1484.6135660425048	0.04126850000011473	epochs	2.0
1484.6135660425048	0.02068330000020069	epochs	3.0
1484.634249342505	0.02058519999991404	epochs	3.0
1484.654834542505	0.04088000000001557	epochs	2.0
1484.654834542505	0.020488099999965925	epochs	3.0
1484.6753226425049	0.020391900000049645	epochs	3.0
1484.695714542505	0.04049880000002304	epochs	2.0
1484.695714542505	0.020296599999937825	epochs	3.0
1484.7160111425048	0.020202200000085213	epochs	3.0
1484.736213342505	0.040124599999899146	epochs	2.0
1484.736213342505	0.02010870000003706	epochs	3.0
1484.756322042505	0.020015899999862086	epochs	3.0
1484.7763379425048	0.03975730000001931	epochs	2.0
1484.7763379425048	0.019924200000104975	epochs	3.0
1484.796262142505	0.01983309999991434	epochs	3.0
1484.8160952425048	0.03939669999999751	epochs	2.0
1484.8160952425048	0.01974300000006224	epochs	3.0
1484.835838242505	0.01965369999993527	epochs	3.0
1484.8554919425048	0.03904239999997117	epochs	2.0
1484.8554919425048	0.019565100000136226	epochs	3.0
1484.875057042505	0.01947729999983494	epochs	3.0
1484.8945343425048	0.038694600000098944	epochs	2.0
1484.8945343425048	0.019390400000020236	epochs	3.0
1484.9139247425048	0.01930420000007871	epochs	3.0
1484.933228942505	0.03835290000006353	epochs	2.0
1484.933228942505	0.019218799999862313	epochs	3.0
1484.9524477425048	0.019134100000201215	epochs	3.0
1484.971581842505	0.03801720000001296	epochs	2.0
1484.971581842505	0.019050199999810502	epochs	3.0
1484.9906320425048	0.01896700000020246	epochs	3.0
1485.009599042505	0.03768719999993664	epochs	2.0
1485.009599042505	0.018884499999785476	epochs	3.0
1485.0284835425048	0.018802700000151162	epochs	3.0
1485.047286242505	0.03736309999999321	epochs	2.0
1485.047286242505	0.018721700000014607	epochs	3.0
1485.066007942505	0.018641399999978603	epochs	3.0
1485.084649342505	0.03704429999993408	epochs	2.0
1485.084649342505	0.018561599999884493	epochs	3.0
1485.1032109425048	0.01848270000004959	epochs	3.0
1485.1216936425049	0.036731000000145286	epochs	2.0
1485.1216936425049	0.018404299999929208	epochs	3.0
1485.1400979425048	0.01832670000021608	epochs	3.0
1485.158424642505	0.03642289999993409	epochs	2.0
1485.158424642505	0.018249599999990096	epochs	3.0
1485.176674242505	0.018173299999943993	epochs	3.0
1485.194847542505	0.03612010000006194	epochs	2.0
1485.194847542505	0.01809759999991911	epochs	3.0
1485.2129451425049	0.018022500000142827	epochs	3.0
1485.230967642505	0.03582209999990482	epochs	2.0
1485.230967642505	0.01794789999985369	epochs	3.0
1485.2489155425048	0.017874200000051133	epochs	3.0
1485.266789742505	0.03552899999999681	epochs	2.0
1485.266789742505	0.017800800000031813	epochs	3.0
1485.284590542505	0.017728199999965	epochs	3.0
1485.302318742505	0.03524070000003121	epochs	2.0
1485.302318742505	0.017656100000067454	epochs	3.0
1485.319974842505	0.017584599999963757	epochs	3.0
1485.337559442505	0.03495709999992869	epochs	2.0
1485.337559442505	0.017513699999881283	epochs	3.0
1485.3550731425048	0.017443400000047404	epochs	3.0
1485.3725165425049	0.03467790000013338	epochs	2.0
1485.3725165425049	0.017373599999928047	epochs	3.0
1485.3898901425048	0.01730430000020533	epochs	3.0
1485.407194442505	0.03440329999989444	epochs	2.0
1485.407194442505	0.017235699999901044	epochs	3.0
1485.424430142505	0.0171675999999934	epochs	3.0
1485.4415977425049	0.03413279999995211	epochs	2.0
1485.4415977425049	0.01709989999994832	epochs	3.0
1485.4586976425048	0.017032900000003792	epochs	3.0
1485.4757305425048	0.03386670000008962	epochs	2.0
1485.4757305425048	0.01696640000000116	epochs	3.0
1485.4926969425048	0.016900300000088464	epochs	3.0
1485.509597242505	0.03360459999998966	epochs	2.0
1485.509597242505	0.01683479999996962	epochs	3.0
1485.526432042505	0.01676980000002004	epochs	3.0
1485.543201842505	0.033346599999958926	epochs	2.0
1485.543201842505	0.016705300000012357	epochs	3.0
1485.559907142505	0.01664129999994657	epochs	3.0
1485.5765484425049	0.03309250000006614	epochs	2.0
1485.5765484425049	0.016577800000050047	epochs	3.0
1485.593126242505	0.01651470000001609	epochs	3.0
1485.609640942505	0.03284229999985655	epochs	2.0
1485.609640942505	0.01645220000000336	epochs	3.0
1485.626093142505	0.01639009999985319	epochs	3.0
1485.6424832425048	0.03259570000000167	epochs	2.0
1485.6424832425048	0.016328400000020338	epochs	3.0
1485.6588116425048	0.016267299999981333	epochs	3.0
1485.6750789425048	0.032352899999978035	epochs	2.0
1485.6750789425048	0.016206600000032267	epochs	3.0
1485.6912855425048	0.016146299999945768	epochs	3.0
1485.7074318425048	0.032113700000081735	epochs	2.0
1485.7074318425048	0.016086600000107865	epochs	3.0
1485.7235184425049	0.01602709999997387	epochs	3.0
1485.7395455425049	0.03187800000000607	epochs	2.0
1485.7395455425049	0.015968200000088473	epochs	3.0
1485.755513742505	0.015909799999917595	epochs	3.0
1485.7714235425049	0.03164570000012645	epochs	2.0
1485.7714235425049	0.015851599999905375	epochs	3.0
1485.7872751425048	0.01579410000022108	epochs	3.0
1485.803069242505	0.031416699999908815	epochs	2.0
1485.803069242505	0.01573669999993399	epochs	3.0
1485.818805942505	0.015679999999974825	epochs	3.0
1485.834485942505	0.03119109999988723	epochs	2.0
1485.834485942505	0.015623600000026272	epochs	3.0
1485.850109542505	0.015567499999860956	epochs	3.0
1485.8656770425048	0.03096870000013041	epochs	2.0
1485.8656770425048	0.01551200000017161	epochs	3.0
1485.881189042505	0.0154566999999588	epochs	3.0
1485.896645742505	0.030749499999956242	epochs	2.0
1485.896645742505	0.015401999999994587	epochs	3.0
1485.912047742505	0.015347499999961656	epochs	3.0
1485.9273952425049	0.03053320000003623	epochs	2.0
1485.9273952425049	0.015293400000018664	epochs	3.0
1485.942688642505	0.015239800000017567	epochs	3.0
1485.957928442505	0.030320099999926242	epochs	2.0
1485.957928442505	0.015186500000027081	epochs	3.0
1485.973114942505	0.015133599999899161	epochs	3.0
1485.9882485425048	0.03010990000007041	epochs	2.0
1485.9882485425048	0.015081000000009226	epochs	3.0
1486.0033295425048	0.015028900000061185	epochs	3.0
1486.018358442505	0.029902499999934662	epochs	2.0
1486.018358442505	0.014977000000044427	epochs	3.0
1486.033335442505	0.014925499999890235	epochs	3.0
1486.0482609425048	0.0296981000001324	epochs	2.0
1486.0482609425048	0.014874400000053356	epochs	3.0
1486.063135342505	0.014823700000079043	epochs	3.0
1486.077959042505	0.029496299999891562	epochs	2.0
1486.077959042505	0.01477319999980864	epochs	3.0
1486.0927322425048	0.014723100000082923	epochs	3.0
1486.1074553425049	0.029297400000132257	epochs	2.0
1486.1074553425049	0.014673399999992398	epochs	3.0
1486.1221287425049	0.014624000000139858	epochs	3.0
1486.136752742505	0.029101099999934377	epochs	2.0
1486.136752742505	0.014574899999843183	epochs	3.0
1486.1513276425048	0.014526200000091194	epochs	3.0
1486.165853842505	0.028907399999980044	epochs	2.0
1486.165853842505	0.014477700000043114	epochs	3.0
1486.180331542505	0.014429699999936929	epochs	3.0
1486.194761242505	0.028716199999962555	epochs	2.0
1486.194761242505	0.014381799999910072	epochs	3.0
1486.2091430425048	0.014334400000052483	epochs	3.0
1486.2234774425049	0.02852759999996124	epochs	2.0
1486.2234774425049	0.014287199999898803	epochs	3.0
1486.2377646425048	0.014240400000062436	epochs	3.0
1486.2520050425048	0.028341400000044814	epochs	2.0
1486.2520050425048	0.014193800000157353	epochs	3.0
1486.266198842505	0.014147599999887461	epochs	3.0
1486.2803464425049	0.028157700000065233	epochs	2.0
1486.2803464425049	0.014101700000082928	epochs	3.0
1486.294448142505	0.014055999999982305	epochs	3.0
1486.308504142505	0.02797629999986384	epochs	2.0
1486.308504142505	0.014010599999892293	epochs	3.0
1486.3225147425048	0.013965699999971548	epochs	3.0
1486.3364804425048	0.027797200000122757	epochs	2.0
1486.3364804425048	0.013920800000050804	epochs	3.0
1486.3504012425049	0.013876400000071953	epochs	3.0
1486.364277642505	0.027620399999932488	epochs	2.0
1486.364277642505	0.013832200000024386	epochs	3.0
1486.378109842505	0.013788199999908102	epochs	3.0
1486.3918980425049	0.027445899999975154	epochs	2.0
1486.3918980425049	0.01374460000010913	epochs	3.0
1486.405642642505	0.013701299999866023	epochs	3.0
1486.4193439425048	0.0272735000000921	epochs	2.0
1486.4193439425048	0.013658200000008947	epochs	3.0
1486.4330021425048	0.013615300000083153	epochs	3.0
1486.446617442505	0.027103399999987232	epochs	2.0
1486.446617442505	0.013572800000019924	epochs	3.0
1486.460190242505	0.013530599999967308	epochs	3.0
1486.473720842505	0.02693520000002536	epochs	2.0
1486.473720842505	0.01348839999991469	epochs	3.0
1486.4872092425048	0.01344680000011067	epochs	3.0
1486.500656042505	0.026769199999989723	epochs	2.0
1486.500656042505	0.013405199999851902	epochs	3.0
1486.5140612425048	0.013364000000137821	epochs	3.0
1486.527425242505	0.026605199999949036	epochs	2.0
1486.527425242505	0.013322900000048321	epochs	3.0
1486.540748142505	0.013282299999900715	epochs	3.0
1486.5540304425049	0.0264431999999033	epochs	2.0
1486.5540304425049	0.013241699999980483	epochs	3.0
1486.5672721425049	0.013201499999922817	epochs	3.0
1486.5804736425048	0.026283200000079887	epochs	2.0
1486.5804736425048	0.013161500000023807	epochs	3.0
1486.5936351425048	0.01312170000005608	epochs	3.0
1486.6067568425049	0.02612500000009277	epochs	2.0
1486.6067568425049	0.013082100000019636	epochs	3.0
1486.6198389425049	0.013042900000073132	epochs	3.0
1486.632881842505	0.025968899999952555	epochs	2.0
1486.632881842505	0.013003899999830537	epochs	3.0
1486.6458857425048	0.012965000000122018	epochs	3.0
1486.658850742505	0.025814500000024054	epochs	2.0
1486.658850742505	0.012926399999969362	epochs	3.0
1486.6717771425049	0.012888100000054692	epochs	3.0
1486.684665242505	0.025661899999931848	epochs	2.0
1486.684665242505	0.012849899999991976	epochs	3.0
1486.697515142505	0.012811999999939871	epochs	3.0
1486.7103271425049	0.025511199999982637	epochs	2.0
1486.7103271425049	0.012774400000125752	epochs	3.0
1486.723101542505	0.012736799999856885	epochs	3.0
1486.7358383425048	0.025362300000097093	epochs	2.0
1486.7358383425048	0.01269969999998466	epochs	3.0
1486.7485380425048	0.012662600000112434	epochs	3.0
1486.761200642505	0.025214999999889187	epochs	2.0
1486.761200642505	0.012625800000023446	epochs	3.0
1486.773826442505	0.012589199999865741	epochs	3.0
1486.7864156425048	0.024584799999956886	epochs	2.0
1486.8082004425048	0.5	epochs	-1.0
1486.8110004425048	0.999920000000202	epochs	1.0
1487.3082004425048	0.5	epochs	-1.0
1490.1620001792908	0.09999999999990905	epochs	0.0
1490.1620001792908	0.04500000000007276	epochs	1.0
1490.2070001792908	0.009999999999990905	epochs	1.0
1490.2170001792908	0.044999999999845386	epochs	1.0
1490.2620001792907	2.0	epochs	0.0
1492.2620001792907	0.5596800000000712	epochs	0.0
1492.2620001792907	0.5596800000000712	epochs	1.0
1492.2620001792907	0.5	epochs	-1.0
1492.7620001792907	0.05968000000007123	epochs	-1.0
1492.8216801792908	21.44024000000013	epochs	0.0
1495.0600004196167	0.09999999999990905	epochs	0.0
1495.0600004196167	0.04500000000007276	epochs	1.0
1495.1050004196168	0.009999999999990905	epochs	1.0
1495.1150004196168	0.044999999999845386	epochs	1.0
1495.1600004196166	2.0	epochs	0.0
1497.1600004196166	0.5000800000000254	epochs	0.0
1497.1600004196166	0.5000800000000254	epochs	1.0
1497.1600004196166	0.5	epochs	-1.0
1497.6600004196166	8.000000002539309e-05	epochs	-1.0
1497.6600804196166	21.499840000000177	epochs	0.0
1500.393000125885	0.09999999999990905	epochs	0.0
1500.393000125885	0.04500000000007276	epochs	1.0
1500.438000125885	0.009999999999990905	epochs	1.0
1500.448000125885	0.044999999999845386	epochs	1.0
1500.493000125885	2.0	epochs	0.0
1502.493000125885	0.5600000000001728	epochs	0.0
1502.493000125885	0.5600000000001728	epochs	1.0
1502.493000125885	0.5	epochs	-1.0
1502.993000125885	0.060000000000172804	epochs	-1.0
1503.053000125885	21.43992000000003	epochs	0.0
1505.4940004348755	0.09999999999990905	epochs	0.0
1505.4940004348755	0.04500000000007276	epochs	1.0
1505.5390004348756	0.009999999999990905	epochs	1.0
1505.5490004348756	0.044999999999845386	epochs	1.0
1505.5940004348754	2.0	epochs	0.0
1507.5940004348754	0.5600000000001728	epochs	0.0
1507.5940004348754	0.5600000000001728	epochs	1.0
1507.5940004348754	0.5	epochs	-1.0
1508.0940004348754	0.060000000000172804	epochs	-1.0
1508.1540004348756	21.43992000000003	epochs	0.0
1510.7440004348755	0.09999999999990905	epochs	0.0
1510.7440004348755	0.04500000000007276	epochs	1.0
1510.7890004348756	0.009999999999990905	epochs	1.0
1510.7990004348756	0.044999999999845386	epochs	1.0
1510.8440004348754	2.0	epochs	0.0
1512.8440004348754	21.51944000000003	epochs	0.0
1512.8440004348754	1.0	epochs	1.0
1512.8440004348754	0.5	epochs	-1.0
1513.3440004348754	19.99720000000002	epochs	-1.0
1513.8440004348754	20.0	epochs	1.0
1513.8440004348754	4.356753900000058	epochs	-1.0
1513.8440004348754	1.9745872000000873	epochs	2.0
1513.8440004348754	1.0985622000000603	epochs	3.0
1514.9425626348755	0.8760250000000269	epochs	3.0
1515.8185876348755	1.3524075000000266	epochs	2.0
1515.8185876348755	0.7286355000001095	epochs	3.0
1516.5472231348756	0.6237719999999172	epochs	3.0
1517.1709951348755	1.029759199999944	epochs	2.0
1517.1709951348755	0.5453293000000485	epochs	3.0
1517.7163244348756	0.4844298999998955	epochs	3.0
1518.2007543348755	0.8317862000001242	epochs	2.0
1518.2007543348755	0.4357763000000432	epochs	3.0
1518.6365306348755	0.39600990000008096	epochs	3.0
1519.0325405348756	0.6977969999998095	epochs	2.0
1519.0325405348756	0.3628982000000178	epochs	3.0
1519.3954387348756	0.33489879999979166	epochs	3.0
1519.7303375348754	0.601045699999986	epochs	2.0
1519.7303375348754	0.3109123000001546	epochs	3.0
1520.0412498348755	0.29013339999983145	epochs	3.0
1520.3313832348754	0.5278859000000011	epochs	2.0
1520.3313832348754	0.2719586000000618	epochs	3.0
1520.6033418348754	0.25592729999993935	epochs	3.0
1520.8592691348754	0.4706193000001804	epochs	2.0
1520.8592691348754	0.24168130000020938	epochs	3.0
1521.1009504348756	0.228937999999971	epochs	3.0
1521.3298884348756	0.42457039999999324	epochs	2.0
1521.3298884348756	0.21747140000002219	epochs	3.0
1521.5473598348756	0.20709899999997106	epochs	3.0
1521.7544588348755	0.3867353999999068	epochs	2.0
1521.7544588348755	0.19767109999997956	epochs	3.0
1521.9521299348755	0.18906429999992724	epochs	3.0
1522.1411942348755	0.35509530000013	epochs	2.0
1522.1411942348755	0.18117589999997108	epochs	3.0
1522.3223701348754	0.17391940000015893	epochs	3.0
1522.4962895348756	0.3282431000000088	epochs	2.0
1522.4962895348756	0.16722189999995862	epochs	3.0
1522.6635114348755	0.16102120000005016	epochs	3.0
1522.8245326348756	0.3051679999998669	epochs	2.0
1522.8245326348756	0.15526389999990897	epochs	3.0
1522.9797965348755	0.1499040999999579	epochs	3.0
1523.1297006348755	0.28512530000011793	epochs	2.0
1523.1297006348755	0.1449021000000812	epochs	3.0
1523.2746027348755	0.14022320000003674	epochs	3.0
1523.4148259348756	0.2675537999998596	epochs	2.0
1523.4148259348756	0.1358368999999584	epochs	3.0
1523.5506628348755	0.13171689999990122	epochs	3.0
1523.6823797348754	0.25202290000015637	epochs	2.0
1523.6823797348754	0.1278393000000051	epochs	3.0
1523.8102190348754	0.12418360000015127	epochs	3.0
1523.9344026348756	0.23819649999995818	epochs	2.0
1523.9344026348756	0.1207310999998299	epochs	3.0
1524.0551337348754	0.11746540000012828	epochs	3.0
1524.1725991348756	0.22580879999986792	epochs	2.0
1524.1725991348756	0.1143718999999237	epochs	3.0
1524.2869710348755	0.11143689999994422	epochs	3.0
1524.3984079348754	0.2146460000001298	epochs	2.0
1524.3984079348754	0.10864890000016203	epochs	3.0
1524.5070568348756	0.10599709999996776	epochs	3.0
1524.6130539348756	0.2045349999998507	epochs	2.0
1524.6130539348756	0.1034714999998414	epochs	3.0
1524.7165254348754	0.1010635000000093	epochs	3.0
1524.8175889348754	0.19533400000000256	epochs	2.0
1524.8175889348754	0.09876510000003691	epochs	3.0
1524.9163540348754	0.09656889999996565	epochs	3.0
1525.0129229348754	0.18692529999998442	epochs	2.0
1525.0129229348754	0.09446830000001682	epochs	3.0
1525.1073912348754	0.09245699999996759	epochs	3.0
1525.1998482348754	0.1792107000001124	epochs	2.0
1525.1998482348754	0.0905296000000817	epochs	3.0
1525.2903778348755	0.08868110000003071	epochs	3.0
1525.3790589348755	0.17210769999996955	epochs	2.0
1525.3790589348755	0.08690630000000965	epochs	3.0
1525.4659652348755	0.0852013999999599	epochs	3.0
1525.5511666348755	0.16554640000003928	epochs	2.0
1525.5511666348755	0.08356189999994967	epochs	3.0
1525.6347285348754	0.08198450000008961	epochs	3.0
1525.7167130348755	0.15946710000002895	epochs	2.0
1525.7167130348755	0.08046539999986635	epochs	3.0
1525.7971784348754	0.0790017000001626	epochs	3.0
1525.8761801348755	0.1538183999998637	epochs	2.0
1525.8761801348755	0.07759009999995214	epochs	3.0
1525.9537702348755	0.07622829999991154	epochs	3.0
1526.0299985348754	0.14855640000018866	epochs	2.0
1526.0299985348754	0.07491330000016205	epochs	3.0
1526.1049118348756	0.0736431000000266	epochs	3.0
1526.1785549348756	0.1436423999998624	epochs	2.0
1526.1785549348756	0.07241499999986445	epochs	3.0
1526.2509699348755	0.07122739999999794	epochs	3.0
1526.3221973348755	0.13904309999998077	epochs	2.0
1526.3221973348755	0.07007799999996678	epochs	3.0
1526.3922753348754	0.06896510000001399	epochs	3.0
1526.4612404348754	0.1347293000001173	epochs	2.0
1526.4612404348754	0.0678871000000072	epochs	3.0
1526.5291275348754	0.0668422000001101	epochs	3.0
1526.5959697348756	0.1306752000000415	epochs	2.0
1526.5959697348756	0.06582909999997355	epochs	3.0
1526.6617988348755	0.06484610000006796	epochs	3.0
1526.7266449348756	0.1268577999999252	epochs	2.0
1526.7266449348756	0.06389199999989614	epochs	3.0
1526.7905369348755	0.06296580000002905	epochs	3.0
1526.8535027348755	0.12325719999989815	epochs	2.0
1526.8535027348755	0.06206580000002759	epochs	3.0
1526.9155685348755	0.061191399999870555	epochs	3.0
1526.9767599348754	0.11985540000000583	epochs	2.0
1526.9767599348754	0.060341099999959624	epochs	3.0
1527.0371010348754	0.059514300000046205	epochs	3.0
1527.0966153348754	0.11663620000012997	epochs	2.0
1527.0966153348754	0.05870960000015657	epochs	3.0
1527.1553249348756	0.057926599999973405	epochs	3.0
1527.2132515348756	0.11358559999985118	epochs	2.0
1527.2132515348756	0.05716419999998834	epochs	3.0
1527.2704157348755	0.05642139999986284	epochs	3.0
1527.3268371348754	0.11069050000014613	epochs	2.0
1527.3268371348754	0.055697900000041045	epochs	3.0
1527.3825350348754	0.054992600000105085	epochs	3.0
1527.4375276348756	0.10793909999983953	epochs	2.0
1527.4375276348756	0.05430490000003374	epochs	3.0
1527.4918325348756	0.05363419999980579	epochs	3.0
1527.5454667348754	0.10532150000017282	epochs	2.0
1527.5454667348754	0.052980000000161453	epochs	3.0
1527.5984467348756	0.052341500000011365	epochs	3.0
1527.6507882348756	0.10282759999995505	epochs	2.0
1527.6507882348756	0.05171810000001642	epochs	3.0
1527.7025063348756	0.051109499999938635	epochs	3.0
1527.7536158348755	0.10044909999987794	epochs	2.0
1527.7536158348755	0.050514900000052876	epochs	3.0
1527.8041307348756	0.04993419999982507	epochs	3.0
1527.8540649348754	0.09817830000019967	epochs	2.0
1527.8540649348754	0.04936659999998483	epochs	3.0
1527.9034315348754	0.04881170000021484	epochs	3.0
1527.9522432348756	0.09600779999982478	epochs	2.0
1527.9522432348756	0.048269199999822376	epochs	3.0
1528.0005124348754	0.04773860000000241	epochs	3.0
1528.0482510348754	0.09393120000004274	epochs	2.0
1528.0482510348754	0.04721949999998287	epochs	3.0
1528.0954705348754	0.046711700000059864	epochs	3.0
1528.1421822348755	0.09194260000003851	epochs	2.0
1528.1421822348755	0.046214599999984785	epochs	3.0
1528.1883968348754	0.045728000000053726	epochs	3.0
1528.2341248348755	0.09003630000006524	epochs	2.0
1528.2341248348755	0.045251499999949374	epochs	3.0
1528.2793763348755	0.044784800000115865	epochs	3.0
1528.3241611348756	0.08820760000003247	epochs	2.0
1528.3241611348756	0.044327800000019124	epochs	3.0
1528.3684889348756	0.04387980000001335	epochs	3.0
1528.4123687348756	0.0864516999999978	epochs	2.0
1528.4123687348756	0.04344099999980244	epochs	3.0
1528.4558097348754	0.04301070000019536	epochs	3.0
1528.4988204348756	0.08476429999996071	epochs	2.0
1528.4988204348756	0.04258899999990717	epochs	3.0
1528.5414094348755	0.04217530000005354	epochs	3.0
1528.5835847348756	0.08314150000001064	epochs	2.0
1528.5835847348756	0.04176970000003166	epochs	3.0
1528.6253544348756	0.041371799999978975	epochs	3.0
1528.6667262348756	0.08157970000002024	epochs	2.0
1528.6667262348756	0.040981399999964196	epochs	3.0
1528.7077076348755	0.04059830000005604	epochs	3.0
1528.7483059348756	0.08007549999979346	epochs	2.0
1528.7483059348756	0.04022229999986848	epochs	3.0
1528.7885282348755	0.03985319999992498	epochs	3.0
1528.8283814348754	0.07862570000020241	epochs	2.0
1528.8283814348754	0.039490800000066884	epochs	3.0
1528.8678722348754	0.03913490000013553	epochs	3.0
1528.9070071348756	0.07722760000001472	epochs	2.0
1528.9070071348756	0.03878539999982422	epochs	3.0
1528.9457925348754	0.038442200000190496	epochs	3.0
1528.9842347348756	0.07587819999980638	epochs	2.0
1528.9842347348756	0.03810479999992822	epochs	3.0
1529.0223395348755	0.037773399999878166	epochs	3.0
1529.0601129348754	0.0745752000000266	epochs	2.0
1529.0601129348754	0.03744770000002973	epochs	3.0
1529.0975606348754	0.03712749999999687	epochs	3.0
1529.1346881348754	0.07331629999998768	epochs	2.0
1529.1346881348754	0.0368129000000863	epochs	3.0
1529.1715010348755	0.036503399999901376	epochs	3.0
1529.2080044348754	0.07209899999998015	epochs	2.0
1529.2080044348754	0.03619909999997617	epochs	3.0
1529.2442035348754	0.03589990000000398	epochs	3.0
1529.2801034348754	0.07092170000009901	epochs	2.0
1529.2801034348754	0.03560560000005353	epochs	3.0
1529.3157090348755	0.03531610000004548	epochs	3.0
1529.3510251348755	0.06978200000003199	epochs	2.0
1529.3510251348755	0.03503120000004856	epochs	3.0
1529.3860563348755	0.03475079999998343	epochs	3.0
1529.4208071348755	0.06867859999988468	epochs	2.0
1529.4208071348755	0.03447510000000875	epochs	3.0
1529.4552822348755	0.03420349999987593	epochs	3.0
1529.4894857348754	0.06760930000018561	epochs	2.0
1529.4894857348754	0.033936199999970995	epochs	3.0
1529.5234219348754	0.03367310000021462	epochs	3.0
1529.5570950348756	0.06657289999998284	epochs	2.0
1529.5570950348756	0.03341399999999339	epochs	3.0
1529.5905090348756	0.033158899999989444	epochs	3.0
1529.6236679348756	0.06556779999982609	epochs	2.0
1529.6236679348756	0.03290769999989607	epochs	3.0
1529.6565756348755	0.032660099999930026	epochs	3.0
1529.6892357348754	0.06459259999996902	epochs	2.0
1529.6892357348754	0.03241640000010193	epochs	3.0
1529.7216521348755	0.032176199999867094	epochs	3.0
1529.7538283348754	0.06364600000006249	epochs	2.0
1529.7538283348754	0.03193960000021434	epochs	3.0
1529.7857679348756	0.031706399999848145	epochs	3.0
1529.8174743348754	0.0627266999999847	epochs	2.0
1529.8174743348754	0.03147660000013275	epochs	3.0
1529.8489509348756	0.031250099999851955	epochs	3.0
1529.8802010348754	0.06183359999999993	epochs	2.0
1529.8802010348754	0.031026900000142632	epochs	3.0
1529.9112279348756	0.0308066999998573	epochs	3.0
1529.9420346348754	0.06096560000014506	epochs	2.0
1529.9420346348754	0.03058980000014344	epochs	3.0
1529.9726244348756	0.030375800000001618	epochs	3.0
1530.0030002348756	0.06012160000000222	epochs	2.0
1530.0030002348756	0.030164899999817862	epochs	3.0
1530.0331651348754	0.029956700000184355	epochs	3.0
1530.0631218348756	0.05930069999999432	epochs	2.0
1530.0631218348756	0.029751599999826794	epochs	3.0
1530.0928734348754	0.029549100000167527	epochs	3.0
1530.1224225348756	0.05850179999993088	epochs	2.0
1530.1224225348756	0.02934940000000097	epochs	3.0
1530.1517719348756	0.029152399999929912	epochs	3.0
1530.1809243348755	0.05772419999993872	epochs	2.0
1530.1809243348755	0.028958000000102402	epochs	3.0
1530.2098823348756	0.028766199999836317	epochs	3.0
1530.2386485348754	0.05696710000006533	epochs	2.0
1530.2386485348754	0.028577000000041153	epochs	3.0
1530.2672255348755	0.028390100000024177	epochs	3.0
1530.2956156348755	0.05622949999997218	epochs	2.0
1530.2956156348755	0.028205699999944045	epochs	3.0
1530.3238213348754	0.028023800000028132	epochs	3.0
1530.3518451348755	0.05551070000001346	epochs	2.0
1530.3518451348755	0.027843999999959124	epochs	3.0
1530.3796891348754	0.027666700000054334	epochs	3.0
1530.4073558348755	0.054810200000019904	epochs	2.0
1530.4073558348755	0.02749149999999645	epochs	3.0
1530.4348473348755	0.027318700000023455	epochs	3.0
1530.4621660348755	0.054126999999880354	epochs	2.0
1530.4621660348755	0.027147799999966082	epochs	3.0
1530.4893138348755	0.026979199999914272	epochs	3.0
1530.5162930348754	0.05346070000018699	epochs	2.0
1530.5162930348754	0.026812600000084785	epochs	3.0
1530.5431056348755	0.026648100000102204	epochs	3.0
1530.5697537348756	0.05281070000000909	epochs	2.0
1530.5697537348756	0.0264855999998872	epochs	3.0
1530.5962393348755	0.026325100000121893	epochs	3.0
1530.6225644348756	0.052176199999848905	epochs	2.0
1530.6225644348756	0.026166399999965506	epochs	3.0
1530.6487308348756	0.0260097999998834	epochs	3.0
1530.6747406348754	0.051556699999991906	epochs	2.0
1530.6747406348754	0.02585480000016105	epochs	3.0
1530.7005954348756	0.025701899999830857	epochs	3.0
1530.7262973348754	0.05095189999997274	epochs	2.0
1530.7262973348754	0.025550700000167126	epochs	3.0
1530.7518480348756	0.025401199999805613	epochs	3.0
1530.7772492348754	0.05036100000006627	epochs	2.0
1530.7772492348754	0.025253500000189888	epochs	3.0
1530.8025027348756	0.02510749999987638	epochs	3.0
1530.8276102348755	0.04978380000011384	epochs	2.0
1530.8276102348755	0.02496320000000196	epochs	3.0
1530.8525734348755	0.02482060000011188	epochs	3.0
1530.8773940348756	0.04921949999993558	epochs	2.0
1530.8773940348756	0.024679399999968155	epochs	3.0
1530.9020734348755	0.024540099999967424	epochs	3.0
1530.9266135348755	0.04866790000005494	epochs	2.0
1530.9266135348755	0.024402100000088467	epochs	3.0
1530.9510156348756	0.024265799999966475	epochs	3.0
1530.9752814348756	0.048128599999927246	epochs	2.0
1530.9752814348756	0.02413099999989754	epochs	3.0
1530.9994124348755	0.023997600000029706	epochs	3.0
1531.0234100348755	0.047601100000065344	epochs	2.0
1531.0234100348755	0.023865800000066884	epochs	3.0
1531.0472758348756	0.02373529999999846	epochs	3.0
1531.0710111348756	0.04708499999992455	epochs	2.0
1531.0710111348756	0.023606299999983094	epochs	3.0
1531.0946174348755	0.023478699999941455	epochs	3.0
1531.1180961348755	0.046579999999948996	epochs	2.0
1531.1180961348755	0.023352500000100918	epochs	3.0
1531.1414486348756	0.023227499999848078	epochs	3.0
1531.1646761348754	0.046085700000048746	epochs	2.0
1531.1646761348754	0.023104000000103042	epochs	3.0
1531.1877801348755	0.022981699999945704	epochs	3.0
1531.2107618348755	0.045601799999985815	epochs	2.0
1531.2107618348755	0.02286069999991014	epochs	3.0
1531.2336225348754	0.022741100000075676	epochs	3.0
1531.2563636348755	0.04512790000012501	epochs	2.0
1531.2563636348755	0.022622500000125	epochs	3.0
1531.2789861348756	0.02250540000000001	epochs	3.0
1531.3014915348756	0.04466379999985293	epochs	2.0
1531.3014915348756	0.02238929999998618	epochs	3.0
1531.3238808348756	0.022274499999866748	epochs	3.0
1531.3461553348754	0.04420920000006845	epochs	2.0
1531.3461553348754	0.022160799999937808	epochs	3.0
1531.3683161348754	0.02204840000013064	epochs	3.0
1531.3903645348755	0.04376359999992019	epochs	2.0
1531.3903645348755	0.02193689999990056	epochs	3.0
1531.4123014348754	0.021826700000019628	epochs	3.0
1531.4341281348754	0.04332709999994222	epochs	2.0
1531.4341281348754	0.02171760000010181	epochs	3.0
1531.4558457348755	0.02160949999984041	epochs	3.0
1531.4774552348754	0.04289900000003399	epochs	2.0
1531.4774552348754	0.021502500000224245	epochs	3.0
1531.4989577348756	0.021396499999809748	epochs	3.0
1531.5203542348754	0.04247950000012679	epochs	2.0
1531.5203542348754	0.021291700000119818	epochs	3.0
1531.5416459348755	0.021187800000006973	epochs	3.0
1531.5628337348755	0.04206789999989269	epochs	2.0
1531.5628337348755	0.02108490000000529	epochs	3.0
1531.5839186348755	0.020982999999887397	epochs	3.0
1531.6049016348754	0.04166439999994509	epochs	2.0
1531.6049016348754	0.020882199999959994	epochs	3.0
1531.6257838348754	0.020782199999985096	epochs	3.0
1531.6465660348754	0.04126850000011473	epochs	2.0
1531.6465660348754	0.02068330000020069	epochs	3.0
1531.6672493348756	0.02058519999991404	epochs	3.0
1531.6878345348755	0.04088000000001557	epochs	2.0
1531.6878345348755	0.020488099999965925	epochs	3.0
1531.7083226348755	0.020391900000049645	epochs	3.0
1531.7287145348755	0.04049880000002304	epochs	2.0
1531.7287145348755	0.020296599999937825	epochs	3.0
1531.7490111348754	0.020202200000085213	epochs	3.0
1531.7692133348755	0.040124599999899146	epochs	2.0
1531.7692133348755	0.02010870000003706	epochs	3.0
1531.7893220348756	0.020015899999862086	epochs	3.0
1531.8093379348754	0.03975730000001931	epochs	2.0
1531.8093379348754	0.019924200000104975	epochs	3.0
1531.8292621348755	0.01983309999991434	epochs	3.0
1531.8490952348754	0.03939669999999751	epochs	2.0
1531.8490952348754	0.01974300000006224	epochs	3.0
1531.8688382348755	0.01965369999993527	epochs	3.0
1531.8884919348754	0.03904239999997117	epochs	2.0
1531.8884919348754	0.019565100000136226	epochs	3.0
1531.9080570348756	0.01947729999983494	epochs	3.0
1531.9275343348754	0.038694600000098944	epochs	2.0
1531.9275343348754	0.019390400000020236	epochs	3.0
1531.9469247348754	0.01930420000007871	epochs	3.0
1531.9662289348755	0.03835290000006353	epochs	2.0
1531.9662289348755	0.019218799999862313	epochs	3.0
1531.9854477348754	0.019134100000201215	epochs	3.0
1532.0045818348756	0.03801720000001296	epochs	2.0
1532.0045818348756	0.019050199999810502	epochs	3.0
1532.0236320348754	0.01896700000020246	epochs	3.0
1532.0425990348756	0.03768719999993664	epochs	2.0
1532.0425990348756	0.018884499999785476	epochs	3.0
1532.0614835348754	0.018802700000151162	epochs	3.0
1532.0802862348755	0.03736309999999321	epochs	2.0
1532.0802862348755	0.018721700000014607	epochs	3.0
1532.0990079348755	0.018641399999978603	epochs	3.0
1532.1176493348755	0.03704429999993408	epochs	2.0
1532.1176493348755	0.018561599999884493	epochs	3.0
1532.1362109348754	0.01848270000004959	epochs	3.0
1532.1546936348755	0.036731000000145286	epochs	2.0
1532.1546936348755	0.018404299999929208	epochs	3.0
1532.1730979348754	0.01832670000021608	epochs	3.0
1532.1914246348756	0.03642289999993409	epochs	2.0
1532.1914246348756	0.018249599999990096	epochs	3.0
1532.2096742348756	0.018173299999943993	epochs	3.0
1532.2278475348755	0.03612010000006194	epochs	2.0
1532.2278475348755	0.01809759999991911	epochs	3.0
1532.2459451348755	0.018022500000142827	epochs	3.0
1532.2639676348756	0.03582209999990482	epochs	2.0
1532.2639676348756	0.01794789999985369	epochs	3.0
1532.2819155348755	0.017874200000051133	epochs	3.0
1532.2997897348755	0.03552899999999681	epochs	2.0
1532.2997897348755	0.017800800000031813	epochs	3.0
1532.3175905348755	0.017728199999965	epochs	3.0
1532.3353187348755	0.03524070000003121	epochs	2.0
1532.3353187348755	0.017656100000067454	epochs	3.0
1532.3529748348756	0.017584599999963757	epochs	3.0
1532.3705594348755	0.03495709999992869	epochs	2.0
1532.3705594348755	0.017513699999881283	epochs	3.0
1532.3880731348754	0.017443400000047404	epochs	3.0
1532.4055165348755	0.03467790000013338	epochs	2.0
1532.4055165348755	0.017373599999928047	epochs	3.0
1532.4228901348754	0.01730430000020533	epochs	3.0
1532.4401944348756	0.03440329999989444	epochs	2.0
1532.4401944348756	0.017235699999901044	epochs	3.0
1532.4574301348755	0.0171675999999934	epochs	3.0
1532.4745977348755	0.03413279999995211	epochs	2.0
1532.4745977348755	0.01709989999994832	epochs	3.0
1532.4916976348754	0.017032900000003792	epochs	3.0
1532.5087305348754	0.03386670000008962	epochs	2.0
1532.5087305348754	0.01696640000000116	epochs	3.0
1532.5256969348754	0.016900300000088464	epochs	3.0
1532.5425972348755	0.03360459999998966	epochs	2.0
1532.5425972348755	0.01683479999996962	epochs	3.0
1532.5594320348755	0.01676980000002004	epochs	3.0
1532.5762018348755	0.033346599999958926	epochs	2.0
1532.5762018348755	0.016705300000012357	epochs	3.0
1532.5929071348755	0.01664129999994657	epochs	3.0
1532.6095484348755	0.03309250000006614	epochs	2.0
1532.6095484348755	0.016577800000050047	epochs	3.0
1532.6261262348755	0.01651470000001609	epochs	3.0
1532.6426409348755	0.03284229999985655	epochs	2.0
1532.6426409348755	0.01645220000000336	epochs	3.0
1532.6590931348755	0.01639009999985319	epochs	3.0
1532.6754832348754	0.03259570000000167	epochs	2.0
1532.6754832348754	0.016328400000020338	epochs	3.0
1532.6918116348754	0.016267299999981333	epochs	3.0
1532.7080789348754	0.032352899999978035	epochs	2.0
1532.7080789348754	0.016206600000032267	epochs	3.0
1532.7242855348754	0.016146299999945768	epochs	3.0
1532.7404318348754	0.032113700000081735	epochs	2.0
1532.7404318348754	0.016086600000107865	epochs	3.0
1532.7565184348755	0.01602709999997387	epochs	3.0
1532.7725455348755	0.03187800000000607	epochs	2.0
1532.7725455348755	0.015968200000088473	epochs	3.0
1532.7885137348756	0.015909799999917595	epochs	3.0
1532.8044235348755	0.03164570000012645	epochs	2.0
1532.8044235348755	0.015851599999905375	epochs	3.0
1532.8202751348754	0.01579410000022108	epochs	3.0
1532.8360692348756	0.031416699999908815	epochs	2.0
1532.8360692348756	0.01573669999993399	epochs	3.0
1532.8518059348755	0.015679999999974825	epochs	3.0
1532.8674859348755	0.03119109999988723	epochs	2.0
1532.8674859348755	0.015623600000026272	epochs	3.0
1532.8831095348755	0.015567499999860956	epochs	3.0
1532.8986770348754	0.03096870000013041	epochs	2.0
1532.8986770348754	0.01551200000017161	epochs	3.0
1532.9141890348756	0.0154566999999588	epochs	3.0
1532.9296457348755	0.030749499999956242	epochs	2.0
1532.9296457348755	0.015401999999994587	epochs	3.0
1532.9450477348755	0.015347499999961656	epochs	3.0
1532.9603952348755	0.03053320000003623	epochs	2.0
1532.9603952348755	0.015293400000018664	epochs	3.0
1532.9756886348755	0.015239800000017567	epochs	3.0
1532.9909284348755	0.030320099999926242	epochs	2.0
1532.9909284348755	0.015186500000027081	epochs	3.0
1533.0061149348755	0.015133599999899161	epochs	3.0
1533.0212485348754	0.03010990000007041	epochs	2.0
1533.0212485348754	0.015081000000009226	epochs	3.0
1533.0363295348754	0.015028900000061185	epochs	3.0
1533.0513584348755	0.029902499999934662	epochs	2.0
1533.0513584348755	0.014977000000044427	epochs	3.0
1533.0663354348756	0.014925499999890235	epochs	3.0
1533.0812609348754	0.0296981000001324	epochs	2.0
1533.0812609348754	0.014874400000053356	epochs	3.0
1533.0961353348755	0.014823700000079043	epochs	3.0
1533.1109590348756	0.029496299999891562	epochs	2.0
1533.1109590348756	0.01477319999980864	epochs	3.0
1533.1257322348754	0.014723100000082923	epochs	3.0
1533.1404553348755	0.029297400000132257	epochs	2.0
1533.1404553348755	0.014673399999992398	epochs	3.0
1533.1551287348755	0.014624000000139858	epochs	3.0
1533.1697527348756	0.029101099999934377	epochs	2.0
1533.1697527348756	0.014574899999843183	epochs	3.0
1533.1843276348754	0.014526200000091194	epochs	3.0
1533.1988538348755	0.028907399999980044	epochs	2.0
1533.1988538348755	0.014477700000043114	epochs	3.0
1533.2133315348756	0.014429699999936929	epochs	3.0
1533.2277612348755	0.028716199999962555	epochs	2.0
1533.2277612348755	0.014381799999910072	epochs	3.0
1533.2421430348754	0.014334400000052483	epochs	3.0
1533.2564774348755	0.02852759999996124	epochs	2.0
1533.2564774348755	0.014287199999898803	epochs	3.0
1533.2707646348754	0.014240400000062436	epochs	3.0
1533.2850050348754	0.028341400000044814	epochs	2.0
1533.2850050348754	0.014193800000157353	epochs	3.0
1533.2991988348756	0.014147599999887461	epochs	3.0
1533.3133464348755	0.028157700000065233	epochs	2.0
1533.3133464348755	0.014101700000082928	epochs	3.0
1533.3274481348756	0.014055999999982305	epochs	3.0
1533.3415041348755	0.02797629999986384	epochs	2.0
1533.3415041348755	0.014010599999892293	epochs	3.0
1533.3555147348754	0.013965699999971548	epochs	3.0
1533.3694804348754	0.027797200000122757	epochs	2.0
1533.3694804348754	0.013920800000050804	epochs	3.0
1533.3834012348755	0.013876400000071953	epochs	3.0
1533.3972776348755	0.027620399999932488	epochs	2.0
1533.3972776348755	0.013832200000024386	epochs	3.0
1533.4111098348756	0.013788199999908102	epochs	3.0
1533.4248980348755	0.027445899999975154	epochs	2.0
1533.4248980348755	0.01374460000010913	epochs	3.0
1533.4386426348756	0.013701299999866023	epochs	3.0
1533.4523439348754	0.0272735000000921	epochs	2.0
1533.4523439348754	0.013658200000008947	epochs	3.0
1533.4660021348755	0.013615300000083153	epochs	3.0
1533.4796174348755	0.027103399999987232	epochs	2.0
1533.4796174348755	0.013572800000019924	epochs	3.0
1533.4931902348756	0.013530599999967308	epochs	3.0
1533.5067208348755	0.02693520000002536	epochs	2.0
1533.5067208348755	0.01348839999991469	epochs	3.0
1533.5202092348754	0.01344680000011067	epochs	3.0
1533.5336560348755	0.026769199999989723	epochs	2.0
1533.5336560348755	0.013405199999851902	epochs	3.0
1533.5470612348754	0.013364000000137821	epochs	3.0
1533.5604252348755	0.026605199999949036	epochs	2.0
1533.5604252348755	0.013322900000048321	epochs	3.0
1533.5737481348756	0.013282299999900715	epochs	3.0
1533.5870304348755	0.0264431999999033	epochs	2.0
1533.5870304348755	0.013241699999980483	epochs	3.0
1533.6002721348755	0.013201499999922817	epochs	3.0
1533.6134736348754	0.026283200000079887	epochs	2.0
1533.6134736348754	0.013161500000023807	epochs	3.0
1533.6266351348754	0.01312170000005608	epochs	3.0
1533.6397568348755	0.02612500000009277	epochs	2.0
1533.6397568348755	0.013082100000019636	epochs	3.0
1533.6528389348755	0.013042900000073132	epochs	3.0
1533.6658818348756	0.025968899999952555	epochs	2.0
1533.6658818348756	0.013003899999830537	epochs	3.0
1533.6788857348754	0.012965000000122018	epochs	3.0
1533.6918507348755	0.025814500000024054	epochs	2.0
1533.6918507348755	0.012926399999969362	epochs	3.0
1533.7047771348755	0.012888100000054692	epochs	3.0
1533.7176652348755	0.025661899999931848	epochs	2.0
1533.7176652348755	0.012849899999991976	epochs	3.0
1533.7305151348755	0.012811999999939871	epochs	3.0
1533.7433271348755	0.025511199999982637	epochs	2.0
1533.7433271348755	0.012774400000125752	epochs	3.0
1533.7561015348756	0.012736799999856885	epochs	3.0
1533.7688383348755	0.025362300000097093	epochs	2.0
1533.7688383348755	0.01269969999998466	epochs	3.0
1533.7815380348754	0.012662600000112434	epochs	3.0
1533.7942006348756	0.025214999999889187	epochs	2.0
1533.7942006348756	0.012625800000023446	epochs	3.0
1533.8068264348756	0.012589199999865741	epochs	3.0
1533.8194156348754	0.024584799999956886	epochs	2.0
1533.8412004348754	0.5	epochs	-1.0
1533.8440004348754	0.5194400000000314	epochs	1.0
1534.3634404348754	0.48048000000017055	epochs	0.0
1537.0220003128052	0.09999999999990905	epochs	0.0
1537.0220003128052	0.04500000000007276	epochs	1.0
1537.0670003128052	0.009999999999990905	epochs	1.0
1537.0770003128052	0.044999999999845386	epochs	1.0
1537.122000312805	2.0	epochs	0.0
1539.122000312805	21.520240000000058	epochs	0.0
1539.122000312805	1.0	epochs	1.0
1539.122000312805	0.5	epochs	-1.0
1539.622000312805	19.99720000000002	epochs	-1.0
1540.122000312805	20.0	epochs	1.0
1540.122000312805	4.356753900000058	epochs	-1.0
1540.122000312805	1.9745872000000873	epochs	2.0
1540.122000312805	1.0985622000000603	epochs	3.0
1541.2205625128051	0.8760250000000269	epochs	3.0
1542.0965875128052	1.3524075000000266	epochs	2.0
1542.0965875128052	0.7286355000001095	epochs	3.0
1542.8252230128053	0.6237719999999172	epochs	3.0
1543.4489950128052	1.029759199999944	epochs	2.0
1543.4489950128052	0.5453293000000485	epochs	3.0
1543.9943243128052	0.4844298999998955	epochs	3.0
1544.4787542128051	0.8317862000001242	epochs	2.0
1544.4787542128051	0.4357763000000432	epochs	3.0
1544.9145305128052	0.39600990000008096	epochs	3.0
1545.3105404128053	0.6977969999998095	epochs	2.0
1545.3105404128053	0.3628982000000178	epochs	3.0
1545.6734386128053	0.33489879999979166	epochs	3.0
1546.008337412805	0.601045699999986	epochs	2.0
1546.008337412805	0.3109123000001546	epochs	3.0
1546.3192497128052	0.29013339999983145	epochs	3.0
1546.609383112805	0.5278859000000011	epochs	2.0
1546.609383112805	0.2719586000000618	epochs	3.0
1546.8813417128051	0.25592729999993935	epochs	3.0
1547.137269012805	0.4706193000001804	epochs	2.0
1547.137269012805	0.24168130000020938	epochs	3.0
1547.3789503128053	0.228937999999971	epochs	3.0
1547.6078883128052	0.42457039999999324	epochs	2.0
1547.6078883128052	0.21747140000002219	epochs	3.0
1547.8253597128053	0.20709899999997106	epochs	3.0
1548.0324587128052	0.3867353999999068	epochs	2.0
1548.0324587128052	0.19767109999997956	epochs	3.0
1548.2301298128052	0.18906429999992724	epochs	3.0
1548.4191941128051	0.35509530000013	epochs	2.0
1548.4191941128051	0.18117589999997108	epochs	3.0
1548.6003700128051	0.17391940000015893	epochs	3.0
1548.7742894128053	0.3282431000000088	epochs	2.0
1548.7742894128053	0.16722189999995862	epochs	3.0
1548.9415113128052	0.16102120000005016	epochs	3.0
1549.1025325128053	0.3051679999998669	epochs	2.0
1549.1025325128053	0.15526389999990897	epochs	3.0
1549.2577964128052	0.1499040999999579	epochs	3.0
1549.4077005128051	0.28512530000011793	epochs	2.0
1549.4077005128051	0.1449021000000812	epochs	3.0
1549.5526026128052	0.14022320000003674	epochs	3.0
1549.6928258128053	0.2675537999998596	epochs	2.0
1549.6928258128053	0.1358368999999584	epochs	3.0
1549.8286627128052	0.13171689999990122	epochs	3.0
1549.9603796128051	0.25202290000015637	epochs	2.0
1549.9603796128051	0.1278393000000051	epochs	3.0
1550.0882189128051	0.12418360000015127	epochs	3.0
1550.2124025128053	0.23819649999995818	epochs	2.0
1550.2124025128053	0.1207310999998299	epochs	3.0
1550.333133612805	0.11746540000012828	epochs	3.0
1550.4505990128052	0.22580879999986792	epochs	2.0
1550.4505990128052	0.1143718999999237	epochs	3.0
1550.5649709128052	0.11143689999994422	epochs	3.0
1550.676407812805	0.2146460000001298	epochs	2.0
1550.676407812805	0.10864890000016203	epochs	3.0
1550.7850567128053	0.10599709999996776	epochs	3.0
1550.8910538128052	0.2045349999998507	epochs	2.0
1550.8910538128052	0.1034714999998414	epochs	3.0
1550.994525312805	0.1010635000000093	epochs	3.0
1551.095588812805	0.19533400000000256	epochs	2.0
1551.095588812805	0.09876510000003691	epochs	3.0
1551.1943539128051	0.09656889999996565	epochs	3.0
1551.290922812805	0.18692529999998442	epochs	2.0
1551.290922812805	0.09446830000001682	epochs	3.0
1551.385391112805	0.09245699999996759	epochs	3.0
1551.477848112805	0.1792107000001124	epochs	2.0
1551.477848112805	0.0905296000000817	epochs	3.0
1551.5683777128052	0.08868110000003071	epochs	3.0
1551.6570588128052	0.17210769999996955	epochs	2.0
1551.6570588128052	0.08690630000000965	epochs	3.0
1551.7439651128052	0.0852013999999599	epochs	3.0
1551.8291665128052	0.16554640000003928	epochs	2.0
1551.8291665128052	0.08356189999994967	epochs	3.0
1551.912728412805	0.08198450000008961	epochs	3.0
1551.9947129128052	0.15946710000002895	epochs	2.0
1551.9947129128052	0.08046539999986635	epochs	3.0
1552.075178312805	0.0790017000001626	epochs	3.0
1552.1541800128052	0.1538183999998637	epochs	2.0
1552.1541800128052	0.07759009999995214	epochs	3.0
1552.2317701128052	0.07622829999991154	epochs	3.0
1552.307998412805	0.14855640000018866	epochs	2.0
1552.307998412805	0.07491330000016205	epochs	3.0
1552.3829117128053	0.0736431000000266	epochs	3.0
1552.4565548128053	0.1436423999998624	epochs	2.0
1552.4565548128053	0.07241499999986445	epochs	3.0
1552.5289698128051	0.07122739999999794	epochs	3.0
1552.6001972128051	0.13904309999998077	epochs	2.0
1552.6001972128051	0.07007799999996678	epochs	3.0
1552.670275212805	0.06896510000001399	epochs	3.0
1552.7392403128051	0.1347293000001173	epochs	2.0
1552.7392403128051	0.0678871000000072	epochs	3.0
1552.8071274128051	0.0668422000001101	epochs	3.0
1552.8739696128052	0.1306752000000415	epochs	2.0
1552.8739696128052	0.06582909999997355	epochs	3.0
1552.9397987128052	0.06484610000006796	epochs	3.0
1553.0046448128053	0.1268577999999252	epochs	2.0
1553.0046448128053	0.06389199999989614	epochs	3.0
1553.0685368128052	0.06296580000002905	epochs	3.0
1553.1315026128052	0.12325719999989815	epochs	2.0
1553.1315026128052	0.06206580000002759	epochs	3.0
1553.1935684128052	0.061191399999870555	epochs	3.0
1553.254759812805	0.11985540000000583	epochs	2.0
1553.254759812805	0.060341099999959624	epochs	3.0
1553.315100912805	0.059514300000046205	epochs	3.0
1553.374615212805	0.11663620000012997	epochs	2.0
1553.374615212805	0.05870960000015657	epochs	3.0
1553.4333248128053	0.057926599999973405	epochs	3.0
1553.4912514128052	0.11358559999985118	epochs	2.0
1553.4912514128052	0.05716419999998834	epochs	3.0
1553.5484156128052	0.05642139999986284	epochs	3.0
1553.604837012805	0.11069050000014613	epochs	2.0
1553.604837012805	0.055697900000041045	epochs	3.0
1553.6605349128051	0.054992600000105085	epochs	3.0
1553.7155275128052	0.10793909999983953	epochs	2.0
1553.7155275128052	0.05430490000003374	epochs	3.0
1553.7698324128053	0.05363419999980579	epochs	3.0
1553.823466612805	0.10532150000017282	epochs	2.0
1553.823466612805	0.052980000000161453	epochs	3.0
1553.8764466128052	0.052341500000011365	epochs	3.0
1553.9287881128053	0.10282759999995505	epochs	2.0
1553.9287881128053	0.05171810000001642	epochs	3.0
1553.9805062128053	0.051109499999938635	epochs	3.0
1554.0316157128052	0.10044909999987794	epochs	2.0
1554.0316157128052	0.050514900000052876	epochs	3.0
1554.0821306128053	0.04993419999982507	epochs	3.0
1554.132064812805	0.09817830000019967	epochs	2.0
1554.132064812805	0.04936659999998483	epochs	3.0
1554.181431412805	0.04881170000021484	epochs	3.0
1554.2302431128053	0.09600779999982478	epochs	2.0
1554.2302431128053	0.048269199999822376	epochs	3.0
1554.278512312805	0.04773860000000241	epochs	3.0
1554.326250912805	0.09393120000004274	epochs	2.0
1554.326250912805	0.04721949999998287	epochs	3.0
1554.373470412805	0.046711700000059864	epochs	3.0
1554.4201821128052	0.09194260000003851	epochs	2.0
1554.4201821128052	0.046214599999984785	epochs	3.0
1554.4663967128051	0.045728000000053726	epochs	3.0
1554.5121247128052	0.09003630000006524	epochs	2.0
1554.5121247128052	0.045251499999949374	epochs	3.0
1554.5573762128051	0.044784800000115865	epochs	3.0
1554.6021610128053	0.08820760000003247	epochs	2.0
1554.6021610128053	0.044327800000019124	epochs	3.0
1554.6464888128053	0.04387980000001335	epochs	3.0
1554.6903686128053	0.0864516999999978	epochs	2.0
1554.6903686128053	0.04344099999980244	epochs	3.0
1554.733809612805	0.04301070000019536	epochs	3.0
1554.7768203128053	0.08476429999996071	epochs	2.0
1554.7768203128053	0.04258899999990717	epochs	3.0
1554.8194093128052	0.04217530000005354	epochs	3.0
1554.8615846128052	0.08314150000001064	epochs	2.0
1554.8615846128052	0.04176970000003166	epochs	3.0
1554.9033543128053	0.041371799999978975	epochs	3.0
1554.9447261128053	0.08157970000002024	epochs	2.0
1554.9447261128053	0.040981399999964196	epochs	3.0
1554.9857075128052	0.04059830000005604	epochs	3.0
1555.0263058128053	0.08007549999979346	epochs	2.0
1555.0263058128053	0.04022229999986848	epochs	3.0
1555.0665281128051	0.03985319999992498	epochs	3.0
1555.106381312805	0.07862570000020241	epochs	2.0
1555.106381312805	0.039490800000066884	epochs	3.0
1555.1458721128051	0.03913490000013553	epochs	3.0
1555.1850070128053	0.07722760000001472	epochs	2.0
1555.1850070128053	0.03878539999982422	epochs	3.0
1555.223792412805	0.038442200000190496	epochs	3.0
1555.2622346128053	0.07587819999980638	epochs	2.0
1555.2622346128053	0.03810479999992822	epochs	3.0
1555.3003394128052	0.037773399999878166	epochs	3.0
1555.338112812805	0.0745752000000266	epochs	2.0
1555.338112812805	0.03744770000002973	epochs	3.0
1555.3755605128051	0.03712749999999687	epochs	3.0
1555.4126880128051	0.07331629999998768	epochs	2.0
1555.4126880128051	0.0368129000000863	epochs	3.0
1555.4495009128052	0.036503399999901376	epochs	3.0
1555.486004312805	0.07209899999998015	epochs	2.0
1555.486004312805	0.03619909999997617	epochs	3.0
1555.522203412805	0.03589990000000398	epochs	3.0
1555.558103312805	0.07092170000009901	epochs	2.0
1555.558103312805	0.03560560000005353	epochs	3.0
1555.5937089128051	0.03531610000004548	epochs	3.0
1555.6290250128052	0.06978200000003199	epochs	2.0
1555.6290250128052	0.03503120000004856	epochs	3.0
1555.6640562128052	0.03475079999998343	epochs	3.0
1555.6988070128052	0.06867859999988468	epochs	2.0
1555.6988070128052	0.03447510000000875	epochs	3.0
1555.7332821128052	0.03420349999987593	epochs	3.0
1555.767485612805	0.06760930000018561	epochs	2.0
1555.767485612805	0.033936199999970995	epochs	3.0
1555.801421812805	0.03367310000021462	epochs	3.0
1555.8350949128053	0.06657289999998284	epochs	2.0
1555.8350949128053	0.03341399999999339	epochs	3.0
1555.8685089128053	0.033158899999989444	epochs	3.0
1555.9016678128053	0.06556779999982609	epochs	2.0
1555.9016678128053	0.03290769999989607	epochs	3.0
1555.9345755128052	0.032660099999930026	epochs	3.0
1555.967235612805	0.06459259999996902	epochs	2.0
1555.967235612805	0.03241640000010193	epochs	3.0
1555.9996520128052	0.032176199999867094	epochs	3.0
1556.031828212805	0.06364600000006249	epochs	2.0
1556.031828212805	0.03193960000021434	epochs	3.0
1556.0637678128053	0.031706399999848145	epochs	3.0
1556.0954742128051	0.0627266999999847	epochs	2.0
1556.0954742128051	0.03147660000013275	epochs	3.0
1556.1269508128053	0.031250099999851955	epochs	3.0
1556.1582009128051	0.06183359999999993	epochs	2.0
1556.1582009128051	0.031026900000142632	epochs	3.0
1556.1892278128053	0.0308066999998573	epochs	3.0
1556.2200345128051	0.06096560000014506	epochs	2.0
1556.2200345128051	0.03058980000014344	epochs	3.0
1556.2506243128053	0.030375800000001618	epochs	3.0
1556.2810001128053	0.06012160000000222	epochs	2.0
1556.2810001128053	0.030164899999817862	epochs	3.0
1556.311165012805	0.029956700000184355	epochs	3.0
1556.3411217128053	0.05930069999999432	epochs	2.0
1556.3411217128053	0.029751599999826794	epochs	3.0
1556.370873312805	0.029549100000167527	epochs	3.0
1556.4004224128053	0.05850179999993088	epochs	2.0
1556.4004224128053	0.02934940000000097	epochs	3.0
1556.4297718128053	0.029152399999929912	epochs	3.0
1556.4589242128052	0.05772419999993872	epochs	2.0
1556.4589242128052	0.028958000000102402	epochs	3.0
1556.4878822128053	0.028766199999836317	epochs	3.0
1556.5166484128051	0.05696710000006533	epochs	2.0
1556.5166484128051	0.028577000000041153	epochs	3.0
1556.5452254128052	0.028390100000024177	epochs	3.0
1556.5736155128052	0.05622949999997218	epochs	2.0
1556.5736155128052	0.028205699999944045	epochs	3.0
1556.6018212128051	0.028023800000028132	epochs	3.0
1556.6298450128052	0.05551070000001346	epochs	2.0
1556.6298450128052	0.027843999999959124	epochs	3.0
1556.6576890128051	0.027666700000054334	epochs	3.0
1556.6853557128052	0.054810200000019904	epochs	2.0
1556.6853557128052	0.02749149999999645	epochs	3.0
1556.7128472128052	0.027318700000023455	epochs	3.0
1556.7401659128052	0.054126999999880354	epochs	2.0
1556.7401659128052	0.027147799999966082	epochs	3.0
1556.7673137128052	0.026979199999914272	epochs	3.0
1556.794292912805	0.05346070000018699	epochs	2.0
1556.794292912805	0.026812600000084785	epochs	3.0
1556.8211055128052	0.026648100000102204	epochs	3.0
1556.8477536128053	0.05281070000000909	epochs	2.0
1556.8477536128053	0.0264855999998872	epochs	3.0
1556.8742392128052	0.026325100000121893	epochs	3.0
1556.9005643128053	0.052176199999848905	epochs	2.0
1556.9005643128053	0.026166399999965506	epochs	3.0
1556.9267307128052	0.0260097999998834	epochs	3.0
1556.9527405128051	0.051556699999991906	epochs	2.0
1556.9527405128051	0.02585480000016105	epochs	3.0
1556.9785953128053	0.025701899999830857	epochs	3.0
1557.004297212805	0.05095189999997274	epochs	2.0
1557.004297212805	0.025550700000167126	epochs	3.0
1557.0298479128053	0.025401199999805613	epochs	3.0
1557.055249112805	0.05036100000006627	epochs	2.0
1557.055249112805	0.025253500000189888	epochs	3.0
1557.0805026128053	0.02510749999987638	epochs	3.0
1557.1056101128052	0.04978380000011384	epochs	2.0
1557.1056101128052	0.02496320000000196	epochs	3.0
1557.1305733128052	0.02482060000011188	epochs	3.0
1557.1553939128053	0.04921949999993558	epochs	2.0
1557.1553939128053	0.024679399999968155	epochs	3.0
1557.1800733128052	0.024540099999967424	epochs	3.0
1557.2046134128052	0.04866790000005494	epochs	2.0
1557.2046134128052	0.024402100000088467	epochs	3.0
1557.2290155128053	0.024265799999966475	epochs	3.0
1557.2532813128053	0.048128599999927246	epochs	2.0
1557.2532813128053	0.02413099999989754	epochs	3.0
1557.2774123128052	0.023997600000029706	epochs	3.0
1557.3014099128052	0.047601100000065344	epochs	2.0
1557.3014099128052	0.023865800000066884	epochs	3.0
1557.3252757128053	0.02373529999999846	epochs	3.0
1557.3490110128052	0.04708499999992455	epochs	2.0
1557.3490110128052	0.023606299999983094	epochs	3.0
1557.3726173128052	0.023478699999941455	epochs	3.0
1557.3960960128052	0.046579999999948996	epochs	2.0
1557.3960960128052	0.023352500000100918	epochs	3.0
1557.4194485128053	0.023227499999848078	epochs	3.0
1557.4426760128051	0.046085700000048746	epochs	2.0
1557.4426760128051	0.023104000000103042	epochs	3.0
1557.4657800128052	0.022981699999945704	epochs	3.0
1557.4887617128052	0.045601799999985815	epochs	2.0
1557.4887617128052	0.02286069999991014	epochs	3.0
1557.511622412805	0.022741100000075676	epochs	3.0
1557.5343635128052	0.04512790000012501	epochs	2.0
1557.5343635128052	0.022622500000125	epochs	3.0
1557.5569860128053	0.02250540000000001	epochs	3.0
1557.5794914128053	0.04466379999985293	epochs	2.0
1557.5794914128053	0.02238929999998618	epochs	3.0
1557.6018807128053	0.022274499999866748	epochs	3.0
1557.6241552128051	0.04420920000006845	epochs	2.0
1557.6241552128051	0.022160799999937808	epochs	3.0
1557.646316012805	0.02204840000013064	epochs	3.0
1557.6683644128052	0.04376359999992019	epochs	2.0
1557.6683644128052	0.02193689999990056	epochs	3.0
1557.690301312805	0.021826700000019628	epochs	3.0
1557.7121280128051	0.04332709999994222	epochs	2.0
1557.7121280128051	0.02171760000010181	epochs	3.0
1557.7338456128052	0.02160949999984041	epochs	3.0
1557.755455112805	0.04289900000003399	epochs	2.0
1557.755455112805	0.021502500000224245	epochs	3.0
1557.7769576128053	0.021396499999809748	epochs	3.0
1557.798354112805	0.04247950000012679	epochs	2.0
1557.798354112805	0.021291700000119818	epochs	3.0
1557.8196458128052	0.021187800000006973	epochs	3.0
1557.8408336128052	0.04206789999989269	epochs	2.0
1557.8408336128052	0.02108490000000529	epochs	3.0
1557.8619185128052	0.020982999999887397	epochs	3.0
1557.8829015128051	0.04166439999994509	epochs	2.0
1557.8829015128051	0.020882199999959994	epochs	3.0
1557.903783712805	0.020782199999985096	epochs	3.0
1557.924565912805	0.04126850000011473	epochs	2.0
1557.924565912805	0.02068330000020069	epochs	3.0
1557.9452492128053	0.02058519999991404	epochs	3.0
1557.9658344128052	0.04088000000001557	epochs	2.0
1557.9658344128052	0.020488099999965925	epochs	3.0
1557.9863225128051	0.020391900000049645	epochs	3.0
1558.0067144128052	0.04049880000002304	epochs	2.0
1558.0067144128052	0.020296599999937825	epochs	3.0
1558.0270110128051	0.020202200000085213	epochs	3.0
1558.0472132128052	0.040124599999899146	epochs	2.0
1558.0472132128052	0.02010870000003706	epochs	3.0
1558.0673219128053	0.020015899999862086	epochs	3.0
1558.0873378128051	0.03975730000001931	epochs	2.0
1558.0873378128051	0.019924200000104975	epochs	3.0
1558.1072620128052	0.01983309999991434	epochs	3.0
1558.1270951128051	0.03939669999999751	epochs	2.0
1558.1270951128051	0.01974300000006224	epochs	3.0
1558.1468381128052	0.01965369999993527	epochs	3.0
1558.1664918128051	0.03904239999997117	epochs	2.0
1558.1664918128051	0.019565100000136226	epochs	3.0
1558.1860569128053	0.01947729999983494	epochs	3.0
1558.205534212805	0.038694600000098944	epochs	2.0
1558.205534212805	0.019390400000020236	epochs	3.0
1558.2249246128051	0.01930420000007871	epochs	3.0
1558.2442288128052	0.03835290000006353	epochs	2.0
1558.2442288128052	0.019218799999862313	epochs	3.0
1558.263447612805	0.019134100000201215	epochs	3.0
1558.2825817128053	0.03801720000001296	epochs	2.0
1558.2825817128053	0.019050199999810502	epochs	3.0
1558.301631912805	0.01896700000020246	epochs	3.0
1558.3205989128053	0.03768719999993664	epochs	2.0
1558.3205989128053	0.018884499999785476	epochs	3.0
1558.339483412805	0.018802700000151162	epochs	3.0
1558.3582861128052	0.03736309999999321	epochs	2.0
1558.3582861128052	0.018721700000014607	epochs	3.0
1558.3770078128052	0.018641399999978603	epochs	3.0
1558.3956492128052	0.03704429999993408	epochs	2.0
1558.3956492128052	0.018561599999884493	epochs	3.0
1558.414210812805	0.01848270000004959	epochs	3.0
1558.4326935128051	0.036731000000145286	epochs	2.0
1558.4326935128051	0.018404299999929208	epochs	3.0
1558.451097812805	0.01832670000021608	epochs	3.0
1558.4694245128053	0.03642289999993409	epochs	2.0
1558.4694245128053	0.018249599999990096	epochs	3.0
1558.4876741128053	0.018173299999943993	epochs	3.0
1558.5058474128052	0.03612010000006194	epochs	2.0
1558.5058474128052	0.01809759999991911	epochs	3.0
1558.5239450128051	0.018022500000142827	epochs	3.0
1558.5419675128053	0.03582209999990482	epochs	2.0
1558.5419675128053	0.01794789999985369	epochs	3.0
1558.5599154128051	0.017874200000051133	epochs	3.0
1558.5777896128052	0.03552899999999681	epochs	2.0
1558.5777896128052	0.017800800000031813	epochs	3.0
1558.5955904128052	0.017728199999965	epochs	3.0
1558.6133186128052	0.03524070000003121	epochs	2.0
1558.6133186128052	0.017656100000067454	epochs	3.0
1558.6309747128053	0.017584599999963757	epochs	3.0
1558.6485593128052	0.03495709999992869	epochs	2.0
1558.6485593128052	0.017513699999881283	epochs	3.0
1558.666073012805	0.017443400000047404	epochs	3.0
1558.6835164128051	0.03467790000013338	epochs	2.0
1558.6835164128051	0.017373599999928047	epochs	3.0
1558.700890012805	0.01730430000020533	epochs	3.0
1558.7181943128053	0.03440329999989444	epochs	2.0
1558.7181943128053	0.017235699999901044	epochs	3.0
1558.7354300128052	0.0171675999999934	epochs	3.0
1558.7525976128052	0.03413279999995211	epochs	2.0
1558.7525976128052	0.01709989999994832	epochs	3.0
1558.7696975128051	0.017032900000003792	epochs	3.0
1558.7867304128051	0.03386670000008962	epochs	2.0
1558.7867304128051	0.01696640000000116	epochs	3.0
1558.8036968128051	0.016900300000088464	epochs	3.0
1558.8205971128052	0.03360459999998966	epochs	2.0
1558.8205971128052	0.01683479999996962	epochs	3.0
1558.8374319128052	0.01676980000002004	epochs	3.0
1558.8542017128052	0.033346599999958926	epochs	2.0
1558.8542017128052	0.016705300000012357	epochs	3.0
1558.8709070128052	0.01664129999994657	epochs	3.0
1558.8875483128052	0.03309250000006614	epochs	2.0
1558.8875483128052	0.016577800000050047	epochs	3.0
1558.9041261128052	0.01651470000001609	epochs	3.0
1558.9206408128052	0.03284229999985655	epochs	2.0
1558.9206408128052	0.01645220000000336	epochs	3.0
1558.9370930128052	0.01639009999985319	epochs	3.0
1558.953483112805	0.03259570000000167	epochs	2.0
1558.953483112805	0.016328400000020338	epochs	3.0
1558.969811512805	0.016267299999981333	epochs	3.0
1558.986078812805	0.032352899999978035	epochs	2.0
1558.986078812805	0.016206600000032267	epochs	3.0
1559.0022854128051	0.016146299999945768	epochs	3.0
1559.018431712805	0.032113700000081735	epochs	2.0
1559.018431712805	0.016086600000107865	epochs	3.0
1559.0345183128052	0.01602709999997387	epochs	3.0
1559.0505454128051	0.03187800000000607	epochs	2.0
1559.0505454128051	0.015968200000088473	epochs	3.0
1559.0665136128052	0.015909799999917595	epochs	3.0
1559.0824234128052	0.03164570000012645	epochs	2.0
1559.0824234128052	0.015851599999905375	epochs	3.0
1559.098275012805	0.01579410000022108	epochs	3.0
1559.1140691128053	0.031416699999908815	epochs	2.0
1559.1140691128053	0.01573669999993399	epochs	3.0
1559.1298058128052	0.015679999999974825	epochs	3.0
1559.1454858128052	0.03119109999988723	epochs	2.0
1559.1454858128052	0.015623600000026272	epochs	3.0
1559.1611094128052	0.015567499999860956	epochs	3.0
1559.176676912805	0.03096870000013041	epochs	2.0
1559.176676912805	0.01551200000017161	epochs	3.0
1559.1921889128052	0.0154566999999588	epochs	3.0
1559.2076456128052	0.030749499999956242	epochs	2.0
1559.2076456128052	0.015401999999994587	epochs	3.0
1559.2230476128052	0.015347499999961656	epochs	3.0
1559.2383951128052	0.03053320000003623	epochs	2.0
1559.2383951128052	0.015293400000018664	epochs	3.0
1559.2536885128052	0.015239800000017567	epochs	3.0
1559.2689283128052	0.030320099999926242	epochs	2.0
1559.2689283128052	0.015186500000027081	epochs	3.0
1559.2841148128052	0.015133599999899161	epochs	3.0
1559.2992484128051	0.03010990000007041	epochs	2.0
1559.2992484128051	0.015081000000009226	epochs	3.0
1559.3143294128051	0.015028900000061185	epochs	3.0
1559.3293583128052	0.029902499999934662	epochs	2.0
1559.3293583128052	0.014977000000044427	epochs	3.0
1559.3443353128052	0.014925499999890235	epochs	3.0
1559.3592608128051	0.0296981000001324	epochs	2.0
1559.3592608128051	0.014874400000053356	epochs	3.0
1559.3741352128052	0.014823700000079043	epochs	3.0
1559.3889589128053	0.029496299999891562	epochs	2.0
1559.3889589128053	0.01477319999980864	epochs	3.0
1559.403732112805	0.014723100000082923	epochs	3.0
1559.4184552128052	0.029297400000132257	epochs	2.0
1559.4184552128052	0.014673399999992398	epochs	3.0
1559.4331286128051	0.014624000000139858	epochs	3.0
1559.4477526128053	0.029101099999934377	epochs	2.0
1559.4477526128053	0.014574899999843183	epochs	3.0
1559.4623275128051	0.014526200000091194	epochs	3.0
1559.4768537128052	0.028907399999980044	epochs	2.0
1559.4768537128052	0.014477700000043114	epochs	3.0
1559.4913314128053	0.014429699999936929	epochs	3.0
1559.5057611128052	0.028716199999962555	epochs	2.0
1559.5057611128052	0.014381799999910072	epochs	3.0
1559.520142912805	0.014334400000052483	epochs	3.0
1559.5344773128052	0.02852759999996124	epochs	2.0
1559.5344773128052	0.014287199999898803	epochs	3.0
1559.548764512805	0.014240400000062436	epochs	3.0
1559.5630049128051	0.028341400000044814	epochs	2.0
1559.5630049128051	0.014193800000157353	epochs	3.0
1559.5771987128053	0.014147599999887461	epochs	3.0
1559.5913463128052	0.028157700000065233	epochs	2.0
1559.5913463128052	0.014101700000082928	epochs	3.0
1559.6054480128053	0.014055999999982305	epochs	3.0
1559.6195040128052	0.02797629999986384	epochs	2.0
1559.6195040128052	0.014010599999892293	epochs	3.0
1559.6335146128051	0.013965699999971548	epochs	3.0
1559.647480312805	0.027797200000122757	epochs	2.0
1559.647480312805	0.013920800000050804	epochs	3.0
1559.6614011128052	0.013876400000071953	epochs	3.0
1559.6752775128052	0.027620399999932488	epochs	2.0
1559.6752775128052	0.013832200000024386	epochs	3.0
1559.6891097128052	0.013788199999908102	epochs	3.0
1559.7028979128052	0.027445899999975154	epochs	2.0
1559.7028979128052	0.01374460000010913	epochs	3.0
1559.7166425128053	0.013701299999866023	epochs	3.0
1559.7303438128051	0.0272735000000921	epochs	2.0
1559.7303438128051	0.013658200000008947	epochs	3.0
1559.7440020128051	0.013615300000083153	epochs	3.0
1559.7576173128052	0.027103399999987232	epochs	2.0
1559.7576173128052	0.013572800000019924	epochs	3.0
1559.7711901128052	0.013530599999967308	epochs	3.0
1559.7847207128052	0.02693520000002536	epochs	2.0
1559.7847207128052	0.01348839999991469	epochs	3.0
1559.7982091128051	0.01344680000011067	epochs	3.0
1559.8116559128052	0.026769199999989723	epochs	2.0
1559.8116559128052	0.013405199999851902	epochs	3.0
1559.825061112805	0.013364000000137821	epochs	3.0
1559.8384251128052	0.026605199999949036	epochs	2.0
1559.8384251128052	0.013322900000048321	epochs	3.0
1559.8517480128053	0.013282299999900715	epochs	3.0
1559.8650303128052	0.0264431999999033	epochs	2.0
1559.8650303128052	0.013241699999980483	epochs	3.0
1559.8782720128052	0.013201499999922817	epochs	3.0
1559.891473512805	0.026283200000079887	epochs	2.0
1559.891473512805	0.013161500000023807	epochs	3.0
1559.904635012805	0.01312170000005608	epochs	3.0
1559.9177567128052	0.02612500000009277	epochs	2.0
1559.9177567128052	0.013082100000019636	epochs	3.0
1559.9308388128052	0.013042900000073132	epochs	3.0
1559.9438817128053	0.025968899999952555	epochs	2.0
1559.9438817128053	0.013003899999830537	epochs	3.0
1559.956885612805	0.012965000000122018	epochs	3.0
1559.9698506128052	0.025814500000024054	epochs	2.0
1559.9698506128052	0.012926399999969362	epochs	3.0
1559.9827770128052	0.012888100000054692	epochs	3.0
1559.9956651128052	0.025661899999931848	epochs	2.0
1559.9956651128052	0.012849899999991976	epochs	3.0
1560.0085150128052	0.012811999999939871	epochs	3.0
1560.0213270128052	0.025511199999982637	epochs	2.0
1560.0213270128052	0.012774400000125752	epochs	3.0
1560.0341014128053	0.012736799999856885	epochs	3.0
1560.0468382128051	0.025362300000097093	epochs	2.0
1560.0468382128051	0.01269969999998466	epochs	3.0
1560.0595379128051	0.012662600000112434	epochs	3.0
1560.0722005128052	0.025214999999889187	epochs	2.0
1560.0722005128052	0.012625800000023446	epochs	3.0
1560.0848263128053	0.012589199999865741	epochs	3.0
1560.0974155128051	0.024584799999956886	epochs	2.0
1560.119200312805	0.5	epochs	-1.0
1560.122000312805	0.520240000000058	epochs	1.0
1560.6422403128051	0.479680000000144	epochs	0.0
1594.4810004234314	0.09999999999990905	epochs	0.0
1594.4810004234314	0.04500000000007276	epochs	1.0
1594.5260004234315	0.009999999999990905	epochs	1.0
1594.5360004234315	0.044999999999845386	epochs	1.0
1594.5810004234313	2.0	epochs	0.0
1596.5810004234313	5.39984000000004	epochs	0.0
1596.5810004234313	1.0	epochs	1.0
1596.5810004234313	0.5	epochs	-1.0
1597.0810004234313	4.89984000000004	epochs	-1.0
1597.5810004234313	4.39984000000004	epochs	1.0
1597.5810004234313	4.356753900000058	epochs	-1.0
1597.5810004234313	1.9745872000000873	epochs	2.0
1597.5810004234313	1.0985622000000603	epochs	3.0
1598.6795626234314	0.8760250000000269	epochs	3.0
1599.5555876234314	1.3524075000000266	epochs	2.0
1599.5555876234314	0.7286355000001095	epochs	3.0
1600.2842231234315	0.6237719999999172	epochs	3.0
1600.9079951234314	1.029759199999944	epochs	2.0
1600.9079951234314	0.5453293000000485	epochs	3.0
1601.4533244234315	0.4844298999998955	epochs	3.0
1601.9377543234314	0.04308609999998225	epochs	2.0
1601.9377543234314	0.04308609999998225	epochs	3.0
1601.9808404234313	16.600080000000162	epochs	0.0
1604.6370000839233	0.09999999999990905	epochs	0.0
1604.6370000839233	0.04500000000007276	epochs	1.0
1604.6820000839234	0.009999999999990905	epochs	1.0
1604.6920000839234	0.044999999999845386	epochs	1.0
1604.7370000839232	2.0	epochs	0.0
1606.7370000839232	21.519680000000108	epochs	0.0
1606.7370000839232	1.0	epochs	1.0
1606.7370000839232	0.5	epochs	-1.0
1607.2370000839232	19.993760000000066	epochs	-1.0
1607.7370000839232	20.0	epochs	1.0
1607.7370000839232	4.356753900000058	epochs	-1.0
1607.7370000839232	1.9745872000000873	epochs	2.0
1607.7370000839232	1.0985622000000603	epochs	3.0
1608.8355622839233	0.8760250000000269	epochs	3.0
1609.7115872839233	1.3524075000000266	epochs	2.0
1609.7115872839233	0.7286355000001095	epochs	3.0
1610.4402227839234	0.6237719999999172	epochs	3.0
1611.0639947839234	1.029759199999944	epochs	2.0
1611.0639947839234	0.5453293000000485	epochs	3.0
1611.6093240839234	0.4844298999998955	epochs	3.0
1612.0937539839233	0.8317862000001242	epochs	2.0
1612.0937539839233	0.4357763000000432	epochs	3.0
1612.5295302839233	0.39600990000008096	epochs	3.0
1612.9255401839234	0.6977969999998095	epochs	2.0
1612.9255401839234	0.3628982000000178	epochs	3.0
1613.2884383839234	0.33489879999979166	epochs	3.0
1613.6233371839232	0.601045699999986	epochs	2.0
1613.6233371839232	0.3109123000001546	epochs	3.0
1613.9342494839234	0.29013339999983145	epochs	3.0
1614.2243828839232	0.5278859000000011	epochs	2.0
1614.2243828839232	0.2719586000000618	epochs	3.0
1614.4963414839233	0.25592729999993935	epochs	3.0
1614.7522687839232	0.4706193000001804	epochs	2.0
1614.7522687839232	0.24168130000020938	epochs	3.0
1614.9939500839234	0.228937999999971	epochs	3.0
1615.2228880839234	0.42457039999999324	epochs	2.0
1615.2228880839234	0.21747140000002219	epochs	3.0
1615.4403594839234	0.20709899999997106	epochs	3.0
1615.6474584839234	0.3867353999999068	epochs	2.0
1615.6474584839234	0.19767109999997956	epochs	3.0
1615.8451295839234	0.18906429999992724	epochs	3.0
1616.0341938839233	0.35509530000013	epochs	2.0
1616.0341938839233	0.18117589999997108	epochs	3.0
1616.2153697839233	0.17391940000015893	epochs	3.0
1616.3892891839234	0.3282431000000088	epochs	2.0
1616.3892891839234	0.16722189999995862	epochs	3.0
1616.5565110839234	0.16102120000005016	epochs	3.0
1616.7175322839234	0.3051679999998669	epochs	2.0
1616.7175322839234	0.15526389999990897	epochs	3.0
1616.8727961839234	0.1499040999999579	epochs	3.0
1617.0227002839233	0.28512530000011793	epochs	2.0
1617.0227002839233	0.1449021000000812	epochs	3.0
1617.1676023839234	0.14022320000003674	epochs	3.0
1617.3078255839234	0.2675537999998596	epochs	2.0
1617.3078255839234	0.1358368999999584	epochs	3.0
1617.4436624839234	0.13171689999990122	epochs	3.0
1617.5753793839233	0.25202290000015637	epochs	2.0
1617.5753793839233	0.1278393000000051	epochs	3.0
1617.7032186839233	0.12418360000015127	epochs	3.0
1617.8274022839234	0.23819649999995818	epochs	2.0
1617.8274022839234	0.1207310999998299	epochs	3.0
1617.9481333839233	0.11746540000012828	epochs	3.0
1618.0655987839234	0.22580879999986792	epochs	2.0
1618.0655987839234	0.1143718999999237	epochs	3.0
1618.1799706839233	0.11143689999994422	epochs	3.0
1618.2914075839233	0.2146460000001298	epochs	2.0
1618.2914075839233	0.10864890000016203	epochs	3.0
1618.4000564839234	0.10599709999996776	epochs	3.0
1618.5060535839234	0.2045349999998507	epochs	2.0
1618.5060535839234	0.1034714999998414	epochs	3.0
1618.6095250839232	0.1010635000000093	epochs	3.0
1618.7105885839233	0.19533400000000256	epochs	2.0
1618.7105885839233	0.09876510000003691	epochs	3.0
1618.8093536839233	0.09656889999996565	epochs	3.0
1618.9059225839233	0.18692529999998442	epochs	2.0
1618.9059225839233	0.09446830000001682	epochs	3.0
1619.0003908839233	0.09245699999996759	epochs	3.0
1619.0928478839232	0.1792107000001124	epochs	2.0
1619.0928478839232	0.0905296000000817	epochs	3.0
1619.1833774839233	0.08868110000003071	epochs	3.0
1619.2720585839234	0.17210769999996955	epochs	2.0
1619.2720585839234	0.08690630000000965	epochs	3.0
1619.3589648839234	0.0852013999999599	epochs	3.0
1619.4441662839233	0.16554640000003928	epochs	2.0
1619.4441662839233	0.08356189999994967	epochs	3.0
1619.5277281839233	0.08198450000008961	epochs	3.0
1619.6097126839234	0.15946710000002895	epochs	2.0
1619.6097126839234	0.08046539999986635	epochs	3.0
1619.6901780839232	0.0790017000001626	epochs	3.0
1619.7691797839234	0.1538183999998637	epochs	2.0
1619.7691797839234	0.07759009999995214	epochs	3.0
1619.8467698839233	0.07622829999991154	epochs	3.0
1619.9229981839233	0.14855640000018866	epochs	2.0
1619.9229981839233	0.07491330000016205	epochs	3.0
1619.9979114839234	0.0736431000000266	epochs	3.0
1620.0715545839234	0.1436423999998624	epochs	2.0
1620.0715545839234	0.07241499999986445	epochs	3.0
1620.1439695839233	0.07122739999999794	epochs	3.0
1620.2151969839233	0.13904309999998077	epochs	2.0
1620.2151969839233	0.07007799999996678	epochs	3.0
1620.2852749839233	0.06896510000001399	epochs	3.0
1620.3542400839233	0.1347293000001173	epochs	2.0
1620.3542400839233	0.0678871000000072	epochs	3.0
1620.4221271839233	0.0668422000001101	epochs	3.0
1620.4889693839234	0.1306752000000415	epochs	2.0
1620.4889693839234	0.06582909999997355	epochs	3.0
1620.5547984839234	0.06484610000006796	epochs	3.0
1620.6196445839234	0.1268577999999252	epochs	2.0
1620.6196445839234	0.06389199999989614	epochs	3.0
1620.6835365839233	0.06296580000002905	epochs	3.0
1620.7465023839234	0.12325719999989815	epochs	2.0
1620.7465023839234	0.06206580000002759	epochs	3.0
1620.8085681839234	0.061191399999870555	epochs	3.0
1620.8697595839233	0.11985540000000583	epochs	2.0
1620.8697595839233	0.060341099999959624	epochs	3.0
1620.9301006839232	0.059514300000046205	epochs	3.0
1620.9896149839233	0.11663620000012997	epochs	2.0
1620.9896149839233	0.05870960000015657	epochs	3.0
1621.0483245839234	0.057926599999973405	epochs	3.0
1621.1062511839234	0.11358559999985118	epochs	2.0
1621.1062511839234	0.05716419999998834	epochs	3.0
1621.1634153839234	0.05642139999986284	epochs	3.0
1621.2198367839233	0.11069050000014613	epochs	2.0
1621.2198367839233	0.055697900000041045	epochs	3.0
1621.2755346839233	0.054992600000105085	epochs	3.0
1621.3305272839234	0.10793909999983953	epochs	2.0
1621.3305272839234	0.05430490000003374	epochs	3.0
1621.3848321839234	0.05363419999980579	epochs	3.0
1621.4384663839232	0.10532150000017282	epochs	2.0
1621.4384663839232	0.052980000000161453	epochs	3.0
1621.4914463839234	0.052341500000011365	epochs	3.0
1621.5437878839234	0.10282759999995505	epochs	2.0
1621.5437878839234	0.05171810000001642	epochs	3.0
1621.5955059839234	0.051109499999938635	epochs	3.0
1621.6466154839234	0.10044909999987794	epochs	2.0
1621.6466154839234	0.050514900000052876	epochs	3.0
1621.6971303839234	0.04993419999982507	epochs	3.0
1621.7470645839232	0.09817830000019967	epochs	2.0
1621.7470645839232	0.04936659999998483	epochs	3.0
1621.7964311839232	0.04881170000021484	epochs	3.0
1621.8452428839234	0.09600779999982478	epochs	2.0
1621.8452428839234	0.048269199999822376	epochs	3.0
1621.8935120839233	0.04773860000000241	epochs	3.0
1621.9412506839233	0.09393120000004274	epochs	2.0
1621.9412506839233	0.04721949999998287	epochs	3.0
1621.9884701839233	0.046711700000059864	epochs	3.0
1622.0351818839233	0.09194260000003851	epochs	2.0
1622.0351818839233	0.046214599999984785	epochs	3.0
1622.0813964839233	0.045728000000053726	epochs	3.0
1622.1271244839234	0.09003630000006524	epochs	2.0
1622.1271244839234	0.045251499999949374	epochs	3.0
1622.1723759839233	0.044784800000115865	epochs	3.0
1622.2171607839234	0.08820760000003247	epochs	2.0
1622.2171607839234	0.044327800000019124	epochs	3.0
1622.2614885839234	0.04387980000001335	epochs	3.0
1622.3053683839235	0.0864516999999978	epochs	2.0
1622.3053683839235	0.04344099999980244	epochs	3.0
1622.3488093839233	0.04301070000019536	epochs	3.0
1622.3918200839234	0.08476429999996071	epochs	2.0
1622.3918200839234	0.04258899999990717	epochs	3.0
1622.4344090839234	0.04217530000005354	epochs	3.0
1622.4765843839234	0.08314150000001064	epochs	2.0
1622.4765843839234	0.04176970000003166	epochs	3.0
1622.5183540839234	0.041371799999978975	epochs	3.0
1622.5597258839234	0.08157970000002024	epochs	2.0
1622.5597258839234	0.040981399999964196	epochs	3.0
1622.6007072839234	0.04059830000005604	epochs	3.0
1622.6413055839234	0.08007549999979346	epochs	2.0
1622.6413055839234	0.04022229999986848	epochs	3.0
1622.6815278839233	0.03985319999992498	epochs	3.0
1622.7213810839232	0.07862570000020241	epochs	2.0
1622.7213810839232	0.039490800000066884	epochs	3.0
1622.7608718839233	0.03913490000013553	epochs	3.0
1622.8000067839234	0.07722760000001472	epochs	2.0
1622.8000067839234	0.03878539999982422	epochs	3.0
1622.8387921839233	0.038442200000190496	epochs	3.0
1622.8772343839235	0.07587819999980638	epochs	2.0
1622.8772343839235	0.03810479999992822	epochs	3.0
1622.9153391839234	0.037773399999878166	epochs	3.0
1622.9531125839233	0.0745752000000266	epochs	2.0
1622.9531125839233	0.03744770000002973	epochs	3.0
1622.9905602839233	0.03712749999999687	epochs	3.0
1623.0276877839233	0.07331629999998768	epochs	2.0
1623.0276877839233	0.0368129000000863	epochs	3.0
1623.0645006839234	0.036503399999901376	epochs	3.0
1623.1010040839233	0.07209899999998015	epochs	2.0
1623.1010040839233	0.03619909999997617	epochs	3.0
1623.1372031839232	0.03589990000000398	epochs	3.0
1623.1731030839233	0.07092170000009901	epochs	2.0
1623.1731030839233	0.03560560000005353	epochs	3.0
1623.2087086839233	0.03531610000004548	epochs	3.0
1623.2440247839234	0.06978200000003199	epochs	2.0
1623.2440247839234	0.03503120000004856	epochs	3.0
1623.2790559839234	0.03475079999998343	epochs	3.0
1623.3138067839234	0.06867859999988468	epochs	2.0
1623.3138067839234	0.03447510000000875	epochs	3.0
1623.3482818839234	0.03420349999987593	epochs	3.0
1623.3824853839233	0.06760930000018561	epochs	2.0
1623.3824853839233	0.033936199999970995	epochs	3.0
1623.4164215839232	0.03367310000021462	epochs	3.0
1623.4500946839235	0.06657289999998284	epochs	2.0
1623.4500946839235	0.03341399999999339	epochs	3.0
1623.4835086839234	0.033158899999989444	epochs	3.0
1623.5166675839234	0.06556779999982609	epochs	2.0
1623.5166675839234	0.03290769999989607	epochs	3.0
1623.5495752839233	0.032660099999930026	epochs	3.0
1623.5822353839233	0.06459259999996902	epochs	2.0
1623.5822353839233	0.03241640000010193	epochs	3.0
1623.6146517839234	0.032176199999867094	epochs	3.0
1623.6468279839232	0.06364600000006249	epochs	2.0
1623.6468279839232	0.03193960000021434	epochs	3.0
1623.6787675839234	0.031706399999848145	epochs	3.0
1623.7104739839233	0.0627266999999847	epochs	2.0
1623.7104739839233	0.03147660000013275	epochs	3.0
1623.7419505839234	0.031250099999851955	epochs	3.0
1623.7732006839233	0.06183359999999993	epochs	2.0
1623.7732006839233	0.031026900000142632	epochs	3.0
1623.8042275839234	0.0308066999998573	epochs	3.0
1623.8350342839233	0.06096560000014506	epochs	2.0
1623.8350342839233	0.03058980000014344	epochs	3.0
1623.8656240839234	0.030375800000001618	epochs	3.0
1623.8959998839234	0.06012160000000222	epochs	2.0
1623.8959998839234	0.030164899999817862	epochs	3.0
1623.9261647839232	0.029956700000184355	epochs	3.0
1623.9561214839234	0.05930069999999432	epochs	2.0
1623.9561214839234	0.029751599999826794	epochs	3.0
1623.9858730839233	0.029549100000167527	epochs	3.0
1624.0154221839234	0.05850179999993088	epochs	2.0
1624.0154221839234	0.02934940000000097	epochs	3.0
1624.0447715839234	0.029152399999929912	epochs	3.0
1624.0739239839234	0.05772419999993872	epochs	2.0
1624.0739239839234	0.028958000000102402	epochs	3.0
1624.1028819839235	0.028766199999836317	epochs	3.0
1624.1316481839233	0.05696710000006533	epochs	2.0
1624.1316481839233	0.028577000000041153	epochs	3.0
1624.1602251839233	0.028390100000024177	epochs	3.0
1624.1886152839234	0.05622949999997218	epochs	2.0
1624.1886152839234	0.028205699999944045	epochs	3.0
1624.2168209839233	0.028023800000028132	epochs	3.0
1624.2448447839233	0.05551070000001346	epochs	2.0
1624.2448447839233	0.027843999999959124	epochs	3.0
1624.2726887839233	0.027666700000054334	epochs	3.0
1624.3003554839233	0.054810200000019904	epochs	2.0
1624.3003554839233	0.02749149999999645	epochs	3.0
1624.3278469839233	0.027318700000023455	epochs	3.0
1624.3551656839234	0.054126999999880354	epochs	2.0
1624.3551656839234	0.027147799999966082	epochs	3.0
1624.3823134839233	0.026979199999914272	epochs	3.0
1624.4092926839232	0.05346070000018699	epochs	2.0
1624.4092926839232	0.026812600000084785	epochs	3.0
1624.4361052839233	0.026648100000102204	epochs	3.0
1624.4627533839234	0.05281070000000909	epochs	2.0
1624.4627533839234	0.0264855999998872	epochs	3.0
1624.4892389839233	0.026325100000121893	epochs	3.0
1624.5155640839234	0.052176199999848905	epochs	2.0
1624.5155640839234	0.026166399999965506	epochs	3.0
1624.5417304839234	0.0260097999998834	epochs	3.0
1624.5677402839233	0.051556699999991906	epochs	2.0
1624.5677402839233	0.02585480000016105	epochs	3.0
1624.5935950839234	0.025701899999830857	epochs	3.0
1624.6192969839233	0.05095189999997274	epochs	2.0
1624.6192969839233	0.025550700000167126	epochs	3.0
1624.6448476839234	0.025401199999805613	epochs	3.0
1624.6702488839233	0.05036100000006627	epochs	2.0
1624.6702488839233	0.025253500000189888	epochs	3.0
1624.6955023839234	0.02510749999987638	epochs	3.0
1624.7206098839233	0.04978380000011384	epochs	2.0
1624.7206098839233	0.02496320000000196	epochs	3.0
1624.7455730839233	0.02482060000011188	epochs	3.0
1624.7703936839234	0.04921949999993558	epochs	2.0
1624.7703936839234	0.024679399999968155	epochs	3.0
1624.7950730839234	0.024540099999967424	epochs	3.0
1624.8196131839234	0.04866790000005494	epochs	2.0
1624.8196131839234	0.024402100000088467	epochs	3.0
1624.8440152839235	0.024265799999966475	epochs	3.0
1624.8682810839234	0.048128599999927246	epochs	2.0
1624.8682810839234	0.02413099999989754	epochs	3.0
1624.8924120839233	0.023997600000029706	epochs	3.0
1624.9164096839233	0.047601100000065344	epochs	2.0
1624.9164096839233	0.023865800000066884	epochs	3.0
1624.9402754839234	0.02373529999999846	epochs	3.0
1624.9640107839234	0.04708499999992455	epochs	2.0
1624.9640107839234	0.023606299999983094	epochs	3.0
1624.9876170839234	0.023478699999941455	epochs	3.0
1625.0110957839233	0.046579999999948996	epochs	2.0
1625.0110957839233	0.023352500000100918	epochs	3.0
1625.0344482839234	0.023227499999848078	epochs	3.0
1625.0576757839233	0.046085700000048746	epochs	2.0
1625.0576757839233	0.023104000000103042	epochs	3.0
1625.0807797839234	0.022981699999945704	epochs	3.0
1625.1037614839233	0.045601799999985815	epochs	2.0
1625.1037614839233	0.02286069999991014	epochs	3.0
1625.1266221839232	0.022741100000075676	epochs	3.0
1625.1493632839233	0.04512790000012501	epochs	2.0
1625.1493632839233	0.022622500000125	epochs	3.0
1625.1719857839234	0.02250540000000001	epochs	3.0
1625.1944911839234	0.04466379999985293	epochs	2.0
1625.1944911839234	0.02238929999998618	epochs	3.0
1625.2168804839234	0.022274499999866748	epochs	3.0
1625.2391549839233	0.04420920000006845	epochs	2.0
1625.2391549839233	0.022160799999937808	epochs	3.0
1625.2613157839232	0.02204840000013064	epochs	3.0
1625.2833641839234	0.04376359999992019	epochs	2.0
1625.2833641839234	0.02193689999990056	epochs	3.0
1625.3053010839233	0.021826700000019628	epochs	3.0
1625.3271277839233	0.04332709999994222	epochs	2.0
1625.3271277839233	0.02171760000010181	epochs	3.0
1625.3488453839234	0.02160949999984041	epochs	3.0
1625.3704548839232	0.04289900000003399	epochs	2.0
1625.3704548839232	0.021502500000224245	epochs	3.0
1625.3919573839235	0.021396499999809748	epochs	3.0
1625.4133538839233	0.04247950000012679	epochs	2.0
1625.4133538839233	0.021291700000119818	epochs	3.0
1625.4346455839234	0.021187800000006973	epochs	3.0
1625.4558333839234	0.04206789999989269	epochs	2.0
1625.4558333839234	0.02108490000000529	epochs	3.0
1625.4769182839234	0.020982999999887397	epochs	3.0
1625.4979012839233	0.04166439999994509	epochs	2.0
1625.4979012839233	0.020882199999959994	epochs	3.0
1625.5187834839232	0.020782199999985096	epochs	3.0
1625.5395656839232	0.04126850000011473	epochs	2.0
1625.5395656839232	0.02068330000020069	epochs	3.0
1625.5602489839234	0.02058519999991404	epochs	3.0
1625.5808341839233	0.04088000000001557	epochs	2.0
1625.5808341839233	0.020488099999965925	epochs	3.0
1625.6013222839233	0.020391900000049645	epochs	3.0
1625.6217141839234	0.04049880000002304	epochs	2.0
1625.6217141839234	0.020296599999937825	epochs	3.0
1625.6420107839233	0.020202200000085213	epochs	3.0
1625.6622129839234	0.040124599999899146	epochs	2.0
1625.6622129839234	0.02010870000003706	epochs	3.0
1625.6823216839234	0.020015899999862086	epochs	3.0
1625.7023375839233	0.03975730000001931	epochs	2.0
1625.7023375839233	0.019924200000104975	epochs	3.0
1625.7222617839234	0.01983309999991434	epochs	3.0
1625.7420948839233	0.03939669999999751	epochs	2.0
1625.7420948839233	0.01974300000006224	epochs	3.0
1625.7618378839234	0.01965369999993527	epochs	3.0
1625.7814915839233	0.03904239999997117	epochs	2.0
1625.7814915839233	0.019565100000136226	epochs	3.0
1625.8010566839234	0.01947729999983494	epochs	3.0
1625.8205339839233	0.038694600000098944	epochs	2.0
1625.8205339839233	0.019390400000020236	epochs	3.0
1625.8399243839233	0.01930420000007871	epochs	3.0
1625.8592285839234	0.03835290000006353	epochs	2.0
1625.8592285839234	0.019218799999862313	epochs	3.0
1625.8784473839232	0.019134100000201215	epochs	3.0
1625.8975814839234	0.03801720000001296	epochs	2.0
1625.8975814839234	0.019050199999810502	epochs	3.0
1625.9166316839232	0.01896700000020246	epochs	3.0
1625.9355986839234	0.03768719999993664	epochs	2.0
1625.9355986839234	0.018884499999785476	epochs	3.0
1625.9544831839232	0.018802700000151162	epochs	3.0
1625.9732858839234	0.03736309999999321	epochs	2.0
1625.9732858839234	0.018721700000014607	epochs	3.0
1625.9920075839234	0.018641399999978603	epochs	3.0
1626.0106489839234	0.03704429999993408	epochs	2.0
1626.0106489839234	0.018561599999884493	epochs	3.0
1626.0292105839233	0.01848270000004959	epochs	3.0
1626.0476932839233	0.036731000000145286	epochs	2.0
1626.0476932839233	0.018404299999929208	epochs	3.0
1626.0660975839232	0.01832670000021608	epochs	3.0
1626.0844242839235	0.03642289999993409	epochs	2.0
1626.0844242839235	0.018249599999990096	epochs	3.0
1626.1026738839234	0.018173299999943993	epochs	3.0
1626.1208471839234	0.03612010000006194	epochs	2.0
1626.1208471839234	0.01809759999991911	epochs	3.0
1626.1389447839233	0.018022500000142827	epochs	3.0
1626.1569672839234	0.03582209999990482	epochs	2.0
1626.1569672839234	0.01794789999985369	epochs	3.0
1626.1749151839233	0.017874200000051133	epochs	3.0
1626.1927893839234	0.03552899999999681	epochs	2.0
1626.1927893839234	0.017800800000031813	epochs	3.0
1626.2105901839234	0.017728199999965	epochs	3.0
1626.2283183839234	0.03524070000003121	epochs	2.0
1626.2283183839234	0.017656100000067454	epochs	3.0
1626.2459744839234	0.017584599999963757	epochs	3.0
1626.2635590839234	0.03495709999992869	epochs	2.0
1626.2635590839234	0.017513699999881283	epochs	3.0
1626.2810727839233	0.017443400000047404	epochs	3.0
1626.2985161839233	0.03467790000013338	epochs	2.0
1626.2985161839233	0.017373599999928047	epochs	3.0
1626.3158897839232	0.01730430000020533	epochs	3.0
1626.3331940839234	0.03440329999989444	epochs	2.0
1626.3331940839234	0.017235699999901044	epochs	3.0
1626.3504297839233	0.0171675999999934	epochs	3.0
1626.3675973839233	0.03413279999995211	epochs	2.0
1626.3675973839233	0.01709989999994832	epochs	3.0
1626.3846972839233	0.017032900000003792	epochs	3.0
1626.4017301839233	0.03386670000008962	epochs	2.0
1626.4017301839233	0.01696640000000116	epochs	3.0
1626.4186965839233	0.016900300000088464	epochs	3.0
1626.4355968839234	0.03360459999998966	epochs	2.0
1626.4355968839234	0.01683479999996962	epochs	3.0
1626.4524316839234	0.01676980000002004	epochs	3.0
1626.4692014839234	0.033346599999958926	epochs	2.0
1626.4692014839234	0.016705300000012357	epochs	3.0
1626.4859067839234	0.01664129999994657	epochs	3.0
1626.5025480839233	0.03309250000006614	epochs	2.0
1626.5025480839233	0.016577800000050047	epochs	3.0
1626.5191258839234	0.01651470000001609	epochs	3.0
1626.5356405839234	0.03284229999985655	epochs	2.0
1626.5356405839234	0.01645220000000336	epochs	3.0
1626.5520927839234	0.01639009999985319	epochs	3.0
1626.5684828839233	0.03259570000000167	epochs	2.0
1626.5684828839233	0.016328400000020338	epochs	3.0
1626.5848112839233	0.016267299999981333	epochs	3.0
1626.6010785839233	0.032352899999978035	epochs	2.0
1626.6010785839233	0.016206600000032267	epochs	3.0
1626.6172851839233	0.016146299999945768	epochs	3.0
1626.6334314839232	0.032113700000081735	epochs	2.0
1626.6334314839232	0.016086600000107865	epochs	3.0
1626.6495180839233	0.01602709999997387	epochs	3.0
1626.6655451839233	0.03187800000000607	epochs	2.0
1626.6655451839233	0.015968200000088473	epochs	3.0
1626.6815133839234	0.015909799999917595	epochs	3.0
1626.6974231839233	0.03164570000012645	epochs	2.0
1626.6974231839233	0.015851599999905375	epochs	3.0
1626.7132747839232	0.01579410000022108	epochs	3.0
1626.7290688839234	0.031416699999908815	epochs	2.0
1626.7290688839234	0.01573669999993399	epochs	3.0
1626.7448055839234	0.015679999999974825	epochs	3.0
1626.7604855839234	0.03119109999988723	epochs	2.0
1626.7604855839234	0.015623600000026272	epochs	3.0
1626.7761091839234	0.015567499999860956	epochs	3.0
1626.7916766839232	0.03096870000013041	epochs	2.0
1626.7916766839232	0.01551200000017161	epochs	3.0
1626.8071886839234	0.0154566999999588	epochs	3.0
1626.8226453839234	0.030749499999956242	epochs	2.0
1626.8226453839234	0.015401999999994587	epochs	3.0
1626.8380473839234	0.015347499999961656	epochs	3.0
1626.8533948839233	0.03053320000003623	epochs	2.0
1626.8533948839233	0.015293400000018664	epochs	3.0
1626.8686882839233	0.015239800000017567	epochs	3.0
1626.8839280839234	0.030320099999926242	epochs	2.0
1626.8839280839234	0.015186500000027081	epochs	3.0
1626.8991145839234	0.015133599999899161	epochs	3.0
1626.9142481839233	0.03010990000007041	epochs	2.0
1626.9142481839233	0.015081000000009226	epochs	3.0
1626.9293291839233	0.015028900000061185	epochs	3.0
1626.9443580839234	0.029902499999934662	epochs	2.0
1626.9443580839234	0.014977000000044427	epochs	3.0
1626.9593350839234	0.014925499999890235	epochs	3.0
1626.9742605839233	0.0296981000001324	epochs	2.0
1626.9742605839233	0.014874400000053356	epochs	3.0
1626.9891349839233	0.014823700000079043	epochs	3.0
1627.0039586839234	0.029496299999891562	epochs	2.0
1627.0039586839234	0.01477319999980864	epochs	3.0
1627.0187318839232	0.014723100000082923	epochs	3.0
1627.0334549839233	0.029297400000132257	epochs	2.0
1627.0334549839233	0.014673399999992398	epochs	3.0
1627.0481283839233	0.014624000000139858	epochs	3.0
1627.0627523839235	0.029101099999934377	epochs	2.0
1627.0627523839235	0.014574899999843183	epochs	3.0
1627.0773272839233	0.014526200000091194	epochs	3.0
1627.0918534839234	0.028907399999980044	epochs	2.0
1627.0918534839234	0.014477700000043114	epochs	3.0
1627.1063311839234	0.014429699999936929	epochs	3.0
1627.1207608839234	0.028716199999962555	epochs	2.0
1627.1207608839234	0.014381799999910072	epochs	3.0
1627.1351426839233	0.014334400000052483	epochs	3.0
1627.1494770839233	0.02852759999996124	epochs	2.0
1627.1494770839233	0.014287199999898803	epochs	3.0
1627.1637642839232	0.014240400000062436	epochs	3.0
1627.1780046839233	0.028341400000044814	epochs	2.0
1627.1780046839233	0.014193800000157353	epochs	3.0
1627.1921984839234	0.014147599999887461	epochs	3.0
1627.2063460839233	0.028157700000065233	epochs	2.0
1627.2063460839233	0.014101700000082928	epochs	3.0
1627.2204477839234	0.014055999999982305	epochs	3.0
1627.2345037839234	0.02797629999986384	epochs	2.0
1627.2345037839234	0.014010599999892293	epochs	3.0
1627.2485143839233	0.013965699999971548	epochs	3.0
1627.2624800839233	0.027797200000122757	epochs	2.0
1627.2624800839233	0.013920800000050804	epochs	3.0
1627.2764008839233	0.013876400000071953	epochs	3.0
1627.2902772839234	0.027620399999932488	epochs	2.0
1627.2902772839234	0.013832200000024386	epochs	3.0
1627.3041094839234	0.013788199999908102	epochs	3.0
1627.3178976839233	0.027445899999975154	epochs	2.0
1627.3178976839233	0.01374460000010913	epochs	3.0
1627.3316422839234	0.013701299999866023	epochs	3.0
1627.3453435839233	0.0272735000000921	epochs	2.0
1627.3453435839233	0.013658200000008947	epochs	3.0
1627.3590017839233	0.013615300000083153	epochs	3.0
1627.3726170839234	0.027103399999987232	epochs	2.0
1627.3726170839234	0.013572800000019924	epochs	3.0
1627.3861898839234	0.013530599999967308	epochs	3.0
1627.3997204839234	0.02693520000002536	epochs	2.0
1627.3997204839234	0.01348839999991469	epochs	3.0
1627.4132088839233	0.01344680000011067	epochs	3.0
1627.4266556839234	0.026769199999989723	epochs	2.0
1627.4266556839234	0.013405199999851902	epochs	3.0
1627.4400608839233	0.013364000000137821	epochs	3.0
1627.4534248839234	0.026605199999949036	epochs	2.0
1627.4534248839234	0.013322900000048321	epochs	3.0
1627.4667477839234	0.013282299999900715	epochs	3.0
1627.4800300839233	0.0264431999999033	epochs	2.0
1627.4800300839233	0.013241699999980483	epochs	3.0
1627.4932717839233	0.013201499999922817	epochs	3.0
1627.5064732839232	0.026283200000079887	epochs	2.0
1627.5064732839232	0.013161500000023807	epochs	3.0
1627.5196347839233	0.01312170000005608	epochs	3.0
1627.5327564839233	0.02612500000009277	epochs	2.0
1627.5327564839233	0.013082100000019636	epochs	3.0
1627.5458385839233	0.013042900000073132	epochs	3.0
1627.5588814839234	0.025968899999952555	epochs	2.0
1627.5588814839234	0.013003899999830537	epochs	3.0
1627.5718853839232	0.012965000000122018	epochs	3.0
1627.5848503839234	0.025814500000024054	epochs	2.0
1627.5848503839234	0.012926399999969362	epochs	3.0
1627.5977767839233	0.012888100000054692	epochs	3.0
1627.6106648839234	0.025661899999931848	epochs	2.0
1627.6106648839234	0.012849899999991976	epochs	3.0
1627.6235147839234	0.012811999999939871	epochs	3.0
1627.6363267839233	0.025511199999982637	epochs	2.0
1627.6363267839233	0.012774400000125752	epochs	3.0
1627.6491011839234	0.012736799999856885	epochs	3.0
1627.6618379839233	0.025362300000097093	epochs	2.0
1627.6618379839233	0.01269969999998466	epochs	3.0
1627.6745376839233	0.012662600000112434	epochs	3.0
1627.6872002839234	0.025214999999889187	epochs	2.0
1627.6872002839234	0.012625800000023446	epochs	3.0
1627.6998260839234	0.012589199999865741	epochs	3.0
1627.7124152839233	0.024584799999956886	epochs	2.0
1627.7307600839233	0.5	epochs	-1.0
1627.7370000839232	0.5196800000001076	epochs	1.0
1628.2566800839234	0.48024000000009437	epochs	0.0
1630.9090003967285	0.09999999999990905	epochs	0.0
1630.9090003967285	0.04500000000007276	epochs	1.0
1630.9540003967286	0.009999999999990905	epochs	1.0
1630.9640003967286	0.044999999999845386	epochs	1.0
1631.0090003967284	2.0	epochs	0.0
1633.0090003967284	21.4996000000001	epochs	0.0
1633.0090003967284	1.0	epochs	1.0
1633.0090003967284	0.5	epochs	-1.0
1633.5090003967284	19.993760000000066	epochs	-1.0
1634.0090003967284	20.0	epochs	1.0
1634.0090003967284	4.356753900000058	epochs	-1.0
1634.0090003967284	1.9745872000000873	epochs	2.0
1634.0090003967284	1.0985622000000603	epochs	3.0
1635.1075625967285	0.8760250000000269	epochs	3.0
1635.9835875967285	1.3524075000000266	epochs	2.0
1635.9835875967285	0.7286355000001095	epochs	3.0
1636.7122230967286	0.6237719999999172	epochs	3.0
1637.3359950967285	1.029759199999944	epochs	2.0
1637.3359950967285	0.5453293000000485	epochs	3.0
1637.8813243967286	0.4844298999998955	epochs	3.0
1638.3657542967285	0.8317862000001242	epochs	2.0
1638.3657542967285	0.4357763000000432	epochs	3.0
1638.8015305967285	0.39600990000008096	epochs	3.0
1639.1975404967286	0.6977969999998095	epochs	2.0
1639.1975404967286	0.3628982000000178	epochs	3.0
1639.5604386967286	0.33489879999979166	epochs	3.0
1639.8953374967284	0.601045699999986	epochs	2.0
1639.8953374967284	0.3109123000001546	epochs	3.0
1640.2062497967286	0.29013339999983145	epochs	3.0
1640.4963831967284	0.5278859000000011	epochs	2.0
1640.4963831967284	0.2719586000000618	epochs	3.0
1640.7683417967285	0.25592729999993935	epochs	3.0
1641.0242690967284	0.4706193000001804	epochs	2.0
1641.0242690967284	0.24168130000020938	epochs	3.0
1641.2659503967286	0.228937999999971	epochs	3.0
1641.4948883967286	0.42457039999999324	epochs	2.0
1641.4948883967286	0.21747140000002219	epochs	3.0
1641.7123597967286	0.20709899999997106	epochs	3.0
1641.9194587967286	0.3867353999999068	epochs	2.0
1641.9194587967286	0.19767109999997956	epochs	3.0
1642.1171298967286	0.18906429999992724	epochs	3.0
1642.3061941967285	0.35509530000013	epochs	2.0
1642.3061941967285	0.18117589999997108	epochs	3.0
1642.4873700967285	0.17391940000015893	epochs	3.0
1642.6612894967286	0.3282431000000088	epochs	2.0
1642.6612894967286	0.16722189999995862	epochs	3.0
1642.8285113967286	0.16102120000005016	epochs	3.0
1642.9895325967286	0.3051679999998669	epochs	2.0
1642.9895325967286	0.15526389999990897	epochs	3.0
1643.1447964967285	0.1499040999999579	epochs	3.0
1643.2947005967285	0.28512530000011793	epochs	2.0
1643.2947005967285	0.1449021000000812	epochs	3.0
1643.4396026967286	0.14022320000003674	epochs	3.0
1643.5798258967286	0.2675537999998596	epochs	2.0
1643.5798258967286	0.1358368999999584	epochs	3.0
1643.7156627967286	0.13171689999990122	epochs	3.0
1643.8473796967285	0.25202290000015637	epochs	2.0
1643.8473796967285	0.1278393000000051	epochs	3.0
1643.9752189967285	0.12418360000015127	epochs	3.0
1644.0994025967286	0.23819649999995818	epochs	2.0
1644.0994025967286	0.1207310999998299	epochs	3.0
1644.2201336967285	0.11746540000012828	epochs	3.0
1644.3375990967286	0.22580879999986792	epochs	2.0
1644.3375990967286	0.1143718999999237	epochs	3.0
1644.4519709967285	0.11143689999994422	epochs	3.0
1644.5634078967284	0.2146460000001298	epochs	2.0
1644.5634078967284	0.10864890000016203	epochs	3.0
1644.6720567967286	0.10599709999996776	epochs	3.0
1644.7780538967286	0.2045349999998507	epochs	2.0
1644.7780538967286	0.1034714999998414	epochs	3.0
1644.8815253967284	0.1010635000000093	epochs	3.0
1644.9825888967284	0.19533400000000256	epochs	2.0
1644.9825888967284	0.09876510000003691	epochs	3.0
1645.0813539967285	0.09656889999996565	epochs	3.0
1645.1779228967284	0.18692529999998442	epochs	2.0
1645.1779228967284	0.09446830000001682	epochs	3.0
1645.2723911967284	0.09245699999996759	epochs	3.0
1645.3648481967284	0.1792107000001124	epochs	2.0
1645.3648481967284	0.0905296000000817	epochs	3.0
1645.4553777967285	0.08868110000003071	epochs	3.0
1645.5440588967285	0.17210769999996955	epochs	2.0
1645.5440588967285	0.08690630000000965	epochs	3.0
1645.6309651967285	0.0852013999999599	epochs	3.0
1645.7161665967285	0.16554640000003928	epochs	2.0
1645.7161665967285	0.08356189999994967	epochs	3.0
1645.7997284967284	0.08198450000008961	epochs	3.0
1645.8817129967285	0.15946710000002895	epochs	2.0
1645.8817129967285	0.08046539999986635	epochs	3.0
1645.9621783967284	0.0790017000001626	epochs	3.0
1646.0411800967286	0.1538183999998637	epochs	2.0
1646.0411800967286	0.07759009999995214	epochs	3.0
1646.1187701967285	0.07622829999991154	epochs	3.0
1646.1949984967284	0.14855640000018866	epochs	2.0
1646.1949984967284	0.07491330000016205	epochs	3.0
1646.2699117967286	0.0736431000000266	epochs	3.0
1646.3435548967286	0.1436423999998624	epochs	2.0
1646.3435548967286	0.07241499999986445	epochs	3.0
1646.4159698967285	0.07122739999999794	epochs	3.0
1646.4871972967285	0.13904309999998077	epochs	2.0
1646.4871972967285	0.07007799999996678	epochs	3.0
1646.5572752967284	0.06896510000001399	epochs	3.0
1646.6262403967285	0.1347293000001173	epochs	2.0
1646.6262403967285	0.0678871000000072	epochs	3.0
1646.6941274967285	0.0668422000001101	epochs	3.0
1646.7609696967286	0.1306752000000415	epochs	2.0
1646.7609696967286	0.06582909999997355	epochs	3.0
1646.8267987967286	0.06484610000006796	epochs	3.0
1646.8916448967286	0.1268577999999252	epochs	2.0
1646.8916448967286	0.06389199999989614	epochs	3.0
1646.9555368967285	0.06296580000002905	epochs	3.0
1647.0185026967285	0.12325719999989815	epochs	2.0
1647.0185026967285	0.06206580000002759	epochs	3.0
1647.0805684967286	0.061191399999870555	epochs	3.0
1647.1417598967284	0.11985540000000583	epochs	2.0
1647.1417598967284	0.060341099999959624	epochs	3.0
1647.2021009967284	0.059514300000046205	epochs	3.0
1647.2616152967285	0.11663620000012997	epochs	2.0
1647.2616152967285	0.05870960000015657	epochs	3.0
1647.3203248967286	0.057926599999973405	epochs	3.0
1647.3782514967286	0.11358559999985118	epochs	2.0
1647.3782514967286	0.05716419999998834	epochs	3.0
1647.4354156967286	0.05642139999986284	epochs	3.0
1647.4918370967284	0.11069050000014613	epochs	2.0
1647.4918370967284	0.055697900000041045	epochs	3.0
1647.5475349967285	0.054992600000105085	epochs	3.0
1647.6025275967286	0.10793909999983953	epochs	2.0
1647.6025275967286	0.05430490000003374	epochs	3.0
1647.6568324967286	0.05363419999980579	epochs	3.0
1647.7104666967284	0.10532150000017282	epochs	2.0
1647.7104666967284	0.052980000000161453	epochs	3.0
1647.7634466967286	0.052341500000011365	epochs	3.0
1647.8157881967286	0.10282759999995505	epochs	2.0
1647.8157881967286	0.05171810000001642	epochs	3.0
1647.8675062967286	0.051109499999938635	epochs	3.0
1647.9186157967285	0.10044909999987794	epochs	2.0
1647.9186157967285	0.050514900000052876	epochs	3.0
1647.9691306967286	0.04993419999982507	epochs	3.0
1648.0190648967284	0.09817830000019967	epochs	2.0
1648.0190648967284	0.04936659999998483	epochs	3.0
1648.0684314967284	0.04881170000021484	epochs	3.0
1648.1172431967286	0.09600779999982478	epochs	2.0
1648.1172431967286	0.048269199999822376	epochs	3.0
1648.1655123967284	0.04773860000000241	epochs	3.0
1648.2132509967284	0.09393120000004274	epochs	2.0
1648.2132509967284	0.04721949999998287	epochs	3.0
1648.2604704967284	0.046711700000059864	epochs	3.0
1648.3071821967285	0.09194260000003851	epochs	2.0
1648.3071821967285	0.046214599999984785	epochs	3.0
1648.3533967967285	0.045728000000053726	epochs	3.0
1648.3991247967285	0.09003630000006524	epochs	2.0
1648.3991247967285	0.045251499999949374	epochs	3.0
1648.4443762967285	0.044784800000115865	epochs	3.0
1648.4891610967286	0.08820760000003247	epochs	2.0
1648.4891610967286	0.044327800000019124	epochs	3.0
1648.5334888967286	0.04387980000001335	epochs	3.0
1648.5773686967286	0.0864516999999978	epochs	2.0
1648.5773686967286	0.04344099999980244	epochs	3.0
1648.6208096967284	0.04301070000019536	epochs	3.0
1648.6638203967286	0.08476429999996071	epochs	2.0
1648.6638203967286	0.04258899999990717	epochs	3.0
1648.7064093967285	0.04217530000005354	epochs	3.0
1648.7485846967286	0.08314150000001064	epochs	2.0
1648.7485846967286	0.04176970000003166	epochs	3.0
1648.7903543967286	0.041371799999978975	epochs	3.0
1648.8317261967286	0.08157970000002024	epochs	2.0
1648.8317261967286	0.040981399999964196	epochs	3.0
1648.8727075967286	0.04059830000005604	epochs	3.0
1648.9133058967286	0.08007549999979346	epochs	2.0
1648.9133058967286	0.04022229999986848	epochs	3.0
1648.9535281967285	0.03985319999992498	epochs	3.0
1648.9933813967284	0.07862570000020241	epochs	2.0
1648.9933813967284	0.039490800000066884	epochs	3.0
1649.0328721967285	0.03913490000013553	epochs	3.0
1649.0720070967286	0.07722760000001472	epochs	2.0
1649.0720070967286	0.03878539999982422	epochs	3.0
1649.1107924967284	0.038442200000190496	epochs	3.0
1649.1492346967286	0.07587819999980638	epochs	2.0
1649.1492346967286	0.03810479999992822	epochs	3.0
1649.1873394967286	0.037773399999878166	epochs	3.0
1649.2251128967284	0.0745752000000266	epochs	2.0
1649.2251128967284	0.03744770000002973	epochs	3.0
1649.2625605967285	0.03712749999999687	epochs	3.0
1649.2996880967285	0.07331629999998768	epochs	2.0
1649.2996880967285	0.0368129000000863	epochs	3.0
1649.3365009967285	0.036503399999901376	epochs	3.0
1649.3730043967284	0.07209899999998015	epochs	2.0
1649.3730043967284	0.03619909999997617	epochs	3.0
1649.4092034967284	0.03589990000000398	epochs	3.0
1649.4451033967284	0.07092170000009901	epochs	2.0
1649.4451033967284	0.03560560000005353	epochs	3.0
1649.4807089967285	0.03531610000004548	epochs	3.0
1649.5160250967285	0.06978200000003199	epochs	2.0
1649.5160250967285	0.03503120000004856	epochs	3.0
1649.5510562967286	0.03475079999998343	epochs	3.0
1649.5858070967286	0.06867859999988468	epochs	2.0
1649.5858070967286	0.03447510000000875	epochs	3.0
1649.6202821967286	0.03420349999987593	epochs	3.0
1649.6544856967284	0.06760930000018561	epochs	2.0
1649.6544856967284	0.033936199999970995	epochs	3.0
1649.6884218967284	0.03367310000021462	epochs	3.0
1649.7220949967286	0.06657289999998284	epochs	2.0
1649.7220949967286	0.03341399999999339	epochs	3.0
1649.7555089967286	0.033158899999989444	epochs	3.0
1649.7886678967286	0.06556779999982609	epochs	2.0
1649.7886678967286	0.03290769999989607	epochs	3.0
1649.8215755967285	0.032660099999930026	epochs	3.0
1649.8542356967284	0.06459259999996902	epochs	2.0
1649.8542356967284	0.03241640000010193	epochs	3.0
1649.8866520967285	0.032176199999867094	epochs	3.0
1649.9188282967284	0.06364600000006249	epochs	2.0
1649.9188282967284	0.03193960000021434	epochs	3.0
1649.9507678967286	0.031706399999848145	epochs	3.0
1649.9824742967285	0.0627266999999847	epochs	2.0
1649.9824742967285	0.03147660000013275	epochs	3.0
1650.0139508967286	0.031250099999851955	epochs	3.0
1650.0452009967285	0.06183359999999993	epochs	2.0
1650.0452009967285	0.031026900000142632	epochs	3.0
1650.0762278967286	0.0308066999998573	epochs	3.0
1650.1070345967285	0.06096560000014506	epochs	2.0
1650.1070345967285	0.03058980000014344	epochs	3.0
1650.1376243967286	0.030375800000001618	epochs	3.0
1650.1680001967286	0.06012160000000222	epochs	2.0
1650.1680001967286	0.030164899999817862	epochs	3.0
1650.1981650967284	0.029956700000184355	epochs	3.0
1650.2281217967286	0.05930069999999432	epochs	2.0
1650.2281217967286	0.029751599999826794	epochs	3.0
1650.2578733967284	0.029549100000167527	epochs	3.0
1650.2874224967286	0.05850179999993088	epochs	2.0
1650.2874224967286	0.02934940000000097	epochs	3.0
1650.3167718967286	0.029152399999929912	epochs	3.0
1650.3459242967285	0.05772419999993872	epochs	2.0
1650.3459242967285	0.028958000000102402	epochs	3.0
1650.3748822967286	0.028766199999836317	epochs	3.0
1650.4036484967285	0.05696710000006533	epochs	2.0
1650.4036484967285	0.028577000000041153	epochs	3.0
1650.4322254967285	0.028390100000024177	epochs	3.0
1650.4606155967285	0.05622949999997218	epochs	2.0
1650.4606155967285	0.028205699999944045	epochs	3.0
1650.4888212967285	0.028023800000028132	epochs	3.0
1650.5168450967285	0.05551070000001346	epochs	2.0
1650.5168450967285	0.027843999999959124	epochs	3.0
1650.5446890967285	0.027666700000054334	epochs	3.0
1650.5723557967285	0.054810200000019904	epochs	2.0
1650.5723557967285	0.02749149999999645	epochs	3.0
1650.5998472967285	0.027318700000023455	epochs	3.0
1650.6271659967285	0.054126999999880354	epochs	2.0
1650.6271659967285	0.027147799999966082	epochs	3.0
1650.6543137967285	0.026979199999914272	epochs	3.0
1650.6812929967284	0.05346070000018699	epochs	2.0
1650.6812929967284	0.026812600000084785	epochs	3.0
1650.7081055967285	0.026648100000102204	epochs	3.0
1650.7347536967286	0.05281070000000909	epochs	2.0
1650.7347536967286	0.0264855999998872	epochs	3.0
1650.7612392967285	0.026325100000121893	epochs	3.0
1650.7875643967286	0.052176199999848905	epochs	2.0
1650.7875643967286	0.026166399999965506	epochs	3.0
1650.8137307967286	0.0260097999998834	epochs	3.0
1650.8397405967285	0.051556699999991906	epochs	2.0
1650.8397405967285	0.02585480000016105	epochs	3.0
1650.8655953967286	0.025701899999830857	epochs	3.0
1650.8912972967285	0.05095189999997274	epochs	2.0
1650.8912972967285	0.025550700000167126	epochs	3.0
1650.9168479967286	0.025401199999805613	epochs	3.0
1650.9422491967284	0.05036100000006627	epochs	2.0
1650.9422491967284	0.025253500000189888	epochs	3.0
1650.9675026967286	0.02510749999987638	epochs	3.0
1650.9926101967285	0.04978380000011384	epochs	2.0
1650.9926101967285	0.02496320000000196	epochs	3.0
1651.0175733967285	0.02482060000011188	epochs	3.0
1651.0423939967286	0.04921949999993558	epochs	2.0
1651.0423939967286	0.024679399999968155	epochs	3.0
1651.0670733967286	0.024540099999967424	epochs	3.0
1651.0916134967285	0.04866790000005494	epochs	2.0
1651.0916134967285	0.024402100000088467	epochs	3.0
1651.1160155967286	0.024265799999966475	epochs	3.0
1651.1402813967286	0.048128599999927246	epochs	2.0
1651.1402813967286	0.02413099999989754	epochs	3.0
1651.1644123967285	0.023997600000029706	epochs	3.0
1651.1884099967285	0.047601100000065344	epochs	2.0
1651.1884099967285	0.023865800000066884	epochs	3.0
1651.2122757967286	0.02373529999999846	epochs	3.0
1651.2360110967286	0.04708499999992455	epochs	2.0
1651.2360110967286	0.023606299999983094	epochs	3.0
1651.2596173967286	0.023478699999941455	epochs	3.0
1651.2830960967285	0.046579999999948996	epochs	2.0
1651.2830960967285	0.023352500000100918	epochs	3.0
1651.3064485967286	0.023227499999848078	epochs	3.0
1651.3296760967285	0.046085700000048746	epochs	2.0
1651.3296760967285	0.023104000000103042	epochs	3.0
1651.3527800967286	0.022981699999945704	epochs	3.0
1651.3757617967285	0.045601799999985815	epochs	2.0
1651.3757617967285	0.02286069999991014	epochs	3.0
1651.3986224967284	0.022741100000075676	epochs	3.0
1651.4213635967285	0.04512790000012501	epochs	2.0
1651.4213635967285	0.022622500000125	epochs	3.0
1651.4439860967286	0.02250540000000001	epochs	3.0
1651.4664914967286	0.04466379999985293	epochs	2.0
1651.4664914967286	0.02238929999998618	epochs	3.0
1651.4888807967286	0.022274499999866748	epochs	3.0
1651.5111552967285	0.04420920000006845	epochs	2.0
1651.5111552967285	0.022160799999937808	epochs	3.0
1651.5333160967284	0.02204840000013064	epochs	3.0
1651.5553644967285	0.04376359999992019	epochs	2.0
1651.5553644967285	0.02193689999990056	epochs	3.0
1651.5773013967284	0.021826700000019628	epochs	3.0
1651.5991280967285	0.04332709999994222	epochs	2.0
1651.5991280967285	0.02171760000010181	epochs	3.0
1651.6208456967286	0.02160949999984041	epochs	3.0
1651.6424551967284	0.04289900000003399	epochs	2.0
1651.6424551967284	0.021502500000224245	epochs	3.0
1651.6639576967286	0.021396499999809748	epochs	3.0
1651.6853541967284	0.04247950000012679	epochs	2.0
1651.6853541967284	0.021291700000119818	epochs	3.0
1651.7066458967286	0.021187800000006973	epochs	3.0
1651.7278336967286	0.04206789999989269	epochs	2.0
1651.7278336967286	0.02108490000000529	epochs	3.0
1651.7489185967286	0.020982999999887397	epochs	3.0
1651.7699015967285	0.04166439999994509	epochs	2.0
1651.7699015967285	0.020882199999959994	epochs	3.0
1651.7907837967284	0.020782199999985096	epochs	3.0
1651.8115659967284	0.04126850000011473	epochs	2.0
1651.8115659967284	0.02068330000020069	epochs	3.0
1651.8322492967286	0.02058519999991404	epochs	3.0
1651.8528344967285	0.04088000000001557	epochs	2.0
1651.8528344967285	0.020488099999965925	epochs	3.0
1651.8733225967285	0.020391900000049645	epochs	3.0
1651.8937144967285	0.04049880000002304	epochs	2.0
1651.8937144967285	0.020296599999937825	epochs	3.0
1651.9140110967285	0.020202200000085213	epochs	3.0
1651.9342132967286	0.040124599999899146	epochs	2.0
1651.9342132967286	0.02010870000003706	epochs	3.0
1651.9543219967286	0.020015899999862086	epochs	3.0
1651.9743378967285	0.03975730000001931	epochs	2.0
1651.9743378967285	0.019924200000104975	epochs	3.0
1651.9942620967286	0.01983309999991434	epochs	3.0
1652.0140951967285	0.03939669999999751	epochs	2.0
1652.0140951967285	0.01974300000006224	epochs	3.0
1652.0338381967285	0.01965369999993527	epochs	3.0
1652.0534918967285	0.03904239999997117	epochs	2.0
1652.0534918967285	0.019565100000136226	epochs	3.0
1652.0730569967286	0.01947729999983494	epochs	3.0
1652.0925342967284	0.038694600000098944	epochs	2.0
1652.0925342967284	0.019390400000020236	epochs	3.0
1652.1119246967285	0.01930420000007871	epochs	3.0
1652.1312288967285	0.03835290000006353	epochs	2.0
1652.1312288967285	0.019218799999862313	epochs	3.0
1652.1504476967284	0.019134100000201215	epochs	3.0
1652.1695817967286	0.03801720000001296	epochs	2.0
1652.1695817967286	0.019050199999810502	epochs	3.0
1652.1886319967284	0.01896700000020246	epochs	3.0
1652.2075989967286	0.03768719999993664	epochs	2.0
1652.2075989967286	0.018884499999785476	epochs	3.0
1652.2264834967284	0.018802700000151162	epochs	3.0
1652.2452861967286	0.03736309999999321	epochs	2.0
1652.2452861967286	0.018721700000014607	epochs	3.0
1652.2640078967286	0.018641399999978603	epochs	3.0
1652.2826492967286	0.03704429999993408	epochs	2.0
1652.2826492967286	0.018561599999884493	epochs	3.0
1652.3012108967284	0.01848270000004959	epochs	3.0
1652.3196935967285	0.036731000000145286	epochs	2.0
1652.3196935967285	0.018404299999929208	epochs	3.0
1652.3380978967284	0.01832670000021608	epochs	3.0
1652.3564245967286	0.03642289999993409	epochs	2.0
1652.3564245967286	0.018249599999990096	epochs	3.0
1652.3746741967286	0.018173299999943993	epochs	3.0
1652.3928474967286	0.03612010000006194	epochs	2.0
1652.3928474967286	0.01809759999991911	epochs	3.0
1652.4109450967285	0.018022500000142827	epochs	3.0
1652.4289675967286	0.03582209999990482	epochs	2.0
1652.4289675967286	0.01794789999985369	epochs	3.0
1652.4469154967285	0.017874200000051133	epochs	3.0
1652.4647896967285	0.03552899999999681	epochs	2.0
1652.4647896967285	0.017800800000031813	epochs	3.0
1652.4825904967286	0.017728199999965	epochs	3.0
1652.5003186967285	0.03524070000003121	epochs	2.0
1652.5003186967285	0.017656100000067454	epochs	3.0
1652.5179747967286	0.017584599999963757	epochs	3.0
1652.5355593967286	0.03495709999992869	epochs	2.0
1652.5355593967286	0.017513699999881283	epochs	3.0
1652.5530730967284	0.017443400000047404	epochs	3.0
1652.5705164967285	0.03467790000013338	epochs	2.0
1652.5705164967285	0.017373599999928047	epochs	3.0
1652.5878900967284	0.01730430000020533	epochs	3.0
1652.6051943967286	0.03440329999989444	epochs	2.0
1652.6051943967286	0.017235699999901044	epochs	3.0
1652.6224300967285	0.0171675999999934	epochs	3.0
1652.6395976967285	0.03413279999995211	epochs	2.0
1652.6395976967285	0.01709989999994832	epochs	3.0
1652.6566975967285	0.017032900000003792	epochs	3.0
1652.6737304967285	0.03386670000008962	epochs	2.0
1652.6737304967285	0.01696640000000116	epochs	3.0
1652.6906968967285	0.016900300000088464	epochs	3.0
1652.7075971967286	0.03360459999998966	epochs	2.0
1652.7075971967286	0.01683479999996962	epochs	3.0
1652.7244319967285	0.01676980000002004	epochs	3.0
1652.7412017967285	0.033346599999958926	epochs	2.0
1652.7412017967285	0.016705300000012357	epochs	3.0
1652.7579070967286	0.01664129999994657	epochs	3.0
1652.7745483967285	0.03309250000006614	epochs	2.0
1652.7745483967285	0.016577800000050047	epochs	3.0
1652.7911261967286	0.01651470000001609	epochs	3.0
1652.8076408967286	0.03284229999985655	epochs	2.0
1652.8076408967286	0.01645220000000336	epochs	3.0
1652.8240930967286	0.01639009999985319	epochs	3.0
1652.8404831967284	0.03259570000000167	epochs	2.0
1652.8404831967284	0.016328400000020338	epochs	3.0
1652.8568115967284	0.016267299999981333	epochs	3.0
1652.8730788967284	0.032352899999978035	epochs	2.0
1652.8730788967284	0.016206600000032267	epochs	3.0
1652.8892854967285	0.016146299999945768	epochs	3.0
1652.9054317967284	0.032113700000081735	epochs	2.0
1652.9054317967284	0.016086600000107865	epochs	3.0
1652.9215183967285	0.01602709999997387	epochs	3.0
1652.9375454967285	0.03187800000000607	epochs	2.0
1652.9375454967285	0.015968200000088473	epochs	3.0
1652.9535136967286	0.015909799999917595	epochs	3.0
1652.9694234967285	0.03164570000012645	epochs	2.0
1652.9694234967285	0.015851599999905375	epochs	3.0
1652.9852750967284	0.01579410000022108	epochs	3.0
1653.0010691967286	0.031416699999908815	epochs	2.0
1653.0010691967286	0.01573669999993399	epochs	3.0
1653.0168058967286	0.015679999999974825	epochs	3.0
1653.0324858967285	0.03119109999988723	epochs	2.0
1653.0324858967285	0.015623600000026272	epochs	3.0
1653.0481094967286	0.015567499999860956	epochs	3.0
1653.0636769967284	0.03096870000013041	epochs	2.0
1653.0636769967284	0.01551200000017161	epochs	3.0
1653.0791889967286	0.0154566999999588	epochs	3.0
1653.0946456967285	0.030749499999956242	epochs	2.0
1653.0946456967285	0.015401999999994587	epochs	3.0
1653.1100476967285	0.015347499999961656	epochs	3.0
1653.1253951967285	0.03053320000003623	epochs	2.0
1653.1253951967285	0.015293400000018664	epochs	3.0
1653.1406885967285	0.015239800000017567	epochs	3.0
1653.1559283967285	0.030320099999926242	epochs	2.0
1653.1559283967285	0.015186500000027081	epochs	3.0
1653.1711148967286	0.015133599999899161	epochs	3.0
1653.1862484967285	0.03010990000007041	epochs	2.0
1653.1862484967285	0.015081000000009226	epochs	3.0
1653.2013294967285	0.015028900000061185	epochs	3.0
1653.2163583967285	0.029902499999934662	epochs	2.0
1653.2163583967285	0.014977000000044427	epochs	3.0
1653.2313353967286	0.014925499999890235	epochs	3.0
1653.2462608967285	0.0296981000001324	epochs	2.0
1653.2462608967285	0.014874400000053356	epochs	3.0
1653.2611352967285	0.014823700000079043	epochs	3.0
1653.2759589967286	0.029496299999891562	epochs	2.0
1653.2759589967286	0.01477319999980864	epochs	3.0
1653.2907321967284	0.014723100000082923	epochs	3.0
1653.3054552967285	0.029297400000132257	epochs	2.0
1653.3054552967285	0.014673399999992398	epochs	3.0
1653.3201286967285	0.014624000000139858	epochs	3.0
1653.3347526967286	0.029101099999934377	epochs	2.0
1653.3347526967286	0.014574899999843183	epochs	3.0
1653.3493275967285	0.014526200000091194	epochs	3.0
1653.3638537967286	0.028907399999980044	epochs	2.0
1653.3638537967286	0.014477700000043114	epochs	3.0
1653.3783314967286	0.014429699999936929	epochs	3.0
1653.3927611967285	0.028716199999962555	epochs	2.0
1653.3927611967285	0.014381799999910072	epochs	3.0
1653.4071429967285	0.014334400000052483	epochs	3.0
1653.4214773967285	0.02852759999996124	epochs	2.0
1653.4214773967285	0.014287199999898803	epochs	3.0
1653.4357645967284	0.014240400000062436	epochs	3.0
1653.4500049967285	0.028341400000044814	epochs	2.0
1653.4500049967285	0.014193800000157353	epochs	3.0
1653.4641987967286	0.014147599999887461	epochs	3.0
1653.4783463967285	0.028157700000065233	epochs	2.0
1653.4783463967285	0.014101700000082928	epochs	3.0
1653.4924480967286	0.014055999999982305	epochs	3.0
1653.5065040967286	0.02797629999986384	epochs	2.0
1653.5065040967286	0.014010599999892293	epochs	3.0
1653.5205146967285	0.013965699999971548	epochs	3.0
1653.5344803967284	0.027797200000122757	epochs	2.0
1653.5344803967284	0.013920800000050804	epochs	3.0
1653.5484011967285	0.013876400000071953	epochs	3.0
1653.5622775967286	0.027620399999932488	epochs	2.0
1653.5622775967286	0.013832200000024386	epochs	3.0
1653.5761097967286	0.013788199999908102	epochs	3.0
1653.5898979967285	0.027445899999975154	epochs	2.0
1653.5898979967285	0.01374460000010913	epochs	3.0
1653.6036425967286	0.013701299999866023	epochs	3.0
1653.6173438967285	0.0272735000000921	epochs	2.0
1653.6173438967285	0.013658200000008947	epochs	3.0
1653.6310020967285	0.013615300000083153	epochs	3.0
1653.6446173967286	0.027103399999987232	epochs	2.0
1653.6446173967286	0.013572800000019924	epochs	3.0
1653.6581901967286	0.013530599999967308	epochs	3.0
1653.6717207967286	0.02693520000002536	epochs	2.0
1653.6717207967286	0.01348839999991469	epochs	3.0
1653.6852091967285	0.01344680000011067	epochs	3.0
1653.6986559967286	0.026769199999989723	epochs	2.0
1653.6986559967286	0.013405199999851902	epochs	3.0
1653.7120611967284	0.013364000000137821	epochs	3.0
1653.7254251967286	0.026605199999949036	epochs	2.0
1653.7254251967286	0.013322900000048321	epochs	3.0
1653.7387480967286	0.013282299999900715	epochs	3.0
1653.7520303967285	0.0264431999999033	epochs	2.0
1653.7520303967285	0.013241699999980483	epochs	3.0
1653.7652720967285	0.013201499999922817	epochs	3.0
1653.7784735967284	0.026283200000079887	epochs	2.0
1653.7784735967284	0.013161500000023807	epochs	3.0
1653.7916350967284	0.01312170000005608	epochs	3.0
1653.8047567967285	0.02612500000009277	epochs	2.0
1653.8047567967285	0.013082100000019636	epochs	3.0
1653.8178388967285	0.013042900000073132	epochs	3.0
1653.8308817967286	0.025968899999952555	epochs	2.0
1653.8308817967286	0.013003899999830537	epochs	3.0
1653.8438856967284	0.012965000000122018	epochs	3.0
1653.8568506967285	0.025814500000024054	epochs	2.0
1653.8568506967285	0.012926399999969362	epochs	3.0
1653.8697770967285	0.012888100000054692	epochs	3.0
1653.8826651967286	0.025661899999931848	epochs	2.0
1653.8826651967286	0.012849899999991976	epochs	3.0
1653.8955150967286	0.012811999999939871	epochs	3.0
1653.9083270967285	0.025511199999982637	epochs	2.0
1653.9083270967285	0.012774400000125752	epochs	3.0
1653.9211014967286	0.012736799999856885	epochs	3.0
1653.9338382967285	0.025362300000097093	epochs	2.0
1653.9338382967285	0.01269969999998466	epochs	3.0
1653.9465379967285	0.012662600000112434	epochs	3.0
1653.9592005967286	0.025214999999889187	epochs	2.0
1653.9592005967286	0.012625800000023446	epochs	3.0
1653.9718263967286	0.012589199999865741	epochs	3.0
1653.9844155967285	0.024584799999956886	epochs	2.0
1654.0027603967285	0.5	epochs	-1.0
1654.0090003967284	0.4996000000001004	epochs	1.0
1654.5086003967285	0.5003200000001016	epochs	0.0
1657.236999988556	0.09999999999990905	epochs	0.0
1657.236999988556	0.04500000000007276	epochs	1.0
1657.281999988556	0.009999999999990905	epochs	1.0
1657.291999988556	0.044999999999845386	epochs	1.0
1657.3369999885558	2.0	epochs	0.0
1659.3369999885558	21.999920000000202	epochs	0.0
1659.3369999885558	1.0	epochs	1.0
1659.3369999885558	0.5	epochs	-1.0
1659.8369999885558	19.993760000000066	epochs	-1.0
1660.3369999885558	20.0	epochs	1.0
1660.3369999885558	4.356753900000058	epochs	-1.0
1660.3369999885558	1.9745872000000873	epochs	2.0
1660.3369999885558	1.0985622000000603	epochs	3.0
1661.4355621885559	0.8760250000000269	epochs	3.0
1662.311587188556	1.3524075000000266	epochs	2.0
1662.311587188556	0.7286355000001095	epochs	3.0
1663.040222688556	0.6237719999999172	epochs	3.0
1663.663994688556	1.029759199999944	epochs	2.0
1663.663994688556	0.5453293000000485	epochs	3.0
1664.209323988556	0.4844298999998955	epochs	3.0
1664.6937538885559	0.8317862000001242	epochs	2.0
1664.6937538885559	0.4357763000000432	epochs	3.0
1665.129530188556	0.39600990000008096	epochs	3.0
1665.525540088556	0.6977969999998095	epochs	2.0
1665.525540088556	0.3628982000000178	epochs	3.0
1665.888438288556	0.33489879999979166	epochs	3.0
1666.2233370885558	0.601045699999986	epochs	2.0
1666.2233370885558	0.3109123000001546	epochs	3.0
1666.534249388556	0.29013339999983145	epochs	3.0
1666.8243827885558	0.5278859000000011	epochs	2.0
1666.8243827885558	0.2719586000000618	epochs	3.0
1667.0963413885559	0.25592729999993935	epochs	3.0
1667.3522686885558	0.4706193000001804	epochs	2.0
1667.3522686885558	0.24168130000020938	epochs	3.0
1667.593949988556	0.228937999999971	epochs	3.0
1667.822887988556	0.42457039999999324	epochs	2.0
1667.822887988556	0.21747140000002219	epochs	3.0
1668.040359388556	0.20709899999997106	epochs	3.0
1668.247458388556	0.3867353999999068	epochs	2.0
1668.247458388556	0.19767109999997956	epochs	3.0
1668.445129488556	0.18906429999992724	epochs	3.0
1668.6341937885559	0.35509530000013	epochs	2.0
1668.6341937885559	0.18117589999997108	epochs	3.0
1668.8153696885558	0.17391940000015893	epochs	3.0
1668.989289088556	0.3282431000000088	epochs	2.0
1668.989289088556	0.16722189999995862	epochs	3.0
1669.156510988556	0.16102120000005016	epochs	3.0
1669.317532188556	0.3051679999998669	epochs	2.0
1669.317532188556	0.15526389999990897	epochs	3.0
1669.472796088556	0.1499040999999579	epochs	3.0
1669.6227001885559	0.28512530000011793	epochs	2.0
1669.6227001885559	0.1449021000000812	epochs	3.0
1669.767602288556	0.14022320000003674	epochs	3.0
1669.907825488556	0.2675537999998596	epochs	2.0
1669.907825488556	0.1358368999999584	epochs	3.0
1670.043662388556	0.13171689999990122	epochs	3.0
1670.1753792885559	0.25202290000015637	epochs	2.0
1670.1753792885559	0.1278393000000051	epochs	3.0
1670.3032185885559	0.12418360000015127	epochs	3.0
1670.427402188556	0.23819649999995818	epochs	2.0
1670.427402188556	0.1207310999998299	epochs	3.0
1670.5481332885558	0.11746540000012828	epochs	3.0
1670.665598688556	0.22580879999986792	epochs	2.0
1670.665598688556	0.1143718999999237	epochs	3.0
1670.779970588556	0.11143689999994422	epochs	3.0
1670.8914074885558	0.2146460000001298	epochs	2.0
1670.8914074885558	0.10864890000016203	epochs	3.0
1671.000056388556	0.10599709999996776	epochs	3.0
1671.106053488556	0.2045349999998507	epochs	2.0
1671.106053488556	0.1034714999998414	epochs	3.0
1671.2095249885558	0.1010635000000093	epochs	3.0
1671.3105884885558	0.19533400000000256	epochs	2.0
1671.3105884885558	0.09876510000003691	epochs	3.0
1671.4093535885559	0.09656889999996565	epochs	3.0
1671.5059224885558	0.18692529999998442	epochs	2.0
1671.5059224885558	0.09446830000001682	epochs	3.0
1671.6003907885558	0.09245699999996759	epochs	3.0
1671.6928477885558	0.1792107000001124	epochs	2.0
1671.6928477885558	0.0905296000000817	epochs	3.0
1671.783377388556	0.08868110000003071	epochs	3.0
1671.872058488556	0.17210769999996955	epochs	2.0
1671.872058488556	0.08690630000000965	epochs	3.0
1671.958964788556	0.0852013999999599	epochs	3.0
1672.044166188556	0.16554640000003928	epochs	2.0
1672.044166188556	0.08356189999994967	epochs	3.0
1672.1277280885558	0.08198450000008961	epochs	3.0
1672.209712588556	0.15946710000002895	epochs	2.0
1672.209712588556	0.08046539999986635	epochs	3.0
1672.2901779885558	0.0790017000001626	epochs	3.0
1672.369179688556	0.1538183999998637	epochs	2.0
1672.369179688556	0.07759009999995214	epochs	3.0
1672.446769788556	0.07622829999991154	epochs	3.0
1672.5229980885558	0.14855640000018866	epochs	2.0
1672.5229980885558	0.07491330000016205	epochs	3.0
1672.597911388556	0.0736431000000266	epochs	3.0
1672.671554488556	0.1436423999998624	epochs	2.0
1672.671554488556	0.07241499999986445	epochs	3.0
1672.7439694885559	0.07122739999999794	epochs	3.0
1672.8151968885559	0.13904309999998077	epochs	2.0
1672.8151968885559	0.07007799999996678	epochs	3.0
1672.8852748885558	0.06896510000001399	epochs	3.0
1672.9542399885559	0.1347293000001173	epochs	2.0
1672.9542399885559	0.0678871000000072	epochs	3.0
1673.0221270885559	0.0668422000001101	epochs	3.0
1673.088969288556	0.1306752000000415	epochs	2.0
1673.088969288556	0.06582909999997355	epochs	3.0
1673.154798388556	0.06484610000006796	epochs	3.0
1673.219644488556	0.1268577999999252	epochs	2.0
1673.219644488556	0.06389199999989614	epochs	3.0
1673.283536488556	0.06296580000002905	epochs	3.0
1673.346502288556	0.12325719999989815	epochs	2.0
1673.346502288556	0.06206580000002759	epochs	3.0
1673.408568088556	0.061191399999870555	epochs	3.0
1673.4697594885558	0.11985540000000583	epochs	2.0
1673.4697594885558	0.060341099999959624	epochs	3.0
1673.5301005885558	0.059514300000046205	epochs	3.0
1673.5896148885558	0.11663620000012997	epochs	2.0
1673.5896148885558	0.05870960000015657	epochs	3.0
1673.648324488556	0.057926599999973405	epochs	3.0
1673.706251088556	0.11358559999985118	epochs	2.0
1673.706251088556	0.05716419999998834	epochs	3.0
1673.763415288556	0.05642139999986284	epochs	3.0
1673.8198366885558	0.11069050000014613	epochs	2.0
1673.8198366885558	0.055697900000041045	epochs	3.0
1673.8755345885559	0.054992600000105085	epochs	3.0
1673.930527188556	0.10793909999983953	epochs	2.0
1673.930527188556	0.05430490000003374	epochs	3.0
1673.984832088556	0.05363419999980579	epochs	3.0
1674.0384662885558	0.10532150000017282	epochs	2.0
1674.0384662885558	0.052980000000161453	epochs	3.0
1674.091446288556	0.052341500000011365	epochs	3.0
1674.143787788556	0.10282759999995505	epochs	2.0
1674.143787788556	0.05171810000001642	epochs	3.0
1674.195505888556	0.051109499999938635	epochs	3.0
1674.246615388556	0.10044909999987794	epochs	2.0
1674.246615388556	0.050514900000052876	epochs	3.0
1674.297130288556	0.04993419999982507	epochs	3.0
1674.3470644885558	0.09817830000019967	epochs	2.0
1674.3470644885558	0.04936659999998483	epochs	3.0
1674.3964310885558	0.04881170000021484	epochs	3.0
1674.445242788556	0.09600779999982478	epochs	2.0
1674.445242788556	0.048269199999822376	epochs	3.0
1674.4935119885558	0.04773860000000241	epochs	3.0
1674.5412505885558	0.09393120000004274	epochs	2.0
1674.5412505885558	0.04721949999998287	epochs	3.0
1674.5884700885558	0.046711700000059864	epochs	3.0
1674.6351817885559	0.09194260000003851	epochs	2.0
1674.6351817885559	0.046214599999984785	epochs	3.0
1674.6813963885559	0.045728000000053726	epochs	3.0
1674.727124388556	0.09003630000006524	epochs	2.0
1674.727124388556	0.045251499999949374	epochs	3.0
1674.7723758885559	0.044784800000115865	epochs	3.0
1674.817160688556	0.08820760000003247	epochs	2.0
1674.817160688556	0.044327800000019124	epochs	3.0
1674.861488488556	0.04387980000001335	epochs	3.0
1674.905368288556	0.0864516999999978	epochs	2.0
1674.905368288556	0.04344099999980244	epochs	3.0
1674.9488092885558	0.04301070000019536	epochs	3.0
1674.991819988556	0.08476429999996071	epochs	2.0
1674.991819988556	0.04258899999990717	epochs	3.0
1675.034408988556	0.04217530000005354	epochs	3.0
1675.076584288556	0.08314150000001064	epochs	2.0
1675.076584288556	0.04176970000003166	epochs	3.0
1675.118353988556	0.041371799999978975	epochs	3.0
1675.159725788556	0.08157970000002024	epochs	2.0
1675.159725788556	0.040981399999964196	epochs	3.0
1675.200707188556	0.04059830000005604	epochs	3.0
1675.241305488556	0.08007549999979346	epochs	2.0
1675.241305488556	0.04022229999986848	epochs	3.0
1675.2815277885559	0.03985319999992498	epochs	3.0
1675.3213809885558	0.07862570000020241	epochs	2.0
1675.3213809885558	0.039490800000066884	epochs	3.0
1675.3608717885559	0.03913490000013553	epochs	3.0
1675.400006688556	0.07722760000001472	epochs	2.0
1675.400006688556	0.03878539999982422	epochs	3.0
1675.4387920885558	0.038442200000190496	epochs	3.0
1675.477234288556	0.07587819999980638	epochs	2.0
1675.477234288556	0.03810479999992822	epochs	3.0
1675.515339088556	0.037773399999878166	epochs	3.0
1675.5531124885558	0.0745752000000266	epochs	2.0
1675.5531124885558	0.03744770000002973	epochs	3.0
1675.5905601885559	0.03712749999999687	epochs	3.0
1675.6276876885559	0.07331629999998768	epochs	2.0
1675.6276876885559	0.0368129000000863	epochs	3.0
1675.664500588556	0.036503399999901376	epochs	3.0
1675.7010039885558	0.07209899999998015	epochs	2.0
1675.7010039885558	0.03619909999997617	epochs	3.0
1675.7372030885558	0.03589990000000398	epochs	3.0
1675.7731029885558	0.07092170000009901	epochs	2.0
1675.7731029885558	0.03560560000005353	epochs	3.0
1675.8087085885559	0.03531610000004548	epochs	3.0
1675.844024688556	0.06978200000003199	epochs	2.0
1675.844024688556	0.03503120000004856	epochs	3.0
1675.879055888556	0.03475079999998343	epochs	3.0
1675.913806688556	0.06867859999988468	epochs	2.0
1675.913806688556	0.03447510000000875	epochs	3.0
1675.948281788556	0.03420349999987593	epochs	3.0
1675.9824852885558	0.06760930000018561	epochs	2.0
1675.9824852885558	0.033936199999970995	epochs	3.0
1676.0164214885558	0.03367310000021462	epochs	3.0
1676.050094588556	0.06657289999998284	epochs	2.0
1676.050094588556	0.03341399999999339	epochs	3.0
1676.083508588556	0.033158899999989444	epochs	3.0
1676.116667488556	0.06556779999982609	epochs	2.0
1676.116667488556	0.03290769999989607	epochs	3.0
1676.149575188556	0.032660099999930026	epochs	3.0
1676.1822352885558	0.06459259999996902	epochs	2.0
1676.1822352885558	0.03241640000010193	epochs	3.0
1676.214651688556	0.032176199999867094	epochs	3.0
1676.2468278885558	0.06364600000006249	epochs	2.0
1676.2468278885558	0.03193960000021434	epochs	3.0
1676.278767488556	0.031706399999848145	epochs	3.0
1676.3104738885559	0.0627266999999847	epochs	2.0
1676.3104738885559	0.03147660000013275	epochs	3.0
1676.341950488556	0.031250099999851955	epochs	3.0
1676.3732005885558	0.06183359999999993	epochs	2.0
1676.3732005885558	0.031026900000142632	epochs	3.0
1676.404227488556	0.0308066999998573	epochs	3.0
1676.4350341885558	0.06096560000014506	epochs	2.0
1676.4350341885558	0.03058980000014344	epochs	3.0
1676.465623988556	0.030375800000001618	epochs	3.0
1676.495999788556	0.06012160000000222	epochs	2.0
1676.495999788556	0.030164899999817862	epochs	3.0
1676.5261646885558	0.029956700000184355	epochs	3.0
1676.556121388556	0.05930069999999432	epochs	2.0
1676.556121388556	0.029751599999826794	epochs	3.0
1676.5858729885558	0.029549100000167527	epochs	3.0
1676.615422088556	0.05850179999993088	epochs	2.0
1676.615422088556	0.02934940000000097	epochs	3.0
1676.644771488556	0.029152399999929912	epochs	3.0
1676.673923888556	0.05772419999993872	epochs	2.0
1676.673923888556	0.028958000000102402	epochs	3.0
1676.702881888556	0.028766199999836317	epochs	3.0
1676.7316480885559	0.05696710000006533	epochs	2.0
1676.7316480885559	0.028577000000041153	epochs	3.0
1676.760225088556	0.028390100000024177	epochs	3.0
1676.788615188556	0.05622949999997218	epochs	2.0
1676.788615188556	0.028205699999944045	epochs	3.0
1676.8168208885559	0.028023800000028132	epochs	3.0
1676.844844688556	0.05551070000001346	epochs	2.0
1676.844844688556	0.027843999999959124	epochs	3.0
1676.8726886885559	0.027666700000054334	epochs	3.0
1676.900355388556	0.054810200000019904	epochs	2.0
1676.900355388556	0.02749149999999645	epochs	3.0
1676.927846888556	0.027318700000023455	epochs	3.0
1676.955165588556	0.054126999999880354	epochs	2.0
1676.955165588556	0.027147799999966082	epochs	3.0
1676.982313388556	0.026979199999914272	epochs	3.0
1677.0092925885558	0.05346070000018699	epochs	2.0
1677.0092925885558	0.026812600000084785	epochs	3.0
1677.036105188556	0.026648100000102204	epochs	3.0
1677.062753288556	0.05281070000000909	epochs	2.0
1677.062753288556	0.0264855999998872	epochs	3.0
1677.0892388885559	0.026325100000121893	epochs	3.0
1677.115563988556	0.052176199999848905	epochs	2.0
1677.115563988556	0.026166399999965506	epochs	3.0
1677.141730388556	0.0260097999998834	epochs	3.0
1677.1677401885559	0.051556699999991906	epochs	2.0
1677.1677401885559	0.02585480000016105	epochs	3.0
1677.193594988556	0.025701899999830857	epochs	3.0
1677.2192968885558	0.05095189999997274	epochs	2.0
1677.2192968885558	0.025550700000167126	epochs	3.0
1677.244847588556	0.025401199999805613	epochs	3.0
1677.2702487885558	0.05036100000006627	epochs	2.0
1677.2702487885558	0.025253500000189888	epochs	3.0
1677.295502288556	0.02510749999987638	epochs	3.0
1677.3206097885559	0.04978380000011384	epochs	2.0
1677.3206097885559	0.02496320000000196	epochs	3.0
1677.345572988556	0.02482060000011188	epochs	3.0
1677.370393588556	0.04921949999993558	epochs	2.0
1677.370393588556	0.024679399999968155	epochs	3.0
1677.395072988556	0.024540099999967424	epochs	3.0
1677.419613088556	0.04866790000005494	epochs	2.0
1677.419613088556	0.024402100000088467	epochs	3.0
1677.444015188556	0.024265799999966475	epochs	3.0
1677.468280988556	0.048128599999927246	epochs	2.0
1677.468280988556	0.02413099999989754	epochs	3.0
1677.492411988556	0.023997600000029706	epochs	3.0
1677.516409588556	0.047601100000065344	epochs	2.0
1677.516409588556	0.023865800000066884	epochs	3.0
1677.540275388556	0.02373529999999846	epochs	3.0
1677.564010688556	0.04708499999992455	epochs	2.0
1677.564010688556	0.023606299999983094	epochs	3.0
1677.587616988556	0.023478699999941455	epochs	3.0
1677.611095688556	0.046579999999948996	epochs	2.0
1677.611095688556	0.023352500000100918	epochs	3.0
1677.634448188556	0.023227499999848078	epochs	3.0
1677.6576756885559	0.046085700000048746	epochs	2.0
1677.6576756885559	0.023104000000103042	epochs	3.0
1677.680779688556	0.022981699999945704	epochs	3.0
1677.703761388556	0.045601799999985815	epochs	2.0
1677.703761388556	0.02286069999991014	epochs	3.0
1677.7266220885558	0.022741100000075676	epochs	3.0
1677.749363188556	0.04512790000012501	epochs	2.0
1677.749363188556	0.022622500000125	epochs	3.0
1677.771985688556	0.02250540000000001	epochs	3.0
1677.794491088556	0.04466379999985293	epochs	2.0
1677.794491088556	0.02238929999998618	epochs	3.0
1677.816880388556	0.022274499999866748	epochs	3.0
1677.8391548885559	0.04420920000006845	epochs	2.0
1677.8391548885559	0.022160799999937808	epochs	3.0
1677.8613156885558	0.02204840000013064	epochs	3.0
1677.883364088556	0.04376359999992019	epochs	2.0
1677.883364088556	0.02193689999990056	epochs	3.0
1677.9053009885558	0.021826700000019628	epochs	3.0
1677.9271276885559	0.04332709999994222	epochs	2.0
1677.9271276885559	0.02171760000010181	epochs	3.0
1677.948845288556	0.02160949999984041	epochs	3.0
1677.9704547885558	0.04289900000003399	epochs	2.0
1677.9704547885558	0.021502500000224245	epochs	3.0
1677.991957288556	0.021396499999809748	epochs	3.0
1678.0133537885558	0.04247950000012679	epochs	2.0
1678.0133537885558	0.021291700000119818	epochs	3.0
1678.034645488556	0.021187800000006973	epochs	3.0
1678.055833288556	0.04206789999989269	epochs	2.0
1678.055833288556	0.02108490000000529	epochs	3.0
1678.076918188556	0.020982999999887397	epochs	3.0
1678.0979011885559	0.04166439999994509	epochs	2.0
1678.0979011885559	0.020882199999959994	epochs	3.0
1678.1187833885558	0.020782199999985096	epochs	3.0
1678.1395655885558	0.04126850000011473	epochs	2.0
1678.1395655885558	0.02068330000020069	epochs	3.0
1678.160248888556	0.02058519999991404	epochs	3.0
1678.180834088556	0.04088000000001557	epochs	2.0
1678.180834088556	0.020488099999965925	epochs	3.0
1678.2013221885559	0.020391900000049645	epochs	3.0
1678.221714088556	0.04049880000002304	epochs	2.0
1678.221714088556	0.020296599999937825	epochs	3.0
1678.2420106885559	0.020202200000085213	epochs	3.0
1678.262212888556	0.040124599999899146	epochs	2.0
1678.262212888556	0.02010870000003706	epochs	3.0
1678.282321588556	0.020015899999862086	epochs	3.0
1678.3023374885558	0.03975730000001931	epochs	2.0
1678.3023374885558	0.019924200000104975	epochs	3.0
1678.322261688556	0.01983309999991434	epochs	3.0
1678.3420947885559	0.03939669999999751	epochs	2.0
1678.3420947885559	0.01974300000006224	epochs	3.0
1678.361837788556	0.01965369999993527	epochs	3.0
1678.3814914885559	0.03904239999997117	epochs	2.0
1678.3814914885559	0.019565100000136226	epochs	3.0
1678.401056588556	0.01947729999983494	epochs	3.0
1678.4205338885558	0.038694600000098944	epochs	2.0
1678.4205338885558	0.019390400000020236	epochs	3.0
1678.4399242885559	0.01930420000007871	epochs	3.0
1678.459228488556	0.03835290000006353	epochs	2.0
1678.459228488556	0.019218799999862313	epochs	3.0
1678.4784472885558	0.019134100000201215	epochs	3.0
1678.497581388556	0.03801720000001296	epochs	2.0
1678.497581388556	0.019050199999810502	epochs	3.0
1678.5166315885558	0.01896700000020246	epochs	3.0
1678.535598588556	0.03768719999993664	epochs	2.0
1678.535598588556	0.018884499999785476	epochs	3.0
1678.5544830885558	0.018802700000151162	epochs	3.0
1678.573285788556	0.03736309999999321	epochs	2.0
1678.573285788556	0.018721700000014607	epochs	3.0
1678.592007488556	0.018641399999978603	epochs	3.0
1678.610648888556	0.03704429999993408	epochs	2.0
1678.610648888556	0.018561599999884493	epochs	3.0
1678.6292104885558	0.01848270000004959	epochs	3.0
1678.6476931885559	0.036731000000145286	epochs	2.0
1678.6476931885559	0.018404299999929208	epochs	3.0
1678.6660974885558	0.01832670000021608	epochs	3.0
1678.684424188556	0.03642289999993409	epochs	2.0
1678.684424188556	0.018249599999990096	epochs	3.0
1678.702673788556	0.018173299999943993	epochs	3.0
1678.720847088556	0.03612010000006194	epochs	2.0
1678.720847088556	0.01809759999991911	epochs	3.0
1678.7389446885559	0.018022500000142827	epochs	3.0
1678.756967188556	0.03582209999990482	epochs	2.0
1678.756967188556	0.01794789999985369	epochs	3.0
1678.7749150885559	0.017874200000051133	epochs	3.0
1678.792789288556	0.03552899999999681	epochs	2.0
1678.792789288556	0.017800800000031813	epochs	3.0
1678.810590088556	0.017728199999965	epochs	3.0
1678.828318288556	0.03524070000003121	epochs	2.0
1678.828318288556	0.017656100000067454	epochs	3.0
1678.845974388556	0.017584599999963757	epochs	3.0
1678.863558988556	0.03495709999992869	epochs	2.0
1678.863558988556	0.017513699999881283	epochs	3.0
1678.8810726885558	0.017443400000047404	epochs	3.0
1678.8985160885559	0.03467790000013338	epochs	2.0
1678.8985160885559	0.017373599999928047	epochs	3.0
1678.9158896885558	0.01730430000020533	epochs	3.0
1678.933193988556	0.03440329999989444	epochs	2.0
1678.933193988556	0.017235699999901044	epochs	3.0
1678.950429688556	0.0171675999999934	epochs	3.0
1678.967597288556	0.03413279999995211	epochs	2.0
1678.967597288556	0.01709989999994832	epochs	3.0
1678.9846971885559	0.017032900000003792	epochs	3.0
1679.0017300885559	0.03386670000008962	epochs	2.0
1679.0017300885559	0.01696640000000116	epochs	3.0
1679.0186964885559	0.016900300000088464	epochs	3.0
1679.035596788556	0.03360459999998966	epochs	2.0
1679.035596788556	0.01683479999996962	epochs	3.0
1679.052431588556	0.01676980000002004	epochs	3.0
1679.069201388556	0.033346599999958926	epochs	2.0
1679.069201388556	0.016705300000012357	epochs	3.0
1679.085906688556	0.01664129999994657	epochs	3.0
1679.102547988556	0.03309250000006614	epochs	2.0
1679.102547988556	0.016577800000050047	epochs	3.0
1679.119125788556	0.01651470000001609	epochs	3.0
1679.135640488556	0.03284229999985655	epochs	2.0
1679.135640488556	0.01645220000000336	epochs	3.0
1679.152092688556	0.01639009999985319	epochs	3.0
1679.1684827885558	0.03259570000000167	epochs	2.0
1679.1684827885558	0.016328400000020338	epochs	3.0
1679.1848111885558	0.016267299999981333	epochs	3.0
1679.2010784885558	0.032352899999978035	epochs	2.0
1679.2010784885558	0.016206600000032267	epochs	3.0
1679.2172850885559	0.016146299999945768	epochs	3.0
1679.2334313885558	0.032113700000081735	epochs	2.0
1679.2334313885558	0.016086600000107865	epochs	3.0
1679.249517988556	0.01602709999997387	epochs	3.0
1679.2655450885559	0.03187800000000607	epochs	2.0
1679.2655450885559	0.015968200000088473	epochs	3.0
1679.281513288556	0.015909799999917595	epochs	3.0
1679.297423088556	0.03164570000012645	epochs	2.0
1679.297423088556	0.015851599999905375	epochs	3.0
1679.3132746885558	0.01579410000022108	epochs	3.0
1679.329068788556	0.031416699999908815	epochs	2.0
1679.329068788556	0.01573669999993399	epochs	3.0
1679.344805488556	0.015679999999974825	epochs	3.0
1679.360485488556	0.03119109999988723	epochs	2.0
1679.360485488556	0.015623600000026272	epochs	3.0
1679.376109088556	0.015567499999860956	epochs	3.0
1679.3916765885558	0.03096870000013041	epochs	2.0
1679.3916765885558	0.01551200000017161	epochs	3.0
1679.407188588556	0.0154566999999588	epochs	3.0
1679.422645288556	0.030749499999956242	epochs	2.0
1679.422645288556	0.015401999999994587	epochs	3.0
1679.438047288556	0.015347499999961656	epochs	3.0
1679.453394788556	0.03053320000003623	epochs	2.0
1679.453394788556	0.015293400000018664	epochs	3.0
1679.468688188556	0.015239800000017567	epochs	3.0
1679.483927988556	0.030320099999926242	epochs	2.0
1679.483927988556	0.015186500000027081	epochs	3.0
1679.499114488556	0.015133599999899161	epochs	3.0
1679.5142480885559	0.03010990000007041	epochs	2.0
1679.5142480885559	0.015081000000009226	epochs	3.0
1679.5293290885559	0.015028900000061185	epochs	3.0
1679.544357988556	0.029902499999934662	epochs	2.0
1679.544357988556	0.014977000000044427	epochs	3.0
1679.559334988556	0.014925499999890235	epochs	3.0
1679.5742604885559	0.0296981000001324	epochs	2.0
1679.5742604885559	0.014874400000053356	epochs	3.0
1679.589134888556	0.014823700000079043	epochs	3.0
1679.603958588556	0.029496299999891562	epochs	2.0
1679.603958588556	0.01477319999980864	epochs	3.0
1679.6187317885558	0.014723100000082923	epochs	3.0
1679.633454888556	0.029297400000132257	epochs	2.0
1679.633454888556	0.014673399999992398	epochs	3.0
1679.6481282885559	0.014624000000139858	epochs	3.0
1679.662752288556	0.029101099999934377	epochs	2.0
1679.662752288556	0.014574899999843183	epochs	3.0
1679.6773271885559	0.014526200000091194	epochs	3.0
1679.691853388556	0.028907399999980044	epochs	2.0
1679.691853388556	0.014477700000043114	epochs	3.0
1679.706331088556	0.014429699999936929	epochs	3.0
1679.720760788556	0.028716199999962555	epochs	2.0
1679.720760788556	0.014381799999910072	epochs	3.0
1679.7351425885558	0.014334400000052483	epochs	3.0
1679.749476988556	0.02852759999996124	epochs	2.0
1679.749476988556	0.014287199999898803	epochs	3.0
1679.7637641885558	0.014240400000062436	epochs	3.0
1679.7780045885559	0.028341400000044814	epochs	2.0
1679.7780045885559	0.014193800000157353	epochs	3.0
1679.792198388556	0.014147599999887461	epochs	3.0
1679.806345988556	0.028157700000065233	epochs	2.0
1679.806345988556	0.014101700000082928	epochs	3.0
1679.820447688556	0.014055999999982305	epochs	3.0
1679.834503688556	0.02797629999986384	epochs	2.0
1679.834503688556	0.014010599999892293	epochs	3.0
1679.8485142885559	0.013965699999971548	epochs	3.0
1679.8624799885558	0.027797200000122757	epochs	2.0
1679.8624799885558	0.013920800000050804	epochs	3.0
1679.8764007885559	0.013876400000071953	epochs	3.0
1679.890277188556	0.027620399999932488	epochs	2.0
1679.890277188556	0.013832200000024386	epochs	3.0
1679.904109388556	0.013788199999908102	epochs	3.0
1679.917897588556	0.027445899999975154	epochs	2.0
1679.917897588556	0.01374460000010913	epochs	3.0
1679.931642188556	0.013701299999866023	epochs	3.0
1679.9453434885559	0.0272735000000921	epochs	2.0
1679.9453434885559	0.013658200000008947	epochs	3.0
1679.9590016885559	0.013615300000083153	epochs	3.0
1679.972616988556	0.027103399999987232	epochs	2.0
1679.972616988556	0.013572800000019924	epochs	3.0
1679.986189788556	0.013530599999967308	epochs	3.0
1679.999720388556	0.02693520000002536	epochs	2.0
1679.999720388556	0.01348839999991469	epochs	3.0
1680.0132087885559	0.01344680000011067	epochs	3.0
1680.026655588556	0.026769199999989723	epochs	2.0
1680.026655588556	0.013405199999851902	epochs	3.0
1680.0400607885558	0.013364000000137821	epochs	3.0
1680.053424788556	0.026605199999949036	epochs	2.0
1680.053424788556	0.013322900000048321	epochs	3.0
1680.066747688556	0.013282299999900715	epochs	3.0
1680.080029988556	0.0264431999999033	epochs	2.0
1680.080029988556	0.013241699999980483	epochs	3.0
1680.093271688556	0.013201499999922817	epochs	3.0
1680.1064731885558	0.026283200000079887	epochs	2.0
1680.1064731885558	0.013161500000023807	epochs	3.0
1680.1196346885558	0.01312170000005608	epochs	3.0
1680.132756388556	0.02612500000009277	epochs	2.0
1680.132756388556	0.013082100000019636	epochs	3.0
1680.145838488556	0.013042900000073132	epochs	3.0
1680.158881388556	0.025968899999952555	epochs	2.0
1680.158881388556	0.013003899999830537	epochs	3.0
1680.1718852885558	0.012965000000122018	epochs	3.0
1680.184850288556	0.025814500000024054	epochs	2.0
1680.184850288556	0.012926399999969362	epochs	3.0
1680.197776688556	0.012888100000054692	epochs	3.0
1680.210664788556	0.025661899999931848	epochs	2.0
1680.210664788556	0.012849899999991976	epochs	3.0
1680.223514688556	0.012811999999939871	epochs	3.0
1680.236326688556	0.025511199999982637	epochs	2.0
1680.236326688556	0.012774400000125752	epochs	3.0
1680.249101088556	0.012736799999856885	epochs	3.0
1680.2618378885559	0.025362300000097093	epochs	2.0
1680.2618378885559	0.01269969999998466	epochs	3.0
1680.2745375885559	0.012662600000112434	epochs	3.0
1680.287200188556	0.025214999999889187	epochs	2.0
1680.287200188556	0.012625800000023446	epochs	3.0
1680.299825988556	0.012589199999865741	epochs	3.0
1680.3124151885559	0.024584799999956886	epochs	2.0
1680.3307599885559	0.5	epochs	-1.0
1680.3369999885558	0.999920000000202	epochs	1.0
1680.8307599885559	0.5	epochs	-1.0
1684.1630001068115	0.09999999999990905	epochs	0.0
1684.1630001068115	0.04500000000007276	epochs	1.0
1684.2080001068116	0.009999999999990905	epochs	1.0
1684.2180001068116	0.044999999999845386	epochs	1.0
1684.2630001068114	2.0	epochs	0.0
1686.2630001068114	0.5001600000000508	epochs	0.0
1686.2630001068114	0.5001600000000508	epochs	1.0
1686.2630001068114	0.5	epochs	-1.0
1686.7630001068114	0.00016000000005078618	epochs	-1.0
1686.7631601068115	21.49976000000015	epochs	0.0
1689.513000011444	0.09999999999990905	epochs	0.0
1689.513000011444	0.04500000000007276	epochs	1.0
1689.5580000114442	0.009999999999990905	epochs	1.0
1689.5680000114442	0.044999999999845386	epochs	1.0
1689.613000011444	2.0	epochs	0.0
1691.613000011444	5.399520000000166	epochs	0.0
1691.613000011444	1.0	epochs	1.0
1691.613000011444	0.5	epochs	-1.0
1692.113000011444	4.899520000000166	epochs	-1.0
1692.613000011444	4.399520000000166	epochs	1.0
1692.613000011444	4.356753900000058	epochs	-1.0
1692.613000011444	1.9745872000000873	epochs	2.0
1692.613000011444	1.0985622000000603	epochs	3.0
1693.711562211444	0.8760250000000269	epochs	3.0
1694.587587211444	1.3524075000000266	epochs	2.0
1694.587587211444	0.7286355000001095	epochs	3.0
1695.3162227114442	0.6237719999999172	epochs	3.0
1695.9399947114441	1.029759199999944	epochs	2.0
1695.9399947114441	0.5453293000000485	epochs	3.0
1696.4853240114442	0.4844298999998955	epochs	3.0
1696.969753911444	0.042766100000108054	epochs	2.0
1696.969753911444	0.042766100000108054	epochs	3.0
1697.0125200114442	16.600400000000036	epochs	0.0
1699.7170000076294	0.09999999999990905	epochs	0.0
1699.7170000076294	0.04500000000007276	epochs	1.0
1699.7620000076295	0.009999999999990905	epochs	1.0
1699.7720000076295	0.044999999999845386	epochs	1.0
1699.8170000076293	2.0	epochs	0.0
1701.8170000076293	21.49944000000005	epochs	0.0
1701.8170000076293	1.0	epochs	1.0
1701.8170000076293	0.5	epochs	-1.0
1702.3170000076293	19.996399999999994	epochs	-1.0
1702.8170000076293	20.0	epochs	1.0
1702.8170000076293	4.356753900000058	epochs	-1.0
1702.8170000076293	1.9745872000000873	epochs	2.0
1702.8170000076293	1.0985622000000603	epochs	3.0
1703.9155622076294	0.8760250000000269	epochs	3.0
1704.7915872076294	1.3524075000000266	epochs	2.0
1704.7915872076294	0.7286355000001095	epochs	3.0
1705.5202227076295	0.6237719999999172	epochs	3.0
1706.1439947076294	1.029759199999944	epochs	2.0
1706.1439947076294	0.5453293000000485	epochs	3.0
1706.6893240076295	0.4844298999998955	epochs	3.0
1707.1737539076294	0.8317862000001242	epochs	2.0
1707.1737539076294	0.4357763000000432	epochs	3.0
1707.6095302076294	0.39600990000008096	epochs	3.0
1708.0055401076295	0.6977969999998095	epochs	2.0
1708.0055401076295	0.3628982000000178	epochs	3.0
1708.3684383076295	0.33489879999979166	epochs	3.0
1708.7033371076293	0.601045699999986	epochs	2.0
1708.7033371076293	0.3109123000001546	epochs	3.0
1709.0142494076294	0.29013339999983145	epochs	3.0
1709.3043828076293	0.5278859000000011	epochs	2.0
1709.3043828076293	0.2719586000000618	epochs	3.0
1709.5763414076293	0.25592729999993935	epochs	3.0
1709.8322687076293	0.4706193000001804	epochs	2.0
1709.8322687076293	0.24168130000020938	epochs	3.0
1710.0739500076295	0.228937999999971	epochs	3.0
1710.3028880076295	0.42457039999999324	epochs	2.0
1710.3028880076295	0.21747140000002219	epochs	3.0
1710.5203594076295	0.20709899999997106	epochs	3.0
1710.7274584076295	0.3867353999999068	epochs	2.0
1710.7274584076295	0.19767109999997956	epochs	3.0
1710.9251295076294	0.18906429999992724	epochs	3.0
1711.1141938076294	0.35509530000013	epochs	2.0
1711.1141938076294	0.18117589999997108	epochs	3.0
1711.2953697076293	0.17391940000015893	epochs	3.0
1711.4692891076295	0.3282431000000088	epochs	2.0
1711.4692891076295	0.16722189999995862	epochs	3.0
1711.6365110076295	0.16102120000005016	epochs	3.0
1711.7975322076295	0.3051679999998669	epochs	2.0
1711.7975322076295	0.15526389999990897	epochs	3.0
1711.9527961076294	0.1499040999999579	epochs	3.0
1712.1027002076294	0.28512530000011793	epochs	2.0
1712.1027002076294	0.1449021000000812	epochs	3.0
1712.2476023076294	0.14022320000003674	epochs	3.0
1712.3878255076295	0.2675537999998596	epochs	2.0
1712.3878255076295	0.1358368999999584	epochs	3.0
1712.5236624076294	0.13171689999990122	epochs	3.0
1712.6553793076293	0.25202290000015637	epochs	2.0
1712.6553793076293	0.1278393000000051	epochs	3.0
1712.7832186076294	0.12418360000015127	epochs	3.0
1712.9074022076295	0.23819649999995818	epochs	2.0
1712.9074022076295	0.1207310999998299	epochs	3.0
1713.0281333076293	0.11746540000012828	epochs	3.0
1713.1455987076295	0.22580879999986792	epochs	2.0
1713.1455987076295	0.1143718999999237	epochs	3.0
1713.2599706076294	0.11143689999994422	epochs	3.0
1713.3714075076293	0.2146460000001298	epochs	2.0
1713.3714075076293	0.10864890000016203	epochs	3.0
1713.4800564076295	0.10599709999996776	epochs	3.0
1713.5860535076295	0.2045349999998507	epochs	2.0
1713.5860535076295	0.1034714999998414	epochs	3.0
1713.6895250076293	0.1010635000000093	epochs	3.0
1713.7905885076293	0.19533400000000256	epochs	2.0
1713.7905885076293	0.09876510000003691	epochs	3.0
1713.8893536076293	0.09656889999996565	epochs	3.0
1713.9859225076293	0.18692529999998442	epochs	2.0
1713.9859225076293	0.09446830000001682	epochs	3.0
1714.0803908076293	0.09245699999996759	epochs	3.0
1714.1728478076293	0.1792107000001124	epochs	2.0
1714.1728478076293	0.0905296000000817	epochs	3.0
1714.2633774076294	0.08868110000003071	epochs	3.0
1714.3520585076294	0.17210769999996955	epochs	2.0
1714.3520585076294	0.08690630000000965	epochs	3.0
1714.4389648076294	0.0852013999999599	epochs	3.0
1714.5241662076294	0.16554640000003928	epochs	2.0
1714.5241662076294	0.08356189999994967	epochs	3.0
1714.6077281076293	0.08198450000008961	epochs	3.0
1714.6897126076294	0.15946710000002895	epochs	2.0
1714.6897126076294	0.08046539999986635	epochs	3.0
1714.7701780076293	0.0790017000001626	epochs	3.0
1714.8491797076294	0.1538183999998637	epochs	2.0
1714.8491797076294	0.07759009999995214	epochs	3.0
1714.9267698076294	0.07622829999991154	epochs	3.0
1715.0029981076293	0.14855640000018866	epochs	2.0
1715.0029981076293	0.07491330000016205	epochs	3.0
1715.0779114076295	0.0736431000000266	epochs	3.0
1715.1515545076295	0.1436423999998624	epochs	2.0
1715.1515545076295	0.07241499999986445	epochs	3.0
1715.2239695076294	0.07122739999999794	epochs	3.0
1715.2951969076294	0.13904309999998077	epochs	2.0
1715.2951969076294	0.07007799999996678	epochs	3.0
1715.3652749076293	0.06896510000001399	epochs	3.0
1715.4342400076293	0.1347293000001173	epochs	2.0
1715.4342400076293	0.0678871000000072	epochs	3.0
1715.5021271076293	0.0668422000001101	epochs	3.0
1715.5689693076295	0.1306752000000415	epochs	2.0
1715.5689693076295	0.06582909999997355	epochs	3.0
1715.6347984076294	0.06484610000006796	epochs	3.0
1715.6996445076295	0.1268577999999252	epochs	2.0
1715.6996445076295	0.06389199999989614	epochs	3.0
1715.7635365076294	0.06296580000002905	epochs	3.0
1715.8265023076294	0.12325719999989815	epochs	2.0
1715.8265023076294	0.06206580000002759	epochs	3.0
1715.8885681076295	0.061191399999870555	epochs	3.0
1715.9497595076293	0.11985540000000583	epochs	2.0
1715.9497595076293	0.060341099999959624	epochs	3.0
1716.0101006076293	0.059514300000046205	epochs	3.0
1716.0696149076293	0.11663620000012997	epochs	2.0
1716.0696149076293	0.05870960000015657	epochs	3.0
1716.1283245076295	0.057926599999973405	epochs	3.0
1716.1862511076295	0.11358559999985118	epochs	2.0
1716.1862511076295	0.05716419999998834	epochs	3.0
1716.2434153076294	0.05642139999986284	epochs	3.0
1716.2998367076293	0.11069050000014613	epochs	2.0
1716.2998367076293	0.055697900000041045	epochs	3.0
1716.3555346076294	0.054992600000105085	epochs	3.0
1716.4105272076295	0.10793909999983953	epochs	2.0
1716.4105272076295	0.05430490000003374	epochs	3.0
1716.4648321076295	0.05363419999980579	epochs	3.0
1716.5184663076293	0.10532150000017282	epochs	2.0
1716.5184663076293	0.052980000000161453	epochs	3.0
1716.5714463076295	0.052341500000011365	epochs	3.0
1716.6237878076295	0.10282759999995505	epochs	2.0
1716.6237878076295	0.05171810000001642	epochs	3.0
1716.6755059076295	0.051109499999938635	epochs	3.0
1716.7266154076294	0.10044909999987794	epochs	2.0
1716.7266154076294	0.050514900000052876	epochs	3.0
1716.7771303076295	0.04993419999982507	epochs	3.0
1716.8270645076293	0.09817830000019967	epochs	2.0
1716.8270645076293	0.04936659999998483	epochs	3.0
1716.8764311076293	0.04881170000021484	epochs	3.0
1716.9252428076295	0.09600779999982478	epochs	2.0
1716.9252428076295	0.048269199999822376	epochs	3.0
1716.9735120076293	0.04773860000000241	epochs	3.0
1717.0212506076293	0.09393120000004274	epochs	2.0
1717.0212506076293	0.04721949999998287	epochs	3.0
1717.0684701076293	0.046711700000059864	epochs	3.0
1717.1151818076294	0.09194260000003851	epochs	2.0
1717.1151818076294	0.046214599999984785	epochs	3.0
1717.1613964076294	0.045728000000053726	epochs	3.0
1717.2071244076294	0.09003630000006524	epochs	2.0
1717.2071244076294	0.045251499999949374	epochs	3.0
1717.2523759076294	0.044784800000115865	epochs	3.0
1717.2971607076295	0.08820760000003247	epochs	2.0
1717.2971607076295	0.044327800000019124	epochs	3.0
1717.3414885076295	0.04387980000001335	epochs	3.0
1717.3853683076295	0.0864516999999978	epochs	2.0
1717.3853683076295	0.04344099999980244	epochs	3.0
1717.4288093076293	0.04301070000019536	epochs	3.0
1717.4718200076295	0.08476429999996071	epochs	2.0
1717.4718200076295	0.04258899999990717	epochs	3.0
1717.5144090076294	0.04217530000005354	epochs	3.0
1717.5565843076295	0.08314150000001064	epochs	2.0
1717.5565843076295	0.04176970000003166	epochs	3.0
1717.5983540076295	0.041371799999978975	epochs	3.0
1717.6397258076295	0.08157970000002024	epochs	2.0
1717.6397258076295	0.040981399999964196	epochs	3.0
1717.6807072076294	0.04059830000005604	epochs	3.0
1717.7213055076295	0.08007549999979346	epochs	2.0
1717.7213055076295	0.04022229999986848	epochs	3.0
1717.7615278076294	0.03985319999992498	epochs	3.0
1717.8013810076293	0.07862570000020241	epochs	2.0
1717.8013810076293	0.039490800000066884	epochs	3.0
1717.8408718076294	0.03913490000013553	epochs	3.0
1717.8800067076295	0.07722760000001472	epochs	2.0
1717.8800067076295	0.03878539999982422	epochs	3.0
1717.9187921076293	0.038442200000190496	epochs	3.0
1717.9572343076295	0.07587819999980638	epochs	2.0
1717.9572343076295	0.03810479999992822	epochs	3.0
1717.9953391076294	0.037773399999878166	epochs	3.0
1718.0331125076293	0.0745752000000266	epochs	2.0
1718.0331125076293	0.03744770000002973	epochs	3.0
1718.0705602076293	0.03712749999999687	epochs	3.0
1718.1076877076293	0.07331629999998768	epochs	2.0
1718.1076877076293	0.0368129000000863	epochs	3.0
1718.1445006076294	0.036503399999901376	epochs	3.0
1718.1810040076293	0.07209899999998015	epochs	2.0
1718.1810040076293	0.03619909999997617	epochs	3.0
1718.2172031076293	0.03589990000000398	epochs	3.0
1718.2531030076293	0.07092170000009901	epochs	2.0
1718.2531030076293	0.03560560000005353	epochs	3.0
1718.2887086076294	0.03531610000004548	epochs	3.0
1718.3240247076294	0.06978200000003199	epochs	2.0
1718.3240247076294	0.03503120000004856	epochs	3.0
1718.3590559076295	0.03475079999998343	epochs	3.0
1718.3938067076294	0.06867859999988468	epochs	2.0
1718.3938067076294	0.03447510000000875	epochs	3.0
1718.4282818076294	0.03420349999987593	epochs	3.0
1718.4624853076293	0.06760930000018561	epochs	2.0
1718.4624853076293	0.033936199999970995	epochs	3.0
1718.4964215076293	0.03367310000021462	epochs	3.0
1718.5300946076295	0.06657289999998284	epochs	2.0
1718.5300946076295	0.03341399999999339	epochs	3.0
1718.5635086076295	0.033158899999989444	epochs	3.0
1718.5966675076295	0.06556779999982609	epochs	2.0
1718.5966675076295	0.03290769999989607	epochs	3.0
1718.6295752076294	0.032660099999930026	epochs	3.0
1718.6622353076293	0.06459259999996902	epochs	2.0
1718.6622353076293	0.03241640000010193	epochs	3.0
1718.6946517076294	0.032176199999867094	epochs	3.0
1718.7268279076293	0.06364600000006249	epochs	2.0
1718.7268279076293	0.03193960000021434	epochs	3.0
1718.7587675076295	0.031706399999848145	epochs	3.0
1718.7904739076293	0.0627266999999847	epochs	2.0
1718.7904739076293	0.03147660000013275	epochs	3.0
1718.8219505076295	0.031250099999851955	epochs	3.0
1718.8532006076293	0.06183359999999993	epochs	2.0
1718.8532006076293	0.031026900000142632	epochs	3.0
1718.8842275076295	0.0308066999998573	epochs	3.0
1718.9150342076293	0.06096560000014506	epochs	2.0
1718.9150342076293	0.03058980000014344	epochs	3.0
1718.9456240076295	0.030375800000001618	epochs	3.0
1718.9759998076295	0.06012160000000222	epochs	2.0
1718.9759998076295	0.030164899999817862	epochs	3.0
1719.0061647076293	0.029956700000184355	epochs	3.0
1719.0361214076295	0.05930069999999432	epochs	2.0
1719.0361214076295	0.029751599999826794	epochs	3.0
1719.0658730076293	0.029549100000167527	epochs	3.0
1719.0954221076295	0.05850179999993088	epochs	2.0
1719.0954221076295	0.02934940000000097	epochs	3.0
1719.1247715076295	0.029152399999929912	epochs	3.0
1719.1539239076294	0.05772419999993872	epochs	2.0
1719.1539239076294	0.028958000000102402	epochs	3.0
1719.1828819076295	0.028766199999836317	epochs	3.0
1719.2116481076293	0.05696710000006533	epochs	2.0
1719.2116481076293	0.028577000000041153	epochs	3.0
1719.2402251076294	0.028390100000024177	epochs	3.0
1719.2686152076294	0.05622949999997218	epochs	2.0
1719.2686152076294	0.028205699999944045	epochs	3.0
1719.2968209076294	0.028023800000028132	epochs	3.0
1719.3248447076294	0.05551070000001346	epochs	2.0
1719.3248447076294	0.027843999999959124	epochs	3.0
1719.3526887076293	0.027666700000054334	epochs	3.0
1719.3803554076294	0.054810200000019904	epochs	2.0
1719.3803554076294	0.02749149999999645	epochs	3.0
1719.4078469076294	0.027318700000023455	epochs	3.0
1719.4351656076294	0.054126999999880354	epochs	2.0
1719.4351656076294	0.027147799999966082	epochs	3.0
1719.4623134076294	0.026979199999914272	epochs	3.0
1719.4892926076293	0.05346070000018699	epochs	2.0
1719.4892926076293	0.026812600000084785	epochs	3.0
1719.5161052076294	0.026648100000102204	epochs	3.0
1719.5427533076295	0.05281070000000909	epochs	2.0
1719.5427533076295	0.0264855999998872	epochs	3.0
1719.5692389076294	0.026325100000121893	epochs	3.0
1719.5955640076295	0.052176199999848905	epochs	2.0
1719.5955640076295	0.026166399999965506	epochs	3.0
1719.6217304076295	0.0260097999998834	epochs	3.0
1719.6477402076293	0.051556699999991906	epochs	2.0
1719.6477402076293	0.02585480000016105	epochs	3.0
1719.6735950076295	0.025701899999830857	epochs	3.0
1719.6992969076293	0.05095189999997274	epochs	2.0
1719.6992969076293	0.025550700000167126	epochs	3.0
1719.7248476076295	0.025401199999805613	epochs	3.0
1719.7502488076293	0.05036100000006627	epochs	2.0
1719.7502488076293	0.025253500000189888	epochs	3.0
1719.7755023076295	0.02510749999987638	epochs	3.0
1719.8006098076294	0.04978380000011384	epochs	2.0
1719.8006098076294	0.02496320000000196	epochs	3.0
1719.8255730076294	0.02482060000011188	epochs	3.0
1719.8503936076295	0.04921949999993558	epochs	2.0
1719.8503936076295	0.024679399999968155	epochs	3.0
1719.8750730076295	0.024540099999967424	epochs	3.0
1719.8996131076294	0.04866790000005494	epochs	2.0
1719.8996131076294	0.024402100000088467	epochs	3.0
1719.9240152076295	0.024265799999966475	epochs	3.0
1719.9482810076295	0.048128599999927246	epochs	2.0
1719.9482810076295	0.02413099999989754	epochs	3.0
1719.9724120076294	0.023997600000029706	epochs	3.0
1719.9964096076294	0.047601100000065344	epochs	2.0
1719.9964096076294	0.023865800000066884	epochs	3.0
1720.0202754076295	0.02373529999999846	epochs	3.0
1720.0440107076295	0.04708499999992455	epochs	2.0
1720.0440107076295	0.023606299999983094	epochs	3.0
1720.0676170076295	0.023478699999941455	epochs	3.0
1720.0910957076294	0.046579999999948996	epochs	2.0
1720.0910957076294	0.023352500000100918	epochs	3.0
1720.1144482076295	0.023227499999848078	epochs	3.0
1720.1376757076293	0.046085700000048746	epochs	2.0
1720.1376757076293	0.023104000000103042	epochs	3.0
1720.1607797076294	0.022981699999945704	epochs	3.0
1720.1837614076294	0.045601799999985815	epochs	2.0
1720.1837614076294	0.02286069999991014	epochs	3.0
1720.2066221076293	0.022741100000075676	epochs	3.0
1720.2293632076294	0.04512790000012501	epochs	2.0
1720.2293632076294	0.022622500000125	epochs	3.0
1720.2519857076295	0.02250540000000001	epochs	3.0
1720.2744911076295	0.04466379999985293	epochs	2.0
1720.2744911076295	0.02238929999998618	epochs	3.0
1720.2968804076295	0.022274499999866748	epochs	3.0
1720.3191549076294	0.04420920000006845	epochs	2.0
1720.3191549076294	0.022160799999937808	epochs	3.0
1720.3413157076293	0.02204840000013064	epochs	3.0
1720.3633641076294	0.04376359999992019	epochs	2.0
1720.3633641076294	0.02193689999990056	epochs	3.0
1720.3853010076293	0.021826700000019628	epochs	3.0
1720.4071277076293	0.04332709999994222	epochs	2.0
1720.4071277076293	0.02171760000010181	epochs	3.0
1720.4288453076294	0.02160949999984041	epochs	3.0
1720.4504548076293	0.04289900000003399	epochs	2.0
1720.4504548076293	0.021502500000224245	epochs	3.0
1720.4719573076295	0.021396499999809748	epochs	3.0
1720.4933538076293	0.04247950000012679	epochs	2.0
1720.4933538076293	0.021291700000119818	epochs	3.0
1720.5146455076294	0.021187800000006973	epochs	3.0
1720.5358333076294	0.04206789999989269	epochs	2.0
1720.5358333076294	0.02108490000000529	epochs	3.0
1720.5569182076295	0.020982999999887397	epochs	3.0
1720.5779012076293	0.04166439999994509	epochs	2.0
1720.5779012076293	0.020882199999959994	epochs	3.0
1720.5987834076293	0.020782199999985096	epochs	3.0
1720.6195656076293	0.04126850000011473	epochs	2.0
1720.6195656076293	0.02068330000020069	epochs	3.0
1720.6402489076295	0.02058519999991404	epochs	3.0
1720.6608341076294	0.04088000000001557	epochs	2.0
1720.6608341076294	0.020488099999965925	epochs	3.0
1720.6813222076294	0.020391900000049645	epochs	3.0
1720.7017141076294	0.04049880000002304	epochs	2.0
1720.7017141076294	0.020296599999937825	epochs	3.0
1720.7220107076294	0.020202200000085213	epochs	3.0
1720.7422129076294	0.040124599999899146	epochs	2.0
1720.7422129076294	0.02010870000003706	epochs	3.0
1720.7623216076295	0.020015899999862086	epochs	3.0
1720.7823375076293	0.03975730000001931	epochs	2.0
1720.7823375076293	0.019924200000104975	epochs	3.0
1720.8022617076294	0.01983309999991434	epochs	3.0
1720.8220948076294	0.03939669999999751	epochs	2.0
1720.8220948076294	0.01974300000006224	epochs	3.0
1720.8418378076294	0.01965369999993527	epochs	3.0
1720.8614915076294	0.03904239999997117	epochs	2.0
1720.8614915076294	0.019565100000136226	epochs	3.0
1720.8810566076295	0.01947729999983494	epochs	3.0
1720.9005339076293	0.038694600000098944	epochs	2.0
1720.9005339076293	0.019390400000020236	epochs	3.0
1720.9199243076293	0.01930420000007871	epochs	3.0
1720.9392285076294	0.03835290000006353	epochs	2.0
1720.9392285076294	0.019218799999862313	epochs	3.0
1720.9584473076293	0.019134100000201215	epochs	3.0
1720.9775814076295	0.03801720000001296	epochs	2.0
1720.9775814076295	0.019050199999810502	epochs	3.0
1720.9966316076293	0.01896700000020246	epochs	3.0
1721.0155986076295	0.03768719999993664	epochs	2.0
1721.0155986076295	0.018884499999785476	epochs	3.0
1721.0344831076293	0.018802700000151162	epochs	3.0
1721.0532858076294	0.03736309999999321	epochs	2.0
1721.0532858076294	0.018721700000014607	epochs	3.0
1721.0720075076295	0.018641399999978603	epochs	3.0
1721.0906489076294	0.03704429999993408	epochs	2.0
1721.0906489076294	0.018561599999884493	epochs	3.0
1721.1092105076293	0.01848270000004959	epochs	3.0
1721.1276932076294	0.036731000000145286	epochs	2.0
1721.1276932076294	0.018404299999929208	epochs	3.0
1721.1460975076293	0.01832670000021608	epochs	3.0
1721.1644242076295	0.03642289999993409	epochs	2.0
1721.1644242076295	0.018249599999990096	epochs	3.0
1721.1826738076295	0.018173299999943993	epochs	3.0
1721.2008471076294	0.03612010000006194	epochs	2.0
1721.2008471076294	0.01809759999991911	epochs	3.0
1721.2189447076294	0.018022500000142827	epochs	3.0
1721.2369672076295	0.03582209999990482	epochs	2.0
1721.2369672076295	0.01794789999985369	epochs	3.0
1721.2549151076294	0.017874200000051133	epochs	3.0
1721.2727893076294	0.03552899999999681	epochs	2.0
1721.2727893076294	0.017800800000031813	epochs	3.0
1721.2905901076294	0.017728199999965	epochs	3.0
1721.3083183076294	0.03524070000003121	epochs	2.0
1721.3083183076294	0.017656100000067454	epochs	3.0
1721.3259744076295	0.017584599999963757	epochs	3.0
1721.3435590076294	0.03495709999992869	epochs	2.0
1721.3435590076294	0.017513699999881283	epochs	3.0
1721.3610727076293	0.017443400000047404	epochs	3.0
1721.3785161076294	0.03467790000013338	epochs	2.0
1721.3785161076294	0.017373599999928047	epochs	3.0
1721.3958897076293	0.01730430000020533	epochs	3.0
1721.4131940076295	0.03440329999989444	epochs	2.0
1721.4131940076295	0.017235699999901044	epochs	3.0
1721.4304297076294	0.0171675999999934	epochs	3.0
1721.4475973076294	0.03413279999995211	epochs	2.0
1721.4475973076294	0.01709989999994832	epochs	3.0
1721.4646972076293	0.017032900000003792	epochs	3.0
1721.4817301076293	0.03386670000008962	epochs	2.0
1721.4817301076293	0.01696640000000116	epochs	3.0
1721.4986965076293	0.016900300000088464	epochs	3.0
1721.5155968076294	0.03360459999998966	epochs	2.0
1721.5155968076294	0.01683479999996962	epochs	3.0
1721.5324316076294	0.01676980000002004	epochs	3.0
1721.5492014076294	0.033346599999958926	epochs	2.0
1721.5492014076294	0.016705300000012357	epochs	3.0
1721.5659067076294	0.01664129999994657	epochs	3.0
1721.5825480076294	0.03309250000006614	epochs	2.0
1721.5825480076294	0.016577800000050047	epochs	3.0
1721.5991258076294	0.01651470000001609	epochs	3.0
1721.6156405076295	0.03284229999985655	epochs	2.0
1721.6156405076295	0.01645220000000336	epochs	3.0
1721.6320927076295	0.01639009999985319	epochs	3.0
1721.6484828076293	0.03259570000000167	epochs	2.0
1721.6484828076293	0.016328400000020338	epochs	3.0
1721.6648112076293	0.016267299999981333	epochs	3.0
1721.6810785076293	0.032352899999978035	epochs	2.0
1721.6810785076293	0.016206600000032267	epochs	3.0
1721.6972851076293	0.016146299999945768	epochs	3.0
1721.7134314076293	0.032113700000081735	epochs	2.0
1721.7134314076293	0.016086600000107865	epochs	3.0
1721.7295180076294	0.01602709999997387	epochs	3.0
1721.7455451076294	0.03187800000000607	epochs	2.0
1721.7455451076294	0.015968200000088473	epochs	3.0
1721.7615133076295	0.015909799999917595	epochs	3.0
1721.7774231076294	0.03164570000012645	epochs	2.0
1721.7774231076294	0.015851599999905375	epochs	3.0
1721.7932747076293	0.01579410000022108	epochs	3.0
1721.8090688076295	0.031416699999908815	epochs	2.0
1721.8090688076295	0.01573669999993399	epochs	3.0
1721.8248055076294	0.015679999999974825	epochs	3.0
1721.8404855076294	0.03119109999988723	epochs	2.0
1721.8404855076294	0.015623600000026272	epochs	3.0
1721.8561091076294	0.015567499999860956	epochs	3.0
1721.8716766076293	0.03096870000013041	epochs	2.0
1721.8716766076293	0.01551200000017161	epochs	3.0
1721.8871886076295	0.0154566999999588	epochs	3.0
1721.9026453076294	0.030749499999956242	epochs	2.0
1721.9026453076294	0.015401999999994587	epochs	3.0
1721.9180473076294	0.015347499999961656	epochs	3.0
1721.9333948076294	0.03053320000003623	epochs	2.0
1721.9333948076294	0.015293400000018664	epochs	3.0
1721.9486882076294	0.015239800000017567	epochs	3.0
1721.9639280076294	0.030320099999926242	epochs	2.0
1721.9639280076294	0.015186500000027081	epochs	3.0
1721.9791145076294	0.015133599999899161	epochs	3.0
1721.9942481076293	0.03010990000007041	epochs	2.0
1721.9942481076293	0.015081000000009226	epochs	3.0
1722.0093291076294	0.015028900000061185	epochs	3.0
1722.0243580076294	0.029902499999934662	epochs	2.0
1722.0243580076294	0.014977000000044427	epochs	3.0
1722.0393350076295	0.014925499999890235	epochs	3.0
1722.0542605076294	0.0296981000001324	epochs	2.0
1722.0542605076294	0.014874400000053356	epochs	3.0
1722.0691349076294	0.014823700000079043	epochs	3.0
1722.0839586076295	0.029496299999891562	epochs	2.0
1722.0839586076295	0.01477319999980864	epochs	3.0
1722.0987318076293	0.014723100000082923	epochs	3.0
1722.1134549076294	0.029297400000132257	epochs	2.0
1722.1134549076294	0.014673399999992398	epochs	3.0
1722.1281283076294	0.014624000000139858	epochs	3.0
1722.1427523076295	0.029101099999934377	epochs	2.0
1722.1427523076295	0.014574899999843183	epochs	3.0
1722.1573272076294	0.014526200000091194	epochs	3.0
1722.1718534076294	0.028907399999980044	epochs	2.0
1722.1718534076294	0.014477700000043114	epochs	3.0
1722.1863311076295	0.014429699999936929	epochs	3.0
1722.2007608076294	0.028716199999962555	epochs	2.0
1722.2007608076294	0.014381799999910072	epochs	3.0
1722.2151426076293	0.014334400000052483	epochs	3.0
1722.2294770076294	0.02852759999996124	epochs	2.0
1722.2294770076294	0.014287199999898803	epochs	3.0
1722.2437642076293	0.014240400000062436	epochs	3.0
1722.2580046076293	0.028341400000044814	epochs	2.0
1722.2580046076293	0.014193800000157353	epochs	3.0
1722.2721984076295	0.014147599999887461	epochs	3.0
1722.2863460076294	0.028157700000065233	epochs	2.0
1722.2863460076294	0.014101700000082928	epochs	3.0
1722.3004477076295	0.014055999999982305	epochs	3.0
1722.3145037076295	0.02797629999986384	epochs	2.0
1722.3145037076295	0.014010599999892293	epochs	3.0
1722.3285143076293	0.013965699999971548	epochs	3.0
1722.3424800076293	0.027797200000122757	epochs	2.0
1722.3424800076293	0.013920800000050804	epochs	3.0
1722.3564008076294	0.013876400000071953	epochs	3.0
1722.3702772076294	0.027620399999932488	epochs	2.0
1722.3702772076294	0.013832200000024386	epochs	3.0
1722.3841094076295	0.013788199999908102	epochs	3.0
1722.3978976076294	0.027445899999975154	epochs	2.0
1722.3978976076294	0.01374460000010913	epochs	3.0
1722.4116422076295	0.013701299999866023	epochs	3.0
1722.4253435076293	0.0272735000000921	epochs	2.0
1722.4253435076293	0.013658200000008947	epochs	3.0
1722.4390017076294	0.013615300000083153	epochs	3.0
1722.4526170076294	0.027103399999987232	epochs	2.0
1722.4526170076294	0.013572800000019924	epochs	3.0
1722.4661898076295	0.013530599999967308	epochs	3.0
1722.4797204076294	0.02693520000002536	epochs	2.0
1722.4797204076294	0.01348839999991469	epochs	3.0
1722.4932088076293	0.01344680000011067	epochs	3.0
1722.5066556076295	0.026769199999989723	epochs	2.0
1722.5066556076295	0.013405199999851902	epochs	3.0
1722.5200608076293	0.013364000000137821	epochs	3.0
1722.5334248076294	0.026605199999949036	epochs	2.0
1722.5334248076294	0.013322900000048321	epochs	3.0
1722.5467477076295	0.013282299999900715	epochs	3.0
1722.5600300076294	0.0264431999999033	epochs	2.0
1722.5600300076294	0.013241699999980483	epochs	3.0
1722.5732717076294	0.013201499999922817	epochs	3.0
1722.5864732076293	0.026283200000079887	epochs	2.0
1722.5864732076293	0.013161500000023807	epochs	3.0
1722.5996347076293	0.01312170000005608	epochs	3.0
1722.6127564076294	0.02612500000009277	epochs	2.0
1722.6127564076294	0.013082100000019636	epochs	3.0
1722.6258385076294	0.013042900000073132	epochs	3.0
1722.6388814076295	0.025968899999952555	epochs	2.0
1722.6388814076295	0.013003899999830537	epochs	3.0
1722.6518853076293	0.012965000000122018	epochs	3.0
1722.6648503076294	0.025814500000024054	epochs	2.0
1722.6648503076294	0.012926399999969362	epochs	3.0
1722.6777767076294	0.012888100000054692	epochs	3.0
1722.6906648076294	0.025661899999931848	epochs	2.0
1722.6906648076294	0.012849899999991976	epochs	3.0
1722.7035147076294	0.012811999999939871	epochs	3.0
1722.7163267076294	0.025511199999982637	epochs	2.0
1722.7163267076294	0.012774400000125752	epochs	3.0
1722.7291011076295	0.012736799999856885	epochs	3.0
1722.7418379076294	0.025362300000097093	epochs	2.0
1722.7418379076294	0.01269969999998466	epochs	3.0
1722.7545376076293	0.012662600000112434	epochs	3.0
1722.7672002076295	0.025214999999889187	epochs	2.0
1722.7672002076295	0.012625800000023446	epochs	3.0
1722.7798260076295	0.012589199999865741	epochs	3.0
1722.7924152076293	0.024584799999956886	epochs	2.0
1722.8134000076293	0.5	epochs	-1.0
1722.8170000076293	0.4994400000000496	epochs	1.0
1723.3164400076294	0.5004800000001524	epochs	0.0
1726.2239999771118	0.09999999999990905	epochs	0.0
1726.2239999771118	0.04500000000007276	epochs	1.0
1726.268999977112	0.009999999999990905	epochs	1.0
1726.2789999771119	0.044999999999845386	epochs	1.0
1726.3239999771117	2.0	epochs	0.0
1728.3239999771117	5.360160000000178	epochs	0.0
1728.3239999771117	1.0	epochs	1.0
1728.3239999771117	0.5	epochs	-1.0
1728.8239999771117	4.860160000000178	epochs	-1.0
1729.3239999771117	4.360160000000178	epochs	1.0
1729.3239999771117	4.356753900000058	epochs	-1.0
1729.3239999771117	1.9745872000000873	epochs	2.0
1729.3239999771117	1.0985622000000603	epochs	3.0
1730.4225621771118	0.8760250000000269	epochs	3.0
1731.2985871771118	1.3524075000000266	epochs	2.0
1731.2985871771118	0.7286355000001095	epochs	3.0
1732.027222677112	0.6237719999999172	epochs	3.0
1732.6509946771118	1.029759199999944	epochs	2.0
1732.6509946771118	0.5453293000000485	epochs	3.0
1733.196323977112	0.4844298999998955	epochs	3.0
1733.6807538771118	0.0034061000001202046	epochs	2.0
1733.6807538771118	0.0034061000001202046	epochs	3.0
1733.684159977112	16.639760000000024	epochs	0.0
1736.5690002441406	0.09999999999990905	epochs	0.0
1736.5690002441406	0.04500000000007276	epochs	1.0
1736.6140002441407	0.009999999999990905	epochs	1.0
1736.6240002441407	0.044999999999845386	epochs	1.0
1736.6690002441405	2.0	epochs	0.0
1738.6690002441405	5.359360000000152	epochs	0.0
1738.6690002441405	1.0	epochs	1.0
1738.6690002441405	0.5	epochs	-1.0
1739.1690002441405	4.859360000000152	epochs	-1.0
1739.6690002441405	4.359360000000152	epochs	1.0
1739.6690002441405	4.356753900000058	epochs	-1.0
1739.6690002441405	1.9745872000000873	epochs	2.0
1739.6690002441405	1.0985622000000603	epochs	3.0
1740.7675624441406	0.8760250000000269	epochs	3.0
1741.6435874441406	1.3524075000000266	epochs	2.0
1741.6435874441406	0.7286355000001095	epochs	3.0
1742.3722229441407	0.6237719999999172	epochs	3.0
1742.9959949441406	1.029759199999944	epochs	2.0
1742.9959949441406	0.5453293000000485	epochs	3.0
1743.5413242441407	0.4844298999998955	epochs	3.0
1744.0257541441406	0.0026061000000936474	epochs	2.0
1744.0257541441406	0.0026061000000936474	epochs	3.0
1744.0283602441407	16.64056000000005	epochs	0.0
1746.7480001449585	0.09999999999990905	epochs	0.0
1746.7480001449585	0.04500000000007276	epochs	1.0
1746.7930001449586	0.009999999999990905	epochs	1.0
1746.8030001449586	0.044999999999845386	epochs	1.0
1746.8480001449584	2.0	epochs	0.0
1748.8480001449584	21.519600000000082	epochs	0.0
1748.8480001449584	1.0	epochs	1.0
1748.8480001449584	0.5	epochs	-1.0
1749.3480001449584	19.99720000000002	epochs	-1.0
1749.8480001449584	20.0	epochs	1.0
1749.8480001449584	4.356753900000058	epochs	-1.0
1749.8480001449584	1.9745872000000873	epochs	2.0
1749.8480001449584	1.0985622000000603	epochs	3.0
1750.9465623449585	0.8760250000000269	epochs	3.0
1751.8225873449585	1.3524075000000266	epochs	2.0
1751.8225873449585	0.7286355000001095	epochs	3.0
1752.5512228449586	0.6237719999999172	epochs	3.0
1753.1749948449585	1.029759199999944	epochs	2.0
1753.1749948449585	0.5453293000000485	epochs	3.0
1753.7203241449586	0.4844298999998955	epochs	3.0
1754.2047540449585	0.8317862000001242	epochs	2.0
1754.2047540449585	0.4357763000000432	epochs	3.0
1754.6405303449585	0.39600990000008096	epochs	3.0
1755.0365402449586	0.6977969999998095	epochs	2.0
1755.0365402449586	0.3628982000000178	epochs	3.0
1755.3994384449586	0.33489879999979166	epochs	3.0
1755.7343372449584	0.601045699999986	epochs	2.0
1755.7343372449584	0.3109123000001546	epochs	3.0
1756.0452495449586	0.29013339999983145	epochs	3.0
1756.3353829449584	0.5278859000000011	epochs	2.0
1756.3353829449584	0.2719586000000618	epochs	3.0
1756.6073415449584	0.25592729999993935	epochs	3.0
1756.8632688449584	0.4706193000001804	epochs	2.0
1756.8632688449584	0.24168130000020938	epochs	3.0
1757.1049501449586	0.228937999999971	epochs	3.0
1757.3338881449586	0.42457039999999324	epochs	2.0
1757.3338881449586	0.21747140000002219	epochs	3.0
1757.5513595449586	0.20709899999997106	epochs	3.0
1757.7584585449586	0.3867353999999068	epochs	2.0
1757.7584585449586	0.19767109999997956	epochs	3.0
1757.9561296449585	0.18906429999992724	epochs	3.0
1758.1451939449585	0.35509530000013	epochs	2.0
1758.1451939449585	0.18117589999997108	epochs	3.0
1758.3263698449584	0.17391940000015893	epochs	3.0
1758.5002892449586	0.3282431000000088	epochs	2.0
1758.5002892449586	0.16722189999995862	epochs	3.0
1758.6675111449586	0.16102120000005016	epochs	3.0
1758.8285323449586	0.3051679999998669	epochs	2.0
1758.8285323449586	0.15526389999990897	epochs	3.0
1758.9837962449585	0.1499040999999579	epochs	3.0
1759.1337003449585	0.28512530000011793	epochs	2.0
1759.1337003449585	0.1449021000000812	epochs	3.0
1759.2786024449586	0.14022320000003674	epochs	3.0
1759.4188256449586	0.2675537999998596	epochs	2.0
1759.4188256449586	0.1358368999999584	epochs	3.0
1759.5546625449585	0.13171689999990122	epochs	3.0
1759.6863794449584	0.25202290000015637	epochs	2.0
1759.6863794449584	0.1278393000000051	epochs	3.0
1759.8142187449585	0.12418360000015127	epochs	3.0
1759.9384023449586	0.23819649999995818	epochs	2.0
1759.9384023449586	0.1207310999998299	epochs	3.0
1760.0591334449584	0.11746540000012828	epochs	3.0
1760.1765988449586	0.22580879999986792	epochs	2.0
1760.1765988449586	0.1143718999999237	epochs	3.0
1760.2909707449585	0.11143689999994422	epochs	3.0
1760.4024076449584	0.2146460000001298	epochs	2.0
1760.4024076449584	0.10864890000016203	epochs	3.0
1760.5110565449586	0.10599709999996776	epochs	3.0
1760.6170536449586	0.2045349999998507	epochs	2.0
1760.6170536449586	0.1034714999998414	epochs	3.0
1760.7205251449584	0.1010635000000093	epochs	3.0
1760.8215886449584	0.19533400000000256	epochs	2.0
1760.8215886449584	0.09876510000003691	epochs	3.0
1760.9203537449584	0.09656889999996565	epochs	3.0
1761.0169226449584	0.18692529999998442	epochs	2.0
1761.0169226449584	0.09446830000001682	epochs	3.0
1761.1113909449584	0.09245699999996759	epochs	3.0
1761.2038479449584	0.1792107000001124	epochs	2.0
1761.2038479449584	0.0905296000000817	epochs	3.0
1761.2943775449585	0.08868110000003071	epochs	3.0
1761.3830586449585	0.17210769999996955	epochs	2.0
1761.3830586449585	0.08690630000000965	epochs	3.0
1761.4699649449585	0.0852013999999599	epochs	3.0
1761.5551663449585	0.16554640000003928	epochs	2.0
1761.5551663449585	0.08356189999994967	epochs	3.0
1761.6387282449584	0.08198450000008961	epochs	3.0
1761.7207127449585	0.15946710000002895	epochs	2.0
1761.7207127449585	0.08046539999986635	epochs	3.0
1761.8011781449584	0.0790017000001626	epochs	3.0
1761.8801798449585	0.1538183999998637	epochs	2.0
1761.8801798449585	0.07759009999995214	epochs	3.0
1761.9577699449585	0.07622829999991154	epochs	3.0
1762.0339982449584	0.14855640000018866	epochs	2.0
1762.0339982449584	0.07491330000016205	epochs	3.0
1762.1089115449586	0.0736431000000266	epochs	3.0
1762.1825546449586	0.1436423999998624	epochs	2.0
1762.1825546449586	0.07241499999986445	epochs	3.0
1762.2549696449585	0.07122739999999794	epochs	3.0
1762.3261970449585	0.13904309999998077	epochs	2.0
1762.3261970449585	0.07007799999996678	epochs	3.0
1762.3962750449584	0.06896510000001399	epochs	3.0
1762.4652401449584	0.1347293000001173	epochs	2.0
1762.4652401449584	0.0678871000000072	epochs	3.0
1762.5331272449585	0.0668422000001101	epochs	3.0
1762.5999694449586	0.1306752000000415	epochs	2.0
1762.5999694449586	0.06582909999997355	epochs	3.0
1762.6657985449585	0.06484610000006796	epochs	3.0
1762.7306446449586	0.1268577999999252	epochs	2.0
1762.7306446449586	0.06389199999989614	epochs	3.0
1762.7945366449585	0.06296580000002905	epochs	3.0
1762.8575024449585	0.12325719999989815	epochs	2.0
1762.8575024449585	0.06206580000002759	epochs	3.0
1762.9195682449586	0.061191399999870555	epochs	3.0
1762.9807596449584	0.11985540000000583	epochs	2.0
1762.9807596449584	0.060341099999959624	epochs	3.0
1763.0411007449584	0.059514300000046205	epochs	3.0
1763.1006150449584	0.11663620000012997	epochs	2.0
1763.1006150449584	0.05870960000015657	epochs	3.0
1763.1593246449586	0.057926599999973405	epochs	3.0
1763.2172512449586	0.11358559999985118	epochs	2.0
1763.2172512449586	0.05716419999998834	epochs	3.0
1763.2744154449585	0.05642139999986284	epochs	3.0
1763.3308368449584	0.11069050000014613	epochs	2.0
1763.3308368449584	0.055697900000041045	epochs	3.0
1763.3865347449585	0.054992600000105085	epochs	3.0
1763.4415273449586	0.10793909999983953	epochs	2.0
1763.4415273449586	0.05430490000003374	epochs	3.0
1763.4958322449586	0.05363419999980579	epochs	3.0
1763.5494664449584	0.10532150000017282	epochs	2.0
1763.5494664449584	0.052980000000161453	epochs	3.0
1763.6024464449586	0.052341500000011365	epochs	3.0
1763.6547879449586	0.10282759999995505	epochs	2.0
1763.6547879449586	0.05171810000001642	epochs	3.0
1763.7065060449586	0.051109499999938635	epochs	3.0
1763.7576155449585	0.10044909999987794	epochs	2.0
1763.7576155449585	0.050514900000052876	epochs	3.0
1763.8081304449586	0.04993419999982507	epochs	3.0
1763.8580646449584	0.09817830000019967	epochs	2.0
1763.8580646449584	0.04936659999998483	epochs	3.0
1763.9074312449584	0.04881170000021484	epochs	3.0
1763.9562429449586	0.09600779999982478	epochs	2.0
1763.9562429449586	0.048269199999822376	epochs	3.0
1764.0045121449584	0.04773860000000241	epochs	3.0
1764.0522507449584	0.09393120000004274	epochs	2.0
1764.0522507449584	0.04721949999998287	epochs	3.0
1764.0994702449584	0.046711700000059864	epochs	3.0
1764.1461819449585	0.09194260000003851	epochs	2.0
1764.1461819449585	0.046214599999984785	epochs	3.0
1764.1923965449585	0.045728000000053726	epochs	3.0
1764.2381245449585	0.09003630000006524	epochs	2.0
1764.2381245449585	0.045251499999949374	epochs	3.0
1764.2833760449585	0.044784800000115865	epochs	3.0
1764.3281608449586	0.08820760000003247	epochs	2.0
1764.3281608449586	0.044327800000019124	epochs	3.0
1764.3724886449586	0.04387980000001335	epochs	3.0
1764.4163684449586	0.0864516999999978	epochs	2.0
1764.4163684449586	0.04344099999980244	epochs	3.0
1764.4598094449584	0.04301070000019536	epochs	3.0
1764.5028201449586	0.08476429999996071	epochs	2.0
1764.5028201449586	0.04258899999990717	epochs	3.0
1764.5454091449585	0.04217530000005354	epochs	3.0
1764.5875844449586	0.08314150000001064	epochs	2.0
1764.5875844449586	0.04176970000003166	epochs	3.0
1764.6293541449586	0.041371799999978975	epochs	3.0
1764.6707259449586	0.08157970000002024	epochs	2.0
1764.6707259449586	0.040981399999964196	epochs	3.0
1764.7117073449585	0.04059830000005604	epochs	3.0
1764.7523056449586	0.08007549999979346	epochs	2.0
1764.7523056449586	0.04022229999986848	epochs	3.0
1764.7925279449585	0.03985319999992498	epochs	3.0
1764.8323811449584	0.07862570000020241	epochs	2.0
1764.8323811449584	0.039490800000066884	epochs	3.0
1764.8718719449585	0.03913490000013553	epochs	3.0
1764.9110068449586	0.07722760000001472	epochs	2.0
1764.9110068449586	0.03878539999982422	epochs	3.0
1764.9497922449584	0.038442200000190496	epochs	3.0
1764.9882344449586	0.07587819999980638	epochs	2.0
1764.9882344449586	0.03810479999992822	epochs	3.0
1765.0263392449585	0.037773399999878166	epochs	3.0
1765.0641126449584	0.0745752000000266	epochs	2.0
1765.0641126449584	0.03744770000002973	epochs	3.0
1765.1015603449584	0.03712749999999687	epochs	3.0
1765.1386878449584	0.07331629999998768	epochs	2.0
1765.1386878449584	0.0368129000000863	epochs	3.0
1765.1755007449585	0.036503399999901376	epochs	3.0
1765.2120041449584	0.07209899999998015	epochs	2.0
1765.2120041449584	0.03619909999997617	epochs	3.0
1765.2482032449584	0.03589990000000398	epochs	3.0
1765.2841031449584	0.07092170000009901	epochs	2.0
1765.2841031449584	0.03560560000005353	epochs	3.0
1765.3197087449585	0.03531610000004548	epochs	3.0
1765.3550248449585	0.06978200000003199	epochs	2.0
1765.3550248449585	0.03503120000004856	epochs	3.0
1765.3900560449586	0.03475079999998343	epochs	3.0
1765.4248068449585	0.06867859999988468	epochs	2.0
1765.4248068449585	0.03447510000000875	epochs	3.0
1765.4592819449585	0.03420349999987593	epochs	3.0
1765.4934854449584	0.06760930000018561	epochs	2.0
1765.4934854449584	0.033936199999970995	epochs	3.0
1765.5274216449584	0.03367310000021462	epochs	3.0
1765.5610947449586	0.06657289999998284	epochs	2.0
1765.5610947449586	0.03341399999999339	epochs	3.0
1765.5945087449586	0.033158899999989444	epochs	3.0
1765.6276676449586	0.06556779999982609	epochs	2.0
1765.6276676449586	0.03290769999989607	epochs	3.0
1765.6605753449585	0.032660099999930026	epochs	3.0
1765.6932354449584	0.06459259999996902	epochs	2.0
1765.6932354449584	0.03241640000010193	epochs	3.0
1765.7256518449585	0.032176199999867094	epochs	3.0
1765.7578280449584	0.06364600000006249	epochs	2.0
1765.7578280449584	0.03193960000021434	epochs	3.0
1765.7897676449586	0.031706399999848145	epochs	3.0
1765.8214740449584	0.0627266999999847	epochs	2.0
1765.8214740449584	0.03147660000013275	epochs	3.0
1765.8529506449586	0.031250099999851955	epochs	3.0
1765.8842007449584	0.06183359999999993	epochs	2.0
1765.8842007449584	0.031026900000142632	epochs	3.0
1765.9152276449586	0.0308066999998573	epochs	3.0
1765.9460343449584	0.06096560000014506	epochs	2.0
1765.9460343449584	0.03058980000014344	epochs	3.0
1765.9766241449586	0.030375800000001618	epochs	3.0
1766.0069999449586	0.06012160000000222	epochs	2.0
1766.0069999449586	0.030164899999817862	epochs	3.0
1766.0371648449584	0.029956700000184355	epochs	3.0
1766.0671215449586	0.05930069999999432	epochs	2.0
1766.0671215449586	0.029751599999826794	epochs	3.0
1766.0968731449584	0.029549100000167527	epochs	3.0
1766.1264222449586	0.05850179999993088	epochs	2.0
1766.1264222449586	0.02934940000000097	epochs	3.0
1766.1557716449586	0.029152399999929912	epochs	3.0
1766.1849240449585	0.05772419999993872	epochs	2.0
1766.1849240449585	0.028958000000102402	epochs	3.0
1766.2138820449586	0.028766199999836317	epochs	3.0
1766.2426482449584	0.05696710000006533	epochs	2.0
1766.2426482449584	0.028577000000041153	epochs	3.0
1766.2712252449585	0.028390100000024177	epochs	3.0
1766.2996153449585	0.05622949999997218	epochs	2.0
1766.2996153449585	0.028205699999944045	epochs	3.0
1766.3278210449585	0.028023800000028132	epochs	3.0
1766.3558448449585	0.05551070000001346	epochs	2.0
1766.3558448449585	0.027843999999959124	epochs	3.0
1766.3836888449584	0.027666700000054334	epochs	3.0
1766.4113555449585	0.054810200000019904	epochs	2.0
1766.4113555449585	0.02749149999999645	epochs	3.0
1766.4388470449585	0.027318700000023455	epochs	3.0
1766.4661657449585	0.054126999999880354	epochs	2.0
1766.4661657449585	0.027147799999966082	epochs	3.0
1766.4933135449585	0.026979199999914272	epochs	3.0
1766.5202927449584	0.05346070000018699	epochs	2.0
1766.5202927449584	0.026812600000084785	epochs	3.0
1766.5471053449585	0.026648100000102204	epochs	3.0
1766.5737534449586	0.05281070000000909	epochs	2.0
1766.5737534449586	0.0264855999998872	epochs	3.0
1766.6002390449585	0.026325100000121893	epochs	3.0
1766.6265641449586	0.052176199999848905	epochs	2.0
1766.6265641449586	0.026166399999965506	epochs	3.0
1766.6527305449586	0.0260097999998834	epochs	3.0
1766.6787403449584	0.051556699999991906	epochs	2.0
1766.6787403449584	0.02585480000016105	epochs	3.0
1766.7045951449586	0.025701899999830857	epochs	3.0
1766.7302970449584	0.05095189999997274	epochs	2.0
1766.7302970449584	0.025550700000167126	epochs	3.0
1766.7558477449586	0.025401199999805613	epochs	3.0
1766.7812489449584	0.05036100000006627	epochs	2.0
1766.7812489449584	0.025253500000189888	epochs	3.0
1766.8065024449586	0.02510749999987638	epochs	3.0
1766.8316099449585	0.04978380000011384	epochs	2.0
1766.8316099449585	0.02496320000000196	epochs	3.0
1766.8565731449585	0.02482060000011188	epochs	3.0
1766.8813937449586	0.04921949999993558	epochs	2.0
1766.8813937449586	0.024679399999968155	epochs	3.0
1766.9060731449586	0.024540099999967424	epochs	3.0
1766.9306132449585	0.04866790000005494	epochs	2.0
1766.9306132449585	0.024402100000088467	epochs	3.0
1766.9550153449586	0.024265799999966475	epochs	3.0
1766.9792811449586	0.048128599999927246	epochs	2.0
1766.9792811449586	0.02413099999989754	epochs	3.0
1767.0034121449585	0.023997600000029706	epochs	3.0
1767.0274097449585	0.047601100000065344	epochs	2.0
1767.0274097449585	0.023865800000066884	epochs	3.0
1767.0512755449586	0.02373529999999846	epochs	3.0
1767.0750108449586	0.04708499999992455	epochs	2.0
1767.0750108449586	0.023606299999983094	epochs	3.0
1767.0986171449586	0.023478699999941455	epochs	3.0
1767.1220958449585	0.046579999999948996	epochs	2.0
1767.1220958449585	0.023352500000100918	epochs	3.0
1767.1454483449586	0.023227499999848078	epochs	3.0
1767.1686758449584	0.046085700000048746	epochs	2.0
1767.1686758449584	0.023104000000103042	epochs	3.0
1767.1917798449585	0.022981699999945704	epochs	3.0
1767.2147615449585	0.045601799999985815	epochs	2.0
1767.2147615449585	0.02286069999991014	epochs	3.0
1767.2376222449584	0.022741100000075676	epochs	3.0
1767.2603633449585	0.04512790000012501	epochs	2.0
1767.2603633449585	0.022622500000125	epochs	3.0
1767.2829858449586	0.02250540000000001	epochs	3.0
1767.3054912449586	0.04466379999985293	epochs	2.0
1767.3054912449586	0.02238929999998618	epochs	3.0
1767.3278805449586	0.022274499999866748	epochs	3.0
1767.3501550449585	0.04420920000006845	epochs	2.0
1767.3501550449585	0.022160799999937808	epochs	3.0
1767.3723158449584	0.02204840000013064	epochs	3.0
1767.3943642449585	0.04376359999992019	epochs	2.0
1767.3943642449585	0.02193689999990056	epochs	3.0
1767.4163011449584	0.021826700000019628	epochs	3.0
1767.4381278449584	0.04332709999994222	epochs	2.0
1767.4381278449584	0.02171760000010181	epochs	3.0
1767.4598454449585	0.02160949999984041	epochs	3.0
1767.4814549449584	0.04289900000003399	epochs	2.0
1767.4814549449584	0.021502500000224245	epochs	3.0
1767.5029574449586	0.021396499999809748	epochs	3.0
1767.5243539449584	0.04247950000012679	epochs	2.0
1767.5243539449584	0.021291700000119818	epochs	3.0
1767.5456456449585	0.021187800000006973	epochs	3.0
1767.5668334449585	0.04206789999989269	epochs	2.0
1767.5668334449585	0.02108490000000529	epochs	3.0
1767.5879183449586	0.020982999999887397	epochs	3.0
1767.6089013449584	0.04166439999994509	epochs	2.0
1767.6089013449584	0.020882199999959994	epochs	3.0
1767.6297835449584	0.020782199999985096	epochs	3.0
1767.6505657449584	0.04126850000011473	epochs	2.0
1767.6505657449584	0.02068330000020069	epochs	3.0
1767.6712490449586	0.02058519999991404	epochs	3.0
1767.6918342449585	0.04088000000001557	epochs	2.0
1767.6918342449585	0.020488099999965925	epochs	3.0
1767.7123223449585	0.020391900000049645	epochs	3.0
1767.7327142449585	0.04049880000002304	epochs	2.0
1767.7327142449585	0.020296599999937825	epochs	3.0
1767.7530108449585	0.020202200000085213	epochs	3.0
1767.7732130449585	0.040124599999899146	epochs	2.0
1767.7732130449585	0.02010870000003706	epochs	3.0
1767.7933217449586	0.020015899999862086	epochs	3.0
1767.8133376449584	0.03975730000001931	epochs	2.0
1767.8133376449584	0.019924200000104975	epochs	3.0
1767.8332618449585	0.01983309999991434	epochs	3.0
1767.8530949449585	0.03939669999999751	epochs	2.0
1767.8530949449585	0.01974300000006224	epochs	3.0
1767.8728379449585	0.01965369999993527	epochs	3.0
1767.8924916449585	0.03904239999997117	epochs	2.0
1767.8924916449585	0.019565100000136226	epochs	3.0
1767.9120567449586	0.01947729999983494	epochs	3.0
1767.9315340449584	0.038694600000098944	epochs	2.0
1767.9315340449584	0.019390400000020236	epochs	3.0
1767.9509244449584	0.01930420000007871	epochs	3.0
1767.9702286449585	0.03835290000006353	epochs	2.0
1767.9702286449585	0.019218799999862313	epochs	3.0
1767.9894474449584	0.019134100000201215	epochs	3.0
1768.0085815449586	0.03801720000001296	epochs	2.0
1768.0085815449586	0.019050199999810502	epochs	3.0
1768.0276317449584	0.01896700000020246	epochs	3.0
1768.0465987449586	0.03768719999993664	epochs	2.0
1768.0465987449586	0.018884499999785476	epochs	3.0
1768.0654832449584	0.018802700000151162	epochs	3.0
1768.0842859449585	0.03736309999999321	epochs	2.0
1768.0842859449585	0.018721700000014607	epochs	3.0
1768.1030076449586	0.018641399999978603	epochs	3.0
1768.1216490449585	0.03704429999993408	epochs	2.0
1768.1216490449585	0.018561599999884493	epochs	3.0
1768.1402106449584	0.01848270000004959	epochs	3.0
1768.1586933449585	0.036731000000145286	epochs	2.0
1768.1586933449585	0.018404299999929208	epochs	3.0
1768.1770976449584	0.01832670000021608	epochs	3.0
1768.1954243449586	0.03642289999993409	epochs	2.0
1768.1954243449586	0.018249599999990096	epochs	3.0
1768.2136739449586	0.018173299999943993	epochs	3.0
1768.2318472449585	0.03612010000006194	epochs	2.0
1768.2318472449585	0.01809759999991911	epochs	3.0
1768.2499448449585	0.018022500000142827	epochs	3.0
1768.2679673449586	0.03582209999990482	epochs	2.0
1768.2679673449586	0.01794789999985369	epochs	3.0
1768.2859152449585	0.017874200000051133	epochs	3.0
1768.3037894449585	0.03552899999999681	epochs	2.0
1768.3037894449585	0.017800800000031813	epochs	3.0
1768.3215902449585	0.017728199999965	epochs	3.0
1768.3393184449585	0.03524070000003121	epochs	2.0
1768.3393184449585	0.017656100000067454	epochs	3.0
1768.3569745449586	0.017584599999963757	epochs	3.0
1768.3745591449585	0.03495709999992869	epochs	2.0
1768.3745591449585	0.017513699999881283	epochs	3.0
1768.3920728449584	0.017443400000047404	epochs	3.0
1768.4095162449585	0.03467790000013338	epochs	2.0
1768.4095162449585	0.017373599999928047	epochs	3.0
1768.4268898449584	0.01730430000020533	epochs	3.0
1768.4441941449586	0.03440329999989444	epochs	2.0
1768.4441941449586	0.017235699999901044	epochs	3.0
1768.4614298449585	0.0171675999999934	epochs	3.0
1768.4785974449585	0.03413279999995211	epochs	2.0
1768.4785974449585	0.01709989999994832	epochs	3.0
1768.4956973449584	0.017032900000003792	epochs	3.0
1768.5127302449584	0.03386670000008962	epochs	2.0
1768.5127302449584	0.01696640000000116	epochs	3.0
1768.5296966449584	0.016900300000088464	epochs	3.0
1768.5465969449585	0.03360459999998966	epochs	2.0
1768.5465969449585	0.01683479999996962	epochs	3.0
1768.5634317449585	0.01676980000002004	epochs	3.0
1768.5802015449585	0.033346599999958926	epochs	2.0
1768.5802015449585	0.016705300000012357	epochs	3.0
1768.5969068449585	0.01664129999994657	epochs	3.0
1768.6135481449585	0.03309250000006614	epochs	2.0
1768.6135481449585	0.016577800000050047	epochs	3.0
1768.6301259449585	0.01651470000001609	epochs	3.0
1768.6466406449586	0.03284229999985655	epochs	2.0
1768.6466406449586	0.01645220000000336	epochs	3.0
1768.6630928449586	0.01639009999985319	epochs	3.0
1768.6794829449584	0.03259570000000167	epochs	2.0
1768.6794829449584	0.016328400000020338	epochs	3.0
1768.6958113449584	0.016267299999981333	epochs	3.0
1768.7120786449584	0.032352899999978035	epochs	2.0
1768.7120786449584	0.016206600000032267	epochs	3.0
1768.7282852449584	0.016146299999945768	epochs	3.0
1768.7444315449584	0.032113700000081735	epochs	2.0
1768.7444315449584	0.016086600000107865	epochs	3.0
1768.7605181449585	0.01602709999997387	epochs	3.0
1768.7765452449585	0.03187800000000607	epochs	2.0
1768.7765452449585	0.015968200000088473	epochs	3.0
1768.7925134449586	0.015909799999917595	epochs	3.0
1768.8084232449585	0.03164570000012645	epochs	2.0
1768.8084232449585	0.015851599999905375	epochs	3.0
1768.8242748449584	0.01579410000022108	epochs	3.0
1768.8400689449586	0.031416699999908815	epochs	2.0
1768.8400689449586	0.01573669999993399	epochs	3.0
1768.8558056449585	0.015679999999974825	epochs	3.0
1768.8714856449585	0.03119109999988723	epochs	2.0
1768.8714856449585	0.015623600000026272	epochs	3.0
1768.8871092449585	0.015567499999860956	epochs	3.0
1768.9026767449584	0.03096870000013041	epochs	2.0
1768.9026767449584	0.01551200000017161	epochs	3.0
1768.9181887449586	0.0154566999999588	epochs	3.0
1768.9336454449585	0.030749499999956242	epochs	2.0
1768.9336454449585	0.015401999999994587	epochs	3.0
1768.9490474449585	0.015347499999961656	epochs	3.0
1768.9643949449585	0.03053320000003623	epochs	2.0
1768.9643949449585	0.015293400000018664	epochs	3.0
1768.9796883449585	0.015239800000017567	epochs	3.0
1768.9949281449585	0.030320099999926242	epochs	2.0
1768.9949281449585	0.015186500000027081	epochs	3.0
1769.0101146449585	0.015133599999899161	epochs	3.0
1769.0252482449584	0.03010990000007041	epochs	2.0
1769.0252482449584	0.015081000000009226	epochs	3.0
1769.0403292449585	0.015028900000061185	epochs	3.0
1769.0553581449585	0.029902499999934662	epochs	2.0
1769.0553581449585	0.014977000000044427	epochs	3.0
1769.0703351449586	0.014925499999890235	epochs	3.0
1769.0852606449585	0.0296981000001324	epochs	2.0
1769.0852606449585	0.014874400000053356	epochs	3.0
1769.1001350449585	0.014823700000079043	epochs	3.0
1769.1149587449586	0.029496299999891562	epochs	2.0
1769.1149587449586	0.01477319999980864	epochs	3.0
1769.1297319449584	0.014723100000082923	epochs	3.0
1769.1444550449585	0.029297400000132257	epochs	2.0
1769.1444550449585	0.014673399999992398	epochs	3.0
1769.1591284449585	0.014624000000139858	epochs	3.0
1769.1737524449586	0.029101099999934377	epochs	2.0
1769.1737524449586	0.014574899999843183	epochs	3.0
1769.1883273449585	0.014526200000091194	epochs	3.0
1769.2028535449585	0.028907399999980044	epochs	2.0
1769.2028535449585	0.014477700000043114	epochs	3.0
1769.2173312449586	0.014429699999936929	epochs	3.0
1769.2317609449585	0.028716199999962555	epochs	2.0
1769.2317609449585	0.014381799999910072	epochs	3.0
1769.2461427449584	0.014334400000052483	epochs	3.0
1769.2604771449585	0.02852759999996124	epochs	2.0
1769.2604771449585	0.014287199999898803	epochs	3.0
1769.2747643449584	0.014240400000062436	epochs	3.0
1769.2890047449584	0.028341400000044814	epochs	2.0
1769.2890047449584	0.014193800000157353	epochs	3.0
1769.3031985449586	0.014147599999887461	epochs	3.0
1769.3173461449585	0.028157700000065233	epochs	2.0
1769.3173461449585	0.014101700000082928	epochs	3.0
1769.3314478449586	0.014055999999982305	epochs	3.0
1769.3455038449586	0.02797629999986384	epochs	2.0
1769.3455038449586	0.014010599999892293	epochs	3.0
1769.3595144449584	0.013965699999971548	epochs	3.0
1769.3734801449584	0.027797200000122757	epochs	2.0
1769.3734801449584	0.013920800000050804	epochs	3.0
1769.3874009449585	0.013876400000071953	epochs	3.0
1769.4012773449585	0.027620399999932488	epochs	2.0
1769.4012773449585	0.013832200000024386	epochs	3.0
1769.4151095449586	0.013788199999908102	epochs	3.0
1769.4288977449585	0.027445899999975154	epochs	2.0
1769.4288977449585	0.01374460000010913	epochs	3.0
1769.4426423449586	0.013701299999866023	epochs	3.0
1769.4563436449585	0.0272735000000921	epochs	2.0
1769.4563436449585	0.013658200000008947	epochs	3.0
1769.4700018449585	0.013615300000083153	epochs	3.0
1769.4836171449585	0.027103399999987232	epochs	2.0
1769.4836171449585	0.013572800000019924	epochs	3.0
1769.4971899449586	0.013530599999967308	epochs	3.0
1769.5107205449585	0.02693520000002536	epochs	2.0
1769.5107205449585	0.01348839999991469	epochs	3.0
1769.5242089449584	0.01344680000011067	epochs	3.0
1769.5376557449586	0.026769199999989723	epochs	2.0
1769.5376557449586	0.013405199999851902	epochs	3.0
1769.5510609449584	0.013364000000137821	epochs	3.0
1769.5644249449585	0.026605199999949036	epochs	2.0
1769.5644249449585	0.013322900000048321	epochs	3.0
1769.5777478449586	0.013282299999900715	epochs	3.0
1769.5910301449585	0.0264431999999033	epochs	2.0
1769.5910301449585	0.013241699999980483	epochs	3.0
1769.6042718449585	0.013201499999922817	epochs	3.0
1769.6174733449584	0.026283200000079887	epochs	2.0
1769.6174733449584	0.013161500000023807	epochs	3.0
1769.6306348449584	0.01312170000005608	epochs	3.0
1769.6437565449585	0.02612500000009277	epochs	2.0
1769.6437565449585	0.013082100000019636	epochs	3.0
1769.6568386449585	0.013042900000073132	epochs	3.0
1769.6698815449586	0.025968899999952555	epochs	2.0
1769.6698815449586	0.013003899999830537	epochs	3.0
1769.6828854449584	0.012965000000122018	epochs	3.0
1769.6958504449585	0.025814500000024054	epochs	2.0
1769.6958504449585	0.012926399999969362	epochs	3.0
1769.7087768449585	0.012888100000054692	epochs	3.0
1769.7216649449585	0.025661899999931848	epochs	2.0
1769.7216649449585	0.012849899999991976	epochs	3.0
1769.7345148449585	0.012811999999939871	epochs	3.0
1769.7473268449585	0.025511199999982637	epochs	2.0
1769.7473268449585	0.012774400000125752	epochs	3.0
1769.7601012449586	0.012736799999856885	epochs	3.0
1769.7728380449585	0.025362300000097093	epochs	2.0
1769.7728380449585	0.01269969999998466	epochs	3.0
1769.7855377449584	0.012662600000112434	epochs	3.0
1769.7982003449586	0.025214999999889187	epochs	2.0
1769.7982003449586	0.012625800000023446	epochs	3.0
1769.8108261449586	0.012589199999865741	epochs	3.0
1769.8234153449584	0.024584799999956886	epochs	2.0
1769.8452001449584	0.5	epochs	-1.0
1769.8480001449584	0.5196000000000822	epochs	1.0
1770.3676001449585	0.48032000000011976	epochs	0.0
1773.3230004310608	0.09999999999990905	epochs	0.0
1773.3230004310608	0.04500000000007276	epochs	1.0
1773.3680004310609	0.009999999999990905	epochs	1.0
1773.3780004310609	0.044999999999845386	epochs	1.0
1773.4230004310607	2.0	epochs	0.0
1775.4230004310607	5.399600000000191	epochs	0.0
1775.4230004310607	1.0	epochs	1.0
1775.4230004310607	0.5	epochs	-1.0
1775.9230004310607	4.899600000000191	epochs	-1.0
1776.4230004310607	4.399600000000191	epochs	1.0
1776.4230004310607	4.356753900000058	epochs	-1.0
1776.4230004310607	1.9745872000000873	epochs	2.0
1776.4230004310607	1.0985622000000603	epochs	3.0
1777.5215626310608	0.8760250000000269	epochs	3.0
1778.3975876310608	1.3524075000000266	epochs	2.0
1778.3975876310608	0.7286355000001095	epochs	3.0
1779.126223131061	0.6237719999999172	epochs	3.0
1779.7499951310608	1.029759199999944	epochs	2.0
1779.7499951310608	0.5453293000000485	epochs	3.0
1780.2953244310609	0.4844298999998955	epochs	3.0
1780.7797543310608	0.04284610000013345	epochs	2.0
1780.7797543310608	0.04284610000013345	epochs	3.0
1780.822600431061	16.60032000000001	epochs	0.0
1801.8590002059937	0.09999999999990905	epochs	0.0
1801.8590002059937	0.04500000000007276	epochs	1.0
1801.9040002059937	0.009999999999990905	epochs	1.0
1801.9140002059937	0.044999999999845386	epochs	1.0
1801.9590002059936	0.2299199999999928	epochs	0.0
1801.9590002059936	0.0500000000001819	epochs	1.0
1802.0090002059937	0.009999999999990905	epochs	1.0
1802.0190002059937	0.049999999999954525	epochs	1.0
1802.0690002059937	0.009999999999990905	epochs	1.0
1802.0790002059937	0.049999999999954525	epochs	1.0
1802.1290002059936	0.009999999999990905	epochs	1.0
1802.1390002059936	0.04991999999992913	epochs	1.0
