onset	duration	nwb_table	treelevel
10.253000259399414	0.09999999999999964	epochs	0.0
10.253000259399414	0.04499999999999993	epochs	1.0
10.298000259399414	0.009999999999999787	epochs	1.0
10.308000259399414	0.04499999999999993	epochs	1.0
10.353000259399414	0.7049950000000003	epochs	0.0
10.353000259399414	0.5	epochs	-1.0
10.353000259399414	0.5	epochs	-1.0
10.353000259399414	0.5	epochs	1.0
10.853000259399414	0.0600000000000005	epochs	-1.0
10.853000259399414	0.025000000000000355	epochs	-1.0
10.853000259399414	0.025000000000000355	epochs	1.0
10.878000259399414	0.009999999999999787	epochs	-1.0
10.878000259399414	0.009999999999999787	epochs	1.0
10.888000259399414	0.025000000000000355	epochs	-1.0
10.888000259399414	0.025000000000000355	epochs	1.0
10.913000259399414	0.0600000000000005	epochs	-1.0
10.913000259399414	0.025000000000000355	epochs	-1.0
10.913000259399414	0.025000000000000355	epochs	1.0
10.938000259399415	0.009999999999999787	epochs	-1.0
10.938000259399415	0.009999999999999787	epochs	1.0
10.948000259399414	0.025000000000000355	epochs	-1.0
10.948000259399414	0.025000000000000355	epochs	1.0
10.973000259399415	0.05999999999999872	epochs	-1.0
10.973000259399415	0.02499999999999858	epochs	-1.0
10.973000259399415	0.02499999999999858	epochs	1.0
10.998000259399413	0.010000000000001563	epochs	-1.0
10.998000259399413	0.010000000000001563	epochs	1.0
11.008000259399415	0.02499999999999858	epochs	-1.0
11.008000259399415	0.02499999999999858	epochs	1.0
11.033000259399413	0.024995000000000545	epochs	1.0
139.27099990844727	0.09999999999999432	epochs	0.0
139.27099990844727	0.044999999999987494	epochs	1.0
139.31599990844725	0.010000000000019327	epochs	1.0
139.32599990844727	0.044999999999987494	epochs	1.0
139.37099990844726	0.7049949999999967	epochs	0.0
139.37099990844726	0.5	epochs	-1.0
139.37099990844726	0.5	epochs	1.0
139.87099990844726	0.060000000000002274	epochs	-1.0
139.87099990844726	0.025000000000005684	epochs	-1.0
139.87099990844726	0.025000000000005684	epochs	1.0
139.89599990844727	0.009999999999990905	epochs	-1.0
139.89599990844727	0.009999999999990905	epochs	1.0
139.90599990844726	0.025000000000005684	epochs	-1.0
139.90599990844726	0.025000000000005684	epochs	1.0
139.93099990844726	0.060000000000002274	epochs	-1.0
139.93099990844726	0.025000000000005684	epochs	-1.0
139.93099990844726	0.025000000000005684	epochs	1.0
139.95599990844727	0.009999999999990905	epochs	-1.0
139.95599990844727	0.009999999999990905	epochs	1.0
139.96599990844726	0.025000000000005684	epochs	-1.0
139.96599990844726	0.025000000000005684	epochs	1.0
139.99099990844726	0.060000000000002274	epochs	-1.0
139.99099990844726	0.025000000000005684	epochs	-1.0
139.99099990844726	0.025000000000005684	epochs	1.0
140.01599990844727	0.009999999999990905	epochs	-1.0
140.01599990844727	0.009999999999990905	epochs	1.0
140.02599990844726	0.025000000000005684	epochs	-1.0
140.02599990844726	0.025000000000005684	epochs	1.0
140.05099990844727	0.024994999999989886	epochs	1.0
283.3780002593994	0.10000000000002274	epochs	0.0
283.3780002593994	0.045000000000015916	epochs	1.0
283.42300025939943	0.009999999999990905	epochs	1.0
283.4330002593994	0.045000000000015916	epochs	1.0
283.47800025939944	61.384995	epochs	0.0
283.47800025939944	0.5	epochs	-1.0
283.47800025939944	0.5	epochs	-1.0
283.47800025939944	0.5	epochs	1.0
283.97800025939944	0.060000000000002274	epochs	-1.0
283.97800025939944	0.024999999999977263	epochs	-1.0
283.97800025939944	0.024999999999977263	epochs	1.0
284.0030002593994	0.009999999999990905	epochs	-1.0
284.0030002593994	0.009999999999990905	epochs	1.0
284.0130002593994	0.025000000000034106	epochs	-1.0
284.0130002593994	0.025000000000034106	epochs	1.0
284.03800025939944	0.060000000000002274	epochs	-1.0
284.03800025939944	0.024999999999977263	epochs	-1.0
284.03800025939944	0.024999999999977263	epochs	1.0
284.0630002593994	0.009999999999990905	epochs	-1.0
284.0630002593994	0.009999999999990905	epochs	1.0
284.0730002593994	0.025000000000034106	epochs	-1.0
284.0730002593994	0.025000000000034106	epochs	1.0
284.09800025939944	0.05999999999994543	epochs	-1.0
284.09800025939944	0.024999999999977263	epochs	-1.0
284.09800025939944	0.024999999999977263	epochs	1.0
284.1230002593994	0.009999999999990905	epochs	-1.0
284.1230002593994	0.009999999999990905	epochs	1.0
284.1330002593994	0.024999999999977263	epochs	-1.0
284.1330002593994	0.024999999999977263	epochs	1.0
284.1580002593994	60.0	epochs	1.0
344.1580002593994	0.5	epochs	-1.0
344.1580002593994	0.5	epochs	-1.0
344.1580002593994	0.5	epochs	1.0
344.6580002593994	0.06000000000005912	epochs	-1.0
344.6580002593994	0.025000000000034106	epochs	-1.0
344.6580002593994	0.025000000000034106	epochs	1.0
344.6830002593994	0.009999999999990905	epochs	-1.0
344.6830002593994	0.009999999999990905	epochs	1.0
344.6930002593994	0.025000000000034106	epochs	-1.0
344.6930002593994	0.025000000000034106	epochs	1.0
344.71800025939945	0.05999999999994543	epochs	-1.0
344.71800025939945	0.024999999999977263	epochs	-1.0
344.71800025939945	0.024999999999977263	epochs	1.0
344.7430002593994	0.009999999999990905	epochs	-1.0
344.7430002593994	0.009999999999990905	epochs	1.0
344.7530002593994	0.024999999999977263	epochs	-1.0
344.7530002593994	0.024999999999977263	epochs	1.0
344.7780002593994	0.060000000000002274	epochs	-1.0
344.7780002593994	0.025000000000034106	epochs	-1.0
344.7780002593994	0.025000000000034106	epochs	1.0
344.8030002593994	0.009999999999990905	epochs	-1.0
344.8030002593994	0.009999999999990905	epochs	1.0
344.8130002593994	0.024999999999977263	epochs	-1.0
344.8130002593994	0.024999999999977263	epochs	1.0
344.8380002593994	0.02499500000004673	epochs	1.0
381.11400032043457	0.10000000000002274	epochs	0.0
381.11400032043457	0.045000000000015916	epochs	1.0
381.1590003204346	0.009999999999990905	epochs	1.0
381.1690003204346	0.045000000000015916	epochs	1.0
381.2140003204346	0.7049949999999967	epochs	0.0
381.2140003204346	0.5	epochs	-1.0
381.2140003204346	0.5	epochs	-1.0
381.2140003204346	0.5	epochs	1.0
381.7140003204346	0.060000000000002274	epochs	-1.0
381.7140003204346	0.024999999999977263	epochs	-1.0
381.7140003204346	0.024999999999977263	epochs	1.0
381.73900032043457	0.009999999999990905	epochs	-1.0
381.73900032043457	0.009999999999990905	epochs	1.0
381.74900032043456	0.025000000000034106	epochs	-1.0
381.74900032043456	0.025000000000034106	epochs	1.0
381.7740003204346	0.060000000000002274	epochs	-1.0
381.7740003204346	0.024999999999977263	epochs	-1.0
381.7740003204346	0.024999999999977263	epochs	1.0
381.7990003204346	0.009999999999990905	epochs	-1.0
381.7990003204346	0.009999999999990905	epochs	1.0
381.80900032043456	0.025000000000034106	epochs	-1.0
381.80900032043456	0.025000000000034106	epochs	1.0
381.8340003204346	0.05999999999994543	epochs	-1.0
381.8340003204346	0.024999999999977263	epochs	-1.0
381.8340003204346	0.024999999999977263	epochs	1.0
381.8590003204346	0.009999999999990905	epochs	-1.0
381.8590003204346	0.009999999999990905	epochs	1.0
381.86900032043457	0.024999999999977263	epochs	-1.0
381.86900032043457	0.024999999999977263	epochs	1.0
381.89400032043454	0.02499500000004673	epochs	1.0
418.51700019836426	0.07506000000000768	epochs	0.0
418.51700019836426	0.03253100000000586	epochs	1.0
418.54953119836426	0.009997999999995955	epochs	1.0
418.55952919836426	0.03253100000000586	epochs	1.0
418.59206019836427	5.999979999999994	epochs	0.0
418.59206019836427	0.5	epochs	1.0
418.59207529836425	0.5	epochs	-1.0
418.59207529836425	0.5	epochs	-1.0
419.09206019836427	5.0	epochs	1.0
424.09206019836427	0.49997999999999365	epochs	1.0
424.09207529836425	0.49996490000000904	epochs	-1.0
426.6670002937317	0.07506000000000768	epochs	0.0
426.6670002937317	0.03253100000000586	epochs	1.0
426.6995312937317	0.009997999999995955	epochs	1.0
426.7095292937317	0.03253100000000586	epochs	1.0
426.7420602937317	2.544499999999971	epochs	0.0
426.7420602937317	0.5	epochs	1.0
426.7420753937317	0.5	epochs	-1.0
427.2420602937317	1.0	epochs	1.0
428.2420602937317	1.044499999999971	epochs	1.0
428.7420753937317	0.5	epochs	-1.0
429.28656029373167	0.9554800000000228	epochs	0.0
429.59800004959106	0.07506000000000768	epochs	0.0
429.59800004959106	0.03253100000000586	epochs	1.0
429.63053104959107	0.009997999999995955	epochs	1.0
429.64052904959107	0.03253100000000586	epochs	1.0
429.6730600495911	2.5251200000000154	epochs	0.0
429.6730600495911	0.5	epochs	1.0
429.67307514959106	0.5	epochs	-1.0
430.1730600495911	1.0	epochs	1.0
431.1730600495911	1.0251200000000154	epochs	1.0
431.67307514959106	0.5	epochs	-1.0
432.1981800495911	0.9748599999999783	epochs	0.0
432.56500005722046	0.07506000000000768	epochs	0.0
432.56500005722046	0.03253100000000586	epochs	1.0
432.59753105722046	0.009997999999995955	epochs	1.0
432.60752905722046	0.03253100000000586	epochs	1.0
432.64006005722047	2.545500000000004	epochs	0.0
432.64006005722047	0.5	epochs	1.0
432.64007515722045	0.5	epochs	-1.0
433.14006005722047	1.0	epochs	1.0
434.14006005722047	1.045500000000004	epochs	1.0
434.64007515722045	0.5	epochs	-1.0
435.18556005722047	0.9544799999999896	epochs	0.0
435.481999874115	0.07506000000000768	epochs	0.0
435.481999874115	0.03253100000000586	epochs	1.0
435.514530874115	0.009997999999995955	epochs	1.0
435.524528874115	0.03253100000000586	epochs	1.0
435.557059874115	2.5246399999999767	epochs	0.0
435.557059874115	0.5	epochs	1.0
435.557074974115	0.5	epochs	-1.0
436.057059874115	1.0	epochs	1.0
437.057059874115	1.0246399999999767	epochs	1.0
437.557074974115	0.5	epochs	-1.0
438.081699874115	0.975340000000017	epochs	0.0
438.4320001602173	0.07506000000000768	epochs	0.0
438.4320001602173	0.03253100000000586	epochs	1.0
438.4645311602173	0.009997999999995955	epochs	1.0
438.4745291602173	0.03253100000000586	epochs	1.0
438.5070601602173	2.5249999999999773	epochs	0.0
438.5070601602173	0.5	epochs	1.0
438.5070752602173	0.5	epochs	-1.0
439.0070601602173	1.0	epochs	1.0
440.0070601602173	1.0249999999999773	epochs	1.0
440.5070752602173	0.5	epochs	-1.0
441.03206016021727	0.9749800000000164	epochs	0.0
441.3829998970032	0.6499800000000278	epochs	0.0
441.3829998970032	0.05000000000001137	epochs	1.0
441.4329998970032	0.5	epochs	1.0
441.9329998970032	0.09998000000001639	epochs	1.0
442.46600008010864	0.6499800000000278	epochs	0.0
442.46600008010864	0.05000000000001137	epochs	1.0
442.51600008010865	0.5	epochs	1.0
443.01600008010865	0.09998000000001639	epochs	1.0
443.5160002708435	0.6499800000000278	epochs	0.0
443.5160002708435	0.05000000000001137	epochs	1.0
443.5660002708435	0.5	epochs	1.0
444.0660002708435	0.09998000000001639	epochs	1.0
444.58300018310547	0.6499800000000278	epochs	0.0
444.58300018310547	0.05000000000001137	epochs	1.0
444.6330001831055	0.5	epochs	1.0
445.1330001831055	0.09998000000001639	epochs	1.0
445.6160001754761	0.6499800000000278	epochs	0.0
445.6160001754761	0.05000000000001137	epochs	1.0
445.6660001754761	0.5	epochs	1.0
446.1660001754761	0.09998000000001639	epochs	1.0
446.71600008010864	0.6499800000000278	epochs	0.0
446.71600008010864	0.05000000000001137	epochs	1.0
446.76600008010865	0.5	epochs	1.0
447.26600008010865	0.09998000000001639	epochs	1.0
447.8159999847412	0.6499800000000278	epochs	0.0
447.8159999847412	0.05000000000001137	epochs	1.0
447.8659999847412	0.5	epochs	1.0
448.3659999847412	0.09998000000001639	epochs	1.0
448.86899995803833	0.6499800000000278	epochs	0.0
448.86899995803833	0.05000000000001137	epochs	1.0
448.91899995803834	0.5	epochs	1.0
449.41899995803834	0.09998000000001639	epochs	1.0
449.9689998626709	0.6499800000000278	epochs	0.0
449.9689998626709	0.05000000000001137	epochs	1.0
450.0189998626709	0.5	epochs	1.0
450.5189998626709	0.09998000000001639	epochs	1.0
451.11899995803833	0.07506000000000768	epochs	0.0
451.11899995803833	0.03253100000000586	epochs	1.0
451.15153095803834	0.009997999999995955	epochs	1.0
451.16152895803833	0.03253100000000586	epochs	1.0
451.19405995803834	2.5247600000000148	epochs	0.0
451.19405995803834	0.5	epochs	1.0
451.1940750580383	0.5	epochs	-1.0
451.69405995803834	1.0	epochs	1.0
452.69405995803834	1.0247600000000148	epochs	1.0
453.19407495803836	0.5	epochs	-1.0
453.71881995803835	2.975219999999979	epochs	0.0
456.30200004577637	0.07506000000000768	epochs	0.0
456.30200004577637	0.03253100000000586	epochs	1.0
456.3345310457764	0.009997999999995955	epochs	1.0
456.34452904577637	0.03253100000000586	epochs	1.0
456.3770600457764	0.5253000000000156	epochs	0.0
456.3770600457764	0.5	epochs	1.0
456.37707514577636	0.5	epochs	-1.0
456.8770600457764	0.025300000000015643	epochs	1.0
456.9023600457764	4.974679999999978	epochs	0.0
461.5160002708435	0.07506000000000768	epochs	0.0
461.5160002708435	0.03253100000000586	epochs	1.0
461.5485312708435	0.009997999999995955	epochs	1.0
461.5585292708435	0.03253100000000586	epochs	1.0
461.5910602708435	0.5245600000000081	epochs	0.0
461.5910602708435	0.5	epochs	1.0
461.5910753708435	0.5	epochs	-1.0
462.0910602708435	0.02456000000000813	epochs	1.0
462.1156202708435	4.9754199999999855	epochs	0.0
481.6909999847412	0.07506000000000768	epochs	0.0
481.6909999847412	0.03253100000000586	epochs	1.0
481.7235309847412	0.009997999999995955	epochs	1.0
481.7335289847412	0.03253100000000586	epochs	1.0
481.7660599847412	5.499979999999994	epochs	0.0
481.7660599847412	0.5	epochs	1.0
481.7660750847412	0.5	epochs	-1.0
482.2660599847412	1.0	epochs	1.0
483.2660599847412	3.9999799999999937	epochs	1.0
483.76607498474124	0.5	epochs	-1.0
484.26607498474124	0.5	epochs	-1.0
484.76607498474124	0.5	epochs	-1.0
485.26607498474124	0.5	epochs	-1.0
485.76607498474124	0.5	epochs	-1.0
486.26607498474124	0.5	epochs	-1.0
487.7909998893738	0.07506000000000768	epochs	0.0
487.7909998893738	0.03253100000000586	epochs	1.0
487.8235308893738	0.009997999999995955	epochs	1.0
487.8335288893738	0.03253100000000586	epochs	1.0
487.8660598893738	0.5247999999999706	epochs	0.0
487.8660598893738	0.5	epochs	1.0
487.8660749893738	0.5	epochs	-1.0
488.3660598893738	0.024799999999970623	epochs	1.0
488.39085988937376	4.975180000000023	epochs	0.0
507.9949998855591	0.07506000000000768	epochs	0.0
507.9949998855591	0.03253100000000586	epochs	1.0
508.0275308855591	0.009997999999995955	epochs	1.0
508.0375288855591	0.03253100000000586	epochs	1.0
508.0700598855591	2.525379999999984	epochs	0.0
508.0700598855591	0.5	epochs	1.0
508.0700749855591	0.5	epochs	-1.0
508.5700598855591	1.0	epochs	1.0
509.5700598855591	1.0253799999999842	epochs	1.0
510.0700748855591	0.5	epochs	-1.0
510.5954398855591	2.9745999999999526	epochs	0.0
513.2760000228882	0.07506000000000768	epochs	0.0
513.2760000228882	0.03253099999994902	epochs	1.0
513.3085310228881	0.009997999999995955	epochs	1.0
513.3185290228881	0.032531000000062704	epochs	1.0
513.3510600228882	5.499979999999937	epochs	0.0
513.3510600228882	0.5	epochs	1.0
513.3510751228882	0.5	epochs	-1.0
513.8510600228882	1.0	epochs	1.0
514.8510600228882	3.999979999999937	epochs	1.0
515.3510750228882	0.5	epochs	-1.0
515.8510750228882	0.5	epochs	-1.0
516.3510750228882	0.5	epochs	-1.0
516.8510750228882	0.5	epochs	-1.0
517.3510750228882	0.5	epochs	-1.0
517.8510750228882	0.5	epochs	-1.0
519.3870000839233	0.07506000000000768	epochs	0.0
519.3870000839233	0.03253099999994902	epochs	1.0
519.4195310839233	0.009997999999995955	epochs	1.0
519.4295290839233	0.032531000000062704	epochs	1.0
519.4620600839233	0.52541999999994	epochs	0.0
519.4620600839233	0.5	epochs	1.0
519.4620751839234	0.5	epochs	-1.0
519.9620600839233	0.025419999999940046	epochs	1.0
519.9874800839233	4.974559999999997	epochs	0.0
539.5440001487732	0.07506000000000768	epochs	0.0
539.5440001487732	0.03253099999994902	epochs	1.0
539.5765311487731	0.009997999999995955	epochs	1.0
539.5865291487731	0.032531000000062704	epochs	1.0
539.6190601487732	2.544999999999959	epochs	0.0
539.6190601487732	0.5	epochs	1.0
539.6190752487732	0.5	epochs	-1.0
540.1190601487732	1.0	epochs	1.0
541.1190601487732	1.044999999999959	epochs	1.0
541.6190751487732	0.5	epochs	-1.0
542.1640601487732	2.9549799999999777	epochs	0.0
544.7610001564026	0.07506000000000768	epochs	0.0
544.7610001564026	0.03253099999994902	epochs	1.0
544.7935311564025	0.009997999999995955	epochs	1.0
544.8035291564025	0.032531000000062704	epochs	1.0
544.8360601564026	2.525139999999965	epochs	0.0
544.8360601564026	0.5	epochs	1.0
544.8360752564026	0.5	epochs	-1.0
545.3360601564026	1.0	epochs	1.0
546.3360601564026	1.0251399999999649	epochs	1.0
546.8360751564026	0.5	epochs	-1.0
547.3612001564026	2.974839999999972	epochs	0.0
556.5739998817444	0.15297999999995682	epochs	0.0
556.5739998817444	0.049999999999954525	epochs	1.0
556.6239998817443	0.0030000000000427463	epochs	1.0
556.6269998817444	0.09997999999995955	epochs	1.0
557.3239998817444	0.15297999999995682	epochs	0.0
557.3239998817444	0.049999999999954525	epochs	1.0
557.3739998817443	0.0030000000000427463	epochs	1.0
557.3769998817444	0.09997999999995955	epochs	1.0
558.0240001678467	0.15297999999995682	epochs	0.0
558.0240001678467	0.049999999999954525	epochs	1.0
558.0740001678466	0.0030000000000427463	epochs	1.0
558.0770001678467	0.09997999999995955	epochs	1.0
558.7070002555847	0.15297999999995682	epochs	0.0
558.7070002555847	0.049999999999954525	epochs	1.0
558.7570002555847	0.0030000000000427463	epochs	1.0
558.7600002555847	0.09997999999995955	epochs	1.0
559.4180002212524	0.15297999999995682	epochs	0.0
559.4180002212524	0.049999999999954525	epochs	1.0
559.4680002212524	0.0030000000000427463	epochs	1.0
559.4710002212524	0.09997999999995955	epochs	1.0
560.2519998550415	0.07506000000000768	epochs	0.0
560.2519998550415	0.03253099999994902	epochs	1.0
560.2845308550415	0.009997999999995955	epochs	1.0
560.2945288550414	0.032531000000062704	epochs	1.0
560.3270598550415	1.5244599999999764	epochs	0.0
560.3270598550415	0.5	epochs	1.0
560.3270749550416	0.5	epochs	-1.0
560.8270598550415	0.0030000000000427463	epochs	1.0
560.8300598550416	1.0214599999999336	epochs	1.0
561.3300749550415	0.5	epochs	-1.0
561.8515198550415	0.0785200000000259	epochs	0.0
562.3020000457764	0.07506000000000768	epochs	0.0
562.3020000457764	0.03253099999994902	epochs	1.0
562.3345310457763	0.009997999999995955	epochs	1.0
562.3445290457763	0.032531000000062704	epochs	1.0
562.3770600457764	1.5252000000000407	epochs	0.0
562.3770600457764	0.5	epochs	1.0
562.3770751457764	0.5	epochs	-1.0
562.8770600457764	0.0030000000000427463	epochs	1.0
562.8800600457764	1.022199999999998	epochs	1.0
563.3800751457763	0.5	epochs	-1.0
563.9022600457764	0.07777999999996155	epochs	0.0
564.5520000457764	0.07506000000000768	epochs	0.0
564.5520000457764	0.03253099999994902	epochs	1.0
564.5845310457763	0.009997999999995955	epochs	1.0
564.5945290457763	0.032531000000062704	epochs	1.0
564.6270600457764	4.485019999999963	epochs	0.0
564.6270600457764	0.5	epochs	1.0
564.6270751457764	0.5	epochs	-1.0
565.1270600457764	3.985019999999963	epochs	1.0
568.1120000457763	1.0000800000000254	epochs	-1.0
568.1120000457763	0.03956000000005133	epochs	-1.0
568.6094950457764	0.5	epochs	-1.0
569.1120800457763	15.014959999999974	epochs	0.0
569.8470001220703	0.07506000000000768	epochs	0.0
569.8470001220703	0.03253099999994902	epochs	1.0
569.8795311220703	0.009997999999995955	epochs	1.0
569.8895291220703	0.032531000000062704	epochs	1.0
569.9220601220703	4.485140000000001	epochs	0.0
569.9220601220703	0.5	epochs	1.0
569.9220752220704	0.5	epochs	-1.0
570.4220601220703	3.9851400000000012	epochs	1.0
573.4067401220703	1.0004599999999755	epochs	-1.0
573.4067401220703	0.039559999999937645	epochs	-1.0
573.9042351220703	0.5	epochs	-1.0
574.4072001220703	15.014839999999936	epochs	0.0
574.9970002174377	0.07506000000000768	epochs	0.0
574.9970002174377	0.03253099999994902	epochs	1.0
575.0295312174377	0.009997999999995955	epochs	1.0
575.0395292174377	0.032531000000062704	epochs	1.0
575.0720602174378	6.964920000000006	epochs	0.0
575.0720602174378	0.5	epochs	1.0
575.0720753174378	0.5	epochs	-1.0
575.5720602174378	6.464920000000006	epochs	1.0
578.5172402174377	3.51974000000007	epochs	-1.0
578.5172402174377	0.03956000000005133	epochs	-1.0
579.0147352174378	0.5	epochs	-1.0
579.5147352174378	0.5	epochs	-1.0
580.0147352174378	0.5	epochs	-1.0
580.5147352174378	0.5	epochs	-1.0
581.0147352174378	0.5	epochs	-1.0
581.5147352174378	0.5	epochs	-1.0
582.0369802174378	12.53505999999993	epochs	0.0
625.6770000457764	0.6499800000000278	epochs	0.0
625.6770000457764	0.049999999999954525	epochs	1.0
625.7270000457763	0.5	epochs	1.0
626.2270000457763	0.09998000000007323	epochs	1.0
627.0440001487732	0.6499800000000278	epochs	0.0
627.0440001487732	0.049999999999954525	epochs	1.0
627.0940001487731	0.5	epochs	1.0
627.5940001487731	0.09998000000007323	epochs	1.0
628.3769998550415	0.6499800000000278	epochs	0.0
628.3769998550415	0.049999999999954525	epochs	1.0
628.4269998550415	0.5	epochs	1.0
628.9269998550415	0.09998000000007323	epochs	1.0
629.6970000267029	0.6499800000000278	epochs	0.0
629.6970000267029	0.049999999999954525	epochs	1.0
629.7470000267028	0.5	epochs	1.0
630.2470000267028	0.09998000000007323	epochs	1.0
630.9800000190735	0.6499800000000278	epochs	0.0
630.9800000190735	0.049999999999954525	epochs	1.0
631.0300000190734	0.5	epochs	1.0
631.5300000190734	0.09998000000007323	epochs	1.0
632.3970003128052	0.07506000000000768	epochs	0.0
632.3970003128052	0.03253099999994902	epochs	1.0
632.4295313128051	0.009997999999995955	epochs	1.0
632.4395293128051	0.032531000000062704	epochs	1.0
632.4720603128052	0.52541999999994	epochs	0.0
632.4720603128052	0.5	epochs	1.0
632.4720754128052	0.5	epochs	-1.0
632.9720603128052	0.025419999999940046	epochs	1.0
632.9974803128051	4.974559999999997	epochs	0.0
637.6470003128052	0.07506000000000768	epochs	0.0
637.6470003128052	0.03253099999994902	epochs	1.0
637.6795313128051	0.009997999999995955	epochs	1.0
637.6895293128051	0.032531000000062704	epochs	1.0
637.7220603128052	2.5249999999999773	epochs	0.0
637.7220603128052	0.5	epochs	1.0
637.7220754128052	0.5	epochs	-1.0
638.2220603128052	1.0	epochs	1.0
639.2220603128052	1.0249999999999773	epochs	1.0
639.7220753128051	0.5	epochs	-1.0
640.2470603128052	2.9749799999999595	epochs	0.0
642.8499999046326	0.07506000000000768	epochs	0.0
642.8499999046326	0.03253099999994902	epochs	1.0
642.8825309046325	0.009997999999995955	epochs	1.0
642.8925289046325	0.032531000000062704	epochs	1.0
642.9250599046326	2.524499999999989	epochs	0.0
642.9250599046326	0.5	epochs	1.0
642.9250750046326	0.5	epochs	-1.0
643.4250599046326	1.0	epochs	1.0
644.4250599046326	1.024499999999989	epochs	1.0
644.9250749046325	0.5	epochs	-1.0
645.4495599046326	2.9754799999999477	epochs	0.0
648.0840001106262	0.07506000000000768	epochs	0.0
648.0840001106262	0.03253099999994902	epochs	1.0
648.1165311106262	0.009997999999995955	epochs	1.0
648.1265291106262	0.032531000000062704	epochs	1.0
648.1590601106262	0.5253000000000156	epochs	0.0
648.1590601106262	0.5	epochs	1.0
648.1590752106263	0.5	epochs	-1.0
648.6590601106262	0.025300000000015643	epochs	1.0
648.6843601106262	5.974679999999921	epochs	0.0
664.2720003128052	0.07506000000000768	epochs	0.0
664.2720003128052	0.03253099999994902	epochs	1.0
664.3045313128051	0.009997999999995955	epochs	1.0
664.3145293128051	0.032531000000062704	epochs	1.0
664.3470603128052	2.524879999999939	epochs	0.0
664.3470603128052	0.5	epochs	1.0
664.3470754128052	0.5	epochs	-1.0
664.8470603128052	1.0	epochs	1.0
665.8470603128052	1.0248799999999392	epochs	1.0
666.3470754128052	0.5	epochs	-1.0
666.8719403128051	3.9750999999999976	epochs	0.0
667.6380000114441	0.07506000000000768	epochs	0.0
667.6380000114441	0.03253099999994902	epochs	1.0
667.670531011444	0.009997999999995955	epochs	1.0
667.680529011444	0.032531000000062704	epochs	1.0
667.7130600114441	2.544620000000009	epochs	0.0
667.7130600114441	0.5	epochs	1.0
667.7130751114441	0.5	epochs	-1.0
668.2130600114441	1.0	epochs	1.0
669.2130600114441	1.044620000000009	epochs	1.0
669.7130751114441	0.5	epochs	-1.0
670.2576800114441	3.955359999999928	epochs	0.0
671.0220003128052	0.07506000000000768	epochs	0.0
671.0220003128052	0.03253099999994902	epochs	1.0
671.0545313128051	0.009997999999995955	epochs	1.0
671.0645293128051	0.032531000000062704	epochs	1.0
671.0970603128052	2.5247399999999516	epochs	0.0
671.0970603128052	0.5	epochs	1.0
671.0970754128052	0.5	epochs	-1.0
671.5970603128052	1.0	epochs	1.0
672.5970603128052	1.0247399999999516	epochs	1.0
673.0970754128052	0.5	epochs	-1.0
673.6218003128051	3.9752399999999852	epochs	0.0
674.3889999389648	0.07506000000000768	epochs	0.0
674.3889999389648	0.03253099999994902	epochs	1.0
674.4215309389648	0.009997999999995955	epochs	1.0
674.4315289389648	0.032531000000062704	epochs	1.0
674.4640599389649	2.5246399999999767	epochs	0.0
674.4640599389649	0.5	epochs	1.0
674.4640750389649	0.5	epochs	-1.0
674.9640599389649	1.0	epochs	1.0
675.9640599389649	1.0246399999999767	epochs	1.0
676.4640750389649	0.5	epochs	-1.0
676.9886999389648	3.97533999999996	epochs	0.0
677.7720003128052	0.07506000000000768	epochs	0.0
677.7720003128052	0.03253099999994902	epochs	1.0
677.8045313128051	0.009997999999995955	epochs	1.0
677.8145293128051	0.032531000000062704	epochs	1.0
677.8470603128052	2.5251200000000154	epochs	0.0
677.8470603128052	0.5	epochs	1.0
677.8470754128052	0.5	epochs	-1.0
678.3470603128052	1.0	epochs	1.0
679.3470603128052	1.0251200000000154	epochs	1.0
679.8470754128052	0.5	epochs	-1.0
680.3721803128052	3.9748599999999215	epochs	0.0
681.1449999809265	0.07506000000000768	epochs	0.0
681.1449999809265	0.03253099999994902	epochs	1.0
681.1775309809265	0.009997999999995955	epochs	1.0
681.1875289809265	0.032531000000062704	epochs	1.0
681.2200599809265	2.5454999999999472	epochs	0.0
681.2200599809265	0.5	epochs	1.0
681.2200750809266	0.5	epochs	-1.0
681.7200599809265	1.0	epochs	1.0
682.7200599809265	1.0454999999999472	epochs	1.0
683.2200750809266	0.5	epochs	-1.0
683.7655599809265	3.9544799999999896	epochs	0.0
737.7379999160767	0.07503999999994448	epochs	0.0
737.7379999160767	0.03252229999998235	epochs	1.0
737.7705222160766	0.009995399999979782	epochs	1.0
737.7805176160766	0.03252229999998235	epochs	1.0
737.8130399160766	2.0	epochs	0.0
739.8130399160766	5.384960000000092	epochs	0.0
739.8130399160766	1.0	epochs	1.0
739.8130750160767	0.5	epochs	-1.0
740.3130750160767	4.884924899999987	epochs	-1.0
740.8130399160766	4.384960000000092	epochs	1.0
740.8130399160766	4.356753900000058	epochs	-1.0
740.8130399160766	1.9745872000000873	epochs	2.0
740.8130399160766	1.0985622000000603	epochs	3.0
741.9116021160767	0.8760250000000269	epochs	3.0
742.7876271160767	1.352407499999913	epochs	2.0
742.7876271160767	0.7286354999999958	epochs	3.0
743.5162626160767	0.6237719999999172	epochs	3.0
744.1400346160766	1.0297592000000577	epochs	2.0
744.1400346160766	0.5453293000000485	epochs	3.0
744.6853639160767	0.4844299000000092	epochs	3.0
745.1697938160767	0.028206100000033985	epochs	2.0
745.1697938160767	0.028206100000033985	epochs	3.0
745.1979999160767	16.614959999999996	epochs	0.0
746.0999999046326	0.07503999999994448	epochs	0.0
746.0999999046326	0.03252229999998235	epochs	1.0
746.1325222046326	0.009995399999979782	epochs	1.0
746.1425176046325	0.03252229999998235	epochs	1.0
746.1750399046325	2.0	epochs	0.0
748.1750399046325	0.5442400000000589	epochs	0.0
748.1750399046325	0.5442400000000589	epochs	1.0
748.1750750046326	0.5	epochs	-1.0
748.6750750046326	0.04420489999995425	epochs	-1.0
748.7192799046326	21.45568000000003	epochs	0.0
750.0090003013611	0.07503999999994448	epochs	0.0
750.0090003013611	0.03252229999998235	epochs	1.0
750.0415226013611	0.009995399999979782	epochs	1.0
750.051518001361	0.03252229999998235	epochs	1.0
750.084040301361	2.0	epochs	0.0
752.084040301361	5.364320000000021	epochs	0.0
752.084040301361	1.0	epochs	1.0
752.0840754013611	0.5	epochs	-1.0
752.5840754013611	4.864284899999916	epochs	-1.0
753.084040301361	4.364320000000021	epochs	1.0
753.084040301361	4.356753900000058	epochs	-1.0
753.084040301361	1.9745872000000873	epochs	2.0
753.084040301361	1.0985622000000603	epochs	3.0
754.1826025013611	0.8760250000000269	epochs	3.0
755.0586275013611	1.352407499999913	epochs	2.0
755.0586275013611	0.7286354999999958	epochs	3.0
755.7872630013611	0.6237719999999172	epochs	3.0
756.411035001361	1.0297592000000577	epochs	2.0
756.411035001361	0.5453293000000485	epochs	3.0
756.9563643013611	0.4844299000000092	epochs	3.0
757.4407942013611	0.0075660999999627165	epochs	2.0
757.4407942013611	0.0075660999999627165	epochs	3.0
757.448360301361	16.635600000000068	epochs	0.0
758.2920002937317	0.07503999999994448	epochs	0.0
758.2920002937317	0.03252229999998235	epochs	1.0
758.3245225937317	0.009995399999979782	epochs	1.0
758.3345179937317	0.03252229999998235	epochs	1.0
758.3670402937316	2.0	epochs	0.0
760.3670402937316	0.5447200000000976	epochs	0.0
760.3670402937316	0.5447200000000976	epochs	1.0
760.3670753937317	0.5	epochs	-1.0
760.8670753937317	0.04468489999999292	epochs	-1.0
760.9117602937317	21.45519999999999	epochs	0.0
762.1470003128052	0.07503999999994448	epochs	0.0
762.1470003128052	0.03252229999998235	epochs	1.0
762.1795226128052	0.009995399999979782	epochs	1.0
762.1895180128051	0.03252229999998235	epochs	1.0
762.2220403128051	2.0	epochs	0.0
764.2220403128051	0.5242400000000771	epochs	0.0
764.2220403128051	0.5242400000000771	epochs	1.0
764.2220754128052	0.5	epochs	-1.0
764.7220754128052	0.02420489999997244	epochs	-1.0
764.7462803128052	21.47568000000001	epochs	0.0
766.0970001220703	0.07503999999994448	epochs	0.0
766.0970001220703	0.03252229999998235	epochs	1.0
766.1295224220703	0.009995399999979782	epochs	1.0
766.1395178220703	0.03252229999998235	epochs	1.0
766.1720401220703	2.0	epochs	0.0
768.1720401220703	21.544640000000072	epochs	0.0
768.1720401220703	1.0	epochs	1.0
768.1720752220704	0.5	epochs	-1.0
768.6720752220704	19.998559999999998	epochs	-1.0
769.1720401220703	20.0	epochs	1.0
769.1720401220703	4.356753900000058	epochs	-1.0
769.1720401220703	1.9745872000000873	epochs	2.0
769.1720401220703	1.0985622000000603	epochs	3.0
770.2706023220703	0.8760250000000269	epochs	3.0
771.1466273220703	1.352407499999913	epochs	2.0
771.1466273220703	0.7286354999999958	epochs	3.0
771.8752628220703	0.6237719999999172	epochs	3.0
772.4990348220703	1.0297592000000577	epochs	2.0
772.4990348220703	0.5453293000000485	epochs	3.0
773.0443641220703	0.4844299000000092	epochs	3.0
773.5287940220703	0.8317862000000105	epochs	2.0
773.5287940220703	0.4357763000000432	epochs	3.0
773.9645703220704	0.3960098999999673	epochs	3.0
774.3605802220703	0.6977970000000369	epochs	2.0
774.3605802220703	0.3628982000000178	epochs	3.0
774.7234784220703	0.33489880000001904	epochs	3.0
775.0583772220704	0.601045699999986	epochs	2.0
775.0583772220704	0.3109122999999272	epochs	3.0
775.3692895220703	0.2901334000000588	epochs	3.0
775.6594229220703	0.5278859000000011	epochs	2.0
775.6594229220703	0.2719585999999481	epochs	3.0
775.9313815220703	0.25592730000005304	epochs	3.0
776.1873088220703	0.470619299999953	epochs	2.0
776.1873088220703	0.241681299999982	epochs	3.0
776.4289901220703	0.228937999999971	epochs	3.0
776.6579281220703	0.42457039999999324	epochs	2.0
776.6579281220703	0.21747140000002219	epochs	3.0
776.8753995220703	0.20709899999997106	epochs	3.0
777.0824985220703	0.3867354000000205	epochs	2.0
777.0824985220703	0.19767109999997956	epochs	3.0
777.2801696220703	0.18906430000004093	epochs	3.0
777.4692339220703	0.3550953000000163	epochs	2.0
777.4692339220703	0.18117589999997108	epochs	3.0
777.6504098220703	0.17391940000004524	epochs	3.0
777.8243292220703	0.3282431000000088	epochs	2.0
777.8243292220703	0.16722189999995862	epochs	3.0
777.9915511220703	0.16102120000005016	epochs	3.0
778.1525723220703	0.30516799999998057	epochs	2.0
778.1525723220703	0.15526390000002266	epochs	3.0
778.3078362220704	0.1499040999999579	epochs	3.0
778.4577403220703	0.28512530000000424	epochs	2.0
778.4577403220703	0.1449020999999675	epochs	3.0
778.6026424220703	0.14022320000003674	epochs	3.0
778.7428656220703	0.2675537999999733	epochs	2.0
778.7428656220703	0.1358368999999584	epochs	3.0
778.8787025220703	0.1317169000000149	epochs	3.0
779.0104194220703	0.2520229000000427	epochs	2.0
779.0104194220703	0.1278393000000051	epochs	3.0
779.1382587220703	0.12418360000003759	epochs	3.0
779.2624423220703	0.23819649999995818	epochs	2.0
779.2624423220703	0.12073109999994358	epochs	3.0
779.3831734220703	0.1174654000000146	epochs	3.0
779.5006388220703	0.2258087999999816	epochs	2.0
779.5006388220703	0.11437190000003739	epochs	3.0
779.6150107220703	0.11143689999994422	epochs	3.0
779.7264476220703	0.2146460000000161	epochs	2.0
779.7264476220703	0.10864890000004834	epochs	3.0
779.8350965220703	0.10599709999996776	epochs	3.0
779.9410936220703	0.20453499999996438	epochs	2.0
779.9410936220703	0.10347150000006877	epochs	3.0
780.0445651220704	0.10106349999989561	epochs	3.0
780.1456286220703	0.19533400000000256	epochs	2.0
780.1456286220703	0.09876510000003691	epochs	3.0
780.2443937220703	0.09656889999996565	epochs	3.0
780.3409626220703	0.1869253000000981	epochs	2.0
780.3409626220703	0.09446830000001682	epochs	3.0
780.4354309220703	0.09245700000008128	epochs	3.0
780.5278879220704	0.17921069999999872	epochs	2.0
780.5278879220704	0.09052959999996801	epochs	3.0
780.6184175220703	0.08868110000003071	epochs	3.0
780.7070986220704	0.17210769999996955	epochs	2.0
780.7070986220704	0.08690629999989596	epochs	3.0
780.7940049220703	0.08520140000007359	epochs	3.0
780.8792063220703	0.1655463999999256	epochs	2.0
780.8792063220703	0.08356189999994967	epochs	3.0
780.9627682220703	0.08198449999997592	epochs	3.0
781.0447527220703	0.15946710000002895	epochs	2.0
781.0447527220703	0.08046540000009372	epochs	3.0
781.1252181220704	0.07900169999993523	epochs	3.0
781.2042198220703	0.15381839999997737	epochs	2.0
781.2042198220703	0.07759010000006583	epochs	3.0
781.2818099220704	0.07622829999991154	epochs	3.0
781.3580382220703	0.14855640000007497	epochs	2.0
781.3580382220703	0.07491330000004837	epochs	3.0
781.4329515220703	0.0736431000000266	epochs	3.0
781.5065946220703	0.14364239999997608	epochs	2.0
781.5065946220703	0.07241499999997814	epochs	3.0
781.5790096220703	0.07122739999999794	epochs	3.0
781.6502370220703	0.13904309999998077	epochs	2.0
781.6502370220703	0.07007799999996678	epochs	3.0
781.7203150220703	0.06896510000001399	epochs	3.0
781.7892801220703	0.1347293000000036	epochs	2.0
781.7892801220703	0.0678871000000072	epochs	3.0
781.8571672220703	0.06684219999999641	epochs	3.0
781.9240094220703	0.1306752000000415	epochs	2.0
781.9240094220703	0.06582909999997355	epochs	3.0
781.9898385220703	0.06484610000006796	epochs	3.0
782.0546846220703	0.1268577999999252	epochs	2.0
782.0546846220703	0.06389200000000983	epochs	3.0
782.1185766220703	0.06296579999991536	epochs	3.0
782.1815424220703	0.12325720000001184	epochs	2.0
782.1815424220703	0.06206580000002759	epochs	3.0
782.2436082220703	0.06119139999998424	epochs	3.0
782.3047996220703	0.11985540000000583	epochs	2.0
782.3047996220703	0.06034110000007331	epochs	3.0
782.3651407220704	0.05951429999993252	epochs	3.0
782.4246550220703	0.11663620000001629	epochs	2.0
782.4246550220703	0.05870960000004288	epochs	3.0
782.4833646220703	0.057926599999973405	epochs	3.0
782.5412912220703	0.11358559999996487	epochs	2.0
782.5412912220703	0.05716419999998834	epochs	3.0
782.5984554220703	0.05642139999997653	epochs	3.0
782.6548768220703	0.11069050000003244	epochs	2.0
782.6548768220703	0.055697900000041045	epochs	3.0
782.7105747220703	0.0549925999999914	epochs	3.0
782.7655673220703	0.1079391000000669	epochs	2.0
782.7655673220703	0.05430490000003374	epochs	3.0
782.8198722220703	0.05363420000003316	epochs	3.0
782.8735064220704	0.10532149999994544	epochs	2.0
782.8735064220704	0.05297999999993408	epochs	3.0
782.9264864220703	0.052341500000011365	epochs	3.0
782.9788279220703	0.10282759999995505	epochs	2.0
782.9788279220703	0.05171810000001642	epochs	3.0
783.0305460220703	0.051109499999938635	epochs	3.0
783.0816555220703	0.10044909999999163	epochs	2.0
783.0816555220703	0.050514900000052876	epochs	3.0
783.1321704220703	0.049934199999938755	epochs	3.0
783.1821046220703	0.09817830000008598	epochs	2.0
783.1821046220703	0.049366600000098515	epochs	3.0
783.2314712220704	0.04881169999998747	epochs	3.0
783.2802829220703	0.09600779999993847	epochs	2.0
783.2802829220703	0.04826919999993606	epochs	3.0
783.3285521220703	0.04773860000000241	epochs	3.0
783.3762907220703	0.09393120000004274	epochs	2.0
783.3762907220703	0.04721949999998287	epochs	3.0
783.4235102220703	0.046711700000059864	epochs	3.0
783.4702219220703	0.09194260000003851	epochs	2.0
783.4702219220703	0.046214599999984785	epochs	3.0
783.5164365220703	0.045728000000053726	epochs	3.0
783.5621645220704	0.09003629999995155	epochs	2.0
783.5621645220704	0.045251499999949374	epochs	3.0
783.6074160220703	0.04478480000000218	epochs	3.0
783.6522008220703	0.08820760000003247	epochs	2.0
783.6522008220703	0.044327800000019124	epochs	3.0
783.6965286220703	0.04387980000001335	epochs	3.0
783.7404084220703	0.0864516999999978	epochs	2.0
783.7404084220703	0.04344099999991613	epochs	3.0
783.7838494220703	0.04301070000008167	epochs	3.0
783.8268601220703	0.08476429999996071	epochs	2.0
783.8268601220703	0.04258900000002086	epochs	3.0
783.8694491220704	0.04217529999993985	epochs	3.0
783.9116244220703	0.08314150000001064	epochs	2.0
783.9116244220703	0.04176970000003166	epochs	3.0
783.9533941220703	0.041371799999978975	epochs	3.0
783.9947659220703	0.08157970000002024	epochs	2.0
783.9947659220703	0.040981399999964196	epochs	3.0
784.0357473220703	0.04059830000005604	epochs	3.0
784.0763456220703	0.08007550000002084	epochs	2.0
784.0763456220703	0.04022229999998217	epochs	3.0
784.1165679220703	0.03985320000003867	epochs	3.0
784.1564211220704	0.07862569999997504	epochs	2.0
784.1564211220704	0.0394907999999532	epochs	3.0
784.1959119220703	0.039134900000021844	epochs	3.0
784.2350468220703	0.07722760000001472	epochs	2.0
784.2350468220703	0.03878539999993791	epochs	3.0
784.2738322220703	0.03844220000007681	epochs	3.0
784.3122744220703	0.07587819999992007	epochs	2.0
784.3122744220703	0.03810479999992822	epochs	3.0
784.3503792220703	0.03777339999999185	epochs	3.0
784.3881526220703	0.0745752000000266	epochs	2.0
784.3881526220703	0.03744770000002973	epochs	3.0
784.4256003220703	0.03712749999999687	epochs	3.0
784.4627278220703	0.07331629999998768	epochs	2.0
784.4627278220703	0.036812899999972615	epochs	3.0
784.4995407220703	0.03650340000001506	epochs	3.0
784.5360441220703	0.07209899999998015	epochs	2.0
784.5360441220703	0.03619909999997617	epochs	3.0
784.5722432220703	0.03589990000000398	epochs	3.0
784.6081431220703	0.07092170000009901	epochs	2.0
784.6081431220703	0.03560560000005353	epochs	3.0
784.6437487220703	0.03531610000004548	epochs	3.0
784.6790648220704	0.0697819999999183	epochs	2.0
784.6790648220704	0.03503119999993487	epochs	3.0
784.7140960220703	0.03475079999998343	epochs	3.0
784.7488468220703	0.06867859999999837	epochs	2.0
784.7488468220703	0.03447510000000875	epochs	3.0
784.7833219220703	0.03420349999998962	epochs	3.0
784.8175254220703	0.06760930000007193	epochs	2.0
784.8175254220703	0.03393620000008468	epochs	3.0
784.8514616220704	0.033673099999987244	epochs	3.0
784.8851347220703	0.06657289999998284	epochs	2.0
784.8851347220703	0.03341399999999339	epochs	3.0
784.9185487220703	0.033158899999989444	epochs	3.0
784.9517076220703	0.06556779999993978	epochs	2.0
784.9517076220703	0.032907700000009754	epochs	3.0
784.9846153220703	0.032660099999930026	epochs	3.0
785.0172754220703	0.06459260000008271	epochs	2.0
785.0172754220703	0.032416399999988244	epochs	3.0
785.0496918220703	0.03217620000009447	epochs	3.0
785.0818680220704	0.0636459999999488	epochs	2.0
785.0818680220704	0.03193959999998697	epochs	3.0
785.1138076220703	0.03170639999996183	epochs	3.0
785.1455140220703	0.0627266999999847	epochs	2.0
785.1455140220703	0.03147660000001906	epochs	3.0
785.1769906220703	0.03125009999996564	epochs	3.0
785.2082407220703	0.06183359999999993	epochs	2.0
785.2082407220703	0.031026900000028945	epochs	3.0
785.2392676220703	0.030806699999970988	epochs	3.0
785.2700743220703	0.06096560000003137	epochs	2.0
785.2700743220703	0.030589800000029754	epochs	3.0
785.3006641220703	0.030375800000001618	epochs	3.0
785.3310399220703	0.06012160000000222	epochs	2.0
785.3310399220703	0.030164900000045236	epochs	3.0
785.3612048220704	0.02995669999995698	epochs	3.0
785.3911615220703	0.05930069999999432	epochs	2.0
785.3911615220703	0.02975159999994048	epochs	3.0
785.4209131220703	0.02954910000005384	epochs	3.0
785.4504622220703	0.05850180000004457	epochs	2.0
785.4504622220703	0.02934940000000097	epochs	3.0
785.4798116220703	0.0291524000000436	epochs	3.0
785.5089640220704	0.05772419999993872	epochs	2.0
785.5089640220704	0.028957999999988715	epochs	3.0
785.5379220220703	0.028766199999950004	epochs	3.0
785.5666882220703	0.05696710000006533	epochs	2.0
785.5666882220703	0.028577000000041153	epochs	3.0
785.5952652220703	0.028390100000024177	epochs	3.0
785.6236553220704	0.05622949999997218	epochs	2.0
785.6236553220704	0.028205699999944045	epochs	3.0
785.6518610220703	0.028023800000028132	epochs	3.0
785.6798848220703	0.05551070000001346	epochs	2.0
785.6798848220703	0.027843999999959124	epochs	3.0
785.7077288220703	0.027666700000054334	epochs	3.0
785.7353955220703	0.054810200000019904	epochs	2.0
785.7353955220703	0.02749149999999645	epochs	3.0
785.7628870220703	0.027318700000023455	epochs	3.0
785.7902057220704	0.05412699999999404	epochs	2.0
785.7902057220704	0.027147799999966082	epochs	3.0
785.8173535220703	0.02697920000002796	epochs	3.0
785.8443327220704	0.053460699999959616	epochs	2.0
785.8443327220704	0.0268125999999711	epochs	3.0
785.8711453220703	0.026648099999988517	epochs	3.0
785.8977934220703	0.05281070000000909	epochs	2.0
785.8977934220703	0.026485600000000886	epochs	3.0
785.9242790220703	0.026325100000008206	epochs	3.0
785.9506041220703	0.05217619999996259	epochs	2.0
785.9506041220703	0.026166399999965506	epochs	3.0
785.9767705220703	0.026009799999997085	epochs	3.0
786.0027803220703	0.051556699999991906	epochs	2.0
786.0027803220703	0.025854800000047362	epochs	3.0
786.0286351220703	0.025701899999944544	epochs	3.0
786.0543370220703	0.05095189999997274	epochs	2.0
786.0543370220703	0.02555070000005344	epochs	3.0
786.0798877220703	0.0254011999999193	epochs	3.0
786.1052889220703	0.05036100000006627	epochs	2.0
786.1052889220703	0.0252535000000762	epochs	3.0
786.1305424220703	0.02510749999999007	epochs	3.0
786.1556499220703	0.049783800000000156	epochs	2.0
786.1556499220703	0.02496320000000196	epochs	3.0
786.1806131220703	0.024820599999998194	epochs	3.0
786.2054337220703	0.04921949999993558	epochs	2.0
786.2054337220703	0.024679399999968155	epochs	3.0
786.2301131220703	0.024540099999967424	epochs	3.0
786.2546532220703	0.04866790000005494	epochs	2.0
786.2546532220703	0.024402100000088467	epochs	3.0
786.2790553220703	0.024265799999966475	epochs	3.0
786.3033211220703	0.04812860000004093	epochs	2.0
786.3033211220703	0.024131000000011227	epochs	3.0
786.3274521220703	0.023997600000029706	epochs	3.0
786.3514497220704	0.04760109999995166	epochs	2.0
786.3514497220704	0.023865799999953197	epochs	3.0
786.3753155220703	0.02373529999999846	epochs	3.0
786.3990508220703	0.047085000000038235	epochs	2.0
786.3990508220703	0.023606299999983094	epochs	3.0
786.4226571220703	0.02347870000005514	epochs	3.0
786.4461358220703	0.046579999999948996	epochs	2.0
786.4461358220703	0.02335249999998723	epochs	3.0
786.4694883220703	0.023227499999961765	epochs	3.0
786.4927158220703	0.046085700000048746	epochs	2.0
786.4927158220703	0.023103999999989355	epochs	3.0
786.5158198220703	0.02298170000005939	epochs	3.0
786.5388015220703	0.045601799999985815	epochs	2.0
786.5388015220703	0.022860700000023826	epochs	3.0
786.5616622220704	0.02274109999996199	epochs	3.0
786.5844033220703	0.04512790000001132	epochs	2.0
786.5844033220703	0.022622500000011314	epochs	3.0
786.6070258220703	0.02250540000000001	epochs	3.0
786.6295312220703	0.044663799999966614	epochs	2.0
786.6295312220703	0.02238929999998618	epochs	3.0
786.6519205220703	0.022274499999980435	epochs	3.0
786.6741950220703	0.04420919999995476	epochs	2.0
786.6741950220703	0.022160800000051495	epochs	3.0
786.6963558220704	0.022048399999903268	epochs	3.0
786.7184042220703	0.043763600000033875	epochs	2.0
786.7184042220703	0.021936900000014248	epochs	3.0
786.7403411220703	0.021826700000019628	epochs	3.0
786.7621678220703	0.04332710000005591	epochs	2.0
786.7621678220703	0.021717599999988124	epochs	3.0
786.7838854220703	0.021609500000067783	epochs	3.0
786.8054949220704	0.042898999999920306	epochs	2.0
786.8054949220704	0.02150249999999687	epochs	3.0
786.8269974220703	0.021396499999923435	epochs	3.0
786.8483939220703	0.042479500000013104	epochs	2.0
786.8483939220703	0.02129170000000613	epochs	3.0
786.8696856220703	0.021187800000006973	epochs	3.0
786.8908734220703	0.042067900000006375	epochs	2.0
786.8908734220703	0.02108490000000529	epochs	3.0
786.9119583220703	0.020983000000001084	epochs	3.0
786.9329413220703	0.04166440000005878	epochs	2.0
786.9329413220703	0.02088220000007368	epochs	3.0
786.9538235220704	0.020782199999985096	epochs	3.0
786.9746057220704	0.04126850000000104	epochs	2.0
786.9746057220704	0.020683299999973315	epochs	3.0
786.9952890220703	0.020585200000027726	epochs	3.0
787.0158742220704	0.04088000000001557	epochs	2.0
787.0158742220704	0.020488099999965925	epochs	3.0
787.0363623220703	0.020391900000049645	epochs	3.0
787.0567542220704	0.04049879999990935	epochs	2.0
787.0567542220704	0.020296599999937825	epochs	3.0
787.0770508220703	0.020202199999971526	epochs	3.0
787.0972530220703	0.04012460000001283	epochs	2.0
787.0972530220703	0.02010870000003706	epochs	3.0
787.1173617220703	0.020015899999975773	epochs	3.0
787.1373776220703	0.03975730000001931	epochs	2.0
787.1373776220703	0.019924199999991288	epochs	3.0
787.1573018220703	0.019833100000028026	epochs	3.0
787.1771349220703	0.03939669999999751	epochs	2.0
787.1771349220703	0.01974300000006224	epochs	3.0
787.1968779220704	0.01965369999993527	epochs	3.0
787.2165316220703	0.03904239999997117	epochs	2.0
787.2165316220703	0.01956510000002254	epochs	3.0
787.2360967220703	0.019477299999948627	epochs	3.0
787.2555740220703	0.03869459999998526	epochs	2.0
787.2555740220703	0.019390400000020236	epochs	3.0
787.2749644220703	0.01930419999996502	epochs	3.0
787.2942686220703	0.03835290000006353	epochs	2.0
787.2942686220703	0.019218800000089686	epochs	3.0
787.3134874220704	0.01913409999997384	epochs	3.0
787.3326215220703	0.03801720000001296	epochs	2.0
787.3326215220703	0.019050200000037876	epochs	3.0
787.3516717220704	0.018966999999975087	epochs	3.0
787.3706387220703	0.03768719999993664	epochs	2.0
787.3706387220703	0.01888450000001285	epochs	3.0
787.3895232220704	0.01880269999992379	epochs	3.0
787.4083259220703	0.03736309999999321	epochs	2.0
787.4083259220703	0.018721700000014607	epochs	3.0
787.4270476220703	0.018641399999978603	epochs	3.0
787.4456890220703	0.03704430000004777	epochs	2.0
787.4456890220703	0.01856159999999818	epochs	3.0
787.4642506220703	0.01848270000004959	epochs	3.0
787.4827333220703	0.0367310000000316	epochs	2.0
787.4827333220703	0.018404300000042895	epochs	3.0
787.5011376220704	0.018326699999988705	epochs	3.0
787.5194643220703	0.03642289999993409	epochs	2.0
787.5194643220703	0.018249599999990096	epochs	3.0
787.5377139220703	0.018173299999943993	epochs	3.0
787.5558872220703	0.03612010000006194	epochs	2.0
787.5558872220703	0.0180976000000328	epochs	3.0
787.5739848220703	0.01802250000002914	epochs	3.0
787.5920073220703	0.03582210000001851	epochs	2.0
787.5920073220703	0.017947899999967376	epochs	3.0
787.6099552220703	0.017874200000051133	epochs	3.0
787.6278294220704	0.03552899999999681	epochs	2.0
787.6278294220704	0.017800799999918127	epochs	3.0
787.6456302220703	0.017728200000078687	epochs	3.0
787.6633584220704	0.035240699999917524	epochs	2.0
787.6633584220704	0.017656099999953767	epochs	3.0
787.6810145220703	0.017584599999963757	epochs	3.0
787.6985991220703	0.034957100000042374	epochs	2.0
787.6985991220703	0.01751369999999497	epochs	3.0
787.7161128220703	0.017443400000047404	epochs	3.0
787.7335562220703	0.03467790000001969	epochs	2.0
787.7335562220703	0.017373600000041733	epochs	3.0
787.7509298220704	0.017304299999977957	epochs	3.0
787.7682341220703	0.03440330000000813	epochs	2.0
787.7682341220703	0.01723570000001473	epochs	3.0
787.7854698220704	0.0171675999999934	epochs	3.0
787.8026374220703	0.03413279999995211	epochs	2.0
787.8026374220703	0.01709989999994832	epochs	3.0
787.8197373220703	0.017032900000003792	epochs	3.0
787.8367702220703	0.033866699999975935	epochs	2.0
787.8367702220703	0.01696640000000116	epochs	3.0
787.8537366220703	0.016900299999974777	epochs	3.0
787.8706369220703	0.03360459999998966	epochs	2.0
787.8706369220703	0.016834800000083305	epochs	3.0
787.8874717220704	0.016769799999906354	epochs	3.0
787.9042415220703	0.03334660000007261	epochs	2.0
787.9042415220703	0.016705300000012357	epochs	3.0
787.9209468220703	0.016641300000060255	epochs	3.0
787.9375881220703	0.03309249999995245	epochs	2.0
787.9375881220703	0.01657779999993636	epochs	3.0
787.9541659220703	0.01651470000001609	epochs	3.0
787.9706806220703	0.03284229999997024	epochs	2.0
787.9706806220703	0.01645220000000336	epochs	3.0
787.9871328220703	0.01639009999996688	epochs	3.0
788.0035229220703	0.03259570000000167	epochs	2.0
788.0035229220703	0.016328400000020338	epochs	3.0
788.0198513220703	0.016267299999981333	epochs	3.0
788.0361186220703	0.03235290000009172	epochs	2.0
788.0361186220703	0.016206600000032267	epochs	3.0
788.0523252220703	0.016146300000059455	epochs	3.0
788.0684715220704	0.03211369999996805	epochs	2.0
788.0684715220704	0.016086599999994178	epochs	3.0
788.0845581220703	0.01602709999997387	epochs	3.0
788.1005852220703	0.03187800000000607	epochs	2.0
788.1005852220703	0.015968199999974786	epochs	3.0
788.1165534220703	0.015909800000031282	epochs	3.0
788.1324632220703	0.031645700000012766	epochs	2.0
788.1324632220703	0.01585160000001906	epochs	3.0
788.1483148220703	0.015794099999993705	epochs	3.0
788.1641089220703	0.0314167000000225	epochs	2.0
788.1641089220703	0.01573669999993399	epochs	3.0
788.1798456220703	0.015680000000088512	epochs	3.0
788.1955256220704	0.031191100000000915	epochs	2.0
788.1955256220704	0.015623599999912585	epochs	3.0
788.2111492220703	0.01556750000008833	epochs	3.0
788.2267167220704	0.030968699999903038	epochs	2.0
788.2267167220704	0.015511999999944237	epochs	3.0
788.2422287220703	0.0154566999999588	epochs	3.0
788.2576854220703	0.03074950000006993	epochs	2.0
788.2576854220703	0.015401999999994587	epochs	3.0
788.2730874220703	0.015347500000075343	epochs	3.0
788.2884349220703	0.030533199999922545	epochs	2.0
788.2884349220703	0.015293400000018664	epochs	3.0
788.3037283220704	0.01523979999990388	epochs	3.0
788.3189681220703	0.03032010000003993	epochs	2.0
788.3189681220703	0.015186500000027081	epochs	3.0
788.3341546220703	0.015133600000012848	epochs	3.0
788.3492882220703	0.03010990000007041	epochs	2.0
788.3492882220703	0.015081000000009226	epochs	3.0
788.3643692220703	0.015028900000061185	epochs	3.0
788.3793981220704	0.029902499999934662	epochs	2.0
788.3793981220704	0.01497699999993074	epochs	3.0
788.3943751220703	0.014925500000003922	epochs	3.0
788.4093006220703	0.029698100000018712	epochs	2.0
788.4093006220703	0.014874400000053356	epochs	3.0
788.4241750220704	0.014823699999965356	epochs	3.0
788.4389987220703	0.02949630000000525	epochs	2.0
788.4389987220703	0.014773200000036013	epochs	3.0
788.4537719220704	0.014723099999969236	epochs	3.0
788.4684950220703	0.02929740000001857	epochs	2.0
788.4684950220703	0.014673399999992398	epochs	3.0
788.4831684220703	0.014624000000026172	epochs	3.0
788.4977924220703	0.029101099999934377	epochs	2.0
788.4977924220703	0.01457489999995687	epochs	3.0
788.5123673220703	0.014526199999977507	epochs	3.0
788.5268935220703	0.028907399999980044	epochs	2.0
788.5268935220703	0.014477700000043114	epochs	3.0
788.5413712220703	0.014429699999936929	epochs	3.0
788.5558009220703	0.028716200000076242	epochs	2.0
788.5558009220703	0.014381800000023759	epochs	3.0
788.5701827220703	0.014334400000052483	epochs	3.0
788.5845171220703	0.02852759999996124	epochs	2.0
788.5845171220703	0.01428720000001249	epochs	3.0
788.5988043220704	0.01424039999994875	epochs	3.0
788.6130447220703	0.028341400000044814	epochs	2.0
788.6130447220703	0.014193800000043666	epochs	3.0
788.6272385220703	0.014147600000001148	epochs	3.0
788.6413861220703	0.028157699999951546	epochs	2.0
788.6413861220703	0.014101699999969242	epochs	3.0
788.6554878220703	0.014055999999982305	epochs	3.0
788.6695438220703	0.027976299999977527	epochs	2.0
788.6695438220703	0.01401060000000598	epochs	3.0
788.6835544220703	0.013965699999971548	epochs	3.0
788.6975201220703	0.02779720000000907	epochs	2.0
788.6975201220703	0.013920800000050804	epochs	3.0
788.7114409220703	0.013876399999958267	epochs	3.0
788.7253173220703	0.027620400000046175	epochs	2.0
788.7253173220703	0.013832200000024386	epochs	3.0
788.7391495220703	0.013788200000021789	epochs	3.0
788.7529377220703	0.027445899999975154	epochs	2.0
788.7529377220703	0.013744599999995444	epochs	3.0
788.7666823220703	0.01370129999997971	epochs	3.0
788.7803836220703	0.027273499999978412	epochs	2.0
788.7803836220703	0.013658200000008947	epochs	3.0
788.7940418220703	0.013615299999969466	epochs	3.0
788.8076571220703	0.027103399999987232	epochs	2.0
788.8076571220703	0.013572800000019924	epochs	3.0
788.8212299220703	0.013530599999967308	epochs	3.0
788.8347605220703	0.02693520000002536	epochs	2.0
788.8347605220703	0.013488400000028378	epochs	3.0
788.8482489220703	0.013446799999996983	epochs	3.0
788.8616957220703	0.026769199999989723	epochs	2.0
788.8616957220703	0.013405199999965589	epochs	3.0
788.8751009220703	0.013364000000024134	epochs	3.0
788.8884649220703	0.026605200000062723	epochs	2.0
788.8884649220703	0.013322900000048321	epochs	3.0
788.9017878220703	0.013282300000014402	epochs	3.0
788.9150701220703	0.026443200000016986	epochs	2.0
788.9150701220703	0.013241699999980483	epochs	3.0
788.9283118220703	0.013201500000036503	epochs	3.0
788.9415133220704	0.0262831999999662	epochs	2.0
788.9415133220704	0.01316149999991012	epochs	3.0
788.9546748220703	0.01312170000005608	epochs	3.0
788.9677965220703	0.02612499999997908	epochs	2.0
788.9677965220703	0.013082100000019636	epochs	3.0
788.9808786220703	0.013042899999959445	epochs	3.0
788.9939215220703	0.025968899999952555	epochs	2.0
788.9939215220703	0.01300390000005791	epochs	3.0
789.0069254220704	0.012964999999894644	epochs	3.0
789.0198904220703	0.025814500000024054	epochs	2.0
789.0198904220703	0.01292640000008305	epochs	3.0
789.0328168220703	0.012888099999941005	epochs	3.0
789.0457049220703	0.025661900000045534	epochs	2.0
789.0457049220703	0.012849899999991976	epochs	3.0
789.0585548220703	0.012812000000053558	epochs	3.0
789.0713668220703	0.025511199999982637	epochs	2.0
789.0713668220703	0.012774400000012065	epochs	3.0
789.0841412220703	0.012736799999970572	epochs	3.0
789.0968780220703	0.025362299999983406	epochs	2.0
789.0968780220703	0.01269969999998466	epochs	3.0
789.1095777220703	0.012662599999998747	epochs	3.0
789.1222403220703	0.025215000000002874	epochs	2.0
789.1222403220703	0.012625800000023446	epochs	3.0
789.1348661220703	0.012589199999979428	epochs	3.0
789.1474553220703	0.024584799999956886	epochs	2.0
789.1706352220704	0.5	epochs	-1.0
789.1720401220703	0.5446400000000722	epochs	1.0
789.7166801220703	0.4552800000000161	epochs	0.0
790.7430000305176	0.07503999999994448	epochs	0.0
790.7430000305176	0.03252229999998235	epochs	1.0
790.7755223305176	0.009995399999979782	epochs	1.0
790.7855177305175	0.03252229999998235	epochs	1.0
790.8180400305175	2.0	epochs	0.0
792.8180400305175	21.54480000000001	epochs	0.0
792.8180400305175	1.0	epochs	1.0
792.8180751305176	0.5	epochs	-1.0
793.3180751305176	19.998559999999998	epochs	-1.0
793.8180400305175	20.0	epochs	1.0
793.8180400305175	4.356753900000058	epochs	-1.0
793.8180400305175	1.9745872000000873	epochs	2.0
793.8180400305175	1.0985622000000603	epochs	3.0
794.9166022305176	0.8760250000000269	epochs	3.0
795.7926272305176	1.352407499999913	epochs	2.0
795.7926272305176	0.7286354999999958	epochs	3.0
796.5212627305176	0.6237719999999172	epochs	3.0
797.1450347305175	1.0297592000000577	epochs	2.0
797.1450347305175	0.5453293000000485	epochs	3.0
797.6903640305176	0.4844299000000092	epochs	3.0
798.1747939305176	0.8317862000000105	epochs	2.0
798.1747939305176	0.4357763000000432	epochs	3.0
798.6105702305176	0.3960098999999673	epochs	3.0
799.0065801305176	0.6977970000000369	epochs	2.0
799.0065801305176	0.3628982000000178	epochs	3.0
799.3694783305176	0.33489880000001904	epochs	3.0
799.7043771305176	0.601045699999986	epochs	2.0
799.7043771305176	0.3109122999999272	epochs	3.0
800.0152894305176	0.2901334000000588	epochs	3.0
800.3054228305176	0.5278859000000011	epochs	2.0
800.3054228305176	0.2719585999999481	epochs	3.0
800.5773814305176	0.25592730000005304	epochs	3.0
800.8333087305176	0.470619299999953	epochs	2.0
800.8333087305176	0.241681299999982	epochs	3.0
801.0749900305176	0.228937999999971	epochs	3.0
801.3039280305176	0.42457039999999324	epochs	2.0
801.3039280305176	0.21747140000002219	epochs	3.0
801.5213994305176	0.20709899999997106	epochs	3.0
801.7284984305176	0.3867354000000205	epochs	2.0
801.7284984305176	0.19767109999997956	epochs	3.0
801.9261695305175	0.18906430000004093	epochs	3.0
802.1152338305176	0.3550953000000163	epochs	2.0
802.1152338305176	0.18117589999997108	epochs	3.0
802.2964097305176	0.17391940000004524	epochs	3.0
802.4703291305176	0.3282431000000088	epochs	2.0
802.4703291305176	0.16722189999995862	epochs	3.0
802.6375510305176	0.16102120000005016	epochs	3.0
802.7985722305176	0.30516799999998057	epochs	2.0
802.7985722305176	0.15526390000002266	epochs	3.0
802.9538361305176	0.1499040999999579	epochs	3.0
803.1037402305176	0.28512530000000424	epochs	2.0
803.1037402305176	0.1449020999999675	epochs	3.0
803.2486423305176	0.14022320000003674	epochs	3.0
803.3888655305176	0.2675537999999733	epochs	2.0
803.3888655305176	0.1358368999999584	epochs	3.0
803.5247024305176	0.1317169000000149	epochs	3.0
803.6564193305176	0.2520229000000427	epochs	2.0
803.6564193305176	0.1278393000000051	epochs	3.0
803.7842586305176	0.12418360000003759	epochs	3.0
803.9084422305176	0.23819649999995818	epochs	2.0
803.9084422305176	0.12073109999994358	epochs	3.0
804.0291733305176	0.1174654000000146	epochs	3.0
804.1466387305176	0.2258087999999816	epochs	2.0
804.1466387305176	0.11437190000003739	epochs	3.0
804.2610106305176	0.11143689999994422	epochs	3.0
804.3724475305175	0.2146460000000161	epochs	2.0
804.3724475305175	0.10864890000004834	epochs	3.0
804.4810964305176	0.10599709999996776	epochs	3.0
804.5870935305176	0.20453499999996438	epochs	2.0
804.5870935305176	0.10347150000006877	epochs	3.0
804.6905650305176	0.10106349999989561	epochs	3.0
804.7916285305175	0.19533400000000256	epochs	2.0
804.7916285305175	0.09876510000003691	epochs	3.0
804.8903936305176	0.09656889999996565	epochs	3.0
804.9869625305175	0.1869253000000981	epochs	2.0
804.9869625305175	0.09446830000001682	epochs	3.0
805.0814308305175	0.09245700000008128	epochs	3.0
805.1738878305176	0.17921069999999872	epochs	2.0
805.1738878305176	0.09052959999996801	epochs	3.0
805.2644174305176	0.08868110000003071	epochs	3.0
805.3530985305176	0.17210769999996955	epochs	2.0
805.3530985305176	0.08690629999989596	epochs	3.0
805.4400048305175	0.08520140000007359	epochs	3.0
805.5252062305176	0.1655463999999256	epochs	2.0
805.5252062305176	0.08356189999994967	epochs	3.0
805.6087681305175	0.08198449999997592	epochs	3.0
805.6907526305175	0.15946710000002895	epochs	2.0
805.6907526305175	0.08046540000009372	epochs	3.0
805.7712180305176	0.07900169999993523	epochs	3.0
805.8502197305176	0.15381839999997737	epochs	2.0
805.8502197305176	0.07759010000006583	epochs	3.0
805.9278098305176	0.07622829999991154	epochs	3.0
806.0040381305175	0.14855640000007497	epochs	2.0
806.0040381305175	0.07491330000004837	epochs	3.0
806.0789514305176	0.0736431000000266	epochs	3.0
806.1525945305176	0.14364239999997608	epochs	2.0
806.1525945305176	0.07241499999997814	epochs	3.0
806.2250095305176	0.07122739999999794	epochs	3.0
806.2962369305176	0.13904309999998077	epochs	2.0
806.2962369305176	0.07007799999996678	epochs	3.0
806.3663149305175	0.06896510000001399	epochs	3.0
806.4352800305176	0.1347293000000036	epochs	2.0
806.4352800305176	0.0678871000000072	epochs	3.0
806.5031671305176	0.06684219999999641	epochs	3.0
806.5700093305176	0.1306752000000415	epochs	2.0
806.5700093305176	0.06582909999997355	epochs	3.0
806.6358384305175	0.06484610000006796	epochs	3.0
806.7006845305176	0.1268577999999252	epochs	2.0
806.7006845305176	0.06389200000000983	epochs	3.0
806.7645765305176	0.06296579999991536	epochs	3.0
806.8275423305175	0.12325720000001184	epochs	2.0
806.8275423305175	0.06206580000002759	epochs	3.0
806.8896081305176	0.06119139999998424	epochs	3.0
806.9507995305175	0.11985540000000583	epochs	2.0
806.9507995305175	0.06034110000007331	epochs	3.0
807.0111406305176	0.05951429999993252	epochs	3.0
807.0706549305175	0.11663620000001629	epochs	2.0
807.0706549305175	0.05870960000004288	epochs	3.0
807.1293645305176	0.057926599999973405	epochs	3.0
807.1872911305176	0.11358559999996487	epochs	2.0
807.1872911305176	0.05716419999998834	epochs	3.0
807.2444553305176	0.05642139999997653	epochs	3.0
807.3008767305175	0.11069050000003244	epochs	2.0
807.3008767305175	0.055697900000041045	epochs	3.0
807.3565746305176	0.0549925999999914	epochs	3.0
807.4115672305176	0.1079391000000669	epochs	2.0
807.4115672305176	0.05430490000003374	epochs	3.0
807.4658721305176	0.05363420000003316	epochs	3.0
807.5195063305176	0.10532149999994544	epochs	2.0
807.5195063305176	0.05297999999993408	epochs	3.0
807.5724863305176	0.052341500000011365	epochs	3.0
807.6248278305176	0.10282759999995505	epochs	2.0
807.6248278305176	0.05171810000001642	epochs	3.0
807.6765459305176	0.051109499999938635	epochs	3.0
807.7276554305175	0.10044909999999163	epochs	2.0
807.7276554305175	0.050514900000052876	epochs	3.0
807.7781703305176	0.049934199999938755	epochs	3.0
807.8281045305175	0.09817830000008598	epochs	2.0
807.8281045305175	0.049366600000098515	epochs	3.0
807.8774711305176	0.04881169999998747	epochs	3.0
807.9262828305176	0.09600779999993847	epochs	2.0
807.9262828305176	0.04826919999993606	epochs	3.0
807.9745520305175	0.04773860000000241	epochs	3.0
808.0222906305175	0.09393120000004274	epochs	2.0
808.0222906305175	0.04721949999998287	epochs	3.0
808.0695101305175	0.046711700000059864	epochs	3.0
808.1162218305176	0.09194260000003851	epochs	2.0
808.1162218305176	0.046214599999984785	epochs	3.0
808.1624364305176	0.045728000000053726	epochs	3.0
808.2081644305176	0.09003629999995155	epochs	2.0
808.2081644305176	0.045251499999949374	epochs	3.0
808.2534159305176	0.04478480000000218	epochs	3.0
808.2982007305176	0.08820760000003247	epochs	2.0
808.2982007305176	0.044327800000019124	epochs	3.0
808.3425285305176	0.04387980000001335	epochs	3.0
808.3864083305176	0.0864516999999978	epochs	2.0
808.3864083305176	0.04344099999991613	epochs	3.0
808.4298493305175	0.04301070000008167	epochs	3.0
808.4728600305176	0.08476429999996071	epochs	2.0
808.4728600305176	0.04258900000002086	epochs	3.0
808.5154490305176	0.04217529999993985	epochs	3.0
808.5576243305176	0.08314150000001064	epochs	2.0
808.5576243305176	0.04176970000003166	epochs	3.0
808.5993940305176	0.041371799999978975	epochs	3.0
808.6407658305176	0.08157970000002024	epochs	2.0
808.6407658305176	0.040981399999964196	epochs	3.0
808.6817472305175	0.04059830000005604	epochs	3.0
808.7223455305176	0.08007550000002084	epochs	2.0
808.7223455305176	0.04022229999998217	epochs	3.0
808.7625678305176	0.03985320000003867	epochs	3.0
808.8024210305176	0.07862569999997504	epochs	2.0
808.8024210305176	0.0394907999999532	epochs	3.0
808.8419118305176	0.039134900000021844	epochs	3.0
808.8810467305176	0.07722760000001472	epochs	2.0
808.8810467305176	0.03878539999993791	epochs	3.0
808.9198321305175	0.03844220000007681	epochs	3.0
808.9582743305176	0.07587819999992007	epochs	2.0
808.9582743305176	0.03810479999992822	epochs	3.0
808.9963791305175	0.03777339999999185	epochs	3.0
809.0341525305175	0.0745752000000266	epochs	2.0
809.0341525305175	0.03744770000002973	epochs	3.0
809.0716002305176	0.03712749999999687	epochs	3.0
809.1087277305176	0.07331629999998768	epochs	2.0
809.1087277305176	0.036812899999972615	epochs	3.0
809.1455406305175	0.03650340000001506	epochs	3.0
809.1820440305175	0.07209899999998015	epochs	2.0
809.1820440305175	0.03619909999997617	epochs	3.0
809.2182431305175	0.03589990000000398	epochs	3.0
809.2541430305175	0.07092170000009901	epochs	2.0
809.2541430305175	0.03560560000005353	epochs	3.0
809.2897486305176	0.03531610000004548	epochs	3.0
809.3250647305176	0.0697819999999183	epochs	2.0
809.3250647305176	0.03503119999993487	epochs	3.0
809.3600959305176	0.03475079999998343	epochs	3.0
809.3948467305175	0.06867859999999837	epochs	2.0
809.3948467305175	0.03447510000000875	epochs	3.0
809.4293218305176	0.03420349999998962	epochs	3.0
809.4635253305175	0.06760930000007193	epochs	2.0
809.4635253305175	0.03393620000008468	epochs	3.0
809.4974615305176	0.033673099999987244	epochs	3.0
809.5311346305176	0.06657289999998284	epochs	2.0
809.5311346305176	0.03341399999999339	epochs	3.0
809.5645486305176	0.033158899999989444	epochs	3.0
809.5977075305176	0.06556779999993978	epochs	2.0
809.5977075305176	0.032907700000009754	epochs	3.0
809.6306152305176	0.032660099999930026	epochs	3.0
809.6632753305175	0.06459260000008271	epochs	2.0
809.6632753305175	0.032416399999988244	epochs	3.0
809.6956917305175	0.03217620000009447	epochs	3.0
809.7278679305176	0.0636459999999488	epochs	2.0
809.7278679305176	0.03193959999998697	epochs	3.0
809.7598075305176	0.03170639999996183	epochs	3.0
809.7915139305176	0.0627266999999847	epochs	2.0
809.7915139305176	0.03147660000001906	epochs	3.0
809.8229905305176	0.03125009999996564	epochs	3.0
809.8542406305176	0.06183359999999993	epochs	2.0
809.8542406305176	0.031026900000028945	epochs	3.0
809.8852675305176	0.030806699999970988	epochs	3.0
809.9160742305176	0.06096560000003137	epochs	2.0
809.9160742305176	0.030589800000029754	epochs	3.0
809.9466640305176	0.030375800000001618	epochs	3.0
809.9770398305176	0.06012160000000222	epochs	2.0
809.9770398305176	0.030164900000045236	epochs	3.0
810.0072047305176	0.02995669999995698	epochs	3.0
810.0371614305176	0.05930069999999432	epochs	2.0
810.0371614305176	0.02975159999994048	epochs	3.0
810.0669130305175	0.02954910000005384	epochs	3.0
810.0964621305176	0.05850180000004457	epochs	2.0
810.0964621305176	0.02934940000000097	epochs	3.0
810.1258115305176	0.0291524000000436	epochs	3.0
810.1549639305176	0.05772419999993872	epochs	2.0
810.1549639305176	0.028957999999988715	epochs	3.0
810.1839219305176	0.028766199999950004	epochs	3.0
810.2126881305176	0.05696710000006533	epochs	2.0
810.2126881305176	0.028577000000041153	epochs	3.0
810.2412651305176	0.028390100000024177	epochs	3.0
810.2696552305176	0.05622949999997218	epochs	2.0
810.2696552305176	0.028205699999944045	epochs	3.0
810.2978609305176	0.028023800000028132	epochs	3.0
810.3258847305176	0.05551070000001346	epochs	2.0
810.3258847305176	0.027843999999959124	epochs	3.0
810.3537287305176	0.027666700000054334	epochs	3.0
810.3813954305176	0.054810200000019904	epochs	2.0
810.3813954305176	0.02749149999999645	epochs	3.0
810.4088869305176	0.027318700000023455	epochs	3.0
810.4362056305176	0.05412699999999404	epochs	2.0
810.4362056305176	0.027147799999966082	epochs	3.0
810.4633534305176	0.02697920000002796	epochs	3.0
810.4903326305176	0.053460699999959616	epochs	2.0
810.4903326305176	0.0268125999999711	epochs	3.0
810.5171452305176	0.026648099999988517	epochs	3.0
810.5437933305176	0.05281070000000909	epochs	2.0
810.5437933305176	0.026485600000000886	epochs	3.0
810.5702789305176	0.026325100000008206	epochs	3.0
810.5966040305176	0.05217619999996259	epochs	2.0
810.5966040305176	0.026166399999965506	epochs	3.0
810.6227704305176	0.026009799999997085	epochs	3.0
810.6487802305176	0.051556699999991906	epochs	2.0
810.6487802305176	0.025854800000047362	epochs	3.0
810.6746350305176	0.025701899999944544	epochs	3.0
810.7003369305176	0.05095189999997274	epochs	2.0
810.7003369305176	0.02555070000005344	epochs	3.0
810.7258876305176	0.0254011999999193	epochs	3.0
810.7512888305175	0.05036100000006627	epochs	2.0
810.7512888305175	0.0252535000000762	epochs	3.0
810.7765423305176	0.02510749999999007	epochs	3.0
810.8016498305176	0.049783800000000156	epochs	2.0
810.8016498305176	0.02496320000000196	epochs	3.0
810.8266130305176	0.024820599999998194	epochs	3.0
810.8514336305176	0.04921949999993558	epochs	2.0
810.8514336305176	0.024679399999968155	epochs	3.0
810.8761130305176	0.024540099999967424	epochs	3.0
810.9006531305175	0.04866790000005494	epochs	2.0
810.9006531305175	0.024402100000088467	epochs	3.0
810.9250552305176	0.024265799999966475	epochs	3.0
810.9493210305176	0.04812860000004093	epochs	2.0
810.9493210305176	0.024131000000011227	epochs	3.0
810.9734520305176	0.023997600000029706	epochs	3.0
810.9974496305176	0.04760109999995166	epochs	2.0
810.9974496305176	0.023865799999953197	epochs	3.0
811.0213154305176	0.02373529999999846	epochs	3.0
811.0450507305176	0.047085000000038235	epochs	2.0
811.0450507305176	0.023606299999983094	epochs	3.0
811.0686570305176	0.02347870000005514	epochs	3.0
811.0921357305176	0.046579999999948996	epochs	2.0
811.0921357305176	0.02335249999998723	epochs	3.0
811.1154882305176	0.023227499999961765	epochs	3.0
811.1387157305176	0.046085700000048746	epochs	2.0
811.1387157305176	0.023103999999989355	epochs	3.0
811.1618197305175	0.02298170000005939	epochs	3.0
811.1848014305176	0.045601799999985815	epochs	2.0
811.1848014305176	0.022860700000023826	epochs	3.0
811.2076621305176	0.02274109999996199	epochs	3.0
811.2304032305176	0.04512790000001132	epochs	2.0
811.2304032305176	0.022622500000011314	epochs	3.0
811.2530257305176	0.02250540000000001	epochs	3.0
811.2755311305176	0.044663799999966614	epochs	2.0
811.2755311305176	0.02238929999998618	epochs	3.0
811.2979204305176	0.022274499999980435	epochs	3.0
811.3201949305176	0.04420919999995476	epochs	2.0
811.3201949305176	0.022160800000051495	epochs	3.0
811.3423557305176	0.022048399999903268	epochs	3.0
811.3644041305175	0.043763600000033875	epochs	2.0
811.3644041305175	0.021936900000014248	epochs	3.0
811.3863410305175	0.021826700000019628	epochs	3.0
811.4081677305176	0.04332710000005591	epochs	2.0
811.4081677305176	0.021717599999988124	epochs	3.0
811.4298853305175	0.021609500000067783	epochs	3.0
811.4514948305176	0.042898999999920306	epochs	2.0
811.4514948305176	0.02150249999999687	epochs	3.0
811.4729973305176	0.021396499999923435	epochs	3.0
811.4943938305175	0.042479500000013104	epochs	2.0
811.4943938305175	0.02129170000000613	epochs	3.0
811.5156855305175	0.021187800000006973	epochs	3.0
811.5368733305176	0.042067900000006375	epochs	2.0
811.5368733305176	0.02108490000000529	epochs	3.0
811.5579582305176	0.020983000000001084	epochs	3.0
811.5789412305176	0.04166440000005878	epochs	2.0
811.5789412305176	0.02088220000007368	epochs	3.0
811.5998234305176	0.020782199999985096	epochs	3.0
811.6206056305176	0.04126850000000104	epochs	2.0
811.6206056305176	0.020683299999973315	epochs	3.0
811.6412889305176	0.020585200000027726	epochs	3.0
811.6618741305176	0.04088000000001557	epochs	2.0
811.6618741305176	0.020488099999965925	epochs	3.0
811.6823622305176	0.020391900000049645	epochs	3.0
811.7027541305176	0.04049879999990935	epochs	2.0
811.7027541305176	0.020296599999937825	epochs	3.0
811.7230507305176	0.020202199999971526	epochs	3.0
811.7432529305175	0.04012460000001283	epochs	2.0
811.7432529305175	0.02010870000003706	epochs	3.0
811.7633616305176	0.020015899999975773	epochs	3.0
811.7833775305176	0.03975730000001931	epochs	2.0
811.7833775305176	0.019924199999991288	epochs	3.0
811.8033017305175	0.019833100000028026	epochs	3.0
811.8231348305176	0.03939669999999751	epochs	2.0
811.8231348305176	0.01974300000006224	epochs	3.0
811.8428778305176	0.01965369999993527	epochs	3.0
811.8625315305176	0.03904239999997117	epochs	2.0
811.8625315305176	0.01956510000002254	epochs	3.0
811.8820966305176	0.019477299999948627	epochs	3.0
811.9015739305175	0.03869459999998526	epochs	2.0
811.9015739305175	0.019390400000020236	epochs	3.0
811.9209643305176	0.01930419999996502	epochs	3.0
811.9402685305175	0.03835290000006353	epochs	2.0
811.9402685305175	0.019218800000089686	epochs	3.0
811.9594873305176	0.01913409999997384	epochs	3.0
811.9786214305176	0.03801720000001296	epochs	2.0
811.9786214305176	0.019050200000037876	epochs	3.0
811.9976716305176	0.018966999999975087	epochs	3.0
812.0166386305176	0.03768719999993664	epochs	2.0
812.0166386305176	0.01888450000001285	epochs	3.0
812.0355231305176	0.01880269999992379	epochs	3.0
812.0543258305175	0.03736309999999321	epochs	2.0
812.0543258305175	0.018721700000014607	epochs	3.0
812.0730475305176	0.018641399999978603	epochs	3.0
812.0916889305175	0.03704430000004777	epochs	2.0
812.0916889305175	0.01856159999999818	epochs	3.0
812.1102505305175	0.01848270000004959	epochs	3.0
812.1287332305176	0.0367310000000316	epochs	2.0
812.1287332305176	0.018404300000042895	epochs	3.0
812.1471375305176	0.018326699999988705	epochs	3.0
812.1654642305176	0.03642289999993409	epochs	2.0
812.1654642305176	0.018249599999990096	epochs	3.0
812.1837138305176	0.018173299999943993	epochs	3.0
812.2018871305175	0.03612010000006194	epochs	2.0
812.2018871305175	0.0180976000000328	epochs	3.0
812.2199847305176	0.01802250000002914	epochs	3.0
812.2380072305176	0.03582210000001851	epochs	2.0
812.2380072305176	0.017947899999967376	epochs	3.0
812.2559551305176	0.017874200000051133	epochs	3.0
812.2738293305176	0.03552899999999681	epochs	2.0
812.2738293305176	0.017800799999918127	epochs	3.0
812.2916301305175	0.017728200000078687	epochs	3.0
812.3093583305176	0.035240699999917524	epochs	2.0
812.3093583305176	0.017656099999953767	epochs	3.0
812.3270144305176	0.017584599999963757	epochs	3.0
812.3445990305175	0.034957100000042374	epochs	2.0
812.3445990305175	0.01751369999999497	epochs	3.0
812.3621127305175	0.017443400000047404	epochs	3.0
812.3795561305176	0.03467790000001969	epochs	2.0
812.3795561305176	0.017373600000041733	epochs	3.0
812.3969297305176	0.017304299999977957	epochs	3.0
812.4142340305176	0.03440330000000813	epochs	2.0
812.4142340305176	0.01723570000001473	epochs	3.0
812.4314697305176	0.0171675999999934	epochs	3.0
812.4486373305176	0.03413279999995211	epochs	2.0
812.4486373305176	0.01709989999994832	epochs	3.0
812.4657372305176	0.017032900000003792	epochs	3.0
812.4827701305176	0.033866699999975935	epochs	2.0
812.4827701305176	0.01696640000000116	epochs	3.0
812.4997365305176	0.016900299999974777	epochs	3.0
812.5166368305175	0.03360459999998966	epochs	2.0
812.5166368305175	0.016834800000083305	epochs	3.0
812.5334716305176	0.016769799999906354	epochs	3.0
812.5502414305175	0.03334660000007261	epochs	2.0
812.5502414305175	0.016705300000012357	epochs	3.0
812.5669467305175	0.016641300000060255	epochs	3.0
812.5835880305176	0.03309249999995245	epochs	2.0
812.5835880305176	0.01657779999993636	epochs	3.0
812.6001658305175	0.01651470000001609	epochs	3.0
812.6166805305176	0.03284229999997024	epochs	2.0
812.6166805305176	0.01645220000000336	epochs	3.0
812.6331327305176	0.01639009999996688	epochs	3.0
812.6495228305175	0.03259570000000167	epochs	2.0
812.6495228305175	0.016328400000020338	epochs	3.0
812.6658512305175	0.016267299999981333	epochs	3.0
812.6821185305175	0.03235290000009172	epochs	2.0
812.6821185305175	0.016206600000032267	epochs	3.0
812.6983251305176	0.016146300000059455	epochs	3.0
812.7144714305176	0.03211369999996805	epochs	2.0
812.7144714305176	0.016086599999994178	epochs	3.0
812.7305580305176	0.01602709999997387	epochs	3.0
812.7465851305176	0.03187800000000607	epochs	2.0
812.7465851305176	0.015968199999974786	epochs	3.0
812.7625533305176	0.015909800000031282	epochs	3.0
812.7784631305176	0.031645700000012766	epochs	2.0
812.7784631305176	0.01585160000001906	epochs	3.0
812.7943147305176	0.015794099999993705	epochs	3.0
812.8101088305176	0.0314167000000225	epochs	2.0
812.8101088305176	0.01573669999993399	epochs	3.0
812.8258455305175	0.015680000000088512	epochs	3.0
812.8415255305176	0.031191100000000915	epochs	2.0
812.8415255305176	0.015623599999912585	epochs	3.0
812.8571491305175	0.01556750000008833	epochs	3.0
812.8727166305176	0.030968699999903038	epochs	2.0
812.8727166305176	0.015511999999944237	epochs	3.0
812.8882286305176	0.0154566999999588	epochs	3.0
812.9036853305175	0.03074950000006993	epochs	2.0
812.9036853305175	0.015401999999994587	epochs	3.0
812.9190873305175	0.015347500000075343	epochs	3.0
812.9344348305176	0.030533199999922545	epochs	2.0
812.9344348305176	0.015293400000018664	epochs	3.0
812.9497282305176	0.01523979999990388	epochs	3.0
812.9649680305175	0.03032010000003993	epochs	2.0
812.9649680305175	0.015186500000027081	epochs	3.0
812.9801545305176	0.015133600000012848	epochs	3.0
812.9952881305176	0.03010990000007041	epochs	2.0
812.9952881305176	0.015081000000009226	epochs	3.0
813.0103691305176	0.015028900000061185	epochs	3.0
813.0253980305176	0.029902499999934662	epochs	2.0
813.0253980305176	0.01497699999993074	epochs	3.0
813.0403750305176	0.014925500000003922	epochs	3.0
813.0553005305176	0.029698100000018712	epochs	2.0
813.0553005305176	0.014874400000053356	epochs	3.0
813.0701749305176	0.014823699999965356	epochs	3.0
813.0849986305176	0.02949630000000525	epochs	2.0
813.0849986305176	0.014773200000036013	epochs	3.0
813.0997718305176	0.014723099999969236	epochs	3.0
813.1144949305176	0.02929740000001857	epochs	2.0
813.1144949305176	0.014673399999992398	epochs	3.0
813.1291683305176	0.014624000000026172	epochs	3.0
813.1437923305176	0.029101099999934377	epochs	2.0
813.1437923305176	0.01457489999995687	epochs	3.0
813.1583672305176	0.014526199999977507	epochs	3.0
813.1728934305175	0.028907399999980044	epochs	2.0
813.1728934305175	0.014477700000043114	epochs	3.0
813.1873711305176	0.014429699999936929	epochs	3.0
813.2018008305175	0.028716200000076242	epochs	2.0
813.2018008305175	0.014381800000023759	epochs	3.0
813.2161826305176	0.014334400000052483	epochs	3.0
813.2305170305176	0.02852759999996124	epochs	2.0
813.2305170305176	0.01428720000001249	epochs	3.0
813.2448042305176	0.01424039999994875	epochs	3.0
813.2590446305176	0.028341400000044814	epochs	2.0
813.2590446305176	0.014193800000043666	epochs	3.0
813.2732384305176	0.014147600000001148	epochs	3.0
813.2873860305176	0.028157699999951546	epochs	2.0
813.2873860305176	0.014101699999969242	epochs	3.0
813.3014877305176	0.014055999999982305	epochs	3.0
813.3155437305176	0.027976299999977527	epochs	2.0
813.3155437305176	0.01401060000000598	epochs	3.0
813.3295543305176	0.013965699999971548	epochs	3.0
813.3435200305175	0.02779720000000907	epochs	2.0
813.3435200305175	0.013920800000050804	epochs	3.0
813.3574408305176	0.013876399999958267	epochs	3.0
813.3713172305175	0.027620400000046175	epochs	2.0
813.3713172305175	0.013832200000024386	epochs	3.0
813.3851494305176	0.013788200000021789	epochs	3.0
813.3989376305176	0.027445899999975154	epochs	2.0
813.3989376305176	0.013744599999995444	epochs	3.0
813.4126822305176	0.01370129999997971	epochs	3.0
813.4263835305176	0.027273499999978412	epochs	2.0
813.4263835305176	0.013658200000008947	epochs	3.0
813.4400417305176	0.013615299999969466	epochs	3.0
813.4536570305175	0.027103399999987232	epochs	2.0
813.4536570305175	0.013572800000019924	epochs	3.0
813.4672298305176	0.013530599999967308	epochs	3.0
813.4807604305175	0.02693520000002536	epochs	2.0
813.4807604305175	0.013488400000028378	epochs	3.0
813.4942488305176	0.013446799999996983	epochs	3.0
813.5076956305176	0.026769199999989723	epochs	2.0
813.5076956305176	0.013405199999965589	epochs	3.0
813.5211008305175	0.013364000000024134	epochs	3.0
813.5344648305175	0.026605200000062723	epochs	2.0
813.5344648305175	0.013322900000048321	epochs	3.0
813.5477877305176	0.013282300000014402	epochs	3.0
813.5610700305176	0.026443200000016986	epochs	2.0
813.5610700305176	0.013241699999980483	epochs	3.0
813.5743117305176	0.013201500000036503	epochs	3.0
813.5875132305176	0.0262831999999662	epochs	2.0
813.5875132305176	0.01316149999991012	epochs	3.0
813.6006747305175	0.01312170000005608	epochs	3.0
813.6137964305176	0.02612499999997908	epochs	2.0
813.6137964305176	0.013082100000019636	epochs	3.0
813.6268785305176	0.013042899999959445	epochs	3.0
813.6399214305176	0.025968899999952555	epochs	2.0
813.6399214305176	0.01300390000005791	epochs	3.0
813.6529253305176	0.012964999999894644	epochs	3.0
813.6658903305175	0.025814500000024054	epochs	2.0
813.6658903305175	0.01292640000008305	epochs	3.0
813.6788167305176	0.012888099999941005	epochs	3.0
813.6917048305176	0.025661900000045534	epochs	2.0
813.6917048305176	0.012849899999991976	epochs	3.0
813.7045547305175	0.012812000000053558	epochs	3.0
813.7173667305176	0.025511199999982637	epochs	2.0
813.7173667305176	0.012774400000012065	epochs	3.0
813.7301411305176	0.012736799999970572	epochs	3.0
813.7428779305176	0.025362299999983406	epochs	2.0
813.7428779305176	0.01269969999998466	epochs	3.0
813.7555776305176	0.012662599999998747	epochs	3.0
813.7682402305176	0.025215000000002874	epochs	2.0
813.7682402305176	0.012625800000023446	epochs	3.0
813.7808660305176	0.012589199999979428	epochs	3.0
813.7934552305176	0.024584799999956886	epochs	2.0
813.8166351305176	0.5	epochs	-1.0
813.8180400305175	0.5448000000000093	epochs	1.0
814.3628400305175	0.455120000000079	epochs	0.0
815.2839999198914	0.07503999999994448	epochs	0.0
815.2839999198914	0.03252229999998235	epochs	1.0
815.3165222198913	0.009995399999979782	epochs	1.0
815.3265176198913	0.03252229999998235	epochs	1.0
815.3590399198913	2.0	epochs	0.0
817.3590399198913	21.99992000000009	epochs	0.0
817.3590399198913	1.0	epochs	1.0
817.3590750198914	0.5	epochs	-1.0
817.8590750198914	19.998559999999998	epochs	-1.0
818.3590399198913	20.0	epochs	1.0
818.3590399198913	4.356753900000058	epochs	-1.0
818.3590399198913	1.9745872000000873	epochs	2.0
818.3590399198913	1.0985622000000603	epochs	3.0
819.4576021198914	0.8760250000000269	epochs	3.0
820.3336271198914	1.352407499999913	epochs	2.0
820.3336271198914	0.7286354999999958	epochs	3.0
821.0622626198914	0.6237719999999172	epochs	3.0
821.6860346198913	1.0297592000000577	epochs	2.0
821.6860346198913	0.5453293000000485	epochs	3.0
822.2313639198914	0.4844299000000092	epochs	3.0
822.7157938198914	0.8317862000000105	epochs	2.0
822.7157938198914	0.4357763000000432	epochs	3.0
823.1515701198914	0.3960098999999673	epochs	3.0
823.5475800198914	0.6977970000000369	epochs	2.0
823.5475800198914	0.3628982000000178	epochs	3.0
823.9104782198914	0.33489880000001904	epochs	3.0
824.2453770198914	0.601045699999986	epochs	2.0
824.2453770198914	0.3109122999999272	epochs	3.0
824.5562893198913	0.2901334000000588	epochs	3.0
824.8464227198914	0.5278859000000011	epochs	2.0
824.8464227198914	0.2719585999999481	epochs	3.0
825.1183813198913	0.25592730000005304	epochs	3.0
825.3743086198914	0.470619299999953	epochs	2.0
825.3743086198914	0.241681299999982	epochs	3.0
825.6159899198914	0.228937999999971	epochs	3.0
825.8449279198913	0.42457039999999324	epochs	2.0
825.8449279198913	0.21747140000002219	epochs	3.0
826.0623993198914	0.20709899999997106	epochs	3.0
826.2694983198913	0.3867354000000205	epochs	2.0
826.2694983198913	0.19767109999997956	epochs	3.0
826.4671694198913	0.18906430000004093	epochs	3.0
826.6562337198914	0.3550953000000163	epochs	2.0
826.6562337198914	0.18117589999997108	epochs	3.0
826.8374096198913	0.17391940000004524	epochs	3.0
827.0113290198914	0.3282431000000088	epochs	2.0
827.0113290198914	0.16722189999995862	epochs	3.0
827.1785509198913	0.16102120000005016	epochs	3.0
827.3395721198914	0.30516799999998057	epochs	2.0
827.3395721198914	0.15526390000002266	epochs	3.0
827.4948360198914	0.1499040999999579	epochs	3.0
827.6447401198914	0.28512530000000424	epochs	2.0
827.6447401198914	0.1449020999999675	epochs	3.0
827.7896422198913	0.14022320000003674	epochs	3.0
827.9298654198914	0.2675537999999733	epochs	2.0
827.9298654198914	0.1358368999999584	epochs	3.0
828.0657023198913	0.1317169000000149	epochs	3.0
828.1974192198913	0.2520229000000427	epochs	2.0
828.1974192198913	0.1278393000000051	epochs	3.0
828.3252585198913	0.12418360000003759	epochs	3.0
828.4494421198914	0.23819649999995818	epochs	2.0
828.4494421198914	0.12073109999994358	epochs	3.0
828.5701732198913	0.1174654000000146	epochs	3.0
828.6876386198913	0.2258087999999816	epochs	2.0
828.6876386198913	0.11437190000003739	epochs	3.0
828.8020105198914	0.11143689999994422	epochs	3.0
828.9134474198913	0.2146460000000161	epochs	2.0
828.9134474198913	0.10864890000004834	epochs	3.0
829.0220963198914	0.10599709999996776	epochs	3.0
829.1280934198913	0.20453499999996438	epochs	2.0
829.1280934198913	0.10347150000006877	epochs	3.0
829.2315649198914	0.10106349999989561	epochs	3.0
829.3326284198913	0.19533400000000256	epochs	2.0
829.3326284198913	0.09876510000003691	epochs	3.0
829.4313935198913	0.09656889999996565	epochs	3.0
829.5279624198913	0.1869253000000981	epochs	2.0
829.5279624198913	0.09446830000001682	epochs	3.0
829.6224307198913	0.09245700000008128	epochs	3.0
829.7148877198914	0.17921069999999872	epochs	2.0
829.7148877198914	0.09052959999996801	epochs	3.0
829.8054173198914	0.08868110000003071	epochs	3.0
829.8940984198914	0.17210769999996955	epochs	2.0
829.8940984198914	0.08690629999989596	epochs	3.0
829.9810047198913	0.08520140000007359	epochs	3.0
830.0662061198914	0.1655463999999256	epochs	2.0
830.0662061198914	0.08356189999994967	epochs	3.0
830.1497680198913	0.08198449999997592	epochs	3.0
830.2317525198913	0.15946710000002895	epochs	2.0
830.2317525198913	0.08046540000009372	epochs	3.0
830.3122179198914	0.07900169999993523	epochs	3.0
830.3912196198913	0.15381839999997737	epochs	2.0
830.3912196198913	0.07759010000006583	epochs	3.0
830.4688097198914	0.07622829999991154	epochs	3.0
830.5450380198913	0.14855640000007497	epochs	2.0
830.5450380198913	0.07491330000004837	epochs	3.0
830.6199513198914	0.0736431000000266	epochs	3.0
830.6935944198914	0.14364239999997608	epochs	2.0
830.6935944198914	0.07241499999997814	epochs	3.0
830.7660094198914	0.07122739999999794	epochs	3.0
830.8372368198914	0.13904309999998077	epochs	2.0
830.8372368198914	0.07007799999996678	epochs	3.0
830.9073148198913	0.06896510000001399	epochs	3.0
830.9762799198913	0.1347293000000036	epochs	2.0
830.9762799198913	0.0678871000000072	epochs	3.0
831.0441670198913	0.06684219999999641	epochs	3.0
831.1110092198913	0.1306752000000415	epochs	2.0
831.1110092198913	0.06582909999997355	epochs	3.0
831.1768383198913	0.06484610000006796	epochs	3.0
831.2416844198914	0.1268577999999252	epochs	2.0
831.2416844198914	0.06389200000000983	epochs	3.0
831.3055764198914	0.06296579999991536	epochs	3.0
831.3685422198913	0.12325720000001184	epochs	2.0
831.3685422198913	0.06206580000002759	epochs	3.0
831.4306080198913	0.06119139999998424	epochs	3.0
831.4917994198913	0.11985540000000583	epochs	2.0
831.4917994198913	0.06034110000007331	epochs	3.0
831.5521405198914	0.05951429999993252	epochs	3.0
831.6116548198913	0.11663620000001629	epochs	2.0
831.6116548198913	0.05870960000004288	epochs	3.0
831.6703644198914	0.057926599999973405	epochs	3.0
831.7282910198913	0.11358559999996487	epochs	2.0
831.7282910198913	0.05716419999998834	epochs	3.0
831.7854552198913	0.05642139999997653	epochs	3.0
831.8418766198913	0.11069050000003244	epochs	2.0
831.8418766198913	0.055697900000041045	epochs	3.0
831.8975745198914	0.0549925999999914	epochs	3.0
831.9525671198913	0.1079391000000669	epochs	2.0
831.9525671198913	0.05430490000003374	epochs	3.0
832.0068720198914	0.05363420000003316	epochs	3.0
832.0605062198914	0.10532149999994544	epochs	2.0
832.0605062198914	0.05297999999993408	epochs	3.0
832.1134862198913	0.052341500000011365	epochs	3.0
832.1658277198914	0.10282759999995505	epochs	2.0
832.1658277198914	0.05171810000001642	epochs	3.0
832.2175458198914	0.051109499999938635	epochs	3.0
832.2686553198913	0.10044909999999163	epochs	2.0
832.2686553198913	0.050514900000052876	epochs	3.0
832.3191702198914	0.049934199999938755	epochs	3.0
832.3691044198913	0.09817830000008598	epochs	2.0
832.3691044198913	0.049366600000098515	epochs	3.0
832.4184710198914	0.04881169999998747	epochs	3.0
832.4672827198914	0.09600779999993847	epochs	2.0
832.4672827198914	0.04826919999993606	epochs	3.0
832.5155519198913	0.04773860000000241	epochs	3.0
832.5632905198913	0.09393120000004274	epochs	2.0
832.5632905198913	0.04721949999998287	epochs	3.0
832.6105100198913	0.046711700000059864	epochs	3.0
832.6572217198914	0.09194260000003851	epochs	2.0
832.6572217198914	0.046214599999984785	epochs	3.0
832.7034363198914	0.045728000000053726	epochs	3.0
832.7491643198914	0.09003629999995155	epochs	2.0
832.7491643198914	0.045251499999949374	epochs	3.0
832.7944158198914	0.04478480000000218	epochs	3.0
832.8392006198914	0.08820760000003247	epochs	2.0
832.8392006198914	0.044327800000019124	epochs	3.0
832.8835284198914	0.04387980000001335	epochs	3.0
832.9274082198914	0.0864516999999978	epochs	2.0
832.9274082198914	0.04344099999991613	epochs	3.0
832.9708492198913	0.04301070000008167	epochs	3.0
833.0138599198914	0.08476429999996071	epochs	2.0
833.0138599198914	0.04258900000002086	epochs	3.0
833.0564489198914	0.04217529999993985	epochs	3.0
833.0986242198913	0.08314150000001064	epochs	2.0
833.0986242198913	0.04176970000003166	epochs	3.0
833.1403939198914	0.041371799999978975	epochs	3.0
833.1817657198914	0.08157970000002024	epochs	2.0
833.1817657198914	0.040981399999964196	epochs	3.0
833.2227471198913	0.04059830000005604	epochs	3.0
833.2633454198914	0.08007550000002084	epochs	2.0
833.2633454198914	0.04022229999998217	epochs	3.0
833.3035677198914	0.03985320000003867	epochs	3.0
833.3434209198914	0.07862569999997504	epochs	2.0
833.3434209198914	0.0394907999999532	epochs	3.0
833.3829117198914	0.039134900000021844	epochs	3.0
833.4220466198914	0.07722760000001472	epochs	2.0
833.4220466198914	0.03878539999993791	epochs	3.0
833.4608320198913	0.03844220000007681	epochs	3.0
833.4992742198914	0.07587819999992007	epochs	2.0
833.4992742198914	0.03810479999992822	epochs	3.0
833.5373790198913	0.03777339999999185	epochs	3.0
833.5751524198913	0.0745752000000266	epochs	2.0
833.5751524198913	0.03744770000002973	epochs	3.0
833.6126001198913	0.03712749999999687	epochs	3.0
833.6497276198913	0.07331629999998768	epochs	2.0
833.6497276198913	0.036812899999972615	epochs	3.0
833.6865405198913	0.03650340000001506	epochs	3.0
833.7230439198913	0.07209899999998015	epochs	2.0
833.7230439198913	0.03619909999997617	epochs	3.0
833.7592430198913	0.03589990000000398	epochs	3.0
833.7951429198913	0.07092170000009901	epochs	2.0
833.7951429198913	0.03560560000005353	epochs	3.0
833.8307485198914	0.03531610000004548	epochs	3.0
833.8660646198914	0.0697819999999183	epochs	2.0
833.8660646198914	0.03503119999993487	epochs	3.0
833.9010958198913	0.03475079999998343	epochs	3.0
833.9358466198913	0.06867859999999837	epochs	2.0
833.9358466198913	0.03447510000000875	epochs	3.0
833.9703217198913	0.03420349999998962	epochs	3.0
834.0045252198913	0.06760930000007193	epochs	2.0
834.0045252198913	0.03393620000008468	epochs	3.0
834.0384614198914	0.033673099999987244	epochs	3.0
834.0721345198914	0.06657289999998284	epochs	2.0
834.0721345198914	0.03341399999999339	epochs	3.0
834.1055485198914	0.033158899999989444	epochs	3.0
834.1387074198914	0.06556779999993978	epochs	2.0
834.1387074198914	0.032907700000009754	epochs	3.0
834.1716151198914	0.032660099999930026	epochs	3.0
834.2042752198913	0.06459260000008271	epochs	2.0
834.2042752198913	0.032416399999988244	epochs	3.0
834.2366916198913	0.03217620000009447	epochs	3.0
834.2688678198914	0.0636459999999488	epochs	2.0
834.2688678198914	0.03193959999998697	epochs	3.0
834.3008074198914	0.03170639999996183	epochs	3.0
834.3325138198913	0.0627266999999847	epochs	2.0
834.3325138198913	0.03147660000001906	epochs	3.0
834.3639904198914	0.03125009999996564	epochs	3.0
834.3952405198913	0.06183359999999993	epochs	2.0
834.3952405198913	0.031026900000028945	epochs	3.0
834.4262674198914	0.030806699999970988	epochs	3.0
834.4570741198913	0.06096560000003137	epochs	2.0
834.4570741198913	0.030589800000029754	epochs	3.0
834.4876639198914	0.030375800000001618	epochs	3.0
834.5180397198914	0.06012160000000222	epochs	2.0
834.5180397198914	0.030164900000045236	epochs	3.0
834.5482046198914	0.02995669999995698	epochs	3.0
834.5781613198914	0.05930069999999432	epochs	2.0
834.5781613198914	0.02975159999994048	epochs	3.0
834.6079129198913	0.02954910000005384	epochs	3.0
834.6374620198914	0.05850180000004457	epochs	2.0
834.6374620198914	0.02934940000000097	epochs	3.0
834.6668114198914	0.0291524000000436	epochs	3.0
834.6959638198914	0.05772419999993872	epochs	2.0
834.6959638198914	0.028957999999988715	epochs	3.0
834.7249218198914	0.028766199999950004	epochs	3.0
834.7536880198913	0.05696710000006533	epochs	2.0
834.7536880198913	0.028577000000041153	epochs	3.0
834.7822650198914	0.028390100000024177	epochs	3.0
834.8106551198914	0.05622949999997218	epochs	2.0
834.8106551198914	0.028205699999944045	epochs	3.0
834.8388608198914	0.028023800000028132	epochs	3.0
834.8668846198914	0.05551070000001346	epochs	2.0
834.8668846198914	0.027843999999959124	epochs	3.0
834.8947286198913	0.027666700000054334	epochs	3.0
834.9223953198914	0.054810200000019904	epochs	2.0
834.9223953198914	0.02749149999999645	epochs	3.0
834.9498868198914	0.027318700000023455	epochs	3.0
834.9772055198914	0.05412699999999404	epochs	2.0
834.9772055198914	0.027147799999966082	epochs	3.0
835.0043533198914	0.02697920000002796	epochs	3.0
835.0313325198914	0.053460699999959616	epochs	2.0
835.0313325198914	0.0268125999999711	epochs	3.0
835.0581451198914	0.026648099999988517	epochs	3.0
835.0847932198914	0.05281070000000909	epochs	2.0
835.0847932198914	0.026485600000000886	epochs	3.0
835.1112788198914	0.026325100000008206	epochs	3.0
835.1376039198914	0.05217619999996259	epochs	2.0
835.1376039198914	0.026166399999965506	epochs	3.0
835.1637703198913	0.026009799999997085	epochs	3.0
835.1897801198913	0.051556699999991906	epochs	2.0
835.1897801198913	0.025854800000047362	epochs	3.0
835.2156349198914	0.025701899999944544	epochs	3.0
835.2413368198913	0.05095189999997274	epochs	2.0
835.2413368198913	0.02555070000005344	epochs	3.0
835.2668875198914	0.0254011999999193	epochs	3.0
835.2922887198913	0.05036100000006627	epochs	2.0
835.2922887198913	0.0252535000000762	epochs	3.0
835.3175422198914	0.02510749999999007	epochs	3.0
835.3426497198914	0.049783800000000156	epochs	2.0
835.3426497198914	0.02496320000000196	epochs	3.0
835.3676129198914	0.024820599999998194	epochs	3.0
835.3924335198914	0.04921949999993558	epochs	2.0
835.3924335198914	0.024679399999968155	epochs	3.0
835.4171129198913	0.024540099999967424	epochs	3.0
835.4416530198913	0.04866790000005494	epochs	2.0
835.4416530198913	0.024402100000088467	epochs	3.0
835.4660551198914	0.024265799999966475	epochs	3.0
835.4903209198914	0.04812860000004093	epochs	2.0
835.4903209198914	0.024131000000011227	epochs	3.0
835.5144519198914	0.023997600000029706	epochs	3.0
835.5384495198914	0.04760109999995166	epochs	2.0
835.5384495198914	0.023865799999953197	epochs	3.0
835.5623153198914	0.02373529999999846	epochs	3.0
835.5860506198914	0.047085000000038235	epochs	2.0
835.5860506198914	0.023606299999983094	epochs	3.0
835.6096569198913	0.02347870000005514	epochs	3.0
835.6331356198914	0.046579999999948996	epochs	2.0
835.6331356198914	0.02335249999998723	epochs	3.0
835.6564881198914	0.023227499999961765	epochs	3.0
835.6797156198913	0.046085700000048746	epochs	2.0
835.6797156198913	0.023103999999989355	epochs	3.0
835.7028196198913	0.02298170000005939	epochs	3.0
835.7258013198914	0.045601799999985815	epochs	2.0
835.7258013198914	0.022860700000023826	epochs	3.0
835.7486620198914	0.02274109999996199	epochs	3.0
835.7714031198914	0.04512790000001132	epochs	2.0
835.7714031198914	0.022622500000011314	epochs	3.0
835.7940256198914	0.02250540000000001	epochs	3.0
835.8165310198914	0.044663799999966614	epochs	2.0
835.8165310198914	0.02238929999998618	epochs	3.0
835.8389203198914	0.022274499999980435	epochs	3.0
835.8611948198914	0.04420919999995476	epochs	2.0
835.8611948198914	0.022160800000051495	epochs	3.0
835.8833556198914	0.022048399999903268	epochs	3.0
835.9054040198913	0.043763600000033875	epochs	2.0
835.9054040198913	0.021936900000014248	epochs	3.0
835.9273409198913	0.021826700000019628	epochs	3.0
835.9491676198913	0.04332710000005591	epochs	2.0
835.9491676198913	0.021717599999988124	epochs	3.0
835.9708852198913	0.021609500000067783	epochs	3.0
835.9924947198914	0.042898999999920306	epochs	2.0
835.9924947198914	0.02150249999999687	epochs	3.0
836.0139972198914	0.021396499999923435	epochs	3.0
836.0353937198913	0.042479500000013104	epochs	2.0
836.0353937198913	0.02129170000000613	epochs	3.0
836.0566854198913	0.021187800000006973	epochs	3.0
836.0778732198913	0.042067900000006375	epochs	2.0
836.0778732198913	0.02108490000000529	epochs	3.0
836.0989581198913	0.020983000000001084	epochs	3.0
836.1199411198913	0.04166440000005878	epochs	2.0
836.1199411198913	0.02088220000007368	epochs	3.0
836.1408233198914	0.020782199999985096	epochs	3.0
836.1616055198914	0.04126850000000104	epochs	2.0
836.1616055198914	0.020683299999973315	epochs	3.0
836.1822888198914	0.020585200000027726	epochs	3.0
836.2028740198914	0.04088000000001557	epochs	2.0
836.2028740198914	0.020488099999965925	epochs	3.0
836.2233621198914	0.020391900000049645	epochs	3.0
836.2437540198914	0.04049879999990935	epochs	2.0
836.2437540198914	0.020296599999937825	epochs	3.0
836.2640506198913	0.020202199999971526	epochs	3.0
836.2842528198913	0.04012460000001283	epochs	2.0
836.2842528198913	0.02010870000003706	epochs	3.0
836.3043615198914	0.020015899999975773	epochs	3.0
836.3243774198913	0.03975730000001931	epochs	2.0
836.3243774198913	0.019924199999991288	epochs	3.0
836.3443016198913	0.019833100000028026	epochs	3.0
836.3641347198914	0.03939669999999751	epochs	2.0
836.3641347198914	0.01974300000006224	epochs	3.0
836.3838777198914	0.01965369999993527	epochs	3.0
836.4035314198914	0.03904239999997117	epochs	2.0
836.4035314198914	0.01956510000002254	epochs	3.0
836.4230965198914	0.019477299999948627	epochs	3.0
836.4425738198913	0.03869459999998526	epochs	2.0
836.4425738198913	0.019390400000020236	epochs	3.0
836.4619642198913	0.01930419999996502	epochs	3.0
836.4812684198913	0.03835290000006353	epochs	2.0
836.4812684198913	0.019218800000089686	epochs	3.0
836.5004872198914	0.01913409999997384	epochs	3.0
836.5196213198914	0.03801720000001296	epochs	2.0
836.5196213198914	0.019050200000037876	epochs	3.0
836.5386715198914	0.018966999999975087	epochs	3.0
836.5576385198914	0.03768719999993664	epochs	2.0
836.5576385198914	0.01888450000001285	epochs	3.0
836.5765230198914	0.01880269999992379	epochs	3.0
836.5953257198913	0.03736309999999321	epochs	2.0
836.5953257198913	0.018721700000014607	epochs	3.0
836.6140474198913	0.018641399999978603	epochs	3.0
836.6326888198913	0.03704430000004777	epochs	2.0
836.6326888198913	0.01856159999999818	epochs	3.0
836.6512504198913	0.01848270000004959	epochs	3.0
836.6697331198914	0.0367310000000316	epochs	2.0
836.6697331198914	0.018404300000042895	epochs	3.0
836.6881374198914	0.018326699999988705	epochs	3.0
836.7064641198914	0.03642289999993409	epochs	2.0
836.7064641198914	0.018249599999990096	epochs	3.0
836.7247137198914	0.018173299999943993	epochs	3.0
836.7428870198913	0.03612010000006194	epochs	2.0
836.7428870198913	0.0180976000000328	epochs	3.0
836.7609846198914	0.01802250000002914	epochs	3.0
836.7790071198914	0.03582210000001851	epochs	2.0
836.7790071198914	0.017947899999967376	epochs	3.0
836.7969550198914	0.017874200000051133	epochs	3.0
836.8148292198914	0.03552899999999681	epochs	2.0
836.8148292198914	0.017800799999918127	epochs	3.0
836.8326300198913	0.017728200000078687	epochs	3.0
836.8503582198914	0.035240699999917524	epochs	2.0
836.8503582198914	0.017656099999953767	epochs	3.0
836.8680143198914	0.017584599999963757	epochs	3.0
836.8855989198913	0.034957100000042374	epochs	2.0
836.8855989198913	0.01751369999999497	epochs	3.0
836.9031126198913	0.017443400000047404	epochs	3.0
836.9205560198914	0.03467790000001969	epochs	2.0
836.9205560198914	0.017373600000041733	epochs	3.0
836.9379296198914	0.017304299999977957	epochs	3.0
836.9552339198914	0.03440330000000813	epochs	2.0
836.9552339198914	0.01723570000001473	epochs	3.0
836.9724696198914	0.0171675999999934	epochs	3.0
836.9896372198914	0.03413279999995211	epochs	2.0
836.9896372198914	0.01709989999994832	epochs	3.0
837.0067371198913	0.017032900000003792	epochs	3.0
837.0237700198913	0.033866699999975935	epochs	2.0
837.0237700198913	0.01696640000000116	epochs	3.0
837.0407364198913	0.016900299999974777	epochs	3.0
837.0576367198913	0.03360459999998966	epochs	2.0
837.0576367198913	0.016834800000083305	epochs	3.0
837.0744715198914	0.016769799999906354	epochs	3.0
837.0912413198913	0.03334660000007261	epochs	2.0
837.0912413198913	0.016705300000012357	epochs	3.0
837.1079466198913	0.016641300000060255	epochs	3.0
837.1245879198914	0.03309249999995245	epochs	2.0
837.1245879198914	0.01657779999993636	epochs	3.0
837.1411657198913	0.01651470000001609	epochs	3.0
837.1576804198913	0.03284229999997024	epochs	2.0
837.1576804198913	0.01645220000000336	epochs	3.0
837.1741326198913	0.01639009999996688	epochs	3.0
837.1905227198913	0.03259570000000167	epochs	2.0
837.1905227198913	0.016328400000020338	epochs	3.0
837.2068511198913	0.016267299999981333	epochs	3.0
837.2231184198913	0.03235290000009172	epochs	2.0
837.2231184198913	0.016206600000032267	epochs	3.0
837.2393250198913	0.016146300000059455	epochs	3.0
837.2554713198914	0.03211369999996805	epochs	2.0
837.2554713198914	0.016086599999994178	epochs	3.0
837.2715579198914	0.01602709999997387	epochs	3.0
837.2875850198914	0.03187800000000607	epochs	2.0
837.2875850198914	0.015968199999974786	epochs	3.0
837.3035532198913	0.015909800000031282	epochs	3.0
837.3194630198914	0.031645700000012766	epochs	2.0
837.3194630198914	0.01585160000001906	epochs	3.0
837.3353146198914	0.015794099999993705	epochs	3.0
837.3511087198914	0.0314167000000225	epochs	2.0
837.3511087198914	0.01573669999993399	epochs	3.0
837.3668454198913	0.015680000000088512	epochs	3.0
837.3825254198914	0.031191100000000915	epochs	2.0
837.3825254198914	0.015623599999912585	epochs	3.0
837.3981490198913	0.01556750000008833	epochs	3.0
837.4137165198914	0.030968699999903038	epochs	2.0
837.4137165198914	0.015511999999944237	epochs	3.0
837.4292285198914	0.0154566999999588	epochs	3.0
837.4446852198913	0.03074950000006993	epochs	2.0
837.4446852198913	0.015401999999994587	epochs	3.0
837.4600872198913	0.015347500000075343	epochs	3.0
837.4754347198914	0.030533199999922545	epochs	2.0
837.4754347198914	0.015293400000018664	epochs	3.0
837.4907281198914	0.01523979999990388	epochs	3.0
837.5059679198913	0.03032010000003993	epochs	2.0
837.5059679198913	0.015186500000027081	epochs	3.0
837.5211544198913	0.015133600000012848	epochs	3.0
837.5362880198913	0.03010990000007041	epochs	2.0
837.5362880198913	0.015081000000009226	epochs	3.0
837.5513690198914	0.015028900000061185	epochs	3.0
837.5663979198914	0.029902499999934662	epochs	2.0
837.5663979198914	0.01497699999993074	epochs	3.0
837.5813749198913	0.014925500000003922	epochs	3.0
837.5963004198913	0.029698100000018712	epochs	2.0
837.5963004198913	0.014874400000053356	epochs	3.0
837.6111748198914	0.014823699999965356	epochs	3.0
837.6259985198914	0.02949630000000525	epochs	2.0
837.6259985198914	0.014773200000036013	epochs	3.0
837.6407717198914	0.014723099999969236	epochs	3.0
837.6554948198914	0.02929740000001857	epochs	2.0
837.6554948198914	0.014673399999992398	epochs	3.0
837.6701682198914	0.014624000000026172	epochs	3.0
837.6847922198914	0.029101099999934377	epochs	2.0
837.6847922198914	0.01457489999995687	epochs	3.0
837.6993671198913	0.014526199999977507	epochs	3.0
837.7138933198913	0.028907399999980044	epochs	2.0
837.7138933198913	0.014477700000043114	epochs	3.0
837.7283710198914	0.014429699999936929	epochs	3.0
837.7428007198913	0.028716200000076242	epochs	2.0
837.7428007198913	0.014381800000023759	epochs	3.0
837.7571825198913	0.014334400000052483	epochs	3.0
837.7715169198914	0.02852759999996124	epochs	2.0
837.7715169198914	0.01428720000001249	epochs	3.0
837.7858041198914	0.01424039999994875	epochs	3.0
837.8000445198913	0.028341400000044814	epochs	2.0
837.8000445198913	0.014193800000043666	epochs	3.0
837.8142383198914	0.014147600000001148	epochs	3.0
837.8283859198914	0.028157699999951546	epochs	2.0
837.8283859198914	0.014101699999969242	epochs	3.0
837.8424876198914	0.014055999999982305	epochs	3.0
837.8565436198913	0.027976299999977527	epochs	2.0
837.8565436198913	0.01401060000000598	epochs	3.0
837.8705542198913	0.013965699999971548	epochs	3.0
837.8845199198913	0.02779720000000907	epochs	2.0
837.8845199198913	0.013920800000050804	epochs	3.0
837.8984407198914	0.013876399999958267	epochs	3.0
837.9123171198913	0.027620400000046175	epochs	2.0
837.9123171198913	0.013832200000024386	epochs	3.0
837.9261493198914	0.013788200000021789	epochs	3.0
837.9399375198914	0.027445899999975154	epochs	2.0
837.9399375198914	0.013744599999995444	epochs	3.0
837.9536821198914	0.01370129999997971	epochs	3.0
837.9673834198913	0.027273499999978412	epochs	2.0
837.9673834198913	0.013658200000008947	epochs	3.0
837.9810416198914	0.013615299999969466	epochs	3.0
837.9946569198913	0.027103399999987232	epochs	2.0
837.9946569198913	0.013572800000019924	epochs	3.0
838.0082297198913	0.013530599999967308	epochs	3.0
838.0217603198913	0.02693520000002536	epochs	2.0
838.0217603198913	0.013488400000028378	epochs	3.0
838.0352487198913	0.013446799999996983	epochs	3.0
838.0486955198913	0.026769199999989723	epochs	2.0
838.0486955198913	0.013405199999965589	epochs	3.0
838.0621007198913	0.013364000000024134	epochs	3.0
838.0754647198913	0.026605200000062723	epochs	2.0
838.0754647198913	0.013322900000048321	epochs	3.0
838.0887876198914	0.013282300000014402	epochs	3.0
838.1020699198914	0.026443200000016986	epochs	2.0
838.1020699198914	0.013241699999980483	epochs	3.0
838.1153116198914	0.013201500000036503	epochs	3.0
838.1285131198914	0.0262831999999662	epochs	2.0
838.1285131198914	0.01316149999991012	epochs	3.0
838.1416746198913	0.01312170000005608	epochs	3.0
838.1547963198914	0.02612499999997908	epochs	2.0
838.1547963198914	0.013082100000019636	epochs	3.0
838.1678784198914	0.013042899999959445	epochs	3.0
838.1809213198914	0.025968899999952555	epochs	2.0
838.1809213198914	0.01300390000005791	epochs	3.0
838.1939252198914	0.012964999999894644	epochs	3.0
838.2068902198913	0.025814500000024054	epochs	2.0
838.2068902198913	0.01292640000008305	epochs	3.0
838.2198166198914	0.012888099999941005	epochs	3.0
838.2327047198913	0.025661900000045534	epochs	2.0
838.2327047198913	0.012849899999991976	epochs	3.0
838.2455546198913	0.012812000000053558	epochs	3.0
838.2583666198914	0.025511199999982637	epochs	2.0
838.2583666198914	0.012774400000012065	epochs	3.0
838.2711410198914	0.012736799999970572	epochs	3.0
838.2838778198914	0.025362299999983406	epochs	2.0
838.2838778198914	0.01269969999998466	epochs	3.0
838.2965775198913	0.012662599999998747	epochs	3.0
838.3092401198913	0.025215000000002874	epochs	2.0
838.3092401198913	0.012625800000023446	epochs	3.0
838.3218659198914	0.012589199999979428	epochs	3.0
838.3344551198913	0.024584799999956886	epochs	2.0
838.3576350198914	0.5	epochs	-1.0
838.3590399198913	0.9999200000000883	epochs	1.0
838.8576350198914	0.5	epochs	-1.0
840.5440001487732	0.07503999999994448	epochs	0.0
840.5440001487732	0.03252229999998235	epochs	1.0
840.5765224487732	0.009995399999979782	epochs	1.0
840.5865178487732	0.03252229999998235	epochs	1.0
840.6190401487731	2.0	epochs	0.0
842.6190401487731	0.5246400000000904	epochs	0.0
842.6190401487731	0.5246400000000904	epochs	1.0
842.6190752487732	0.5	epochs	-1.0
843.1190752487732	0.02460489999998572	epochs	-1.0
843.1436801487732	21.475279999999998	epochs	0.0
844.3780002593994	0.07503999999994448	epochs	0.0
844.3780002593994	0.03252229999998235	epochs	1.0
844.4105225593994	0.009995399999979782	epochs	1.0
844.4205179593994	0.03252229999998235	epochs	1.0
844.4530402593994	2.0	epochs	0.0
846.4530402593994	0.5444000000001097	epochs	0.0
846.4530402593994	0.5444000000001097	epochs	1.0
846.4530753593995	0.5	epochs	-1.0
846.9530753593995	0.044364900000005036	epochs	-1.0
846.9974402593995	21.45551999999998	epochs	0.0
848.1440000534058	0.07503999999994448	epochs	0.0
848.1440000534058	0.03252229999998235	epochs	1.0
848.1765223534057	0.009995399999979782	epochs	1.0
848.1865177534057	0.03252229999998235	epochs	1.0
848.2190400534057	2.0	epochs	0.0
850.2190400534057	5.384320000000002	epochs	0.0
850.2190400534057	1.0	epochs	1.0
850.2190751534058	0.5	epochs	-1.0
850.7190751534058	4.884284899999898	epochs	-1.0
851.2190400534057	4.384320000000002	epochs	1.0
851.2190400534057	4.356753900000058	epochs	-1.0
851.2190400534057	1.9745872000000873	epochs	2.0
851.2190400534057	1.0985622000000603	epochs	3.0
852.3176022534058	0.8760250000000269	epochs	3.0
853.1936272534058	1.352407499999913	epochs	2.0
853.1936272534058	0.7286354999999958	epochs	3.0
853.9222627534058	0.6237719999999172	epochs	3.0
854.5460347534057	1.0297592000000577	epochs	2.0
854.5460347534057	0.5453293000000485	epochs	3.0
855.0913640534058	0.4844299000000092	epochs	3.0
855.5757939534058	0.027566099999944527	epochs	2.0
855.5757939534058	0.027566099999944527	epochs	3.0
855.6033600534057	16.615600000000086	epochs	0.0
870.045000076294	0.07503999999994448	epochs	0.0
870.045000076294	0.03252229999998235	epochs	1.0
870.0775223762939	0.009995399999979782	epochs	1.0
870.0875177762939	0.03252229999998235	epochs	1.0
870.1200400762939	2.0	epochs	0.0
872.1200400762939	5.364720000000034	epochs	0.0
872.1200400762939	1.0	epochs	1.0
872.120075176294	0.5	epochs	-1.0
872.620075176294	4.864684899999929	epochs	-1.0
873.1200400762939	4.364720000000034	epochs	1.0
873.1200400762939	4.356753900000058	epochs	-1.0
873.1200400762939	1.9745872000000873	epochs	2.0
873.1200400762939	1.0985622000000603	epochs	3.0
874.218602276294	0.8760250000000269	epochs	3.0
875.094627276294	1.352407499999913	epochs	2.0
875.094627276294	0.7286354999999958	epochs	3.0
875.823262776294	0.6237719999999172	epochs	3.0
876.4470347762939	1.0297592000000577	epochs	2.0
876.4470347762939	0.5453293000000485	epochs	3.0
876.9923640762939	0.4844299000000092	epochs	3.0
877.476793976294	0.007966099999975995	epochs	2.0
877.476793976294	0.007966099999975995	epochs	3.0
877.4847600762939	16.635200000000054	epochs	0.0
878.4340000152588	0.07503999999994448	epochs	0.0
878.4340000152588	0.03252229999998235	epochs	1.0
878.4665223152588	0.009995399999979782	epochs	1.0
878.4765177152588	0.03252229999998235	epochs	1.0
878.5090400152587	2.0	epochs	0.0
880.5090400152587	0.5248800000000529	epochs	0.0
880.5090400152587	0.5248800000000529	epochs	1.0
880.5090751152588	0.5	epochs	-1.0
881.0090751152588	0.02484489999994821	epochs	-1.0
881.0339200152588	21.475040000000035	epochs	0.0
882.2720003128052	0.07503999999994448	epochs	0.0
882.2720003128052	0.03252229999998235	epochs	1.0
882.3045226128052	0.009995399999979782	epochs	1.0
882.3145180128051	0.03252229999998235	epochs	1.0
882.3470403128051	2.0	epochs	0.0
884.3470403128051	5.364560000000097	epochs	0.0
884.3470403128051	1.0	epochs	1.0
884.3470754128052	0.5	epochs	-1.0
884.8470754128052	4.864524899999992	epochs	-1.0
885.3470403128051	4.364560000000097	epochs	1.0
885.3470403128051	4.356753900000058	epochs	-1.0
885.3470403128051	1.9745872000000873	epochs	2.0
885.3470403128051	1.0985622000000603	epochs	3.0
886.4456025128052	0.8760250000000269	epochs	3.0
887.3216275128052	1.352407499999913	epochs	2.0
887.3216275128052	0.7286354999999958	epochs	3.0
888.0502630128052	0.6237719999999172	epochs	3.0
888.6740350128051	1.0297592000000577	epochs	2.0
888.6740350128051	0.5453293000000485	epochs	3.0
889.2193643128052	0.4844299000000092	epochs	3.0
889.7037942128052	0.007806100000038896	epochs	2.0
889.7037942128052	0.007806100000038896	epochs	3.0
889.7116003128052	16.63535999999999	epochs	0.0
890.6620001792908	0.07503999999994448	epochs	0.0
890.6620001792908	0.03252229999998235	epochs	1.0
890.6945224792908	0.009995399999979782	epochs	1.0
890.7045178792907	0.03252229999998235	epochs	1.0
890.7370401792907	2.0	epochs	0.0
892.7370401792907	0.5252800000000661	epochs	0.0
892.7370401792907	0.5252800000000661	epochs	1.0
892.7370752792908	0.5	epochs	-1.0
893.2370752792908	0.02524489999996149	epochs	-1.0
893.2623201792908	21.474640000000022	epochs	0.0
894.6789999008179	0.07503999999994448	epochs	0.0
894.6789999008179	0.03252229999998235	epochs	1.0
894.7115222008179	0.009995399999979782	epochs	1.0
894.7215176008178	0.03252229999998235	epochs	1.0
894.7540399008178	2.0	epochs	0.0
896.7540399008178	0.5244800000000396	epochs	0.0
896.7540399008178	0.5244800000000396	epochs	1.0
896.7540750008179	0.5	epochs	-1.0
897.2540750008179	0.024444899999934933	epochs	-1.0
897.2785199008179	21.47544000000005	epochs	0.0
898.4949998855591	0.07503999999994448	epochs	0.0
898.4949998855591	0.03252229999998235	epochs	1.0
898.5275221855591	0.009995399999979782	epochs	1.0
898.537517585559	0.03252229999998235	epochs	1.0
898.570039885559	2.0	epochs	0.0
900.570039885559	0.5250400000001036	epochs	0.0
900.570039885559	0.5250400000001036	epochs	1.0
900.5700749855591	0.5	epochs	-1.0
901.0700749855591	0.025004899999998997	epochs	-1.0
901.0950798855591	21.474879999999985	epochs	0.0
902.3850002288818	0.07503999999994448	epochs	0.0
902.3850002288818	0.03252229999998235	epochs	1.0
902.4175225288818	0.009995399999979782	epochs	1.0
902.4275179288818	0.03252229999998235	epochs	1.0
902.4600402288818	2.0	epochs	0.0
904.4600402288818	0.5448800000000347	epochs	0.0
904.4600402288818	0.5448800000000347	epochs	1.0
904.4600753288819	0.5	epochs	-1.0
904.9600753288819	0.04484489999993002	epochs	-1.0
905.0049202288818	21.455040000000054	epochs	0.0
906.3180003166199	0.07503999999994448	epochs	0.0
906.3180003166199	0.03252229999998235	epochs	1.0
906.3505226166199	0.009995399999979782	epochs	1.0
906.3605180166198	0.03252229999998235	epochs	1.0
906.3930403166198	2.0	epochs	0.0
908.3930403166198	5.384560000000079	epochs	0.0
908.3930403166198	1.0	epochs	1.0
908.3930754166199	0.5	epochs	-1.0
908.8930754166199	4.884524899999974	epochs	-1.0
909.3930403166198	4.384560000000079	epochs	1.0
909.3930403166198	4.356753900000058	epochs	-1.0
909.3930403166198	1.9745872000000873	epochs	2.0
909.3930403166198	1.0985622000000603	epochs	3.0
910.4916025166199	0.8760250000000269	epochs	3.0
911.3676275166199	1.352407499999913	epochs	2.0
911.3676275166199	0.7286354999999958	epochs	3.0
912.0962630166199	0.6237719999999172	epochs	3.0
912.7200350166198	1.0297592000000577	epochs	2.0
912.7200350166198	0.5453293000000485	epochs	3.0
913.2653643166199	0.4844299000000092	epochs	3.0
913.7497942166199	0.027806100000020706	epochs	2.0
913.7497942166199	0.027806100000020706	epochs	3.0
913.7776003166199	16.61536000000001	epochs	0.0
914.8190002441406	0.07503999999994448	epochs	0.0
914.8190002441406	0.03252229999998235	epochs	1.0
914.8515225441406	0.009995399999979782	epochs	1.0
914.8615179441406	0.03252229999998235	epochs	1.0
914.8940402441406	2.0	epochs	0.0
916.8940402441406	0.5242400000000771	epochs	0.0
916.8940402441406	0.5242400000000771	epochs	1.0
916.8940753441407	0.5	epochs	-1.0
917.3940753441407	0.02420489999997244	epochs	-1.0
917.4182802441406	21.47568000000001	epochs	0.0
931.1040000915527	0.07503999999994448	epochs	0.0
931.1040000915527	0.03252229999998235	epochs	1.0
931.1365223915527	0.009995399999979782	epochs	1.0
931.1465177915527	0.03252229999998235	epochs	1.0
931.1790400915527	0.22992000000010648	epochs	0.0
931.1790400915527	0.05000000000006821	epochs	1.0
931.2290400915527	0.009999999999990905	epochs	1.0
931.2390400915527	0.049999999999954525	epochs	1.0
931.2890400915527	0.009999999999990905	epochs	1.0
931.2990400915527	0.05000000000006821	epochs	1.0
931.3490400915528	0.009999999999990905	epochs	1.0
931.3590400915527	0.04992000000004282	epochs	1.0
