onset	duration	nwb_table	treelevel
10.46999979019165	0.09999999999999964	epochs	0.0
10.46999979019165	0.04499999999999993	epochs	1.0
10.51499979019165	0.009999999999999787	epochs	1.0
10.52499979019165	0.04499999999999993	epochs	1.0
10.56999979019165	0.7049950000000003	epochs	0.0
10.56999979019165	0.5	epochs	-1.0
10.56999979019165	0.5	epochs	-1.0
10.56999979019165	0.5	epochs	1.0
11.06999979019165	0.0600000000000005	epochs	-1.0
11.06999979019165	0.025000000000000355	epochs	-1.0
11.06999979019165	0.025000000000000355	epochs	1.0
11.09499979019165	0.009999999999999787	epochs	-1.0
11.09499979019165	0.009999999999999787	epochs	1.0
11.10499979019165	0.025000000000000355	epochs	-1.0
11.10499979019165	0.025000000000000355	epochs	1.0
11.12999979019165	0.0600000000000005	epochs	-1.0
11.12999979019165	0.025000000000000355	epochs	-1.0
11.12999979019165	0.025000000000000355	epochs	1.0
11.15499979019165	0.009999999999999787	epochs	-1.0
11.15499979019165	0.009999999999999787	epochs	1.0
11.16499979019165	0.025000000000000355	epochs	-1.0
11.16499979019165	0.025000000000000355	epochs	1.0
11.189999790191651	0.05999999999999872	epochs	-1.0
11.189999790191651	0.02499999999999858	epochs	-1.0
11.189999790191651	0.02499999999999858	epochs	1.0
11.21499979019165	0.010000000000001563	epochs	-1.0
11.21499979019165	0.010000000000001563	epochs	1.0
11.224999790191651	0.02499999999999858	epochs	-1.0
11.224999790191651	0.02499999999999858	epochs	1.0
11.24999979019165	0.024995000000000545	epochs	1.0
74.87200021743774	0.09999999999999432	epochs	0.0
74.87200021743774	0.045000000000001705	epochs	1.0
74.91700021743775	0.010000000000005116	epochs	1.0
74.92700021743775	0.044999999999987494	epochs	1.0
74.97200021743774	0.7049950000000109	epochs	0.0
74.97200021743774	0.5	epochs	-1.0
74.97200021743774	0.5	epochs	1.0
75.47200021743774	0.060000000000002274	epochs	-1.0
75.47200021743774	0.025000000000005684	epochs	-1.0
75.47200021743774	0.025000000000005684	epochs	1.0
75.49700021743774	0.010000000000005116	epochs	-1.0
75.49700021743774	0.010000000000005116	epochs	1.0
75.50700021743775	0.024999999999991473	epochs	-1.0
75.50700021743775	0.024999999999991473	epochs	1.0
75.53200021743774	0.060000000000002274	epochs	-1.0
75.53200021743774	0.025000000000005684	epochs	-1.0
75.53200021743774	0.025000000000005684	epochs	1.0
75.55700021743775	0.009999999999990905	epochs	-1.0
75.55700021743775	0.009999999999990905	epochs	1.0
75.56700021743774	0.025000000000005684	epochs	-1.0
75.56700021743774	0.025000000000005684	epochs	1.0
75.59200021743774	0.060000000000002274	epochs	-1.0
75.59200021743774	0.025000000000005684	epochs	-1.0
75.59200021743774	0.025000000000005684	epochs	1.0
75.61700021743775	0.009999999999990905	epochs	-1.0
75.61700021743775	0.009999999999990905	epochs	1.0
75.62700021743774	0.025000000000005684	epochs	-1.0
75.62700021743774	0.025000000000005684	epochs	1.0
75.65200021743775	0.024995000000004097	epochs	1.0
141.2350001335144	0.09999999999999432	epochs	0.0
141.2350001335144	0.044999999999987494	epochs	1.0
141.2800001335144	0.010000000000019327	epochs	1.0
141.2900001335144	0.044999999999987494	epochs	1.0
141.3350001335144	61.384995	epochs	0.0
141.3350001335144	0.5	epochs	-1.0
141.3350001335144	0.5	epochs	-1.0
141.3350001335144	0.5	epochs	1.0
141.8350001335144	0.060000000000002274	epochs	-1.0
141.8350001335144	0.025000000000005684	epochs	-1.0
141.8350001335144	0.025000000000005684	epochs	1.0
141.8600001335144	0.009999999999990905	epochs	-1.0
141.8600001335144	0.009999999999990905	epochs	1.0
141.8700001335144	0.025000000000005684	epochs	-1.0
141.8700001335144	0.025000000000005684	epochs	1.0
141.8950001335144	0.060000000000002274	epochs	-1.0
141.8950001335144	0.025000000000005684	epochs	-1.0
141.8950001335144	0.025000000000005684	epochs	1.0
141.9200001335144	0.009999999999990905	epochs	-1.0
141.9200001335144	0.009999999999990905	epochs	1.0
141.9300001335144	0.025000000000005684	epochs	-1.0
141.9300001335144	0.025000000000005684	epochs	1.0
141.9550001335144	0.060000000000002274	epochs	-1.0
141.9550001335144	0.025000000000005684	epochs	-1.0
141.9550001335144	0.025000000000005684	epochs	1.0
141.9800001335144	0.009999999999990905	epochs	-1.0
141.9800001335144	0.009999999999990905	epochs	1.0
141.9900001335144	0.025000000000005684	epochs	-1.0
141.9900001335144	0.025000000000005684	epochs	1.0
142.0150001335144	60.0	epochs	1.0
202.0150001335144	0.5	epochs	-1.0
202.0150001335144	0.5	epochs	-1.0
202.0150001335144	0.5	epochs	1.0
202.5150001335144	0.060000000000002274	epochs	-1.0
202.5150001335144	0.025000000000005684	epochs	-1.0
202.5150001335144	0.025000000000005684	epochs	1.0
202.5400001335144	0.009999999999990905	epochs	-1.0
202.5400001335144	0.009999999999990905	epochs	1.0
202.5500001335144	0.025000000000005684	epochs	-1.0
202.5500001335144	0.025000000000005684	epochs	1.0
202.5750001335144	0.060000000000002274	epochs	-1.0
202.5750001335144	0.025000000000005684	epochs	-1.0
202.5750001335144	0.025000000000005684	epochs	1.0
202.6000001335144	0.009999999999990905	epochs	-1.0
202.6000001335144	0.009999999999990905	epochs	1.0
202.6100001335144	0.025000000000005684	epochs	-1.0
202.6100001335144	0.025000000000005684	epochs	1.0
202.6350001335144	0.060000000000002274	epochs	-1.0
202.6350001335144	0.025000000000005684	epochs	-1.0
202.6350001335144	0.025000000000005684	epochs	1.0
202.66000013351442	0.009999999999990905	epochs	-1.0
202.66000013351442	0.009999999999990905	epochs	1.0
202.6700001335144	0.025000000000005684	epochs	-1.0
202.6700001335144	0.025000000000005684	epochs	1.0
202.6950001335144	0.024994999999989886	epochs	1.0
223.21000003814697	0.09999999999999432	epochs	0.0
223.21000003814697	0.044999999999987494	epochs	1.0
223.25500003814696	0.010000000000019327	epochs	1.0
223.26500003814698	0.044999999999987494	epochs	1.0
223.31000003814697	0.7049949999999967	epochs	0.0
223.31000003814697	0.5	epochs	-1.0
223.31000003814697	0.5	epochs	-1.0
223.31000003814697	0.5	epochs	1.0
223.81000003814697	0.060000000000002274	epochs	-1.0
223.81000003814697	0.025000000000005684	epochs	-1.0
223.81000003814697	0.025000000000005684	epochs	1.0
223.83500003814697	0.009999999999990905	epochs	-1.0
223.83500003814697	0.009999999999990905	epochs	1.0
223.84500003814696	0.025000000000005684	epochs	-1.0
223.84500003814696	0.025000000000005684	epochs	1.0
223.87000003814697	0.060000000000002274	epochs	-1.0
223.87000003814697	0.025000000000005684	epochs	-1.0
223.87000003814697	0.025000000000005684	epochs	1.0
223.89500003814697	0.009999999999990905	epochs	-1.0
223.89500003814697	0.009999999999990905	epochs	1.0
223.90500003814697	0.025000000000005684	epochs	-1.0
223.90500003814697	0.025000000000005684	epochs	1.0
223.93000003814697	0.060000000000002274	epochs	-1.0
223.93000003814697	0.025000000000005684	epochs	-1.0
223.93000003814697	0.025000000000005684	epochs	1.0
223.95500003814698	0.009999999999990905	epochs	-1.0
223.95500003814698	0.009999999999990905	epochs	1.0
223.96500003814697	0.025000000000005684	epochs	-1.0
223.96500003814697	0.025000000000005684	epochs	1.0
223.99000003814697	0.024994999999989886	epochs	1.0
254.57299995422363	0.11904000000001247	epochs	0.0
254.57299995422363	0.05452030000000718	epochs	1.0
254.62752025422364	0.009999399999998104	epochs	1.0
254.63751965422364	0.05452030000000718	epochs	1.0
254.69203995422365	5.999979999999965	epochs	0.0
254.69203995422365	0.5	epochs	1.0
254.69204755422362	0.5	epochs	-1.0
254.69204755422362	0.5	epochs	-1.0
255.19203995422365	4.999999999999972	epochs	1.0
260.1920399542236	0.49997999999999365	epochs	1.0
260.1920475542236	0.4999723999999901	epochs	-1.0
266.1989998817444	0.11903999999998405	epochs	0.0
266.1989998817444	0.05452029999997876	epochs	1.0
266.25352018174436	0.009999400000026526	epochs	1.0
266.2635195817444	0.05452029999997876	epochs	1.0
266.31803988174437	2.5406399999999962	epochs	0.0
266.31803988174437	0.5	epochs	1.0
266.3180474817444	0.5	epochs	-1.0
266.81803988174437	1.0	epochs	1.0
267.81803988174437	1.0406399999999962	epochs	1.0
268.3180474817444	0.5	epochs	-1.0
268.85867988174437	0.9593399999999974	epochs	0.0
269.164999961853	0.11903999999998405	epochs	0.0
269.164999961853	0.05452029999997876	epochs	1.0
269.219520261853	0.009999400000026526	epochs	1.0
269.22951966185303	0.05452029999997876	epochs	1.0
269.284039961853	2.5407600000000343	epochs	0.0
269.284039961853	0.5	epochs	1.0
269.284047561853	0.5	epochs	-1.0
269.784039961853	1.0	epochs	1.0
270.784039961853	1.0407600000000343	epochs	1.0
271.284047561853	0.5	epochs	-1.0
271.82479996185305	0.9592199999999593	epochs	0.0
272.1199998855591	0.11903999999998405	epochs	0.0
272.1199998855591	0.05452029999997876	epochs	1.0
272.17452018555906	0.009999400000026526	epochs	1.0
272.1845195855591	0.05452029999997876	epochs	1.0
272.23903988555907	3.0008400000000393	epochs	0.0
272.23903988555907	0.5	epochs	1.0
272.23904748555907	0.5	epochs	-1.0
272.73903988555907	1.0	epochs	1.0
273.73903988555907	1.5008400000000393	epochs	1.0
274.23904748555907	0.5	epochs	-1.0
274.73904748555907	0.5	epochs	-1.0
275.2398798855591	0.4991399999999544	epochs	0.0
275.53600025177	0.11903999999998405	epochs	0.0
275.53600025177	0.05452029999997876	epochs	1.0
275.59052055177	0.009999400000026526	epochs	1.0
275.60051995177	0.05452029999997876	epochs	1.0
275.65504025177	3.4999799999999937	epochs	0.0
275.65504025177	0.5	epochs	1.0
275.65504785177	0.5	epochs	-1.0
276.15504025177	1.0	epochs	1.0
277.15504025177	1.9999799999999937	epochs	1.0
277.65504785177	0.5	epochs	-1.0
278.15504785177	0.5	epochs	-1.0
279.5380001068115	0.11903999999998405	epochs	0.0
279.5380001068115	0.05452029999997876	epochs	1.0
279.5925204068115	0.009999400000026526	epochs	1.0
279.60251980681153	0.05452029999997876	epochs	1.0
279.6570401068115	0.5212000000000216	epochs	0.0
279.6570401068115	0.5	epochs	1.0
279.6570477068115	0.5	epochs	-1.0
280.1570401068115	0.021200000000021646	epochs	1.0
280.17824010681153	2.978779999999972	epochs	0.0
292.69000005722046	0.11903999999998405	epochs	0.0
292.69000005722046	0.05452029999997876	epochs	1.0
292.74452035722044	0.009999400000026526	epochs	1.0
292.75451975722046	0.05452029999997876	epochs	1.0
292.80904005722044	3.4999799999999937	epochs	0.0
292.80904005722044	0.5	epochs	1.0
292.80904765722045	0.5	epochs	-1.0
293.30904005722044	1.0	epochs	1.0
294.30904005722044	1.9999799999999937	epochs	1.0
294.80904765722045	0.5	epochs	-1.0
295.30904765722045	0.5	epochs	-1.0
296.65700006484985	0.11903999999998405	epochs	0.0
296.65700006484985	0.05452029999997876	epochs	1.0
296.71152036484983	0.009999400000026526	epochs	1.0
296.72151976484986	0.05452029999997876	epochs	1.0
296.77604006484984	0.5212000000000216	epochs	0.0
296.77604006484984	0.5	epochs	1.0
296.77604766484984	0.5	epochs	-1.0
297.27604006484984	0.021200000000021646	epochs	1.0
297.29724006484986	2.978779999999972	epochs	0.0
309.8179998397827	0.11903999999998405	epochs	0.0
309.8179998397827	0.05452029999997876	epochs	1.0
309.8725201397827	0.009999400000026526	epochs	1.0
309.8825195397827	0.05452029999997876	epochs	1.0
309.9370398397827	3.4999799999999937	epochs	0.0
309.9370398397827	0.5	epochs	1.0
309.9370474397827	0.5	epochs	-1.0
310.4370398397827	1.0	epochs	1.0
311.4370398397827	1.9999799999999937	epochs	1.0
311.9370474397827	0.5	epochs	-1.0
312.4370474397827	0.5	epochs	-1.0
313.8509998321533	0.11903999999998405	epochs	0.0
313.8509998321533	0.05452029999997876	epochs	1.0
313.9055201321533	0.009999400000026526	epochs	1.0
313.9155195321533	0.05452029999997876	epochs	1.0
313.9700398321533	3.0409799999999905	epochs	0.0
313.9700398321533	0.5	epochs	1.0
313.9700474321533	0.5	epochs	-1.0
314.4700398321533	1.0	epochs	1.0
315.4700398321533	1.5409799999999905	epochs	1.0
315.9700474321533	0.5	epochs	-1.0
316.4700474321533	0.5	epochs	-1.0
317.0110198321533	0.4590000000000032	epochs	0.0
317.41800022125244	0.11903999999998405	epochs	0.0
317.41800022125244	0.05452029999997876	epochs	1.0
317.4725205212524	0.009999400000026526	epochs	1.0
317.48251992125245	0.05452029999997876	epochs	1.0
317.5370402212524	0.5213400000000092	epochs	0.0
317.5370402212524	0.5	epochs	1.0
317.53704782125243	0.5	epochs	-1.0
318.0370402212524	0.02134000000000924	epochs	1.0
318.05838022125243	2.9786399999999844	epochs	0.0
318.4340000152588	0.11903999999998405	epochs	0.0
318.4340000152588	0.05452029999997876	epochs	1.0
318.48852031525877	0.009999400000026526	epochs	1.0
318.4985197152588	0.05452029999997876	epochs	1.0
318.5530400152588	3.4999799999999937	epochs	0.0
318.5530400152588	0.5	epochs	1.0
318.5530476152588	0.5	epochs	-1.0
319.0530400152588	1.0	epochs	1.0
320.0530400152588	1.9999799999999937	epochs	1.0
320.5530476152588	0.5	epochs	-1.0
321.0530476152588	0.5	epochs	-1.0
322.5069999694824	0.11903999999998405	epochs	0.0
322.5069999694824	0.05452029999997876	epochs	1.0
322.5615202694824	0.009999400000026526	epochs	1.0
322.5715196694824	0.05452029999997876	epochs	1.0
322.6260399694824	3.4999799999999937	epochs	0.0
322.6260399694824	0.5	epochs	1.0
322.6260475694824	0.5	epochs	-1.0
323.1260399694824	1.0	epochs	1.0
324.1260399694824	1.9999799999999937	epochs	1.0
324.6260475694824	0.5	epochs	-1.0
325.1260475694824	0.5	epochs	-1.0
326.62400007247925	0.11903999999998405	epochs	0.0
326.62400007247925	0.05452029999997876	epochs	1.0
326.6785203724792	0.009999400000026526	epochs	1.0
326.68851977247925	0.05452029999997876	epochs	1.0
326.74304007247923	0.5209600000000023	epochs	0.0
326.74304007247923	0.5	epochs	1.0
326.74304767247924	0.5	epochs	-1.0
327.24304007247923	0.02096000000000231	epochs	1.0
327.26400007247923	2.9790199999999913	epochs	0.0
327.7070002555847	0.11903999999998405	epochs	0.0
327.7070002555847	0.05452029999997876	epochs	1.0
327.7615205555847	0.009999400000026526	epochs	1.0
327.7715199555847	0.05452029999997876	epochs	1.0
327.8260402555847	3.4999799999999937	epochs	0.0
327.8260402555847	0.5	epochs	1.0
327.8260478555847	0.5	epochs	-1.0
328.3260402555847	1.0	epochs	1.0
329.3260402555847	1.9999799999999937	epochs	1.0
329.8260478555847	0.5	epochs	-1.0
330.3260478555847	0.5	epochs	-1.0
331.80200004577637	0.11903999999998405	epochs	0.0
331.80200004577637	0.05452029999997876	epochs	1.0
331.85652034577635	0.009999400000026526	epochs	1.0
331.8665197457764	0.05452029999997876	epochs	1.0
331.92104004577635	3.4999799999999937	epochs	0.0
331.92104004577635	0.5	epochs	1.0
331.92104764577635	0.5	epochs	-1.0
332.42104004577635	1.0	epochs	1.0
333.42104004577635	1.9999799999999937	epochs	1.0
333.92104764577635	0.5	epochs	-1.0
334.42104764577635	0.5	epochs	-1.0
335.91800022125244	0.11903999999998405	epochs	0.0
335.91800022125244	0.05452029999997876	epochs	1.0
335.9725205212524	0.009999400000026526	epochs	1.0
335.98251992125245	0.05452029999997876	epochs	1.0
336.0370402212524	2.5015000000000214	epochs	0.0
336.0370402212524	0.5	epochs	1.0
336.03704782125243	0.5	epochs	-1.0
336.5370402212524	1.0	epochs	1.0
337.5370402212524	1.0015000000000214	epochs	1.0
338.03704782125243	0.5	epochs	-1.0
338.53854022125245	0.9984799999999723	epochs	0.0
339.0679998397827	0.6499800000000278	epochs	0.0
339.0679998397827	0.05000000000001137	epochs	1.0
339.1179998397827	0.5	epochs	1.0
339.6179998397827	0.09998000000001639	epochs	1.0
340.2699999809265	0.6499800000000278	epochs	0.0
340.2699999809265	0.05000000000001137	epochs	1.0
340.3199999809265	0.5	epochs	1.0
340.8199999809265	0.09998000000001639	epochs	1.0
341.40399980545044	0.6499800000000278	epochs	0.0
341.40399980545044	0.05000000000001137	epochs	1.0
341.45399980545045	0.5	epochs	1.0
341.95399980545045	0.09998000000001639	epochs	1.0
342.55399990081787	0.6499800000000278	epochs	0.0
342.55399990081787	0.05000000000001137	epochs	1.0
342.6039999008179	0.5	epochs	1.0
343.1039999008179	0.09998000000001639	epochs	1.0
343.71999979019165	0.6499800000000278	epochs	0.0
343.71999979019165	0.05000000000001137	epochs	1.0
343.76999979019166	0.5	epochs	1.0
344.26999979019166	0.09998000000001639	epochs	1.0
344.8699998855591	0.6499800000000278	epochs	0.0
344.8699998855591	0.05000000000001137	epochs	1.0
344.9199998855591	0.5	epochs	1.0
345.4199998855591	0.09998000000001639	epochs	1.0
346.1199998855591	0.11903999999998405	epochs	0.0
346.1199998855591	0.05452029999997876	epochs	1.0
346.17452018555906	0.009999400000026526	epochs	1.0
346.1845195855591	0.05452029999997876	epochs	1.0
346.23903988555907	0.5204400000000078	epochs	0.0
346.23903988555907	0.5	epochs	1.0
346.23904748555907	0.5	epochs	-1.0
346.73903988555907	0.020440000000007785	epochs	1.0
346.7594798855591	4.979539999999986	epochs	0.0
351.32299995422363	0.11903999999998405	epochs	0.0
351.32299995422363	0.05452029999997876	epochs	1.0
351.3775202542236	0.009999400000026526	epochs	1.0
351.38751965422364	0.05452029999997876	epochs	1.0
351.4420399542236	2.54140000000001	epochs	0.0
351.4420399542236	0.5	epochs	1.0
351.4420475542236	0.5	epochs	-1.0
351.9420399542236	1.0	epochs	1.0
352.9420399542236	1.04140000000001	epochs	1.0
353.4420475542236	0.5	epochs	-1.0
353.9834399542236	2.9585799999999836	epochs	0.0
356.4889998435974	0.11903999999998405	epochs	0.0
356.4889998435974	0.05452029999997876	epochs	1.0
356.5435201435974	0.009999400000026526	epochs	1.0
356.5535195435974	0.05452029999997876	epochs	1.0
356.6080398435974	0.5205799999999954	epochs	0.0
356.6080398435974	0.5	epochs	1.0
356.6080474435974	0.5	epochs	-1.0
357.1080398435974	0.02057999999999538	epochs	1.0
357.1286198435974	4.979399999999998	epochs	0.0
361.76399993896484	0.11903999999998405	epochs	0.0
361.76399993896484	0.05452029999997876	epochs	1.0
361.8185202389648	0.009999400000026526	epochs	1.0
361.82851963896485	0.05452029999997876	epochs	1.0
361.8830399389648	0.5212000000000216	epochs	0.0
361.8830399389648	0.5	epochs	1.0
361.88304753896483	0.5	epochs	-1.0
362.3830399389648	0.021200000000021646	epochs	1.0
362.40423993896485	4.978779999999972	epochs	0.0
366.99700021743774	0.11903999999998405	epochs	0.0
366.99700021743774	0.05452029999997876	epochs	1.0
367.0515205174377	0.009999400000026526	epochs	1.0
367.06151991743775	0.05452029999997876	epochs	1.0
367.1160402174377	0.5209600000000023	epochs	0.0
367.1160402174377	0.5	epochs	1.0
367.11604781743773	0.5	epochs	-1.0
367.6160402174377	0.02096000000000231	epochs	1.0
367.63700021743773	4.979019999999991	epochs	0.0
387.1170001029968	0.11903999999998405	epochs	0.0
387.1170001029968	0.05452029999997876	epochs	1.0
387.1715204029968	0.009999400000026526	epochs	1.0
387.18151980299683	0.05452029999997876	epochs	1.0
387.2360401029968	0.5212000000000216	epochs	0.0
387.2360401029968	0.5	epochs	1.0
387.2360477029968	0.5	epochs	-1.0
387.7360401029968	0.021200000000021646	epochs	1.0
387.75724010299683	4.978779999999972	epochs	0.0
407.268000125885	0.11903999999998405	epochs	0.0
407.268000125885	0.05452029999997876	epochs	1.0
407.322520425885	0.009999400000026526	epochs	1.0
407.332519825885	0.05452029999997876	epochs	1.0
407.387040125885	2.541020000000003	epochs	0.0
407.387040125885	0.5	epochs	1.0
407.387047725885	0.5	epochs	-1.0
407.887040125885	1.0	epochs	1.0
408.887040125885	1.0410200000000032	epochs	1.0
409.387047725885	0.5	epochs	-1.0
409.928060125885	2.9589599999999905	epochs	0.0
412.4520001411438	0.11903999999998405	epochs	0.0
412.4520001411438	0.05452029999997876	epochs	1.0
412.5065204411438	0.009999400000026526	epochs	1.0
412.5165198411438	0.05452029999997876	epochs	1.0
412.5710401411438	2.521000000000015	epochs	0.0
412.5710401411438	0.5	epochs	1.0
412.5710477411438	0.5	epochs	-1.0
413.0710401411438	1.0	epochs	1.0
414.0710401411438	1.021000000000015	epochs	1.0
414.5710477411438	0.5	epochs	-1.0
415.0920401411438	2.9789799999999786	epochs	0.0
417.60200023651123	0.11903999999998405	epochs	0.0
417.60200023651123	0.05452029999997876	epochs	1.0
417.6565205365112	0.009999400000026526	epochs	1.0
417.66651993651124	0.05452029999997876	epochs	1.0
417.7210402365112	2.54140000000001	epochs	0.0
417.7210402365112	0.5	epochs	1.0
417.7210478365112	0.5	epochs	-1.0
418.2210402365112	1.0	epochs	1.0
419.2210402365112	1.04140000000001	epochs	1.0
419.7210478365112	0.5	epochs	-1.0
420.2624402365112	3.9585799999999836	epochs	0.0
420.94999980926514	0.11903999999998405	epochs	0.0
420.94999980926514	0.05452029999997876	epochs	1.0
421.0045201092651	0.009999400000026526	epochs	1.0
421.01451950926514	0.05452029999997876	epochs	1.0
421.0690398092651	2.5406399999999962	epochs	0.0
421.0690398092651	0.5	epochs	1.0
421.0690474092651	0.5	epochs	-1.0
421.5690398092651	1.0	epochs	1.0
422.5690398092651	1.0406399999999962	epochs	1.0
423.0690474092651	0.5	epochs	-1.0
423.6096798092651	3.9593399999999974	epochs	0.0
424.25	0.11903999999998405	epochs	0.0
424.25	0.05452029999997876	epochs	1.0
424.3045203	0.009999400000026526	epochs	1.0
424.3145197	0.05452029999997876	epochs	1.0
424.36904	6.499979999999994	epochs	0.0
424.36904	0.5	epochs	1.0
424.3690476	0.5	epochs	-1.0
424.86904	1.0	epochs	1.0
425.86904	4.999979999999994	epochs	1.0
426.3690476	0.5	epochs	-1.0
426.8690476	0.5	epochs	-1.0
427.3690476	0.5	epochs	-1.0
427.8690476	0.5	epochs	-1.0
428.3690476	0.5	epochs	-1.0
428.8690476	0.5	epochs	-1.0
429.3690476	0.5	epochs	-1.0
429.8690476	0.5	epochs	-1.0
431.6230001449585	0.11903999999998405	epochs	0.0
431.6230001449585	0.05452029999997876	epochs	1.0
431.6775204449585	0.009999400000026526	epochs	1.0
431.6875198449585	0.05452029999997876	epochs	1.0
431.7420401449585	0.5213200000000029	epochs	0.0
431.7420401449585	0.5	epochs	1.0
431.7420477449585	0.5	epochs	-1.0
432.2420401449585	0.021320000000002892	epochs	1.0
432.2633601449585	5.978659999999991	epochs	0.0
447.8140001296997	0.11903999999998405	epochs	0.0
447.8140001296997	0.05452029999997876	epochs	1.0
447.8685204296997	0.009999400000026526	epochs	1.0
447.8785198296997	0.05452029999997876	epochs	1.0
447.9330401296997	2.541020000000003	epochs	0.0
447.9330401296997	0.5	epochs	1.0
447.9330477296997	0.5	epochs	-1.0
448.4330401296997	1.0	epochs	1.0
449.4330401296997	1.0410200000000032	epochs	1.0
449.9330477296997	0.5	epochs	-1.0
450.4740601296997	3.9589599999999905	epochs	0.0
451.1659998893738	0.11903999999998405	epochs	0.0
451.1659998893738	0.05452029999997876	epochs	1.0
451.22052018937376	0.009999400000026526	epochs	1.0
451.2305195893738	0.05452029999997876	epochs	1.0
451.28503988937376	2.5411599999999908	epochs	0.0
451.28503988937376	0.5	epochs	1.0
451.28504748937377	0.5	epochs	-1.0
451.78503988937376	1.0	epochs	1.0
452.78503988937376	1.0411599999999908	epochs	1.0
453.28504748937377	0.5	epochs	-1.0
453.82619988937375	3.958820000000003	epochs	0.0
454.48299980163574	0.11903999999998405	epochs	0.0
454.48299980163574	0.05452029999997876	epochs	1.0
454.5375201016357	0.009999400000026526	epochs	1.0
454.54751950163575	0.05452029999997876	epochs	1.0
454.6020398016357	0.5205799999999954	epochs	0.0
454.6020398016357	0.5	epochs	1.0
454.60204740163573	0.5	epochs	-1.0
455.1020398016357	0.02057999999999538	epochs	1.0
455.1226198016357	5.979399999999998	epochs	0.0
455.83300018310547	0.11903999999998405	epochs	0.0
455.83300018310547	0.05452029999997876	epochs	1.0
455.88752048310545	0.009999400000026526	epochs	1.0
455.8975198831055	0.05452029999997876	epochs	1.0
455.95204018310545	0.5207000000000335	epochs	0.0
455.95204018310545	0.5	epochs	1.0
455.95204778310546	0.5	epochs	-1.0
456.45204018310545	0.02070000000003347	epochs	1.0
456.4727401831055	5.97927999999996	epochs	0.0
457.15000009536743	0.11903999999998405	epochs	0.0
457.15000009536743	0.05452029999997876	epochs	1.0
457.2045203953674	0.009999400000026526	epochs	1.0
457.21451979536744	0.05452029999997876	epochs	1.0
457.2690400953674	4.000640000000033	epochs	0.0
457.2690400953674	0.5	epochs	1.0
457.2690476953674	0.5	epochs	-1.0
457.7690400953674	1.0	epochs	1.0
458.7690400953674	2.5006400000000326	epochs	1.0
459.2690476953674	0.5	epochs	-1.0
459.7690476953674	0.5	epochs	-1.0
460.2690476953674	0.5	epochs	-1.0
460.7690476953674	0.5	epochs	-1.0
461.26968009536745	2.499339999999961	epochs	0.0
461.9800000190735	0.11903999999998405	epochs	0.0
461.9800000190735	0.05452029999997876	epochs	1.0
462.03452031907347	0.009999400000026526	epochs	1.0
462.0445197190735	0.05452029999997876	epochs	1.0
462.09904001907347	3.5010599999999954	epochs	0.0
462.09904001907347	0.5	epochs	1.0
462.0990476190735	0.5	epochs	-1.0
462.59904001907347	1.0	epochs	1.0
463.59904001907347	2.0010599999999954	epochs	1.0
464.0990476190735	0.5	epochs	-1.0
464.5990476190735	0.5	epochs	-1.0
465.0990476190735	0.5	epochs	-1.0
465.60010001907347	2.9989199999999983	epochs	0.0
466.3800001144409	0.15298000000001366	epochs	0.0
466.3800001144409	0.05000000000001137	epochs	1.0
466.43000011444093	0.002999999999985903	epochs	1.0
466.4330001144409	0.09998000000001639	epochs	1.0
467.28000020980835	0.15298000000001366	epochs	0.0
467.28000020980835	0.05000000000001137	epochs	1.0
467.33000020980836	0.002999999999985903	epochs	1.0
467.33300020980835	0.09998000000001639	epochs	1.0
468.1630001068115	0.15298000000001366	epochs	0.0
468.1630001068115	0.05000000000001137	epochs	1.0
468.21300010681153	0.002999999999985903	epochs	1.0
468.2160001068115	0.09998000000001639	epochs	1.0
469.07999992370605	0.15298000000001366	epochs	0.0
469.07999992370605	0.05000000000001137	epochs	1.0
469.12999992370607	0.002999999999985903	epochs	1.0
469.13299992370605	0.09998000000001639	epochs	1.0
470.03000020980835	0.15298000000001366	epochs	0.0
470.03000020980835	0.05000000000001137	epochs	1.0
470.08000020980836	0.002999999999985903	epochs	1.0
470.08300020980835	0.09998000000001639	epochs	1.0
470.9190001487732	0.15298000000001366	epochs	0.0
470.9190001487732	0.05000000000001137	epochs	1.0
470.9690001487732	0.002999999999985903	epochs	1.0
470.9720001487732	0.09998000000001639	epochs	1.0
471.85200023651123	0.15298000000001366	epochs	0.0
471.85200023651123	0.05000000000001137	epochs	1.0
471.90200023651124	0.002999999999985903	epochs	1.0
471.9050002365112	0.09998000000001639	epochs	1.0
472.80200004577637	0.11903999999998405	epochs	0.0
472.80200004577637	0.05452029999997876	epochs	1.0
472.85652034577635	0.009999400000026526	epochs	1.0
472.8665197457764	0.05452029999997876	epochs	1.0
472.92104004577635	1.5411000000000286	epochs	0.0
472.92104004577635	0.5	epochs	1.0
472.92104764577635	0.5	epochs	-1.0
473.42104004577635	0.0030000000000427463	epochs	1.0
473.4240400457764	1.0380999999999858	epochs	1.0
473.92404764577634	0.5	epochs	-1.0
474.4621400457764	0.061879999999973734	epochs	0.0
475.2020001411438	0.11903999999998405	epochs	0.0
475.2020001411438	0.05452029999997876	epochs	1.0
475.2565204411438	0.009999400000026526	epochs	1.0
475.2665198411438	0.05452029999997876	epochs	1.0
475.3210401411438	1.5206000000000017	epochs	0.0
475.3210401411438	0.5	epochs	1.0
475.3210477411438	0.5	epochs	-1.0
475.8210401411438	0.0030000000000427463	epochs	1.0
475.8240401411438	1.017599999999959	epochs	1.0
476.3240477411438	0.5	epochs	-1.0
476.8416401411438	0.08238000000000056	epochs	0.0
477.5690002441406	0.11903999999998405	epochs	0.0
477.5690002441406	0.05452029999997876	epochs	1.0
477.6235205441406	0.009999400000026526	epochs	1.0
477.63351994414063	0.05452029999997876	epochs	1.0
477.6880402441406	1.5408600000000092	epochs	0.0
477.6880402441406	0.5	epochs	1.0
477.6880478441406	0.5	epochs	-1.0
478.1880402441406	0.0030000000000427463	epochs	1.0
478.19104024414065	1.0378599999999665	epochs	1.0
478.6910478441406	0.5	epochs	-1.0
479.2289002441406	0.06211999999999307	epochs	0.0
480.085000038147	0.11903999999998405	epochs	0.0
480.085000038147	0.05452029999997876	epochs	1.0
480.13952033814695	0.009999400000026526	epochs	1.0
480.149519738147	0.05452029999997876	epochs	1.0
480.20404003814696	6.961440000000039	epochs	0.0
480.20404003814696	0.5	epochs	1.0
480.20404763814696	0.5	epochs	-1.0
480.70404003814696	6.461440000000039	epochs	1.0
486.16502003814696	1.0004600000000323	epochs	-1.0
486.16502003814696	0.03955999999999449	epochs	-1.0
486.66250763814696	0.5	epochs	-1.0
487.165480038147	12.538539999999955	epochs	0.0
488.20499992370605	0.11903999999998405	epochs	0.0
488.20499992370605	0.05452029999997876	epochs	1.0
488.25952022370603	0.009999400000026526	epochs	1.0
488.26951962370606	0.05452029999997876	epochs	1.0
488.32403992370604	6.301120000000026	epochs	0.0
488.32403992370604	0.5	epochs	1.0
488.32404752370604	0.5	epochs	-1.0
488.82403992370604	5.801120000000026	epochs	1.0
493.62495992370606	1.0002000000000066	epochs	-1.0
493.62495992370606	0.03955999999999449	epochs	-1.0
494.12244752370606	0.5	epochs	-1.0
494.62515992370606	13.198859999999968	epochs	0.0
495.5149998664856	0.11903999999998405	epochs	0.0
495.5149998664856	0.05452029999997876	epochs	1.0
495.5695201664856	0.009999400000026526	epochs	1.0
495.5795195664856	0.05452029999997876	epochs	1.0
495.6340398664856	6.46138000000002	epochs	0.0
495.6340398664856	0.5	epochs	1.0
495.6340474664856	0.5	epochs	-1.0
496.1340398664856	5.96138000000002	epochs	1.0
500.5951198664856	1.5002999999999815	epochs	-1.0
500.5951198664856	0.03955999999999449	epochs	-1.0
501.0926074664856	0.5	epochs	-1.0
501.5926074664856	0.5	epochs	-1.0
502.0954198664856	13.038599999999974	epochs	0.0
565.7880001068115	0.11904000000004089	epochs	0.0
565.7880001068115	0.054520300000035604	epochs	1.0
565.8425204068116	0.009999399999969683	epochs	1.0
565.8525198068115	0.054520300000035604	epochs	1.0
565.9070401068116	2.0	epochs	0.0
567.9070401068116	5.381199999999922	epochs	0.0
567.9070401068116	1.0	epochs	1.0
567.9070477068116	0.5	epochs	-1.0
568.4070477068116	4.881192399999918	epochs	-1.0
568.9070401068116	4.381199999999922	epochs	1.0
568.9070401068116	4.356753899999944	epochs	-1.0
568.9070401068116	1.9745871999999736	epochs	2.0
568.9070401068116	1.0985621999999466	epochs	3.0
570.0056023068115	0.8760250000000269	epochs	3.0
570.8816273068115	1.3524075000000266	epochs	2.0
570.8816273068115	0.7286354999999958	epochs	3.0
571.6102628068115	0.6237720000000309	epochs	3.0
572.2340348068116	1.029759199999944	epochs	2.0
572.2340348068116	0.5453292999999348	epochs	3.0
572.7793641068115	0.4844299000000092	epochs	3.0
573.2637940068115	0.024446099999977378	epochs	2.0
573.2637940068115	0.024446099999977378	epochs	3.0
573.2882401068115	16.618720000000053	epochs	0.0
574.2709999084473	0.11904000000004089	epochs	0.0
574.2709999084473	0.054520300000035604	epochs	1.0
574.3255202084473	0.009999399999969683	epochs	1.0
574.3355196084473	0.054520300000035604	epochs	1.0
574.3900399084473	2.0	epochs	0.0
576.3900399084473	21.52103999999997	epochs	0.0
576.3900399084473	1.0	epochs	1.0
576.3900475084473	0.5	epochs	-1.0
576.8900475084473	19.996399999999994	epochs	-1.0
577.3900399084473	20.0	epochs	1.0
577.3900399084473	4.356753899999944	epochs	-1.0
577.3900399084473	1.9745871999999736	epochs	2.0
577.3900399084473	1.0985621999999466	epochs	3.0
578.4886021084473	0.8760250000000269	epochs	3.0
579.3646271084473	1.3524075000000266	epochs	2.0
579.3646271084473	0.7286354999999958	epochs	3.0
580.0932626084473	0.6237720000000309	epochs	3.0
580.7170346084473	1.029759199999944	epochs	2.0
580.7170346084473	0.5453292999999348	epochs	3.0
581.2623639084472	0.4844299000000092	epochs	3.0
581.7467938084473	0.8317862000000105	epochs	2.0
581.7467938084473	0.4357763000000432	epochs	3.0
582.1825701084473	0.3960098999999673	epochs	3.0
582.5785800084473	0.6977970000000369	epochs	2.0
582.5785800084473	0.3628982000000178	epochs	3.0
582.9414782084473	0.33489880000001904	epochs	3.0
583.2763770084473	0.601045699999986	epochs	2.0
583.2763770084473	0.3109122999999272	epochs	3.0
583.5872893084472	0.2901334000000588	epochs	3.0
583.8774227084473	0.5278859000000011	epochs	2.0
583.8774227084473	0.2719585999999481	epochs	3.0
584.1493813084472	0.25592730000005304	epochs	3.0
584.4053086084473	0.470619299999953	epochs	2.0
584.4053086084473	0.241681299999982	epochs	3.0
584.6469899084473	0.228937999999971	epochs	3.0
584.8759279084472	0.42457039999999324	epochs	2.0
584.8759279084472	0.21747140000002219	epochs	3.0
585.0933993084473	0.20709899999997106	epochs	3.0
585.3004983084472	0.3867354000000205	epochs	2.0
585.3004983084472	0.19767109999997956	epochs	3.0
585.4981694084472	0.18906430000004093	epochs	3.0
585.6872337084473	0.3550953000000163	epochs	2.0
585.6872337084473	0.18117589999997108	epochs	3.0
585.8684096084472	0.17391940000004524	epochs	3.0
586.0423290084473	0.3282431000000088	epochs	2.0
586.0423290084473	0.16722189999995862	epochs	3.0
586.2095509084472	0.16102120000005016	epochs	3.0
586.3705721084473	0.30516799999998057	epochs	2.0
586.3705721084473	0.15526390000002266	epochs	3.0
586.5258360084473	0.1499040999999579	epochs	3.0
586.6757401084473	0.28512530000000424	epochs	2.0
586.6757401084473	0.1449020999999675	epochs	3.0
586.8206422084472	0.14022320000003674	epochs	3.0
586.9608654084473	0.2675537999999733	epochs	2.0
586.9608654084473	0.1358368999999584	epochs	3.0
587.0967023084472	0.1317169000000149	epochs	3.0
587.2284192084472	0.2520229000000427	epochs	2.0
587.2284192084472	0.1278393000000051	epochs	3.0
587.3562585084472	0.12418360000003759	epochs	3.0
587.4804421084473	0.23819649999995818	epochs	2.0
587.4804421084473	0.12073109999994358	epochs	3.0
587.6011732084472	0.1174654000000146	epochs	3.0
587.7186386084472	0.2258087999999816	epochs	2.0
587.7186386084472	0.11437190000003739	epochs	3.0
587.8330105084473	0.11143689999994422	epochs	3.0
587.9444474084472	0.2146460000000161	epochs	2.0
587.9444474084472	0.10864890000004834	epochs	3.0
588.0530963084473	0.10599709999996776	epochs	3.0
588.1590934084472	0.20453500000007807	epochs	2.0
588.1590934084472	0.10347150000006877	epochs	3.0
588.2625649084473	0.1010635000000093	epochs	3.0
588.3636284084473	0.19533400000000256	epochs	2.0
588.3636284084473	0.09876509999992322	epochs	3.0
588.4623935084472	0.09656890000007934	epochs	3.0
588.5589624084473	0.18692529999998442	epochs	2.0
588.5589624084473	0.09446829999990314	epochs	3.0
588.6534307084472	0.09245700000008128	epochs	3.0
588.7458877084473	0.17921069999999872	epochs	2.0
588.7458877084473	0.09052959999996801	epochs	3.0
588.8364173084473	0.08868110000003071	epochs	3.0
588.9250984084473	0.17210769999996955	epochs	2.0
588.9250984084473	0.08690630000000965	epochs	3.0
589.0120047084473	0.0852013999999599	epochs	3.0
589.0972061084473	0.16554640000003928	epochs	2.0
589.0972061084473	0.08356189999994967	epochs	3.0
589.1807680084472	0.08198450000008961	epochs	3.0
589.2627525084473	0.15946709999991526	epochs	2.0
589.2627525084473	0.08046539999998004	epochs	3.0
589.3432179084473	0.07900169999993523	epochs	3.0
589.4222196084472	0.15381840000009106	epochs	2.0
589.4222196084472	0.07759010000006583	epochs	3.0
589.4998097084473	0.07622830000002523	epochs	3.0
589.5760380084473	0.14855639999996129	epochs	2.0
589.5760380084473	0.07491329999993468	epochs	3.0
589.6509513084472	0.0736431000000266	epochs	3.0
589.7245944084473	0.14364239999997608	epochs	2.0
589.7245944084473	0.07241499999997814	epochs	3.0
589.7970094084473	0.07122739999999794	epochs	3.0
589.8682368084473	0.13904309999998077	epochs	2.0
589.8682368084473	0.07007799999996678	epochs	3.0
589.9383148084472	0.06896510000001399	epochs	3.0
590.0072799084472	0.1347293000000036	epochs	2.0
590.0072799084472	0.0678871000000072	epochs	3.0
590.0751670084472	0.06684219999999641	epochs	3.0
590.1420092084472	0.1306752000000415	epochs	2.0
590.1420092084472	0.06582909999997355	epochs	3.0
590.2078383084472	0.06484610000006796	epochs	3.0
590.2726844084473	0.12685780000003888	epochs	2.0
590.2726844084473	0.06389200000000983	epochs	3.0
590.3365764084473	0.06296580000002905	epochs	3.0
590.3995422084473	0.12325719999989815	epochs	2.0
590.3995422084473	0.062065799999913907	epochs	3.0
590.4616080084472	0.06119139999998424	epochs	3.0
590.5227994084472	0.11985540000000583	epochs	2.0
590.5227994084472	0.06034110000007331	epochs	3.0
590.5831405084473	0.05951429999993252	epochs	3.0
590.6426548084472	0.11663620000001629	epochs	2.0
590.6426548084472	0.05870960000004288	epochs	3.0
590.7013644084473	0.057926599999973405	epochs	3.0
590.7592910084472	0.11358560000007856	epochs	2.0
590.7592910084472	0.05716419999998834	epochs	3.0
590.8164552084472	0.056421400000090216	epochs	3.0
590.8728766084473	0.11069049999991876	epochs	2.0
590.8728766084473	0.05569789999992736	epochs	3.0
590.9285745084472	0.0549925999999914	epochs	3.0
590.9835671084472	0.1079391000000669	epochs	2.0
590.9835671084472	0.05430490000003374	epochs	3.0
591.0378720084473	0.05363420000003316	epochs	3.0
591.0915062084473	0.10532149999994544	epochs	2.0
591.0915062084473	0.05297999999993408	epochs	3.0
591.1444862084472	0.052341500000011365	epochs	3.0
591.1968277084472	0.10282760000006874	epochs	2.0
591.1968277084472	0.05171810000001642	epochs	3.0
591.2485458084473	0.05110950000005232	epochs	3.0
591.2996553084473	0.10044909999999163	epochs	2.0
591.2996553084473	0.05051489999993919	epochs	3.0
591.3501702084473	0.04993420000005244	epochs	3.0
591.4001044084473	0.0981782999999723	epochs	2.0
591.4001044084473	0.04936659999998483	epochs	3.0
591.4494710084473	0.04881169999998747	epochs	3.0
591.4982827084473	0.09600779999993847	epochs	2.0
591.4982827084473	0.04826919999993606	epochs	3.0
591.5465519084472	0.04773860000000241	epochs	3.0
591.5942905084472	0.09393120000004274	epochs	2.0
591.5942905084472	0.04721950000009656	epochs	3.0
591.6415100084473	0.04671169999994618	epochs	3.0
591.6882217084473	0.09194260000003851	epochs	2.0
591.6882217084473	0.046214599999984785	epochs	3.0
591.7344363084472	0.045728000000053726	epochs	3.0
591.7801643084473	0.09003629999995155	epochs	2.0
591.7801643084473	0.045251499999949374	epochs	3.0
591.8254158084472	0.04478480000000218	epochs	3.0
591.8702006084472	0.08820760000003247	epochs	2.0
591.8702006084472	0.044327800000019124	epochs	3.0
591.9145284084473	0.04387980000001335	epochs	3.0
591.9584082084473	0.0864516999999978	epochs	2.0
591.9584082084473	0.04344100000002982	epochs	3.0
592.0018492084473	0.04301069999996798	epochs	3.0
592.0448599084473	0.08476429999996071	epochs	2.0
592.0448599084473	0.04258900000002086	epochs	3.0
592.0874489084473	0.04217529999993985	epochs	3.0
592.1296242084472	0.08314150000001064	epochs	2.0
592.1296242084472	0.04176970000003166	epochs	3.0
592.1713939084473	0.041371799999978975	epochs	3.0
592.2127657084473	0.08157970000002024	epochs	2.0
592.2127657084473	0.040981399999964196	epochs	3.0
592.2537471084472	0.04059830000005604	epochs	3.0
592.2943454084473	0.08007550000002084	epochs	2.0
592.2943454084473	0.04022229999998217	epochs	3.0
592.3345677084473	0.03985320000003867	epochs	3.0
592.3744209084473	0.07862569999997504	epochs	2.0
592.3744209084473	0.0394907999999532	epochs	3.0
592.4139117084472	0.039134900000021844	epochs	3.0
592.4530466084473	0.07722760000001472	epochs	2.0
592.4530466084473	0.038785400000051595	epochs	3.0
592.4918320084473	0.03844219999996312	epochs	3.0
592.5302742084473	0.07587820000003376	epochs	2.0
592.5302742084473	0.03810479999992822	epochs	3.0
592.5683790084472	0.03777340000010554	epochs	3.0
592.6061524084473	0.07457519999991291	epochs	2.0
592.6061524084473	0.03744769999991604	epochs	3.0
592.6436001084472	0.03712749999999687	epochs	3.0
592.6807276084472	0.07331629999998768	epochs	2.0
592.6807276084472	0.0368129000000863	epochs	3.0
592.7175405084473	0.036503399999901376	epochs	3.0
592.7540439084472	0.07209900000009384	epochs	2.0
592.7540439084472	0.03619910000008986	epochs	3.0
592.7902430084473	0.03589990000000398	epochs	3.0
592.8261429084473	0.07092169999998532	epochs	2.0
592.8261429084473	0.03560559999993984	epochs	3.0
592.8617485084472	0.03531610000004548	epochs	3.0
592.8970646084473	0.0697819999999183	epochs	2.0
592.8970646084473	0.03503119999993487	epochs	3.0
592.9320958084472	0.03475079999998343	epochs	3.0
592.9668466084472	0.06867859999999837	epochs	2.0
592.9668466084472	0.03447510000000875	epochs	3.0
593.0013217084472	0.03420349999998962	epochs	3.0
593.0355252084472	0.06760930000007193	epochs	2.0
593.0355252084472	0.03393620000008468	epochs	3.0
593.0694614084473	0.033673099999987244	epochs	3.0
593.1031345084473	0.06657289999998284	epochs	2.0
593.1031345084473	0.03341399999999339	epochs	3.0
593.1365485084473	0.033158899999989444	epochs	3.0
593.1697074084473	0.06556780000005347	epochs	2.0
593.1697074084473	0.032907700000009754	epochs	3.0
593.2026151084473	0.03266010000004371	epochs	3.0
593.2352752084473	0.06459259999996902	epochs	2.0
593.2352752084473	0.032416399999988244	epochs	3.0
593.2676916084473	0.03217619999998078	epochs	3.0
593.2998678084473	0.0636459999999488	epochs	2.0
593.2998678084473	0.03193959999998697	epochs	3.0
593.3318074084473	0.03170639999996183	epochs	3.0
593.3635138084472	0.0627266999999847	epochs	2.0
593.3635138084472	0.03147660000001906	epochs	3.0
593.3949904084473	0.03125009999996564	epochs	3.0
593.4262405084472	0.06183359999999993	epochs	2.0
593.4262405084472	0.031026900000028945	epochs	3.0
593.4572674084473	0.030806699999970988	epochs	3.0
593.4880741084472	0.06096560000003137	epochs	2.0
593.4880741084472	0.030589800000029754	epochs	3.0
593.5186639084473	0.030375800000001618	epochs	3.0
593.5490397084473	0.06012160000000222	epochs	2.0
593.5490397084473	0.030164900000045236	epochs	3.0
593.5792046084473	0.02995669999995698	epochs	3.0
593.6091613084473	0.05930069999999432	epochs	2.0
593.6091613084473	0.029751600000054168	epochs	3.0
593.6389129084473	0.029549099999940154	epochs	3.0
593.6684620084472	0.05850180000004457	epochs	2.0
593.6684620084472	0.02934940000000097	epochs	3.0
593.6978114084473	0.0291524000000436	epochs	3.0
593.7269638084473	0.05772419999993872	epochs	2.0
593.7269638084473	0.028957999999988715	epochs	3.0
593.7559218084473	0.028766199999950004	epochs	3.0
593.7846880084472	0.05696710000006533	epochs	2.0
593.7846880084472	0.028577000000041153	epochs	3.0
593.8132650084473	0.028390100000024177	epochs	3.0
593.8416551084473	0.05622949999997218	epochs	2.0
593.8416551084473	0.028205699999944045	epochs	3.0
593.8698608084472	0.028023800000028132	epochs	3.0
593.8978846084473	0.05551070000001346	epochs	2.0
593.8978846084473	0.027843999999959124	epochs	3.0
593.9257286084472	0.027666700000054334	epochs	3.0
593.9533953084473	0.054810200000019904	epochs	2.0
593.9533953084473	0.02749149999999645	epochs	3.0
593.9808868084473	0.027318700000023455	epochs	3.0
594.0082055084473	0.05412699999999404	epochs	2.0
594.0082055084473	0.027147799999966082	epochs	3.0
594.0353533084473	0.02697920000002796	epochs	3.0
594.0623325084473	0.053460699999959616	epochs	2.0
594.0623325084473	0.0268125999999711	epochs	3.0
594.0891451084473	0.026648099999988517	epochs	3.0
594.1157932084473	0.05281070000000909	epochs	2.0
594.1157932084473	0.026485600000000886	epochs	3.0
594.1422788084473	0.026325100000008206	epochs	3.0
594.1686039084473	0.05217619999996259	epochs	2.0
594.1686039084473	0.026166399999965506	epochs	3.0
594.1947703084472	0.026009799999997085	epochs	3.0
594.2207801084472	0.051556699999991906	epochs	2.0
594.2207801084472	0.025854800000047362	epochs	3.0
594.2466349084473	0.025701899999944544	epochs	3.0
594.2723368084472	0.050951900000086425	epochs	2.0
594.2723368084472	0.02555070000005344	epochs	3.0
594.2978875084473	0.025401200000032986	epochs	3.0
594.3232887084473	0.05036099999995258	epochs	2.0
594.3232887084473	0.025253499999962514	epochs	3.0
594.3485422084473	0.02510749999999007	epochs	3.0
594.3736497084473	0.049783800000000156	epochs	2.0
594.3736497084473	0.02496320000000196	epochs	3.0
594.3986129084473	0.024820599999998194	epochs	3.0
594.4234335084473	0.049219500000049266	epochs	2.0
594.4234335084473	0.024679399999968155	epochs	3.0
594.4481129084472	0.02454010000008111	epochs	3.0
594.4726530084473	0.048667899999941255	epochs	2.0
594.4726530084473	0.02440209999997478	epochs	3.0
594.4970551084473	0.024265799999966475	epochs	3.0
594.5213209084473	0.04812860000004093	epochs	2.0
594.5213209084473	0.024131000000011227	epochs	3.0
594.5454519084473	0.023997600000029706	epochs	3.0
594.5694495084473	0.04760109999995166	epochs	2.0
594.5694495084473	0.023865799999953197	epochs	3.0
594.5933153084472	0.02373529999999846	epochs	3.0
594.6170506084472	0.047085000000038235	epochs	2.0
594.6170506084472	0.023606299999983094	epochs	3.0
594.6406569084472	0.02347870000005514	epochs	3.0
594.6641356084473	0.046579999999948996	epochs	2.0
594.6641356084473	0.02335249999998723	epochs	3.0
594.6874881084473	0.023227499999961765	epochs	3.0
594.7107156084472	0.046085700000048746	epochs	2.0
594.7107156084472	0.023103999999989355	epochs	3.0
594.7338196084472	0.02298170000005939	epochs	3.0
594.7568013084473	0.045601799999985815	epochs	2.0
594.7568013084473	0.022860700000023826	epochs	3.0
594.7796620084473	0.02274109999996199	epochs	3.0
594.8024031084473	0.04512790000001132	epochs	2.0
594.8024031084473	0.022622500000011314	epochs	3.0
594.8250256084473	0.02250540000000001	epochs	3.0
594.8475310084473	0.044663799999966614	epochs	2.0
594.8475310084473	0.02238929999998618	epochs	3.0
594.8699203084473	0.022274499999980435	epochs	3.0
594.8921948084472	0.04420920000006845	epochs	2.0
594.8921948084472	0.022160800000051495	epochs	3.0
594.9143556084473	0.022048400000016954	epochs	3.0
594.9364040084473	0.04376359999992019	epochs	2.0
594.9364040084473	0.02193689999990056	epochs	3.0
594.9583409084472	0.021826700000019628	epochs	3.0
594.9801676084472	0.04332710000005591	epochs	2.0
594.9801676084472	0.021717599999988124	epochs	3.0
595.0018852084472	0.021609500000067783	epochs	3.0
595.0234947084473	0.04289900000003399	epochs	2.0
595.0234947084473	0.02150249999999687	epochs	3.0
595.0449972084473	0.021396500000037122	epochs	3.0
595.0663937084473	0.04247949999989942	epochs	2.0
595.0663937084473	0.021291699999892444	epochs	3.0
595.0876854084472	0.021187800000006973	epochs	3.0
595.1088732084472	0.042067900000006375	epochs	2.0
595.1088732084472	0.02108490000000529	epochs	3.0
595.1299581084472	0.020983000000001084	epochs	3.0
595.1509411084472	0.04166440000005878	epochs	2.0
595.1509411084472	0.02088220000007368	epochs	3.0
595.1718233084473	0.020782199999985096	epochs	3.0
595.1926055084473	0.04126850000000104	epochs	2.0
595.1926055084473	0.020683299999973315	epochs	3.0
595.2132888084473	0.020585200000027726	epochs	3.0
595.2338740084473	0.04088000000001557	epochs	2.0
595.2338740084473	0.020488099999965925	epochs	3.0
595.2543621084473	0.020391900000049645	epochs	3.0
595.2747540084473	0.04049879999990935	epochs	2.0
595.2747540084473	0.020296599999937825	epochs	3.0
595.2950506084472	0.020202199999971526	epochs	3.0
595.3152528084472	0.04012460000001283	epochs	2.0
595.3152528084472	0.02010870000003706	epochs	3.0
595.3353615084472	0.020015899999975773	epochs	3.0
595.3553774084472	0.03975730000001931	epochs	2.0
595.3553774084472	0.019924199999991288	epochs	3.0
595.3753016084472	0.019833100000028026	epochs	3.0
595.3951347084472	0.03939669999999751	epochs	2.0
595.3951347084472	0.01974300000006224	epochs	3.0
595.4148777084473	0.01965369999993527	epochs	3.0
595.4345314084472	0.03904239999997117	epochs	2.0
595.4345314084472	0.01956510000002254	epochs	3.0
595.4540965084473	0.019477299999948627	epochs	3.0
595.4735738084472	0.038694600000098944	epochs	2.0
595.4735738084472	0.019390400000020236	epochs	3.0
595.4929642084472	0.01930420000007871	epochs	3.0
595.5122684084473	0.03835289999994984	epochs	2.0
595.5122684084473	0.019218799999976	epochs	3.0
595.5314872084473	0.01913409999997384	epochs	3.0
595.5506213084473	0.03801720000001296	epochs	2.0
595.5506213084473	0.019050200000037876	epochs	3.0
595.5696715084473	0.018966999999975087	epochs	3.0
595.5886385084473	0.03768719999993664	epochs	2.0
595.5886385084473	0.01888450000001285	epochs	3.0
595.6075230084473	0.01880269999992379	epochs	3.0
595.6263257084472	0.0373631000001069	epochs	2.0
595.6263257084472	0.018721700000014607	epochs	3.0
595.6450474084472	0.01864140000009229	epochs	3.0
595.6636888084473	0.03704429999993408	epochs	2.0
595.6636888084473	0.01856159999999818	epochs	3.0
595.6822504084473	0.018482699999935903	epochs	3.0
595.7007331084473	0.0367310000000316	epochs	2.0
595.7007331084473	0.018404300000042895	epochs	3.0
595.7191374084473	0.018326699999988705	epochs	3.0
595.7374641084473	0.03642289999993409	epochs	2.0
595.7374641084473	0.018249599999990096	epochs	3.0
595.7557137084473	0.018173299999943993	epochs	3.0
595.7738870084472	0.03612010000006194	epochs	2.0
595.7738870084472	0.0180976000000328	epochs	3.0
595.7919846084473	0.01802250000002914	epochs	3.0
595.8100071084473	0.03582210000001851	epochs	2.0
595.8100071084473	0.017947899999967376	epochs	3.0
595.8279550084472	0.017874200000051133	epochs	3.0
595.8458292084473	0.03552899999999681	epochs	2.0
595.8458292084473	0.017800799999918127	epochs	3.0
595.8636300084472	0.017728200000078687	epochs	3.0
595.8813582084473	0.035240699999917524	epochs	2.0
595.8813582084473	0.017656099999953767	epochs	3.0
595.8990143084472	0.017584599999963757	epochs	3.0
595.9165989084472	0.034957100000042374	epochs	2.0
595.9165989084472	0.017513700000108656	epochs	3.0
595.9341126084473	0.017443399999933717	epochs	3.0
595.9515560084473	0.03467790000001969	epochs	2.0
595.9515560084473	0.017373600000041733	epochs	3.0
595.9689296084473	0.017304299999977957	epochs	3.0
595.9862339084473	0.03440330000000813	epochs	2.0
595.9862339084473	0.01723570000001473	epochs	3.0
596.0034696084473	0.0171675999999934	epochs	3.0
596.0206372084473	0.03413279999995211	epochs	2.0
596.0206372084473	0.01709989999994832	epochs	3.0
596.0377371084472	0.017032900000003792	epochs	3.0
596.0547700084472	0.033866699999975935	epochs	2.0
596.0547700084472	0.01696640000000116	epochs	3.0
596.0717364084472	0.016900299999974777	epochs	3.0
596.0886367084472	0.033604600000103346	epochs	2.0
596.0886367084472	0.016834800000083305	epochs	3.0
596.1054715084473	0.01676980000002004	epochs	3.0
596.1222413084473	0.033346599999958926	epochs	2.0
596.1222413084473	0.01670529999989867	epochs	3.0
596.1389466084472	0.016641300000060255	epochs	3.0
596.1555879084473	0.03309249999995245	epochs	2.0
596.1555879084473	0.01657779999993636	epochs	3.0
596.1721657084472	0.01651470000001609	epochs	3.0
596.1886804084472	0.032842300000083924	epochs	2.0
596.1886804084472	0.01645220000000336	epochs	3.0
596.2051326084472	0.016390100000080565	epochs	3.0
596.2215227084473	0.03259570000000167	epochs	2.0
596.2215227084473	0.01632839999990665	epochs	3.0
596.2378511084472	0.01626730000009502	epochs	3.0
596.2541184084473	0.032352899999978035	epochs	2.0
596.2541184084473	0.01620659999991858	epochs	3.0
596.2703250084472	0.016146300000059455	epochs	3.0
596.2864713084473	0.03211369999996805	epochs	2.0
596.2864713084473	0.016086599999994178	epochs	3.0
596.3025579084473	0.01602709999997387	epochs	3.0
596.3185850084473	0.03187800000000607	epochs	2.0
596.3185850084473	0.015968199999974786	epochs	3.0
596.3345532084472	0.015909800000031282	epochs	3.0
596.3504630084473	0.031645700000012766	epochs	2.0
596.3504630084473	0.01585160000001906	epochs	3.0
596.3663146084473	0.015794099999993705	epochs	3.0
596.3821087084473	0.0314167000000225	epochs	2.0
596.3821087084473	0.01573669999993399	epochs	3.0
596.3978454084472	0.015680000000088512	epochs	3.0
596.4135254084473	0.031191100000000915	epochs	2.0
596.4135254084473	0.015623599999912585	epochs	3.0
596.4291490084472	0.01556750000008833	epochs	3.0
596.4447165084473	0.030968700000016725	epochs	2.0
596.4447165084473	0.015511999999944237	epochs	3.0
596.4602285084472	0.015456700000072487	epochs	3.0
596.4756852084473	0.030749499999956242	epochs	2.0
596.4756852084473	0.015401999999994587	epochs	3.0
596.4910872084473	0.015347499999961656	epochs	3.0
596.5064347084473	0.03053320000003623	epochs	2.0
596.5064347084473	0.015293400000018664	epochs	3.0
596.5217281084473	0.015239800000017567	epochs	3.0
596.5369679084473	0.030320099999926242	epochs	2.0
596.5369679084473	0.015186499999913394	epochs	3.0
596.5521544084472	0.015133600000012848	epochs	3.0
596.5672880084472	0.03010990000007041	epochs	2.0
596.5672880084472	0.015081000000009226	epochs	3.0
596.5823690084472	0.015028900000061185	epochs	3.0
596.5973979084473	0.029902499999934662	epochs	2.0
596.5973979084473	0.01497699999993074	epochs	3.0
596.6123749084472	0.014925500000003922	epochs	3.0
596.6273004084472	0.029698100000018712	epochs	2.0
596.6273004084472	0.014874400000053356	epochs	3.0
596.6421748084473	0.014823699999965356	epochs	3.0
596.6569985084473	0.02949630000000525	epochs	2.0
596.6569985084473	0.014773200000036013	epochs	3.0
596.6717717084473	0.014723099999969236	epochs	3.0
596.6864948084473	0.02929740000001857	epochs	2.0
596.6864948084473	0.014673399999992398	epochs	3.0
596.7011682084473	0.014624000000026172	epochs	3.0
596.7157922084473	0.029101099999934377	epochs	2.0
596.7157922084473	0.01457489999995687	epochs	3.0
596.7303671084472	0.014526199999977507	epochs	3.0
596.7448933084472	0.02890740000009373	epochs	2.0
596.7448933084472	0.014477700000043114	epochs	3.0
596.7593710084473	0.014429700000050616	epochs	3.0
596.7738007084473	0.028716199999962555	epochs	2.0
596.7738007084473	0.014381799999910072	epochs	3.0
596.7881825084472	0.014334400000052483	epochs	3.0
596.8025169084473	0.02852759999996124	epochs	2.0
596.8025169084473	0.01428720000001249	epochs	3.0
596.8168041084473	0.01424039999994875	epochs	3.0
596.8310445084472	0.028341400000044814	epochs	2.0
596.8310445084472	0.014193800000043666	epochs	3.0
596.8452383084473	0.014147600000001148	epochs	3.0
596.8593859084473	0.028157699999951546	epochs	2.0
596.8593859084473	0.014101699999969242	epochs	3.0
596.8734876084472	0.014055999999982305	epochs	3.0
596.8875436084472	0.027976300000091214	epochs	2.0
596.8875436084472	0.01401060000000598	epochs	3.0
596.9015542084472	0.013965700000085235	epochs	3.0
596.9155199084473	0.027797199999895383	epochs	2.0
596.9155199084473	0.013920799999937117	epochs	3.0
596.9294407084473	0.013876399999958267	epochs	3.0
596.9433171084472	0.027620400000046175	epochs	2.0
596.9433171084472	0.013832200000024386	epochs	3.0
596.9571493084472	0.013788200000021789	epochs	3.0
596.9709375084473	0.027445899999975154	epochs	2.0
596.9709375084473	0.013744599999995444	epochs	3.0
596.9846821084473	0.01370129999997971	epochs	3.0
596.9983834084472	0.027273499999978412	epochs	2.0
596.9983834084472	0.013658200000008947	epochs	3.0
597.0120416084472	0.013615299999969466	epochs	3.0
597.0256569084472	0.02710340000010092	epochs	2.0
597.0256569084472	0.013572800000019924	epochs	3.0
597.0392297084472	0.013530600000080995	epochs	3.0
597.0527603084473	0.026935199999911674	epochs	2.0
597.0527603084473	0.01348839999991469	epochs	3.0
597.0662487084472	0.013446799999996983	epochs	3.0
597.0796955084472	0.026769199999989723	epochs	2.0
597.0796955084472	0.013405200000079276	epochs	3.0
597.0931007084473	0.013363999999910448	epochs	3.0
597.1064647084472	0.026605200000062723	epochs	2.0
597.1064647084472	0.013322900000048321	epochs	3.0
597.1197876084473	0.013282300000014402	epochs	3.0
597.1330699084473	0.026443200000016986	epochs	2.0
597.1330699084473	0.013241699999980483	epochs	3.0
597.1463116084473	0.013201500000036503	epochs	3.0
597.1595131084473	0.0262831999999662	epochs	2.0
597.1595131084473	0.013161500000023807	epochs	3.0
597.1726746084473	0.013121699999942393	epochs	3.0
597.1857963084473	0.02612499999997908	epochs	2.0
597.1857963084473	0.013082100000019636	epochs	3.0
597.1988784084473	0.013042899999959445	epochs	3.0
597.2119213084472	0.025968900000066242	epochs	2.0
597.2119213084472	0.01300390000005791	epochs	3.0
597.2249252084473	0.012965000000008331	epochs	3.0
597.2378902084473	0.025814499999910367	epochs	2.0
597.2378902084473	0.012926399999969362	epochs	3.0
597.2508166084473	0.012888099999941005	epochs	3.0
597.2637047084472	0.025661900000045534	epochs	2.0
597.2637047084472	0.012849899999991976	epochs	3.0
597.2765546084472	0.012812000000053558	epochs	3.0
597.2893666084473	0.025511199999982637	epochs	2.0
597.2893666084473	0.012774400000012065	epochs	3.0
597.3021410084473	0.012736799999970572	epochs	3.0
597.3148778084472	0.025362299999983406	epochs	2.0
597.3148778084472	0.01269969999998466	epochs	3.0
597.3275775084472	0.012662599999998747	epochs	3.0
597.3402401084472	0.025215000000002874	epochs	2.0
597.3402401084472	0.012625800000023446	epochs	3.0
597.3528659084473	0.012589199999979428	epochs	3.0
597.3654551084472	0.024584800000070572	epochs	2.0
597.3864475084473	0.5	epochs	-1.0
597.3900399084473	0.5210399999999709	epochs	1.0
597.9110799084473	0.47888000000000375	epochs	0.0
598.9850001335144	0.11904000000004089	epochs	0.0
598.9850001335144	0.054520300000035604	epochs	1.0
599.0395204335144	0.009999399999969683	epochs	1.0
599.0495198335144	0.054520300000035604	epochs	1.0
599.1040401335144	2.0	epochs	0.0
601.1040401335144	0.5402399999999261	epochs	0.0
601.1040401335144	0.5402399999999261	epochs	1.0
601.1040477335144	0.5	epochs	-1.0
601.6040477335144	0.04023239999992256	epochs	-1.0
601.6442801335144	21.45968000000005	epochs	0.0
602.8550000190735	0.11904000000004089	epochs	0.0
602.8550000190735	0.054520300000035604	epochs	1.0
602.9095203190735	0.009999399999969683	epochs	1.0
602.9195197190735	0.054520300000035604	epochs	1.0
602.9740400190735	2.0	epochs	0.0
604.9740400190735	21.541279999999915	epochs	0.0
604.9740400190735	1.0	epochs	1.0
604.9740476190735	0.5	epochs	-1.0
605.4740476190735	19.996399999999994	epochs	-1.0
605.9740400190735	20.0	epochs	1.0
605.9740400190735	4.356753899999944	epochs	-1.0
605.9740400190735	1.9745871999999736	epochs	2.0
605.9740400190735	1.0985621999999466	epochs	3.0
607.0726022190735	0.8760250000000269	epochs	3.0
607.9486272190735	1.3524075000000266	epochs	2.0
607.9486272190735	0.7286354999999958	epochs	3.0
608.6772627190735	0.6237720000000309	epochs	3.0
609.3010347190735	1.029759199999944	epochs	2.0
609.3010347190735	0.5453292999999348	epochs	3.0
609.8463640190735	0.4844299000000092	epochs	3.0
610.3307939190735	0.8317862000000105	epochs	2.0
610.3307939190735	0.4357763000000432	epochs	3.0
610.7665702190735	0.3960098999999673	epochs	3.0
611.1625801190735	0.6977970000000369	epochs	2.0
611.1625801190735	0.3628982000000178	epochs	3.0
611.5254783190735	0.33489880000001904	epochs	3.0
611.8603771190735	0.601045699999986	epochs	2.0
611.8603771190735	0.3109122999999272	epochs	3.0
612.1712894190734	0.2901334000000588	epochs	3.0
612.4614228190735	0.5278859000000011	epochs	2.0
612.4614228190735	0.2719585999999481	epochs	3.0
612.7333814190735	0.25592730000005304	epochs	3.0
612.9893087190735	0.470619299999953	epochs	2.0
612.9893087190735	0.241681299999982	epochs	3.0
613.2309900190735	0.228937999999971	epochs	3.0
613.4599280190735	0.42457039999999324	epochs	2.0
613.4599280190735	0.21747140000002219	epochs	3.0
613.6773994190735	0.20709899999997106	epochs	3.0
613.8844984190735	0.3867354000000205	epochs	2.0
613.8844984190735	0.19767109999997956	epochs	3.0
614.0821695190734	0.18906430000004093	epochs	3.0
614.2712338190735	0.3550953000000163	epochs	2.0
614.2712338190735	0.18117589999997108	epochs	3.0
614.4524097190734	0.17391940000004524	epochs	3.0
614.6263291190735	0.3282431000000088	epochs	2.0
614.6263291190735	0.16722189999995862	epochs	3.0
614.7935510190734	0.16102120000005016	epochs	3.0
614.9545722190735	0.30516799999998057	epochs	2.0
614.9545722190735	0.15526390000002266	epochs	3.0
615.1098361190735	0.1499040999999579	epochs	3.0
615.2597402190735	0.28512530000000424	epochs	2.0
615.2597402190735	0.1449020999999675	epochs	3.0
615.4046423190734	0.14022320000003674	epochs	3.0
615.5448655190735	0.2675537999999733	epochs	2.0
615.5448655190735	0.1358368999999584	epochs	3.0
615.6807024190734	0.1317169000000149	epochs	3.0
615.8124193190735	0.2520229000000427	epochs	2.0
615.8124193190735	0.1278393000000051	epochs	3.0
615.9402586190735	0.12418360000003759	epochs	3.0
616.0644422190735	0.23819649999995818	epochs	2.0
616.0644422190735	0.12073109999994358	epochs	3.0
616.1851733190734	0.1174654000000146	epochs	3.0
616.3026387190735	0.2258087999999816	epochs	2.0
616.3026387190735	0.11437190000003739	epochs	3.0
616.4170106190735	0.11143689999994422	epochs	3.0
616.5284475190734	0.2146460000000161	epochs	2.0
616.5284475190734	0.10864890000004834	epochs	3.0
616.6370964190735	0.10599709999996776	epochs	3.0
616.7430935190735	0.20453500000007807	epochs	2.0
616.7430935190735	0.10347150000006877	epochs	3.0
616.8465650190735	0.1010635000000093	epochs	3.0
616.9476285190735	0.19533400000000256	epochs	2.0
616.9476285190735	0.09876509999992322	epochs	3.0
617.0463936190735	0.09656890000007934	epochs	3.0
617.1429625190735	0.18692529999998442	epochs	2.0
617.1429625190735	0.09446829999990314	epochs	3.0
617.2374308190734	0.09245700000008128	epochs	3.0
617.3298878190735	0.17921069999999872	epochs	2.0
617.3298878190735	0.09052959999996801	epochs	3.0
617.4204174190735	0.08868110000003071	epochs	3.0
617.5090985190735	0.17210769999996955	epochs	2.0
617.5090985190735	0.08690630000000965	epochs	3.0
617.5960048190735	0.0852013999999599	epochs	3.0
617.6812062190735	0.16554640000003928	epochs	2.0
617.6812062190735	0.08356189999994967	epochs	3.0
617.7647681190734	0.08198450000008961	epochs	3.0
617.8467526190735	0.15946709999991526	epochs	2.0
617.8467526190735	0.08046539999998004	epochs	3.0
617.9272180190735	0.07900169999993523	epochs	3.0
618.0062197190734	0.15381840000009106	epochs	2.0
618.0062197190734	0.07759010000006583	epochs	3.0
618.0838098190735	0.07622830000002523	epochs	3.0
618.1600381190735	0.14855639999996129	epochs	2.0
618.1600381190735	0.07491329999993468	epochs	3.0
618.2349514190735	0.0736431000000266	epochs	3.0
618.3085945190735	0.14364239999997608	epochs	2.0
618.3085945190735	0.07241499999997814	epochs	3.0
618.3810095190735	0.07122739999999794	epochs	3.0
618.4522369190735	0.13904309999998077	epochs	2.0
618.4522369190735	0.07007799999996678	epochs	3.0
618.5223149190734	0.06896510000001399	epochs	3.0
618.5912800190735	0.1347293000000036	epochs	2.0
618.5912800190735	0.0678871000000072	epochs	3.0
618.6591671190735	0.06684219999999641	epochs	3.0
618.7260093190735	0.1306752000000415	epochs	2.0
618.7260093190735	0.06582909999997355	epochs	3.0
618.7918384190734	0.06484610000006796	epochs	3.0
618.8566845190735	0.12685780000003888	epochs	2.0
618.8566845190735	0.06389200000000983	epochs	3.0
618.9205765190735	0.06296580000002905	epochs	3.0
618.9835423190735	0.12325719999989815	epochs	2.0
618.9835423190735	0.062065799999913907	epochs	3.0
619.0456081190734	0.06119139999998424	epochs	3.0
619.1067995190734	0.11985540000000583	epochs	2.0
619.1067995190734	0.06034110000007331	epochs	3.0
619.1671406190735	0.05951429999993252	epochs	3.0
619.2266549190734	0.11663620000001629	epochs	2.0
619.2266549190734	0.05870960000004288	epochs	3.0
619.2853645190735	0.057926599999973405	epochs	3.0
619.3432911190735	0.11358560000007856	epochs	2.0
619.3432911190735	0.05716419999998834	epochs	3.0
619.4004553190734	0.056421400000090216	epochs	3.0
619.4568767190735	0.11069049999991876	epochs	2.0
619.4568767190735	0.05569789999992736	epochs	3.0
619.5125746190735	0.0549925999999914	epochs	3.0
619.5675672190735	0.1079391000000669	epochs	2.0
619.5675672190735	0.05430490000003374	epochs	3.0
619.6218721190735	0.05363420000003316	epochs	3.0
619.6755063190735	0.10532149999994544	epochs	2.0
619.6755063190735	0.05297999999993408	epochs	3.0
619.7284863190735	0.052341500000011365	epochs	3.0
619.7808278190735	0.10282760000006874	epochs	2.0
619.7808278190735	0.05171810000001642	epochs	3.0
619.8325459190735	0.05110950000005232	epochs	3.0
619.8836554190735	0.10044909999999163	epochs	2.0
619.8836554190735	0.05051489999993919	epochs	3.0
619.9341703190735	0.04993420000005244	epochs	3.0
619.9841045190735	0.0981782999999723	epochs	2.0
619.9841045190735	0.04936659999998483	epochs	3.0
620.0334711190735	0.04881169999998747	epochs	3.0
620.0822828190735	0.09600779999993847	epochs	2.0
620.0822828190735	0.04826919999993606	epochs	3.0
620.1305520190734	0.04773860000000241	epochs	3.0
620.1782906190734	0.09393120000004274	epochs	2.0
620.1782906190734	0.04721950000009656	epochs	3.0
620.2255101190735	0.04671169999994618	epochs	3.0
620.2722218190735	0.09194260000003851	epochs	2.0
620.2722218190735	0.046214599999984785	epochs	3.0
620.3184364190735	0.045728000000053726	epochs	3.0
620.3641644190735	0.09003629999995155	epochs	2.0
620.3641644190735	0.045251499999949374	epochs	3.0
620.4094159190735	0.04478480000000218	epochs	3.0
620.4542007190735	0.08820760000003247	epochs	2.0
620.4542007190735	0.044327800000019124	epochs	3.0
620.4985285190735	0.04387980000001335	epochs	3.0
620.5424083190735	0.0864516999999978	epochs	2.0
620.5424083190735	0.04344100000002982	epochs	3.0
620.5858493190735	0.04301069999996798	epochs	3.0
620.6288600190735	0.08476429999996071	epochs	2.0
620.6288600190735	0.04258900000002086	epochs	3.0
620.6714490190735	0.04217529999993985	epochs	3.0
620.7136243190735	0.08314150000001064	epochs	2.0
620.7136243190735	0.04176970000003166	epochs	3.0
620.7553940190735	0.041371799999978975	epochs	3.0
620.7967658190735	0.08157970000002024	epochs	2.0
620.7967658190735	0.040981399999964196	epochs	3.0
620.8377472190734	0.04059830000005604	epochs	3.0
620.8783455190735	0.08007550000002084	epochs	2.0
620.8783455190735	0.04022229999998217	epochs	3.0
620.9185678190735	0.03985320000003867	epochs	3.0
620.9584210190735	0.07862569999997504	epochs	2.0
620.9584210190735	0.0394907999999532	epochs	3.0
620.9979118190735	0.039134900000021844	epochs	3.0
621.0370467190735	0.07722760000001472	epochs	2.0
621.0370467190735	0.038785400000051595	epochs	3.0
621.0758321190735	0.03844219999996312	epochs	3.0
621.1142743190735	0.07587820000003376	epochs	2.0
621.1142743190735	0.03810479999992822	epochs	3.0
621.1523791190734	0.03777340000010554	epochs	3.0
621.1901525190735	0.07457519999991291	epochs	2.0
621.1901525190735	0.03744769999991604	epochs	3.0
621.2276002190735	0.03712749999999687	epochs	3.0
621.2647277190734	0.07331629999998768	epochs	2.0
621.2647277190734	0.0368129000000863	epochs	3.0
621.3015406190735	0.036503399999901376	epochs	3.0
621.3380440190734	0.07209900000009384	epochs	2.0
621.3380440190734	0.03619910000008986	epochs	3.0
621.3742431190735	0.03589990000000398	epochs	3.0
621.4101430190735	0.07092169999998532	epochs	2.0
621.4101430190735	0.03560559999993984	epochs	3.0
621.4457486190735	0.03531610000004548	epochs	3.0
621.4810647190735	0.0697819999999183	epochs	2.0
621.4810647190735	0.03503119999993487	epochs	3.0
621.5160959190735	0.03475079999998343	epochs	3.0
621.5508467190734	0.06867859999999837	epochs	2.0
621.5508467190734	0.03447510000000875	epochs	3.0
621.5853218190734	0.03420349999998962	epochs	3.0
621.6195253190734	0.06760930000007193	epochs	2.0
621.6195253190734	0.03393620000008468	epochs	3.0
621.6534615190735	0.033673099999987244	epochs	3.0
621.6871346190735	0.06657289999998284	epochs	2.0
621.6871346190735	0.03341399999999339	epochs	3.0
621.7205486190735	0.033158899999989444	epochs	3.0
621.7537075190735	0.06556780000005347	epochs	2.0
621.7537075190735	0.032907700000009754	epochs	3.0
621.7866152190735	0.03266010000004371	epochs	3.0
621.8192753190735	0.06459259999996902	epochs	2.0
621.8192753190735	0.032416399999988244	epochs	3.0
621.8516917190735	0.03217619999998078	epochs	3.0
621.8838679190735	0.0636459999999488	epochs	2.0
621.8838679190735	0.03193959999998697	epochs	3.0
621.9158075190735	0.03170639999996183	epochs	3.0
621.9475139190735	0.0627266999999847	epochs	2.0
621.9475139190735	0.03147660000001906	epochs	3.0
621.9789905190735	0.03125009999996564	epochs	3.0
622.0102406190734	0.06183359999999993	epochs	2.0
622.0102406190734	0.031026900000028945	epochs	3.0
622.0412675190735	0.030806699999970988	epochs	3.0
622.0720742190734	0.06096560000003137	epochs	2.0
622.0720742190734	0.030589800000029754	epochs	3.0
622.1026640190735	0.030375800000001618	epochs	3.0
622.1330398190735	0.06012160000000222	epochs	2.0
622.1330398190735	0.030164900000045236	epochs	3.0
622.1632047190735	0.02995669999995698	epochs	3.0
622.1931614190735	0.05930069999999432	epochs	2.0
622.1931614190735	0.029751600000054168	epochs	3.0
622.2229130190735	0.029549099999940154	epochs	3.0
622.2524621190735	0.05850180000004457	epochs	2.0
622.2524621190735	0.02934940000000097	epochs	3.0
622.2818115190735	0.0291524000000436	epochs	3.0
622.3109639190735	0.05772419999993872	epochs	2.0
622.3109639190735	0.028957999999988715	epochs	3.0
622.3399219190735	0.028766199999950004	epochs	3.0
622.3686881190735	0.05696710000006533	epochs	2.0
622.3686881190735	0.028577000000041153	epochs	3.0
622.3972651190735	0.028390100000024177	epochs	3.0
622.4256552190735	0.05622949999997218	epochs	2.0
622.4256552190735	0.028205699999944045	epochs	3.0
622.4538609190735	0.028023800000028132	epochs	3.0
622.4818847190735	0.05551070000001346	epochs	2.0
622.4818847190735	0.027843999999959124	epochs	3.0
622.5097287190735	0.027666700000054334	epochs	3.0
622.5373954190735	0.054810200000019904	epochs	2.0
622.5373954190735	0.02749149999999645	epochs	3.0
622.5648869190735	0.027318700000023455	epochs	3.0
622.5922056190735	0.05412699999999404	epochs	2.0
622.5922056190735	0.027147799999966082	epochs	3.0
622.6193534190735	0.02697920000002796	epochs	3.0
622.6463326190735	0.053460699999959616	epochs	2.0
622.6463326190735	0.0268125999999711	epochs	3.0
622.6731452190735	0.026648099999988517	epochs	3.0
622.6997933190735	0.05281070000000909	epochs	2.0
622.6997933190735	0.026485600000000886	epochs	3.0
622.7262789190735	0.026325100000008206	epochs	3.0
622.7526040190735	0.05217619999996259	epochs	2.0
622.7526040190735	0.026166399999965506	epochs	3.0
622.7787704190735	0.026009799999997085	epochs	3.0
622.8047802190735	0.051556699999991906	epochs	2.0
622.8047802190735	0.025854800000047362	epochs	3.0
622.8306350190735	0.025701899999944544	epochs	3.0
622.8563369190734	0.050951900000086425	epochs	2.0
622.8563369190734	0.02555070000005344	epochs	3.0
622.8818876190735	0.025401200000032986	epochs	3.0
622.9072888190735	0.05036099999995258	epochs	2.0
622.9072888190735	0.025253499999962514	epochs	3.0
622.9325423190735	0.02510749999999007	epochs	3.0
622.9576498190735	0.049783800000000156	epochs	2.0
622.9576498190735	0.02496320000000196	epochs	3.0
622.9826130190735	0.024820599999998194	epochs	3.0
623.0074336190735	0.049219500000049266	epochs	2.0
623.0074336190735	0.024679399999968155	epochs	3.0
623.0321130190734	0.02454010000008111	epochs	3.0
623.0566531190735	0.048667899999941255	epochs	2.0
623.0566531190735	0.02440209999997478	epochs	3.0
623.0810552190735	0.024265799999966475	epochs	3.0
623.1053210190735	0.04812860000004093	epochs	2.0
623.1053210190735	0.024131000000011227	epochs	3.0
623.1294520190735	0.023997600000029706	epochs	3.0
623.1534496190735	0.04760109999995166	epochs	2.0
623.1534496190735	0.023865799999953197	epochs	3.0
623.1773154190735	0.02373529999999846	epochs	3.0
623.2010507190735	0.047085000000038235	epochs	2.0
623.2010507190735	0.023606299999983094	epochs	3.0
623.2246570190734	0.02347870000005514	epochs	3.0
623.2481357190735	0.046579999999948996	epochs	2.0
623.2481357190735	0.02335249999998723	epochs	3.0
623.2714882190735	0.023227499999961765	epochs	3.0
623.2947157190735	0.046085700000048746	epochs	2.0
623.2947157190735	0.023103999999989355	epochs	3.0
623.3178197190734	0.02298170000005939	epochs	3.0
623.3408014190735	0.045601799999985815	epochs	2.0
623.3408014190735	0.022860700000023826	epochs	3.0
623.3636621190735	0.02274109999996199	epochs	3.0
623.3864032190735	0.04512790000001132	epochs	2.0
623.3864032190735	0.022622500000011314	epochs	3.0
623.4090257190735	0.02250540000000001	epochs	3.0
623.4315311190735	0.044663799999966614	epochs	2.0
623.4315311190735	0.02238929999998618	epochs	3.0
623.4539204190735	0.022274499999980435	epochs	3.0
623.4761949190735	0.04420920000006845	epochs	2.0
623.4761949190735	0.022160800000051495	epochs	3.0
623.4983557190735	0.022048400000016954	epochs	3.0
623.5204041190735	0.04376359999992019	epochs	2.0
623.5204041190735	0.02193689999990056	epochs	3.0
623.5423410190734	0.021826700000019628	epochs	3.0
623.5641677190735	0.04332710000005591	epochs	2.0
623.5641677190735	0.021717599999988124	epochs	3.0
623.5858853190734	0.021609500000067783	epochs	3.0
623.6074948190735	0.04289900000003399	epochs	2.0
623.6074948190735	0.02150249999999687	epochs	3.0
623.6289973190735	0.021396500000037122	epochs	3.0
623.6503938190735	0.04247949999989942	epochs	2.0
623.6503938190735	0.021291699999892444	epochs	3.0
623.6716855190734	0.021187800000006973	epochs	3.0
623.6928733190734	0.042067900000006375	epochs	2.0
623.6928733190734	0.02108490000000529	epochs	3.0
623.7139582190734	0.020983000000001084	epochs	3.0
623.7349412190734	0.04166440000005878	epochs	2.0
623.7349412190734	0.02088220000007368	epochs	3.0
623.7558234190735	0.020782199999985096	epochs	3.0
623.7766056190735	0.04126850000000104	epochs	2.0
623.7766056190735	0.020683299999973315	epochs	3.0
623.7972889190735	0.020585200000027726	epochs	3.0
623.8178741190735	0.04088000000001557	epochs	2.0
623.8178741190735	0.020488099999965925	epochs	3.0
623.8383622190735	0.020391900000049645	epochs	3.0
623.8587541190735	0.04049879999990935	epochs	2.0
623.8587541190735	0.020296599999937825	epochs	3.0
623.8790507190735	0.020202199999971526	epochs	3.0
623.8992529190734	0.04012460000001283	epochs	2.0
623.8992529190734	0.02010870000003706	epochs	3.0
623.9193616190735	0.020015899999975773	epochs	3.0
623.9393775190734	0.03975730000001931	epochs	2.0
623.9393775190734	0.019924199999991288	epochs	3.0
623.9593017190734	0.019833100000028026	epochs	3.0
623.9791348190735	0.03939669999999751	epochs	2.0
623.9791348190735	0.01974300000006224	epochs	3.0
623.9988778190735	0.01965369999993527	epochs	3.0
624.0185315190735	0.03904239999997117	epochs	2.0
624.0185315190735	0.01956510000002254	epochs	3.0
624.0380966190735	0.019477299999948627	epochs	3.0
624.0575739190734	0.038694600000098944	epochs	2.0
624.0575739190734	0.019390400000020236	epochs	3.0
624.0769643190735	0.01930420000007871	epochs	3.0
624.0962685190735	0.03835289999994984	epochs	2.0
624.0962685190735	0.019218799999976	epochs	3.0
624.1154873190735	0.01913409999997384	epochs	3.0
624.1346214190735	0.03801720000001296	epochs	2.0
624.1346214190735	0.019050200000037876	epochs	3.0
624.1536716190735	0.018966999999975087	epochs	3.0
624.1726386190735	0.03768719999993664	epochs	2.0
624.1726386190735	0.01888450000001285	epochs	3.0
624.1915231190735	0.01880269999992379	epochs	3.0
624.2103258190734	0.0373631000001069	epochs	2.0
624.2103258190734	0.018721700000014607	epochs	3.0
624.2290475190734	0.01864140000009229	epochs	3.0
624.2476889190735	0.03704429999993408	epochs	2.0
624.2476889190735	0.01856159999999818	epochs	3.0
624.2662505190735	0.018482699999935903	epochs	3.0
624.2847332190735	0.0367310000000316	epochs	2.0
624.2847332190735	0.018404300000042895	epochs	3.0
624.3031375190735	0.018326699999988705	epochs	3.0
624.3214642190735	0.03642289999993409	epochs	2.0
624.3214642190735	0.018249599999990096	epochs	3.0
624.3397138190735	0.018173299999943993	epochs	3.0
624.3578871190734	0.03612010000006194	epochs	2.0
624.3578871190734	0.0180976000000328	epochs	3.0
624.3759847190735	0.01802250000002914	epochs	3.0
624.3940072190735	0.03582210000001851	epochs	2.0
624.3940072190735	0.017947899999967376	epochs	3.0
624.4119551190735	0.017874200000051133	epochs	3.0
624.4298293190735	0.03552899999999681	epochs	2.0
624.4298293190735	0.017800799999918127	epochs	3.0
624.4476301190734	0.017728200000078687	epochs	3.0
624.4653583190735	0.035240699999917524	epochs	2.0
624.4653583190735	0.017656099999953767	epochs	3.0
624.4830144190735	0.017584599999963757	epochs	3.0
624.5005990190734	0.034957100000042374	epochs	2.0
624.5005990190734	0.017513700000108656	epochs	3.0
624.5181127190735	0.017443399999933717	epochs	3.0
624.5355561190735	0.03467790000001969	epochs	2.0
624.5355561190735	0.017373600000041733	epochs	3.0
624.5529297190735	0.017304299999977957	epochs	3.0
624.5702340190735	0.03440330000000813	epochs	2.0
624.5702340190735	0.01723570000001473	epochs	3.0
624.5874697190735	0.0171675999999934	epochs	3.0
624.6046373190735	0.03413279999995211	epochs	2.0
624.6046373190735	0.01709989999994832	epochs	3.0
624.6217372190735	0.017032900000003792	epochs	3.0
624.6387701190735	0.033866699999975935	epochs	2.0
624.6387701190735	0.01696640000000116	epochs	3.0
624.6557365190735	0.016900299999974777	epochs	3.0
624.6726368190734	0.033604600000103346	epochs	2.0
624.6726368190734	0.016834800000083305	epochs	3.0
624.6894716190735	0.01676980000002004	epochs	3.0
624.7062414190735	0.033346599999958926	epochs	2.0
624.7062414190735	0.01670529999989867	epochs	3.0
624.7229467190734	0.016641300000060255	epochs	3.0
624.7395880190735	0.03309249999995245	epochs	2.0
624.7395880190735	0.01657779999993636	epochs	3.0
624.7561658190734	0.01651470000001609	epochs	3.0
624.7726805190734	0.032842300000083924	epochs	2.0
624.7726805190734	0.01645220000000336	epochs	3.0
624.7891327190735	0.016390100000080565	epochs	3.0
624.8055228190735	0.03259570000000167	epochs	2.0
624.8055228190735	0.01632839999990665	epochs	3.0
624.8218512190734	0.01626730000009502	epochs	3.0
624.8381185190735	0.032352899999978035	epochs	2.0
624.8381185190735	0.01620659999991858	epochs	3.0
624.8543251190735	0.016146300000059455	epochs	3.0
624.8704714190735	0.03211369999996805	epochs	2.0
624.8704714190735	0.016086599999994178	epochs	3.0
624.8865580190735	0.01602709999997387	epochs	3.0
624.9025851190735	0.03187800000000607	epochs	2.0
624.9025851190735	0.015968199999974786	epochs	3.0
624.9185533190735	0.015909800000031282	epochs	3.0
624.9344631190735	0.031645700000012766	epochs	2.0
624.9344631190735	0.01585160000001906	epochs	3.0
624.9503147190735	0.015794099999993705	epochs	3.0
624.9661088190735	0.0314167000000225	epochs	2.0
624.9661088190735	0.01573669999993399	epochs	3.0
624.9818455190734	0.015680000000088512	epochs	3.0
624.9975255190735	0.031191100000000915	epochs	2.0
624.9975255190735	0.015623599999912585	epochs	3.0
625.0131491190734	0.01556750000008833	epochs	3.0
625.0287166190735	0.030968700000016725	epochs	2.0
625.0287166190735	0.015511999999944237	epochs	3.0
625.0442286190735	0.015456700000072487	epochs	3.0
625.0596853190735	0.030749499999956242	epochs	2.0
625.0596853190735	0.015401999999994587	epochs	3.0
625.0750873190735	0.015347499999961656	epochs	3.0
625.0904348190735	0.03053320000003623	epochs	2.0
625.0904348190735	0.015293400000018664	epochs	3.0
625.1057282190735	0.015239800000017567	epochs	3.0
625.1209680190735	0.030320099999926242	epochs	2.0
625.1209680190735	0.015186499999913394	epochs	3.0
625.1361545190734	0.015133600000012848	epochs	3.0
625.1512881190735	0.03010990000007041	epochs	2.0
625.1512881190735	0.015081000000009226	epochs	3.0
625.1663691190735	0.015028900000061185	epochs	3.0
625.1813980190735	0.029902499999934662	epochs	2.0
625.1813980190735	0.01497699999993074	epochs	3.0
625.1963750190735	0.014925500000003922	epochs	3.0
625.2113005190735	0.029698100000018712	epochs	2.0
625.2113005190735	0.014874400000053356	epochs	3.0
625.2261749190735	0.014823699999965356	epochs	3.0
625.2409986190735	0.02949630000000525	epochs	2.0
625.2409986190735	0.014773200000036013	epochs	3.0
625.2557718190735	0.014723099999969236	epochs	3.0
625.2704949190735	0.02929740000001857	epochs	2.0
625.2704949190735	0.014673399999992398	epochs	3.0
625.2851683190735	0.014624000000026172	epochs	3.0
625.2997923190735	0.029101099999934377	epochs	2.0
625.2997923190735	0.01457489999995687	epochs	3.0
625.3143672190735	0.014526199999977507	epochs	3.0
625.3288934190734	0.02890740000009373	epochs	2.0
625.3288934190734	0.014477700000043114	epochs	3.0
625.3433711190735	0.014429700000050616	epochs	3.0
625.3578008190735	0.028716199999962555	epochs	2.0
625.3578008190735	0.014381799999910072	epochs	3.0
625.3721826190734	0.014334400000052483	epochs	3.0
625.3865170190735	0.02852759999996124	epochs	2.0
625.3865170190735	0.01428720000001249	epochs	3.0
625.4008042190735	0.01424039999994875	epochs	3.0
625.4150446190735	0.028341400000044814	epochs	2.0
625.4150446190735	0.014193800000043666	epochs	3.0
625.4292384190735	0.014147600000001148	epochs	3.0
625.4433860190735	0.028157699999951546	epochs	2.0
625.4433860190735	0.014101699999969242	epochs	3.0
625.4574877190735	0.014055999999982305	epochs	3.0
625.4715437190735	0.027976300000091214	epochs	2.0
625.4715437190735	0.01401060000000598	epochs	3.0
625.4855543190735	0.013965700000085235	epochs	3.0
625.4995200190735	0.027797199999895383	epochs	2.0
625.4995200190735	0.013920799999937117	epochs	3.0
625.5134408190735	0.013876399999958267	epochs	3.0
625.5273172190734	0.027620400000046175	epochs	2.0
625.5273172190734	0.013832200000024386	epochs	3.0
625.5411494190735	0.013788200000021789	epochs	3.0
625.5549376190735	0.027445899999975154	epochs	2.0
625.5549376190735	0.013744599999995444	epochs	3.0
625.5686822190735	0.01370129999997971	epochs	3.0
625.5823835190735	0.027273499999978412	epochs	2.0
625.5823835190735	0.013658200000008947	epochs	3.0
625.5960417190735	0.013615299999969466	epochs	3.0
625.6096570190734	0.02710340000010092	epochs	2.0
625.6096570190734	0.013572800000019924	epochs	3.0
625.6232298190735	0.013530600000080995	epochs	3.0
625.6367604190735	0.026935199999911674	epochs	2.0
625.6367604190735	0.01348839999991469	epochs	3.0
625.6502488190735	0.013446799999996983	epochs	3.0
625.6636956190735	0.026769199999989723	epochs	2.0
625.6636956190735	0.013405200000079276	epochs	3.0
625.6771008190735	0.013363999999910448	epochs	3.0
625.6904648190734	0.026605200000062723	epochs	2.0
625.6904648190734	0.013322900000048321	epochs	3.0
625.7037877190735	0.013282300000014402	epochs	3.0
625.7170700190735	0.026443200000016986	epochs	2.0
625.7170700190735	0.013241699999980483	epochs	3.0
625.7303117190735	0.013201500000036503	epochs	3.0
625.7435132190735	0.0262831999999662	epochs	2.0
625.7435132190735	0.013161500000023807	epochs	3.0
625.7566747190735	0.013121699999942393	epochs	3.0
625.7697964190735	0.02612499999997908	epochs	2.0
625.7697964190735	0.013082100000019636	epochs	3.0
625.7828785190735	0.013042899999959445	epochs	3.0
625.7959214190735	0.025968900000066242	epochs	2.0
625.7959214190735	0.01300390000005791	epochs	3.0
625.8089253190735	0.012965000000008331	epochs	3.0
625.8218903190735	0.025814499999910367	epochs	2.0
625.8218903190735	0.012926399999969362	epochs	3.0
625.8348167190735	0.012888099999941005	epochs	3.0
625.8477048190734	0.025661900000045534	epochs	2.0
625.8477048190734	0.012849899999991976	epochs	3.0
625.8605547190734	0.012812000000053558	epochs	3.0
625.8733667190735	0.025511199999982637	epochs	2.0
625.8733667190735	0.012774400000012065	epochs	3.0
625.8861411190735	0.012736799999970572	epochs	3.0
625.8988779190735	0.025362299999983406	epochs	2.0
625.8988779190735	0.01269969999998466	epochs	3.0
625.9115776190735	0.012662599999998747	epochs	3.0
625.9242402190735	0.025215000000002874	epochs	2.0
625.9242402190735	0.012625800000023446	epochs	3.0
625.9368660190735	0.012589199999979428	epochs	3.0
625.9494552190735	0.024584800000070572	epochs	2.0
625.9704476190735	0.5	epochs	-1.0
625.9740400190735	0.5412799999999152	epochs	1.0
626.5153200190734	0.45864000000005944	epochs	0.0
627.4930000305176	0.11904000000004089	epochs	0.0
627.4930000305176	0.054520300000035604	epochs	1.0
627.5475203305176	0.009999399999969683	epochs	1.0
627.5575197305176	0.054520300000035604	epochs	1.0
627.6120400305176	2.0	epochs	0.0
629.6120400305176	21.540880000000016	epochs	0.0
629.6120400305176	1.0	epochs	1.0
629.6120476305176	0.5	epochs	-1.0
630.1120476305176	19.996399999999994	epochs	-1.0
630.6120400305176	20.0	epochs	1.0
630.6120400305176	4.356753899999944	epochs	-1.0
630.6120400305176	1.9745871999999736	epochs	2.0
630.6120400305176	1.0985621999999466	epochs	3.0
631.7106022305176	0.8760250000000269	epochs	3.0
632.5866272305176	1.3524075000000266	epochs	2.0
632.5866272305176	0.7286354999999958	epochs	3.0
633.3152627305176	0.6237720000000309	epochs	3.0
633.9390347305176	1.029759199999944	epochs	2.0
633.9390347305176	0.5453292999999348	epochs	3.0
634.4843640305176	0.4844299000000092	epochs	3.0
634.9687939305176	0.8317862000000105	epochs	2.0
634.9687939305176	0.4357763000000432	epochs	3.0
635.4045702305176	0.3960098999999673	epochs	3.0
635.8005801305176	0.6977970000000369	epochs	2.0
635.8005801305176	0.3628982000000178	epochs	3.0
636.1634783305176	0.33489880000001904	epochs	3.0
636.4983771305176	0.601045699999986	epochs	2.0
636.4983771305176	0.3109122999999272	epochs	3.0
636.8092894305175	0.2901334000000588	epochs	3.0
637.0994228305176	0.5278859000000011	epochs	2.0
637.0994228305176	0.2719585999999481	epochs	3.0
637.3713814305175	0.25592730000005304	epochs	3.0
637.6273087305176	0.470619299999953	epochs	2.0
637.6273087305176	0.241681299999982	epochs	3.0
637.8689900305176	0.228937999999971	epochs	3.0
638.0979280305176	0.42457039999999324	epochs	2.0
638.0979280305176	0.21747140000002219	epochs	3.0
638.3153994305176	0.20709899999997106	epochs	3.0
638.5224984305175	0.3867354000000205	epochs	2.0
638.5224984305175	0.19767109999997956	epochs	3.0
638.7201695305175	0.18906430000004093	epochs	3.0
638.9092338305176	0.3550953000000163	epochs	2.0
638.9092338305176	0.18117589999997108	epochs	3.0
639.0904097305175	0.17391940000004524	epochs	3.0
639.2643291305176	0.3282431000000088	epochs	2.0
639.2643291305176	0.16722189999995862	epochs	3.0
639.4315510305175	0.16102120000005016	epochs	3.0
639.5925722305176	0.30516799999998057	epochs	2.0
639.5925722305176	0.15526390000002266	epochs	3.0
639.7478361305176	0.1499040999999579	epochs	3.0
639.8977402305176	0.28512530000000424	epochs	2.0
639.8977402305176	0.1449020999999675	epochs	3.0
640.0426423305175	0.14022320000003674	epochs	3.0
640.1828655305176	0.2675537999999733	epochs	2.0
640.1828655305176	0.1358368999999584	epochs	3.0
640.3187024305175	0.1317169000000149	epochs	3.0
640.4504193305175	0.2520229000000427	epochs	2.0
640.4504193305175	0.1278393000000051	epochs	3.0
640.5782586305176	0.12418360000003759	epochs	3.0
640.7024422305176	0.23819649999995818	epochs	2.0
640.7024422305176	0.12073109999994358	epochs	3.0
640.8231733305175	0.1174654000000146	epochs	3.0
640.9406387305175	0.2258087999999816	epochs	2.0
640.9406387305175	0.11437190000003739	epochs	3.0
641.0550106305176	0.11143689999994422	epochs	3.0
641.1664475305175	0.2146460000000161	epochs	2.0
641.1664475305175	0.10864890000004834	epochs	3.0
641.2750964305176	0.10599709999996776	epochs	3.0
641.3810935305175	0.20453500000007807	epochs	2.0
641.3810935305175	0.10347150000006877	epochs	3.0
641.4845650305176	0.1010635000000093	epochs	3.0
641.5856285305176	0.19533400000000256	epochs	2.0
641.5856285305176	0.09876509999992322	epochs	3.0
641.6843936305175	0.09656890000007934	epochs	3.0
641.7809625305176	0.18692529999998442	epochs	2.0
641.7809625305176	0.09446829999990314	epochs	3.0
641.8754308305175	0.09245700000008128	epochs	3.0
641.9678878305176	0.17921069999999872	epochs	2.0
641.9678878305176	0.09052959999996801	epochs	3.0
642.0584174305176	0.08868110000003071	epochs	3.0
642.1470985305176	0.17210769999996955	epochs	2.0
642.1470985305176	0.08690630000000965	epochs	3.0
642.2340048305176	0.0852013999999599	epochs	3.0
642.3192062305176	0.16554640000003928	epochs	2.0
642.3192062305176	0.08356189999994967	epochs	3.0
642.4027681305175	0.08198450000008961	epochs	3.0
642.4847526305176	0.15946709999991526	epochs	2.0
642.4847526305176	0.08046539999998004	epochs	3.0
642.5652180305176	0.07900169999993523	epochs	3.0
642.6442197305175	0.15381840000009106	epochs	2.0
642.6442197305175	0.07759010000006583	epochs	3.0
642.7218098305176	0.07622830000002523	epochs	3.0
642.7980381305176	0.14855639999996129	epochs	2.0
642.7980381305176	0.07491329999993468	epochs	3.0
642.8729514305176	0.0736431000000266	epochs	3.0
642.9465945305176	0.14364239999997608	epochs	2.0
642.9465945305176	0.07241499999997814	epochs	3.0
643.0190095305176	0.07122739999999794	epochs	3.0
643.0902369305176	0.13904309999998077	epochs	2.0
643.0902369305176	0.07007799999996678	epochs	3.0
643.1603149305175	0.06896510000001399	epochs	3.0
643.2292800305175	0.1347293000000036	epochs	2.0
643.2292800305175	0.0678871000000072	epochs	3.0
643.2971671305176	0.06684219999999641	epochs	3.0
643.3640093305175	0.1306752000000415	epochs	2.0
643.3640093305175	0.06582909999997355	epochs	3.0
643.4298384305175	0.06484610000006796	epochs	3.0
643.4946845305176	0.12685780000003888	epochs	2.0
643.4946845305176	0.06389200000000983	epochs	3.0
643.5585765305176	0.06296580000002905	epochs	3.0
643.6215423305176	0.12325719999989815	epochs	2.0
643.6215423305176	0.062065799999913907	epochs	3.0
643.6836081305175	0.06119139999998424	epochs	3.0
643.7447995305175	0.11985540000000583	epochs	2.0
643.7447995305175	0.06034110000007331	epochs	3.0
643.8051406305176	0.05951429999993252	epochs	3.0
643.8646549305175	0.11663620000001629	epochs	2.0
643.8646549305175	0.05870960000004288	epochs	3.0
643.9233645305176	0.057926599999973405	epochs	3.0
643.9812911305175	0.11358560000007856	epochs	2.0
643.9812911305175	0.05716419999998834	epochs	3.0
644.0384553305175	0.056421400000090216	epochs	3.0
644.0948767305176	0.11069049999991876	epochs	2.0
644.0948767305176	0.05569789999992736	epochs	3.0
644.1505746305176	0.0549925999999914	epochs	3.0
644.2055672305175	0.1079391000000669	epochs	2.0
644.2055672305175	0.05430490000003374	epochs	3.0
644.2598721305176	0.05363420000003316	epochs	3.0
644.3135063305176	0.10532149999994544	epochs	2.0
644.3135063305176	0.05297999999993408	epochs	3.0
644.3664863305175	0.052341500000011365	epochs	3.0
644.4188278305176	0.10282760000006874	epochs	2.0
644.4188278305176	0.05171810000001642	epochs	3.0
644.4705459305176	0.05110950000005232	epochs	3.0
644.5216554305176	0.10044909999999163	epochs	2.0
644.5216554305176	0.05051489999993919	epochs	3.0
644.5721703305176	0.04993420000005244	epochs	3.0
644.6221045305176	0.0981782999999723	epochs	2.0
644.6221045305176	0.04936659999998483	epochs	3.0
644.6714711305176	0.04881169999998747	epochs	3.0
644.7202828305176	0.09600779999993847	epochs	2.0
644.7202828305176	0.04826919999993606	epochs	3.0
644.7685520305175	0.04773860000000241	epochs	3.0
644.8162906305175	0.09393120000004274	epochs	2.0
644.8162906305175	0.04721950000009656	epochs	3.0
644.8635101305176	0.04671169999994618	epochs	3.0
644.9102218305176	0.09194260000003851	epochs	2.0
644.9102218305176	0.046214599999984785	epochs	3.0
644.9564364305176	0.045728000000053726	epochs	3.0
645.0021644305176	0.09003629999995155	epochs	2.0
645.0021644305176	0.045251499999949374	epochs	3.0
645.0474159305176	0.04478480000000218	epochs	3.0
645.0922007305176	0.08820760000003247	epochs	2.0
645.0922007305176	0.044327800000019124	epochs	3.0
645.1365285305176	0.04387980000001335	epochs	3.0
645.1804083305176	0.0864516999999978	epochs	2.0
645.1804083305176	0.04344100000002982	epochs	3.0
645.2238493305176	0.04301069999996798	epochs	3.0
645.2668600305176	0.08476429999996071	epochs	2.0
645.2668600305176	0.04258900000002086	epochs	3.0
645.3094490305176	0.04217529999993985	epochs	3.0
645.3516243305176	0.08314150000001064	epochs	2.0
645.3516243305176	0.04176970000003166	epochs	3.0
645.3933940305176	0.041371799999978975	epochs	3.0
645.4347658305176	0.08157970000002024	epochs	2.0
645.4347658305176	0.040981399999964196	epochs	3.0
645.4757472305175	0.04059830000005604	epochs	3.0
645.5163455305176	0.08007550000002084	epochs	2.0
645.5163455305176	0.04022229999998217	epochs	3.0
645.5565678305176	0.03985320000003867	epochs	3.0
645.5964210305176	0.07862569999997504	epochs	2.0
645.5964210305176	0.0394907999999532	epochs	3.0
645.6359118305176	0.039134900000021844	epochs	3.0
645.6750467305176	0.07722760000001472	epochs	2.0
645.6750467305176	0.038785400000051595	epochs	3.0
645.7138321305176	0.03844219999996312	epochs	3.0
645.7522743305176	0.07587820000003376	epochs	2.0
645.7522743305176	0.03810479999992822	epochs	3.0
645.7903791305175	0.03777340000010554	epochs	3.0
645.8281525305176	0.07457519999991291	epochs	2.0
645.8281525305176	0.03744769999991604	epochs	3.0
645.8656002305175	0.03712749999999687	epochs	3.0
645.9027277305175	0.07331629999998768	epochs	2.0
645.9027277305175	0.0368129000000863	epochs	3.0
645.9395406305176	0.036503399999901376	epochs	3.0
645.9760440305175	0.07209900000009384	epochs	2.0
645.9760440305175	0.03619910000008986	epochs	3.0
646.0122431305176	0.03589990000000398	epochs	3.0
646.0481430305176	0.07092169999998532	epochs	2.0
646.0481430305176	0.03560559999993984	epochs	3.0
646.0837486305176	0.03531610000004548	epochs	3.0
646.1190647305176	0.0697819999999183	epochs	2.0
646.1190647305176	0.03503119999993487	epochs	3.0
646.1540959305175	0.03475079999998343	epochs	3.0
646.1888467305175	0.06867859999999837	epochs	2.0
646.1888467305175	0.03447510000000875	epochs	3.0
646.2233218305175	0.03420349999998962	epochs	3.0
646.2575253305175	0.06760930000007193	epochs	2.0
646.2575253305175	0.03393620000008468	epochs	3.0
646.2914615305176	0.033673099999987244	epochs	3.0
646.3251346305176	0.06657289999998284	epochs	2.0
646.3251346305176	0.03341399999999339	epochs	3.0
646.3585486305176	0.033158899999989444	epochs	3.0
646.3917075305176	0.06556780000005347	epochs	2.0
646.3917075305176	0.032907700000009754	epochs	3.0
646.4246152305176	0.03266010000004371	epochs	3.0
646.4572753305176	0.06459259999996902	epochs	2.0
646.4572753305176	0.032416399999988244	epochs	3.0
646.4896917305176	0.03217619999998078	epochs	3.0
646.5218679305176	0.0636459999999488	epochs	2.0
646.5218679305176	0.03193959999998697	epochs	3.0
646.5538075305176	0.03170639999996183	epochs	3.0
646.5855139305175	0.0627266999999847	epochs	2.0
646.5855139305175	0.03147660000001906	epochs	3.0
646.6169905305176	0.03125009999996564	epochs	3.0
646.6482406305175	0.06183359999999993	epochs	2.0
646.6482406305175	0.031026900000028945	epochs	3.0
646.6792675305176	0.030806699999970988	epochs	3.0
646.7100742305175	0.06096560000003137	epochs	2.0
646.7100742305175	0.030589800000029754	epochs	3.0
646.7406640305176	0.030375800000001618	epochs	3.0
646.7710398305176	0.06012160000000222	epochs	2.0
646.7710398305176	0.030164900000045236	epochs	3.0
646.8012047305176	0.02995669999995698	epochs	3.0
646.8311614305176	0.05930069999999432	epochs	2.0
646.8311614305176	0.029751600000054168	epochs	3.0
646.8609130305176	0.029549099999940154	epochs	3.0
646.8904621305176	0.05850180000004457	epochs	2.0
646.8904621305176	0.02934940000000097	epochs	3.0
646.9198115305176	0.0291524000000436	epochs	3.0
646.9489639305176	0.05772419999993872	epochs	2.0
646.9489639305176	0.028957999999988715	epochs	3.0
646.9779219305176	0.028766199999950004	epochs	3.0
647.0066881305175	0.05696710000006533	epochs	2.0
647.0066881305175	0.028577000000041153	epochs	3.0
647.0352651305176	0.028390100000024177	epochs	3.0
647.0636552305176	0.05622949999997218	epochs	2.0
647.0636552305176	0.028205699999944045	epochs	3.0
647.0918609305176	0.028023800000028132	epochs	3.0
647.1198847305176	0.05551070000001346	epochs	2.0
647.1198847305176	0.027843999999959124	epochs	3.0
647.1477287305175	0.027666700000054334	epochs	3.0
647.1753954305176	0.054810200000019904	epochs	2.0
647.1753954305176	0.02749149999999645	epochs	3.0
647.2028869305176	0.027318700000023455	epochs	3.0
647.2302056305176	0.05412699999999404	epochs	2.0
647.2302056305176	0.027147799999966082	epochs	3.0
647.2573534305176	0.02697920000002796	epochs	3.0
647.2843326305176	0.053460699999959616	epochs	2.0
647.2843326305176	0.0268125999999711	epochs	3.0
647.3111452305176	0.026648099999988517	epochs	3.0
647.3377933305176	0.05281070000000909	epochs	2.0
647.3377933305176	0.026485600000000886	epochs	3.0
647.3642789305176	0.026325100000008206	epochs	3.0
647.3906040305176	0.05217619999996259	epochs	2.0
647.3906040305176	0.026166399999965506	epochs	3.0
647.4167704305175	0.026009799999997085	epochs	3.0
647.4427802305175	0.051556699999991906	epochs	2.0
647.4427802305175	0.025854800000047362	epochs	3.0
647.4686350305176	0.025701899999944544	epochs	3.0
647.4943369305175	0.050951900000086425	epochs	2.0
647.4943369305175	0.02555070000005344	epochs	3.0
647.5198876305176	0.025401200000032986	epochs	3.0
647.5452888305176	0.05036099999995258	epochs	2.0
647.5452888305176	0.025253499999962514	epochs	3.0
647.5705423305176	0.02510749999999007	epochs	3.0
647.5956498305176	0.049783800000000156	epochs	2.0
647.5956498305176	0.02496320000000196	epochs	3.0
647.6206130305176	0.024820599999998194	epochs	3.0
647.6454336305176	0.049219500000049266	epochs	2.0
647.6454336305176	0.024679399999968155	epochs	3.0
647.6701130305175	0.02454010000008111	epochs	3.0
647.6946531305176	0.048667899999941255	epochs	2.0
647.6946531305176	0.02440209999997478	epochs	3.0
647.7190552305176	0.024265799999966475	epochs	3.0
647.7433210305176	0.04812860000004093	epochs	2.0
647.7433210305176	0.024131000000011227	epochs	3.0
647.7674520305176	0.023997600000029706	epochs	3.0
647.7914496305176	0.04760109999995166	epochs	2.0
647.7914496305176	0.023865799999953197	epochs	3.0
647.8153154305176	0.02373529999999846	epochs	3.0
647.8390507305176	0.047085000000038235	epochs	2.0
647.8390507305176	0.023606299999983094	epochs	3.0
647.8626570305175	0.02347870000005514	epochs	3.0
647.8861357305176	0.046579999999948996	epochs	2.0
647.8861357305176	0.02335249999998723	epochs	3.0
647.9094882305176	0.023227499999961765	epochs	3.0
647.9327157305175	0.046085700000048746	epochs	2.0
647.9327157305175	0.023103999999989355	epochs	3.0
647.9558197305175	0.02298170000005939	epochs	3.0
647.9788014305176	0.045601799999985815	epochs	2.0
647.9788014305176	0.022860700000023826	epochs	3.0
648.0016621305176	0.02274109999996199	epochs	3.0
648.0244032305176	0.04512790000001132	epochs	2.0
648.0244032305176	0.022622500000011314	epochs	3.0
648.0470257305176	0.02250540000000001	epochs	3.0
648.0695311305176	0.044663799999966614	epochs	2.0
648.0695311305176	0.02238929999998618	epochs	3.0
648.0919204305176	0.022274499999980435	epochs	3.0
648.1141949305176	0.04420920000006845	epochs	2.0
648.1141949305176	0.022160800000051495	epochs	3.0
648.1363557305176	0.022048400000016954	epochs	3.0
648.1584041305176	0.04376359999992019	epochs	2.0
648.1584041305176	0.02193689999990056	epochs	3.0
648.1803410305175	0.021826700000019628	epochs	3.0
648.2021677305175	0.04332710000005591	epochs	2.0
648.2021677305175	0.021717599999988124	epochs	3.0
648.2238853305175	0.021609500000067783	epochs	3.0
648.2454948305176	0.04289900000003399	epochs	2.0
648.2454948305176	0.02150249999999687	epochs	3.0
648.2669973305176	0.021396500000037122	epochs	3.0
648.2883938305176	0.04247949999989942	epochs	2.0
648.2883938305176	0.021291699999892444	epochs	3.0
648.3096855305175	0.021187800000006973	epochs	3.0
648.3308733305175	0.042067900000006375	epochs	2.0
648.3308733305175	0.02108490000000529	epochs	3.0
648.3519582305175	0.020983000000001084	epochs	3.0
648.3729412305175	0.04166440000005878	epochs	2.0
648.3729412305175	0.02088220000007368	epochs	3.0
648.3938234305176	0.020782199999985096	epochs	3.0
648.4146056305176	0.04126850000000104	epochs	2.0
648.4146056305176	0.020683299999973315	epochs	3.0
648.4352889305176	0.020585200000027726	epochs	3.0
648.4558741305176	0.04088000000001557	epochs	2.0
648.4558741305176	0.020488099999965925	epochs	3.0
648.4763622305176	0.020391900000049645	epochs	3.0
648.4967541305176	0.04049879999990935	epochs	2.0
648.4967541305176	0.020296599999937825	epochs	3.0
648.5170507305176	0.020202199999971526	epochs	3.0
648.5372529305175	0.04012460000001283	epochs	2.0
648.5372529305175	0.02010870000003706	epochs	3.0
648.5573616305176	0.020015899999975773	epochs	3.0
648.5773775305175	0.03975730000001931	epochs	2.0
648.5773775305175	0.019924199999991288	epochs	3.0
648.5973017305175	0.019833100000028026	epochs	3.0
648.6171348305176	0.03939669999999751	epochs	2.0
648.6171348305176	0.01974300000006224	epochs	3.0
648.6368778305176	0.01965369999993527	epochs	3.0
648.6565315305176	0.03904239999997117	epochs	2.0
648.6565315305176	0.01956510000002254	epochs	3.0
648.6760966305176	0.019477299999948627	epochs	3.0
648.6955739305175	0.038694600000098944	epochs	2.0
648.6955739305175	0.019390400000020236	epochs	3.0
648.7149643305175	0.01930420000007871	epochs	3.0
648.7342685305176	0.03835289999994984	epochs	2.0
648.7342685305176	0.019218799999976	epochs	3.0
648.7534873305176	0.01913409999997384	epochs	3.0
648.7726214305176	0.03801720000001296	epochs	2.0
648.7726214305176	0.019050200000037876	epochs	3.0
648.7916716305176	0.018966999999975087	epochs	3.0
648.8106386305176	0.03768719999993664	epochs	2.0
648.8106386305176	0.01888450000001285	epochs	3.0
648.8295231305176	0.01880269999992379	epochs	3.0
648.8483258305175	0.0373631000001069	epochs	2.0
648.8483258305175	0.018721700000014607	epochs	3.0
648.8670475305175	0.01864140000009229	epochs	3.0
648.8856889305176	0.03704429999993408	epochs	2.0
648.8856889305176	0.01856159999999818	epochs	3.0
648.9042505305176	0.018482699999935903	epochs	3.0
648.9227332305176	0.0367310000000316	epochs	2.0
648.9227332305176	0.018404300000042895	epochs	3.0
648.9411375305176	0.018326699999988705	epochs	3.0
648.9594642305176	0.03642289999993409	epochs	2.0
648.9594642305176	0.018249599999990096	epochs	3.0
648.9777138305176	0.018173299999943993	epochs	3.0
648.9958871305175	0.03612010000006194	epochs	2.0
648.9958871305175	0.0180976000000328	epochs	3.0
649.0139847305176	0.01802250000002914	epochs	3.0
649.0320072305176	0.03582210000001851	epochs	2.0
649.0320072305176	0.017947899999967376	epochs	3.0
649.0499551305176	0.017874200000051133	epochs	3.0
649.0678293305176	0.03552899999999681	epochs	2.0
649.0678293305176	0.017800799999918127	epochs	3.0
649.0856301305175	0.017728200000078687	epochs	3.0
649.1033583305176	0.035240699999917524	epochs	2.0
649.1033583305176	0.017656099999953767	epochs	3.0
649.1210144305176	0.017584599999963757	epochs	3.0
649.1385990305175	0.034957100000042374	epochs	2.0
649.1385990305175	0.017513700000108656	epochs	3.0
649.1561127305176	0.017443399999933717	epochs	3.0
649.1735561305176	0.03467790000001969	epochs	2.0
649.1735561305176	0.017373600000041733	epochs	3.0
649.1909297305176	0.017304299999977957	epochs	3.0
649.2082340305176	0.03440330000000813	epochs	2.0
649.2082340305176	0.01723570000001473	epochs	3.0
649.2254697305176	0.0171675999999934	epochs	3.0
649.2426373305176	0.03413279999995211	epochs	2.0
649.2426373305176	0.01709989999994832	epochs	3.0
649.2597372305175	0.017032900000003792	epochs	3.0
649.2767701305175	0.033866699999975935	epochs	2.0
649.2767701305175	0.01696640000000116	epochs	3.0
649.2937365305175	0.016900299999974777	epochs	3.0
649.3106368305175	0.033604600000103346	epochs	2.0
649.3106368305175	0.016834800000083305	epochs	3.0
649.3274716305176	0.01676980000002004	epochs	3.0
649.3442414305176	0.033346599999958926	epochs	2.0
649.3442414305176	0.01670529999989867	epochs	3.0
649.3609467305175	0.016641300000060255	epochs	3.0
649.3775880305176	0.03309249999995245	epochs	2.0
649.3775880305176	0.01657779999993636	epochs	3.0
649.3941658305175	0.01651470000001609	epochs	3.0
649.4106805305175	0.032842300000083924	epochs	2.0
649.4106805305175	0.01645220000000336	epochs	3.0
649.4271327305175	0.016390100000080565	epochs	3.0
649.4435228305176	0.03259570000000167	epochs	2.0
649.4435228305176	0.01632839999990665	epochs	3.0
649.4598512305175	0.01626730000009502	epochs	3.0
649.4761185305176	0.032352899999978035	epochs	2.0
649.4761185305176	0.01620659999991858	epochs	3.0
649.4923251305175	0.016146300000059455	epochs	3.0
649.5084714305176	0.03211369999996805	epochs	2.0
649.5084714305176	0.016086599999994178	epochs	3.0
649.5245580305176	0.01602709999997387	epochs	3.0
649.5405851305176	0.03187800000000607	epochs	2.0
649.5405851305176	0.015968199999974786	epochs	3.0
649.5565533305175	0.015909800000031282	epochs	3.0
649.5724631305176	0.031645700000012766	epochs	2.0
649.5724631305176	0.01585160000001906	epochs	3.0
649.5883147305176	0.015794099999993705	epochs	3.0
649.6041088305176	0.0314167000000225	epochs	2.0
649.6041088305176	0.01573669999993399	epochs	3.0
649.6198455305175	0.015680000000088512	epochs	3.0
649.6355255305176	0.031191100000000915	epochs	2.0
649.6355255305176	0.015623599999912585	epochs	3.0
649.6511491305175	0.01556750000008833	epochs	3.0
649.6667166305176	0.030968700000016725	epochs	2.0
649.6667166305176	0.015511999999944237	epochs	3.0
649.6822286305176	0.015456700000072487	epochs	3.0
649.6976853305176	0.030749499999956242	epochs	2.0
649.6976853305176	0.015401999999994587	epochs	3.0
649.7130873305176	0.015347499999961656	epochs	3.0
649.7284348305176	0.03053320000003623	epochs	2.0
649.7284348305176	0.015293400000018664	epochs	3.0
649.7437282305176	0.015239800000017567	epochs	3.0
649.7589680305176	0.030320099999926242	epochs	2.0
649.7589680305176	0.015186499999913394	epochs	3.0
649.7741545305175	0.015133600000012848	epochs	3.0
649.7892881305175	0.03010990000007041	epochs	2.0
649.7892881305175	0.015081000000009226	epochs	3.0
649.8043691305176	0.015028900000061185	epochs	3.0
649.8193980305176	0.029902499999934662	epochs	2.0
649.8193980305176	0.01497699999993074	epochs	3.0
649.8343750305175	0.014925500000003922	epochs	3.0
649.8493005305176	0.029698100000018712	epochs	2.0
649.8493005305176	0.014874400000053356	epochs	3.0
649.8641749305176	0.014823699999965356	epochs	3.0
649.8789986305176	0.02949630000000525	epochs	2.0
649.8789986305176	0.014773200000036013	epochs	3.0
649.8937718305176	0.014723099999969236	epochs	3.0
649.9084949305176	0.02929740000001857	epochs	2.0
649.9084949305176	0.014673399999992398	epochs	3.0
649.9231683305176	0.014624000000026172	epochs	3.0
649.9377923305176	0.029101099999934377	epochs	2.0
649.9377923305176	0.01457489999995687	epochs	3.0
649.9523672305176	0.014526199999977507	epochs	3.0
649.9668934305175	0.02890740000009373	epochs	2.0
649.9668934305175	0.014477700000043114	epochs	3.0
649.9813711305176	0.014429700000050616	epochs	3.0
649.9958008305176	0.028716199999962555	epochs	2.0
649.9958008305176	0.014381799999910072	epochs	3.0
650.0101826305175	0.014334400000052483	epochs	3.0
650.0245170305176	0.02852759999996124	epochs	2.0
650.0245170305176	0.01428720000001249	epochs	3.0
650.0388042305176	0.01424039999994875	epochs	3.0
650.0530446305175	0.028341400000044814	epochs	2.0
650.0530446305175	0.014193800000043666	epochs	3.0
650.0672384305176	0.014147600000001148	epochs	3.0
650.0813860305176	0.028157699999951546	epochs	2.0
650.0813860305176	0.014101699999969242	epochs	3.0
650.0954877305176	0.014055999999982305	epochs	3.0
650.1095437305175	0.027976300000091214	epochs	2.0
650.1095437305175	0.01401060000000598	epochs	3.0
650.1235543305175	0.013965700000085235	epochs	3.0
650.1375200305176	0.027797199999895383	epochs	2.0
650.1375200305176	0.013920799999937117	epochs	3.0
650.1514408305176	0.013876399999958267	epochs	3.0
650.1653172305175	0.027620400000046175	epochs	2.0
650.1653172305175	0.013832200000024386	epochs	3.0
650.1791494305176	0.013788200000021789	epochs	3.0
650.1929376305176	0.027445899999975154	epochs	2.0
650.1929376305176	0.013744599999995444	epochs	3.0
650.2066822305176	0.01370129999997971	epochs	3.0
650.2203835305176	0.027273499999978412	epochs	2.0
650.2203835305176	0.013658200000008947	epochs	3.0
650.2340417305176	0.013615299999969466	epochs	3.0
650.2476570305175	0.02710340000010092	epochs	2.0
650.2476570305175	0.013572800000019924	epochs	3.0
650.2612298305175	0.013530600000080995	epochs	3.0
650.2747604305176	0.026935199999911674	epochs	2.0
650.2747604305176	0.01348839999991469	epochs	3.0
650.2882488305175	0.013446799999996983	epochs	3.0
650.3016956305175	0.026769199999989723	epochs	2.0
650.3016956305175	0.013405200000079276	epochs	3.0
650.3151008305176	0.013363999999910448	epochs	3.0
650.3284648305175	0.026605200000062723	epochs	2.0
650.3284648305175	0.013322900000048321	epochs	3.0
650.3417877305176	0.013282300000014402	epochs	3.0
650.3550700305176	0.026443200000016986	epochs	2.0
650.3550700305176	0.013241699999980483	epochs	3.0
650.3683117305176	0.013201500000036503	epochs	3.0
650.3815132305176	0.0262831999999662	epochs	2.0
650.3815132305176	0.013161500000023807	epochs	3.0
650.3946747305176	0.013121699999942393	epochs	3.0
650.4077964305176	0.02612499999997908	epochs	2.0
650.4077964305176	0.013082100000019636	epochs	3.0
650.4208785305176	0.013042899999959445	epochs	3.0
650.4339214305176	0.025968900000066242	epochs	2.0
650.4339214305176	0.01300390000005791	epochs	3.0
650.4469253305176	0.012965000000008331	epochs	3.0
650.4598903305176	0.025814499999910367	epochs	2.0
650.4598903305176	0.012926399999969362	epochs	3.0
650.4728167305176	0.012888099999941005	epochs	3.0
650.4857048305175	0.025661900000045534	epochs	2.0
650.4857048305175	0.012849899999991976	epochs	3.0
650.4985547305175	0.012812000000053558	epochs	3.0
650.5113667305176	0.025511199999982637	epochs	2.0
650.5113667305176	0.012774400000012065	epochs	3.0
650.5241411305176	0.012736799999970572	epochs	3.0
650.5368779305176	0.025362299999983406	epochs	2.0
650.5368779305176	0.01269969999998466	epochs	3.0
650.5495776305175	0.012662599999998747	epochs	3.0
650.5622402305175	0.025215000000002874	epochs	2.0
650.5622402305175	0.012625800000023446	epochs	3.0
650.5748660305176	0.012589199999979428	epochs	3.0
650.5874552305175	0.024584800000070572	epochs	2.0
650.6084476305176	0.5	epochs	-1.0
650.6120400305176	0.5408800000000156	epochs	1.0
651.1529200305176	0.45903999999995904	epochs	0.0
674.5700001716614	0.11904000000004089	epochs	0.0
674.5700001716614	0.054520300000035604	epochs	1.0
674.6245204716614	0.009999399999969683	epochs	1.0
674.6345198716614	0.054520300000035604	epochs	1.0
674.6890401716614	2.0	epochs	0.0
676.6890401716614	5.3603200000000015	epochs	0.0
676.6890401716614	1.0	epochs	1.0
676.6890477716614	0.5	epochs	-1.0
677.1890477716614	4.860312399999998	epochs	-1.0
677.6890401716614	4.3603200000000015	epochs	1.0
677.6890401716614	4.356753899999944	epochs	-1.0
677.6890401716614	1.9745871999999736	epochs	2.0
677.6890401716614	1.0985621999999466	epochs	3.0
678.7876023716614	0.8760250000000269	epochs	3.0
679.6636273716614	1.3524075000000266	epochs	2.0
679.6636273716614	0.7286354999999958	epochs	3.0
680.3922628716614	0.6237720000000309	epochs	3.0
681.0160348716614	1.029759199999944	epochs	2.0
681.0160348716614	0.5453292999999348	epochs	3.0
681.5613641716614	0.4844299000000092	epochs	3.0
682.0457940716614	0.003566100000057304	epochs	2.0
682.0457940716614	0.003566100000057304	epochs	3.0
682.0493601716614	16.639599999999973	epochs	0.0
683.0570001602173	0.11904000000004089	epochs	0.0
683.0570001602173	0.054520300000035604	epochs	1.0
683.1115204602173	0.009999399999969683	epochs	1.0
683.1215198602173	0.054520300000035604	epochs	1.0
683.1760401602173	2.0	epochs	0.0
685.1760401602173	0.5007200000000012	epochs	0.0
685.1760401602173	0.5007200000000012	epochs	1.0
685.1760477602173	0.5	epochs	-1.0
685.6760477602173	0.0007123999999976149	epochs	-1.0
685.6767601602173	21.499199999999973	epochs	0.0
686.9900002479553	0.11904000000004089	epochs	0.0
686.9900002479553	0.054520300000035604	epochs	1.0
687.0445205479554	0.009999399999969683	epochs	1.0
687.0545199479553	0.054520300000035604	epochs	1.0
687.1090402479554	2.0	epochs	0.0
689.1090402479554	21.999919999999975	epochs	0.0
689.1090402479554	1.0	epochs	1.0
689.1090478479554	0.5	epochs	-1.0
689.6090478479554	19.99583999999993	epochs	-1.0
690.1090402479554	20.0	epochs	1.0
690.1090402479554	4.356753899999944	epochs	-1.0
690.1090402479554	1.9745871999999736	epochs	2.0
690.1090402479554	1.0985621999999466	epochs	3.0
691.2076024479553	0.8760250000000269	epochs	3.0
692.0836274479553	1.3524075000000266	epochs	2.0
692.0836274479553	0.7286354999999958	epochs	3.0
692.8122629479553	0.6237720000000309	epochs	3.0
693.4360349479554	1.029759199999944	epochs	2.0
693.4360349479554	0.5453292999999348	epochs	3.0
693.9813642479553	0.4844299000000092	epochs	3.0
694.4657941479553	0.8317862000000105	epochs	2.0
694.4657941479553	0.4357763000000432	epochs	3.0
694.9015704479554	0.3960098999999673	epochs	3.0
695.2975803479553	0.6977970000000369	epochs	2.0
695.2975803479553	0.3628982000000178	epochs	3.0
695.6604785479553	0.33489880000001904	epochs	3.0
695.9953773479554	0.601045699999986	epochs	2.0
695.9953773479554	0.3109122999999272	epochs	3.0
696.3062896479553	0.2901334000000588	epochs	3.0
696.5964230479553	0.5278859000000011	epochs	2.0
696.5964230479553	0.2719585999999481	epochs	3.0
696.8683816479553	0.25592730000005304	epochs	3.0
697.1243089479553	0.470619299999953	epochs	2.0
697.1243089479553	0.241681299999982	epochs	3.0
697.3659902479553	0.228937999999971	epochs	3.0
697.5949282479553	0.42457039999999324	epochs	2.0
697.5949282479553	0.21747140000002219	epochs	3.0
697.8123996479553	0.20709899999997106	epochs	3.0
698.0194986479553	0.3867354000000205	epochs	2.0
698.0194986479553	0.19767109999997956	epochs	3.0
698.2171697479553	0.18906430000004093	epochs	3.0
698.4062340479553	0.3550953000000163	epochs	2.0
698.4062340479553	0.18117589999997108	epochs	3.0
698.5874099479553	0.17391940000004524	epochs	3.0
698.7613293479553	0.3282431000000088	epochs	2.0
698.7613293479553	0.16722189999995862	epochs	3.0
698.9285512479553	0.16102120000005016	epochs	3.0
699.0895724479553	0.30516799999998057	epochs	2.0
699.0895724479553	0.15526390000002266	epochs	3.0
699.2448363479554	0.1499040999999579	epochs	3.0
699.3947404479553	0.28512530000000424	epochs	2.0
699.3947404479553	0.1449020999999675	epochs	3.0
699.5396425479553	0.14022320000003674	epochs	3.0
699.6798657479553	0.2675537999999733	epochs	2.0
699.6798657479553	0.1358368999999584	epochs	3.0
699.8157026479553	0.1317169000000149	epochs	3.0
699.9474195479553	0.2520229000000427	epochs	2.0
699.9474195479553	0.1278393000000051	epochs	3.0
700.0752588479553	0.12418360000003759	epochs	3.0
700.1994424479553	0.23819649999995818	epochs	2.0
700.1994424479553	0.12073109999994358	epochs	3.0
700.3201735479553	0.1174654000000146	epochs	3.0
700.4376389479553	0.2258087999999816	epochs	2.0
700.4376389479553	0.11437190000003739	epochs	3.0
700.5520108479553	0.11143689999994422	epochs	3.0
700.6634477479553	0.2146460000000161	epochs	2.0
700.6634477479553	0.10864890000004834	epochs	3.0
700.7720966479553	0.10599709999996776	epochs	3.0
700.8780937479553	0.20453500000007807	epochs	2.0
700.8780937479553	0.10347150000006877	epochs	3.0
700.9815652479554	0.1010635000000093	epochs	3.0
701.0826287479554	0.19533400000000256	epochs	2.0
701.0826287479554	0.09876509999992322	epochs	3.0
701.1813938479553	0.09656890000007934	epochs	3.0
701.2779627479554	0.18692529999998442	epochs	2.0
701.2779627479554	0.09446829999990314	epochs	3.0
701.3724310479553	0.09245700000008128	epochs	3.0
701.4648880479554	0.17921069999999872	epochs	2.0
701.4648880479554	0.09052959999996801	epochs	3.0
701.5554176479553	0.08868110000003071	epochs	3.0
701.6440987479554	0.17210769999996955	epochs	2.0
701.6440987479554	0.08690630000000965	epochs	3.0
701.7310050479554	0.0852013999999599	epochs	3.0
701.8162064479553	0.16554640000003928	epochs	2.0
701.8162064479553	0.08356189999994967	epochs	3.0
701.8997683479553	0.08198450000008961	epochs	3.0
701.9817528479554	0.15946709999991526	epochs	2.0
701.9817528479554	0.08046539999998004	epochs	3.0
702.0622182479553	0.07900169999993523	epochs	3.0
702.1412199479553	0.15381840000009106	epochs	2.0
702.1412199479553	0.07759010000006583	epochs	3.0
702.2188100479553	0.07622830000002523	epochs	3.0
702.2950383479554	0.14855639999996129	epochs	2.0
702.2950383479554	0.07491329999993468	epochs	3.0
702.3699516479553	0.0736431000000266	epochs	3.0
702.4435947479553	0.14364239999997608	epochs	2.0
702.4435947479553	0.07241499999997814	epochs	3.0
702.5160097479553	0.07122739999999794	epochs	3.0
702.5872371479553	0.13904309999998077	epochs	2.0
702.5872371479553	0.07007799999996678	epochs	3.0
702.6573151479553	0.06896510000001399	epochs	3.0
702.7262802479553	0.1347293000000036	epochs	2.0
702.7262802479553	0.0678871000000072	epochs	3.0
702.7941673479553	0.06684219999999641	epochs	3.0
702.8610095479553	0.1306752000000415	epochs	2.0
702.8610095479553	0.06582909999997355	epochs	3.0
702.9268386479553	0.06484610000006796	epochs	3.0
702.9916847479553	0.12685780000003888	epochs	2.0
702.9916847479553	0.06389200000000983	epochs	3.0
703.0555767479553	0.06296580000002905	epochs	3.0
703.1185425479554	0.12325719999989815	epochs	2.0
703.1185425479554	0.062065799999913907	epochs	3.0
703.1806083479553	0.06119139999998424	epochs	3.0
703.2417997479553	0.11985540000000583	epochs	2.0
703.2417997479553	0.06034110000007331	epochs	3.0
703.3021408479553	0.05951429999993252	epochs	3.0
703.3616551479553	0.11663620000001629	epochs	2.0
703.3616551479553	0.05870960000004288	epochs	3.0
703.4203647479553	0.057926599999973405	epochs	3.0
703.4782913479553	0.11358560000007856	epochs	2.0
703.4782913479553	0.05716419999998834	epochs	3.0
703.5354555479553	0.056421400000090216	epochs	3.0
703.5918769479554	0.11069049999991876	epochs	2.0
703.5918769479554	0.05569789999992736	epochs	3.0
703.6475748479553	0.0549925999999914	epochs	3.0
703.7025674479553	0.1079391000000669	epochs	2.0
703.7025674479553	0.05430490000003374	epochs	3.0
703.7568723479553	0.05363420000003316	epochs	3.0
703.8105065479554	0.10532149999994544	epochs	2.0
703.8105065479554	0.05297999999993408	epochs	3.0
703.8634865479553	0.052341500000011365	epochs	3.0
703.9158280479553	0.10282760000006874	epochs	2.0
703.9158280479553	0.05171810000001642	epochs	3.0
703.9675461479553	0.05110950000005232	epochs	3.0
704.0186556479554	0.10044909999999163	epochs	2.0
704.0186556479554	0.05051489999993919	epochs	3.0
704.0691705479553	0.04993420000005244	epochs	3.0
704.1191047479554	0.0981782999999723	epochs	2.0
704.1191047479554	0.04936659999998483	epochs	3.0
704.1684713479553	0.04881169999998747	epochs	3.0
704.2172830479553	0.09600779999993847	epochs	2.0
704.2172830479553	0.04826919999993606	epochs	3.0
704.2655522479553	0.04773860000000241	epochs	3.0
704.3132908479553	0.09393120000004274	epochs	2.0
704.3132908479553	0.04721950000009656	epochs	3.0
704.3605103479554	0.04671169999994618	epochs	3.0
704.4072220479553	0.09194260000003851	epochs	2.0
704.4072220479553	0.046214599999984785	epochs	3.0
704.4534366479553	0.045728000000053726	epochs	3.0
704.4991646479554	0.09003629999995155	epochs	2.0
704.4991646479554	0.045251499999949374	epochs	3.0
704.5444161479553	0.04478480000000218	epochs	3.0
704.5892009479553	0.08820760000003247	epochs	2.0
704.5892009479553	0.044327800000019124	epochs	3.0
704.6335287479553	0.04387980000001335	epochs	3.0
704.6774085479553	0.0864516999999978	epochs	2.0
704.6774085479553	0.04344100000002982	epochs	3.0
704.7208495479554	0.04301069999996798	epochs	3.0
704.7638602479553	0.08476429999996071	epochs	2.0
704.7638602479553	0.04258900000002086	epochs	3.0
704.8064492479554	0.04217529999993985	epochs	3.0
704.8486245479553	0.08314150000001064	epochs	2.0
704.8486245479553	0.04176970000003166	epochs	3.0
704.8903942479553	0.041371799999978975	epochs	3.0
704.9317660479553	0.08157970000002024	epochs	2.0
704.9317660479553	0.040981399999964196	epochs	3.0
704.9727474479553	0.04059830000005604	epochs	3.0
705.0133457479553	0.08007550000002084	epochs	2.0
705.0133457479553	0.04022229999998217	epochs	3.0
705.0535680479553	0.03985320000003867	epochs	3.0
705.0934212479553	0.07862569999997504	epochs	2.0
705.0934212479553	0.0394907999999532	epochs	3.0
705.1329120479553	0.039134900000021844	epochs	3.0
705.1720469479553	0.07722760000001472	epochs	2.0
705.1720469479553	0.038785400000051595	epochs	3.0
705.2108323479554	0.03844219999996312	epochs	3.0
705.2492745479553	0.07587820000003376	epochs	2.0
705.2492745479553	0.03810479999992822	epochs	3.0
705.2873793479553	0.03777340000010554	epochs	3.0
705.3251527479554	0.07457519999991291	epochs	2.0
705.3251527479554	0.03744769999991604	epochs	3.0
705.3626004479553	0.03712749999999687	epochs	3.0
705.3997279479553	0.07331629999998768	epochs	2.0
705.3997279479553	0.0368129000000863	epochs	3.0
705.4365408479554	0.036503399999901376	epochs	3.0
705.4730442479553	0.07209900000009384	epochs	2.0
705.4730442479553	0.03619910000008986	epochs	3.0
705.5092433479554	0.03589990000000398	epochs	3.0
705.5451432479554	0.07092169999998532	epochs	2.0
705.5451432479554	0.03560559999993984	epochs	3.0
705.5807488479553	0.03531610000004548	epochs	3.0
705.6160649479554	0.0697819999999183	epochs	2.0
705.6160649479554	0.03503119999993487	epochs	3.0
705.6510961479553	0.03475079999998343	epochs	3.0
705.6858469479553	0.06867859999999837	epochs	2.0
705.6858469479553	0.03447510000000875	epochs	3.0
705.7203220479553	0.03420349999998962	epochs	3.0
705.7545255479553	0.06760930000007193	epochs	2.0
705.7545255479553	0.03393620000008468	epochs	3.0
705.7884617479554	0.033673099999987244	epochs	3.0
705.8221348479553	0.06657289999998284	epochs	2.0
705.8221348479553	0.03341399999999339	epochs	3.0
705.8555488479553	0.033158899999989444	epochs	3.0
705.8887077479553	0.06556780000005347	epochs	2.0
705.8887077479553	0.032907700000009754	epochs	3.0
705.9216154479553	0.03266010000004371	epochs	3.0
705.9542755479554	0.06459259999996902	epochs	2.0
705.9542755479554	0.032416399999988244	epochs	3.0
705.9866919479554	0.03217619999998078	epochs	3.0
706.0188681479553	0.0636459999999488	epochs	2.0
706.0188681479553	0.03193959999998697	epochs	3.0
706.0508077479553	0.03170639999996183	epochs	3.0
706.0825141479553	0.0627266999999847	epochs	2.0
706.0825141479553	0.03147660000001906	epochs	3.0
706.1139907479553	0.03125009999996564	epochs	3.0
706.1452408479553	0.06183359999999993	epochs	2.0
706.1452408479553	0.031026900000028945	epochs	3.0
706.1762677479553	0.030806699999970988	epochs	3.0
706.2070744479553	0.06096560000003137	epochs	2.0
706.2070744479553	0.030589800000029754	epochs	3.0
706.2376642479553	0.030375800000001618	epochs	3.0
706.2680400479553	0.06012160000000222	epochs	2.0
706.2680400479553	0.030164900000045236	epochs	3.0
706.2982049479554	0.02995669999995698	epochs	3.0
706.3281616479553	0.05930069999999432	epochs	2.0
706.3281616479553	0.029751600000054168	epochs	3.0
706.3579132479554	0.029549099999940154	epochs	3.0
706.3874623479553	0.05850180000004457	epochs	2.0
706.3874623479553	0.02934940000000097	epochs	3.0
706.4168117479553	0.0291524000000436	epochs	3.0
706.4459641479554	0.05772419999993872	epochs	2.0
706.4459641479554	0.028957999999988715	epochs	3.0
706.4749221479553	0.028766199999950004	epochs	3.0
706.5036883479553	0.05696710000006533	epochs	2.0
706.5036883479553	0.028577000000041153	epochs	3.0
706.5322653479553	0.028390100000024177	epochs	3.0
706.5606554479554	0.05622949999997218	epochs	2.0
706.5606554479554	0.028205699999944045	epochs	3.0
706.5888611479553	0.028023800000028132	epochs	3.0
706.6168849479553	0.05551070000001346	epochs	2.0
706.6168849479553	0.027843999999959124	epochs	3.0
706.6447289479553	0.027666700000054334	epochs	3.0
706.6723956479553	0.054810200000019904	epochs	2.0
706.6723956479553	0.02749149999999645	epochs	3.0
706.6998871479553	0.027318700000023455	epochs	3.0
706.7272058479554	0.05412699999999404	epochs	2.0
706.7272058479554	0.027147799999966082	epochs	3.0
706.7543536479553	0.02697920000002796	epochs	3.0
706.7813328479554	0.053460699999959616	epochs	2.0
706.7813328479554	0.0268125999999711	epochs	3.0
706.8081454479553	0.026648099999988517	epochs	3.0
706.8347935479553	0.05281070000000909	epochs	2.0
706.8347935479553	0.026485600000000886	epochs	3.0
706.8612791479553	0.026325100000008206	epochs	3.0
706.8876042479553	0.05217619999996259	epochs	2.0
706.8876042479553	0.026166399999965506	epochs	3.0
706.9137706479553	0.026009799999997085	epochs	3.0
706.9397804479553	0.051556699999991906	epochs	2.0
706.9397804479553	0.025854800000047362	epochs	3.0
706.9656352479553	0.025701899999944544	epochs	3.0
706.9913371479553	0.050951900000086425	epochs	2.0
706.9913371479553	0.02555070000005344	epochs	3.0
707.0168878479553	0.025401200000032986	epochs	3.0
707.0422890479554	0.05036099999995258	epochs	2.0
707.0422890479554	0.025253499999962514	epochs	3.0
707.0675425479553	0.02510749999999007	epochs	3.0
707.0926500479553	0.049783800000000156	epochs	2.0
707.0926500479553	0.02496320000000196	epochs	3.0
707.1176132479553	0.024820599999998194	epochs	3.0
707.1424338479553	0.049219500000049266	epochs	2.0
707.1424338479553	0.024679399999968155	epochs	3.0
707.1671132479553	0.02454010000008111	epochs	3.0
707.1916533479554	0.048667899999941255	epochs	2.0
707.1916533479554	0.02440209999997478	epochs	3.0
707.2160554479553	0.024265799999966475	epochs	3.0
707.2403212479553	0.04812860000004093	epochs	2.0
707.2403212479553	0.024131000000011227	epochs	3.0
707.2644522479553	0.023997600000029706	epochs	3.0
707.2884498479553	0.04760109999995166	epochs	2.0
707.2884498479553	0.023865799999953197	epochs	3.0
707.3123156479553	0.02373529999999846	epochs	3.0
707.3360509479553	0.047085000000038235	epochs	2.0
707.3360509479553	0.023606299999983094	epochs	3.0
707.3596572479553	0.02347870000005514	epochs	3.0
707.3831359479553	0.046579999999948996	epochs	2.0
707.3831359479553	0.02335249999998723	epochs	3.0
707.4064884479553	0.023227499999961765	epochs	3.0
707.4297159479553	0.046085700000048746	epochs	2.0
707.4297159479553	0.023103999999989355	epochs	3.0
707.4528199479553	0.02298170000005939	epochs	3.0
707.4758016479553	0.045601799999985815	epochs	2.0
707.4758016479553	0.022860700000023826	epochs	3.0
707.4986623479554	0.02274109999996199	epochs	3.0
707.5214034479553	0.04512790000001132	epochs	2.0
707.5214034479553	0.022622500000011314	epochs	3.0
707.5440259479553	0.02250540000000001	epochs	3.0
707.5665313479553	0.044663799999966614	epochs	2.0
707.5665313479553	0.02238929999998618	epochs	3.0
707.5889206479553	0.022274499999980435	epochs	3.0
707.6111951479553	0.04420920000006845	epochs	2.0
707.6111951479553	0.022160800000051495	epochs	3.0
707.6333559479554	0.022048400000016954	epochs	3.0
707.6554043479554	0.04376359999992019	epochs	2.0
707.6554043479554	0.02193689999990056	epochs	3.0
707.6773412479553	0.021826700000019628	epochs	3.0
707.6991679479553	0.04332710000005591	epochs	2.0
707.6991679479553	0.021717599999988124	epochs	3.0
707.7208855479553	0.021609500000067783	epochs	3.0
707.7424950479553	0.04289900000003399	epochs	2.0
707.7424950479553	0.02150249999999687	epochs	3.0
707.7639975479553	0.021396500000037122	epochs	3.0
707.7853940479554	0.04247949999989942	epochs	2.0
707.7853940479554	0.021291699999892444	epochs	3.0
707.8066857479553	0.021187800000006973	epochs	3.0
707.8278735479553	0.042067900000006375	epochs	2.0
707.8278735479553	0.02108490000000529	epochs	3.0
707.8489584479553	0.020983000000001084	epochs	3.0
707.8699414479553	0.04166440000005878	epochs	2.0
707.8699414479553	0.02088220000007368	epochs	3.0
707.8908236479554	0.020782199999985096	epochs	3.0
707.9116058479553	0.04126850000000104	epochs	2.0
707.9116058479553	0.020683299999973315	epochs	3.0
707.9322891479553	0.020585200000027726	epochs	3.0
707.9528743479553	0.04088000000001557	epochs	2.0
707.9528743479553	0.020488099999965925	epochs	3.0
707.9733624479553	0.020391900000049645	epochs	3.0
707.9937543479554	0.04049879999990935	epochs	2.0
707.9937543479554	0.020296599999937825	epochs	3.0
708.0140509479553	0.020202199999971526	epochs	3.0
708.0342531479553	0.04012460000001283	epochs	2.0
708.0342531479553	0.02010870000003706	epochs	3.0
708.0543618479553	0.020015899999975773	epochs	3.0
708.0743777479553	0.03975730000001931	epochs	2.0
708.0743777479553	0.019924199999991288	epochs	3.0
708.0943019479553	0.019833100000028026	epochs	3.0
708.1141350479553	0.03939669999999751	epochs	2.0
708.1141350479553	0.01974300000006224	epochs	3.0
708.1338780479554	0.01965369999993527	epochs	3.0
708.1535317479553	0.03904239999997117	epochs	2.0
708.1535317479553	0.01956510000002254	epochs	3.0
708.1730968479553	0.019477299999948627	epochs	3.0
708.1925741479553	0.038694600000098944	epochs	2.0
708.1925741479553	0.019390400000020236	epochs	3.0
708.2119645479553	0.01930420000007871	epochs	3.0
708.2312687479554	0.03835289999994984	epochs	2.0
708.2312687479554	0.019218799999976	epochs	3.0
708.2504875479553	0.01913409999997384	epochs	3.0
708.2696216479553	0.03801720000001296	epochs	2.0
708.2696216479553	0.019050200000037876	epochs	3.0
708.2886718479554	0.018966999999975087	epochs	3.0
708.3076388479553	0.03768719999993664	epochs	2.0
708.3076388479553	0.01888450000001285	epochs	3.0
708.3265233479553	0.01880269999992379	epochs	3.0
708.3453260479553	0.0373631000001069	epochs	2.0
708.3453260479553	0.018721700000014607	epochs	3.0
708.3640477479553	0.01864140000009229	epochs	3.0
708.3826891479554	0.03704429999993408	epochs	2.0
708.3826891479554	0.01856159999999818	epochs	3.0
708.4012507479554	0.018482699999935903	epochs	3.0
708.4197334479553	0.0367310000000316	epochs	2.0
708.4197334479553	0.018404300000042895	epochs	3.0
708.4381377479554	0.018326699999988705	epochs	3.0
708.4564644479553	0.03642289999993409	epochs	2.0
708.4564644479553	0.018249599999990096	epochs	3.0
708.4747140479553	0.018173299999943993	epochs	3.0
708.4928873479553	0.03612010000006194	epochs	2.0
708.4928873479553	0.0180976000000328	epochs	3.0
708.5109849479553	0.01802250000002914	epochs	3.0
708.5290074479553	0.03582210000001851	epochs	2.0
708.5290074479553	0.017947899999967376	epochs	3.0
708.5469553479553	0.017874200000051133	epochs	3.0
708.5648295479554	0.03552899999999681	epochs	2.0
708.5648295479554	0.017800799999918127	epochs	3.0
708.5826303479553	0.017728200000078687	epochs	3.0
708.6003585479554	0.035240699999917524	epochs	2.0
708.6003585479554	0.017656099999953767	epochs	3.0
708.6180146479553	0.017584599999963757	epochs	3.0
708.6355992479553	0.034957100000042374	epochs	2.0
708.6355992479553	0.017513700000108656	epochs	3.0
708.6531129479554	0.017443399999933717	epochs	3.0
708.6705563479553	0.03467790000001969	epochs	2.0
708.6705563479553	0.017373600000041733	epochs	3.0
708.6879299479554	0.017304299999977957	epochs	3.0
708.7052342479553	0.03440330000000813	epochs	2.0
708.7052342479553	0.01723570000001473	epochs	3.0
708.7224699479553	0.0171675999999934	epochs	3.0
708.7396375479553	0.03413279999995211	epochs	2.0
708.7396375479553	0.01709989999994832	epochs	3.0
708.7567374479553	0.017032900000003792	epochs	3.0
708.7737703479553	0.033866699999975935	epochs	2.0
708.7737703479553	0.01696640000000116	epochs	3.0
708.7907367479553	0.016900299999974777	epochs	3.0
708.8076370479553	0.033604600000103346	epochs	2.0
708.8076370479553	0.016834800000083305	epochs	3.0
708.8244718479554	0.01676980000002004	epochs	3.0
708.8412416479554	0.033346599999958926	epochs	2.0
708.8412416479554	0.01670529999989867	epochs	3.0
708.8579469479553	0.016641300000060255	epochs	3.0
708.8745882479553	0.03309249999995245	epochs	2.0
708.8745882479553	0.01657779999993636	epochs	3.0
708.8911660479553	0.01651470000001609	epochs	3.0
708.9076807479553	0.032842300000083924	epochs	2.0
708.9076807479553	0.01645220000000336	epochs	3.0
708.9241329479553	0.016390100000080565	epochs	3.0
708.9405230479554	0.03259570000000167	epochs	2.0
708.9405230479554	0.01632839999990665	epochs	3.0
708.9568514479553	0.01626730000009502	epochs	3.0
708.9731187479554	0.032352899999978035	epochs	2.0
708.9731187479554	0.01620659999991858	epochs	3.0
708.9893253479553	0.016146300000059455	epochs	3.0
709.0054716479553	0.03211369999996805	epochs	2.0
709.0054716479553	0.016086599999994178	epochs	3.0
709.0215582479553	0.01602709999997387	epochs	3.0
709.0375853479553	0.03187800000000607	epochs	2.0
709.0375853479553	0.015968199999974786	epochs	3.0
709.0535535479553	0.015909800000031282	epochs	3.0
709.0694633479553	0.031645700000012766	epochs	2.0
709.0694633479553	0.01585160000001906	epochs	3.0
709.0853149479553	0.015794099999993705	epochs	3.0
709.1011090479553	0.0314167000000225	epochs	2.0
709.1011090479553	0.01573669999993399	epochs	3.0
709.1168457479553	0.015680000000088512	epochs	3.0
709.1325257479554	0.031191100000000915	epochs	2.0
709.1325257479554	0.015623599999912585	epochs	3.0
709.1481493479553	0.01556750000008833	epochs	3.0
709.1637168479554	0.030968700000016725	epochs	2.0
709.1637168479554	0.015511999999944237	epochs	3.0
709.1792288479553	0.015456700000072487	epochs	3.0
709.1946855479554	0.030749499999956242	epochs	2.0
709.1946855479554	0.015401999999994587	epochs	3.0
709.2100875479554	0.015347499999961656	epochs	3.0
709.2254350479553	0.03053320000003623	epochs	2.0
709.2254350479553	0.015293400000018664	epochs	3.0
709.2407284479553	0.015239800000017567	epochs	3.0
709.2559682479554	0.030320099999926242	epochs	2.0
709.2559682479554	0.015186499999913394	epochs	3.0
709.2711547479553	0.015133600000012848	epochs	3.0
709.2862883479553	0.03010990000007041	epochs	2.0
709.2862883479553	0.015081000000009226	epochs	3.0
709.3013693479553	0.015028900000061185	epochs	3.0
709.3163982479554	0.029902499999934662	epochs	2.0
709.3163982479554	0.01497699999993074	epochs	3.0
709.3313752479553	0.014925500000003922	epochs	3.0
709.3463007479553	0.029698100000018712	epochs	2.0
709.3463007479553	0.014874400000053356	epochs	3.0
709.3611751479554	0.014823699999965356	epochs	3.0
709.3759988479553	0.02949630000000525	epochs	2.0
709.3759988479553	0.014773200000036013	epochs	3.0
709.3907720479554	0.014723099999969236	epochs	3.0
709.4054951479553	0.02929740000001857	epochs	2.0
709.4054951479553	0.014673399999992398	epochs	3.0
709.4201685479553	0.014624000000026172	epochs	3.0
709.4347925479553	0.029101099999934377	epochs	2.0
709.4347925479553	0.01457489999995687	epochs	3.0
709.4493674479553	0.014526199999977507	epochs	3.0
709.4638936479553	0.02890740000009373	epochs	2.0
709.4638936479553	0.014477700000043114	epochs	3.0
709.4783713479553	0.014429700000050616	epochs	3.0
709.4928010479554	0.028716199999962555	epochs	2.0
709.4928010479554	0.014381799999910072	epochs	3.0
709.5071828479553	0.014334400000052483	epochs	3.0
709.5215172479553	0.02852759999996124	epochs	2.0
709.5215172479553	0.01428720000001249	epochs	3.0
709.5358044479553	0.01424039999994875	epochs	3.0
709.5500448479553	0.028341400000044814	epochs	2.0
709.5500448479553	0.014193800000043666	epochs	3.0
709.5642386479553	0.014147600000001148	epochs	3.0
709.5783862479553	0.028157699999951546	epochs	2.0
709.5783862479553	0.014101699999969242	epochs	3.0
709.5924879479553	0.014055999999982305	epochs	3.0
709.6065439479553	0.027976300000091214	epochs	2.0
709.6065439479553	0.01401060000000598	epochs	3.0
709.6205545479553	0.013965700000085235	epochs	3.0
709.6345202479554	0.027797199999895383	epochs	2.0
709.6345202479554	0.013920799999937117	epochs	3.0
709.6484410479553	0.013876399999958267	epochs	3.0
709.6623174479553	0.027620400000046175	epochs	2.0
709.6623174479553	0.013832200000024386	epochs	3.0
709.6761496479553	0.013788200000021789	epochs	3.0
709.6899378479553	0.027445899999975154	epochs	2.0
709.6899378479553	0.013744599999995444	epochs	3.0
709.7036824479553	0.01370129999997971	epochs	3.0
709.7173837479553	0.027273499999978412	epochs	2.0
709.7173837479553	0.013658200000008947	epochs	3.0
709.7310419479553	0.013615299999969466	epochs	3.0
709.7446572479553	0.02710340000010092	epochs	2.0
709.7446572479553	0.013572800000019924	epochs	3.0
709.7582300479553	0.013530600000080995	epochs	3.0
709.7717606479554	0.026935199999911674	epochs	2.0
709.7717606479554	0.01348839999991469	epochs	3.0
709.7852490479553	0.013446799999996983	epochs	3.0
709.7986958479553	0.026769199999989723	epochs	2.0
709.7986958479553	0.013405200000079276	epochs	3.0
709.8121010479554	0.013363999999910448	epochs	3.0
709.8254650479553	0.026605200000062723	epochs	2.0
709.8254650479553	0.013322900000048321	epochs	3.0
709.8387879479553	0.013282300000014402	epochs	3.0
709.8520702479553	0.026443200000016986	epochs	2.0
709.8520702479553	0.013241699999980483	epochs	3.0
709.8653119479553	0.013201500000036503	epochs	3.0
709.8785134479554	0.0262831999999662	epochs	2.0
709.8785134479554	0.013161500000023807	epochs	3.0
709.8916749479554	0.013121699999942393	epochs	3.0
709.9047966479553	0.02612499999997908	epochs	2.0
709.9047966479553	0.013082100000019636	epochs	3.0
709.9178787479553	0.013042899999959445	epochs	3.0
709.9309216479553	0.025968900000066242	epochs	2.0
709.9309216479553	0.01300390000005791	epochs	3.0
709.9439255479554	0.012965000000008331	epochs	3.0
709.9568905479554	0.025814499999910367	epochs	2.0
709.9568905479554	0.012926399999969362	epochs	3.0
709.9698169479553	0.012888099999941005	epochs	3.0
709.9827050479553	0.025661900000045534	epochs	2.0
709.9827050479553	0.012849899999991976	epochs	3.0
709.9955549479553	0.012812000000053558	epochs	3.0
710.0083669479553	0.025511199999982637	epochs	2.0
710.0083669479553	0.012774400000012065	epochs	3.0
710.0211413479553	0.012736799999970572	epochs	3.0
710.0338781479553	0.025362299999983406	epochs	2.0
710.0338781479553	0.01269969999998466	epochs	3.0
710.0465778479553	0.012662599999998747	epochs	3.0
710.0592404479553	0.025215000000002874	epochs	2.0
710.0592404479553	0.012625800000023446	epochs	3.0
710.0718662479553	0.012589199999979428	epochs	3.0
710.0844554479553	0.024584800000070572	epochs	2.0
710.1048878479553	0.5	epochs	-1.0
710.1090402479554	0.9999199999999746	epochs	1.0
710.6048878479553	0.5	epochs	-1.0
712.311999797821	0.11904000000004089	epochs	0.0
712.311999797821	0.054520300000035604	epochs	1.0
712.3665200978211	0.009999399999969683	epochs	1.0
712.376519497821	0.054520300000035604	epochs	1.0
712.4310397978211	2.0	epochs	0.0
714.4310397978211	0.5411199999999781	epochs	0.0
714.4310397978211	0.5411199999999781	epochs	1.0
714.4310473978211	0.5	epochs	-1.0
714.9310473978211	0.041112399999974514	epochs	-1.0
714.9721597978211	21.458799999999997	epochs	0.0
716.1779999732971	0.11904000000004089	epochs	0.0
716.1779999732971	0.054520300000035604	epochs	1.0
716.2325202732972	0.009999399999969683	epochs	1.0
716.2425196732971	0.054520300000035604	epochs	1.0
716.2970399732972	2.0	epochs	0.0
718.2970399732972	0.5008799999999383	epochs	0.0
718.2970399732972	0.5008799999999383	epochs	1.0
718.2970475732972	0.5	epochs	-1.0
718.7970475732972	0.0008723999999347143	epochs	-1.0
718.7979199732971	21.499040000000036	epochs	0.0
720.045000076294	0.11904000000004089	epochs	0.0
720.045000076294	0.054520300000035604	epochs	1.0
720.099520376294	0.009999399999969683	epochs	1.0
720.109519776294	0.054520300000035604	epochs	1.0
720.164040076294	2.0	epochs	0.0
722.164040076294	0.5406399999999394	epochs	0.0
722.164040076294	0.5406399999999394	epochs	1.0
722.164047676294	0.5	epochs	-1.0
722.664047676294	0.04063239999993584	epochs	-1.0
722.7046800762939	21.459280000000035	epochs	0.0
723.7389998435974	0.11904000000004089	epochs	0.0
723.7389998435974	0.054520300000035604	epochs	1.0
723.7935201435974	0.009999399999969683	epochs	1.0
723.8035195435974	0.054520300000035604	epochs	1.0
723.8580398435975	2.0	epochs	0.0
725.8580398435975	0.5409599999999273	epochs	0.0
725.8580398435975	0.5409599999999273	epochs	1.0
725.8580474435975	0.5	epochs	-1.0
726.3580474435975	0.04095239999992373	epochs	-1.0
726.3989998435974	21.458960000000047	epochs	0.0
727.4229998588562	0.11904000000004089	epochs	0.0
727.4229998588562	0.054520300000035604	epochs	1.0
727.4775201588562	0.009999399999969683	epochs	1.0
727.4875195588562	0.054520300000035604	epochs	1.0
727.5420398588562	2.0	epochs	0.0
729.5420398588562	0.5410399999999527	epochs	0.0
729.5420398588562	0.5410399999999527	epochs	1.0
729.5420474588562	0.5	epochs	-1.0
730.0420474588562	0.04103239999994912	epochs	-1.0
730.0830798588562	21.458880000000022	epochs	0.0
731.1370000839233	0.11904000000004089	epochs	0.0
731.1370000839233	0.054520300000035604	epochs	1.0
731.1915203839234	0.009999399999969683	epochs	1.0
731.2015197839233	0.054520300000035604	epochs	1.0
731.2560400839234	2.0	epochs	0.0
733.2560400839234	5.38047999999992	epochs	0.0
733.2560400839234	1.0	epochs	1.0
733.2560476839234	0.5	epochs	-1.0
733.7560476839234	4.880472399999917	epochs	-1.0
734.2560400839234	4.38047999999992	epochs	1.0
734.2560400839234	4.356753899999944	epochs	-1.0
734.2560400839234	1.9745871999999736	epochs	2.0
734.2560400839234	1.0985621999999466	epochs	3.0
735.3546022839233	0.8760250000000269	epochs	3.0
736.2306272839234	1.3524075000000266	epochs	2.0
736.2306272839234	0.7286354999999958	epochs	3.0
736.9592627839234	0.6237720000000309	epochs	3.0
737.5830347839234	1.029759199999944	epochs	2.0
737.5830347839234	0.5453292999999348	epochs	3.0
738.1283640839233	0.4844299000000092	epochs	3.0
738.6127939839233	0.023726099999976213	epochs	2.0
738.6127939839233	0.023726099999976213	epochs	3.0
738.6365200839233	16.619440000000054	epochs	0.0
879.941999912262	0.11904000000004089	epochs	0.0
879.941999912262	0.054520300000035604	epochs	1.0
879.996520212262	0.009999399999969683	epochs	1.0
880.006519612262	0.054520300000035604	epochs	1.0
880.061039912262	0.2299199999999928	epochs	0.0
880.061039912262	0.049999999999954525	epochs	1.0
880.111039912262	0.009999999999990905	epochs	1.0
880.121039912262	0.05000000000006821	epochs	1.0
880.171039912262	0.009999999999990905	epochs	1.0
880.181039912262	0.049999999999954525	epochs	1.0
880.231039912262	0.009999999999990905	epochs	1.0
880.241039912262	0.04992000000004282	epochs	1.0
