onset	duration	nwb_table	treelevel
10.105000019073486	0.09999999999999964	epochs	0.0
10.105000019073486	0.04499999999999993	epochs	1.0
10.150000019073486	0.009999999999999787	epochs	1.0
10.160000019073486	0.04499999999999993	epochs	1.0
10.205000019073486	0.7049950000000003	epochs	0.0
10.205000019073486	0.5	epochs	-1.0
10.205000019073486	0.5	epochs	-1.0
10.205000019073486	0.5	epochs	1.0
10.705000019073486	0.0600000000000005	epochs	-1.0
10.705000019073486	0.025000000000000355	epochs	-1.0
10.705000019073486	0.025000000000000355	epochs	1.0
10.730000019073486	0.009999999999999787	epochs	-1.0
10.730000019073486	0.009999999999999787	epochs	1.0
10.740000019073486	0.025000000000000355	epochs	-1.0
10.740000019073486	0.025000000000000355	epochs	1.0
10.765000019073486	0.0600000000000005	epochs	-1.0
10.765000019073486	0.025000000000000355	epochs	-1.0
10.765000019073486	0.025000000000000355	epochs	1.0
10.790000019073487	0.009999999999999787	epochs	-1.0
10.790000019073487	0.009999999999999787	epochs	1.0
10.800000019073487	0.025000000000000355	epochs	-1.0
10.800000019073487	0.025000000000000355	epochs	1.0
10.825000019073487	0.05999999999999872	epochs	-1.0
10.825000019073487	0.02499999999999858	epochs	-1.0
10.825000019073487	0.02499999999999858	epochs	1.0
10.850000019073486	0.010000000000001563	epochs	-1.0
10.850000019073486	0.010000000000001563	epochs	1.0
10.860000019073487	0.02499999999999858	epochs	-1.0
10.860000019073487	0.02499999999999858	epochs	1.0
10.885000019073486	0.024995000000000545	epochs	1.0
213.7979998588562	0.09999999999999432	epochs	0.0
213.7979998588562	0.044999999999987494	epochs	1.0
213.8429998588562	0.010000000000019327	epochs	1.0
213.8529998588562	0.044999999999987494	epochs	1.0
213.8979998588562	0.7049949999999967	epochs	0.0
213.8979998588562	0.5	epochs	-1.0
213.8979998588562	0.5	epochs	1.0
214.3979998588562	0.060000000000002274	epochs	-1.0
214.3979998588562	0.025000000000005684	epochs	-1.0
214.3979998588562	0.025000000000005684	epochs	1.0
214.4229998588562	0.009999999999990905	epochs	-1.0
214.4229998588562	0.009999999999990905	epochs	1.0
214.4329998588562	0.025000000000005684	epochs	-1.0
214.4329998588562	0.025000000000005684	epochs	1.0
214.4579998588562	0.060000000000002274	epochs	-1.0
214.4579998588562	0.025000000000005684	epochs	-1.0
214.4579998588562	0.025000000000005684	epochs	1.0
214.4829998588562	0.009999999999990905	epochs	-1.0
214.4829998588562	0.009999999999990905	epochs	1.0
214.4929998588562	0.025000000000005684	epochs	-1.0
214.4929998588562	0.025000000000005684	epochs	1.0
214.5179998588562	0.060000000000002274	epochs	-1.0
214.5179998588562	0.025000000000005684	epochs	-1.0
214.5179998588562	0.025000000000005684	epochs	1.0
214.5429998588562	0.009999999999990905	epochs	-1.0
214.5429998588562	0.009999999999990905	epochs	1.0
214.5529998588562	0.025000000000005684	epochs	-1.0
214.5529998588562	0.025000000000005684	epochs	1.0
214.5779998588562	0.024994999999989886	epochs	1.0
274.59499979019165	0.10000000000002274	epochs	0.0
274.59499979019165	0.045000000000015916	epochs	1.0
274.63999979019167	0.009999999999990905	epochs	1.0
274.64999979019166	0.045000000000015916	epochs	1.0
274.6949997901917	61.384995	epochs	0.0
274.6949997901917	0.5	epochs	-1.0
274.6949997901917	0.5	epochs	-1.0
274.6949997901917	0.5	epochs	1.0
275.1949997901917	0.060000000000002274	epochs	-1.0
275.1949997901917	0.024999999999977263	epochs	-1.0
275.1949997901917	0.024999999999977263	epochs	1.0
275.21999979019165	0.009999999999990905	epochs	-1.0
275.21999979019165	0.009999999999990905	epochs	1.0
275.22999979019164	0.025000000000034106	epochs	-1.0
275.22999979019164	0.025000000000034106	epochs	1.0
275.2549997901917	0.060000000000002274	epochs	-1.0
275.2549997901917	0.024999999999977263	epochs	-1.0
275.2549997901917	0.024999999999977263	epochs	1.0
275.27999979019165	0.009999999999990905	epochs	-1.0
275.27999979019165	0.009999999999990905	epochs	1.0
275.28999979019164	0.025000000000034106	epochs	-1.0
275.28999979019164	0.025000000000034106	epochs	1.0
275.3149997901917	0.05999999999994543	epochs	-1.0
275.3149997901917	0.024999999999977263	epochs	-1.0
275.3149997901917	0.024999999999977263	epochs	1.0
275.33999979019165	0.009999999999990905	epochs	-1.0
275.33999979019165	0.009999999999990905	epochs	1.0
275.34999979019165	0.024999999999977263	epochs	-1.0
275.34999979019165	0.024999999999977263	epochs	1.0
275.3749997901916	60.0	epochs	1.0
335.3749997901916	0.5	epochs	-1.0
335.3749997901916	0.5	epochs	-1.0
335.3749997901916	0.5	epochs	1.0
335.8749997901916	0.06000000000005912	epochs	-1.0
335.8749997901916	0.025000000000034106	epochs	-1.0
335.8749997901916	0.025000000000034106	epochs	1.0
335.89999979019166	0.009999999999990905	epochs	-1.0
335.89999979019166	0.009999999999990905	epochs	1.0
335.90999979019165	0.025000000000034106	epochs	-1.0
335.90999979019165	0.025000000000034106	epochs	1.0
335.9349997901917	0.05999999999994543	epochs	-1.0
335.9349997901917	0.024999999999977263	epochs	-1.0
335.9349997901917	0.024999999999977263	epochs	1.0
335.95999979019166	0.009999999999990905	epochs	-1.0
335.95999979019166	0.009999999999990905	epochs	1.0
335.96999979019165	0.024999999999977263	epochs	-1.0
335.96999979019165	0.024999999999977263	epochs	1.0
335.9949997901916	0.060000000000002274	epochs	-1.0
335.9949997901916	0.025000000000034106	epochs	-1.0
335.9949997901916	0.025000000000034106	epochs	1.0
336.01999979019166	0.009999999999990905	epochs	-1.0
336.01999979019166	0.009999999999990905	epochs	1.0
336.02999979019165	0.024999999999977263	epochs	-1.0
336.02999979019165	0.024999999999977263	epochs	1.0
336.05499979019163	0.02499500000004673	epochs	1.0
357.80200004577637	0.10000000000002274	epochs	0.0
357.80200004577637	0.045000000000015916	epochs	1.0
357.8470000457764	0.009999999999990905	epochs	1.0
357.8570000457764	0.045000000000015916	epochs	1.0
357.9020000457764	0.7049949999999967	epochs	0.0
357.9020000457764	0.5	epochs	-1.0
357.9020000457764	0.5	epochs	-1.0
357.9020000457764	0.5	epochs	1.0
358.4020000457764	0.060000000000002274	epochs	-1.0
358.4020000457764	0.024999999999977263	epochs	-1.0
358.4020000457764	0.024999999999977263	epochs	1.0
358.42700004577637	0.009999999999990905	epochs	-1.0
358.42700004577637	0.009999999999990905	epochs	1.0
358.43700004577636	0.025000000000034106	epochs	-1.0
358.43700004577636	0.025000000000034106	epochs	1.0
358.4620000457764	0.060000000000002274	epochs	-1.0
358.4620000457764	0.024999999999977263	epochs	-1.0
358.4620000457764	0.024999999999977263	epochs	1.0
358.48700004577637	0.009999999999990905	epochs	-1.0
358.48700004577637	0.009999999999990905	epochs	1.0
358.49700004577636	0.025000000000034106	epochs	-1.0
358.49700004577636	0.025000000000034106	epochs	1.0
358.5220000457764	0.05999999999994543	epochs	-1.0
358.5220000457764	0.024999999999977263	epochs	-1.0
358.5220000457764	0.024999999999977263	epochs	1.0
358.5470000457764	0.009999999999990905	epochs	-1.0
358.5470000457764	0.009999999999990905	epochs	1.0
358.55700004577636	0.024999999999977263	epochs	-1.0
358.55700004577636	0.024999999999977263	epochs	1.0
358.58200004577634	0.02499500000004673	epochs	1.0
396.018000125885	0.11876000000000886	epochs	0.0
396.018000125885	0.054380200000025525	epochs	1.0
396.07238032588504	0.009999599999957809	epochs	1.0
396.082379925885	0.054380200000025525	epochs	1.0
396.136760125885	5.999979999999994	epochs	0.0
396.136760125885	0.5	epochs	1.0
396.136764925885	0.5	epochs	-1.0
396.136764925885	0.5	epochs	-1.0
396.636760125885	5.0	epochs	1.0
401.636760125885	0.49997999999999365	epochs	1.0
401.636764925885	0.4999751999999944	epochs	-1.0
406.44799995422363	0.11876000000000886	epochs	0.0
406.44799995422363	0.054380200000025525	epochs	1.0
406.50238015422366	0.009999599999957809	epochs	1.0
406.5123797542236	0.054380200000025525	epochs	1.0
406.56675995422364	2.541060000000016	epochs	0.0
406.56675995422364	0.5	epochs	1.0
406.56676475422364	0.5	epochs	-1.0
407.06675995422364	1.0	epochs	1.0
408.06675995422364	1.0410600000000159	epochs	1.0
408.56676475422364	0.5	epochs	-1.0
409.10781995422366	0.9589199999999778	epochs	0.0
409.46399974823	0.11876000000000886	epochs	0.0
409.46399974823	0.054380200000025525	epochs	1.0
409.51837994823	0.009999599999957809	epochs	1.0
409.52837954822996	0.054380200000025525	epochs	1.0
409.58275974823	3.000879999999995	epochs	0.0
409.58275974823	0.5	epochs	1.0
409.58276454823	0.5	epochs	-1.0
410.08275974823	1.0	epochs	1.0
411.08275974823	1.500879999999995	epochs	1.0
411.58276454823	0.5	epochs	-1.0
412.08276454823	0.5	epochs	-1.0
412.58363974823	0.49909999999999854	epochs	0.0
412.9140000343323	0.11876000000000886	epochs	0.0
412.9140000343323	0.054380200000025525	epochs	1.0
412.9683802343323	0.009999599999957809	epochs	1.0
412.97837983433226	0.054380200000025525	epochs	1.0
413.0327600343323	3.4999799999999937	epochs	0.0
413.0327600343323	0.5	epochs	1.0
413.0327648343323	0.5	epochs	-1.0
413.5327600343323	1.0	epochs	1.0
414.5327600343323	1.9999799999999937	epochs	1.0
415.0327648343323	0.5	epochs	-1.0
415.5327648343323	0.5	epochs	-1.0
416.89799976348877	0.11876000000000886	epochs	0.0
416.89799976348877	0.054380200000025525	epochs	1.0
416.9523799634888	0.009999599999957809	epochs	1.0
416.96237956348875	0.054380200000025525	epochs	1.0
417.0167597634888	3.4999799999999937	epochs	0.0
417.0167597634888	0.5	epochs	1.0
417.0167645634888	0.5	epochs	-1.0
417.5167597634888	1.0	epochs	1.0
418.5167597634888	1.9999799999999937	epochs	1.0
419.0167645634888	0.5	epochs	-1.0
419.5167645634888	0.5	epochs	-1.0
420.86499977111816	0.11876000000000886	epochs	0.0
420.86499977111816	0.054380200000025525	epochs	1.0
420.9193799711182	0.009999599999957809	epochs	1.0
420.92937957111815	0.054380200000025525	epochs	1.0
420.9837597711182	0.5213600000000156	epochs	0.0
420.9837597711182	0.5	epochs	1.0
420.9837645711182	0.5	epochs	-1.0
421.4837597711182	0.02136000000001559	epochs	1.0
421.5051197711182	2.978619999999978	epochs	0.0
434.0380001068115	0.11876000000000886	epochs	0.0
434.0380001068115	0.054380200000025525	epochs	1.0
434.09238030681155	0.009999599999957809	epochs	1.0
434.1023799068115	0.054380200000025525	epochs	1.0
434.15676010681153	3.0407599999999775	epochs	0.0
434.15676010681153	0.5	epochs	1.0
434.15676490681153	0.5	epochs	-1.0
434.65676010681153	1.0	epochs	1.0
435.65676010681153	1.5407599999999775	epochs	1.0
436.15676490681153	0.5	epochs	-1.0
436.65676490681153	0.5	epochs	-1.0
437.1975201068115	0.45922000000001617	epochs	0.0
437.6009998321533	0.11876000000000886	epochs	0.0
437.6009998321533	0.054380200000025525	epochs	1.0
437.65538003215335	0.009999599999957809	epochs	1.0
437.6653796321533	0.054380200000025525	epochs	1.0
437.71975983215333	3.0016200000000026	epochs	0.0
437.71975983215333	0.5	epochs	1.0
437.7197646321533	0.5	epochs	-1.0
438.21975983215333	1.0	epochs	1.0
439.21975983215333	1.5016200000000026	epochs	1.0
439.7197646321533	0.5	epochs	-1.0
440.2197646321533	0.5	epochs	-1.0
440.72137983215333	0.49835999999999103	epochs	0.0
441.0840001106262	0.11876000000000886	epochs	0.0
441.0840001106262	0.054380200000025525	epochs	1.0
441.13838031062625	0.009999599999957809	epochs	1.0
441.1483799106262	0.054380200000025525	epochs	1.0
441.20276011062623	3.4999799999999937	epochs	0.0
441.20276011062623	0.5	epochs	1.0
441.20276491062623	0.5	epochs	-1.0
441.70276011062623	1.0	epochs	1.0
442.70276011062623	1.9999799999999937	epochs	1.0
443.20276491062623	0.5	epochs	-1.0
443.70276491062623	0.5	epochs	-1.0
445.1300001144409	0.11876000000000886	epochs	0.0
445.1300001144409	0.054380200000025525	epochs	1.0
445.18438031444094	0.009999599999957809	epochs	1.0
445.1943799144409	0.054380200000025525	epochs	1.0
445.2487601144409	3.4999799999999937	epochs	0.0
445.2487601144409	0.5	epochs	1.0
445.2487649144409	0.5	epochs	-1.0
445.7487601144409	1.0	epochs	1.0
446.7487601144409	1.9999799999999937	epochs	1.0
447.2487649144409	0.5	epochs	-1.0
447.7487649144409	0.5	epochs	-1.0
449.24599981307983	0.11876000000000886	epochs	0.0
449.24599981307983	0.054380200000025525	epochs	1.0
449.30038001307986	0.009999599999957809	epochs	1.0
449.3103796130798	0.054380200000025525	epochs	1.0
449.36475981307984	3.4999799999999937	epochs	0.0
449.36475981307984	0.5	epochs	1.0
449.36476461307984	0.5	epochs	-1.0
449.86475981307984	1.0	epochs	1.0
450.86475981307984	1.9999799999999937	epochs	1.0
451.36476461307984	0.5	epochs	-1.0
451.86476461307984	0.5	epochs	-1.0
453.32999992370605	0.11876000000000886	epochs	0.0
453.32999992370605	0.054380200000025525	epochs	1.0
453.3843801237061	0.009999599999957809	epochs	1.0
453.39437972370604	0.054380200000025525	epochs	1.0
453.44875992370606	0.5212199999999712	epochs	0.0
453.44875992370606	0.5	epochs	1.0
453.44876472370606	0.5	epochs	-1.0
453.94875992370606	0.02121999999997115	epochs	1.0
453.96997992370603	2.9787600000000225	epochs	0.0
466.4909996986389	0.11876000000000886	epochs	0.0
466.4909996986389	0.054380200000025525	epochs	1.0
466.54537989863894	0.009999599999957809	epochs	1.0
466.5553794986389	0.054380200000025525	epochs	1.0
466.6097596986389	0.5207399999999893	epochs	0.0
466.6097596986389	0.5	epochs	1.0
466.6097644986389	0.5	epochs	-1.0
467.1097596986389	0.020739999999989323	epochs	1.0
467.1304996986389	2.9792400000000043	epochs	0.0
479.6599998474121	0.11876000000000886	epochs	0.0
479.6599998474121	0.054380200000025525	epochs	1.0
479.71438004741213	0.009999599999957809	epochs	1.0
479.7243796474121	0.054380200000025525	epochs	1.0
479.7787598474121	3.001260000000002	epochs	0.0
479.7787598474121	0.5	epochs	1.0
479.7787646474121	0.5	epochs	-1.0
480.2787598474121	1.0	epochs	1.0
481.2787598474121	1.501260000000002	epochs	1.0
481.7787646474121	0.5	epochs	-1.0
482.2787646474121	0.5	epochs	-1.0
482.7800198474121	0.4987199999999916	epochs	0.0
483.3259997367859	0.6499800000000278	epochs	0.0
483.3259997367859	0.05000000000001137	epochs	1.0
483.3759997367859	0.5	epochs	1.0
483.8759997367859	0.09998000000001639	epochs	1.0
484.4930000305176	0.6499800000000278	epochs	0.0
484.4930000305176	0.05000000000001137	epochs	1.0
484.5430000305176	0.5	epochs	1.0
485.0430000305176	0.09998000000001639	epochs	1.0
485.6089997291565	0.6499800000000278	epochs	0.0
485.6089997291565	0.05000000000001137	epochs	1.0
485.6589997291565	0.5	epochs	1.0
486.1589997291565	0.09998000000001639	epochs	1.0
486.7420001029968	0.6499800000000278	epochs	0.0
486.7420001029968	0.05000000000001137	epochs	1.0
486.79200010299684	0.5	epochs	1.0
487.29200010299684	0.09998000000001639	epochs	1.0
487.8919997215271	0.6499800000000278	epochs	0.0
487.8919997215271	0.05000000000001137	epochs	1.0
487.9419997215271	0.5	epochs	1.0
488.4419997215271	0.09998000000001639	epochs	1.0
489.0920000076294	0.11876000000000886	epochs	0.0
489.0920000076294	0.054380200000025525	epochs	1.0
489.1463802076294	0.009999599999957809	epochs	1.0
489.1563798076294	0.054380200000025525	epochs	1.0
489.2107600076294	2.541179999999997	epochs	0.0
489.2107600076294	0.5	epochs	1.0
489.2107648076294	0.5	epochs	-1.0
489.7107600076294	1.0	epochs	1.0
490.7107600076294	1.041179999999997	epochs	1.0
491.2107646076294	0.5	epochs	-1.0
491.7519400076294	2.9587999999999965	epochs	0.0
494.3589997291565	0.11876000000000886	epochs	0.0
494.3589997291565	0.054380200000025525	epochs	1.0
494.4133799291565	0.009999599999957809	epochs	1.0
494.4233795291565	0.054380200000025525	epochs	1.0
494.4777597291565	0.5213400000000092	epochs	0.0
494.4777597291565	0.5	epochs	1.0
494.4777645291565	0.5	epochs	-1.0
494.9777597291565	0.02134000000000924	epochs	1.0
494.9990997291565	4.978639999999984	epochs	0.0
499.55399990081787	0.11876000000000886	epochs	0.0
499.55399990081787	0.054380200000025525	epochs	1.0
499.6083801008179	0.009999599999957809	epochs	1.0
499.61837970081785	0.054380200000025525	epochs	1.0
499.6727599008179	2.541179999999997	epochs	0.0
499.6727599008179	0.5	epochs	1.0
499.6727647008179	0.5	epochs	-1.0
500.1727599008179	1.0	epochs	1.0
501.1727599008179	1.041179999999997	epochs	1.0
501.6727642008179	0.5	epochs	-1.0
502.2139399008179	2.9587999999999965	epochs	0.0
504.80399990081787	0.11876000000000886	epochs	0.0
504.80399990081787	0.054380200000025525	epochs	1.0
504.8583801008179	0.009999599999957809	epochs	1.0
504.86837970081785	0.054380200000025525	epochs	1.0
504.9227599008179	2.5011599999999703	epochs	0.0
504.9227599008179	0.5	epochs	1.0
504.9227647008179	0.5	epochs	-1.0
505.4227599008179	1.0	epochs	1.0
506.4227599008179	1.0011599999999703	epochs	1.0
506.9227645008179	0.5	epochs	-1.0
507.42391990081785	2.9988200000000234	epochs	0.0
510.003999710083	0.11876000000000886	epochs	0.0
510.003999710083	0.054380200000025525	epochs	1.0
510.05837991008303	0.009999599999957809	epochs	1.0
510.068379510083	0.054380200000025525	epochs	1.0
510.122759710083	2.541660000000036	epochs	0.0
510.122759710083	0.5	epochs	1.0
510.122764510083	0.5	epochs	-1.0
510.622759710083	1.0	epochs	1.0
511.622759710083	1.0416600000000358	epochs	1.0
512.122764310083	0.5	epochs	-1.0
512.664419710083	2.958319999999958	epochs	0.0
515.21399974823	0.11875999999995202	epochs	0.0
515.21399974823	0.05438019999996868	epochs	1.0
515.26837994823	0.009999600000014652	epochs	1.0
515.27837954823	0.05438019999996868	epochs	1.0
515.3327597482299	2.5410400000000664	epochs	0.0
515.3327597482299	0.5	epochs	1.0
515.33276454823	0.5	epochs	-1.0
515.8327597482299	1.0	epochs	1.0
516.8327597482299	1.0410400000000664	epochs	1.0
517.33276424823	0.5	epochs	-1.0
517.87379974823	2.958939999999984	epochs	0.0
520.4809999465942	0.11875999999995202	epochs	0.0
520.4809999465942	0.05438019999996868	epochs	1.0
520.5353801465942	0.009999600000014652	epochs	1.0
520.5453797465942	0.05438019999996868	epochs	1.0
520.5997599465942	3.0412600000000793	epochs	0.0
520.5997599465942	0.5	epochs	1.0
520.5997647465942	0.5	epochs	-1.0
521.0997599465942	1.0	epochs	1.0
522.0997599465942	1.5412600000000793	epochs	1.0
522.5997647465942	0.5	epochs	-1.0
523.0997647465942	0.5	epochs	-1.0
523.6410199465943	3.458719999999971	epochs	0.0
524.21399974823	0.11875999999995202	epochs	0.0
524.21399974823	0.05438019999996868	epochs	1.0
524.26837994823	0.009999600000014652	epochs	1.0
524.27837954823	0.05438019999996868	epochs	1.0
524.3327597482299	2.5414400000000796	epochs	0.0
524.3327597482299	0.5	epochs	1.0
524.33276454823	0.5	epochs	-1.0
524.8327597482299	1.0	epochs	1.0
525.8327597482299	1.0414400000000796	epochs	1.0
526.33276454823	0.5	epochs	-1.0
526.87419974823	3.958539999999971	epochs	0.0
527.4179997444153	0.11875999999995202	epochs	0.0
527.4179997444153	0.05438019999996868	epochs	1.0
527.4723799444153	0.009999600000014652	epochs	1.0
527.4823795444153	0.05438019999996868	epochs	1.0
527.5367597444152	2.5409200000000283	epochs	0.0
527.5367597444152	0.5	epochs	1.0
527.5367645444153	0.5	epochs	-1.0
528.0367597444152	1.0	epochs	1.0
529.0367597444152	1.0409200000000283	epochs	1.0
529.5367645444153	0.5	epochs	-1.0
530.0776797444153	3.9590600000000222	epochs	0.0
530.6849999427795	0.11875999999995202	epochs	0.0
530.6849999427795	0.05438019999996868	epochs	1.0
530.7393801427795	0.009999600000014652	epochs	1.0
530.7493797427795	0.05438019999996868	epochs	1.0
530.8037599427795	0.5217400000000225	epochs	0.0
530.8037599427795	0.5	epochs	1.0
530.8037647427795	0.5	epochs	-1.0
531.3037599427795	0.02174000000002252	epochs	1.0
531.3254999427795	5.978240000000028	epochs	0.0
546.8800001144409	0.11875999999995202	epochs	0.0
546.8800001144409	0.05438019999996868	epochs	1.0
546.9343803144409	0.009999600000014652	epochs	1.0
546.9443799144409	0.05438019999996868	epochs	1.0
546.9987601144409	0.5209600000000592	epochs	0.0
546.9987601144409	0.5	epochs	1.0
546.9987649144409	0.5	epochs	-1.0
547.4987601144409	0.020960000000059154	epochs	1.0
547.5197201144409	5.979019999999991	epochs	0.0
563.0359997749329	0.11875999999995202	epochs	0.0
563.0359997749329	0.05438019999996868	epochs	1.0
563.0903799749328	0.009999600000014652	epochs	1.0
563.1003795749328	0.05438019999996868	epochs	1.0
563.1547597749328	3.5009600000000773	epochs	0.0
563.1547597749328	0.5	epochs	1.0
563.1547645749329	0.5	epochs	-1.0
563.6547597749328	1.0	epochs	1.0
564.6547597749328	2.0009600000000773	epochs	1.0
565.1547645749329	0.5	epochs	-1.0
565.6547645749329	0.5	epochs	-1.0
566.1547645749329	0.5	epochs	-1.0
566.6557197749329	2.999019999999973	epochs	0.0
567.3699998855591	0.11875999999995202	epochs	0.0
567.3699998855591	0.05438019999996868	epochs	1.0
567.424380085559	0.009999600000014652	epochs	1.0
567.4343796855591	0.05438019999996868	epochs	1.0
567.488759885559	3.000880000000052	epochs	0.0
567.488759885559	0.5	epochs	1.0
567.4887646855591	0.5	epochs	-1.0
567.988759885559	1.0	epochs	1.0
568.988759885559	1.500880000000052	epochs	1.0
569.4887646855591	0.5	epochs	-1.0
569.9887646855591	0.5	epochs	-1.0
570.4896398855591	3.4990999999999985	epochs	0.0
571.186999797821	0.11875999999995202	epochs	0.0
571.186999797821	0.05438019999996868	epochs	1.0
571.241379997821	0.009999600000014652	epochs	1.0
571.251379597821	0.05438019999996868	epochs	1.0
571.305759797821	3.0016200000000026	epochs	0.0
571.305759797821	0.5	epochs	1.0
571.305764597821	0.5	epochs	-1.0
571.805759797821	1.0	epochs	1.0
572.805759797821	1.5016200000000026	epochs	1.0
573.305764597821	0.5	epochs	-1.0
573.805764597821	0.5	epochs	-1.0
574.307379797821	3.498360000000048	epochs	0.0
575.0199999809265	0.15297999999995682	epochs	0.0
575.0199999809265	0.049999999999954525	epochs	1.0
575.0699999809265	0.0030000000000427463	epochs	1.0
575.0729999809265	0.09997999999995955	epochs	1.0
575.936999797821	0.15297999999995682	epochs	0.0
575.936999797821	0.049999999999954525	epochs	1.0
575.986999797821	0.0030000000000427463	epochs	1.0
575.989999797821	0.09997999999995955	epochs	1.0
576.7399997711182	0.15297999999995682	epochs	0.0
576.7399997711182	0.049999999999954525	epochs	1.0
576.7899997711181	0.0030000000000427463	epochs	1.0
576.7929997711182	0.09997999999995955	epochs	1.0
577.6399998664856	0.15297999999995682	epochs	0.0
577.6399998664856	0.049999999999954525	epochs	1.0
577.6899998664856	0.0030000000000427463	epochs	1.0
577.6929998664856	0.09997999999995955	epochs	1.0
578.5229997634888	0.15297999999995682	epochs	0.0
578.5229997634888	0.049999999999954525	epochs	1.0
578.5729997634887	0.0030000000000427463	epochs	1.0
578.5759997634888	0.09997999999995955	epochs	1.0
579.4229998588562	0.15297999999995682	epochs	0.0
579.4229998588562	0.049999999999954525	epochs	1.0
579.4729998588562	0.0030000000000427463	epochs	1.0
579.4759998588562	0.09997999999995955	epochs	1.0
580.2729997634888	0.15297999999995682	epochs	0.0
580.2729997634888	0.049999999999954525	epochs	1.0
580.3229997634887	0.0030000000000427463	epochs	1.0
580.3259997634888	0.09997999999995955	epochs	1.0
581.1900000572205	0.15297999999995682	epochs	0.0
581.1900000572205	0.049999999999954525	epochs	1.0
581.2400000572204	0.0030000000000427463	epochs	1.0
581.2430000572205	0.09997999999995955	epochs	1.0
582.1059999465942	0.15297999999995682	epochs	0.0
582.1059999465942	0.049999999999954525	epochs	1.0
582.1559999465942	0.0030000000000427463	epochs	1.0
582.1589999465942	0.09997999999995955	epochs	1.0
583.039999961853	0.11875999999995202	epochs	0.0
583.039999961853	0.05438019999996868	epochs	1.0
583.094380161853	0.009999600000014652	epochs	1.0
583.104379761853	0.05438019999996868	epochs	1.0
583.158759961853	1.54162000000008	epochs	0.0
583.158759961853	0.5	epochs	1.0
583.158764761853	0.5	epochs	-1.0
583.658759961853	0.0030000000000427463	epochs	1.0
583.661759961853	1.0386200000000372	epochs	1.0
584.1617647618531	0.5	epochs	-1.0
584.7003799618531	0.061359999999922366	epochs	0.0
585.3899998664856	0.11875999999995202	epochs	0.0
585.3899998664856	0.05438019999996868	epochs	1.0
585.4443800664856	0.009999600000014652	epochs	1.0
585.4543796664856	0.05438019999996868	epochs	1.0
585.5087598664855	0.5214799999999968	epochs	0.0
585.5087598664855	0.5	epochs	1.0
585.5087646664856	0.5	epochs	-1.0
586.0087598664855	0.0030000000000427463	epochs	1.0
586.0117598664856	0.01847999999995409	epochs	1.0
586.0302398664855	1.0815000000000055	epochs	0.0
587.6389999389648	0.11875999999995202	epochs	0.0
587.6389999389648	0.05438019999996868	epochs	1.0
587.6933801389648	0.009999600000014652	epochs	1.0
587.7033797389648	0.05438019999996868	epochs	1.0
587.7577599389648	1.54162000000008	epochs	0.0
587.7577599389648	0.5	epochs	1.0
587.7577647389649	0.5	epochs	-1.0
588.2577599389648	0.0030000000000427463	epochs	1.0
588.2607599389648	1.0386200000000372	epochs	1.0
588.7607647389649	0.5	epochs	-1.0
589.2993799389649	0.061359999999922366	epochs	0.0
589.9889998435974	0.11875999999995202	epochs	0.0
589.9889998435974	0.05438019999996868	epochs	1.0
590.0433800435974	0.009999600000014652	epochs	1.0
590.0533796435974	0.05438019999996868	epochs	1.0
590.1077598435974	1.6029800000000023	epochs	0.0
590.1077598435974	0.5	epochs	1.0
590.1077646435974	0.5	epochs	-1.0
590.6077598435974	0.0030000000000427463	epochs	1.0
590.6107598435974	1.0999799999999595	epochs	1.0
591.1107646435975	0.5	epochs	-1.0
592.4559998512268	0.11875999999995202	epochs	0.0
592.4559998512268	0.05438019999996868	epochs	1.0
592.5103800512268	0.009999600000014652	epochs	1.0
592.5203796512268	0.05438019999996868	epochs	1.0
592.5747598512268	1.540740000000028	epochs	0.0
592.5747598512268	0.5	epochs	1.0
592.5747646512268	0.5	epochs	-1.0
593.0747598512268	0.0030000000000427463	epochs	1.0
593.0777598512268	1.0377399999999852	epochs	1.0
593.5777646512269	0.5	epochs	-1.0
594.1154998512268	0.062239999999974316	epochs	0.0
594.8730001449585	0.11875999999995202	epochs	0.0
594.8730001449585	0.05438019999996868	epochs	1.0
594.9273803449585	0.009999600000014652	epochs	1.0
594.9373799449585	0.05438019999996868	epochs	1.0
594.9917601449584	1.5416400000000294	epochs	0.0
594.9917601449584	0.5	epochs	1.0
594.9917649449585	0.5	epochs	-1.0
595.4917601449584	0.0030000000000427463	epochs	1.0
595.4947601449585	1.0386399999999867	epochs	1.0
595.9947649449585	0.5	epochs	-1.0
596.5334001449585	0.06133999999997286	epochs	0.0
597.2569999694824	0.11875999999995202	epochs	0.0
597.2569999694824	0.05438019999996868	epochs	1.0
597.3113801694824	0.009999600000014652	epochs	1.0
597.3213797694824	0.05438019999996868	epochs	1.0
597.3757599694824	1.5410000000000537	epochs	0.0
597.3757599694824	0.5	epochs	1.0
597.3757647694824	0.5	epochs	-1.0
597.8757599694824	0.0030000000000427463	epochs	1.0
597.8787599694824	1.038000000000011	epochs	1.0
598.3787647694825	0.5	epochs	-1.0
598.9167599694824	0.06197999999994863	epochs	0.0
599.7230000495911	0.11875999999995202	epochs	0.0
599.7230000495911	0.05438019999996868	epochs	1.0
599.777380249591	0.009999600000014652	epochs	1.0
599.787379849591	0.05438019999996868	epochs	1.0
599.841760049591	0.5214799999999968	epochs	0.0
599.841760049591	0.5	epochs	1.0
599.8417648495911	0.5	epochs	-1.0
600.341760049591	0.021479999999996835	epochs	1.0
600.363240049591	18.978500000000054	epochs	0.0
628.9649996757507	0.11875999999995202	epochs	0.0
628.9649996757507	0.05438019999996868	epochs	1.0
629.0193798757507	0.009999600000014652	epochs	1.0
629.0293794757507	0.05438019999996868	epochs	1.0
629.0837596757507	3.1812000000001035	epochs	0.0
629.0837596757507	0.5	epochs	1.0
629.0837644757507	0.5	epochs	-1.0
629.5837596757507	2.6812000000001035	epochs	1.0
631.2646196757507	1.000340000000051	epochs	-1.0
631.2646196757507	0.03956000000005133	epochs	-1.0
631.7621044757508	0.5	epochs	-1.0
632.2649596757508	16.318779999999947	epochs	0.0
633.2649998664856	0.11875999999995202	epochs	0.0
633.2649998664856	0.05438019999996868	epochs	1.0
633.3193800664856	0.009999600000014652	epochs	1.0
633.3293796664856	0.05438019999996868	epochs	1.0
633.3837598664855	3.6412800000000516	epochs	0.0
633.3837598664855	0.5	epochs	1.0
633.3837646664856	0.5	epochs	-1.0
633.8837598664855	3.1412800000000516	epochs	1.0
635.5251198664856	1.4999199999999746	epochs	-1.0
635.5251198664856	0.0402000000000271	epochs	-1.0
636.0226046664856	0.5	epochs	-1.0
636.5226046664856	0.5	epochs	-1.0
637.0250398664856	15.858699999999999	epochs	0.0
638.0349998474121	0.11875999999995202	epochs	0.0
638.0349998474121	0.05438019999996868	epochs	1.0
638.0893800474121	0.009999600000014652	epochs	1.0
638.0993796474121	0.05438019999996868	epochs	1.0
638.1537598474121	3.180940000000078	epochs	0.0
638.1537598474121	0.5	epochs	1.0
638.1537646474121	0.5	epochs	-1.0
638.6537598474121	2.680940000000078	epochs	1.0
640.3347398474122	0.9999599999999873	epochs	-1.0
640.3347398474122	0.039559999999937645	epochs	-1.0
640.8322246474121	0.5	epochs	-1.0
641.3346998474121	16.319039999999973	epochs	0.0
655.3740000724792	0.118720000000053	epochs	0.0
655.3740000724792	0.054361900000003516	epochs	1.0
655.4283619724793	0.009996200000045974	epochs	1.0
655.4383581724793	0.054361900000003516	epochs	1.0
655.4927200724793	2.0	epochs	0.0
657.4927200724793	1.8010399999999436	epochs	0.0
657.4927200724793	1.0	epochs	1.0
657.4927648724793	0.5	epochs	-1.0
657.9927648724793	1.3009951999999885	epochs	-1.0
658.4927200724793	0.8010399999999436	epochs	-1.0
658.4927200724793	0.8010399999999436	epochs	1.0
658.4927200724793	0.8010399999999436	epochs	2.0
658.4927200724793	0.8010399999999436	epochs	3.0
659.2937600724792	20.19888000000003	epochs	0.0
660.2960000038147	0.118720000000053	epochs	0.0
660.2960000038147	0.054361900000003516	epochs	1.0
660.3503619038147	0.009996200000045974	epochs	1.0
660.3603581038147	0.054361900000003516	epochs	1.0
660.4147200038148	2.0	epochs	0.0
662.4147200038148	5.381359999999972	epochs	0.0
662.4147200038148	1.0	epochs	1.0
662.4147648038147	0.5	epochs	-1.0
662.9147648038147	4.881315200000017	epochs	-1.0
663.4147200038148	4.381359999999972	epochs	1.0
663.4147200038148	4.356753899999944	epochs	-1.0
663.4147200038148	1.9745871999999736	epochs	2.0
663.4147200038148	1.0985621999999466	epochs	3.0
664.5132822038147	0.8760250000000269	epochs	3.0
665.3893072038147	1.3524075000000266	epochs	2.0
665.3893072038147	0.7286354999999958	epochs	3.0
666.1179427038147	0.6237720000000309	epochs	3.0
666.7417147038148	1.029759199999944	epochs	2.0
666.7417147038148	0.5453292999999348	epochs	3.0
667.2870440038147	0.4844299000000092	epochs	3.0
667.7714739038147	0.024606100000028164	epochs	2.0
667.7714739038147	0.024606100000028164	epochs	3.0
667.7960800038147	16.618560000000002	epochs	0.0
668.7739996910095	0.118720000000053	epochs	0.0
668.7739996910095	0.054361900000003516	epochs	1.0
668.8283615910095	0.009996200000045974	epochs	1.0
668.8383577910096	0.054361900000003516	epochs	1.0
668.8927196910096	2.0	epochs	0.0
670.8927196910096	5.3810399999999845	epochs	0.0
670.8927196910096	1.0	epochs	1.0
670.8927644910095	0.5	epochs	-1.0
671.3927644910095	4.880995200000029	epochs	-1.0
671.8927196910096	4.3810399999999845	epochs	1.0
671.8927196910096	4.356753899999944	epochs	-1.0
671.8927196910096	1.9745871999999736	epochs	2.0
671.8927196910096	1.0985621999999466	epochs	3.0
672.9912818910095	0.8760250000000269	epochs	3.0
673.8673068910095	1.3524075000000266	epochs	2.0
673.8673068910095	0.7286354999999958	epochs	3.0
674.5959423910095	0.6237720000000309	epochs	3.0
675.2197143910096	1.029759199999944	epochs	2.0
675.2197143910096	0.5453292999999348	epochs	3.0
675.7650436910095	0.4844299000000092	epochs	3.0
676.2494735910095	0.024286100000040278	epochs	2.0
676.2494735910095	0.024286100000040278	epochs	3.0
676.2737596910096	16.61887999999999	epochs	0.0
677.1609997749329	0.118720000000053	epochs	0.0
677.1609997749329	0.054361900000003516	epochs	1.0
677.2153616749329	0.009996200000045974	epochs	1.0
677.2253578749329	0.054361900000003516	epochs	1.0
677.2797197749329	2.0	epochs	0.0
679.2797197749329	21.501359999999977	epochs	0.0
679.2797197749329	1.0	epochs	1.0
679.2797645749329	0.5	epochs	-1.0
679.7797645749329	19.99720000000002	epochs	-1.0
680.2797197749329	20.0	epochs	1.0
680.2797197749329	4.356753899999944	epochs	-1.0
680.2797197749329	1.9745871999999736	epochs	2.0
680.2797197749329	1.0985621999999466	epochs	3.0
681.3782819749329	0.8760250000000269	epochs	3.0
682.2543069749329	1.3524075000000266	epochs	2.0
682.2543069749329	0.7286354999999958	epochs	3.0
682.9829424749329	0.6237720000000309	epochs	3.0
683.6067144749329	1.029759199999944	epochs	2.0
683.6067144749329	0.5453292999999348	epochs	3.0
684.1520437749328	0.4844299000000092	epochs	3.0
684.6364736749329	0.8317862000000105	epochs	2.0
684.6364736749329	0.4357763000000432	epochs	3.0
685.0722499749329	0.3960098999999673	epochs	3.0
685.4682598749329	0.6977970000000369	epochs	2.0
685.4682598749329	0.3628982000000178	epochs	3.0
685.8311580749329	0.33489880000001904	epochs	3.0
686.1660568749329	0.601045699999986	epochs	2.0
686.1660568749329	0.3109122999999272	epochs	3.0
686.4769691749328	0.2901334000000588	epochs	3.0
686.7671025749329	0.5278859000000011	epochs	2.0
686.7671025749329	0.2719585999999481	epochs	3.0
687.0390611749328	0.25592730000005304	epochs	3.0
687.2949884749329	0.470619299999953	epochs	2.0
687.2949884749329	0.241681299999982	epochs	3.0
687.5366697749329	0.228937999999971	epochs	3.0
687.7656077749328	0.42457039999999324	epochs	2.0
687.7656077749328	0.21747140000002219	epochs	3.0
687.9830791749329	0.20709899999997106	epochs	3.0
688.1901781749328	0.3867354000000205	epochs	2.0
688.1901781749328	0.19767109999997956	epochs	3.0
688.3878492749328	0.18906430000004093	epochs	3.0
688.5769135749329	0.3550953000000163	epochs	2.0
688.5769135749329	0.18117589999997108	epochs	3.0
688.7580894749328	0.17391940000004524	epochs	3.0
688.9320088749329	0.3282431000000088	epochs	2.0
688.9320088749329	0.16722189999995862	epochs	3.0
689.0992307749328	0.16102120000005016	epochs	3.0
689.2602519749329	0.30516799999998057	epochs	2.0
689.2602519749329	0.15526390000002266	epochs	3.0
689.4155158749329	0.1499040999999579	epochs	3.0
689.5654199749329	0.28512530000000424	epochs	2.0
689.5654199749329	0.1449020999999675	epochs	3.0
689.7103220749328	0.14022320000003674	epochs	3.0
689.8505452749329	0.2675537999999733	epochs	2.0
689.8505452749329	0.1358368999999584	epochs	3.0
689.9863821749328	0.1317169000000149	epochs	3.0
690.1180990749328	0.2520229000000427	epochs	2.0
690.1180990749328	0.1278393000000051	epochs	3.0
690.2459383749328	0.12418360000003759	epochs	3.0
690.3701219749329	0.23819649999995818	epochs	2.0
690.3701219749329	0.12073109999994358	epochs	3.0
690.4908530749328	0.1174654000000146	epochs	3.0
690.6083184749328	0.2258087999999816	epochs	2.0
690.6083184749328	0.11437190000003739	epochs	3.0
690.7226903749329	0.11143689999994422	epochs	3.0
690.8341272749328	0.2146460000000161	epochs	2.0
690.8341272749328	0.10864890000004834	epochs	3.0
690.9427761749329	0.10599709999996776	epochs	3.0
691.0487732749328	0.20453499999996438	epochs	2.0
691.0487732749328	0.10347150000006877	epochs	3.0
691.1522447749329	0.10106349999989561	epochs	3.0
691.2533082749328	0.19533400000000256	epochs	2.0
691.2533082749328	0.09876510000003691	epochs	3.0
691.3520733749328	0.09656889999996565	epochs	3.0
691.4486422749328	0.1869253000000981	epochs	2.0
691.4486422749328	0.09446830000001682	epochs	3.0
691.5431105749328	0.09245700000008128	epochs	3.0
691.6355675749329	0.17921069999999872	epochs	2.0
691.6355675749329	0.09052959999996801	epochs	3.0
691.7260971749329	0.08868110000003071	epochs	3.0
691.8147782749329	0.17210769999996955	epochs	2.0
691.8147782749329	0.08690630000000965	epochs	3.0
691.9016845749329	0.0852013999999599	epochs	3.0
691.9868859749329	0.16554640000003928	epochs	2.0
691.9868859749329	0.08356189999994967	epochs	3.0
692.0704478749328	0.08198450000008961	epochs	3.0
692.1524323749329	0.15946709999991526	epochs	2.0
692.1524323749329	0.08046539999998004	epochs	3.0
692.2328977749329	0.07900169999993523	epochs	3.0
692.3118994749328	0.15381839999997737	epochs	2.0
692.3118994749328	0.07759010000006583	epochs	3.0
692.3894895749329	0.07622829999991154	epochs	3.0
692.4657178749328	0.14855640000007497	epochs	2.0
692.4657178749328	0.07491330000004837	epochs	3.0
692.5406311749329	0.0736431000000266	epochs	3.0
692.6142742749329	0.14364239999997608	epochs	2.0
692.6142742749329	0.07241499999997814	epochs	3.0
692.6866892749329	0.07122739999999794	epochs	3.0
692.7579166749329	0.13904309999998077	epochs	2.0
692.7579166749329	0.07007799999996678	epochs	3.0
692.8279946749328	0.06896510000001399	epochs	3.0
692.8969597749328	0.1347293000000036	epochs	2.0
692.8969597749328	0.0678871000000072	epochs	3.0
692.9648468749328	0.06684219999999641	epochs	3.0
693.0316890749328	0.1306752000000415	epochs	2.0
693.0316890749328	0.06582909999997355	epochs	3.0
693.0975181749328	0.06484610000006796	epochs	3.0
693.1623642749329	0.1268577999999252	epochs	2.0
693.1623642749329	0.06389200000000983	epochs	3.0
693.2262562749329	0.06296579999991536	epochs	3.0
693.2892220749328	0.12325720000001184	epochs	2.0
693.2892220749328	0.06206580000002759	epochs	3.0
693.3512878749328	0.06119139999998424	epochs	3.0
693.4124792749328	0.11985540000000583	epochs	2.0
693.4124792749328	0.06034110000007331	epochs	3.0
693.4728203749329	0.05951429999993252	epochs	3.0
693.5323346749328	0.11663620000001629	epochs	2.0
693.5323346749328	0.05870960000004288	epochs	3.0
693.5910442749329	0.057926599999973405	epochs	3.0
693.6489708749328	0.11358559999996487	epochs	2.0
693.6489708749328	0.05716419999998834	epochs	3.0
693.7061350749328	0.05642139999997653	epochs	3.0
693.7625564749328	0.11069050000003244	epochs	2.0
693.7625564749328	0.055697900000041045	epochs	3.0
693.8182543749328	0.0549925999999914	epochs	3.0
693.8732469749328	0.1079391000000669	epochs	2.0
693.8732469749328	0.05430490000003374	epochs	3.0
693.9275518749329	0.05363420000003316	epochs	3.0
693.9811860749329	0.10532149999994544	epochs	2.0
693.9811860749329	0.05297999999993408	epochs	3.0
694.0341660749328	0.052341500000011365	epochs	3.0
694.0865075749329	0.10282759999995505	epochs	2.0
694.0865075749329	0.05171810000001642	epochs	3.0
694.1382256749329	0.051109499999938635	epochs	3.0
694.1893351749328	0.10044910000010532	epochs	2.0
694.1893351749328	0.050514900000052876	epochs	3.0
694.2398500749329	0.04993420000005244	epochs	3.0
694.2897842749329	0.0981782999999723	epochs	2.0
694.2897842749329	0.04936659999998483	epochs	3.0
694.3391508749329	0.04881169999998747	epochs	3.0
694.3879625749329	0.09600779999993847	epochs	2.0
694.3879625749329	0.04826919999993606	epochs	3.0
694.4362317749328	0.04773860000000241	epochs	3.0
694.4839703749328	0.09393120000004274	epochs	2.0
694.4839703749328	0.04721949999998287	epochs	3.0
694.5311898749328	0.046711700000059864	epochs	3.0
694.5779015749329	0.09194260000003851	epochs	2.0
694.5779015749329	0.046214599999984785	epochs	3.0
694.6241161749329	0.045728000000053726	epochs	3.0
694.6698441749329	0.09003629999995155	epochs	2.0
694.6698441749329	0.045251499999949374	epochs	3.0
694.7150956749329	0.04478480000000218	epochs	3.0
694.7598804749329	0.08820760000003247	epochs	2.0
694.7598804749329	0.044327800000019124	epochs	3.0
694.8042082749329	0.04387980000001335	epochs	3.0
694.8480880749329	0.0864516999999978	epochs	2.0
694.8480880749329	0.04344099999991613	epochs	3.0
694.8915290749328	0.04301070000008167	epochs	3.0
694.9345397749329	0.08476429999996071	epochs	2.0
694.9345397749329	0.04258900000002086	epochs	3.0
694.9771287749329	0.04217529999993985	epochs	3.0
695.0193040749328	0.08314150000001064	epochs	2.0
695.0193040749328	0.04176970000003166	epochs	3.0
695.0610737749329	0.041371799999978975	epochs	3.0
695.1024455749329	0.08157970000002024	epochs	2.0
695.1024455749329	0.040981399999964196	epochs	3.0
695.1434269749328	0.04059830000005604	epochs	3.0
695.1840252749329	0.08007550000002084	epochs	2.0
695.1840252749329	0.04022229999998217	epochs	3.0
695.2242475749329	0.03985320000003867	epochs	3.0
695.2641007749329	0.07862569999997504	epochs	2.0
695.2641007749329	0.0394907999999532	epochs	3.0
695.3035915749329	0.039134900000021844	epochs	3.0
695.3427264749329	0.07722760000001472	epochs	2.0
695.3427264749329	0.03878539999993791	epochs	3.0
695.3815118749328	0.03844220000007681	epochs	3.0
695.4199540749329	0.07587819999992007	epochs	2.0
695.4199540749329	0.03810479999992822	epochs	3.0
695.4580588749328	0.03777339999999185	epochs	3.0
695.4958322749328	0.0745752000000266	epochs	2.0
695.4958322749328	0.03744770000002973	epochs	3.0
695.5332799749328	0.03712749999999687	epochs	3.0
695.5704074749328	0.07331629999998768	epochs	2.0
695.5704074749328	0.036812899999972615	epochs	3.0
695.6072203749328	0.03650340000001506	epochs	3.0
695.6437237749328	0.07209899999998015	epochs	2.0
695.6437237749328	0.03619910000008986	epochs	3.0
695.6799228749329	0.035899899999890295	epochs	3.0
695.7158227749328	0.07092170000009901	epochs	2.0
695.7158227749328	0.03560560000005353	epochs	3.0
695.7514283749329	0.03531610000004548	epochs	3.0
695.7867444749329	0.0697819999999183	epochs	2.0
695.7867444749329	0.03503119999993487	epochs	3.0
695.8217756749328	0.03475079999998343	epochs	3.0
695.8565264749328	0.06867859999999837	epochs	2.0
695.8565264749328	0.03447510000000875	epochs	3.0
695.8910015749328	0.03420349999998962	epochs	3.0
695.9252050749328	0.06760930000007193	epochs	2.0
695.9252050749328	0.03393620000008468	epochs	3.0
695.9591412749329	0.033673099999987244	epochs	3.0
695.9928143749329	0.06657289999998284	epochs	2.0
695.9928143749329	0.03341399999999339	epochs	3.0
696.0262283749329	0.033158899999989444	epochs	3.0
696.0593872749329	0.06556779999993978	epochs	2.0
696.0593872749329	0.032907700000009754	epochs	3.0
696.0922949749329	0.032660099999930026	epochs	3.0
696.1249550749328	0.06459260000008271	epochs	2.0
696.1249550749328	0.03241640000010193	epochs	3.0
696.1573714749329	0.03217619999998078	epochs	3.0
696.1895476749329	0.0636459999999488	epochs	2.0
696.1895476749329	0.03193959999998697	epochs	3.0
696.2214872749329	0.03170639999996183	epochs	3.0
696.2531936749328	0.0627266999999847	epochs	2.0
696.2531936749328	0.03147660000001906	epochs	3.0
696.2846702749329	0.03125009999996564	epochs	3.0
696.3159203749328	0.06183359999999993	epochs	2.0
696.3159203749328	0.031026900000028945	epochs	3.0
696.3469472749329	0.030806699999970988	epochs	3.0
696.3777539749328	0.06096560000003137	epochs	2.0
696.3777539749328	0.030589800000029754	epochs	3.0
696.4083437749329	0.030375800000001618	epochs	3.0
696.4387195749329	0.06012160000000222	epochs	2.0
696.4387195749329	0.030164900000045236	epochs	3.0
696.4688844749329	0.02995669999995698	epochs	3.0
696.4988411749329	0.05930069999999432	epochs	2.0
696.4988411749329	0.02975159999994048	epochs	3.0
696.5285927749328	0.02954910000005384	epochs	3.0
696.5581418749329	0.05850180000004457	epochs	2.0
696.5581418749329	0.02934940000000097	epochs	3.0
696.5874912749329	0.0291524000000436	epochs	3.0
696.6166436749329	0.05772419999993872	epochs	2.0
696.6166436749329	0.028957999999988715	epochs	3.0
696.6456016749329	0.028766199999950004	epochs	3.0
696.6743678749328	0.05696710000006533	epochs	2.0
696.6743678749328	0.028577000000041153	epochs	3.0
696.7029448749329	0.028390100000024177	epochs	3.0
696.7313349749329	0.05622949999997218	epochs	2.0
696.7313349749329	0.028205699999944045	epochs	3.0
696.7595406749329	0.028023800000028132	epochs	3.0
696.7875644749329	0.05551070000001346	epochs	2.0
696.7875644749329	0.027843999999959124	epochs	3.0
696.8154084749328	0.027666700000054334	epochs	3.0
696.8430751749329	0.054810200000019904	epochs	2.0
696.8430751749329	0.02749149999999645	epochs	3.0
696.8705666749329	0.027318700000023455	epochs	3.0
696.8978853749329	0.05412699999999404	epochs	2.0
696.8978853749329	0.027147799999966082	epochs	3.0
696.9250331749329	0.02697920000002796	epochs	3.0
696.9520123749329	0.053460699999959616	epochs	2.0
696.9520123749329	0.0268125999999711	epochs	3.0
696.9788249749329	0.026648099999988517	epochs	3.0
697.0054730749329	0.05281070000000909	epochs	2.0
697.0054730749329	0.026485600000000886	epochs	3.0
697.0319586749329	0.026325100000008206	epochs	3.0
697.0582837749329	0.05217619999996259	epochs	2.0
697.0582837749329	0.026166399999965506	epochs	3.0
697.0844501749328	0.026009799999997085	epochs	3.0
697.1104599749328	0.051556699999991906	epochs	2.0
697.1104599749328	0.025854800000047362	epochs	3.0
697.1363147749329	0.025701899999944544	epochs	3.0
697.1620166749328	0.050951900000086425	epochs	2.0
697.1620166749328	0.02555070000005344	epochs	3.0
697.1875673749329	0.025401200000032986	epochs	3.0
697.2129685749329	0.05036099999995258	epochs	2.0
697.2129685749329	0.025253499999962514	epochs	3.0
697.2382220749329	0.02510749999999007	epochs	3.0
697.2633295749329	0.049783800000000156	epochs	2.0
697.2633295749329	0.02496320000000196	epochs	3.0
697.2882927749329	0.024820599999998194	epochs	3.0
697.3131133749329	0.049219500000049266	epochs	2.0
697.3131133749329	0.024679399999968155	epochs	3.0
697.3377927749328	0.02454010000008111	epochs	3.0
697.3623328749329	0.048667899999941255	epochs	2.0
697.3623328749329	0.02440209999997478	epochs	3.0
697.3867349749329	0.024265799999966475	epochs	3.0
697.4110007749329	0.04812860000004093	epochs	2.0
697.4110007749329	0.024131000000011227	epochs	3.0
697.4351317749329	0.023997600000029706	epochs	3.0
697.4591293749329	0.04760109999995166	epochs	2.0
697.4591293749329	0.023865799999953197	epochs	3.0
697.4829951749329	0.02373529999999846	epochs	3.0
697.5067304749329	0.047085000000038235	epochs	2.0
697.5067304749329	0.023606299999983094	epochs	3.0
697.5303367749328	0.02347870000005514	epochs	3.0
697.5538154749329	0.046579999999948996	epochs	2.0
697.5538154749329	0.02335249999998723	epochs	3.0
697.5771679749329	0.023227499999961765	epochs	3.0
697.6003954749328	0.046085700000048746	epochs	2.0
697.6003954749328	0.023103999999989355	epochs	3.0
697.6234994749328	0.02298170000005939	epochs	3.0
697.6464811749329	0.045601799999985815	epochs	2.0
697.6464811749329	0.022860700000023826	epochs	3.0
697.6693418749329	0.02274109999996199	epochs	3.0
697.6920829749329	0.04512790000001132	epochs	2.0
697.6920829749329	0.022622500000011314	epochs	3.0
697.7147054749329	0.02250540000000001	epochs	3.0
697.7372108749329	0.044663799999966614	epochs	2.0
697.7372108749329	0.02238929999998618	epochs	3.0
697.7596001749329	0.022274499999980435	epochs	3.0
697.7818746749329	0.04420920000006845	epochs	2.0
697.7818746749329	0.022160800000051495	epochs	3.0
697.8040354749329	0.022048400000016954	epochs	3.0
697.8260838749329	0.04376359999992019	epochs	2.0
697.8260838749329	0.02193689999990056	epochs	3.0
697.8480207749328	0.021826700000019628	epochs	3.0
697.8698474749328	0.04332710000005591	epochs	2.0
697.8698474749328	0.021717599999988124	epochs	3.0
697.8915650749328	0.021609500000067783	epochs	3.0
697.9131745749329	0.042898999999920306	epochs	2.0
697.9131745749329	0.02150249999999687	epochs	3.0
697.9346770749329	0.021396499999923435	epochs	3.0
697.9560735749328	0.042479500000013104	epochs	2.0
697.9560735749328	0.02129170000000613	epochs	3.0
697.9773652749328	0.021187800000006973	epochs	3.0
697.9985530749328	0.042067900000006375	epochs	2.0
697.9985530749328	0.02108490000000529	epochs	3.0
698.0196379749328	0.020983000000001084	epochs	3.0
698.0406209749328	0.04166440000005878	epochs	2.0
698.0406209749328	0.02088220000007368	epochs	3.0
698.0615031749329	0.020782199999985096	epochs	3.0
698.0822853749329	0.04126850000000104	epochs	2.0
698.0822853749329	0.020683299999973315	epochs	3.0
698.1029686749329	0.020585200000027726	epochs	3.0
698.1235538749329	0.04088000000001557	epochs	2.0
698.1235538749329	0.020488099999965925	epochs	3.0
698.1440419749329	0.020391900000049645	epochs	3.0
698.1644338749329	0.04049879999990935	epochs	2.0
698.1644338749329	0.020296599999937825	epochs	3.0
698.1847304749328	0.020202199999971526	epochs	3.0
698.2049326749328	0.04012460000001283	epochs	2.0
698.2049326749328	0.02010870000003706	epochs	3.0
698.2250413749329	0.020015899999975773	epochs	3.0
698.2450572749328	0.03975730000001931	epochs	2.0
698.2450572749328	0.019924199999991288	epochs	3.0
698.2649814749328	0.019833100000028026	epochs	3.0
698.2848145749329	0.03939669999999751	epochs	2.0
698.2848145749329	0.01974300000006224	epochs	3.0
698.3045575749329	0.01965369999993527	epochs	3.0
698.3242112749328	0.03904239999997117	epochs	2.0
698.3242112749328	0.01956510000002254	epochs	3.0
698.3437763749329	0.019477299999948627	epochs	3.0
698.3632536749328	0.03869459999998526	epochs	2.0
698.3632536749328	0.019390400000020236	epochs	3.0
698.3826440749328	0.01930419999996502	epochs	3.0
698.4019482749328	0.03835290000006353	epochs	2.0
698.4019482749328	0.019218800000089686	epochs	3.0
698.4211670749329	0.01913409999997384	epochs	3.0
698.4403011749329	0.03801720000001296	epochs	2.0
698.4403011749329	0.019050200000037876	epochs	3.0
698.4593513749329	0.018966999999975087	epochs	3.0
698.4783183749329	0.03768719999993664	epochs	2.0
698.4783183749329	0.01888450000001285	epochs	3.0
698.4972028749329	0.01880269999992379	epochs	3.0
698.5160055749328	0.03736309999999321	epochs	2.0
698.5160055749328	0.018721700000014607	epochs	3.0
698.5347272749328	0.018641399999978603	epochs	3.0
698.5533686749328	0.03704430000004777	epochs	2.0
698.5533686749328	0.01856159999999818	epochs	3.0
698.5719302749328	0.01848270000004959	epochs	3.0
698.5904129749329	0.0367310000000316	epochs	2.0
698.5904129749329	0.018404300000042895	epochs	3.0
698.6088172749329	0.018326699999988705	epochs	3.0
698.6271439749329	0.03642289999993409	epochs	2.0
698.6271439749329	0.018249599999990096	epochs	3.0
698.6453935749329	0.018173299999943993	epochs	3.0
698.6635668749328	0.03612010000006194	epochs	2.0
698.6635668749328	0.0180976000000328	epochs	3.0
698.6816644749329	0.01802250000002914	epochs	3.0
698.6996869749329	0.03582210000001851	epochs	2.0
698.6996869749329	0.017947899999967376	epochs	3.0
698.7176348749329	0.017874200000051133	epochs	3.0
698.7355090749329	0.03552899999999681	epochs	2.0
698.7355090749329	0.017800799999918127	epochs	3.0
698.7533098749328	0.017728200000078687	epochs	3.0
698.7710380749329	0.035240699999917524	epochs	2.0
698.7710380749329	0.017656099999953767	epochs	3.0
698.7886941749329	0.017584599999963757	epochs	3.0
698.8062787749328	0.034957100000042374	epochs	2.0
698.8062787749328	0.01751369999999497	epochs	3.0
698.8237924749328	0.017443400000047404	epochs	3.0
698.8412358749329	0.03467790000001969	epochs	2.0
698.8412358749329	0.017373600000041733	epochs	3.0
698.8586094749329	0.017304299999977957	epochs	3.0
698.8759137749329	0.03440330000000813	epochs	2.0
698.8759137749329	0.01723570000001473	epochs	3.0
698.8931494749329	0.0171675999999934	epochs	3.0
698.9103170749329	0.03413279999995211	epochs	2.0
698.9103170749329	0.01709989999994832	epochs	3.0
698.9274169749328	0.017032900000003792	epochs	3.0
698.9444498749328	0.033866699999975935	epochs	2.0
698.9444498749328	0.01696640000000116	epochs	3.0
698.9614162749328	0.016900299999974777	epochs	3.0
698.9783165749328	0.03360459999998966	epochs	2.0
698.9783165749328	0.016834800000083305	epochs	3.0
698.9951513749329	0.016769799999906354	epochs	3.0
699.0119211749328	0.03334660000007261	epochs	2.0
699.0119211749328	0.016705300000012357	epochs	3.0
699.0286264749328	0.016641300000060255	epochs	3.0
699.0452677749329	0.03309249999995245	epochs	2.0
699.0452677749329	0.01657779999993636	epochs	3.0
699.0618455749328	0.01651470000001609	epochs	3.0
699.0783602749328	0.03284229999997024	epochs	2.0
699.0783602749328	0.01645220000000336	epochs	3.0
699.0948124749328	0.01639009999996688	epochs	3.0
699.1112025749328	0.03259570000000167	epochs	2.0
699.1112025749328	0.016328400000020338	epochs	3.0
699.1275309749328	0.016267299999981333	epochs	3.0
699.1437982749328	0.03235290000009172	epochs	2.0
699.1437982749328	0.016206600000032267	epochs	3.0
699.1600048749328	0.016146300000059455	epochs	3.0
699.1761511749329	0.03211369999996805	epochs	2.0
699.1761511749329	0.016086599999994178	epochs	3.0
699.1922377749329	0.01602709999997387	epochs	3.0
699.2082648749329	0.03187800000000607	epochs	2.0
699.2082648749329	0.015968199999974786	epochs	3.0
699.2242330749328	0.015909800000031282	epochs	3.0
699.2401428749329	0.031645700000012766	epochs	2.0
699.2401428749329	0.01585160000001906	epochs	3.0
699.2559944749329	0.015794099999993705	epochs	3.0
699.2717885749329	0.0314167000000225	epochs	2.0
699.2717885749329	0.01573669999993399	epochs	3.0
699.2875252749328	0.015680000000088512	epochs	3.0
699.3032052749329	0.031191100000000915	epochs	2.0
699.3032052749329	0.015623599999912585	epochs	3.0
699.3188288749328	0.01556750000008833	epochs	3.0
699.3343963749329	0.030968699999903038	epochs	2.0
699.3343963749329	0.015511999999944237	epochs	3.0
699.3499083749329	0.0154566999999588	epochs	3.0
699.3653650749328	0.03074950000006993	epochs	2.0
699.3653650749328	0.015402000000108274	epochs	3.0
699.3807670749329	0.015347499999961656	epochs	3.0
699.3961145749329	0.03053320000003623	epochs	2.0
699.3961145749329	0.015293400000018664	epochs	3.0
699.4114079749329	0.015239800000017567	epochs	3.0
699.4266477749329	0.030320099999926242	epochs	2.0
699.4266477749329	0.015186499999913394	epochs	3.0
699.4418342749328	0.015133600000012848	epochs	3.0
699.4569678749328	0.03010990000007041	epochs	2.0
699.4569678749328	0.015081000000009226	epochs	3.0
699.4720488749329	0.015028900000061185	epochs	3.0
699.4870777749329	0.029902499999934662	epochs	2.0
699.4870777749329	0.01497699999993074	epochs	3.0
699.5020547749328	0.014925500000003922	epochs	3.0
699.5169802749328	0.029698100000018712	epochs	2.0
699.5169802749328	0.014874400000053356	epochs	3.0
699.5318546749329	0.014823699999965356	epochs	3.0
699.5466783749329	0.02949630000000525	epochs	2.0
699.5466783749329	0.014773200000036013	epochs	3.0
699.5614515749329	0.014723099999969236	epochs	3.0
699.5761746749329	0.02929740000001857	epochs	2.0
699.5761746749329	0.014673399999992398	epochs	3.0
699.5908480749329	0.014624000000026172	epochs	3.0
699.6054720749329	0.029101099999934377	epochs	2.0
699.6054720749329	0.01457489999995687	epochs	3.0
699.6200469749328	0.014526199999977507	epochs	3.0
699.6345731749328	0.02890740000009373	epochs	2.0
699.6345731749328	0.014477700000043114	epochs	3.0
699.6490508749329	0.014429700000050616	epochs	3.0
699.6634805749329	0.028716199999962555	epochs	2.0
699.6634805749329	0.014381799999910072	epochs	3.0
699.6778623749328	0.014334400000052483	epochs	3.0
699.6921967749329	0.02852759999996124	epochs	2.0
699.6921967749329	0.01428720000001249	epochs	3.0
699.7064839749329	0.01424039999994875	epochs	3.0
699.7207243749328	0.028341400000044814	epochs	2.0
699.7207243749328	0.014193800000043666	epochs	3.0
699.7349181749329	0.014147600000001148	epochs	3.0
699.7490657749329	0.028157699999951546	epochs	2.0
699.7490657749329	0.014101699999969242	epochs	3.0
699.7631674749329	0.014055999999982305	epochs	3.0
699.7772234749328	0.027976299999977527	epochs	2.0
699.7772234749328	0.01401060000000598	epochs	3.0
699.7912340749328	0.013965699999971548	epochs	3.0
699.8051997749328	0.02779720000000907	epochs	2.0
699.8051997749328	0.013920800000050804	epochs	3.0
699.8191205749329	0.013876399999958267	epochs	3.0
699.8329969749328	0.027620400000046175	epochs	2.0
699.8329969749328	0.013832200000024386	epochs	3.0
699.8468291749329	0.013788200000021789	epochs	3.0
699.8606173749329	0.027445899999975154	epochs	2.0
699.8606173749329	0.013744599999995444	epochs	3.0
699.8743619749329	0.01370129999997971	epochs	3.0
699.8880632749328	0.027273499999978412	epochs	2.0
699.8880632749328	0.013658200000008947	epochs	3.0
699.9017214749329	0.013615299999969466	epochs	3.0
699.9153367749328	0.027103399999987232	epochs	2.0
699.9153367749328	0.013572800000019924	epochs	3.0
699.9289095749328	0.013530599999967308	epochs	3.0
699.9424401749328	0.02693520000002536	epochs	2.0
699.9424401749328	0.013488400000028378	epochs	3.0
699.9559285749328	0.013446799999996983	epochs	3.0
699.9693753749328	0.026769199999989723	epochs	2.0
699.9693753749328	0.013405199999965589	epochs	3.0
699.9827805749328	0.013364000000024134	epochs	3.0
699.9961445749328	0.026605200000062723	epochs	2.0
699.9961445749328	0.013322900000048321	epochs	3.0
700.0094674749329	0.013282300000014402	epochs	3.0
700.0227497749329	0.026443200000016986	epochs	2.0
700.0227497749329	0.013241699999980483	epochs	3.0
700.0359914749329	0.013201500000036503	epochs	3.0
700.0491929749329	0.0262831999999662	epochs	2.0
700.0491929749329	0.01316149999991012	epochs	3.0
700.0623544749328	0.01312170000005608	epochs	3.0
700.0754761749329	0.02612499999997908	epochs	2.0
700.0754761749329	0.013082100000019636	epochs	3.0
700.0885582749329	0.013042899999959445	epochs	3.0
700.1016011749329	0.025968900000066242	epochs	2.0
700.1016011749329	0.01300390000005791	epochs	3.0
700.1146050749329	0.012965000000008331	epochs	3.0
700.1275700749329	0.025814499999910367	epochs	2.0
700.1275700749329	0.012926399999969362	epochs	3.0
700.1404964749329	0.012888099999941005	epochs	3.0
700.1533845749328	0.025661900000045534	epochs	2.0
700.1533845749328	0.012849899999991976	epochs	3.0
700.1662344749328	0.012812000000053558	epochs	3.0
700.1790464749329	0.025511199999982637	epochs	2.0
700.1790464749329	0.012774400000012065	epochs	3.0
700.1918208749329	0.012736799999970572	epochs	3.0
700.2045576749329	0.025362299999983406	epochs	2.0
700.2045576749329	0.01269969999998466	epochs	3.0
700.2172573749328	0.012662599999998747	epochs	3.0
700.2299199749328	0.025215000000002874	epochs	2.0
700.2299199749328	0.012625800000023446	epochs	3.0
700.2425457749329	0.012589199999979428	epochs	3.0
700.2551349749328	0.024584800000070572	epochs	2.0
700.2769645749329	0.5	epochs	-1.0
700.2797197749329	0.5013599999999769	epochs	1.0
700.7810797749329	0.49855999999999767	epochs	0.0
701.9270000457764	0.118720000000053	epochs	0.0
701.9270000457764	0.054361900000003516	epochs	1.0
701.9813619457764	0.009996200000045974	epochs	1.0
701.9913581457764	0.054361900000003516	epochs	1.0
702.0457200457764	2.0	epochs	0.0
704.0457200457764	21.500959999999964	epochs	0.0
704.0457200457764	1.0	epochs	1.0
704.0457648457764	0.5	epochs	-1.0
704.5457648457764	19.99720000000002	epochs	-1.0
705.0457200457764	20.0	epochs	1.0
705.0457200457764	4.356753899999944	epochs	-1.0
705.0457200457764	1.9745871999999736	epochs	2.0
705.0457200457764	1.0985621999999466	epochs	3.0
706.1442822457764	0.8760250000000269	epochs	3.0
707.0203072457764	1.3524075000000266	epochs	2.0
707.0203072457764	0.7286354999999958	epochs	3.0
707.7489427457764	0.6237720000000309	epochs	3.0
708.3727147457764	1.029759199999944	epochs	2.0
708.3727147457764	0.5453292999999348	epochs	3.0
708.9180440457764	0.4844299000000092	epochs	3.0
709.4024739457764	0.8317862000000105	epochs	2.0
709.4024739457764	0.4357763000000432	epochs	3.0
709.8382502457764	0.3960098999999673	epochs	3.0
710.2342601457764	0.6977970000000369	epochs	2.0
710.2342601457764	0.3628982000000178	epochs	3.0
710.5971583457764	0.33489880000001904	epochs	3.0
710.9320571457764	0.601045699999986	epochs	2.0
710.9320571457764	0.3109122999999272	epochs	3.0
711.2429694457763	0.2901334000000588	epochs	3.0
711.5331028457764	0.5278859000000011	epochs	2.0
711.5331028457764	0.2719585999999481	epochs	3.0
711.8050614457763	0.25592730000005304	epochs	3.0
712.0609887457764	0.470619299999953	epochs	2.0
712.0609887457764	0.241681299999982	epochs	3.0
712.3026700457764	0.228937999999971	epochs	3.0
712.5316080457764	0.42457039999999324	epochs	2.0
712.5316080457764	0.21747140000002219	epochs	3.0
712.7490794457764	0.20709899999997106	epochs	3.0
712.9561784457763	0.3867354000000205	epochs	2.0
712.9561784457763	0.19767109999997956	epochs	3.0
713.1538495457763	0.18906430000004093	epochs	3.0
713.3429138457764	0.3550953000000163	epochs	2.0
713.3429138457764	0.18117589999997108	epochs	3.0
713.5240897457763	0.17391940000004524	epochs	3.0
713.6980091457764	0.3282431000000088	epochs	2.0
713.6980091457764	0.16722189999995862	epochs	3.0
713.8652310457763	0.16102120000005016	epochs	3.0
714.0262522457764	0.30516799999998057	epochs	2.0
714.0262522457764	0.15526390000002266	epochs	3.0
714.1815161457764	0.1499040999999579	epochs	3.0
714.3314202457764	0.28512530000000424	epochs	2.0
714.3314202457764	0.1449020999999675	epochs	3.0
714.4763223457763	0.14022320000003674	epochs	3.0
714.6165455457764	0.2675537999999733	epochs	2.0
714.6165455457764	0.1358368999999584	epochs	3.0
714.7523824457763	0.1317169000000149	epochs	3.0
714.8840993457763	0.2520229000000427	epochs	2.0
714.8840993457763	0.1278393000000051	epochs	3.0
715.0119386457764	0.12418360000003759	epochs	3.0
715.1361222457764	0.23819649999995818	epochs	2.0
715.1361222457764	0.12073109999994358	epochs	3.0
715.2568533457763	0.1174654000000146	epochs	3.0
715.3743187457763	0.2258087999999816	epochs	2.0
715.3743187457763	0.11437190000003739	epochs	3.0
715.4886906457764	0.11143689999994422	epochs	3.0
715.6001275457763	0.2146460000000161	epochs	2.0
715.6001275457763	0.10864890000004834	epochs	3.0
715.7087764457764	0.10599709999996776	epochs	3.0
715.8147735457763	0.20453499999996438	epochs	2.0
715.8147735457763	0.10347150000006877	epochs	3.0
715.9182450457764	0.10106349999989561	epochs	3.0
716.0193085457763	0.19533400000000256	epochs	2.0
716.0193085457763	0.09876510000003691	epochs	3.0
716.1180736457763	0.09656889999996565	epochs	3.0
716.2146425457763	0.1869253000000981	epochs	2.0
716.2146425457763	0.09446830000001682	epochs	3.0
716.3091108457763	0.09245700000008128	epochs	3.0
716.4015678457764	0.17921069999999872	epochs	2.0
716.4015678457764	0.09052959999996801	epochs	3.0
716.4920974457764	0.08868110000003071	epochs	3.0
716.5807785457764	0.17210769999996955	epochs	2.0
716.5807785457764	0.08690630000000965	epochs	3.0
716.6676848457764	0.0852013999999599	epochs	3.0
716.7528862457764	0.16554640000003928	epochs	2.0
716.7528862457764	0.08356189999994967	epochs	3.0
716.8364481457763	0.08198450000008961	epochs	3.0
716.9184326457764	0.15946709999991526	epochs	2.0
716.9184326457764	0.08046539999998004	epochs	3.0
716.9988980457764	0.07900169999993523	epochs	3.0
717.0778997457763	0.15381839999997737	epochs	2.0
717.0778997457763	0.07759010000006583	epochs	3.0
717.1554898457764	0.07622829999991154	epochs	3.0
717.2317181457763	0.14855640000007497	epochs	2.0
717.2317181457763	0.07491330000004837	epochs	3.0
717.3066314457764	0.0736431000000266	epochs	3.0
717.3802745457764	0.14364239999997608	epochs	2.0
717.3802745457764	0.07241499999997814	epochs	3.0
717.4526895457764	0.07122739999999794	epochs	3.0
717.5239169457764	0.13904309999998077	epochs	2.0
717.5239169457764	0.07007799999996678	epochs	3.0
717.5939949457763	0.06896510000001399	epochs	3.0
717.6629600457763	0.1347293000000036	epochs	2.0
717.6629600457763	0.0678871000000072	epochs	3.0
717.7308471457764	0.06684219999999641	epochs	3.0
717.7976893457763	0.1306752000000415	epochs	2.0
717.7976893457763	0.06582909999997355	epochs	3.0
717.8635184457763	0.06484610000006796	epochs	3.0
717.9283645457764	0.1268577999999252	epochs	2.0
717.9283645457764	0.06389200000000983	epochs	3.0
717.9922565457764	0.06296579999991536	epochs	3.0
718.0552223457763	0.12325720000001184	epochs	2.0
718.0552223457763	0.06206580000002759	epochs	3.0
718.1172881457763	0.06119139999998424	epochs	3.0
718.1784795457763	0.11985540000000583	epochs	2.0
718.1784795457763	0.06034110000007331	epochs	3.0
718.2388206457764	0.05951429999993252	epochs	3.0
718.2983349457763	0.11663620000001629	epochs	2.0
718.2983349457763	0.05870960000004288	epochs	3.0
718.3570445457764	0.057926599999973405	epochs	3.0
718.4149711457763	0.11358559999996487	epochs	2.0
718.4149711457763	0.05716419999998834	epochs	3.0
718.4721353457763	0.05642139999997653	epochs	3.0
718.5285567457763	0.11069050000003244	epochs	2.0
718.5285567457763	0.055697900000041045	epochs	3.0
718.5842546457764	0.0549925999999914	epochs	3.0
718.6392472457763	0.1079391000000669	epochs	2.0
718.6392472457763	0.05430490000003374	epochs	3.0
718.6935521457764	0.05363420000003316	epochs	3.0
718.7471863457764	0.10532149999994544	epochs	2.0
718.7471863457764	0.05297999999993408	epochs	3.0
718.8001663457763	0.052341500000011365	epochs	3.0
718.8525078457764	0.10282759999995505	epochs	2.0
718.8525078457764	0.05171810000001642	epochs	3.0
718.9042259457764	0.051109499999938635	epochs	3.0
718.9553354457763	0.10044910000010532	epochs	2.0
718.9553354457763	0.050514900000052876	epochs	3.0
719.0058503457764	0.04993420000005244	epochs	3.0
719.0557845457764	0.0981782999999723	epochs	2.0
719.0557845457764	0.04936659999998483	epochs	3.0
719.1051511457764	0.04881169999998747	epochs	3.0
719.1539628457764	0.09600779999993847	epochs	2.0
719.1539628457764	0.04826919999993606	epochs	3.0
719.2022320457763	0.04773860000000241	epochs	3.0
719.2499706457763	0.09393120000004274	epochs	2.0
719.2499706457763	0.04721949999998287	epochs	3.0
719.2971901457763	0.046711700000059864	epochs	3.0
719.3439018457764	0.09194260000003851	epochs	2.0
719.3439018457764	0.046214599999984785	epochs	3.0
719.3901164457764	0.045728000000053726	epochs	3.0
719.4358444457764	0.09003629999995155	epochs	2.0
719.4358444457764	0.045251499999949374	epochs	3.0
719.4810959457764	0.04478480000000218	epochs	3.0
719.5258807457764	0.08820760000003247	epochs	2.0
719.5258807457764	0.044327800000019124	epochs	3.0
719.5702085457764	0.04387980000001335	epochs	3.0
719.6140883457764	0.0864516999999978	epochs	2.0
719.6140883457764	0.04344099999991613	epochs	3.0
719.6575293457763	0.04301070000008167	epochs	3.0
719.7005400457764	0.08476429999996071	epochs	2.0
719.7005400457764	0.04258900000002086	epochs	3.0
719.7431290457764	0.04217529999993985	epochs	3.0
719.7853043457764	0.08314150000001064	epochs	2.0
719.7853043457764	0.04176970000003166	epochs	3.0
719.8270740457764	0.041371799999978975	epochs	3.0
719.8684458457764	0.08157970000002024	epochs	2.0
719.8684458457764	0.040981399999964196	epochs	3.0
719.9094272457763	0.04059830000005604	epochs	3.0
719.9500255457764	0.08007550000002084	epochs	2.0
719.9500255457764	0.04022229999998217	epochs	3.0
719.9902478457764	0.03985320000003867	epochs	3.0
720.0301010457764	0.07862569999997504	epochs	2.0
720.0301010457764	0.0394907999999532	epochs	3.0
720.0695918457764	0.039134900000021844	epochs	3.0
720.1087267457764	0.07722760000001472	epochs	2.0
720.1087267457764	0.03878539999993791	epochs	3.0
720.1475121457763	0.03844220000007681	epochs	3.0
720.1859543457764	0.07587819999992007	epochs	2.0
720.1859543457764	0.03810479999992822	epochs	3.0
720.2240591457763	0.03777339999999185	epochs	3.0
720.2618325457763	0.0745752000000266	epochs	2.0
720.2618325457763	0.03744770000002973	epochs	3.0
720.2992802457763	0.03712749999999687	epochs	3.0
720.3364077457763	0.07331629999998768	epochs	2.0
720.3364077457763	0.036812899999972615	epochs	3.0
720.3732206457763	0.03650340000001506	epochs	3.0
720.4097240457763	0.07209899999998015	epochs	2.0
720.4097240457763	0.03619910000008986	epochs	3.0
720.4459231457764	0.035899899999890295	epochs	3.0
720.4818230457763	0.07092170000009901	epochs	2.0
720.4818230457763	0.03560560000005353	epochs	3.0
720.5174286457764	0.03531610000004548	epochs	3.0
720.5527447457764	0.0697819999999183	epochs	2.0
720.5527447457764	0.03503119999993487	epochs	3.0
720.5877759457763	0.03475079999998343	epochs	3.0
720.6225267457763	0.06867859999999837	epochs	2.0
720.6225267457763	0.03447510000000875	epochs	3.0
720.6570018457763	0.03420349999998962	epochs	3.0
720.6912053457763	0.06760930000007193	epochs	2.0
720.6912053457763	0.03393620000008468	epochs	3.0
720.7251415457764	0.033673099999987244	epochs	3.0
720.7588146457764	0.06657289999998284	epochs	2.0
720.7588146457764	0.03341399999999339	epochs	3.0
720.7922286457764	0.033158899999989444	epochs	3.0
720.8253875457764	0.06556779999993978	epochs	2.0
720.8253875457764	0.032907700000009754	epochs	3.0
720.8582952457764	0.032660099999930026	epochs	3.0
720.8909553457763	0.06459260000008271	epochs	2.0
720.8909553457763	0.03241640000010193	epochs	3.0
720.9233717457764	0.03217619999998078	epochs	3.0
720.9555479457764	0.0636459999999488	epochs	2.0
720.9555479457764	0.03193959999998697	epochs	3.0
720.9874875457764	0.03170639999996183	epochs	3.0
721.0191939457764	0.0627266999999847	epochs	2.0
721.0191939457764	0.03147660000001906	epochs	3.0
721.0506705457764	0.03125009999996564	epochs	3.0
721.0819206457763	0.06183359999999993	epochs	2.0
721.0819206457763	0.031026900000028945	epochs	3.0
721.1129475457764	0.030806699999970988	epochs	3.0
721.1437542457763	0.06096560000003137	epochs	2.0
721.1437542457763	0.030589800000029754	epochs	3.0
721.1743440457764	0.030375800000001618	epochs	3.0
721.2047198457764	0.06012160000000222	epochs	2.0
721.2047198457764	0.030164900000045236	epochs	3.0
721.2348847457764	0.02995669999995698	epochs	3.0
721.2648414457764	0.05930069999999432	epochs	2.0
721.2648414457764	0.02975159999994048	epochs	3.0
721.2945930457763	0.02954910000005384	epochs	3.0
721.3241421457764	0.05850180000004457	epochs	2.0
721.3241421457764	0.02934940000000097	epochs	3.0
721.3534915457764	0.0291524000000436	epochs	3.0
721.3826439457764	0.05772419999993872	epochs	2.0
721.3826439457764	0.028957999999988715	epochs	3.0
721.4116019457764	0.028766199999950004	epochs	3.0
721.4403681457763	0.05696710000006533	epochs	2.0
721.4403681457763	0.028577000000041153	epochs	3.0
721.4689451457764	0.028390100000024177	epochs	3.0
721.4973352457764	0.05622949999997218	epochs	2.0
721.4973352457764	0.028205699999944045	epochs	3.0
721.5255409457764	0.028023800000028132	epochs	3.0
721.5535647457764	0.05551070000001346	epochs	2.0
721.5535647457764	0.027843999999959124	epochs	3.0
721.5814087457763	0.027666700000054334	epochs	3.0
721.6090754457764	0.054810200000019904	epochs	2.0
721.6090754457764	0.02749149999999645	epochs	3.0
721.6365669457764	0.027318700000023455	epochs	3.0
721.6638856457764	0.05412699999999404	epochs	2.0
721.6638856457764	0.027147799999966082	epochs	3.0
721.6910334457764	0.02697920000002796	epochs	3.0
721.7180126457764	0.053460699999959616	epochs	2.0
721.7180126457764	0.0268125999999711	epochs	3.0
721.7448252457764	0.026648099999988517	epochs	3.0
721.7714733457764	0.05281070000000909	epochs	2.0
721.7714733457764	0.026485600000000886	epochs	3.0
721.7979589457764	0.026325100000008206	epochs	3.0
721.8242840457764	0.05217619999996259	epochs	2.0
721.8242840457764	0.026166399999965506	epochs	3.0
721.8504504457763	0.026009799999997085	epochs	3.0
721.8764602457763	0.051556699999991906	epochs	2.0
721.8764602457763	0.025854800000047362	epochs	3.0
721.9023150457764	0.025701899999944544	epochs	3.0
721.9280169457763	0.050951900000086425	epochs	2.0
721.9280169457763	0.02555070000005344	epochs	3.0
721.9535676457764	0.025401200000032986	epochs	3.0
721.9789688457764	0.05036099999995258	epochs	2.0
721.9789688457764	0.025253499999962514	epochs	3.0
722.0042223457764	0.02510749999999007	epochs	3.0
722.0293298457764	0.049783800000000156	epochs	2.0
722.0293298457764	0.02496320000000196	epochs	3.0
722.0542930457764	0.024820599999998194	epochs	3.0
722.0791136457764	0.049219500000049266	epochs	2.0
722.0791136457764	0.024679399999968155	epochs	3.0
722.1037930457763	0.02454010000008111	epochs	3.0
722.1283331457764	0.048667899999941255	epochs	2.0
722.1283331457764	0.02440209999997478	epochs	3.0
722.1527352457764	0.024265799999966475	epochs	3.0
722.1770010457764	0.04812860000004093	epochs	2.0
722.1770010457764	0.024131000000011227	epochs	3.0
722.2011320457764	0.023997600000029706	epochs	3.0
722.2251296457764	0.04760109999995166	epochs	2.0
722.2251296457764	0.023865799999953197	epochs	3.0
722.2489954457764	0.02373529999999846	epochs	3.0
722.2727307457764	0.047085000000038235	epochs	2.0
722.2727307457764	0.023606299999983094	epochs	3.0
722.2963370457763	0.02347870000005514	epochs	3.0
722.3198157457764	0.046579999999948996	epochs	2.0
722.3198157457764	0.02335249999998723	epochs	3.0
722.3431682457764	0.023227499999961765	epochs	3.0
722.3663957457763	0.046085700000048746	epochs	2.0
722.3663957457763	0.023103999999989355	epochs	3.0
722.3894997457763	0.02298170000005939	epochs	3.0
722.4124814457764	0.045601799999985815	epochs	2.0
722.4124814457764	0.022860700000023826	epochs	3.0
722.4353421457764	0.02274109999996199	epochs	3.0
722.4580832457764	0.04512790000001132	epochs	2.0
722.4580832457764	0.022622500000011314	epochs	3.0
722.4807057457764	0.02250540000000001	epochs	3.0
722.5032111457764	0.044663799999966614	epochs	2.0
722.5032111457764	0.02238929999998618	epochs	3.0
722.5256004457764	0.022274499999980435	epochs	3.0
722.5478749457764	0.04420920000006845	epochs	2.0
722.5478749457764	0.022160800000051495	epochs	3.0
722.5700357457764	0.022048400000016954	epochs	3.0
722.5920841457764	0.04376359999992019	epochs	2.0
722.5920841457764	0.02193689999990056	epochs	3.0
722.6140210457763	0.021826700000019628	epochs	3.0
722.6358477457763	0.04332710000005591	epochs	2.0
722.6358477457763	0.021717599999988124	epochs	3.0
722.6575653457763	0.021609500000067783	epochs	3.0
722.6791748457764	0.042898999999920306	epochs	2.0
722.6791748457764	0.02150249999999687	epochs	3.0
722.7006773457764	0.021396499999923435	epochs	3.0
722.7220738457763	0.042479500000013104	epochs	2.0
722.7220738457763	0.02129170000000613	epochs	3.0
722.7433655457763	0.021187800000006973	epochs	3.0
722.7645533457763	0.042067900000006375	epochs	2.0
722.7645533457763	0.02108490000000529	epochs	3.0
722.7856382457763	0.020983000000001084	epochs	3.0
722.8066212457763	0.04166440000005878	epochs	2.0
722.8066212457763	0.02088220000007368	epochs	3.0
722.8275034457764	0.020782199999985096	epochs	3.0
722.8482856457764	0.04126850000000104	epochs	2.0
722.8482856457764	0.020683299999973315	epochs	3.0
722.8689689457764	0.020585200000027726	epochs	3.0
722.8895541457764	0.04088000000001557	epochs	2.0
722.8895541457764	0.020488099999965925	epochs	3.0
722.9100422457764	0.020391900000049645	epochs	3.0
722.9304341457764	0.04049879999990935	epochs	2.0
722.9304341457764	0.020296599999937825	epochs	3.0
722.9507307457764	0.020202199999971526	epochs	3.0
722.9709329457763	0.04012460000001283	epochs	2.0
722.9709329457763	0.02010870000003706	epochs	3.0
722.9910416457764	0.020015899999975773	epochs	3.0
723.0110575457763	0.03975730000001931	epochs	2.0
723.0110575457763	0.019924199999991288	epochs	3.0
723.0309817457763	0.019833100000028026	epochs	3.0
723.0508148457764	0.03939669999999751	epochs	2.0
723.0508148457764	0.01974300000006224	epochs	3.0
723.0705578457764	0.01965369999993527	epochs	3.0
723.0902115457764	0.03904239999997117	epochs	2.0
723.0902115457764	0.01956510000002254	epochs	3.0
723.1097766457764	0.019477299999948627	epochs	3.0
723.1292539457763	0.03869459999998526	epochs	2.0
723.1292539457763	0.019390400000020236	epochs	3.0
723.1486443457763	0.01930419999996502	epochs	3.0
723.1679485457763	0.03835290000006353	epochs	2.0
723.1679485457763	0.019218800000089686	epochs	3.0
723.1871673457764	0.01913409999997384	epochs	3.0
723.2063014457764	0.03801720000001296	epochs	2.0
723.2063014457764	0.019050200000037876	epochs	3.0
723.2253516457764	0.018966999999975087	epochs	3.0
723.2443186457764	0.03768719999993664	epochs	2.0
723.2443186457764	0.01888450000001285	epochs	3.0
723.2632031457764	0.01880269999992379	epochs	3.0
723.2820058457763	0.03736309999999321	epochs	2.0
723.2820058457763	0.018721700000014607	epochs	3.0
723.3007275457763	0.018641399999978603	epochs	3.0
723.3193689457763	0.03704430000004777	epochs	2.0
723.3193689457763	0.01856159999999818	epochs	3.0
723.3379305457763	0.01848270000004959	epochs	3.0
723.3564132457764	0.0367310000000316	epochs	2.0
723.3564132457764	0.018404300000042895	epochs	3.0
723.3748175457764	0.018326699999988705	epochs	3.0
723.3931442457764	0.03642289999993409	epochs	2.0
723.3931442457764	0.018249599999990096	epochs	3.0
723.4113938457764	0.018173299999943993	epochs	3.0
723.4295671457763	0.03612010000006194	epochs	2.0
723.4295671457763	0.0180976000000328	epochs	3.0
723.4476647457764	0.01802250000002914	epochs	3.0
723.4656872457764	0.03582210000001851	epochs	2.0
723.4656872457764	0.017947899999967376	epochs	3.0
723.4836351457764	0.017874200000051133	epochs	3.0
723.5015093457764	0.03552899999999681	epochs	2.0
723.5015093457764	0.017800799999918127	epochs	3.0
723.5193101457763	0.017728200000078687	epochs	3.0
723.5370383457764	0.035240699999917524	epochs	2.0
723.5370383457764	0.017656099999953767	epochs	3.0
723.5546944457764	0.017584599999963757	epochs	3.0
723.5722790457763	0.034957100000042374	epochs	2.0
723.5722790457763	0.01751369999999497	epochs	3.0
723.5897927457763	0.017443400000047404	epochs	3.0
723.6072361457764	0.03467790000001969	epochs	2.0
723.6072361457764	0.017373600000041733	epochs	3.0
723.6246097457764	0.017304299999977957	epochs	3.0
723.6419140457764	0.03440330000000813	epochs	2.0
723.6419140457764	0.01723570000001473	epochs	3.0
723.6591497457764	0.0171675999999934	epochs	3.0
723.6763173457764	0.03413279999995211	epochs	2.0
723.6763173457764	0.01709989999994832	epochs	3.0
723.6934172457763	0.017032900000003792	epochs	3.0
723.7104501457763	0.033866699999975935	epochs	2.0
723.7104501457763	0.01696640000000116	epochs	3.0
723.7274165457764	0.016900299999974777	epochs	3.0
723.7443168457763	0.03360459999998966	epochs	2.0
723.7443168457763	0.016834800000083305	epochs	3.0
723.7611516457764	0.016769799999906354	epochs	3.0
723.7779214457763	0.03334660000007261	epochs	2.0
723.7779214457763	0.016705300000012357	epochs	3.0
723.7946267457763	0.016641300000060255	epochs	3.0
723.8112680457764	0.03309249999995245	epochs	2.0
723.8112680457764	0.01657779999993636	epochs	3.0
723.8278458457763	0.01651470000001609	epochs	3.0
723.8443605457763	0.03284229999997024	epochs	2.0
723.8443605457763	0.01645220000000336	epochs	3.0
723.8608127457763	0.01639009999996688	epochs	3.0
723.8772028457763	0.03259570000000167	epochs	2.0
723.8772028457763	0.016328400000020338	epochs	3.0
723.8935312457763	0.016267299999981333	epochs	3.0
723.9097985457763	0.03235290000009172	epochs	2.0
723.9097985457763	0.016206600000032267	epochs	3.0
723.9260051457763	0.016146300000059455	epochs	3.0
723.9421514457764	0.03211369999996805	epochs	2.0
723.9421514457764	0.016086599999994178	epochs	3.0
723.9582380457764	0.01602709999997387	epochs	3.0
723.9742651457764	0.03187800000000607	epochs	2.0
723.9742651457764	0.015968199999974786	epochs	3.0
723.9902333457763	0.015909800000031282	epochs	3.0
724.0061431457764	0.031645700000012766	epochs	2.0
724.0061431457764	0.01585160000001906	epochs	3.0
724.0219947457764	0.015794099999993705	epochs	3.0
724.0377888457764	0.0314167000000225	epochs	2.0
724.0377888457764	0.01573669999993399	epochs	3.0
724.0535255457763	0.015680000000088512	epochs	3.0
724.0692055457764	0.031191100000000915	epochs	2.0
724.0692055457764	0.015623599999912585	epochs	3.0
724.0848291457763	0.01556750000008833	epochs	3.0
724.1003966457764	0.030968699999903038	epochs	2.0
724.1003966457764	0.015511999999944237	epochs	3.0
724.1159086457764	0.0154566999999588	epochs	3.0
724.1313653457763	0.03074950000006993	epochs	2.0
724.1313653457763	0.015402000000108274	epochs	3.0
724.1467673457764	0.015347499999961656	epochs	3.0
724.1621148457764	0.03053320000003623	epochs	2.0
724.1621148457764	0.015293400000018664	epochs	3.0
724.1774082457764	0.015239800000017567	epochs	3.0
724.1926480457764	0.030320099999926242	epochs	2.0
724.1926480457764	0.015186499999913394	epochs	3.0
724.2078345457763	0.015133600000012848	epochs	3.0
724.2229681457763	0.03010990000007041	epochs	2.0
724.2229681457763	0.015081000000009226	epochs	3.0
724.2380491457764	0.015028900000061185	epochs	3.0
724.2530780457764	0.029902499999934662	epochs	2.0
724.2530780457764	0.01497699999993074	epochs	3.0
724.2680550457764	0.014925500000003922	epochs	3.0
724.2829805457764	0.029698100000018712	epochs	2.0
724.2829805457764	0.014874400000053356	epochs	3.0
724.2978549457764	0.014823699999965356	epochs	3.0
724.3126786457764	0.02949630000000525	epochs	2.0
724.3126786457764	0.014773200000036013	epochs	3.0
724.3274518457764	0.014723099999969236	epochs	3.0
724.3421749457764	0.02929740000001857	epochs	2.0
724.3421749457764	0.014673399999992398	epochs	3.0
724.3568483457764	0.014624000000026172	epochs	3.0
724.3714723457764	0.029101099999934377	epochs	2.0
724.3714723457764	0.01457489999995687	epochs	3.0
724.3860472457764	0.014526199999977507	epochs	3.0
724.4005734457763	0.02890740000009373	epochs	2.0
724.4005734457763	0.014477700000043114	epochs	3.0
724.4150511457764	0.014429700000050616	epochs	3.0
724.4294808457764	0.028716199999962555	epochs	2.0
724.4294808457764	0.014381799999910072	epochs	3.0
724.4438626457763	0.014334400000052483	epochs	3.0
724.4581970457764	0.02852759999996124	epochs	2.0
724.4581970457764	0.01428720000001249	epochs	3.0
724.4724842457764	0.01424039999994875	epochs	3.0
724.4867246457763	0.028341400000044814	epochs	2.0
724.4867246457763	0.014193800000043666	epochs	3.0
724.5009184457764	0.014147600000001148	epochs	3.0
724.5150660457764	0.028157699999951546	epochs	2.0
724.5150660457764	0.014101699999969242	epochs	3.0
724.5291677457764	0.014055999999982305	epochs	3.0
724.5432237457763	0.027976299999977527	epochs	2.0
724.5432237457763	0.01401060000000598	epochs	3.0
724.5572343457764	0.013965699999971548	epochs	3.0
724.5712000457763	0.02779720000000907	epochs	2.0
724.5712000457763	0.013920800000050804	epochs	3.0
724.5851208457764	0.013876399999958267	epochs	3.0
724.5989972457763	0.027620400000046175	epochs	2.0
724.5989972457763	0.013832200000024386	epochs	3.0
724.6128294457764	0.013788200000021789	epochs	3.0
724.6266176457764	0.027445899999975154	epochs	2.0
724.6266176457764	0.013744599999995444	epochs	3.0
724.6403622457764	0.01370129999997971	epochs	3.0
724.6540635457764	0.027273499999978412	epochs	2.0
724.6540635457764	0.013658200000008947	epochs	3.0
724.6677217457764	0.013615299999969466	epochs	3.0
724.6813370457763	0.027103399999987232	epochs	2.0
724.6813370457763	0.013572800000019924	epochs	3.0
724.6949098457764	0.013530599999967308	epochs	3.0
724.7084404457763	0.02693520000002536	epochs	2.0
724.7084404457763	0.013488400000028378	epochs	3.0
724.7219288457763	0.013446799999996983	epochs	3.0
724.7353756457763	0.026769199999989723	epochs	2.0
724.7353756457763	0.013405199999965589	epochs	3.0
724.7487808457763	0.013364000000024134	epochs	3.0
724.7621448457763	0.026605200000062723	epochs	2.0
724.7621448457763	0.013322900000048321	epochs	3.0
724.7754677457764	0.013282300000014402	epochs	3.0
724.7887500457764	0.026443200000016986	epochs	2.0
724.7887500457764	0.013241699999980483	epochs	3.0
724.8019917457764	0.013201500000036503	epochs	3.0
724.8151932457764	0.0262831999999662	epochs	2.0
724.8151932457764	0.01316149999991012	epochs	3.0
724.8283547457763	0.01312170000005608	epochs	3.0
724.8414764457764	0.02612499999997908	epochs	2.0
724.8414764457764	0.013082100000019636	epochs	3.0
724.8545585457764	0.013042899999959445	epochs	3.0
724.8676014457764	0.025968900000066242	epochs	2.0
724.8676014457764	0.01300390000005791	epochs	3.0
724.8806053457764	0.012965000000008331	epochs	3.0
724.8935703457764	0.025814499999910367	epochs	2.0
724.8935703457764	0.012926399999969362	epochs	3.0
724.9064967457764	0.012888099999941005	epochs	3.0
724.9193848457763	0.025661900000045534	epochs	2.0
724.9193848457763	0.012849899999991976	epochs	3.0
724.9322347457763	0.012812000000053558	epochs	3.0
724.9450467457764	0.025511199999982637	epochs	2.0
724.9450467457764	0.012774400000012065	epochs	3.0
724.9578211457764	0.012736799999970572	epochs	3.0
724.9705579457764	0.025362299999983406	epochs	2.0
724.9705579457764	0.01269969999998466	epochs	3.0
724.9832576457763	0.012662599999998747	epochs	3.0
724.9959202457763	0.025215000000002874	epochs	2.0
724.9959202457763	0.012625800000023446	epochs	3.0
725.0085460457764	0.012589199999979428	epochs	3.0
725.0211352457763	0.024584800000070572	epochs	2.0
725.0429648457764	0.5	epochs	-1.0
725.0457200457764	0.5009599999999637	epochs	1.0
725.5466800457764	0.49896000000001095	epochs	0.0
726.5710000991821	0.118720000000053	epochs	0.0
726.5710000991821	0.054361900000003516	epochs	1.0
726.6253619991821	0.009996200000045974	epochs	1.0
726.6353581991822	0.054361900000003516	epochs	1.0
726.6897200991822	2.0	epochs	0.0
728.6897200991822	5.3815199999999095	epochs	0.0
728.6897200991822	1.0	epochs	1.0
728.6897648991821	0.5	epochs	-1.0
729.1897648991821	4.881475199999954	epochs	-1.0
729.6897200991822	4.3815199999999095	epochs	1.0
729.6897200991822	4.356753899999944	epochs	-1.0
729.6897200991822	1.9745871999999736	epochs	2.0
729.6897200991822	1.0985621999999466	epochs	3.0
730.7882822991821	0.8760250000000269	epochs	3.0
731.6643072991822	1.3524075000000266	epochs	2.0
731.6643072991822	0.7286354999999958	epochs	3.0
732.3929427991822	0.6237720000000309	epochs	3.0
733.0167147991822	1.029759199999944	epochs	2.0
733.0167147991822	0.5453292999999348	epochs	3.0
733.5620440991821	0.4844299000000092	epochs	3.0
734.0464739991821	0.024766099999965263	epochs	2.0
734.0464739991821	0.024766099999965263	epochs	3.0
734.0712400991821	16.618400000000065	epochs	0.0
735.0209999084473	0.118720000000053	epochs	0.0
735.0209999084473	0.054361900000003516	epochs	1.0
735.0753618084473	0.009996200000045974	epochs	1.0
735.0853580084473	0.054361900000003516	epochs	1.0
735.1397199084473	2.0	epochs	0.0
737.1397199084473	5.380639999999971	epochs	0.0
737.1397199084473	1.0	epochs	1.0
737.1397647084473	0.5	epochs	-1.0
737.6397647084473	4.880595200000016	epochs	-1.0
738.1397199084473	4.380639999999971	epochs	1.0
738.1397199084473	4.356753899999944	epochs	-1.0
738.1397199084473	1.9745871999999736	epochs	2.0
738.1397199084473	1.0985621999999466	epochs	3.0
739.2382821084473	0.8760250000000269	epochs	3.0
740.1143071084473	1.3524075000000266	epochs	2.0
740.1143071084473	0.7286354999999958	epochs	3.0
740.8429426084473	0.6237720000000309	epochs	3.0
741.4667146084473	1.029759199999944	epochs	2.0
741.4667146084473	0.5453292999999348	epochs	3.0
742.0120439084473	0.4844299000000092	epochs	3.0
742.4964738084473	0.023886100000027	epochs	2.0
742.4964738084473	0.023886100000027	epochs	3.0
742.5203599084473	16.619280000000003	epochs	0.0
743.4730000495911	0.118720000000053	epochs	0.0
743.4730000495911	0.054361900000003516	epochs	1.0
743.5273619495911	0.009996200000045974	epochs	1.0
743.5373581495911	0.054361900000003516	epochs	1.0
743.5917200495911	2.0	epochs	0.0
745.5917200495911	5.3815199999999095	epochs	0.0
745.5917200495911	1.0	epochs	1.0
745.5917648495911	0.5	epochs	-1.0
746.0917648495911	4.881475199999954	epochs	-1.0
746.5917200495911	4.3815199999999095	epochs	1.0
746.5917200495911	4.356753899999944	epochs	-1.0
746.5917200495911	1.9745871999999736	epochs	2.0
746.5917200495911	1.0985621999999466	epochs	3.0
747.6902822495911	0.8760250000000269	epochs	3.0
748.5663072495911	1.3524075000000266	epochs	2.0
748.5663072495911	0.7286354999999958	epochs	3.0
749.2949427495911	0.6237720000000309	epochs	3.0
749.9187147495911	1.029759199999944	epochs	2.0
749.9187147495911	0.5453292999999348	epochs	3.0
750.464044049591	0.4844299000000092	epochs	3.0
750.9484739495911	0.024766099999965263	epochs	2.0
750.9484739495911	0.024766099999965263	epochs	3.0
750.973240049591	16.618400000000065	epochs	0.0
751.9930000305176	0.118720000000053	epochs	0.0
751.9930000305176	0.054361900000003516	epochs	1.0
752.0473619305176	0.009996200000045974	epochs	1.0
752.0573581305176	0.054361900000003516	epochs	1.0
752.1117200305176	2.0	epochs	0.0
754.1117200305176	0.5412000000000035	epochs	0.0
754.1117200305176	0.5412000000000035	epochs	1.0
754.1117648305176	0.5	epochs	-1.0
754.6117648305176	0.04115520000004835	epochs	-1.0
754.6529200305176	21.45871999999997	epochs	0.0
755.8259997367859	0.118720000000053	epochs	0.0
755.8259997367859	0.054361900000003516	epochs	1.0
755.8803616367859	0.009996200000045974	epochs	1.0
755.8903578367859	0.054361900000003516	epochs	1.0
755.9447197367859	2.0	epochs	0.0
757.9447197367859	0.541439999999966	epochs	0.0
757.9447197367859	0.541439999999966	epochs	1.0
757.9447645367859	0.5	epochs	-1.0
758.4447645367859	0.041395200000010846	epochs	-1.0
758.4861597367859	21.45848000000001	epochs	0.0
759.5380001068115	0.118720000000053	epochs	0.0
759.5380001068115	0.054361900000003516	epochs	1.0
759.5923620068115	0.009996200000045974	epochs	1.0
759.6023582068116	0.054361900000003516	epochs	1.0
759.6567201068116	1.020719999999983	epochs	0.0
760.6774401068116	22.97919999999999	epochs	0.0
778.7249999046326	0.118720000000053	epochs	0.0
778.7249999046326	0.054361900000003516	epochs	1.0
778.7793618046326	0.009996200000045974	epochs	1.0
778.7893580046326	0.054361900000003516	epochs	1.0
778.8437199046326	2.0	epochs	0.0
780.8437199046326	1.6006399999999985	epochs	0.0
780.8437199046326	1.0	epochs	1.0
780.8437647046326	0.5	epochs	-1.0
781.3437647046326	1.1005952000000434	epochs	-1.0
781.8437199046326	0.6006399999999985	epochs	-1.0
781.8437199046326	0.6006399999999985	epochs	1.0
781.8437199046326	0.6006399999999985	epochs	2.0
781.8437199046326	0.6006399999999985	epochs	3.0
782.4443599046326	20.399279999999976	epochs	0.0
783.4590001106262	0.118720000000053	epochs	0.0
783.4590001106262	0.054361900000003516	epochs	1.0
783.5133620106262	0.009996200000045974	epochs	1.0
783.5233582106263	0.054361900000003516	epochs	1.0
783.5777201106263	2.0	epochs	0.0
785.5777201106263	0.5015999999999394	epochs	0.0
785.5777201106263	0.5015999999999394	epochs	1.0
785.5777649106262	0.5	epochs	-1.0
786.0777649106262	0.0015551999999843247	epochs	-1.0
786.0793201106262	21.498320000000035	epochs	0.0
787.3039999008179	0.118720000000053	epochs	0.0
787.3039999008179	0.054361900000003516	epochs	1.0
787.3583618008179	0.009996200000045974	epochs	1.0
787.3683580008179	0.054361900000003516	epochs	1.0
787.4227199008179	2.0	epochs	0.0
789.4227199008179	1.7411999999999352	epochs	0.0
789.4227199008179	1.0	epochs	1.0
789.4227647008179	0.5	epochs	-1.0
789.9227647008179	1.2411551999999801	epochs	-1.0
790.4227199008179	0.7411999999999352	epochs	-1.0
790.4227199008179	0.7411999999999352	epochs	1.0
790.4227199008179	0.7411999999999352	epochs	2.0
790.4227199008179	0.7411999999999352	epochs	3.0
791.1639199008179	20.25872000000004	epochs	0.0
792.1879997253418	0.118720000000053	epochs	0.0
792.1879997253418	0.054361900000003516	epochs	1.0
792.2423616253418	0.009996200000045974	epochs	1.0
792.2523578253418	0.054361900000003516	epochs	1.0
792.3067197253418	2.0	epochs	0.0
794.3067197253418	5.381119999999896	epochs	0.0
794.3067197253418	1.0	epochs	1.0
794.3067645253418	0.5	epochs	-1.0
794.8067645253418	4.881075199999941	epochs	-1.0
795.3067197253418	4.381119999999896	epochs	1.0
795.3067197253418	4.356753899999944	epochs	-1.0
795.3067197253418	1.9745871999999736	epochs	2.0
795.3067197253418	1.0985621999999466	epochs	3.0
796.4052819253418	0.8760250000000269	epochs	3.0
797.2813069253418	1.3524075000000266	epochs	2.0
797.2813069253418	0.7286354999999958	epochs	3.0
798.0099424253418	0.6237720000000309	epochs	3.0
798.6337144253419	1.029759199999944	epochs	2.0
798.6337144253419	0.5453292999999348	epochs	3.0
799.1790437253418	0.4844299000000092	epochs	3.0
799.6634736253418	0.024366099999951985	epochs	2.0
799.6634736253418	0.024366099999951985	epochs	3.0
799.6878397253417	16.61880000000008	epochs	0.0
800.7290000915527	0.118720000000053	epochs	0.0
800.7290000915527	0.054361900000003516	epochs	1.0
800.7833619915527	0.009996200000045974	epochs	1.0
800.7933581915528	0.054361900000003516	epochs	1.0
800.8477200915528	2.0	epochs	0.0
802.8477200915528	0.5407199999999648	epochs	0.0
802.8477200915528	0.5407199999999648	epochs	1.0
802.8477648915527	0.5	epochs	-1.0
803.3477648915527	0.04067520000000968	epochs	-1.0
803.3884400915528	21.45920000000001	epochs	0.0
804.4119997024536	0.118720000000053	epochs	0.0
804.4119997024536	0.054361900000003516	epochs	1.0
804.4663616024536	0.009996200000045974	epochs	1.0
804.4763578024537	0.054361900000003516	epochs	1.0
804.5307197024537	2.0	epochs	0.0
806.5307197024537	0.5012799999999515	epochs	0.0
806.5307197024537	0.5012799999999515	epochs	1.0
806.5307645024536	0.5	epochs	-1.0
807.0307645024536	0.0012351999999964391	epochs	-1.0
807.0319997024536	21.498640000000023	epochs	0.0
808.2459998130798	0.118720000000053	epochs	0.0
808.2459998130798	0.054361900000003516	epochs	1.0
808.3003617130798	0.009996200000045974	epochs	1.0
808.3103579130799	0.054361900000003516	epochs	1.0
808.3647198130799	2.0	epochs	0.0
810.3647198130799	0.5407199999999648	epochs	0.0
810.3647198130799	0.5407199999999648	epochs	1.0
810.3647646130798	0.5	epochs	-1.0
810.8647646130798	0.04067520000000968	epochs	-1.0
810.9054398130799	21.45920000000001	epochs	0.0
811.9959998130798	0.118720000000053	epochs	0.0
811.9959998130798	0.054361900000003516	epochs	1.0
812.0503617130798	0.009996200000045974	epochs	1.0
812.0603579130799	0.054361900000003516	epochs	1.0
812.1147198130799	2.0	epochs	0.0
814.1147198130799	0.5011999999999261	epochs	0.0
814.1147198130799	0.5011999999999261	epochs	1.0
814.1147646130798	0.5	epochs	-1.0
814.6147646130798	0.001155199999971046	epochs	-1.0
814.6159198130798	21.49872000000005	epochs	0.0
815.878999710083	0.118720000000053	epochs	0.0
815.878999710083	0.054361900000003516	epochs	1.0
815.933361610083	0.009996200000045974	epochs	1.0
815.9433578100831	0.054361900000003516	epochs	1.0
815.9977197100831	2.0	epochs	0.0
817.9977197100831	21.999919999999975	epochs	0.0
817.9977197100831	1.0	epochs	1.0
817.997764510083	0.5	epochs	-1.0
818.497764510083	19.99720000000002	epochs	-1.0
818.9977197100831	20.0	epochs	1.0
818.9977197100831	4.356753899999944	epochs	-1.0
818.9977197100831	1.9745871999999736	epochs	2.0
818.9977197100831	1.0985621999999466	epochs	3.0
820.096281910083	0.8760250000000269	epochs	3.0
820.972306910083	1.3524075000000266	epochs	2.0
820.972306910083	0.7286354999999958	epochs	3.0
821.700942410083	0.6237720000000309	epochs	3.0
822.3247144100831	1.029759199999944	epochs	2.0
822.3247144100831	0.5453292999999348	epochs	3.0
822.870043710083	0.4844299000000092	epochs	3.0
823.354473610083	0.8317862000000105	epochs	2.0
823.354473610083	0.4357763000000432	epochs	3.0
823.790249910083	0.3960098999999673	epochs	3.0
824.186259810083	0.6977970000000369	epochs	2.0
824.186259810083	0.3628982000000178	epochs	3.0
824.549158010083	0.33489880000001904	epochs	3.0
824.884056810083	0.601045699999986	epochs	2.0
824.884056810083	0.3109122999999272	epochs	3.0
825.194969110083	0.2901334000000588	epochs	3.0
825.485102510083	0.5278859000000011	epochs	2.0
825.485102510083	0.2719585999999481	epochs	3.0
825.757061110083	0.25592730000005304	epochs	3.0
826.012988410083	0.470619299999953	epochs	2.0
826.012988410083	0.241681299999982	epochs	3.0
826.254669710083	0.228937999999971	epochs	3.0
826.483607710083	0.42457039999999324	epochs	2.0
826.483607710083	0.21747140000002219	epochs	3.0
826.701079110083	0.20709899999997106	epochs	3.0
826.908178110083	0.3867354000000205	epochs	2.0
826.908178110083	0.19767109999997956	epochs	3.0
827.105849210083	0.18906430000004093	epochs	3.0
827.294913510083	0.3550953000000163	epochs	2.0
827.294913510083	0.18117589999997108	epochs	3.0
827.476089410083	0.17391940000004524	epochs	3.0
827.650008810083	0.3282431000000088	epochs	2.0
827.650008810083	0.16722189999995862	epochs	3.0
827.817230710083	0.16102120000005016	epochs	3.0
827.978251910083	0.30516799999998057	epochs	2.0
827.978251910083	0.15526390000002266	epochs	3.0
828.133515810083	0.1499040999999579	epochs	3.0
828.283419910083	0.28512530000000424	epochs	2.0
828.283419910083	0.1449020999999675	epochs	3.0
828.428322010083	0.14022320000003674	epochs	3.0
828.568545210083	0.2675537999999733	epochs	2.0
828.568545210083	0.1358368999999584	epochs	3.0
828.704382110083	0.1317169000000149	epochs	3.0
828.836099010083	0.2520229000000427	epochs	2.0
828.836099010083	0.1278393000000051	epochs	3.0
828.963938310083	0.12418360000003759	epochs	3.0
829.088121910083	0.23819649999995818	epochs	2.0
829.088121910083	0.12073109999994358	epochs	3.0
829.208853010083	0.1174654000000146	epochs	3.0
829.326318410083	0.2258087999999816	epochs	2.0
829.326318410083	0.11437190000003739	epochs	3.0
829.440690310083	0.11143689999994422	epochs	3.0
829.552127210083	0.2146460000000161	epochs	2.0
829.552127210083	0.10864890000004834	epochs	3.0
829.660776110083	0.10599709999996776	epochs	3.0
829.766773210083	0.20453499999996438	epochs	2.0
829.766773210083	0.10347150000006877	epochs	3.0
829.870244710083	0.10106349999989561	epochs	3.0
829.971308210083	0.19533400000000256	epochs	2.0
829.971308210083	0.09876510000003691	epochs	3.0
830.070073310083	0.09656889999996565	epochs	3.0
830.166642210083	0.1869253000000981	epochs	2.0
830.166642210083	0.09446830000001682	epochs	3.0
830.261110510083	0.09245700000008128	epochs	3.0
830.353567510083	0.17921069999999872	epochs	2.0
830.353567510083	0.09052959999996801	epochs	3.0
830.444097110083	0.08868110000003071	epochs	3.0
830.532778210083	0.17210769999996955	epochs	2.0
830.532778210083	0.08690630000000965	epochs	3.0
830.6196845100831	0.0852013999999599	epochs	3.0
830.704885910083	0.16554640000003928	epochs	2.0
830.704885910083	0.08356189999994967	epochs	3.0
830.788447810083	0.08198450000008961	epochs	3.0
830.8704323100831	0.15946709999991526	epochs	2.0
830.8704323100831	0.08046539999998004	epochs	3.0
830.950897710083	0.07900169999993523	epochs	3.0
831.029899410083	0.15381839999997737	epochs	2.0
831.029899410083	0.07759010000006583	epochs	3.0
831.107489510083	0.07622829999991154	epochs	3.0
831.183717810083	0.14855640000007497	epochs	2.0
831.183717810083	0.07491330000004837	epochs	3.0
831.258631110083	0.0736431000000266	epochs	3.0
831.332274210083	0.14364239999997608	epochs	2.0
831.332274210083	0.07241499999997814	epochs	3.0
831.404689210083	0.07122739999999794	epochs	3.0
831.475916610083	0.13904309999998077	epochs	2.0
831.475916610083	0.07007799999996678	epochs	3.0
831.545994610083	0.06896510000001399	epochs	3.0
831.614959710083	0.1347293000000036	epochs	2.0
831.614959710083	0.0678871000000072	epochs	3.0
831.682846810083	0.06684219999999641	epochs	3.0
831.749689010083	0.1306752000000415	epochs	2.0
831.749689010083	0.06582909999997355	epochs	3.0
831.815518110083	0.06484610000006796	epochs	3.0
831.880364210083	0.1268577999999252	epochs	2.0
831.880364210083	0.06389200000000983	epochs	3.0
831.944256210083	0.06296579999991536	epochs	3.0
832.007222010083	0.12325720000001184	epochs	2.0
832.007222010083	0.06206580000002759	epochs	3.0
832.069287810083	0.06119139999998424	epochs	3.0
832.130479210083	0.11985540000000583	epochs	2.0
832.130479210083	0.06034110000007331	epochs	3.0
832.190820310083	0.05951429999993252	epochs	3.0
832.250334610083	0.11663620000001629	epochs	2.0
832.250334610083	0.05870960000004288	epochs	3.0
832.309044210083	0.057926599999973405	epochs	3.0
832.366970810083	0.11358559999996487	epochs	2.0
832.366970810083	0.05716419999998834	epochs	3.0
832.424135010083	0.05642139999997653	epochs	3.0
832.480556410083	0.11069050000003244	epochs	2.0
832.480556410083	0.055697900000041045	epochs	3.0
832.536254310083	0.0549925999999914	epochs	3.0
832.591246910083	0.1079391000000669	epochs	2.0
832.591246910083	0.05430490000003374	epochs	3.0
832.645551810083	0.05363420000003316	epochs	3.0
832.699186010083	0.10532149999994544	epochs	2.0
832.699186010083	0.05297999999993408	epochs	3.0
832.752166010083	0.052341500000011365	epochs	3.0
832.804507510083	0.10282759999995505	epochs	2.0
832.804507510083	0.05171810000001642	epochs	3.0
832.856225610083	0.051109499999938635	epochs	3.0
832.907335110083	0.10044910000010532	epochs	2.0
832.907335110083	0.050514900000052876	epochs	3.0
832.957850010083	0.04993420000005244	epochs	3.0
833.0077842100831	0.0981782999999723	epochs	2.0
833.0077842100831	0.04936659999998483	epochs	3.0
833.057150810083	0.04881169999998747	epochs	3.0
833.105962510083	0.09600779999993847	epochs	2.0
833.105962510083	0.04826919999993606	epochs	3.0
833.154231710083	0.04773860000000241	epochs	3.0
833.201970310083	0.09393120000004274	epochs	2.0
833.201970310083	0.04721949999998287	epochs	3.0
833.249189810083	0.046711700000059864	epochs	3.0
833.295901510083	0.09194260000003851	epochs	2.0
833.295901510083	0.046214599999984785	epochs	3.0
833.342116110083	0.045728000000053726	epochs	3.0
833.387844110083	0.09003629999995155	epochs	2.0
833.387844110083	0.045251499999949374	epochs	3.0
833.433095610083	0.04478480000000218	epochs	3.0
833.477880410083	0.08820760000003247	epochs	2.0
833.477880410083	0.044327800000019124	epochs	3.0
833.522208210083	0.04387980000001335	epochs	3.0
833.566088010083	0.0864516999999978	epochs	2.0
833.566088010083	0.04344099999991613	epochs	3.0
833.609529010083	0.04301070000008167	epochs	3.0
833.652539710083	0.08476429999996071	epochs	2.0
833.652539710083	0.04258900000002086	epochs	3.0
833.695128710083	0.04217529999993985	epochs	3.0
833.737304010083	0.08314150000001064	epochs	2.0
833.737304010083	0.04176970000003166	epochs	3.0
833.779073710083	0.041371799999978975	epochs	3.0
833.820445510083	0.08157970000002024	epochs	2.0
833.820445510083	0.040981399999964196	epochs	3.0
833.861426910083	0.04059830000005604	epochs	3.0
833.902025210083	0.08007550000002084	epochs	2.0
833.902025210083	0.04022229999998217	epochs	3.0
833.942247510083	0.03985320000003867	epochs	3.0
833.982100710083	0.07862569999997504	epochs	2.0
833.982100710083	0.0394907999999532	epochs	3.0
834.021591510083	0.039134900000021844	epochs	3.0
834.060726410083	0.07722760000001472	epochs	2.0
834.060726410083	0.03878539999993791	epochs	3.0
834.099511810083	0.03844220000007681	epochs	3.0
834.137954010083	0.07587819999992007	epochs	2.0
834.137954010083	0.03810479999992822	epochs	3.0
834.176058810083	0.03777339999999185	epochs	3.0
834.213832210083	0.0745752000000266	epochs	2.0
834.213832210083	0.03744770000002973	epochs	3.0
834.251279910083	0.03712749999999687	epochs	3.0
834.288407410083	0.07331629999998768	epochs	2.0
834.288407410083	0.036812899999972615	epochs	3.0
834.325220310083	0.03650340000001506	epochs	3.0
834.361723710083	0.07209899999998015	epochs	2.0
834.361723710083	0.03619910000008986	epochs	3.0
834.3979228100831	0.035899899999890295	epochs	3.0
834.433822710083	0.07092170000009901	epochs	2.0
834.433822710083	0.03560560000005353	epochs	3.0
834.469428310083	0.03531610000004548	epochs	3.0
834.504744410083	0.0697819999999183	epochs	2.0
834.504744410083	0.03503119999993487	epochs	3.0
834.539775610083	0.03475079999998343	epochs	3.0
834.574526410083	0.06867859999999837	epochs	2.0
834.574526410083	0.03447510000000875	epochs	3.0
834.609001510083	0.03420349999998962	epochs	3.0
834.643205010083	0.06760930000007193	epochs	2.0
834.643205010083	0.03393620000008468	epochs	3.0
834.677141210083	0.033673099999987244	epochs	3.0
834.710814310083	0.06657289999998284	epochs	2.0
834.710814310083	0.03341399999999339	epochs	3.0
834.744228310083	0.033158899999989444	epochs	3.0
834.777387210083	0.06556779999993978	epochs	2.0
834.777387210083	0.032907700000009754	epochs	3.0
834.810294910083	0.032660099999930026	epochs	3.0
834.842955010083	0.06459260000008271	epochs	2.0
834.842955010083	0.03241640000010193	epochs	3.0
834.8753714100831	0.03217619999998078	epochs	3.0
834.907547610083	0.0636459999999488	epochs	2.0
834.907547610083	0.03193959999998697	epochs	3.0
834.939487210083	0.03170639999996183	epochs	3.0
834.971193610083	0.0627266999999847	epochs	2.0
834.971193610083	0.03147660000001906	epochs	3.0
835.002670210083	0.03125009999996564	epochs	3.0
835.033920310083	0.06183359999999993	epochs	2.0
835.033920310083	0.031026900000028945	epochs	3.0
835.064947210083	0.030806699999970988	epochs	3.0
835.095753910083	0.06096560000003137	epochs	2.0
835.095753910083	0.030589800000029754	epochs	3.0
835.126343710083	0.030375800000001618	epochs	3.0
835.156719510083	0.06012160000000222	epochs	2.0
835.156719510083	0.030164900000045236	epochs	3.0
835.186884410083	0.02995669999995698	epochs	3.0
835.216841110083	0.05930069999999432	epochs	2.0
835.216841110083	0.02975159999994048	epochs	3.0
835.246592710083	0.02954910000005384	epochs	3.0
835.276141810083	0.05850180000004457	epochs	2.0
835.276141810083	0.02934940000000097	epochs	3.0
835.305491210083	0.0291524000000436	epochs	3.0
835.334643610083	0.05772419999993872	epochs	2.0
835.334643610083	0.028957999999988715	epochs	3.0
835.363601610083	0.028766199999950004	epochs	3.0
835.392367810083	0.05696710000006533	epochs	2.0
835.392367810083	0.028577000000041153	epochs	3.0
835.420944810083	0.028390100000024177	epochs	3.0
835.449334910083	0.05622949999997218	epochs	2.0
835.449334910083	0.028205699999944045	epochs	3.0
835.477540610083	0.028023800000028132	epochs	3.0
835.505564410083	0.05551070000001346	epochs	2.0
835.505564410083	0.027843999999959124	epochs	3.0
835.533408410083	0.027666700000054334	epochs	3.0
835.561075110083	0.054810200000019904	epochs	2.0
835.561075110083	0.02749149999999645	epochs	3.0
835.588566610083	0.027318700000023455	epochs	3.0
835.6158853100831	0.05412699999999404	epochs	2.0
835.6158853100831	0.027147799999966082	epochs	3.0
835.643033110083	0.02697920000002796	epochs	3.0
835.670012310083	0.053460699999959616	epochs	2.0
835.670012310083	0.0268125999999711	epochs	3.0
835.696824910083	0.026648099999988517	epochs	3.0
835.723473010083	0.05281070000000909	epochs	2.0
835.723473010083	0.026485600000000886	epochs	3.0
835.749958610083	0.026325100000008206	epochs	3.0
835.776283710083	0.05217619999996259	epochs	2.0
835.776283710083	0.026166399999965506	epochs	3.0
835.802450110083	0.026009799999997085	epochs	3.0
835.828459910083	0.051556699999991906	epochs	2.0
835.828459910083	0.025854800000047362	epochs	3.0
835.854314710083	0.025701899999944544	epochs	3.0
835.880016610083	0.050951900000086425	epochs	2.0
835.880016610083	0.02555070000005344	epochs	3.0
835.905567310083	0.025401200000032986	epochs	3.0
835.9309685100831	0.05036099999995258	epochs	2.0
835.9309685100831	0.025253499999962514	epochs	3.0
835.956222010083	0.02510749999999007	epochs	3.0
835.981329510083	0.049783800000000156	epochs	2.0
835.981329510083	0.02496320000000196	epochs	3.0
836.006292710083	0.024820599999998194	epochs	3.0
836.031113310083	0.049219500000049266	epochs	2.0
836.031113310083	0.024679399999968155	epochs	3.0
836.055792710083	0.02454010000008111	epochs	3.0
836.0803328100831	0.048667899999941255	epochs	2.0
836.0803328100831	0.02440209999997478	epochs	3.0
836.104734910083	0.024265799999966475	epochs	3.0
836.129000710083	0.04812860000004093	epochs	2.0
836.129000710083	0.024131000000011227	epochs	3.0
836.153131710083	0.023997600000029706	epochs	3.0
836.177129310083	0.04760109999995166	epochs	2.0
836.177129310083	0.023865799999953197	epochs	3.0
836.200995110083	0.02373529999999846	epochs	3.0
836.224730410083	0.047085000000038235	epochs	2.0
836.224730410083	0.023606299999983094	epochs	3.0
836.248336710083	0.02347870000005514	epochs	3.0
836.271815410083	0.046579999999948996	epochs	2.0
836.271815410083	0.02335249999998723	epochs	3.0
836.295167910083	0.023227499999961765	epochs	3.0
836.318395410083	0.046085700000048746	epochs	2.0
836.318395410083	0.023103999999989355	epochs	3.0
836.341499410083	0.02298170000005939	epochs	3.0
836.364481110083	0.045601799999985815	epochs	2.0
836.364481110083	0.022860700000023826	epochs	3.0
836.3873418100831	0.02274109999996199	epochs	3.0
836.410082910083	0.04512790000001132	epochs	2.0
836.410082910083	0.022622500000011314	epochs	3.0
836.432705410083	0.02250540000000001	epochs	3.0
836.455210810083	0.044663799999966614	epochs	2.0
836.455210810083	0.02238929999998618	epochs	3.0
836.477600110083	0.022274499999980435	epochs	3.0
836.499874610083	0.04420920000006845	epochs	2.0
836.499874610083	0.022160800000051495	epochs	3.0
836.522035410083	0.022048400000016954	epochs	3.0
836.5440838100831	0.04376359999992019	epochs	2.0
836.5440838100831	0.02193689999990056	epochs	3.0
836.566020710083	0.021826700000019628	epochs	3.0
836.587847410083	0.04332710000005591	epochs	2.0
836.587847410083	0.021717599999988124	epochs	3.0
836.609565010083	0.021609500000067783	epochs	3.0
836.631174510083	0.042898999999920306	epochs	2.0
836.631174510083	0.02150249999999687	epochs	3.0
836.652677010083	0.021396499999923435	epochs	3.0
836.674073510083	0.042479500000013104	epochs	2.0
836.674073510083	0.02129170000000613	epochs	3.0
836.695365210083	0.021187800000006973	epochs	3.0
836.716553010083	0.042067900000006375	epochs	2.0
836.716553010083	0.02108490000000529	epochs	3.0
836.737637910083	0.020983000000001084	epochs	3.0
836.758620910083	0.04166440000005878	epochs	2.0
836.758620910083	0.02088220000007368	epochs	3.0
836.779503110083	0.020782199999985096	epochs	3.0
836.800285310083	0.04126850000000104	epochs	2.0
836.800285310083	0.020683299999973315	epochs	3.0
836.820968610083	0.020585200000027726	epochs	3.0
836.841553810083	0.04088000000001557	epochs	2.0
836.841553810083	0.020488099999965925	epochs	3.0
836.862041910083	0.020391900000049645	epochs	3.0
836.8824338100831	0.04049879999990935	epochs	2.0
836.8824338100831	0.020296599999937825	epochs	3.0
836.902730410083	0.020202199999971526	epochs	3.0
836.922932610083	0.04012460000001283	epochs	2.0
836.922932610083	0.02010870000003706	epochs	3.0
836.943041310083	0.020015899999975773	epochs	3.0
836.963057210083	0.03975730000001931	epochs	2.0
836.963057210083	0.019924199999991288	epochs	3.0
836.982981410083	0.019833100000028026	epochs	3.0
837.002814510083	0.03939669999999751	epochs	2.0
837.002814510083	0.01974300000006224	epochs	3.0
837.0225575100831	0.01965369999993527	epochs	3.0
837.042211210083	0.03904239999997117	epochs	2.0
837.042211210083	0.01956510000002254	epochs	3.0
837.061776310083	0.019477299999948627	epochs	3.0
837.081253610083	0.03869459999998526	epochs	2.0
837.081253610083	0.019390400000020236	epochs	3.0
837.100644010083	0.01930419999996502	epochs	3.0
837.119948210083	0.03835290000006353	epochs	2.0
837.119948210083	0.019218800000089686	epochs	3.0
837.139167010083	0.01913409999997384	epochs	3.0
837.158301110083	0.03801720000001296	epochs	2.0
837.158301110083	0.019050200000037876	epochs	3.0
837.177351310083	0.018966999999975087	epochs	3.0
837.196318310083	0.03768719999993664	epochs	2.0
837.196318310083	0.01888450000001285	epochs	3.0
837.215202810083	0.01880269999992379	epochs	3.0
837.234005510083	0.03736309999999321	epochs	2.0
837.234005510083	0.018721700000014607	epochs	3.0
837.252727210083	0.018641399999978603	epochs	3.0
837.271368610083	0.03704430000004777	epochs	2.0
837.271368610083	0.01856159999999818	epochs	3.0
837.289930210083	0.01848270000004959	epochs	3.0
837.308412910083	0.0367310000000316	epochs	2.0
837.308412910083	0.018404300000042895	epochs	3.0
837.326817210083	0.018326699999988705	epochs	3.0
837.345143910083	0.03642289999993409	epochs	2.0
837.345143910083	0.018249599999990096	epochs	3.0
837.363393510083	0.018173299999943993	epochs	3.0
837.381566810083	0.03612010000006194	epochs	2.0
837.381566810083	0.0180976000000328	epochs	3.0
837.399664410083	0.01802250000002914	epochs	3.0
837.417686910083	0.03582210000001851	epochs	2.0
837.417686910083	0.017947899999967376	epochs	3.0
837.435634810083	0.017874200000051133	epochs	3.0
837.453509010083	0.03552899999999681	epochs	2.0
837.453509010083	0.017800799999918127	epochs	3.0
837.471309810083	0.017728200000078687	epochs	3.0
837.489038010083	0.035240699999917524	epochs	2.0
837.489038010083	0.017656099999953767	epochs	3.0
837.506694110083	0.017584599999963757	epochs	3.0
837.524278710083	0.034957100000042374	epochs	2.0
837.524278710083	0.01751369999999497	epochs	3.0
837.541792410083	0.017443400000047404	epochs	3.0
837.559235810083	0.03467790000001969	epochs	2.0
837.559235810083	0.017373600000041733	epochs	3.0
837.576609410083	0.017304299999977957	epochs	3.0
837.593913710083	0.03440330000000813	epochs	2.0
837.593913710083	0.01723570000001473	epochs	3.0
837.611149410083	0.0171675999999934	epochs	3.0
837.628317010083	0.03413279999995211	epochs	2.0
837.628317010083	0.01709989999994832	epochs	3.0
837.645416910083	0.017032900000003792	epochs	3.0
837.662449810083	0.033866699999975935	epochs	2.0
837.662449810083	0.01696640000000116	epochs	3.0
837.679416210083	0.016900299999974777	epochs	3.0
837.696316510083	0.03360459999998966	epochs	2.0
837.696316510083	0.016834800000083305	epochs	3.0
837.713151310083	0.016769799999906354	epochs	3.0
837.729921110083	0.03334660000007261	epochs	2.0
837.729921110083	0.016705300000012357	epochs	3.0
837.746626410083	0.016641300000060255	epochs	3.0
837.763267710083	0.03309249999995245	epochs	2.0
837.763267710083	0.01657779999993636	epochs	3.0
837.779845510083	0.01651470000001609	epochs	3.0
837.796360210083	0.03284229999997024	epochs	2.0
837.796360210083	0.01645220000000336	epochs	3.0
837.812812410083	0.01639009999996688	epochs	3.0
837.829202510083	0.03259570000000167	epochs	2.0
837.829202510083	0.016328400000020338	epochs	3.0
837.845530910083	0.016267299999981333	epochs	3.0
837.861798210083	0.03235290000009172	epochs	2.0
837.861798210083	0.016206600000032267	epochs	3.0
837.878004810083	0.016146300000059455	epochs	3.0
837.894151110083	0.03211369999996805	epochs	2.0
837.894151110083	0.016086599999994178	epochs	3.0
837.910237710083	0.01602709999997387	epochs	3.0
837.926264810083	0.03187800000000607	epochs	2.0
837.926264810083	0.015968199999974786	epochs	3.0
837.942233010083	0.015909800000031282	epochs	3.0
837.958142810083	0.031645700000012766	epochs	2.0
837.958142810083	0.01585160000001906	epochs	3.0
837.973994410083	0.015794099999993705	epochs	3.0
837.989788510083	0.0314167000000225	epochs	2.0
837.989788510083	0.01573669999993399	epochs	3.0
838.005525210083	0.015680000000088512	epochs	3.0
838.021205210083	0.031191100000000915	epochs	2.0
838.021205210083	0.015623599999912585	epochs	3.0
838.036828810083	0.01556750000008833	epochs	3.0
838.052396310083	0.030968699999903038	epochs	2.0
838.052396310083	0.015511999999944237	epochs	3.0
838.067908310083	0.0154566999999588	epochs	3.0
838.083365010083	0.03074950000006993	epochs	2.0
838.083365010083	0.015402000000108274	epochs	3.0
838.0987670100831	0.015347499999961656	epochs	3.0
838.114114510083	0.03053320000003623	epochs	2.0
838.114114510083	0.015293400000018664	epochs	3.0
838.129407910083	0.015239800000017567	epochs	3.0
838.1446477100831	0.030320099999926242	epochs	2.0
838.1446477100831	0.015186499999913394	epochs	3.0
838.159834210083	0.015133600000012848	epochs	3.0
838.174967810083	0.03010990000007041	epochs	2.0
838.174967810083	0.015081000000009226	epochs	3.0
838.190048810083	0.015028900000061185	epochs	3.0
838.2050777100831	0.029902499999934662	epochs	2.0
838.2050777100831	0.01497699999993074	epochs	3.0
838.220054710083	0.014925500000003922	epochs	3.0
838.234980210083	0.029698100000018712	epochs	2.0
838.234980210083	0.014874400000053356	epochs	3.0
838.249854610083	0.014823699999965356	epochs	3.0
838.264678310083	0.02949630000000525	epochs	2.0
838.264678310083	0.014773200000036013	epochs	3.0
838.279451510083	0.014723099999969236	epochs	3.0
838.294174610083	0.02929740000001857	epochs	2.0
838.294174610083	0.014673399999992398	epochs	3.0
838.308848010083	0.014624000000026172	epochs	3.0
838.323472010083	0.029101099999934377	epochs	2.0
838.323472010083	0.01457489999995687	epochs	3.0
838.338046910083	0.014526199999977507	epochs	3.0
838.352573110083	0.02890740000009373	epochs	2.0
838.352573110083	0.014477700000043114	epochs	3.0
838.367050810083	0.014429700000050616	epochs	3.0
838.3814805100831	0.028716199999962555	epochs	2.0
838.3814805100831	0.014381799999910072	epochs	3.0
838.395862310083	0.014334400000052483	epochs	3.0
838.410196710083	0.02852759999996124	epochs	2.0
838.410196710083	0.01428720000001249	epochs	3.0
838.424483910083	0.01424039999994875	epochs	3.0
838.438724310083	0.028341400000044814	epochs	2.0
838.438724310083	0.014193800000043666	epochs	3.0
838.452918110083	0.014147600000001148	epochs	3.0
838.467065710083	0.028157699999951546	epochs	2.0
838.467065710083	0.014101699999969242	epochs	3.0
838.481167410083	0.014055999999982305	epochs	3.0
838.495223410083	0.027976299999977527	epochs	2.0
838.495223410083	0.01401060000000598	epochs	3.0
838.509234010083	0.013965699999971548	epochs	3.0
838.523199710083	0.02779720000000907	epochs	2.0
838.523199710083	0.013920800000050804	epochs	3.0
838.537120510083	0.013876399999958267	epochs	3.0
838.550996910083	0.027620400000046175	epochs	2.0
838.550996910083	0.013832200000024386	epochs	3.0
838.564829110083	0.013788200000021789	epochs	3.0
838.578617310083	0.027445899999975154	epochs	2.0
838.578617310083	0.013744599999995444	epochs	3.0
838.592361910083	0.01370129999997971	epochs	3.0
838.606063210083	0.027273499999978412	epochs	2.0
838.606063210083	0.013658200000008947	epochs	3.0
838.619721410083	0.013615299999969466	epochs	3.0
838.633336710083	0.027103399999987232	epochs	2.0
838.633336710083	0.013572800000019924	epochs	3.0
838.646909510083	0.013530599999967308	epochs	3.0
838.660440110083	0.02693520000002536	epochs	2.0
838.660440110083	0.013488400000028378	epochs	3.0
838.673928510083	0.013446799999996983	epochs	3.0
838.687375310083	0.026769199999989723	epochs	2.0
838.687375310083	0.013405199999965589	epochs	3.0
838.700780510083	0.013364000000024134	epochs	3.0
838.714144510083	0.026605200000062723	epochs	2.0
838.714144510083	0.013322900000048321	epochs	3.0
838.727467410083	0.013282300000014402	epochs	3.0
838.740749710083	0.026443200000016986	epochs	2.0
838.740749710083	0.013241699999980483	epochs	3.0
838.753991410083	0.013201500000036503	epochs	3.0
838.767192910083	0.0262831999999662	epochs	2.0
838.767192910083	0.01316149999991012	epochs	3.0
838.780354410083	0.01312170000005608	epochs	3.0
838.793476110083	0.02612499999997908	epochs	2.0
838.793476110083	0.013082100000019636	epochs	3.0
838.806558210083	0.013042899999959445	epochs	3.0
838.819601110083	0.025968900000066242	epochs	2.0
838.819601110083	0.01300390000005791	epochs	3.0
838.8326050100831	0.012965000000008331	epochs	3.0
838.8455700100831	0.025814499999910367	epochs	2.0
838.8455700100831	0.012926399999969362	epochs	3.0
838.858496410083	0.012888099999941005	epochs	3.0
838.871384510083	0.025661900000045534	epochs	2.0
838.871384510083	0.012849899999991976	epochs	3.0
838.884234410083	0.012812000000053558	epochs	3.0
838.897046410083	0.025511199999982637	epochs	2.0
838.897046410083	0.012774400000012065	epochs	3.0
838.909820810083	0.012736799999970572	epochs	3.0
838.922557610083	0.025362299999983406	epochs	2.0
838.922557610083	0.01269969999998466	epochs	3.0
838.935257310083	0.012662599999998747	epochs	3.0
838.947919910083	0.025215000000002874	epochs	2.0
838.947919910083	0.012625800000023446	epochs	3.0
838.960545710083	0.012589199999979428	epochs	3.0
838.973134910083	0.024584800000070572	epochs	2.0
838.994964510083	0.5	epochs	-1.0
838.9977197100831	0.9999199999999746	epochs	1.0
839.494964510083	0.5	epochs	-1.0
851.3159999847412	0.118720000000053	epochs	0.0
851.3159999847412	0.054361900000003516	epochs	1.0
851.3703618847412	0.009996200000045974	epochs	1.0
851.3803580847413	0.054361900000003516	epochs	1.0
851.4347199847413	2.0	epochs	0.0
853.4347199847413	0.2299199999999928	epochs	0.0
853.4347199847413	0.049999999999954525	epochs	1.0
853.4847199847412	0.009999999999990905	epochs	1.0
853.4947199847412	0.049999999999954525	epochs	1.0
853.5447199847412	0.009999999999990905	epochs	1.0
853.5547199847412	0.05000000000006821	epochs	1.0
853.6047199847412	0.009999999999990905	epochs	1.0
853.6147199847412	0.04992000000004282	epochs	1.0
1212.9079999923706	0.11871999999993932	epochs	0.0
1212.9079999923706	0.054361900000003516	epochs	1.0
1212.9623618923706	0.009996199999932287	epochs	1.0
1212.9723580923705	0.054361900000003516	epochs	1.0
1213.0267199923705	2.0	epochs	0.0
1215.0267199923705	0.2299199999999928	epochs	0.0
1215.0267199923705	0.049999999999954525	epochs	1.0
1215.0767199923705	0.010000000000218279	epochs	1.0
1215.0867199923707	0.049999999999954525	epochs	1.0
1215.1367199923707	0.009999999999990905	epochs	1.0
1215.1467199923707	0.049999999999954525	epochs	1.0
1215.1967199923706	0.009999999999990905	epochs	1.0
1215.2067199923706	0.04991999999992913	epochs	1.0
1224.8730001449585	0.11871999999993932	epochs	0.0
1224.8730001449585	0.054361900000003516	epochs	1.0
1224.9273620449585	0.009996199999932287	epochs	1.0
1224.9373582449584	0.054361900000003516	epochs	1.0
1224.9917201449584	2.0	epochs	0.0
1226.9917201449584	2.9999199999999746	epochs	0.0
1226.9917201449584	1.0	epochs	1.0
1227.9917201449584	1.0	epochs	1.0
1228.9917201449584	0.9999199999999746	epochs	1.0
1231.1500000953674	0.11871999999993932	epochs	0.0
1231.1500000953674	0.054361900000003516	epochs	1.0
1231.2043619953674	0.009996199999932287	epochs	1.0
1231.2143581953674	0.054361900000003516	epochs	1.0
1231.2687200953674	2.0	epochs	0.0
1233.2687200953674	2.9999199999999746	epochs	0.0
1233.2687200953674	1.0	epochs	1.0
1234.2687200953674	1.0	epochs	1.0
1235.2687200953674	0.9999199999999746	epochs	1.0
1237.3159999847412	0.11871999999993932	epochs	0.0
1237.3159999847412	0.054361900000003516	epochs	1.0
1237.3703618847412	0.009996199999932287	epochs	1.0
1237.3803580847411	0.054361900000003516	epochs	1.0
1237.4347199847412	2.0	epochs	0.0
1239.4347199847412	2.9999199999999746	epochs	0.0
1239.4347199847412	1.0	epochs	1.0
1240.4347199847412	1.0	epochs	1.0
1241.4347199847412	0.9999199999999746	epochs	1.0
1243.5159997940063	0.11871999999993932	epochs	0.0
1243.5159997940063	0.054361900000003516	epochs	1.0
1243.5703616940064	0.009996199999932287	epochs	1.0
1243.5803578940063	0.054361900000003516	epochs	1.0
1243.6347197940063	2.0	epochs	0.0
1245.6347197940063	2.9999199999999746	epochs	0.0
1245.6347197940063	1.0	epochs	1.0
1246.6347197940063	1.0	epochs	1.0
1247.6347197940063	0.9999199999999746	epochs	1.0
1249.6979999542236	0.11871999999993932	epochs	0.0
1249.6979999542236	0.054361900000003516	epochs	1.0
1249.7523618542236	0.009996199999932287	epochs	1.0
1249.7623580542236	0.054361900000003516	epochs	1.0
1249.8167199542236	2.0	epochs	0.0
1251.8167199542236	2.9999199999999746	epochs	0.0
1251.8167199542236	1.0	epochs	1.0
1252.8167199542236	1.0	epochs	1.0
1253.8167199542236	0.9999199999999746	epochs	1.0
1255.8979997634888	0.11871999999993932	epochs	0.0
1255.8979997634888	0.054361900000003516	epochs	1.0
1255.9523616634888	0.009996199999932287	epochs	1.0
1255.9623578634887	0.054361900000003516	epochs	1.0
1256.0167197634887	2.0	epochs	0.0
1258.0167197634887	2.9999199999999746	epochs	0.0
1258.0167197634887	1.0	epochs	1.0
1259.0167197634887	1.0	epochs	1.0
1260.0167197634887	0.9999199999999746	epochs	1.0
1262.1139998435974	0.11871999999993932	epochs	0.0
1262.1139998435974	0.054361900000003516	epochs	1.0
1262.1683617435974	0.009996199999932287	epochs	1.0
1262.1783579435973	0.054361900000003516	epochs	1.0
1262.2327198435974	2.0	epochs	0.0
1264.2327198435974	2.9999199999999746	epochs	0.0
1264.2327198435974	1.0	epochs	1.0
1265.2327198435974	1.0	epochs	1.0
1266.2327198435974	0.9999199999999746	epochs	1.0
1268.329999923706	0.11871999999993932	epochs	0.0
1268.329999923706	0.054361900000003516	epochs	1.0
1268.384361823706	0.009996199999932287	epochs	1.0
1268.394358023706	0.054361900000003516	epochs	1.0
1268.448719923706	2.0	epochs	0.0
1270.448719923706	2.9999199999999746	epochs	0.0
1270.448719923706	1.0	epochs	1.0
1271.448719923706	1.0	epochs	1.0
1272.448719923706	0.9999199999999746	epochs	1.0
1274.6079998016357	0.11871999999993932	epochs	0.0
1274.6079998016357	0.054361900000003516	epochs	1.0
1274.6623617016357	0.009996199999932287	epochs	1.0
1274.6723579016357	0.054361900000003516	epochs	1.0
1274.7267198016357	2.0	epochs	0.0
1276.7267198016357	2.9999199999999746	epochs	0.0
1276.7267198016357	1.0	epochs	1.0
1277.7267198016357	1.0	epochs	1.0
1278.7267198016357	0.9999199999999746	epochs	1.0
1280.8459997177124	0.11871999999993932	epochs	0.0
1280.8459997177124	0.054361900000003516	epochs	1.0
1280.9003616177124	0.009996199999932287	epochs	1.0
1280.9103578177123	0.054361900000003516	epochs	1.0
1280.9647197177123	2.0	epochs	0.0
1282.9647197177123	2.9999199999999746	epochs	0.0
1282.9647197177123	1.0	epochs	1.0
1283.9647197177123	1.0	epochs	1.0
1284.9647197177123	0.9999199999999746	epochs	1.0
1287.0959997177124	0.11871999999993932	epochs	0.0
1287.0959997177124	0.054361900000003516	epochs	1.0
1287.1503616177124	0.009996199999932287	epochs	1.0
1287.1603578177123	0.054361900000003516	epochs	1.0
1287.2147197177123	2.0	epochs	0.0
1289.2147197177123	2.9999199999999746	epochs	0.0
1289.2147197177123	1.0	epochs	1.0
1290.2147197177123	1.0	epochs	1.0
1291.2147197177123	0.9999199999999746	epochs	1.0
1293.2969999313354	0.11871999999993932	epochs	0.0
1293.2969999313354	0.054361900000003516	epochs	1.0
1293.3513618313355	0.009996199999932287	epochs	1.0
1293.3613580313354	0.054361900000003516	epochs	1.0
1293.4157199313354	2.0	epochs	0.0
1295.4157199313354	2.9999199999999746	epochs	0.0
1295.4157199313354	1.0	epochs	1.0
1296.4157199313354	1.0	epochs	1.0
1297.4157199313354	0.9999199999999746	epochs	1.0
1299.5109996795654	0.11871999999993932	epochs	0.0
1299.5109996795654	0.054361900000003516	epochs	1.0
1299.5653615795654	0.009996199999932287	epochs	1.0
1299.5753577795654	0.054361900000003516	epochs	1.0
1299.6297196795654	2.0	epochs	0.0
1301.6297196795654	2.9999199999999746	epochs	0.0
1301.6297196795654	1.0	epochs	1.0
1302.6297196795654	1.0	epochs	1.0
1303.6297196795654	0.9999199999999746	epochs	1.0
1305.7439999580383	0.11871999999993932	epochs	0.0
1305.7439999580383	0.054361900000003516	epochs	1.0
1305.7983618580383	0.009996199999932287	epochs	1.0
1305.8083580580383	0.054361900000003516	epochs	1.0
1305.8627199580383	2.0	epochs	0.0
1307.8627199580383	2.9999199999999746	epochs	0.0
1307.8627199580383	1.0	epochs	1.0
1308.8627199580383	1.0	epochs	1.0
1309.8627199580383	0.9999199999999746	epochs	1.0
1312.0060000419617	0.11871999999993932	epochs	0.0
1312.0060000419617	0.054361900000003516	epochs	1.0
1312.0603619419617	0.009996199999932287	epochs	1.0
1312.0703581419616	0.054361900000003516	epochs	1.0
1312.1247200419616	2.0	epochs	0.0
1314.1247200419616	2.9999199999999746	epochs	0.0
1314.1247200419616	1.0	epochs	1.0
1315.1247200419616	1.0	epochs	1.0
1316.1247200419616	0.9999199999999746	epochs	1.0
1318.223000049591	0.11871999999993932	epochs	0.0
1318.223000049591	0.054361900000003516	epochs	1.0
1318.277361949591	0.009996199999932287	epochs	1.0
1318.287358149591	0.054361900000003516	epochs	1.0
1318.341720049591	2.0	epochs	0.0
1320.341720049591	2.9999199999999746	epochs	0.0
1320.341720049591	1.0	epochs	1.0
1321.341720049591	1.0	epochs	1.0
1322.341720049591	0.9999199999999746	epochs	1.0
1324.503999710083	0.11871999999993932	epochs	0.0
1324.503999710083	0.054361900000003516	epochs	1.0
1324.558361610083	0.009996199999932287	epochs	1.0
1324.568357810083	0.054361900000003516	epochs	1.0
1324.622719710083	2.0	epochs	0.0
1326.622719710083	2.9999199999999746	epochs	0.0
1326.622719710083	1.0	epochs	1.0
1327.622719710083	1.0	epochs	1.0
1328.622719710083	0.9999199999999746	epochs	1.0
1330.8229999542236	0.11871999999993932	epochs	0.0
1330.8229999542236	0.054361900000003516	epochs	1.0
1330.8773618542236	0.009996199999932287	epochs	1.0
1330.8873580542236	0.054361900000003516	epochs	1.0
1330.9417199542236	2.0	epochs	0.0
1332.9417199542236	2.9999199999999746	epochs	0.0
1332.9417199542236	1.0	epochs	1.0
1333.9417199542236	1.0	epochs	1.0
1334.9417199542236	0.9999199999999746	epochs	1.0
1337.1059999465942	0.11871999999993932	epochs	0.0
1337.1059999465942	0.054361900000003516	epochs	1.0
1337.1603618465942	0.009996199999932287	epochs	1.0
1337.1703580465942	0.054361900000003516	epochs	1.0
1337.2247199465942	2.0	epochs	0.0
1339.2247199465942	2.9999199999999746	epochs	0.0
1339.2247199465942	1.0	epochs	1.0
1340.2247199465942	1.0	epochs	1.0
1341.2247199465942	0.9999199999999746	epochs	1.0
1343.4070000648499	0.11871999999993932	epochs	0.0
1343.4070000648499	0.054361900000003516	epochs	1.0
1343.4613619648499	0.009996199999932287	epochs	1.0
1343.4713581648498	0.054361900000003516	epochs	1.0
1343.5257200648498	2.0	epochs	0.0
1345.5257200648498	2.9999199999999746	epochs	0.0
1345.5257200648498	0.900000000000091	epochs	1.0
1346.4257200648499	0.09999999999990905	epochs	1.0
1346.5257200648498	1.0	epochs	1.0
1347.5257200648498	0.9999199999999746	epochs	1.0
1349.6389999389648	0.11871999999993932	epochs	0.0
1349.6389999389648	0.054361900000003516	epochs	1.0
1349.6933618389648	0.009996199999932287	epochs	1.0
1349.7033580389648	0.054361900000003516	epochs	1.0
1349.7577199389648	2.0	epochs	0.0
1351.7577199389648	2.9999199999999746	epochs	0.0
1351.7577199389648	0.900000000000091	epochs	1.0
1352.6577199389649	0.09999999999990905	epochs	1.0
1352.7577199389648	1.0	epochs	1.0
1353.7577199389648	0.9999199999999746	epochs	1.0
1355.9559998512268	0.11871999999993932	epochs	0.0
1355.9559998512268	0.054361900000003516	epochs	1.0
1356.0103617512268	0.009996199999932287	epochs	1.0
1356.0203579512267	0.054361900000003516	epochs	1.0
1356.0747198512267	2.0	epochs	0.0
1358.0747198512267	2.9999199999999746	epochs	0.0
1358.0747198512267	0.900000000000091	epochs	1.0
1358.9747198512268	0.09999999999990905	epochs	1.0
1359.0747198512267	1.0	epochs	1.0
1360.0747198512267	0.9999199999999746	epochs	1.0
1362.244999885559	0.11871999999993932	epochs	0.0
1362.244999885559	0.054361900000003516	epochs	1.0
1362.299361785559	0.009996199999932287	epochs	1.0
1362.309357985559	0.054361900000003516	epochs	1.0
1362.363719885559	2.0	epochs	0.0
1364.363719885559	2.9999199999999746	epochs	0.0
1364.363719885559	0.900000000000091	epochs	1.0
1365.263719885559	0.09999999999990905	epochs	1.0
1365.363719885559	1.0	epochs	1.0
1366.363719885559	0.9999199999999746	epochs	1.0
1368.494999885559	0.11871999999993932	epochs	0.0
1368.494999885559	0.054361900000003516	epochs	1.0
1368.549361785559	0.009996199999932287	epochs	1.0
1368.559357985559	0.054361900000003516	epochs	1.0
1368.613719885559	2.0	epochs	0.0
1370.613719885559	2.9999199999999746	epochs	0.0
1370.613719885559	0.900000000000091	epochs	1.0
1371.513719885559	0.09999999999990905	epochs	1.0
1371.613719885559	1.0	epochs	1.0
1372.613719885559	0.9999199999999746	epochs	1.0
1374.7979998588562	0.11871999999993932	epochs	0.0
1374.7979998588562	0.054361900000003516	epochs	1.0
1374.8523617588562	0.009996199999932287	epochs	1.0
1374.8623579588561	0.054361900000003516	epochs	1.0
1374.9167198588561	2.0	epochs	0.0
1376.9167198588561	2.9999199999999746	epochs	0.0
1376.9167198588561	0.900000000000091	epochs	1.0
1377.8167198588562	0.09999999999990905	epochs	1.0
1377.9167198588561	1.0	epochs	1.0
1378.9167198588561	0.9999199999999746	epochs	1.0
1381.1180000305176	0.11871999999993932	epochs	0.0
1381.1180000305176	0.054361900000003516	epochs	1.0
1381.1723619305176	0.009996199999932287	epochs	1.0
1381.1823581305175	0.054361900000003516	epochs	1.0
1381.2367200305175	2.0	epochs	0.0
1383.2367200305175	2.9999199999999746	epochs	0.0
1383.2367200305175	0.900000000000091	epochs	1.0
1384.1367200305176	0.09999999999990905	epochs	1.0
1384.2367200305175	1.0	epochs	1.0
1385.2367200305175	0.9999199999999746	epochs	1.0
1387.4340000152588	0.11871999999993932	epochs	0.0
1387.4340000152588	0.054361900000003516	epochs	1.0
1387.4883619152588	0.009996199999932287	epochs	1.0
1387.4983581152587	0.054361900000003516	epochs	1.0
1387.5527200152587	2.0	epochs	0.0
1389.5527200152587	2.9999199999999746	epochs	0.0
1389.5527200152587	0.900000000000091	epochs	1.0
1390.4527200152588	0.09999999999990905	epochs	1.0
1390.5527200152587	1.0	epochs	1.0
1391.5527200152587	0.9999199999999746	epochs	1.0
1393.6939997673035	0.11871999999993932	epochs	0.0
1393.6939997673035	0.054361900000003516	epochs	1.0
1393.7483616673035	0.009996199999932287	epochs	1.0
1393.7583578673034	0.054361900000003516	epochs	1.0
1393.8127197673034	2.0	epochs	0.0
1395.8127197673034	2.9999199999999746	epochs	0.0
1395.8127197673034	0.900000000000091	epochs	1.0
1396.7127197673035	0.09999999999990905	epochs	1.0
1396.8127197673034	1.0	epochs	1.0
1397.8127197673034	0.9999199999999746	epochs	1.0
1400.0149998664856	0.11871999999993932	epochs	0.0
1400.0149998664856	0.054361900000003516	epochs	1.0
1400.0693617664856	0.009996199999932287	epochs	1.0
1400.0793579664855	0.054361900000003516	epochs	1.0
1400.1337198664855	2.0	epochs	0.0
1402.1337198664855	2.9999199999999746	epochs	0.0
1402.1337198664855	1.0	epochs	1.0
1403.1337198664855	1.0	epochs	1.0
1404.1337198664855	0.9999199999999746	epochs	1.0
1406.3649997711182	0.11871999999993932	epochs	0.0
1406.3649997711182	0.054361900000003516	epochs	1.0
1406.4193616711182	0.009996199999932287	epochs	1.0
1406.429357871118	0.054361900000003516	epochs	1.0
1406.483719771118	2.0	epochs	0.0
1408.483719771118	2.9999199999999746	epochs	0.0
1408.483719771118	1.0	epochs	1.0
1409.483719771118	1.0	epochs	1.0
1410.483719771118	0.9999199999999746	epochs	1.0
1412.6329998970032	0.11871999999993932	epochs	0.0
1412.6329998970032	0.054361900000003516	epochs	1.0
1412.6873617970032	0.009996199999932287	epochs	1.0
1412.697357997003	0.054361900000003516	epochs	1.0
1412.751719897003	2.0	epochs	0.0
1414.751719897003	2.9999199999999746	epochs	0.0
1414.751719897003	1.0	epochs	1.0
1415.751719897003	1.0	epochs	1.0
1416.751719897003	0.9999199999999746	epochs	1.0
1418.9499998092651	0.11871999999993932	epochs	0.0
1418.9499998092651	0.054361900000003516	epochs	1.0
1419.0043617092651	0.009996199999932287	epochs	1.0
1419.014357909265	0.054361900000003516	epochs	1.0
1419.068719809265	2.0	epochs	0.0
1421.068719809265	2.9999199999999746	epochs	0.0
1421.068719809265	1.0	epochs	1.0
1422.068719809265	1.0	epochs	1.0
1423.068719809265	0.9999199999999746	epochs	1.0
1425.2259998321533	0.11871999999993932	epochs	0.0
1425.2259998321533	0.054361900000003516	epochs	1.0
1425.2803617321533	0.009996199999932287	epochs	1.0
1425.2903579321533	0.054361900000003516	epochs	1.0
1425.3447198321533	2.0	epochs	0.0
1427.3447198321533	1.7411200000001372	epochs	0.0
1427.3447198321533	1.0	epochs	1.0
1428.3447198321533	0.7411200000001372	epochs	1.0
1429.0858398321534	1.2587999999998374	epochs	0.0
