onset	duration	nwb_table	treelevel
8.502000331878662	0.09999999999999964	epochs	0.0
8.502000331878662	0.04499999999999993	epochs	1.0
8.547000331878662	0.009999999999999787	epochs	1.0
8.557000331878662	0.04499999999999993	epochs	1.0
8.602000331878662	0.7049950000000003	epochs	0.0
8.602000331878662	0.5	epochs	-1.0
8.602000331878662	0.5	epochs	-1.0
8.602000331878662	0.5	epochs	1.0
9.102000331878662	0.0600000000000005	epochs	-1.0
9.102000331878662	0.025000000000000355	epochs	-1.0
9.102000331878662	0.025000000000000355	epochs	1.0
9.127000331878662	0.009999999999999787	epochs	-1.0
9.127000331878662	0.009999999999999787	epochs	1.0
9.137000331878662	0.025000000000000355	epochs	-1.0
9.137000331878662	0.025000000000000355	epochs	1.0
9.162000331878662	0.0600000000000005	epochs	-1.0
9.162000331878662	0.025000000000000355	epochs	-1.0
9.162000331878662	0.025000000000000355	epochs	1.0
9.187000331878663	0.009999999999999787	epochs	-1.0
9.187000331878663	0.009999999999999787	epochs	1.0
9.197000331878662	0.025000000000000355	epochs	-1.0
9.197000331878662	0.025000000000000355	epochs	1.0
9.222000331878663	0.05999999999999872	epochs	-1.0
9.222000331878663	0.02499999999999858	epochs	-1.0
9.222000331878663	0.02499999999999858	epochs	1.0
9.247000331878661	0.010000000000001563	epochs	-1.0
9.247000331878661	0.010000000000001563	epochs	1.0
9.257000331878663	0.02499999999999858	epochs	-1.0
9.257000331878663	0.02499999999999858	epochs	1.0
9.282000331878661	0.024995000000000545	epochs	1.0
735.3660001754761	0.10000000000002274	epochs	0.0
735.3660001754761	0.04499999999995907	epochs	1.0
735.411000175476	0.009999999999990905	epochs	1.0
735.421000175476	0.04500000000007276	epochs	1.0
735.4660001754761	0.7049949999999399	epochs	0.0
735.4660001754761	0.5	epochs	-1.0
735.4660001754761	0.5	epochs	1.0
735.9660001754761	0.05999999999994543	epochs	-1.0
735.9660001754761	0.024999999999977263	epochs	-1.0
735.9660001754761	0.024999999999977263	epochs	1.0
735.9910001754761	0.009999999999990905	epochs	-1.0
735.9910001754761	0.009999999999990905	epochs	1.0
736.0010001754761	0.024999999999977263	epochs	-1.0
736.0010001754761	0.024999999999977263	epochs	1.0
736.026000175476	0.06000000000005912	epochs	-1.0
736.026000175476	0.024999999999977263	epochs	-1.0
736.026000175476	0.024999999999977263	epochs	1.0
736.051000175476	0.010000000000104592	epochs	-1.0
736.051000175476	0.010000000000104592	epochs	1.0
736.0610001754761	0.024999999999977263	epochs	-1.0
736.0610001754761	0.024999999999977263	epochs	1.0
736.0860001754761	0.05999999999994543	epochs	-1.0
736.0860001754761	0.024999999999977263	epochs	-1.0
736.0860001754761	0.024999999999977263	epochs	1.0
736.1110001754761	0.009999999999990905	epochs	-1.0
736.1110001754761	0.009999999999990905	epochs	1.0
736.1210001754761	0.024999999999977263	epochs	-1.0
736.1210001754761	0.024999999999977263	epochs	1.0
736.146000175476	0.024994999999989886	epochs	1.0
1055.4010000228882	0.09999999999990905	epochs	0.0
1055.4010000228882	0.04500000000007276	epochs	1.0
1055.4460000228883	0.009999999999990905	epochs	1.0
1055.4560000228882	0.044999999999845386	epochs	1.0
1055.501000022888	61.38499500000012	epochs	0.0
1055.501000022888	0.5	epochs	-1.0
1055.501000022888	0.5	epochs	-1.0
1055.501000022888	0.5	epochs	1.0
1056.001000022888	0.060000000000172804	epochs	-1.0
1056.001000022888	0.02500000000009095	epochs	-1.0
1056.001000022888	0.02500000000009095	epochs	1.0
1056.0260000228882	0.009999999999990905	epochs	-1.0
1056.0260000228882	0.009999999999990905	epochs	1.0
1056.0360000228882	0.02500000000009095	epochs	-1.0
1056.0360000228882	0.02500000000009095	epochs	1.0
1056.0610000228883	0.05999999999994543	epochs	-1.0
1056.0610000228883	0.024999999999863576	epochs	-1.0
1056.0610000228883	0.024999999999863576	epochs	1.0
1056.0860000228881	0.009999999999990905	epochs	-1.0
1056.0860000228881	0.009999999999990905	epochs	1.0
1056.0960000228881	0.02500000000009095	epochs	-1.0
1056.0960000228881	0.02500000000009095	epochs	1.0
1056.1210000228882	0.05999999999994543	epochs	-1.0
1056.1210000228882	0.024999999999863576	epochs	-1.0
1056.1210000228882	0.024999999999863576	epochs	1.0
1056.146000022888	0.010000000000218279	epochs	-1.0
1056.146000022888	0.010000000000218279	epochs	1.0
1056.1560000228883	0.024999999999863576	epochs	-1.0
1056.1560000228883	0.024999999999863576	epochs	1.0
1056.1810000228882	60.0	epochs	1.0
1116.1810000228882	0.5	epochs	-1.0
1116.1810000228882	0.5	epochs	-1.0
1116.1810000228882	0.5	epochs	1.0
1116.6810000228882	0.05999999999994543	epochs	-1.0
1116.6810000228882	0.02500000000009095	epochs	-1.0
1116.6810000228882	0.02500000000009095	epochs	1.0
1116.7060000228882	0.009999999999990905	epochs	-1.0
1116.7060000228882	0.009999999999990905	epochs	1.0
1116.7160000228882	0.024999999999863576	epochs	-1.0
1116.7160000228882	0.024999999999863576	epochs	1.0
1116.741000022888	0.060000000000172804	epochs	-1.0
1116.741000022888	0.02500000000009095	epochs	-1.0
1116.741000022888	0.02500000000009095	epochs	1.0
1116.7660000228882	0.009999999999990905	epochs	-1.0
1116.7660000228882	0.009999999999990905	epochs	1.0
1116.7760000228882	0.02500000000009095	epochs	-1.0
1116.7760000228882	0.02500000000009095	epochs	1.0
1116.8010000228883	0.05999999999994543	epochs	-1.0
1116.8010000228883	0.024999999999863576	epochs	-1.0
1116.8010000228883	0.024999999999863576	epochs	1.0
1116.8260000228881	0.009999999999990905	epochs	-1.0
1116.8260000228881	0.009999999999990905	epochs	1.0
1116.8360000228881	0.02500000000009095	epochs	-1.0
1116.8360000228881	0.02500000000009095	epochs	1.0
1116.8610000228882	0.024994999999989886	epochs	1.0
1278.25	0.09999999999990905	epochs	0.0
1278.25	0.04500000000007276	epochs	1.0
1278.295	0.009999999999990905	epochs	1.0
1278.305	0.044999999999845386	epochs	1.0
1278.35	0.7049950000000536	epochs	0.0
1278.35	0.5	epochs	-1.0
1278.35	0.5	epochs	-1.0
1278.35	0.5	epochs	1.0
1278.85	0.060000000000172804	epochs	-1.0
1278.85	0.02500000000009095	epochs	-1.0
1278.85	0.02500000000009095	epochs	1.0
1278.875	0.009999999999990905	epochs	-1.0
1278.875	0.009999999999990905	epochs	1.0
1278.885	0.02500000000009095	epochs	-1.0
1278.885	0.02500000000009095	epochs	1.0
1278.91	0.05999999999994543	epochs	-1.0
1278.91	0.024999999999863576	epochs	-1.0
1278.91	0.024999999999863576	epochs	1.0
1278.935	0.009999999999990905	epochs	-1.0
1278.935	0.009999999999990905	epochs	1.0
1278.945	0.02500000000009095	epochs	-1.0
1278.945	0.02500000000009095	epochs	1.0
1278.97	0.05999999999994543	epochs	-1.0
1278.97	0.024999999999863576	epochs	-1.0
1278.97	0.024999999999863576	epochs	1.0
1278.995	0.010000000000218279	epochs	-1.0
1278.995	0.010000000000218279	epochs	1.0
1279.005	0.024999999999863576	epochs	-1.0
1279.005	0.024999999999863576	epochs	1.0
1279.03	0.024994999999989886	epochs	1.0
1327.531000137329	0.0724600000000919	epochs	0.0
1327.531000137329	0.031230300000061106	epochs	1.0
1327.5622304373292	0.009999399999969683	epochs	1.0
1327.5722298373291	0.031230300000061106	epochs	1.0
1327.6034601373292	5.999979999999823	epochs	0.0
1327.6034601373292	0.5	epochs	1.0
1327.603463937329	0.5	epochs	-1.0
1327.603463937329	0.5	epochs	-1.0
1328.1034601373292	5.0	epochs	1.0
1333.1034601373292	0.4999799999998231	epochs	1.0
1333.103463937329	0.4999761999999919	epochs	-1.0
1337.018000125885	0.0724600000000919	epochs	0.0
1337.018000125885	0.031230300000061106	epochs	1.0
1337.049230425885	0.009999399999969683	epochs	1.0
1337.059229825885	0.031230300000061106	epochs	1.0
1337.090460125885	2.5275799999999435	epochs	0.0
1337.090460125885	0.5	epochs	1.0
1337.090463925885	0.5	epochs	-1.0
1337.590460125885	1.0	epochs	1.0
1338.590460125885	1.0275799999999435	epochs	1.0
1339.090463925885	0.5	epochs	-1.0
1339.618040125885	0.9723999999998796	epochs	0.0
1339.951000213623	0.0724600000000919	epochs	0.0
1339.951000213623	0.031230300000061106	epochs	1.0
1339.982230513623	0.009999399999969683	epochs	1.0
1339.992229913623	0.031230300000061106	epochs	1.0
1340.0234602136231	2.5273399999998674	epochs	0.0
1340.0234602136231	0.5	epochs	1.0
1340.023464013623	0.5	epochs	-1.0
1340.5234602136231	1.0	epochs	1.0
1341.5234602136231	1.0273399999998674	epochs	1.0
1342.023464013623	0.5	epochs	-1.0
1342.550800213623	0.9726399999999558	epochs	0.0
1342.835000038147	0.0724600000000919	epochs	0.0
1342.835000038147	0.031230300000061106	epochs	1.0
1342.866230338147	0.009999399999969683	epochs	1.0
1342.876229738147	0.031230300000061106	epochs	1.0
1342.907460038147	2.527799999999843	epochs	0.0
1342.907460038147	0.5	epochs	1.0
1342.907463838147	0.5	epochs	-1.0
1343.407460038147	1.0	epochs	1.0
1344.407460038147	1.0277999999998428	epochs	1.0
1344.907463838147	0.5	epochs	-1.0
1345.435260038147	0.9721799999999803	epochs	0.0
1345.7560000419617	0.0724600000000919	epochs	0.0
1345.7560000419617	0.031230300000061106	epochs	1.0
1345.7872303419617	0.009999399999969683	epochs	1.0
1345.7972297419617	0.031230300000061106	epochs	1.0
1345.8284600419618	2.5271000000000186	epochs	0.0
1345.8284600419618	0.5	epochs	1.0
1345.8284638419616	0.5	epochs	-1.0
1346.3284600419618	1.0	epochs	1.0
1347.3284600419618	1.0271000000000186	epochs	1.0
1347.8284638419616	0.5	epochs	-1.0
1348.3555600419618	0.9728799999998046	epochs	0.0
1348.6900000572205	0.0724600000000919	epochs	0.0
1348.6900000572205	0.031230300000061106	epochs	1.0
1348.7212303572205	0.009999399999969683	epochs	1.0
1348.7312297572205	0.031230300000061106	epochs	1.0
1348.7624600572206	2.5277199999998174	epochs	0.0
1348.7624600572206	0.5	epochs	1.0
1348.7624638572204	0.5	epochs	-1.0
1349.2624600572206	1.0	epochs	1.0
1350.2624600572206	1.0277199999998174	epochs	1.0
1350.7624638572204	0.5	epochs	-1.0
1351.2901800572204	0.9722600000000057	epochs	0.0
1351.6400003433228	0.6499799999999141	epochs	0.0
1351.6400003433228	0.049999999999954525	epochs	1.0
1351.6900003433227	0.5	epochs	1.0
1352.1900003433227	0.09997999999995955	epochs	1.0
1352.6730003356934	0.6499799999999141	epochs	0.0
1352.6730003356934	0.049999999999954525	epochs	1.0
1352.7230003356933	0.5	epochs	1.0
1353.2230003356933	0.09997999999995955	epochs	1.0
1353.7039999961853	0.6499799999999141	epochs	0.0
1353.7039999961853	0.049999999999954525	epochs	1.0
1353.7539999961853	0.5	epochs	1.0
1354.2539999961853	0.09997999999995955	epochs	1.0
1354.736999988556	0.6499799999999141	epochs	0.0
1354.736999988556	0.049999999999954525	epochs	1.0
1354.7869999885559	0.5	epochs	1.0
1355.2869999885559	0.09997999999995955	epochs	1.0
1355.7699999809265	0.0724600000000919	epochs	0.0
1355.7699999809265	0.031230300000061106	epochs	1.0
1355.8012302809266	0.009999399999969683	epochs	1.0
1355.8112296809265	0.031230300000061106	epochs	1.0
1355.8424599809266	2.527699999999868	epochs	0.0
1355.8424599809266	0.5	epochs	1.0
1355.8424637809264	0.5	epochs	-1.0
1356.3424599809266	1.0	epochs	1.0
1357.3424599809266	1.027699999999868	epochs	1.0
1357.8424636809266	0.5	epochs	-1.0
1358.3701599809265	2.972279999999955	epochs	0.0
1360.9700002670288	0.0724600000000919	epochs	0.0
1360.9700002670288	0.031230300000061106	epochs	1.0
1361.0012305670289	0.009999399999969683	epochs	1.0
1361.0112299670288	0.031230300000061106	epochs	1.0
1361.042460267029	2.52800000000002	epochs	0.0
1361.042460267029	0.5	epochs	1.0
1361.0424640670287	0.5	epochs	-1.0
1361.542460267029	1.0	epochs	1.0
1362.542460267029	1.02800000000002	epochs	1.0
1363.0424639670289	0.5	epochs	-1.0
1363.570460267029	2.971979999999803	epochs	0.0
1366.1640000343323	0.0724600000000919	epochs	0.0
1366.1640000343323	0.031230300000061106	epochs	1.0
1366.1952303343323	0.009999399999969683	epochs	1.0
1366.2052297343323	0.031230300000061106	epochs	1.0
1366.2364600343324	2.527259999999842	epochs	0.0
1366.2364600343324	0.5	epochs	1.0
1366.2364638343322	0.5	epochs	-1.0
1366.7364600343324	1.0	epochs	1.0
1367.7364600343324	1.027259999999842	epochs	1.0
1368.2364638343322	0.5	epochs	-1.0
1368.7637200343322	3.972719999999981	epochs	0.0
1369.1800003051758	0.0724600000000919	epochs	0.0
1369.1800003051758	0.031230300000061106	epochs	1.0
1369.2112306051758	0.009999399999969683	epochs	1.0
1369.2212300051758	0.031230300000061106	epochs	1.0
1369.2524603051759	2.5460999999997966	epochs	0.0
1369.2524603051759	0.5	epochs	1.0
1369.2524641051757	0.5	epochs	-1.0
1369.7524603051759	1.0	epochs	1.0
1370.7524603051759	1.0460999999997966	epochs	1.0
1371.2524641051757	0.5	epochs	-1.0
1371.7985603051757	3.9538800000000265	epochs	0.0
1372.2140002250671	0.0724600000000919	epochs	0.0
1372.2140002250671	0.031230300000061106	epochs	1.0
1372.2452305250672	0.009999399999969683	epochs	1.0
1372.2552299250672	0.031230300000061106	epochs	1.0
1372.2864602250672	6.499979999999823	epochs	0.0
1372.2864602250672	0.5	epochs	1.0
1372.286464025067	0.5	epochs	-1.0
1372.7864602250672	1.0	epochs	1.0
1373.7864602250672	4.999979999999823	epochs	1.0
1374.286464025067	0.5	epochs	-1.0
1374.786464025067	0.5	epochs	-1.0
1375.286464025067	0.5	epochs	-1.0
1375.786464025067	0.5	epochs	-1.0
1376.286464025067	0.5	epochs	-1.0
1376.786464025067	0.5	epochs	-1.0
1377.286464025067	0.5	epochs	-1.0
1377.786464025067	0.5	epochs	-1.0
1379.3039999008179	0.0724600000000919	epochs	0.0
1379.3039999008179	0.031230300000061106	epochs	1.0
1379.335230200818	0.009999399999969683	epochs	1.0
1379.345229600818	0.031230300000061106	epochs	1.0
1379.376459900818	5.507319999999936	epochs	0.0
1379.376459900818	0.5	epochs	1.0
1379.3764637008178	0.5	epochs	-1.0
1379.876459900818	1.0	epochs	1.0
1380.876459900818	4.007319999999936	epochs	1.0
1381.3764637008178	0.5	epochs	-1.0
1381.8764637008178	0.5	epochs	-1.0
1382.3764637008178	0.5	epochs	-1.0
1382.8764637008178	0.5	epochs	-1.0
1383.3764637008178	0.5	epochs	-1.0
1383.8764637008178	0.5	epochs	-1.0
1384.3764637008178	0.5	epochs	-1.0
1384.883779900818	0.9926599999998871	epochs	0.0
1385.3720002174377	0.0724600000000919	epochs	0.0
1385.3720002174377	0.031230300000061106	epochs	1.0
1385.4032305174378	0.009999399999969683	epochs	1.0
1385.4132299174378	0.031230300000061106	epochs	1.0
1385.4444602174378	6.00667999999996	epochs	0.0
1385.4444602174378	0.5	epochs	1.0
1385.4444640174377	0.5	epochs	-1.0
1385.9444602174378	1.0	epochs	1.0
1386.9444602174378	4.50667999999996	epochs	1.0
1387.4444640174377	0.5	epochs	-1.0
1387.9444640174377	0.5	epochs	-1.0
1388.4444640174377	0.5	epochs	-1.0
1388.9444640174377	0.5	epochs	-1.0
1389.4444640174377	0.5	epochs	-1.0
1389.9444640174377	0.5	epochs	-1.0
1390.4444640174377	0.5	epochs	-1.0
1390.9444640174377	0.5	epochs	-1.0
1391.4511402174378	0.49329999999986285	epochs	0.0
1391.9390001296997	0.0724600000000919	epochs	0.0
1391.9390001296997	0.031230300000061106	epochs	1.0
1391.9702304296998	0.009999399999969683	epochs	1.0
1391.9802298296997	0.031230300000061106	epochs	1.0
1392.0114601296998	6.499979999999823	epochs	0.0
1392.0114601296998	0.5	epochs	1.0
1392.0114639296996	0.5	epochs	-1.0
1392.5114601296998	1.0	epochs	1.0
1393.5114601296998	4.999979999999823	epochs	1.0
1394.0114639296996	0.5	epochs	-1.0
1394.5114639296996	0.5	epochs	-1.0
1395.0114639296996	0.5	epochs	-1.0
1395.5114639296996	0.5	epochs	-1.0
1396.0114639296996	0.5	epochs	-1.0
1396.5114639296996	0.5	epochs	-1.0
1397.0114639296996	0.5	epochs	-1.0
1397.5114639296996	0.5	epochs	-1.0
1399.049000263214	0.0724600000000919	epochs	0.0
1399.049000263214	0.031230300000061106	epochs	1.0
1399.0802305632142	0.009999399999969683	epochs	1.0
1399.0902299632141	0.031230300000061106	epochs	1.0
1399.1214602632142	6.499979999999823	epochs	0.0
1399.1214602632142	0.5	epochs	1.0
1399.121464063214	0.5	epochs	-1.0
1399.6214602632142	1.0	epochs	1.0
1400.6214602632142	4.999979999999823	epochs	1.0
1401.121464063214	0.5	epochs	-1.0
1401.621464063214	0.5	epochs	-1.0
1402.121464063214	0.5	epochs	-1.0
1402.621464063214	0.5	epochs	-1.0
1403.121464063214	0.5	epochs	-1.0
1403.621464063214	0.5	epochs	-1.0
1404.121464063214	0.5	epochs	-1.0
1404.621464063214	0.5	epochs	-1.0
1406.1849999427795	0.0724600000000919	epochs	0.0
1406.1849999427795	0.031230300000061106	epochs	1.0
1406.2162302427796	0.009999399999969683	epochs	1.0
1406.2262296427796	0.031230300000061106	epochs	1.0
1406.2574599427796	0.5280199999999695	epochs	0.0
1406.2574599427796	0.5	epochs	1.0
1406.2574637427795	0.5	epochs	-1.0
1406.7574599427796	0.028019999999969514	epochs	1.0
1406.7854799427796	5.971959999999854	epochs	0.0
1422.4310002326965	0.0724600000000919	epochs	0.0
1422.4310002326965	0.031230300000061106	epochs	1.0
1422.4622305326966	0.009999399999969683	epochs	1.0
1422.4722299326966	0.031230300000061106	epochs	1.0
1422.5034602326966	2.5471399999998994	epochs	0.0
1422.5034602326966	0.5	epochs	1.0
1422.5034640326965	0.5	epochs	-1.0
1423.0034602326966	1.0	epochs	1.0
1424.0034602326966	1.0471399999998994	epochs	1.0
1424.5034640326965	0.5	epochs	-1.0
1425.0506002326965	3.9528399999999237	epochs	0.0
1425.6189999580383	0.0724600000000919	epochs	0.0
1425.6189999580383	0.031230300000061106	epochs	1.0
1425.6502302580384	0.009999399999969683	epochs	1.0
1425.6602296580384	0.031230300000061106	epochs	1.0
1425.6914599580384	6.499979999999823	epochs	0.0
1425.6914599580384	0.5	epochs	1.0
1425.6914637580383	0.5	epochs	-1.0
1426.1914599580384	1.0	epochs	1.0
1427.1914599580384	4.999979999999823	epochs	1.0
1427.6914637580383	0.5	epochs	-1.0
1428.1914637580383	0.5	epochs	-1.0
1428.6914637580383	0.5	epochs	-1.0
1429.1914637580383	0.5	epochs	-1.0
1429.6914637580383	0.5	epochs	-1.0
1430.1914637580383	0.5	epochs	-1.0
1430.6914637580383	0.5	epochs	-1.0
1431.1914637580383	0.5	epochs	-1.0
1432.8020000457764	0.0724600000000919	epochs	0.0
1432.8020000457764	0.031230300000061106	epochs	1.0
1432.8332303457764	0.009999399999969683	epochs	1.0
1432.8432297457764	0.031230300000061106	epochs	1.0
1432.8744600457765	0.5273799999999937	epochs	0.0
1432.8744600457765	0.5	epochs	1.0
1432.8744638457763	0.5	epochs	-1.0
1433.3744600457765	0.027379999999993743	epochs	1.0
1433.4018400457765	5.972599999999829	epochs	0.0
1448.9409999847412	0.0724600000000919	epochs	0.0
1448.9409999847412	0.031230300000061106	epochs	1.0
1448.9722302847413	0.009999399999969683	epochs	1.0
1448.9822296847412	0.031230300000061106	epochs	1.0
1449.0134599847413	2.526579999999967	epochs	0.0
1449.0134599847413	0.5	epochs	1.0
1449.0134637847411	0.5	epochs	-1.0
1449.5134599847413	1.0	epochs	1.0
1450.5134599847413	1.0265799999999672	epochs	1.0
1451.0134637847411	0.5	epochs	-1.0
1451.5400399847413	3.973399999999856	epochs	0.0
1452.1410002708435	0.1529800000000705	epochs	0.0
1452.1410002708435	0.049999999999954525	epochs	1.0
1452.1910002708435	0.003000000000156433	epochs	1.0
1452.1940002708436	0.09997999999995955	epochs	1.0
1452.858000278473	0.1529800000000705	epochs	0.0
1452.858000278473	0.049999999999954525	epochs	1.0
1452.9080002784729	0.003000000000156433	epochs	1.0
1452.911000278473	0.09997999999995955	epochs	1.0
1453.5910000801086	0.1529800000000705	epochs	0.0
1453.5910000801086	0.049999999999954525	epochs	1.0
1453.6410000801086	0.003000000000156433	epochs	1.0
1453.6440000801088	0.09997999999995955	epochs	1.0
1454.3460001945496	0.1529800000000705	epochs	0.0
1454.3460001945496	0.049999999999954525	epochs	1.0
1454.3960001945495	0.003000000000156433	epochs	1.0
1454.3990001945497	0.09997999999995955	epochs	1.0
1455.0620002746582	0.1529800000000705	epochs	0.0
1455.0620002746582	0.049999999999954525	epochs	1.0
1455.1120002746582	0.003000000000156433	epochs	1.0
1455.1150002746583	0.09997999999995955	epochs	1.0
1455.8289999961853	0.1529800000000705	epochs	0.0
1455.8289999961853	0.049999999999954525	epochs	1.0
1455.8789999961853	0.003000000000156433	epochs	1.0
1455.8819999961854	0.09997999999995955	epochs	1.0
1456.5789999961853	0.1529800000000705	epochs	0.0
1456.5789999961853	0.049999999999954525	epochs	1.0
1456.6289999961853	0.003000000000156433	epochs	1.0
1456.6319999961854	0.09997999999995955	epochs	1.0
1457.3289999961853	0.1529800000000705	epochs	0.0
1457.3289999961853	0.049999999999954525	epochs	1.0
1457.3789999961853	0.003000000000156433	epochs	1.0
1457.3819999961854	0.09997999999995955	epochs	1.0
1458.111999988556	0.1529800000000705	epochs	0.0
1458.111999988556	0.049999999999954525	epochs	1.0
1458.1619999885559	0.003000000000156433	epochs	1.0
1458.164999988556	0.09997999999995955	epochs	1.0
1458.861999988556	0.1529800000000705	epochs	0.0
1458.861999988556	0.049999999999954525	epochs	1.0
1458.9119999885559	0.003000000000156433	epochs	1.0
1458.914999988556	0.09997999999995955	epochs	1.0
1459.6789999008179	0.1529800000000705	epochs	0.0
1459.6789999008179	0.049999999999954525	epochs	1.0
1459.7289999008178	0.003000000000156433	epochs	1.0
1459.731999900818	0.09997999999995955	epochs	1.0
1460.4460000991821	0.1529800000000705	epochs	0.0
1460.4460000991821	0.049999999999954525	epochs	1.0
1460.496000099182	0.003000000000156433	epochs	1.0
1460.4990000991822	0.09997999999995955	epochs	1.0
1461.2960000038147	0.1529800000000705	epochs	0.0
1461.2960000038147	0.049999999999954525	epochs	1.0
1461.3460000038147	0.003000000000156433	epochs	1.0
1461.3490000038148	0.09997999999995955	epochs	1.0
1462.1459999084473	0.1529800000000705	epochs	0.0
1462.1459999084473	0.049999999999954525	epochs	1.0
1462.1959999084472	0.003000000000156433	epochs	1.0
1462.1989999084474	0.09997999999995955	epochs	1.0
1462.9620003700256	0.1529800000000705	epochs	0.0
1462.9620003700256	0.049999999999954525	epochs	1.0
1463.0120003700256	0.003000000000156433	epochs	1.0
1463.0150003700257	0.09997999999995955	epochs	1.0
1463.7880001068115	0.1529800000000705	epochs	0.0
1463.7880001068115	0.049999999999954525	epochs	1.0
1463.8380001068115	0.003000000000156433	epochs	1.0
1463.8410001068116	0.09997999999995955	epochs	1.0
1464.6719999313354	0.1529800000000705	epochs	0.0
1464.6719999313354	0.049999999999954525	epochs	1.0
1464.7219999313354	0.003000000000156433	epochs	1.0
1464.7249999313356	0.09997999999995955	epochs	1.0
1465.5380001068115	0.1529800000000705	epochs	0.0
1465.5380001068115	0.049999999999954525	epochs	1.0
1465.5880001068115	0.003000000000156433	epochs	1.0
1465.5910001068116	0.09997999999995955	epochs	1.0
1466.4050002098083	0.1529800000000705	epochs	0.0
1466.4050002098083	0.049999999999954525	epochs	1.0
1466.4550002098083	0.003000000000156433	epochs	1.0
1466.4580002098085	0.09997999999995955	epochs	1.0
1467.3050003051758	0.1529800000000705	epochs	0.0
1467.3050003051758	0.049999999999954525	epochs	1.0
1467.3550003051757	0.003000000000156433	epochs	1.0
1467.358000305176	0.09997999999995955	epochs	1.0
1468.2379999160767	0.0724600000000919	epochs	0.0
1468.2379999160767	0.031230300000061106	epochs	1.0
1468.2692302160767	0.009999399999969683	epochs	1.0
1468.2792296160767	0.031230300000061106	epochs	1.0
1468.3104599160768	1.5279399999999441	epochs	0.0
1468.3104599160768	0.5	epochs	1.0
1468.3104637160766	0.5	epochs	-1.0
1468.8104599160768	0.0029999999999290594	epochs	1.0
1468.8134599160767	1.024940000000015	epochs	1.0
1469.3134637160767	0.5	epochs	-1.0
1469.8383999160767	0.07503999999994448	epochs	0.0
1470.4720001220703	0.0724600000000919	epochs	0.0
1470.4720001220703	0.031230300000061106	epochs	1.0
1470.5032304220704	0.009999399999969683	epochs	1.0
1470.5132298220703	0.031230300000061106	epochs	1.0
1470.5444601220704	1.5276799999999184	epochs	0.0
1470.5444601220704	0.5	epochs	1.0
1470.5444639220702	0.5	epochs	-1.0
1471.0444601220704	0.0029999999999290594	epochs	1.0
1471.0474601220703	1.0246799999999894	epochs	1.0
1471.5474639220704	0.5	epochs	-1.0
1472.0721401220703	0.07529999999997017	epochs	0.0
1472.7379999160767	0.0724600000000919	epochs	0.0
1472.7379999160767	0.031230300000061106	epochs	1.0
1472.7692302160767	0.009999399999969683	epochs	1.0
1472.7792296160767	0.031230300000061106	epochs	1.0
1472.8104599160768	1.5276799999999184	epochs	0.0
1472.8104599160768	0.5	epochs	1.0
1472.8104637160766	0.5	epochs	-1.0
1473.3104599160768	0.0029999999999290594	epochs	1.0
1473.3134599160767	1.0246799999999894	epochs	1.0
1473.8134637160767	0.5	epochs	-1.0
1474.3381399160767	0.07529999999997017	epochs	0.0
1475.0830001831055	0.0724600000000919	epochs	0.0
1475.0830001831055	0.031230300000061106	epochs	1.0
1475.1142304831055	0.009999399999969683	epochs	1.0
1475.1242298831055	0.031230300000061106	epochs	1.0
1475.1554601831056	8.927199999999857	epochs	0.0
1475.1554601831056	0.5	epochs	1.0
1475.1554639831054	0.5	epochs	-1.0
1475.6554601831056	8.427199999999857	epochs	1.0
1483.0831201831054	0.9995400000000245	epochs	-1.0
1483.0831201831054	0.039020000000164146	epochs	-1.0
1483.5806039831054	0.5	epochs	-1.0
1484.0826601831054	10.572779999999966	epochs	0.0
1485.0989999771118	0.0724600000000919	epochs	0.0
1485.0989999771118	0.031230300000061106	epochs	1.0
1485.1302302771119	0.009999399999969683	epochs	1.0
1485.1402296771118	0.031230300000061106	epochs	1.0
1485.171459977112	8.927199999999857	epochs	0.0
1485.171459977112	0.5	epochs	1.0
1485.1714637771117	0.5	epochs	-1.0
1485.671459977112	8.427199999999857	epochs	1.0
1493.0991999771118	0.9994599999999991	epochs	-1.0
1493.0991999771118	0.03944000000001324	epochs	-1.0
1493.5966837771118	0.5	epochs	-1.0
1494.0986599771118	10.572779999999966	epochs	0.0
1494.8159999847412	0.0724600000000919	epochs	0.0
1494.8159999847412	0.031230300000061106	epochs	1.0
1494.8472302847413	0.009999399999969683	epochs	1.0
1494.8572296847412	0.031230300000061106	epochs	1.0
1494.8884599847413	8.928279999999859	epochs	0.0
1494.8884599847413	0.5	epochs	1.0
1494.8884637847411	0.5	epochs	-1.0
1495.3884599847413	8.428279999999859	epochs	1.0
1502.8163199847413	1.000419999999849	epochs	-1.0
1502.8163199847413	0.04053999999996449	epochs	-1.0
1503.3138037847411	0.5	epochs	-1.0
1503.8167399847412	10.571699999999964	epochs	0.0
1518.5830001831055	0.07240000000001601	epochs	0.0
1518.5830001831055	0.031204399999978705	epochs	1.0
1518.6142045831054	0.009991200000058598	epochs	1.0
1518.6241957831055	0.031204399999978705	epochs	1.0
1518.6554001831055	2.0	epochs	0.0
1520.6554001831055	0.5271199999999681	epochs	0.0
1520.6554001831055	0.5271199999999681	epochs	1.0
1520.6554639831054	0.5	epochs	-1.0
1521.1554639831054	0.027056200000060926	epochs	-1.0
1521.1825201831055	21.472800000000007	epochs	0.0
1522.3330001831055	0.07240000000001601	epochs	0.0
1522.3330001831055	0.031204399999978705	epochs	1.0
1522.3642045831054	0.009991200000058598	epochs	1.0
1522.3741957831055	0.031204399999978705	epochs	1.0
1522.4054001831055	2.0	epochs	0.0
1524.4054001831055	0.5270399999999427	epochs	0.0
1524.4054001831055	0.5270399999999427	epochs	1.0
1524.4054639831054	0.5	epochs	-1.0
1524.9054639831054	0.026976200000035533	epochs	-1.0
1524.9324401831054	21.472880000000032	epochs	0.0
1526.1459999084473	0.07240000000001601	epochs	0.0
1526.1459999084473	0.031204399999978705	epochs	1.0
1526.1772043084472	0.009991200000058598	epochs	1.0
1526.1871955084473	0.031204399999978705	epochs	1.0
1526.2183999084473	2.0	epochs	0.0
1528.2183999084473	0.5274400000000696	epochs	0.0
1528.2183999084473	0.5274400000000696	epochs	1.0
1528.2184637084472	0.5	epochs	-1.0
1528.7184637084472	0.0273762000001625	epochs	-1.0
1528.7458399084474	21.472479999999905	epochs	0.0
1529.996000289917	0.07240000000001601	epochs	0.0
1529.996000289917	0.031204399999978705	epochs	1.0
1530.027204689917	0.009991200000058598	epochs	1.0
1530.037195889917	0.031204399999978705	epochs	1.0
1530.068400289917	2.0	epochs	0.0
1532.068400289917	0.5466400000000249	epochs	0.0
1532.068400289917	0.5466400000000249	epochs	1.0
1532.068464089917	0.5	epochs	-1.0
1532.568464089917	0.04657620000011775	epochs	-1.0
1532.615040289917	21.45327999999995	epochs	0.0
1533.8959999084473	0.07240000000001601	epochs	0.0
1533.8959999084473	0.031204399999978705	epochs	1.0
1533.9272043084472	0.009991200000058598	epochs	1.0
1533.9371955084473	0.031204399999978705	epochs	1.0
1533.9683999084473	2.0	epochs	0.0
1535.9683999084473	0.5277599999999438	epochs	0.0
1535.9683999084473	0.5277599999999438	epochs	1.0
1535.9684637084472	0.5	epochs	-1.0
1536.4684637084472	0.027696200000036697	epochs	-1.0
1536.4961599084472	21.47216000000003	epochs	0.0
1537.7080001831055	0.07240000000001601	epochs	0.0
1537.7080001831055	0.031204399999978705	epochs	1.0
1537.7392045831054	0.009991200000058598	epochs	1.0
1537.7491957831055	0.031204399999978705	epochs	1.0
1537.7804001831055	2.0	epochs	0.0
1539.7804001831055	5.366800000000012	epochs	0.0
1539.7804001831055	1.0	epochs	1.0
1539.7804639831054	0.5	epochs	-1.0
1540.2804639831054	4.866736200000105	epochs	-1.0
1540.7804001831055	4.366800000000012	epochs	1.0
1540.7804001831055	4.356753900000058	epochs	-1.0
1540.7804001831055	1.9745872000000873	epochs	2.0
1540.7804001831055	1.0985622000000603	epochs	3.0
1541.8789623831055	0.8760250000000269	epochs	3.0
1542.7549873831056	1.3524074999997993	epochs	2.0
1542.7549873831056	0.7286354999998821	epochs	3.0
1543.4836228831055	0.6237719999999172	epochs	3.0
1544.1073948831054	1.0297592000001714	epochs	2.0
1544.1073948831054	0.5453293000000485	epochs	3.0
1544.6527241831054	0.48442990000012287	epochs	3.0
1545.1371540831055	0.010046099999954095	epochs	2.0
1545.1371540831055	0.010046099999954095	epochs	3.0
1545.1472001831055	16.633119999999963	epochs	0.0
1546.031000137329	0.07240000000001601	epochs	0.0
1546.031000137329	0.031204399999978705	epochs	1.0
1546.062204537329	0.009991200000058598	epochs	1.0
1546.0721957373291	0.031204399999978705	epochs	1.0
1546.1034001373291	2.0	epochs	0.0
1548.1034001373291	0.527599999999893	epochs	0.0
1548.1034001373291	0.527599999999893	epochs	1.0
1548.103463937329	0.5	epochs	-1.0
1548.603463937329	0.02753619999998591	epochs	-1.0
1548.631000137329	21.47232000000008	epochs	0.0
1549.8640003204346	0.07240000000001601	epochs	0.0
1549.8640003204346	0.031204399999978705	epochs	1.0
1549.8952047204345	0.009991200000058598	epochs	1.0
1549.9051959204346	0.031204399999978705	epochs	1.0
1549.9364003204346	2.0	epochs	0.0
1551.9364003204346	0.5469599999998991	epochs	0.0
1551.9364003204346	0.5469599999998991	epochs	1.0
1551.9364641204345	0.5	epochs	-1.0
1552.4364641204345	0.04689619999999195	epochs	-1.0
1552.4833603204345	21.452960000000076	epochs	0.0
1553.7309999465942	0.07240000000001601	epochs	0.0
1553.7309999465942	0.031204399999978705	epochs	1.0
1553.7622043465942	0.009991200000058598	epochs	1.0
1553.7721955465943	0.031204399999978705	epochs	1.0
1553.8033999465943	2.0	epochs	0.0
1555.8033999465943	0.5276799999999184	epochs	0.0
1555.8033999465943	0.5276799999999184	epochs	1.0
1555.8034637465942	0.5	epochs	-1.0
1556.3034637465942	0.027616200000011304	epochs	-1.0
1556.3310799465942	21.472240000000056	epochs	0.0
1567.1170001029968	0.07240000000001601	epochs	0.0
1567.1170001029968	0.031204399999978705	epochs	1.0
1567.1482045029968	0.009991200000058598	epochs	1.0
1567.1581957029969	0.031204399999978705	epochs	1.0
1567.1894001029968	2.0	epochs	0.0
1569.1894001029968	5.366800000000012	epochs	0.0
1569.1894001029968	1.0	epochs	1.0
1569.1894639029967	0.5	epochs	-1.0
1569.6894639029967	4.866736200000105	epochs	-1.0
1570.1894001029968	4.366800000000012	epochs	1.0
1570.1894001029968	4.356753900000058	epochs	-1.0
1570.1894001029968	1.9745872000000873	epochs	2.0
1570.1894001029968	1.0985622000000603	epochs	3.0
1571.287962302997	0.8760250000000269	epochs	3.0
1572.163987302997	1.3524074999997993	epochs	2.0
1572.163987302997	0.7286354999998821	epochs	3.0
1572.8926228029968	0.6237719999999172	epochs	3.0
1573.5163948029967	1.0297592000001714	epochs	2.0
1573.5163948029967	0.5453293000000485	epochs	3.0
1574.0617241029968	0.48442990000012287	epochs	3.0
1574.546154002997	0.010046099999954095	epochs	2.0
1574.546154002997	0.010046099999954095	epochs	3.0
1574.5562001029969	16.633119999999963	epochs	0.0
1575.398000240326	0.07240000000001601	epochs	0.0
1575.398000240326	0.031204399999978705	epochs	1.0
1575.429204640326	0.009991200000058598	epochs	1.0
1575.439195840326	0.031204399999978705	epochs	1.0
1575.470400240326	2.0	epochs	0.0
1577.470400240326	21.999919999999975	epochs	0.0
1577.470400240326	1.0	epochs	1.0
1577.4704640403259	0.5	epochs	-1.0
1577.9704640403259	19.999199999999973	epochs	-1.0
1578.470400240326	20.0	epochs	1.0
1578.470400240326	4.356753900000058	epochs	-1.0
1578.470400240326	1.9745872000000873	epochs	2.0
1578.470400240326	1.0985622000000603	epochs	3.0
1579.568962440326	0.8760250000000269	epochs	3.0
1580.444987440326	1.3524074999997993	epochs	2.0
1580.444987440326	0.7286354999998821	epochs	3.0
1581.173622940326	0.6237719999999172	epochs	3.0
1581.7973949403258	1.0297592000001714	epochs	2.0
1581.7973949403258	0.5453293000000485	epochs	3.0
1582.3427242403259	0.48442990000012287	epochs	3.0
1582.827154140326	0.8317861999998968	epochs	2.0
1582.827154140326	0.4357762999998158	epochs	3.0
1583.2629304403258	0.39600990000008096	epochs	3.0
1583.658940340326	0.6977970000000369	epochs	2.0
1583.658940340326	0.3628982000000178	epochs	3.0
1584.021838540326	0.33489880000001904	epochs	3.0
1584.356737340326	0.601045699999986	epochs	2.0
1584.356737340326	0.3109122999999272	epochs	3.0
1584.6676496403259	0.2901334000000588	epochs	3.0
1584.957783040326	0.5278859000000011	epochs	2.0
1584.957783040326	0.2719586000000618	epochs	3.0
1585.229741640326	0.25592729999993935	epochs	3.0
1585.485668940326	0.470619299999953	epochs	2.0
1585.485668940326	0.241681299999982	epochs	3.0
1585.727350240326	0.228937999999971	epochs	3.0
1585.9562882403259	0.42457039999999324	epochs	2.0
1585.9562882403259	0.21747140000002219	epochs	3.0
1586.173759640326	0.20709899999997106	epochs	3.0
1586.3808586403259	0.3867354000001342	epochs	2.0
1586.3808586403259	0.19767109999997956	epochs	3.0
1586.5785297403258	0.18906430000015462	epochs	3.0
1586.767594040326	0.35509529999990264	epochs	2.0
1586.767594040326	0.18117589999997108	epochs	3.0
1586.948769940326	0.17391939999993156	epochs	3.0
1587.122689340326	0.3282431000000088	epochs	2.0
1587.122689340326	0.16722189999995862	epochs	3.0
1587.2899112403259	0.16102120000005016	epochs	3.0
1587.450932440326	0.30516800000009425	epochs	2.0
1587.450932440326	0.15526389999990897	epochs	3.0
1587.6061963403258	0.14990410000018528	epochs	3.0
1587.756100440326	0.28512529999989056	epochs	2.0
1587.756100440326	0.14490209999985382	epochs	3.0
1587.9010025403259	0.14022320000003674	epochs	3.0
1588.041225740326	0.267553800000087	epochs	2.0
1588.041225740326	0.1358368999999584	epochs	3.0
1588.1770626403259	0.1317169000001286	epochs	3.0
1588.308779540326	0.252022899999929	epochs	2.0
1588.308779540326	0.1278393000000051	epochs	3.0
1588.436618840326	0.1241835999999239	epochs	3.0
1588.560802440326	0.23819649999995818	epochs	2.0
1588.560802440326	0.12073110000005727	epochs	3.0
1588.681533540326	0.11746539999990091	epochs	3.0
1588.7989989403259	0.2258088000000953	epochs	2.0
1588.7989989403259	0.11437190000015107	epochs	3.0
1588.913370840326	0.11143689999994422	epochs	3.0
1589.024807740326	0.21464599999990241	epochs	2.0
1589.024807740326	0.10864889999993466	epochs	3.0
1589.133456640326	0.10599709999996776	epochs	3.0
1589.2394537403259	0.20453500000007807	epochs	2.0
1589.2394537403259	0.10347150000006877	epochs	3.0
1589.342925240326	0.1010635000000093	epochs	3.0
1589.443988740326	0.19533400000000256	epochs	2.0
1589.443988740326	0.09876510000003691	epochs	3.0
1589.542753840326	0.09656889999996565	epochs	3.0
1589.639322740326	0.18692529999998442	epochs	2.0
1589.639322740326	0.09446830000001682	epochs	3.0
1589.733791040326	0.09245699999996759	epochs	3.0
1589.826248040326	0.17921069999988504	epochs	2.0
1589.826248040326	0.0905296000000817	epochs	3.0
1589.916777640326	0.08868109999980334	epochs	3.0
1590.0054587403258	0.17210770000019693	epochs	2.0
1590.0054587403258	0.08690630000000965	epochs	3.0
1590.0923650403258	0.08520140000018728	epochs	3.0
1590.177566440326	0.1655463999998119	epochs	2.0
1590.177566440326	0.08356189999994967	epochs	3.0
1590.261128340326	0.08198449999986224	epochs	3.0
1590.3431128403258	0.15946710000002895	epochs	2.0
1590.3431128403258	0.08046540000009372	epochs	3.0
1590.423578240326	0.07900169999993523	epochs	3.0
1590.5025799403259	0.15381840000009106	epochs	2.0
1590.5025799403259	0.07759010000017952	epochs	3.0
1590.580170040326	0.07622829999991154	epochs	3.0
1590.656398340326	0.14855639999996129	epochs	2.0
1590.656398340326	0.07491329999993468	epochs	3.0
1590.7313116403259	0.0736431000000266	epochs	3.0
1590.804954740326	0.14364240000008976	epochs	2.0
1590.804954740326	0.07241500000009182	epochs	3.0
1590.877369740326	0.07122739999999794	epochs	3.0
1590.948597140326	0.13904309999998077	epochs	2.0
1590.948597140326	0.07007799999996678	epochs	3.0
1591.018675140326	0.06896510000001399	epochs	3.0
1591.087640240326	0.13472929999988992	epochs	2.0
1591.087640240326	0.0678871000000072	epochs	3.0
1591.155527340326	0.06684219999988272	epochs	3.0
1591.2223695403259	0.1306752000000415	epochs	2.0
1591.2223695403259	0.06582909999997355	epochs	3.0
1591.2881986403258	0.06484610000006796	epochs	3.0
1591.353044740326	0.1268577999999252	epochs	2.0
1591.353044740326	0.06389200000012352	epochs	3.0
1591.416936740326	0.06296579999980167	epochs	3.0
1591.4799025403258	0.12325720000012552	epochs	2.0
1591.4799025403258	0.06206580000002759	epochs	3.0
1591.5419683403259	0.06119140000009793	epochs	3.0
1591.603159740326	0.11985540000000583	epochs	2.0
1591.603159740326	0.060341099999959624	epochs	3.0
1591.663500840326	0.059514300000046205	epochs	3.0
1591.723015140326	0.1166361999999026	epochs	2.0
1591.723015140326	0.058709599999929196	epochs	3.0
1591.781724740326	0.057926599999973405	epochs	3.0
1591.8396513403259	0.11358560000007856	epochs	2.0
1591.8396513403259	0.05716419999998834	epochs	3.0
1591.8968155403259	0.056421400000090216	epochs	3.0
1591.953236940326	0.11069049999991876	epochs	2.0
1591.953236940326	0.055697900000041045	epochs	3.0
1592.008934840326	0.05499259999987771	epochs	3.0
1592.0639274403259	0.1079391000000669	epochs	2.0
1592.0639274403259	0.05430490000003374	epochs	3.0
1592.118232340326	0.05363420000003316	epochs	3.0
1592.171866540326	0.10532149999994544	epochs	2.0
1592.171866540326	0.05297999999993408	epochs	3.0
1592.2248465403259	0.052341500000011365	epochs	3.0
1592.2771880403259	0.10282759999995505	epochs	2.0
1592.2771880403259	0.05171810000001642	epochs	3.0
1592.328906140326	0.051109499999938635	epochs	3.0
1592.3800156403258	0.10044910000010532	epochs	2.0
1592.3800156403258	0.050514900000052876	epochs	3.0
1592.430530540326	0.04993420000005244	epochs	3.0
1592.480464740326	0.0981782999999723	epochs	2.0
1592.480464740326	0.04936659999998483	epochs	3.0
1592.529831340326	0.04881169999998747	epochs	3.0
1592.578643040326	0.09600780000005216	epochs	2.0
1592.578643040326	0.04826920000004975	epochs	3.0
1592.626912240326	0.04773860000000241	epochs	3.0
1592.674650840326	0.09393120000004274	epochs	2.0
1592.674650840326	0.04721949999998287	epochs	3.0
1592.721870340326	0.046711700000059864	epochs	3.0
1592.768582040326	0.09194259999981114	epochs	2.0
1592.768582040326	0.046214599999984785	epochs	3.0
1592.814796640326	0.04572799999982635	epochs	3.0
1592.8605246403258	0.09003630000006524	epochs	2.0
1592.8605246403258	0.04525150000017675	epochs	3.0
1592.905776140326	0.04478479999988849	epochs	3.0
1592.9505609403259	0.08820760000003247	epochs	2.0
1592.9505609403259	0.044327800000019124	epochs	3.0
1592.994888740326	0.04387980000001335	epochs	3.0
1593.038768540326	0.0864516999999978	epochs	2.0
1593.038768540326	0.04344100000002982	epochs	3.0
1593.082209540326	0.04301069999996798	epochs	3.0
1593.125220240326	0.08476429999996071	epochs	2.0
1593.125220240326	0.04258899999990717	epochs	3.0
1593.1678092403258	0.04217530000005354	epochs	3.0
1593.2099845403259	0.08314150000001064	epochs	2.0
1593.2099845403259	0.04176970000003166	epochs	3.0
1593.251754240326	0.041371799999978975	epochs	3.0
1593.293126040326	0.08157970000002024	epochs	2.0
1593.293126040326	0.040981399999964196	epochs	3.0
1593.3341074403259	0.04059830000005604	epochs	3.0
1593.374705740326	0.08007550000002084	epochs	2.0
1593.374705740326	0.040222300000095856	epochs	3.0
1593.414928040326	0.03985319999992498	epochs	3.0
1593.454781240326	0.07862569999997504	epochs	2.0
1593.454781240326	0.039490800000066884	epochs	3.0
1593.494272040326	0.03913489999990816	epochs	3.0
1593.533406940326	0.07722760000001472	epochs	2.0
1593.533406940326	0.038785400000051595	epochs	3.0
1593.572192340326	0.03844219999996312	epochs	3.0
1593.610634540326	0.07587820000003376	epochs	2.0
1593.610634540326	0.03810479999992822	epochs	3.0
1593.6487393403258	0.03777340000010554	epochs	3.0
1593.686512740326	0.0745752000000266	epochs	2.0
1593.686512740326	0.03744770000002973	epochs	3.0
1593.723960440326	0.03712749999999687	epochs	3.0
1593.761087940326	0.07331629999998768	epochs	2.0
1593.761087940326	0.03681289999985893	epochs	3.0
1593.7979008403258	0.03650340000012875	epochs	3.0
1593.834404240326	0.07209899999998015	epochs	2.0
1593.834404240326	0.03619909999997617	epochs	3.0
1593.870603340326	0.03589990000000398	epochs	3.0
1593.906503240326	0.07092169999987163	epochs	2.0
1593.906503240326	0.03560560000005353	epochs	3.0
1593.942108840326	0.03531609999981811	epochs	3.0
1593.9774249403258	0.06978200000003199	epochs	2.0
1593.9774249403258	0.03503120000004856	epochs	3.0
1594.0124561403259	0.03475079999998343	epochs	3.0
1594.0472069403259	0.06867860000011206	epochs	2.0
1594.0472069403259	0.03447510000000875	epochs	3.0
1594.0816820403259	0.034203500000103304	epochs	3.0
1594.115885540326	0.06760929999995824	epochs	2.0
1594.115885540326	0.033936199999970995	epochs	3.0
1594.149821740326	0.033673099999987244	epochs	3.0
1594.183494840326	0.06657289999998284	epochs	2.0
1594.183494840326	0.03341399999999339	epochs	3.0
1594.216908840326	0.033158899999989444	epochs	3.0
1594.250067740326	0.06556780000005347	epochs	2.0
1594.250067740326	0.03290770000012344	epochs	3.0
1594.282975440326	0.032660099999930026	epochs	3.0
1594.315635540326	0.06459259999996902	epochs	2.0
1594.315635540326	0.03241639999987456	epochs	3.0
1594.3480519403258	0.03217620000009447	epochs	3.0
1594.380228140326	0.06364600000006249	epochs	2.0
1594.380228140326	0.03193959999998697	epochs	3.0
1594.412167740326	0.03170640000007552	epochs	3.0
1594.443874140326	0.0627266999999847	epochs	2.0
1594.443874140326	0.031476599999905375	epochs	3.0
1594.475350740326	0.03125010000007933	epochs	3.0
1594.506600840326	0.06183359999999993	epochs	2.0
1594.506600840326	0.03102689999991526	epochs	3.0
1594.537627740326	0.030806700000084675	epochs	3.0
1594.568434440326	0.060965599999917686	epochs	2.0
1594.568434440326	0.030589799999916067	epochs	3.0
1594.599024240326	0.030375800000001618	epochs	3.0
1594.629400040326	0.06012160000000222	epochs	2.0
1594.629400040326	0.030164900000045236	epochs	3.0
1594.659564940326	0.02995669999995698	epochs	3.0
1594.689521640326	0.05930069999999432	epochs	2.0
1594.689521640326	0.029751600000054168	epochs	3.0
1594.719273240326	0.029549099999940154	epochs	3.0
1594.748822340326	0.05850179999993088	epochs	2.0
1594.748822340326	0.02934940000000097	epochs	3.0
1594.778171740326	0.029152399999929912	epochs	3.0
1594.8073241403258	0.05772420000016609	epochs	2.0
1594.8073241403258	0.028958000000102402	epochs	3.0
1594.836282140326	0.02876620000006369	epochs	3.0
1594.865048340326	0.056967099999837956	epochs	2.0
1594.865048340326	0.028577000000041153	epochs	3.0
1594.893625340326	0.028390099999796803	epochs	3.0
1594.9220154403258	0.05622950000019955	epochs	2.0
1594.9220154403258	0.02820570000017142	epochs	3.0
1594.950221140326	0.028023800000028132	epochs	3.0
1594.978244940326	0.05551070000001346	epochs	2.0
1594.978244940326	0.027843999999959124	epochs	3.0
1595.006088940326	0.027666700000054334	epochs	3.0
1595.033755640326	0.05481019999979253	epochs	2.0
1595.033755640326	0.02749149999999645	epochs	3.0
1595.061247140326	0.02731869999979608	epochs	3.0
1595.0885658403258	0.05412700000010773	epochs	2.0
1595.0885658403258	0.027147800000193456	epochs	3.0
1595.115713640326	0.026979199999914272	epochs	3.0
1595.142692840326	0.053460699999959616	epochs	2.0
1595.142692840326	0.026812600000084785	epochs	3.0
1595.169505440326	0.02664809999987483	epochs	3.0
1595.196153540326	0.05281070000000909	epochs	2.0
1595.196153540326	0.026485600000114573	epochs	3.0
1595.222639140326	0.02632509999989452	epochs	3.0
1595.248964240326	0.05217620000007628	epochs	2.0
1595.248964240326	0.026166399999965506	epochs	3.0
1595.2751306403259	0.026009800000110772	epochs	3.0
1595.301140440326	0.051556699999991906	epochs	2.0
1595.301140440326	0.025854799999933675	epochs	3.0
1595.326995240326	0.02570190000005823	epochs	3.0
1595.352697140326	0.05095189999997274	epochs	2.0
1595.352697140326	0.025550699999939752	epochs	3.0
1595.378247840326	0.025401200000032986	epochs	3.0
1595.403649040326	0.05036100000006627	epochs	2.0
1595.403649040326	0.025253499999962514	epochs	3.0
1595.428902540326	0.025107500000103755	epochs	3.0
1595.454010040326	0.04978379999988647	epochs	2.0
1595.454010040326	0.02496320000000196	epochs	3.0
1595.478973240326	0.024820599999884507	epochs	3.0
1595.503793840326	0.04921949999993558	epochs	2.0
1595.503793840326	0.024679399999968155	epochs	3.0
1595.5284732403259	0.024540099999967424	epochs	3.0
1595.5530133403258	0.04866790000005494	epochs	2.0
1595.5530133403258	0.024402100000088467	epochs	3.0
1595.577415440326	0.024265799999966475	epochs	3.0
1595.601681240326	0.048128599999927246	epochs	2.0
1595.601681240326	0.024131000000124914	epochs	3.0
1595.625812240326	0.023997599999802333	epochs	3.0
1595.6498098403258	0.047601100000065344	epochs	2.0
1595.6498098403258	0.023865800000066884	epochs	3.0
1595.6736756403259	0.02373529999999846	epochs	3.0
1595.6974109403259	0.04708500000015192	epochs	2.0
1595.6974109403259	0.023606299999983094	epochs	3.0
1595.7210172403259	0.02347870000016883	epochs	3.0
1595.744495940326	0.046579999999948996	epochs	2.0
1595.744495940326	0.023352499999873544	epochs	3.0
1595.767848440326	0.02322750000007545	epochs	3.0
1595.791075940326	0.046085700000048746	epochs	2.0
1595.791075940326	0.02310399999987567	epochs	3.0
1595.8141799403259	0.022981700000173078	epochs	3.0
1595.837161640326	0.045601799999985815	epochs	2.0
1595.837161640326	0.02286069999991014	epochs	3.0
1595.860022340326	0.022741100000075676	epochs	3.0
1595.882763440326	0.045127899999897636	epochs	2.0
1595.882763440326	0.022622499999897627	epochs	3.0
1595.905385940326	0.02250540000000001	epochs	3.0
1595.927891340326	0.0446638000000803	epochs	2.0
1595.927891340326	0.02238929999998618	epochs	3.0
1595.950280640326	0.022274500000094122	epochs	3.0
1595.972555140326	0.044209199999841076	epochs	2.0
1595.972555140326	0.022160799999937808	epochs	3.0
1595.994715940326	0.022048399999903268	epochs	3.0
1596.0167643403258	0.04376360000014756	epochs	2.0
1596.0167643403258	0.021936900000127935	epochs	3.0
1596.038701240326	0.021826700000019628	epochs	3.0
1596.060527940326	0.04332709999994222	epochs	2.0
1596.060527940326	0.021717599999874437	epochs	3.0
1596.0822455403259	0.021609500000067783	epochs	3.0
1596.103855040326	0.04289900000003399	epochs	2.0
1596.103855040326	0.02150249999999687	epochs	3.0
1596.125357540326	0.021396500000037122	epochs	3.0
1596.146754040326	0.04247949999989942	epochs	2.0
1596.146754040326	0.021291699999892444	epochs	3.0
1596.1680457403259	0.021187800000006973	epochs	3.0
1596.1892335403259	0.04206790000012006	epochs	2.0
1596.1892335403259	0.02108490000000529	epochs	3.0
1596.2103184403259	0.02098300000011477	epochs	3.0
1596.231301440326	0.04166439999994509	epochs	2.0
1596.231301440326	0.020882199999959994	epochs	3.0
1596.252183640326	0.020782199999985096	epochs	3.0
1596.272965840326	0.04126850000011473	epochs	2.0
1596.272965840326	0.020683299999973315	epochs	3.0
1596.293649140326	0.020585200000141413	epochs	3.0
1596.314234340326	0.0408799999997882	epochs	2.0
1596.314234340326	0.020488099999965925	epochs	3.0
1596.334722440326	0.02039189999982227	epochs	3.0
1596.3551143403258	0.04049880000002304	epochs	2.0
1596.3551143403258	0.0202966000001652	epochs	3.0
1596.375410940326	0.02020219999985784	epochs	3.0
1596.3956131403258	0.04012460000012652	epochs	2.0
1596.3956131403258	0.02010870000003706	epochs	3.0
1596.415721840326	0.02001590000008946	epochs	3.0
1596.435737740326	0.03975730000001931	epochs	2.0
1596.435737740326	0.0199241999998776	epochs	3.0
1596.4556619403259	0.019833100000141712	epochs	3.0
1596.475495040326	0.03939669999999751	epochs	2.0
1596.475495040326	0.019742999999834865	epochs	3.0
1596.4952380403258	0.019653700000162644	epochs	3.0
1596.514891740326	0.03904239999997117	epochs	2.0
1596.514891740326	0.019565099999908853	epochs	3.0
1596.534456840326	0.019477300000062314	epochs	3.0
1596.553934140326	0.03869459999987157	epochs	2.0
1596.553934140326	0.019390400000020236	epochs	3.0
1596.573324540326	0.019304199999851335	epochs	3.0
1596.5926287403258	0.03835290000006353	epochs	2.0
1596.5926287403258	0.019218800000089686	epochs	3.0
1596.611847540326	0.01913409999997384	epochs	3.0
1596.630981640326	0.03801720000001296	epochs	2.0
1596.630981640326	0.019050200000037876	epochs	3.0
1596.650031840326	0.018966999999975087	epochs	3.0
1596.668998840326	0.03768719999993664	epochs	2.0
1596.668998840326	0.01888450000001285	epochs	3.0
1596.687883340326	0.01880269999992379	epochs	3.0
1596.7066860403258	0.03736309999999321	epochs	2.0
1596.7066860403258	0.018721700000014607	epochs	3.0
1596.7254077403259	0.018641399999978603	epochs	3.0
1596.7440491403258	0.037044300000161456	epochs	2.0
1596.7440491403258	0.018561600000111866	epochs	3.0
1596.762610740326	0.01848270000004959	epochs	3.0
1596.781093440326	0.03673099999991791	epochs	2.0
1596.781093440326	0.018404299999929208	epochs	3.0
1596.799497740326	0.018326699999988705	epochs	3.0
1596.817824440326	0.03642289999993409	epochs	2.0
1596.817824440326	0.018249599999990096	epochs	3.0
1596.836074040326	0.018173299999943993	epochs	3.0
1596.8542473403259	0.03612010000006194	epochs	2.0
1596.8542473403259	0.018097600000146485	epochs	3.0
1596.872344940326	0.018022499999915453	epochs	3.0
1596.890367440326	0.03582209999990482	epochs	2.0
1596.890367440326	0.017947900000081063	epochs	3.0
1596.908315340326	0.01787419999982376	epochs	3.0
1596.9261895403258	0.03552899999999681	epochs	2.0
1596.9261895403258	0.017800800000031813	epochs	3.0
1596.9439903403259	0.017728199999965	epochs	3.0
1596.9617185403258	0.03524070000003121	epochs	2.0
1596.9617185403258	0.017656100000067454	epochs	3.0
1596.979374640326	0.017584599999963757	epochs	3.0
1596.9969592403259	0.03495710000015606	epochs	2.0
1596.9969592403259	0.017513700000108656	epochs	3.0
1597.014472940326	0.017443400000047404	epochs	3.0
1597.031916340326	0.034677899999906	epochs	2.0
1597.031916340326	0.017373599999928047	epochs	3.0
1597.049289940326	0.017304299999977957	epochs	3.0
1597.066594240326	0.03440330000012182	epochs	2.0
1597.066594240326	0.017235699999901044	epochs	3.0
1597.0838299403258	0.017167600000220773	epochs	3.0
1597.100997540326	0.03413279999995211	epochs	2.0
1597.100997540326	0.01709989999994832	epochs	3.0
1597.118097440326	0.017032900000003792	epochs	3.0
1597.135130340326	0.03386669999986225	epochs	2.0
1597.135130340326	0.01696640000000116	epochs	3.0
1597.152096740326	0.01690029999986109	epochs	3.0
1597.1689970403258	0.03360459999998966	epochs	2.0
1597.1689970403258	0.01683479999996962	epochs	3.0
1597.1858318403258	0.01676980000002004	epochs	3.0
1597.2026016403258	0.0333466000001863	epochs	2.0
1597.2026016403258	0.016705300000012357	epochs	3.0
1597.2193069403259	0.016641300000173942	epochs	3.0
1597.235948240326	0.033092499999838765	epochs	2.0
1597.235948240326	0.016577799999822673	epochs	3.0
1597.2525260403258	0.01651470000001609	epochs	3.0
1597.2690407403259	0.032842300000083924	epochs	2.0
1597.2690407403259	0.01645220000000336	epochs	3.0
1597.2854929403259	0.016390100000080565	epochs	3.0
1597.301883040326	0.03259570000000167	epochs	2.0
1597.301883040326	0.016328400000020338	epochs	3.0
1597.318211440326	0.016267299999981333	epochs	3.0
1597.334478740326	0.032352899999978035	epochs	2.0
1597.334478740326	0.016206600000032267	epochs	3.0
1597.350685340326	0.016146299999945768	epochs	3.0
1597.366831640326	0.032113700000081735	epochs	2.0
1597.366831640326	0.016086600000107865	epochs	3.0
1597.382918240326	0.01602709999997387	epochs	3.0
1597.398945340326	0.03187800000000607	epochs	2.0
1597.398945340326	0.0159681999998611	epochs	3.0
1597.4149135403259	0.01590980000014497	epochs	3.0
1597.430823340326	0.03164569999989908	epochs	2.0
1597.430823340326	0.015851599999905375	epochs	3.0
1597.446674940326	0.015794099999993705	epochs	3.0
1597.462469040326	0.031416699999908815	epochs	2.0
1597.462469040326	0.01573669999993399	epochs	3.0
1597.4782057403258	0.015679999999974825	epochs	3.0
1597.4938857403258	0.031191100000114602	epochs	2.0
1597.4938857403258	0.015623600000026272	epochs	3.0
1597.5095093403258	0.01556750000008833	epochs	3.0
1597.525076840326	0.030968699999903038	epochs	2.0
1597.525076840326	0.015511999999944237	epochs	3.0
1597.5405888403259	0.0154566999999588	epochs	3.0
1597.5560455403258	0.030749500000183616	epochs	2.0
1597.5560455403258	0.015401999999994587	epochs	3.0
1597.5714475403258	0.01534750000018903	epochs	3.0
1597.586795040326	0.030533199999808858	epochs	2.0
1597.586795040326	0.015293400000018664	epochs	3.0
1597.602088440326	0.015239799999790193	epochs	3.0
1597.6173282403258	0.030320100000153616	epochs	2.0
1597.6173282403258	0.015186500000027081	epochs	3.0
1597.6325147403259	0.015133600000126535	epochs	3.0
1597.647648340326	0.030109899999843037	epochs	2.0
1597.647648340326	0.015081000000009226	epochs	3.0
1597.662729340326	0.015028899999833811	epochs	3.0
1597.6777582403258	0.029902500000162036	epochs	2.0
1597.6777582403258	0.014977000000044427	epochs	3.0
1597.6927352403259	0.014925500000117609	epochs	3.0
1597.707660740326	0.029698099999905025	epochs	2.0
1597.707660740326	0.014874399999825982	epochs	3.0
1597.7225351403258	0.014823700000079043	epochs	3.0
1597.737358840326	0.029496300000118936	epochs	2.0
1597.737358840326	0.014773200000036013	epochs	3.0
1597.752132040326	0.014723100000082923	epochs	3.0
1597.766855140326	0.029297399999904883	epochs	2.0
1597.766855140326	0.014673399999992398	epochs	3.0
1597.781528540326	0.014623999999912485	epochs	3.0
1597.796152540326	0.029101099999934377	epochs	2.0
1597.796152540326	0.014574900000070556	epochs	3.0
1597.810727440326	0.01452619999986382	epochs	3.0
1597.8252536403259	0.028907399999980044	epochs	2.0
1597.8252536403259	0.014477700000043114	epochs	3.0
1597.839731340326	0.014429699999936929	epochs	3.0
1597.8541610403258	0.02871620000018993	epochs	2.0
1597.8541610403258	0.014381800000137446	epochs	3.0
1597.868542840326	0.014334400000052483	epochs	3.0
1597.882877240326	0.02852759999996124	epochs	2.0
1597.882877240326	0.014287199999898803	epochs	3.0
1597.897164440326	0.014240400000062436	epochs	3.0
1597.911404840326	0.028341400000044814	epochs	2.0
1597.911404840326	0.014193799999929979	epochs	3.0
1597.925598640326	0.014147600000114835	epochs	3.0
1597.939746240326	0.02815769999983786	epochs	2.0
1597.939746240326	0.014101699999855555	epochs	3.0
1597.9538479403259	0.014055999999982305	epochs	3.0
1597.9679039403259	0.027976300000091214	epochs	2.0
1597.9679039403259	0.014010600000119666	epochs	3.0
1597.981914540326	0.013965699999971548	epochs	3.0
1597.995880240326	0.027797199999895383	epochs	2.0
1597.995880240326	0.013920800000050804	epochs	3.0
1598.009801040326	0.01387639999984458	epochs	3.0
1598.0236774403259	0.02762040000015986	epochs	2.0
1598.0236774403259	0.013832200000024386	epochs	3.0
1598.0375096403259	0.013788200000135475	epochs	3.0
1598.051297840326	0.027445899999975154	epochs	2.0
1598.051297840326	0.013744599999881757	epochs	3.0
1598.065042440326	0.013701300000093397	epochs	3.0
1598.078743740326	0.027273499999864725	epochs	2.0
1598.078743740326	0.013658200000008947	epochs	3.0
1598.092401940326	0.013615299999855779	epochs	3.0
1598.1060172403259	0.027103399999987232	epochs	2.0
1598.1060172403259	0.013572800000019924	epochs	3.0
1598.1195900403259	0.013530599999967308	epochs	3.0
1598.1331206403258	0.02693520000002536	epochs	2.0
1598.1331206403258	0.013488400000142065	epochs	3.0
1598.146609040326	0.013446799999883297	epochs	3.0
1598.1600558403259	0.026769199999989723	epochs	2.0
1598.1600558403259	0.013405200000079276	epochs	3.0
1598.173461040326	0.013363999999910448	epochs	3.0
1598.1868250403259	0.02660520000017641	epochs	2.0
1598.1868250403259	0.013322900000048321	epochs	3.0
1598.200147940326	0.013282300000128089	epochs	3.0
1598.213430240326	0.0264431999999033	epochs	2.0
1598.213430240326	0.013241699999980483	epochs	3.0
1598.226671940326	0.013201499999922817	epochs	3.0
1598.239873440326	0.026283200000079887	epochs	2.0
1598.239873440326	0.013161500000023807	epochs	3.0
1598.253034940326	0.01312170000005608	epochs	3.0
1598.266156640326	0.026124999999865395	epochs	2.0
1598.266156640326	0.013082100000019636	epochs	3.0
1598.279238740326	0.013042899999845758	epochs	3.0
1598.2922816403259	0.025968899999952555	epochs	2.0
1598.2922816403259	0.01300390000005791	epochs	3.0
1598.305285540326	0.012964999999894644	epochs	3.0
1598.3182505403258	0.025814500000024054	epochs	2.0
1598.3182505403258	0.012926400000196736	epochs	3.0
1598.331176940326	0.012888099999827318	epochs	3.0
1598.3440650403259	0.02566190000015922	epochs	2.0
1598.3440650403259	0.012849899999991976	epochs	3.0
1598.3569149403259	0.012812000000167245	epochs	3.0
1598.369726940326	0.025511199999982637	epochs	2.0
1598.369726940326	0.012774399999898378	epochs	3.0
1598.382501340326	0.012736800000084258	epochs	3.0
1598.395238140326	0.02536229999986972	epochs	2.0
1598.395238140326	0.01269969999998466	epochs	3.0
1598.407937840326	0.01266259999988506	epochs	3.0
1598.4206004403259	0.02521500000011656	epochs	2.0
1598.4206004403259	0.012625800000023446	epochs	3.0
1598.433226240326	0.012589200000093115	epochs	3.0
1598.445815440326	0.024584799999956886	epochs	2.0
1598.4696640403258	0.5	epochs	-1.0
1598.470400240326	0.9999199999999746	epochs	1.0
1598.9696640403258	0.5	epochs	-1.0
1600.608000278473	0.07240000000001601	epochs	0.0
1600.608000278473	0.031204399999978705	epochs	1.0
1600.6392046784729	0.009991200000058598	epochs	1.0
1600.649195878473	0.031204399999978705	epochs	1.0
1600.680400278473	2.0	epochs	0.0
1602.680400278473	0.527599999999893	epochs	0.0
1602.680400278473	0.527599999999893	epochs	1.0
1602.6804640784728	0.5	epochs	-1.0
1603.1804640784728	0.02753619999998591	epochs	-1.0
1603.2080002784728	21.47232000000008	epochs	0.0
1604.4939999580383	0.07240000000001601	epochs	0.0
1604.4939999580383	0.031204399999978705	epochs	1.0
1604.5252043580383	0.009991200000058598	epochs	1.0
1604.5351955580384	0.031204399999978705	epochs	1.0
1604.5663999580383	2.0	epochs	0.0
1606.5663999580383	0.5268799999998919	epochs	0.0
1606.5663999580383	0.5268799999998919	epochs	1.0
1606.5664637580383	0.5	epochs	-1.0
1607.0664637580383	0.026816199999984747	epochs	-1.0
1607.0932799580382	21.473040000000083	epochs	0.0
1608.344000339508	0.07240000000001601	epochs	0.0
1608.344000339508	0.031204399999978705	epochs	1.0
1608.375204739508	0.009991200000058598	epochs	1.0
1608.385195939508	0.031204399999978705	epochs	1.0
1608.416400339508	2.0	epochs	0.0
1610.416400339508	21.999919999999975	epochs	0.0
1610.416400339508	1.0	epochs	1.0
1610.416464139508	0.5	epochs	-1.0
1610.916464139508	19.999199999999973	epochs	-1.0
1611.416400339508	20.0	epochs	1.0
1611.416400339508	4.356753900000058	epochs	-1.0
1611.416400339508	1.9745872000000873	epochs	2.0
1611.416400339508	1.0985622000000603	epochs	3.0
1612.5149625395081	0.8760250000000269	epochs	3.0
1613.3909875395082	1.3524074999997993	epochs	2.0
1613.3909875395082	0.7286354999998821	epochs	3.0
1614.119623039508	0.6237719999999172	epochs	3.0
1614.743395039508	1.0297592000001714	epochs	2.0
1614.743395039508	0.5453293000000485	epochs	3.0
1615.288724339508	0.48442990000012287	epochs	3.0
1615.7731542395081	0.8317861999998968	epochs	2.0
1615.7731542395081	0.4357762999998158	epochs	3.0
1616.208930539508	0.39600990000008096	epochs	3.0
1616.604940439508	0.6977970000000369	epochs	2.0
1616.604940439508	0.3628982000000178	epochs	3.0
1616.967838639508	0.33489880000001904	epochs	3.0
1617.302737439508	0.601045699999986	epochs	2.0
1617.302737439508	0.3109122999999272	epochs	3.0
1617.613649739508	0.2901334000000588	epochs	3.0
1617.903783139508	0.5278859000000011	epochs	2.0
1617.903783139508	0.2719586000000618	epochs	3.0
1618.175741739508	0.25592729999993935	epochs	3.0
1618.431669039508	0.470619299999953	epochs	2.0
1618.431669039508	0.241681299999982	epochs	3.0
1618.673350339508	0.228937999999971	epochs	3.0
1618.902288339508	0.42457039999999324	epochs	2.0
1618.902288339508	0.21747140000002219	epochs	3.0
1619.119759739508	0.20709899999997106	epochs	3.0
1619.326858739508	0.3867354000001342	epochs	2.0
1619.326858739508	0.19767109999997956	epochs	3.0
1619.524529839508	0.18906430000015462	epochs	3.0
1619.7135941395081	0.35509529999990264	epochs	2.0
1619.7135941395081	0.18117589999997108	epochs	3.0
1619.894770039508	0.17391939999993156	epochs	3.0
1620.068689439508	0.3282431000000088	epochs	2.0
1620.068689439508	0.16722189999995862	epochs	3.0
1620.235911339508	0.16102120000005016	epochs	3.0
1620.396932539508	0.30516800000009425	epochs	2.0
1620.396932539508	0.15526389999990897	epochs	3.0
1620.552196439508	0.14990410000018528	epochs	3.0
1620.7021005395081	0.28512529999989056	epochs	2.0
1620.7021005395081	0.14490209999985382	epochs	3.0
1620.847002639508	0.14022320000003674	epochs	3.0
1620.987225839508	0.267553800000087	epochs	2.0
1620.987225839508	0.1358368999999584	epochs	3.0
1621.123062739508	0.1317169000001286	epochs	3.0
1621.2547796395081	0.252022899999929	epochs	2.0
1621.2547796395081	0.1278393000000051	epochs	3.0
1621.3826189395081	0.1241835999999239	epochs	3.0
1621.506802539508	0.23819649999995818	epochs	2.0
1621.506802539508	0.12073110000005727	epochs	3.0
1621.627533639508	0.11746539999990091	epochs	3.0
1621.744999039508	0.2258088000000953	epochs	2.0
1621.744999039508	0.11437190000015107	epochs	3.0
1621.8593709395082	0.11143689999994422	epochs	3.0
1621.970807839508	0.21464599999990241	epochs	2.0
1621.970807839508	0.10864889999993466	epochs	3.0
1622.079456739508	0.10599709999996776	epochs	3.0
1622.185453839508	0.20453500000007807	epochs	2.0
1622.185453839508	0.10347150000006877	epochs	3.0
1622.288925339508	0.1010635000000093	epochs	3.0
1622.389988839508	0.19533400000000256	epochs	2.0
1622.389988839508	0.09876510000003691	epochs	3.0
1622.4887539395081	0.09656889999996565	epochs	3.0
1622.585322839508	0.18692529999998442	epochs	2.0
1622.585322839508	0.09446830000001682	epochs	3.0
1622.679791139508	0.09245699999996759	epochs	3.0
1622.772248139508	0.17921069999988504	epochs	2.0
1622.772248139508	0.0905296000000817	epochs	3.0
1622.8627777395081	0.08868109999980334	epochs	3.0
1622.951458839508	0.17210770000019693	epochs	2.0
1622.951458839508	0.08690630000000965	epochs	3.0
1623.038365139508	0.08520140000018728	epochs	3.0
1623.1235665395081	0.1655463999998119	epochs	2.0
1623.1235665395081	0.08356189999994967	epochs	3.0
1623.207128439508	0.08198449999986224	epochs	3.0
1623.289112939508	0.15946710000002895	epochs	2.0
1623.289112939508	0.08046540000009372	epochs	3.0
1623.369578339508	0.07900169999993523	epochs	3.0
1623.448580039508	0.15381840000009106	epochs	2.0
1623.448580039508	0.07759010000017952	epochs	3.0
1623.5261701395082	0.07622829999991154	epochs	3.0
1623.602398439508	0.14855639999996129	epochs	2.0
1623.602398439508	0.07491329999993468	epochs	3.0
1623.677311739508	0.0736431000000266	epochs	3.0
1623.750954839508	0.14364240000008976	epochs	2.0
1623.750954839508	0.07241500000009182	epochs	3.0
1623.8233698395081	0.07122739999999794	epochs	3.0
1623.8945972395081	0.13904309999998077	epochs	2.0
1623.8945972395081	0.07007799999996678	epochs	3.0
1623.964675239508	0.06896510000001399	epochs	3.0
1624.033640339508	0.13472929999988992	epochs	2.0
1624.033640339508	0.0678871000000072	epochs	3.0
1624.1015274395081	0.06684219999988272	epochs	3.0
1624.168369639508	0.1306752000000415	epochs	2.0
1624.168369639508	0.06582909999997355	epochs	3.0
1624.234198739508	0.06484610000006796	epochs	3.0
1624.299044839508	0.1268577999999252	epochs	2.0
1624.299044839508	0.06389200000012352	epochs	3.0
1624.3629368395082	0.06296579999980167	epochs	3.0
1624.425902639508	0.12325720000012552	epochs	2.0
1624.425902639508	0.06206580000002759	epochs	3.0
1624.487968439508	0.06119140000009793	epochs	3.0
1624.549159839508	0.11985540000000583	epochs	2.0
1624.549159839508	0.060341099999959624	epochs	3.0
1624.609500939508	0.059514300000046205	epochs	3.0
1624.669015239508	0.1166361999999026	epochs	2.0
1624.669015239508	0.058709599999929196	epochs	3.0
1624.727724839508	0.057926599999973405	epochs	3.0
1624.785651439508	0.11358560000007856	epochs	2.0
1624.785651439508	0.05716419999998834	epochs	3.0
1624.842815639508	0.056421400000090216	epochs	3.0
1624.899237039508	0.11069049999991876	epochs	2.0
1624.899237039508	0.055697900000041045	epochs	3.0
1624.9549349395081	0.05499259999987771	epochs	3.0
1625.009927539508	0.1079391000000669	epochs	2.0
1625.009927539508	0.05430490000003374	epochs	3.0
1625.064232439508	0.05363420000003316	epochs	3.0
1625.117866639508	0.10532149999994544	epochs	2.0
1625.117866639508	0.05297999999993408	epochs	3.0
1625.170846639508	0.052341500000011365	epochs	3.0
1625.223188139508	0.10282759999995505	epochs	2.0
1625.223188139508	0.05171810000001642	epochs	3.0
1625.274906239508	0.051109499999938635	epochs	3.0
1625.326015739508	0.10044910000010532	epochs	2.0
1625.326015739508	0.050514900000052876	epochs	3.0
1625.376530639508	0.04993420000005244	epochs	3.0
1625.426464839508	0.0981782999999723	epochs	2.0
1625.426464839508	0.04936659999998483	epochs	3.0
1625.475831439508	0.04881169999998747	epochs	3.0
1625.524643139508	0.09600780000005216	epochs	2.0
1625.524643139508	0.04826920000004975	epochs	3.0
1625.572912339508	0.04773860000000241	epochs	3.0
1625.620650939508	0.09393120000004274	epochs	2.0
1625.620650939508	0.04721949999998287	epochs	3.0
1625.667870439508	0.046711700000059864	epochs	3.0
1625.7145821395081	0.09194259999981114	epochs	2.0
1625.7145821395081	0.046214599999984785	epochs	3.0
1625.7607967395081	0.04572799999982635	epochs	3.0
1625.806524739508	0.09003630000006524	epochs	2.0
1625.806524739508	0.04525150000017675	epochs	3.0
1625.8517762395081	0.04478479999988849	epochs	3.0
1625.896561039508	0.08820760000003247	epochs	2.0
1625.896561039508	0.044327800000019124	epochs	3.0
1625.940888839508	0.04387980000001335	epochs	3.0
1625.984768639508	0.0864516999999978	epochs	2.0
1625.984768639508	0.04344100000002982	epochs	3.0
1626.028209639508	0.04301069999996798	epochs	3.0
1626.071220339508	0.08476429999996071	epochs	2.0
1626.071220339508	0.04258899999990717	epochs	3.0
1626.113809339508	0.04217530000005354	epochs	3.0
1626.155984639508	0.08314150000001064	epochs	2.0
1626.155984639508	0.04176970000003166	epochs	3.0
1626.197754339508	0.041371799999978975	epochs	3.0
1626.239126139508	0.08157970000002024	epochs	2.0
1626.239126139508	0.040981399999964196	epochs	3.0
1626.280107539508	0.04059830000005604	epochs	3.0
1626.320705839508	0.08007550000002084	epochs	2.0
1626.320705839508	0.040222300000095856	epochs	3.0
1626.3609281395081	0.03985319999992498	epochs	3.0
1626.400781339508	0.07862569999997504	epochs	2.0
1626.400781339508	0.039490800000066884	epochs	3.0
1626.4402721395081	0.03913489999990816	epochs	3.0
1626.479407039508	0.07722760000001472	epochs	2.0
1626.479407039508	0.038785400000051595	epochs	3.0
1626.518192439508	0.03844219999996312	epochs	3.0
1626.556634639508	0.07587820000003376	epochs	2.0
1626.556634639508	0.03810479999992822	epochs	3.0
1626.594739439508	0.03777340000010554	epochs	3.0
1626.632512839508	0.0745752000000266	epochs	2.0
1626.632512839508	0.03744770000002973	epochs	3.0
1626.669960539508	0.03712749999999687	epochs	3.0
1626.707088039508	0.07331629999998768	epochs	2.0
1626.707088039508	0.03681289999985893	epochs	3.0
1626.743900939508	0.03650340000012875	epochs	3.0
1626.780404339508	0.07209899999998015	epochs	2.0
1626.780404339508	0.03619909999997617	epochs	3.0
1626.816603439508	0.03589990000000398	epochs	3.0
1626.852503339508	0.07092169999987163	epochs	2.0
1626.852503339508	0.03560560000005353	epochs	3.0
1626.8881089395081	0.03531609999981811	epochs	3.0
1626.923425039508	0.06978200000003199	epochs	2.0
1626.923425039508	0.03503120000004856	epochs	3.0
1626.958456239508	0.03475079999998343	epochs	3.0
1626.993207039508	0.06867860000011206	epochs	2.0
1626.993207039508	0.03447510000000875	epochs	3.0
1627.027682139508	0.034203500000103304	epochs	3.0
1627.061885639508	0.06760929999995824	epochs	2.0
1627.061885639508	0.033936199999970995	epochs	3.0
1627.095821839508	0.033673099999987244	epochs	3.0
1627.129494939508	0.06657289999998284	epochs	2.0
1627.129494939508	0.03341399999999339	epochs	3.0
1627.162908939508	0.033158899999989444	epochs	3.0
1627.196067839508	0.06556780000005347	epochs	2.0
1627.196067839508	0.03290770000012344	epochs	3.0
1627.2289755395082	0.032660099999930026	epochs	3.0
1627.261635639508	0.06459259999996902	epochs	2.0
1627.261635639508	0.03241639999987456	epochs	3.0
1627.294052039508	0.03217620000009447	epochs	3.0
1627.326228239508	0.06364600000006249	epochs	2.0
1627.326228239508	0.03193959999998697	epochs	3.0
1627.358167839508	0.03170640000007552	epochs	3.0
1627.3898742395081	0.0627266999999847	epochs	2.0
1627.3898742395081	0.031476599999905375	epochs	3.0
1627.421350839508	0.03125010000007933	epochs	3.0
1627.452600939508	0.06183359999999993	epochs	2.0
1627.452600939508	0.03102689999991526	epochs	3.0
1627.483627839508	0.030806700000084675	epochs	3.0
1627.514434539508	0.060965599999917686	epochs	2.0
1627.514434539508	0.030589799999916067	epochs	3.0
1627.545024339508	0.030375800000001618	epochs	3.0
1627.575400139508	0.06012160000000222	epochs	2.0
1627.575400139508	0.030164900000045236	epochs	3.0
1627.605565039508	0.02995669999995698	epochs	3.0
1627.635521739508	0.05930069999999432	epochs	2.0
1627.635521739508	0.029751600000054168	epochs	3.0
1627.665273339508	0.029549099999940154	epochs	3.0
1627.694822439508	0.05850179999993088	epochs	2.0
1627.694822439508	0.02934940000000097	epochs	3.0
1627.724171839508	0.029152399999929912	epochs	3.0
1627.753324239508	0.05772420000016609	epochs	2.0
1627.753324239508	0.028958000000102402	epochs	3.0
1627.782282239508	0.02876620000006369	epochs	3.0
1627.811048439508	0.056967099999837956	epochs	2.0
1627.811048439508	0.028577000000041153	epochs	3.0
1627.8396254395082	0.028390099999796803	epochs	3.0
1627.868015539508	0.05622950000019955	epochs	2.0
1627.868015539508	0.02820570000017142	epochs	3.0
1627.8962212395081	0.028023800000028132	epochs	3.0
1627.9242450395082	0.05551070000001346	epochs	2.0
1627.9242450395082	0.027843999999959124	epochs	3.0
1627.952089039508	0.027666700000054334	epochs	3.0
1627.9797557395082	0.05481019999979253	epochs	2.0
1627.9797557395082	0.02749149999999645	epochs	3.0
1628.0072472395082	0.02731869999979608	epochs	3.0
1628.034565939508	0.05412700000010773	epochs	2.0
1628.034565939508	0.027147800000193456	epochs	3.0
1628.0617137395081	0.026979199999914272	epochs	3.0
1628.088692939508	0.053460699999959616	epochs	2.0
1628.088692939508	0.026812600000084785	epochs	3.0
1628.1155055395081	0.02664809999987483	epochs	3.0
1628.142153639508	0.05281070000000909	epochs	2.0
1628.142153639508	0.026485600000114573	epochs	3.0
1628.1686392395081	0.02632509999989452	epochs	3.0
1628.194964339508	0.05217620000007628	epochs	2.0
1628.194964339508	0.026166399999965506	epochs	3.0
1628.221130739508	0.026009800000110772	epochs	3.0
1628.247140539508	0.051556699999991906	epochs	2.0
1628.247140539508	0.025854799999933675	epochs	3.0
1628.272995339508	0.02570190000005823	epochs	3.0
1628.298697239508	0.05095189999997274	epochs	2.0
1628.298697239508	0.025550699999939752	epochs	3.0
1628.324247939508	0.025401200000032986	epochs	3.0
1628.349649139508	0.05036100000006627	epochs	2.0
1628.349649139508	0.025253499999962514	epochs	3.0
1628.374902639508	0.025107500000103755	epochs	3.0
1628.4000101395081	0.04978379999988647	epochs	2.0
1628.4000101395081	0.02496320000000196	epochs	3.0
1628.4249733395081	0.024820599999884507	epochs	3.0
1628.449793939508	0.04921949999993558	epochs	2.0
1628.449793939508	0.024679399999968155	epochs	3.0
1628.474473339508	0.024540099999967424	epochs	3.0
1628.499013439508	0.04866790000005494	epochs	2.0
1628.499013439508	0.024402100000088467	epochs	3.0
1628.523415539508	0.024265799999966475	epochs	3.0
1628.547681339508	0.048128599999927246	epochs	2.0
1628.547681339508	0.024131000000124914	epochs	3.0
1628.5718123395081	0.023997599999802333	epochs	3.0
1628.595809939508	0.047601100000065344	epochs	2.0
1628.595809939508	0.023865800000066884	epochs	3.0
1628.619675739508	0.02373529999999846	epochs	3.0
1628.643411039508	0.04708500000015192	epochs	2.0
1628.643411039508	0.023606299999983094	epochs	3.0
1628.667017339508	0.02347870000016883	epochs	3.0
1628.6904960395082	0.046579999999948996	epochs	2.0
1628.6904960395082	0.023352499999873544	epochs	3.0
1628.713848539508	0.02322750000007545	epochs	3.0
1628.737076039508	0.046085700000048746	epochs	2.0
1628.737076039508	0.02310399999987567	epochs	3.0
1628.760180039508	0.022981700000173078	epochs	3.0
1628.7831617395082	0.045601799999985815	epochs	2.0
1628.7831617395082	0.02286069999991014	epochs	3.0
1628.806022439508	0.022741100000075676	epochs	3.0
1628.8287635395081	0.045127899999897636	epochs	2.0
1628.8287635395081	0.022622499999897627	epochs	3.0
1628.851386039508	0.02250540000000001	epochs	3.0
1628.873891439508	0.0446638000000803	epochs	2.0
1628.873891439508	0.02238929999998618	epochs	3.0
1628.896280739508	0.022274500000094122	epochs	3.0
1628.9185552395081	0.044209199999841076	epochs	2.0
1628.9185552395081	0.022160799999937808	epochs	3.0
1628.940716039508	0.022048399999903268	epochs	3.0
1628.962764439508	0.04376360000014756	epochs	2.0
1628.962764439508	0.021936900000127935	epochs	3.0
1628.984701339508	0.021826700000019628	epochs	3.0
1629.006528039508	0.04332709999994222	epochs	2.0
1629.006528039508	0.021717599999874437	epochs	3.0
1629.028245639508	0.021609500000067783	epochs	3.0
1629.049855139508	0.04289900000003399	epochs	2.0
1629.049855139508	0.02150249999999687	epochs	3.0
1629.071357639508	0.021396500000037122	epochs	3.0
1629.092754139508	0.04247949999989942	epochs	2.0
1629.092754139508	0.021291699999892444	epochs	3.0
1629.114045839508	0.021187800000006973	epochs	3.0
1629.135233639508	0.04206790000012006	epochs	2.0
1629.135233639508	0.02108490000000529	epochs	3.0
1629.156318539508	0.02098300000011477	epochs	3.0
1629.177301539508	0.04166439999994509	epochs	2.0
1629.177301539508	0.020882199999959994	epochs	3.0
1629.198183739508	0.020782199999985096	epochs	3.0
1629.218965939508	0.04126850000011473	epochs	2.0
1629.218965939508	0.020683299999973315	epochs	3.0
1629.239649239508	0.020585200000141413	epochs	3.0
1629.2602344395082	0.0408799999997882	epochs	2.0
1629.2602344395082	0.020488099999965925	epochs	3.0
1629.2807225395081	0.02039189999982227	epochs	3.0
1629.301114439508	0.04049880000002304	epochs	2.0
1629.301114439508	0.0202966000001652	epochs	3.0
1629.3214110395081	0.02020219999985784	epochs	3.0
1629.341613239508	0.04012460000012652	epochs	2.0
1629.341613239508	0.02010870000003706	epochs	3.0
1629.361721939508	0.02001590000008946	epochs	3.0
1629.381737839508	0.03975730000001931	epochs	2.0
1629.381737839508	0.0199241999998776	epochs	3.0
1629.401662039508	0.019833100000141712	epochs	3.0
1629.4214951395081	0.03939669999999751	epochs	2.0
1629.4214951395081	0.019742999999834865	epochs	3.0
1629.441238139508	0.019653700000162644	epochs	3.0
1629.4608918395081	0.03904239999997117	epochs	2.0
1629.4608918395081	0.019565099999908853	epochs	3.0
1629.480456939508	0.019477300000062314	epochs	3.0
1629.499934239508	0.03869459999987157	epochs	2.0
1629.499934239508	0.019390400000020236	epochs	3.0
1629.519324639508	0.019304199999851335	epochs	3.0
1629.538628839508	0.03835290000006353	epochs	2.0
1629.538628839508	0.019218800000089686	epochs	3.0
1629.557847639508	0.01913409999997384	epochs	3.0
1629.576981739508	0.03801720000001296	epochs	2.0
1629.576981739508	0.019050200000037876	epochs	3.0
1629.596031939508	0.018966999999975087	epochs	3.0
1629.614998939508	0.03768719999993664	epochs	2.0
1629.614998939508	0.01888450000001285	epochs	3.0
1629.633883439508	0.01880269999992379	epochs	3.0
1629.652686139508	0.03736309999999321	epochs	2.0
1629.652686139508	0.018721700000014607	epochs	3.0
1629.671407839508	0.018641399999978603	epochs	3.0
1629.690049239508	0.037044300000161456	epochs	2.0
1629.690049239508	0.018561600000111866	epochs	3.0
1629.708610839508	0.01848270000004959	epochs	3.0
1629.7270935395081	0.03673099999991791	epochs	2.0
1629.7270935395081	0.018404299999929208	epochs	3.0
1629.745497839508	0.018326699999988705	epochs	3.0
1629.763824539508	0.03642289999993409	epochs	2.0
1629.763824539508	0.018249599999990096	epochs	3.0
1629.782074139508	0.018173299999943993	epochs	3.0
1629.800247439508	0.03612010000006194	epochs	2.0
1629.800247439508	0.018097600000146485	epochs	3.0
1629.8183450395081	0.018022499999915453	epochs	3.0
1629.836367539508	0.03582209999990482	epochs	2.0
1629.836367539508	0.017947900000081063	epochs	3.0
1629.8543154395081	0.01787419999982376	epochs	3.0
1629.872189639508	0.03552899999999681	epochs	2.0
1629.872189639508	0.017800800000031813	epochs	3.0
1629.889990439508	0.017728199999965	epochs	3.0
1629.907718639508	0.03524070000003121	epochs	2.0
1629.907718639508	0.017656100000067454	epochs	3.0
1629.925374739508	0.017584599999963757	epochs	3.0
1629.942959339508	0.03495710000015606	epochs	2.0
1629.942959339508	0.017513700000108656	epochs	3.0
1629.960473039508	0.017443400000047404	epochs	3.0
1629.9779164395081	0.034677899999906	epochs	2.0
1629.9779164395081	0.017373599999928047	epochs	3.0
1629.995290039508	0.017304299999977957	epochs	3.0
1630.012594339508	0.03440330000012182	epochs	2.0
1630.012594339508	0.017235699999901044	epochs	3.0
1630.029830039508	0.017167600000220773	epochs	3.0
1630.0469976395082	0.03413279999995211	epochs	2.0
1630.0469976395082	0.01709989999994832	epochs	3.0
1630.064097539508	0.017032900000003792	epochs	3.0
1630.0811304395081	0.03386669999986225	epochs	2.0
1630.0811304395081	0.01696640000000116	epochs	3.0
1630.0980968395081	0.01690029999986109	epochs	3.0
1630.114997139508	0.03360459999998966	epochs	2.0
1630.114997139508	0.01683479999996962	epochs	3.0
1630.131831939508	0.01676980000002004	epochs	3.0
1630.148601739508	0.0333466000001863	epochs	2.0
1630.148601739508	0.016705300000012357	epochs	3.0
1630.165307039508	0.016641300000173942	epochs	3.0
1630.1819483395082	0.033092499999838765	epochs	2.0
1630.1819483395082	0.016577799999822673	epochs	3.0
1630.198526139508	0.01651470000001609	epochs	3.0
1630.215040839508	0.032842300000083924	epochs	2.0
1630.215040839508	0.01645220000000336	epochs	3.0
1630.231493039508	0.016390100000080565	epochs	3.0
1630.247883139508	0.03259570000000167	epochs	2.0
1630.247883139508	0.016328400000020338	epochs	3.0
1630.264211539508	0.016267299999981333	epochs	3.0
1630.280478839508	0.032352899999978035	epochs	2.0
1630.280478839508	0.016206600000032267	epochs	3.0
1630.296685439508	0.016146299999945768	epochs	3.0
1630.312831739508	0.032113700000081735	epochs	2.0
1630.312831739508	0.016086600000107865	epochs	3.0
1630.3289183395082	0.01602709999997387	epochs	3.0
1630.3449454395081	0.03187800000000607	epochs	2.0
1630.3449454395081	0.0159681999998611	epochs	3.0
1630.360913639508	0.01590980000014497	epochs	3.0
1630.3768234395081	0.03164569999989908	epochs	2.0
1630.3768234395081	0.015851599999905375	epochs	3.0
1630.392675039508	0.015794099999993705	epochs	3.0
1630.408469139508	0.031416699999908815	epochs	2.0
1630.408469139508	0.01573669999993399	epochs	3.0
1630.424205839508	0.015679999999974825	epochs	3.0
1630.439885839508	0.031191100000114602	epochs	2.0
1630.439885839508	0.015623600000026272	epochs	3.0
1630.455509439508	0.01556750000008833	epochs	3.0
1630.471076939508	0.030968699999903038	epochs	2.0
1630.471076939508	0.015511999999944237	epochs	3.0
1630.486588939508	0.0154566999999588	epochs	3.0
1630.502045639508	0.030749500000183616	epochs	2.0
1630.502045639508	0.015401999999994587	epochs	3.0
1630.517447639508	0.01534750000018903	epochs	3.0
1630.5327951395082	0.030533199999808858	epochs	2.0
1630.5327951395082	0.015293400000018664	epochs	3.0
1630.5480885395082	0.015239799999790193	epochs	3.0
1630.563328339508	0.030320100000153616	epochs	2.0
1630.563328339508	0.015186500000027081	epochs	3.0
1630.578514839508	0.015133600000126535	epochs	3.0
1630.5936484395081	0.030109899999843037	epochs	2.0
1630.5936484395081	0.015081000000009226	epochs	3.0
1630.6087294395081	0.015028899999833811	epochs	3.0
1630.623758339508	0.029902500000162036	epochs	2.0
1630.623758339508	0.014977000000044427	epochs	3.0
1630.638735339508	0.014925500000117609	epochs	3.0
1630.6536608395081	0.029698099999905025	epochs	2.0
1630.6536608395081	0.014874399999825982	epochs	3.0
1630.668535239508	0.014823700000079043	epochs	3.0
1630.683358939508	0.029496300000118936	epochs	2.0
1630.683358939508	0.014773200000036013	epochs	3.0
1630.698132139508	0.014723100000082923	epochs	3.0
1630.7128552395081	0.029297399999904883	epochs	2.0
1630.7128552395081	0.014673399999992398	epochs	3.0
1630.7275286395081	0.014623999999912485	epochs	3.0
1630.742152639508	0.029101099999934377	epochs	2.0
1630.742152639508	0.014574900000070556	epochs	3.0
1630.7567275395081	0.01452619999986382	epochs	3.0
1630.771253739508	0.028907399999980044	epochs	2.0
1630.771253739508	0.014477700000043114	epochs	3.0
1630.785731439508	0.014429699999936929	epochs	3.0
1630.800161139508	0.02871620000018993	epochs	2.0
1630.800161139508	0.014381800000137446	epochs	3.0
1630.814542939508	0.014334400000052483	epochs	3.0
1630.8288773395082	0.02852759999996124	epochs	2.0
1630.8288773395082	0.014287199999898803	epochs	3.0
1630.843164539508	0.014240400000062436	epochs	3.0
1630.8574049395081	0.028341400000044814	epochs	2.0
1630.8574049395081	0.014193799999929979	epochs	3.0
1630.871598739508	0.014147600000114835	epochs	3.0
1630.8857463395082	0.02815769999983786	epochs	2.0
1630.8857463395082	0.014101699999855555	epochs	3.0
1630.899848039508	0.014055999999982305	epochs	3.0
1630.913904039508	0.027976300000091214	epochs	2.0
1630.913904039508	0.014010600000119666	epochs	3.0
1630.9279146395081	0.013965699999971548	epochs	3.0
1630.941880339508	0.027797199999895383	epochs	2.0
1630.941880339508	0.013920800000050804	epochs	3.0
1630.9558011395081	0.01387639999984458	epochs	3.0
1630.969677539508	0.02762040000015986	epochs	2.0
1630.969677539508	0.013832200000024386	epochs	3.0
1630.983509739508	0.013788200000135475	epochs	3.0
1630.9972979395081	0.027445899999975154	epochs	2.0
1630.9972979395081	0.013744599999881757	epochs	3.0
1631.011042539508	0.013701300000093397	epochs	3.0
1631.0247438395081	0.027273499999864725	epochs	2.0
1631.0247438395081	0.013658200000008947	epochs	3.0
1631.0384020395081	0.013615299999855779	epochs	3.0
1631.052017339508	0.027103399999987232	epochs	2.0
1631.052017339508	0.013572800000019924	epochs	3.0
1631.065590139508	0.013530599999967308	epochs	3.0
1631.079120739508	0.02693520000002536	epochs	2.0
1631.079120739508	0.013488400000142065	epochs	3.0
1631.092609139508	0.013446799999883297	epochs	3.0
1631.106055939508	0.026769199999989723	epochs	2.0
1631.106055939508	0.013405200000079276	epochs	3.0
1631.119461139508	0.013363999999910448	epochs	3.0
1631.132825139508	0.02660520000017641	epochs	2.0
1631.132825139508	0.013322900000048321	epochs	3.0
1631.146148039508	0.013282300000128089	epochs	3.0
1631.1594303395082	0.0264431999999033	epochs	2.0
1631.1594303395082	0.013241699999980483	epochs	3.0
1631.1726720395081	0.013201499999922817	epochs	3.0
1631.185873539508	0.026283200000079887	epochs	2.0
1631.185873539508	0.013161500000023807	epochs	3.0
1631.199035039508	0.01312170000005608	epochs	3.0
1631.2121567395081	0.026124999999865395	epochs	2.0
1631.2121567395081	0.013082100000019636	epochs	3.0
1631.2252388395082	0.013042899999845758	epochs	3.0
1631.238281739508	0.025968899999952555	epochs	2.0
1631.238281739508	0.01300390000005791	epochs	3.0
1631.251285639508	0.012964999999894644	epochs	3.0
1631.264250639508	0.025814500000024054	epochs	2.0
1631.264250639508	0.012926400000196736	epochs	3.0
1631.2771770395082	0.012888099999827318	epochs	3.0
1631.290065139508	0.02566190000015922	epochs	2.0
1631.290065139508	0.012849899999991976	epochs	3.0
1631.302915039508	0.012812000000167245	epochs	3.0
1631.3157270395081	0.025511199999982637	epochs	2.0
1631.3157270395081	0.012774399999898378	epochs	3.0
1631.328501439508	0.012736800000084258	epochs	3.0
1631.3412382395081	0.02536229999986972	epochs	2.0
1631.3412382395081	0.01269969999998466	epochs	3.0
1631.3539379395081	0.01266259999988506	epochs	3.0
1631.366600539508	0.02521500000011656	epochs	2.0
1631.366600539508	0.012625800000023446	epochs	3.0
1631.379226339508	0.012589200000093115	epochs	3.0
1631.3918155395081	0.024584799999956886	epochs	2.0
1631.415664139508	0.5	epochs	-1.0
1631.416400339508	0.9999199999999746	epochs	1.0
1631.915664139508	0.5	epochs	-1.0
1633.4279999732971	0.07240000000001601	epochs	0.0
1633.4279999732971	0.031204399999978705	epochs	1.0
1633.459204373297	0.009991200000058598	epochs	1.0
1633.4691955732972	0.031204399999978705	epochs	1.0
1633.5003999732971	2.0	epochs	0.0
1635.5003999732971	5.367040000000088	epochs	0.0
1635.5003999732971	1.0	epochs	1.0
1635.500463773297	0.5	epochs	-1.0
1636.000463773297	4.866976200000181	epochs	-1.0
1636.5003999732971	4.367040000000088	epochs	1.0
1636.5003999732971	4.356753900000058	epochs	-1.0
1636.5003999732971	1.9745872000000873	epochs	2.0
1636.5003999732971	1.0985622000000603	epochs	3.0
1637.5989621732972	0.8760250000000269	epochs	3.0
1638.4749871732972	1.3524074999997993	epochs	2.0
1638.4749871732972	0.7286354999998821	epochs	3.0
1639.203622673297	0.6237719999999172	epochs	3.0
1639.827394673297	1.0297592000001714	epochs	2.0
1639.827394673297	0.5453293000000485	epochs	3.0
1640.372723973297	0.48442990000012287	epochs	3.0
1640.8571538732972	0.010286100000030274	epochs	2.0
1640.8571538732972	0.010286100000030274	epochs	3.0
1640.8674399732972	16.632879999999886	epochs	0.0
1641.7480001449585	0.07240000000001601	epochs	0.0
1641.7480001449585	0.031204399999978705	epochs	1.0
1641.7792045449585	0.009991200000058598	epochs	1.0
1641.7891957449585	0.031204399999978705	epochs	1.0
1641.8204001449585	2.0	epochs	0.0
1643.8204001449585	0.5477599999999256	epochs	0.0
1643.8204001449585	0.5477599999999256	epochs	1.0
1643.8204639449584	0.5	epochs	-1.0
1644.3204639449584	0.04769620000001851	epochs	-1.0
1644.3681601449584	21.45216000000005	epochs	0.0
1645.6579999923706	0.07240000000001601	epochs	0.0
1645.6579999923706	0.031204399999978705	epochs	1.0
1645.6892043923706	0.009991200000058598	epochs	1.0
1645.6991955923706	0.031204399999978705	epochs	1.0
1645.7303999923706	2.0	epochs	0.0
1647.7303999923706	0.5477599999999256	epochs	0.0
1647.7303999923706	0.5477599999999256	epochs	1.0
1647.7304637923705	0.5	epochs	-1.0
1648.2304637923705	0.04769620000001851	epochs	-1.0
1648.2781599923705	21.45216000000005	epochs	0.0
1649.4749999046326	0.07240000000001601	epochs	0.0
1649.4749999046326	0.031204399999978705	epochs	1.0
1649.5062043046325	0.009991200000058598	epochs	1.0
1649.5161955046326	0.031204399999978705	epochs	1.0
1649.5473999046326	2.0	epochs	0.0
1651.5473999046326	21.526879999999892	epochs	0.0
1651.5473999046326	1.0	epochs	1.0
1651.5474637046325	0.5	epochs	-1.0
1652.0474637046325	19.998800000000074	epochs	-1.0
1652.5473999046326	20.0	epochs	1.0
1652.5473999046326	4.356753900000058	epochs	-1.0
1652.5473999046326	1.9745872000000873	epochs	2.0
1652.5473999046326	1.0985622000000603	epochs	3.0
1653.6459621046326	0.8760250000000269	epochs	3.0
1654.5219871046327	1.3524074999997993	epochs	2.0
1654.5219871046327	0.7286354999998821	epochs	3.0
1655.2506226046326	0.6237719999999172	epochs	3.0
1655.8743946046325	1.0297592000001714	epochs	2.0
1655.8743946046325	0.5453293000000485	epochs	3.0
1656.4197239046325	0.48442990000012287	epochs	3.0
1656.9041538046326	0.8317861999998968	epochs	2.0
1656.9041538046326	0.4357762999998158	epochs	3.0
1657.3399301046325	0.39600990000008096	epochs	3.0
1657.7359400046325	0.6977970000000369	epochs	2.0
1657.7359400046325	0.3628982000000178	epochs	3.0
1658.0988382046326	0.33489880000001904	epochs	3.0
1658.4337370046326	0.601045699999986	epochs	2.0
1658.4337370046326	0.3109122999999272	epochs	3.0
1658.7446493046325	0.2901334000000588	epochs	3.0
1659.0347827046326	0.5278859000000011	epochs	2.0
1659.0347827046326	0.2719586000000618	epochs	3.0
1659.3067413046326	0.25592729999993935	epochs	3.0
1659.5626686046326	0.470619299999953	epochs	2.0
1659.5626686046326	0.241681299999982	epochs	3.0
1659.8043499046325	0.228937999999971	epochs	3.0
1660.0332879046325	0.42457039999999324	epochs	2.0
1660.0332879046325	0.21747140000002219	epochs	3.0
1660.2507593046325	0.20709899999997106	epochs	3.0
1660.4578583046325	0.3867354000001342	epochs	2.0
1660.4578583046325	0.19767109999997956	epochs	3.0
1660.6555294046325	0.18906430000015462	epochs	3.0
1660.8445937046326	0.35509529999990264	epochs	2.0
1660.8445937046326	0.18117589999997108	epochs	3.0
1661.0257696046326	0.17391939999993156	epochs	3.0
1661.1996890046325	0.3282431000000088	epochs	2.0
1661.1996890046325	0.16722189999995862	epochs	3.0
1661.3669109046325	0.16102120000005016	epochs	3.0
1661.5279321046326	0.30516800000009425	epochs	2.0
1661.5279321046326	0.15526389999990897	epochs	3.0
1661.6831960046325	0.14990410000018528	epochs	3.0
1661.8331001046326	0.28512529999989056	epochs	2.0
1661.8331001046326	0.14490209999985382	epochs	3.0
1661.9780022046325	0.14022320000003674	epochs	3.0
1662.1182254046325	0.267553800000087	epochs	2.0
1662.1182254046325	0.1358368999999584	epochs	3.0
1662.2540623046325	0.1317169000001286	epochs	3.0
1662.3857792046326	0.252022899999929	epochs	2.0
1662.3857792046326	0.1278393000000051	epochs	3.0
1662.5136185046326	0.1241835999999239	epochs	3.0
1662.6378021046326	0.23819649999995818	epochs	2.0
1662.6378021046326	0.12073110000005727	epochs	3.0
1662.7585332046326	0.11746539999990091	epochs	3.0
1662.8759986046325	0.2258088000000953	epochs	2.0
1662.8759986046325	0.11437190000015107	epochs	3.0
1662.9903705046327	0.11143689999994422	epochs	3.0
1663.1018074046326	0.21464599999990241	epochs	2.0
1663.1018074046326	0.10864889999993466	epochs	3.0
1663.2104563046325	0.10599709999996776	epochs	3.0
1663.3164534046325	0.20453500000007807	epochs	2.0
1663.3164534046325	0.10347150000006877	epochs	3.0
1663.4199249046326	0.1010635000000093	epochs	3.0
1663.5209884046326	0.19533400000000256	epochs	2.0
1663.5209884046326	0.09876510000003691	epochs	3.0
1663.6197535046326	0.09656889999996565	epochs	3.0
1663.7163224046326	0.18692529999998442	epochs	2.0
1663.7163224046326	0.09446830000001682	epochs	3.0
1663.8107907046326	0.09245699999996759	epochs	3.0
1663.9032477046326	0.17921069999988504	epochs	2.0
1663.9032477046326	0.0905296000000817	epochs	3.0
1663.9937773046327	0.08868109999980334	epochs	3.0
1664.0824584046325	0.17210770000019693	epochs	2.0
1664.0824584046325	0.08690630000000965	epochs	3.0
1664.1693647046325	0.08520140000018728	epochs	3.0
1664.2545661046327	0.1655463999998119	epochs	2.0
1664.2545661046327	0.08356189999994967	epochs	3.0
1664.3381280046326	0.08198449999986224	epochs	3.0
1664.4201125046325	0.15946710000002895	epochs	2.0
1664.4201125046325	0.08046540000009372	epochs	3.0
1664.5005779046326	0.07900169999993523	epochs	3.0
1664.5795796046325	0.15381840000009106	epochs	2.0
1664.5795796046325	0.07759010000017952	epochs	3.0
1664.6571697046327	0.07622829999991154	epochs	3.0
1664.7333980046326	0.14855639999996129	epochs	2.0
1664.7333980046326	0.07491329999993468	epochs	3.0
1664.8083113046325	0.0736431000000266	epochs	3.0
1664.8819544046326	0.14364240000008976	epochs	2.0
1664.8819544046326	0.07241500000009182	epochs	3.0
1664.9543694046326	0.07122739999999794	epochs	3.0
1665.0255968046326	0.13904309999998077	epochs	2.0
1665.0255968046326	0.07007799999996678	epochs	3.0
1665.0956748046326	0.06896510000001399	epochs	3.0
1665.1646399046326	0.13472929999988992	epochs	2.0
1665.1646399046326	0.0678871000000072	epochs	3.0
1665.2325270046326	0.06684219999988272	epochs	3.0
1665.2993692046325	0.1306752000000415	epochs	2.0
1665.2993692046325	0.06582909999997355	epochs	3.0
1665.3651983046325	0.06484610000006796	epochs	3.0
1665.4300444046326	0.1268577999999252	epochs	2.0
1665.4300444046326	0.06389200000012352	epochs	3.0
1665.4939364046327	0.06296579999980167	epochs	3.0
1665.5569022046325	0.12325720000012552	epochs	2.0
1665.5569022046325	0.06206580000002759	epochs	3.0
1665.6189680046325	0.06119140000009793	epochs	3.0
1665.6801594046326	0.11985540000000583	epochs	2.0
1665.6801594046326	0.060341099999959624	epochs	3.0
1665.7405005046326	0.059514300000046205	epochs	3.0
1665.8000148046326	0.1166361999999026	epochs	2.0
1665.8000148046326	0.058709599999929196	epochs	3.0
1665.8587244046325	0.057926599999973405	epochs	3.0
1665.9166510046325	0.11358560000007856	epochs	2.0
1665.9166510046325	0.05716419999998834	epochs	3.0
1665.9738152046325	0.056421400000090216	epochs	3.0
1666.0302366046326	0.11069049999991876	epochs	2.0
1666.0302366046326	0.055697900000041045	epochs	3.0
1666.0859345046326	0.05499259999987771	epochs	3.0
1666.1409271046325	0.1079391000000669	epochs	2.0
1666.1409271046325	0.05430490000003374	epochs	3.0
1666.1952320046325	0.05363420000003316	epochs	3.0
1666.2488662046326	0.10532149999994544	epochs	2.0
1666.2488662046326	0.05297999999993408	epochs	3.0
1666.3018462046325	0.052341500000011365	epochs	3.0
1666.3541877046325	0.10282759999995505	epochs	2.0
1666.3541877046325	0.05171810000001642	epochs	3.0
1666.4059058046325	0.051109499999938635	epochs	3.0
1666.4570153046325	0.10044910000010532	epochs	2.0
1666.4570153046325	0.050514900000052876	epochs	3.0
1666.5075302046325	0.04993420000005244	epochs	3.0
1666.5574644046326	0.0981782999999723	epochs	2.0
1666.5574644046326	0.04936659999998483	epochs	3.0
1666.6068310046326	0.04881169999998747	epochs	3.0
1666.6556427046326	0.09600780000005216	epochs	2.0
1666.6556427046326	0.04826920000004975	epochs	3.0
1666.7039119046326	0.04773860000000241	epochs	3.0
1666.7516505046326	0.09393120000004274	epochs	2.0
1666.7516505046326	0.04721949999998287	epochs	3.0
1666.7988700046326	0.046711700000059864	epochs	3.0
1666.8455817046327	0.09194259999981114	epochs	2.0
1666.8455817046327	0.046214599999984785	epochs	3.0
1666.8917963046326	0.04572799999982635	epochs	3.0
1666.9375243046325	0.09003630000006524	epochs	2.0
1666.9375243046325	0.04525150000017675	epochs	3.0
1666.9827758046326	0.04478479999988849	epochs	3.0
1667.0275606046325	0.08820760000003247	epochs	2.0
1667.0275606046325	0.044327800000019124	epochs	3.0
1667.0718884046325	0.04387980000001335	epochs	3.0
1667.1157682046326	0.0864516999999978	epochs	2.0
1667.1157682046326	0.04344100000002982	epochs	3.0
1667.1592092046326	0.04301069999996798	epochs	3.0
1667.2022199046326	0.08476429999996071	epochs	2.0
1667.2022199046326	0.04258899999990717	epochs	3.0
1667.2448089046325	0.04217530000005354	epochs	3.0
1667.2869842046325	0.08314150000001064	epochs	2.0
1667.2869842046325	0.04176970000003166	epochs	3.0
1667.3287539046325	0.041371799999978975	epochs	3.0
1667.3701257046325	0.08157970000002024	epochs	2.0
1667.3701257046325	0.040981399999964196	epochs	3.0
1667.4111071046325	0.04059830000005604	epochs	3.0
1667.4517054046325	0.08007550000002084	epochs	2.0
1667.4517054046325	0.040222300000095856	epochs	3.0
1667.4919277046326	0.03985319999992498	epochs	3.0
1667.5317809046326	0.07862569999997504	epochs	2.0
1667.5317809046326	0.039490800000066884	epochs	3.0
1667.5712717046326	0.03913489999990816	epochs	3.0
1667.6104066046325	0.07722760000001472	epochs	2.0
1667.6104066046325	0.038785400000051595	epochs	3.0
1667.6491920046326	0.03844219999996312	epochs	3.0
1667.6876342046326	0.07587820000003376	epochs	2.0
1667.6876342046326	0.03810479999992822	epochs	3.0
1667.7257390046325	0.03777340000010554	epochs	3.0
1667.7635124046326	0.0745752000000266	epochs	2.0
1667.7635124046326	0.03744770000002973	epochs	3.0
1667.8009601046326	0.03712749999999687	epochs	3.0
1667.8380876046326	0.07331629999998768	epochs	2.0
1667.8380876046326	0.03681289999985893	epochs	3.0
1667.8749005046325	0.03650340000012875	epochs	3.0
1667.9114039046326	0.07209899999998015	epochs	2.0
1667.9114039046326	0.03619909999997617	epochs	3.0
1667.9476030046326	0.03589990000000398	epochs	3.0
1667.9835029046326	0.07092169999987163	epochs	2.0
1667.9835029046326	0.03560560000005353	epochs	3.0
1668.0191085046326	0.03531609999981811	epochs	3.0
1668.0544246046325	0.06978200000003199	epochs	2.0
1668.0544246046325	0.03503120000004856	epochs	3.0
1668.0894558046325	0.03475079999998343	epochs	3.0
1668.1242066046325	0.06867860000011206	epochs	2.0
1668.1242066046325	0.03447510000000875	epochs	3.0
1668.1586817046325	0.034203500000103304	epochs	3.0
1668.1928852046326	0.06760929999995824	epochs	2.0
1668.1928852046326	0.033936199999970995	epochs	3.0
1668.2268214046326	0.033673099999987244	epochs	3.0
1668.2604945046326	0.06657289999998284	epochs	2.0
1668.2604945046326	0.03341399999999339	epochs	3.0
1668.2939085046326	0.033158899999989444	epochs	3.0
1668.3270674046325	0.06556780000005347	epochs	2.0
1668.3270674046325	0.03290770000012344	epochs	3.0
1668.3599751046327	0.032660099999930026	epochs	3.0
1668.3926352046326	0.06459259999996902	epochs	2.0
1668.3926352046326	0.03241639999987456	epochs	3.0
1668.4250516046325	0.03217620000009447	epochs	3.0
1668.4572278046326	0.06364600000006249	epochs	2.0
1668.4572278046326	0.03193959999998697	epochs	3.0
1668.4891674046326	0.03170640000007552	epochs	3.0
1668.5208738046326	0.0627266999999847	epochs	2.0
1668.5208738046326	0.031476599999905375	epochs	3.0
1668.5523504046325	0.03125010000007933	epochs	3.0
1668.5836005046326	0.06183359999999993	epochs	2.0
1668.5836005046326	0.03102689999991526	epochs	3.0
1668.6146274046325	0.030806700000084675	epochs	3.0
1668.6454341046326	0.060965599999917686	epochs	2.0
1668.6454341046326	0.030589799999916067	epochs	3.0
1668.6760239046325	0.030375800000001618	epochs	3.0
1668.7063997046325	0.06012160000000222	epochs	2.0
1668.7063997046325	0.030164900000045236	epochs	3.0
1668.7365646046326	0.02995669999995698	epochs	3.0
1668.7665213046325	0.05930069999999432	epochs	2.0
1668.7665213046325	0.029751600000054168	epochs	3.0
1668.7962729046326	0.029549099999940154	epochs	3.0
1668.8258220046325	0.05850179999993088	epochs	2.0
1668.8258220046325	0.02934940000000097	epochs	3.0
1668.8551714046325	0.029152399999929912	epochs	3.0
1668.8843238046325	0.05772420000016609	epochs	2.0
1668.8843238046325	0.028958000000102402	epochs	3.0
1668.9132818046326	0.02876620000006369	epochs	3.0
1668.9420480046326	0.056967099999837956	epochs	2.0
1668.9420480046326	0.028577000000041153	epochs	3.0
1668.9706250046327	0.028390099999796803	epochs	3.0
1668.9990151046325	0.05622950000019955	epochs	2.0
1668.9990151046325	0.02820570000017142	epochs	3.0
1669.0272208046326	0.028023800000028132	epochs	3.0
1669.0552446046327	0.05551070000001346	epochs	2.0
1669.0552446046327	0.027843999999959124	epochs	3.0
1669.0830886046326	0.027666700000054334	epochs	3.0
1669.1107553046327	0.05481019999979253	epochs	2.0
1669.1107553046327	0.02749149999999645	epochs	3.0
1669.1382468046327	0.02731869999979608	epochs	3.0
1669.1655655046325	0.05412700000010773	epochs	2.0
1669.1655655046325	0.027147800000193456	epochs	3.0
1669.1927133046327	0.026979199999914272	epochs	3.0
1669.2196925046326	0.053460699999959616	epochs	2.0
1669.2196925046326	0.026812600000084785	epochs	3.0
1669.2465051046327	0.02664809999987483	epochs	3.0
1669.2731532046325	0.05281070000000909	epochs	2.0
1669.2731532046325	0.026485600000114573	epochs	3.0
1669.2996388046327	0.02632509999989452	epochs	3.0
1669.3259639046325	0.05217620000007628	epochs	2.0
1669.3259639046325	0.026166399999965506	epochs	3.0
1669.3521303046325	0.026009800000110772	epochs	3.0
1669.3781401046326	0.051556699999991906	epochs	2.0
1669.3781401046326	0.025854799999933675	epochs	3.0
1669.4039949046326	0.02570190000005823	epochs	3.0
1669.4296968046326	0.05095189999997274	epochs	2.0
1669.4296968046326	0.025550699999939752	epochs	3.0
1669.4552475046326	0.025401200000032986	epochs	3.0
1669.4806487046326	0.05036100000006627	epochs	2.0
1669.4806487046326	0.025253499999962514	epochs	3.0
1669.5059022046325	0.025107500000103755	epochs	3.0
1669.5310097046327	0.04978379999988647	epochs	2.0
1669.5310097046327	0.02496320000000196	epochs	3.0
1669.5559729046327	0.024820599999884507	epochs	3.0
1669.5807935046325	0.04921949999993558	epochs	2.0
1669.5807935046325	0.024679399999968155	epochs	3.0
1669.6054729046325	0.024540099999967424	epochs	3.0
1669.6300130046325	0.04866790000005494	epochs	2.0
1669.6300130046325	0.024402100000088467	epochs	3.0
1669.6544151046326	0.024265799999966475	epochs	3.0
1669.6786809046325	0.048128599999927246	epochs	2.0
1669.6786809046325	0.024131000000124914	epochs	3.0
1669.7028119046327	0.023997599999802333	epochs	3.0
1669.7268095046325	0.047601100000065344	epochs	2.0
1669.7268095046325	0.023865800000066884	epochs	3.0
1669.7506753046325	0.02373529999999846	epochs	3.0
1669.7744106046325	0.04708500000015192	epochs	2.0
1669.7744106046325	0.023606299999983094	epochs	3.0
1669.7980169046325	0.02347870000016883	epochs	3.0
1669.8214956046327	0.046579999999948996	epochs	2.0
1669.8214956046327	0.023352499999873544	epochs	3.0
1669.8448481046325	0.02322750000007545	epochs	3.0
1669.8680756046326	0.046085700000048746	epochs	2.0
1669.8680756046326	0.02310399999987567	epochs	3.0
1669.8911796046325	0.022981700000173078	epochs	3.0
1669.9141613046327	0.045601799999985815	epochs	2.0
1669.9141613046327	0.02286069999991014	epochs	3.0
1669.9370220046326	0.022741100000075676	epochs	3.0
1669.9597631046327	0.045127899999897636	epochs	2.0
1669.9597631046327	0.022622499999897627	epochs	3.0
1669.9823856046326	0.02250540000000001	epochs	3.0
1670.0048910046326	0.0446638000000803	epochs	2.0
1670.0048910046326	0.02238929999998618	epochs	3.0
1670.0272803046325	0.022274500000094122	epochs	3.0
1670.0495548046326	0.044209199999841076	epochs	2.0
1670.0495548046326	0.022160799999937808	epochs	3.0
1670.0717156046326	0.022048399999903268	epochs	3.0
1670.0937640046325	0.04376360000014756	epochs	2.0
1670.0937640046325	0.021936900000127935	epochs	3.0
1670.1157009046326	0.021826700000019628	epochs	3.0
1670.1375276046326	0.04332709999994222	epochs	2.0
1670.1375276046326	0.021717599999874437	epochs	3.0
1670.1592452046325	0.021609500000067783	epochs	3.0
1670.1808547046326	0.04289900000003399	epochs	2.0
1670.1808547046326	0.02150249999999687	epochs	3.0
1670.2023572046326	0.021396500000037122	epochs	3.0
1670.2237537046326	0.04247949999989942	epochs	2.0
1670.2237537046326	0.021291699999892444	epochs	3.0
1670.2450454046325	0.021187800000006973	epochs	3.0
1670.2662332046325	0.04206790000012006	epochs	2.0
1670.2662332046325	0.02108490000000529	epochs	3.0
1670.2873181046325	0.02098300000011477	epochs	3.0
1670.3083011046326	0.04166439999994509	epochs	2.0
1670.3083011046326	0.020882199999959994	epochs	3.0
1670.3291833046326	0.020782199999985096	epochs	3.0
1670.3499655046326	0.04126850000011473	epochs	2.0
1670.3499655046326	0.020683299999973315	epochs	3.0
1670.3706488046325	0.020585200000141413	epochs	3.0
1670.3912340046327	0.0408799999997882	epochs	2.0
1670.3912340046327	0.020488099999965925	epochs	3.0
1670.4117221046326	0.02039189999982227	epochs	3.0
1670.4321140046325	0.04049880000002304	epochs	2.0
1670.4321140046325	0.0202966000001652	epochs	3.0
1670.4524106046326	0.02020219999985784	epochs	3.0
1670.4726128046325	0.04012460000012652	epochs	2.0
1670.4726128046325	0.02010870000003706	epochs	3.0
1670.4927215046325	0.02001590000008946	epochs	3.0
1670.5127374046326	0.03975730000001931	epochs	2.0
1670.5127374046326	0.0199241999998776	epochs	3.0
1670.5326616046325	0.019833100000141712	epochs	3.0
1670.5524947046326	0.03939669999999751	epochs	2.0
1670.5524947046326	0.019742999999834865	epochs	3.0
1670.5722377046325	0.019653700000162644	epochs	3.0
1670.5918914046326	0.03904239999997117	epochs	2.0
1670.5918914046326	0.019565099999908853	epochs	3.0
1670.6114565046325	0.019477300000062314	epochs	3.0
1670.6309338046326	0.03869459999987157	epochs	2.0
1670.6309338046326	0.019390400000020236	epochs	3.0
1670.6503242046326	0.019304199999851335	epochs	3.0
1670.6696284046325	0.03835290000006353	epochs	2.0
1670.6696284046325	0.019218800000089686	epochs	3.0
1670.6888472046326	0.01913409999997384	epochs	3.0
1670.7079813046325	0.03801720000001296	epochs	2.0
1670.7079813046325	0.019050200000037876	epochs	3.0
1670.7270315046326	0.018966999999975087	epochs	3.0
1670.7459985046326	0.03768719999993664	epochs	2.0
1670.7459985046326	0.01888450000001285	epochs	3.0
1670.7648830046326	0.01880269999992379	epochs	3.0
1670.7836857046325	0.03736309999999321	epochs	2.0
1670.7836857046325	0.018721700000014607	epochs	3.0
1670.8024074046325	0.018641399999978603	epochs	3.0
1670.8210488046325	0.037044300000161456	epochs	2.0
1670.8210488046325	0.018561600000111866	epochs	3.0
1670.8396104046326	0.01848270000004959	epochs	3.0
1670.8580931046326	0.03673099999991791	epochs	2.0
1670.8580931046326	0.018404299999929208	epochs	3.0
1670.8764974046326	0.018326699999988705	epochs	3.0
1670.8948241046326	0.03642289999993409	epochs	2.0
1670.8948241046326	0.018249599999990096	epochs	3.0
1670.9130737046326	0.018173299999943993	epochs	3.0
1670.9312470046325	0.03612010000006194	epochs	2.0
1670.9312470046325	0.018097600000146485	epochs	3.0
1670.9493446046326	0.018022499999915453	epochs	3.0
1670.9673671046326	0.03582209999990482	epochs	2.0
1670.9673671046326	0.017947900000081063	epochs	3.0
1670.9853150046326	0.01787419999982376	epochs	3.0
1671.0031892046325	0.03552899999999681	epochs	2.0
1671.0031892046325	0.017800800000031813	epochs	3.0
1671.0209900046325	0.017728199999965	epochs	3.0
1671.0387182046325	0.03524070000003121	epochs	2.0
1671.0387182046325	0.017656100000067454	epochs	3.0
1671.0563743046325	0.017584599999963757	epochs	3.0
1671.0739589046325	0.03495710000015606	epochs	2.0
1671.0739589046325	0.017513700000108656	epochs	3.0
1671.0914726046326	0.017443400000047404	epochs	3.0
1671.1089160046326	0.034677899999906	epochs	2.0
1671.1089160046326	0.017373599999928047	epochs	3.0
1671.1262896046326	0.017304299999977957	epochs	3.0
1671.1435939046326	0.03440330000012182	epochs	2.0
1671.1435939046326	0.017235699999901044	epochs	3.0
1671.1608296046325	0.017167600000220773	epochs	3.0
1671.1779972046327	0.03413279999995211	epochs	2.0
1671.1779972046327	0.01709989999994832	epochs	3.0
1671.1950971046326	0.017032900000003792	epochs	3.0
1671.2121300046326	0.03386669999986225	epochs	2.0
1671.2121300046326	0.01696640000000116	epochs	3.0
1671.2290964046326	0.01690029999986109	epochs	3.0
1671.2459967046325	0.03360459999998966	epochs	2.0
1671.2459967046325	0.01683479999996962	epochs	3.0
1671.2628315046325	0.01676980000002004	epochs	3.0
1671.2796013046325	0.0333466000001863	epochs	2.0
1671.2796013046325	0.016705300000012357	epochs	3.0
1671.2963066046325	0.016641300000173942	epochs	3.0
1671.3129479046327	0.033092499999838765	epochs	2.0
1671.3129479046327	0.016577799999822673	epochs	3.0
1671.3295257046325	0.01651470000001609	epochs	3.0
1671.3460404046325	0.032842300000083924	epochs	2.0
1671.3460404046325	0.01645220000000336	epochs	3.0
1671.3624926046325	0.016390100000080565	epochs	3.0
1671.3788827046326	0.03259570000000167	epochs	2.0
1671.3788827046326	0.016328400000020338	epochs	3.0
1671.3952111046326	0.016267299999981333	epochs	3.0
1671.4114784046326	0.032352899999978035	epochs	2.0
1671.4114784046326	0.016206600000032267	epochs	3.0
1671.4276850046326	0.016146299999945768	epochs	3.0
1671.4438313046326	0.032113700000081735	epochs	2.0
1671.4438313046326	0.016086600000107865	epochs	3.0
1671.4599179046327	0.01602709999997387	epochs	3.0
1671.4759450046326	0.03187800000000607	epochs	2.0
1671.4759450046326	0.0159681999998611	epochs	3.0
1671.4919132046325	0.01590980000014497	epochs	3.0
1671.5078230046327	0.03164569999989908	epochs	2.0
1671.5078230046327	0.015851599999905375	epochs	3.0
1671.5236746046326	0.015794099999993705	epochs	3.0
1671.5394687046326	0.031416699999908815	epochs	2.0
1671.5394687046326	0.01573669999993399	epochs	3.0
1671.5552054046325	0.015679999999974825	epochs	3.0
1671.5708854046325	0.031191100000114602	epochs	2.0
1671.5708854046325	0.015623600000026272	epochs	3.0
1671.5865090046325	0.01556750000008833	epochs	3.0
1671.6020765046326	0.030968699999903038	epochs	2.0
1671.6020765046326	0.015511999999944237	epochs	3.0
1671.6175885046325	0.0154566999999588	epochs	3.0
1671.6330452046325	0.030749500000183616	epochs	2.0
1671.6330452046325	0.015401999999994587	epochs	3.0
1671.6484472046325	0.01534750000018903	epochs	3.0
1671.6637947046327	0.030533199999808858	epochs	2.0
1671.6637947046327	0.015293400000018664	epochs	3.0
1671.6790881046327	0.015239799999790193	epochs	3.0
1671.6943279046325	0.030320100000153616	epochs	2.0
1671.6943279046325	0.015186500000027081	epochs	3.0
1671.7095144046325	0.015133600000126535	epochs	3.0
1671.7246480046326	0.030109899999843037	epochs	2.0
1671.7246480046326	0.015081000000009226	epochs	3.0
1671.7397290046326	0.015028899999833811	epochs	3.0
1671.7547579046325	0.029902500000162036	epochs	2.0
1671.7547579046325	0.014977000000044427	epochs	3.0
1671.7697349046325	0.014925500000117609	epochs	3.0
1671.7846604046326	0.029698099999905025	epochs	2.0
1671.7846604046326	0.014874399999825982	epochs	3.0
1671.7995348046325	0.014823700000079043	epochs	3.0
1671.8143585046325	0.029496300000118936	epochs	2.0
1671.8143585046325	0.014773200000036013	epochs	3.0
1671.8291317046326	0.014723100000082923	epochs	3.0
1671.8438548046327	0.029297399999904883	epochs	2.0
1671.8438548046327	0.014673399999992398	epochs	3.0
1671.8585282046326	0.014623999999912485	epochs	3.0
1671.8731522046326	0.029101099999934377	epochs	2.0
1671.8731522046326	0.014574900000070556	epochs	3.0
1671.8877271046326	0.01452619999986382	epochs	3.0
1671.9022533046325	0.028907399999980044	epochs	2.0
1671.9022533046325	0.014477700000043114	epochs	3.0
1671.9167310046325	0.014429699999936929	epochs	3.0
1671.9311607046325	0.02871620000018993	epochs	2.0
1671.9311607046325	0.014381800000137446	epochs	3.0
1671.9455425046326	0.014334400000052483	epochs	3.0
1671.9598769046327	0.02852759999996124	epochs	2.0
1671.9598769046327	0.014287199999898803	epochs	3.0
1671.9741641046326	0.014240400000062436	epochs	3.0
1671.9884045046326	0.028341400000044814	epochs	2.0
1671.9884045046326	0.014193799999929979	epochs	3.0
1672.0025983046326	0.014147600000114835	epochs	3.0
1672.0167459046327	0.02815769999983786	epochs	2.0
1672.0167459046327	0.014101699999855555	epochs	3.0
1672.0308476046325	0.014055999999982305	epochs	3.0
1672.0449036046325	0.027976300000091214	epochs	2.0
1672.0449036046325	0.014010600000119666	epochs	3.0
1672.0589142046326	0.013965699999971548	epochs	3.0
1672.0728799046326	0.027797199999895383	epochs	2.0
1672.0728799046326	0.013920800000050804	epochs	3.0
1672.0868007046327	0.01387639999984458	epochs	3.0
1672.1006771046325	0.02762040000015986	epochs	2.0
1672.1006771046325	0.013832200000024386	epochs	3.0
1672.1145093046325	0.013788200000135475	epochs	3.0
1672.1282975046327	0.027445899999975154	epochs	2.0
1672.1282975046327	0.013744599999881757	epochs	3.0
1672.1420421046325	0.013701300000093397	epochs	3.0
1672.1557434046326	0.027273499999864725	epochs	2.0
1672.1557434046326	0.013658200000008947	epochs	3.0
1672.1694016046326	0.013615299999855779	epochs	3.0
1672.1830169046325	0.027103399999987232	epochs	2.0
1672.1830169046325	0.013572800000019924	epochs	3.0
1672.1965897046325	0.013530599999967308	epochs	3.0
1672.2101203046325	0.02693520000002536	epochs	2.0
1672.2101203046325	0.013488400000142065	epochs	3.0
1672.2236087046326	0.013446799999883297	epochs	3.0
1672.2370555046325	0.026769199999989723	epochs	2.0
1672.2370555046325	0.013405200000079276	epochs	3.0
1672.2504607046326	0.013363999999910448	epochs	3.0
1672.2638247046325	0.02660520000017641	epochs	2.0
1672.2638247046325	0.013322900000048321	epochs	3.0
1672.2771476046325	0.013282300000128089	epochs	3.0
1672.2904299046327	0.0264431999999033	epochs	2.0
1672.2904299046327	0.013241699999980483	epochs	3.0
1672.3036716046327	0.013201499999922817	epochs	3.0
1672.3168731046326	0.026283200000079887	epochs	2.0
1672.3168731046326	0.013161500000023807	epochs	3.0
1672.3300346046326	0.01312170000005608	epochs	3.0
1672.3431563046327	0.026124999999865395	epochs	2.0
1672.3431563046327	0.013082100000019636	epochs	3.0
1672.3562384046327	0.013042899999845758	epochs	3.0
1672.3692813046325	0.025968899999952555	epochs	2.0
1672.3692813046325	0.01300390000005791	epochs	3.0
1672.3822852046326	0.012964999999894644	epochs	3.0
1672.3952502046325	0.025814500000024054	epochs	2.0
1672.3952502046325	0.012926400000196736	epochs	3.0
1672.4081766046327	0.012888099999827318	epochs	3.0
1672.4210647046325	0.02566190000015922	epochs	2.0
1672.4210647046325	0.012849899999991976	epochs	3.0
1672.4339146046325	0.012812000000167245	epochs	3.0
1672.4467266046327	0.025511199999982637	epochs	2.0
1672.4467266046327	0.012774399999898378	epochs	3.0
1672.4595010046326	0.012736800000084258	epochs	3.0
1672.4722378046326	0.02536229999986972	epochs	2.0
1672.4722378046326	0.01269969999998466	epochs	3.0
1672.4849375046326	0.01266259999988506	epochs	3.0
1672.4976001046325	0.02521500000011656	epochs	2.0
1672.4976001046325	0.012625800000023446	epochs	3.0
1672.5102259046325	0.012589200000093115	epochs	3.0
1672.5228151046326	0.024584799999956886	epochs	2.0
1672.5462637046326	0.5	epochs	-1.0
1672.5473999046326	0.5268799999998919	epochs	1.0
1673.0742799046325	0.4730400000000827	epochs	0.0
1674.0680003166199	0.07240000000001601	epochs	0.0
1674.0680003166199	0.031204399999978705	epochs	1.0
1674.0992047166199	0.009991200000058598	epochs	1.0
1674.10919591662	0.031204399999978705	epochs	1.0
1674.14040031662	2.0	epochs	0.0
1676.14040031662	5.38704000000007	epochs	0.0
1676.14040031662	1.0	epochs	1.0
1676.1404641166198	0.5	epochs	-1.0
1676.6404641166198	4.886976200000163	epochs	-1.0
1677.14040031662	4.38704000000007	epochs	1.0
1677.14040031662	4.356753900000058	epochs	-1.0
1677.14040031662	1.9745872000000873	epochs	2.0
1677.14040031662	1.0985622000000603	epochs	3.0
1678.23896251662	0.8760250000000269	epochs	3.0
1679.11498751662	1.3524074999997993	epochs	2.0
1679.11498751662	0.7286354999998821	epochs	3.0
1679.8436230166199	0.6237719999999172	epochs	3.0
1680.4673950166198	1.0297592000001714	epochs	2.0
1680.4673950166198	0.5453293000000485	epochs	3.0
1681.0127243166198	0.48442990000012287	epochs	3.0
1681.49715421662	0.030286100000012084	epochs	2.0
1681.49715421662	0.030286100000012084	epochs	3.0
1681.52744031662	16.612879999999905	epochs	0.0
1698.005000114441	0.07240000000001601	epochs	0.0
1698.005000114441	0.031204399999978705	epochs	1.0
1698.036204514441	0.009991200000058598	epochs	1.0
1698.046195714441	0.031204399999978705	epochs	1.0
1698.077400114441	0.2299199999999928	epochs	0.0
1698.077400114441	0.049999999999954525	epochs	1.0
1698.127400114441	0.009999999999990905	epochs	1.0
1698.1374001144409	0.049999999999954525	epochs	1.0
1698.1874001144408	0.009999999999990905	epochs	1.0
1698.1974001144408	0.0500000000001819	epochs	1.0
1698.247400114441	0.009999999999990905	epochs	1.0
1698.257400114441	0.04991999999992913	epochs	1.0
